id_interne_plant,date,longueur,largeur,superficie,note
2419,2017-05-15,105.61,95.58,10094.2038,Condition normale pour la saison.
2419,2017-06-15,67.76,73.87,5005.4312,Condition normale pour la saison.
2419,2017-07-15,80.63,58.94,4752.3322,Légère variabilité observée.
2419,2017-08-15,155.64,168.42,26212.8888,Condition normale pour la saison.
2419,2017-09-15,109.12,61.01,6657.4112,Condition normale pour la saison.
2419,2017-10-15,177.82,66.20,11771.6840,Rien à signaler.
2249,2017-05-15,73.96,148.49,10982.3204,Condition normale pour la saison.
2249,2017-06-15,52.27,109.81,5739.7687,Condition normale pour la saison.
2249,2017-07-15,196.27,170.35,33434.5945,Condition normale pour la saison.
2249,2017-08-15,77.69,111.47,8660.1043,Condition normale pour la saison.
2249,2017-09-15,199.91,73.30,14653.4030,Condition normale pour la saison.
2249,2017-10-15,121.33,64.79,7860.9707,Rien à signaler.
2417,2017-05-15,111.05,91.05,10111.1025,Rien à signaler.
2417,2017-06-15,53.72,138.42,7435.9224,Rien à signaler.
2417,2017-07-15,65.69,86.00,5649.3400,Rien à signaler.
2417,2017-08-15,104.61,192.84,20172.9924,Condition normale pour la saison.
2417,2017-09-15,144.45,150.22,21699.2790,Condition normale pour la saison.
2417,2017-10-15,148.19,84.73,12556.1387,Légère variabilité observée.
2135,2017-05-15,142.38,178.66,25437.6108,Condition normale pour la saison.
2135,2017-06-15,177.81,55.84,9928.9104,Condition normale pour la saison.
2135,2017-07-15,59.63,144.14,8595.0682,Légère variabilité observée.
2135,2017-08-15,113.93,156.13,17787.8909,Condition normale pour la saison.
2135,2017-09-15,116.99,168.29,19688.2471,Légère variabilité observée.
2135,2017-10-15,130.88,122.56,16040.6528,Condition normale pour la saison.
2349,2017-05-15,124.29,80.69,10028.9601,Rien à signaler.
2349,2017-06-15,80.48,52.68,4239.6864,Légère variabilité observée.
2349,2017-07-15,133.39,189.07,25220.0473,Rien à signaler.
2349,2017-08-15,53.45,171.34,9158.1230,Condition normale pour la saison.
2349,2017-09-15,75.49,163.06,12309.3994,Légère variabilité observée.
2349,2017-10-15,85.04,189.11,16081.9144,Condition normale pour la saison.
1906,2017-05-15,89.31,60.78,5428.2618,Légère variabilité observée.
1906,2017-06-15,136.52,159.98,21840.4696,Condition normale pour la saison.
1906,2017-07-15,98.25,86.74,8522.2050,Rien à signaler.
1906,2017-08-15,115.29,137.02,15797.0358,Légère variabilité observée.
1906,2017-09-15,130.25,189.84,24726.6600,Condition normale pour la saison.
1906,2017-10-15,128.20,117.70,15089.1400,Rien à signaler.
1910,2017-05-15,189.55,62.10,11771.0550,Rien à signaler.
1910,2017-06-15,60.16,163.46,9833.7536,Condition normale pour la saison.
1910,2017-07-15,52.46,65.89,3456.5894,Légère variabilité observée.
1910,2017-08-15,162.87,132.10,21515.1270,Condition normale pour la saison.
1910,2017-09-15,137.54,108.37,14905.2098,Rien à signaler.
1910,2017-10-15,76.80,183.77,14113.5360,Condition normale pour la saison.
1802,2017-05-15,96.95,94.27,9139.4765,Condition normale pour la saison.
1802,2017-06-15,145.88,132.94,19393.2872,Légère variabilité observée.
1802,2017-07-15,120.34,83.96,10103.7464,Légère variabilité observée.
1802,2017-08-15,171.98,189.84,32648.6832,Condition normale pour la saison.
1802,2017-09-15,124.02,92.88,11518.9776,Rien à signaler.
1802,2017-10-15,56.99,133.59,7613.2941,Légère variabilité observée.
2437,2017-05-15,62.56,193.75,12121.0000,Condition normale pour la saison.
2437,2017-06-15,87.28,192.55,16805.7640,Condition normale pour la saison.
2437,2017-07-15,194.83,169.36,32996.4088,Condition normale pour la saison.
2437,2017-08-15,59.59,199.39,11881.6501,Rien à signaler.
2437,2017-09-15,124.10,131.05,16263.3050,Condition normale pour la saison.
2437,2017-10-15,130.16,70.11,9125.5176,Condition normale pour la saison.
1982,2017-05-15,108.89,66.71,7264.0519,Condition normale pour la saison.
1982,2017-06-15,108.55,141.77,15389.1335,Condition normale pour la saison.
1982,2017-07-15,103.94,167.93,17454.6442,Légère variabilité observée.
1982,2017-08-15,94.74,131.93,12499.0482,Légère variabilité observée.
1982,2017-09-15,94.67,166.65,15776.7555,Légère variabilité observée.
1982,2017-10-15,138.90,170.05,23619.9450,Condition normale pour la saison.
1822,2017-05-15,61.57,183.80,11316.5660,Condition normale pour la saison.
1822,2017-06-15,168.87,126.58,21375.5646,Condition normale pour la saison.
1822,2017-07-15,149.86,163.86,24556.0596,Rien à signaler.
1822,2017-08-15,54.66,76.67,4190.7822,Rien à signaler.
1822,2017-09-15,139.00,144.19,20042.4100,Légère variabilité observée.
1822,2017-10-15,100.04,183.54,18361.3416,Condition normale pour la saison.
1884,2017-05-15,85.29,59.65,5087.5485,Légère variabilité observée.
1884,2017-06-15,54.29,158.87,8625.0523,Rien à signaler.
1884,2017-07-15,145.92,191.71,27974.3232,Rien à signaler.
1884,2017-08-15,119.92,99.24,11900.8608,Condition normale pour la saison.
1884,2017-09-15,151.57,176.92,26815.7644,Rien à signaler.
1884,2017-10-15,170.83,89.48,15285.8684,Condition normale pour la saison.
2322,2017-05-15,188.12,108.35,20382.8020,Rien à signaler.
2322,2017-06-15,187.77,111.67,20968.2759,Légère variabilité observée.
2322,2017-07-15,119.08,56.34,6708.9672,Rien à signaler.
2322,2017-08-15,195.95,82.02,16071.8190,Rien à signaler.
2322,2017-09-15,106.63,77.02,8212.6426,Condition normale pour la saison.
2322,2017-10-15,158.20,194.83,30822.1060,Condition normale pour la saison.
1969,2017-05-15,87.16,83.59,7285.7044,Condition normale pour la saison.
1969,2017-06-15,186.41,77.69,14482.1929,Condition normale pour la saison.
1969,2017-07-15,69.70,190.41,13271.5770,Légère variabilité observée.
1969,2017-08-15,68.44,88.35,6046.6740,Rien à signaler.
1969,2017-09-15,77.80,152.36,11853.6080,Condition normale pour la saison.
1969,2017-10-15,157.44,167.26,26333.4144,Rien à signaler.
1851,2017-05-15,84.67,151.37,12816.4979,Condition normale pour la saison.
1851,2017-06-15,58.51,158.04,9246.9204,Condition normale pour la saison.
1851,2017-07-15,141.88,65.81,9337.1228,Légère variabilité observée.
1851,2017-08-15,107.96,170.50,18407.1800,Condition normale pour la saison.
1851,2017-09-15,52.20,80.88,4221.9360,Condition normale pour la saison.
1851,2017-10-15,143.67,81.71,11739.2757,Légère variabilité observée.
1914,2017-05-15,121.27,134.08,16259.8816,Condition normale pour la saison.
1914,2017-06-15,116.57,160.66,18728.1362,Condition normale pour la saison.
1914,2017-07-15,54.51,145.53,7932.8403,Rien à signaler.
1914,2017-08-15,153.19,138.79,21261.2401,Légère variabilité observée.
1914,2017-09-15,84.29,146.13,12317.2977,Condition normale pour la saison.
1914,2017-10-15,91.63,65.79,6028.3377,Condition normale pour la saison.
2429,2017-05-15,112.06,197.18,22095.9908,Légère variabilité observée.
2429,2017-06-15,63.66,58.92,3750.8472,Condition normale pour la saison.
2429,2017-07-15,84.55,152.90,12927.6950,Légère variabilité observée.
2429,2017-08-15,99.33,191.86,19057.4538,Légère variabilité observée.
2429,2017-09-15,173.15,91.75,15886.5125,Condition normale pour la saison.
2429,2017-10-15,153.77,87.76,13494.8552,Condition normale pour la saison.
2122,2017-05-15,166.80,98.92,16499.8560,Légère variabilité observée.
2122,2017-06-15,130.54,162.45,21206.2230,Condition normale pour la saison.
2122,2017-07-15,171.13,94.40,16154.6720,Condition normale pour la saison.
2122,2017-08-15,109.83,130.63,14347.0929,Légère variabilité observée.
2122,2017-09-15,114.62,95.28,10920.9936,Rien à signaler.
2122,2017-10-15,129.48,172.13,22287.3924,Légère variabilité observée.
2102,2017-05-15,110.61,101.29,11203.6869,Légère variabilité observée.
2102,2017-06-15,73.03,116.26,8490.4678,Légère variabilité observée.
2102,2017-07-15,199.71,99.39,19849.1769,Rien à signaler.
2102,2017-08-15,99.70,193.68,19309.8960,Condition normale pour la saison.
2102,2017-09-15,111.95,130.51,14610.5945,Condition normale pour la saison.
2102,2017-10-15,97.58,199.15,19433.0570,Condition normale pour la saison.
2390,2017-05-15,66.13,175.11,11580.0243,Condition normale pour la saison.
2390,2017-06-15,64.45,192.37,12398.2465,Condition normale pour la saison.
2390,2017-07-15,86.31,97.91,8450.6121,Condition normale pour la saison.
2390,2017-08-15,147.20,127.59,18781.2480,Légère variabilité observée.
2390,2017-09-15,197.39,137.86,27212.1854,Condition normale pour la saison.
2390,2017-10-15,187.03,99.17,18547.7651,Condition normale pour la saison.
2352,2017-05-15,125.64,89.92,11297.5488,Rien à signaler.
2352,2017-06-15,159.69,161.97,25864.9893,Légère variabilité observée.
2352,2017-07-15,143.72,84.63,12163.0236,Rien à signaler.
2352,2017-08-15,79.65,51.34,4089.2310,Condition normale pour la saison.
2352,2017-09-15,165.36,60.15,9946.4040,Condition normale pour la saison.
2352,2017-10-15,119.80,72.45,8679.5100,Rien à signaler.
2567,2017-05-15,112.88,144.65,16328.0920,Condition normale pour la saison.
2567,2017-06-15,117.56,54.40,6395.2640,Condition normale pour la saison.
2567,2017-07-15,176.38,68.42,12067.9196,Condition normale pour la saison.
2567,2017-08-15,101.04,62.60,6325.1040,Condition normale pour la saison.
2567,2017-09-15,58.23,113.52,6610.2696,Condition normale pour la saison.
2567,2017-10-15,187.09,125.79,23534.0511,Légère variabilité observée.
2030,2017-05-15,188.56,95.27,17964.1112,Rien à signaler.
2030,2017-06-15,98.44,105.27,10362.7788,Condition normale pour la saison.
2030,2017-07-15,110.75,103.76,11491.4200,Condition normale pour la saison.
2030,2017-08-15,160.69,163.98,26349.9462,Légère variabilité observée.
2030,2017-09-15,125.34,179.89,22547.4126,Condition normale pour la saison.
2030,2017-10-15,105.36,97.75,10298.9400,Condition normale pour la saison.
2427,2017-05-15,105.90,118.08,12504.6720,Condition normale pour la saison.
2427,2017-06-15,67.72,199.03,13478.3116,Rien à signaler.
2427,2017-07-15,135.54,184.75,25041.0150,Condition normale pour la saison.
2427,2017-08-15,52.74,156.53,8255.3922,Condition normale pour la saison.
2427,2017-09-15,129.92,92.65,12037.0880,Légère variabilité observée.
2427,2017-10-15,121.87,169.19,20619.1853,Rien à signaler.
2145,2017-05-15,87.85,151.70,13326.8450,Condition normale pour la saison.
2145,2017-06-15,156.80,167.31,26234.2080,Rien à signaler.
2145,2017-07-15,67.37,123.93,8349.1641,Condition normale pour la saison.
2145,2017-08-15,133.53,184.68,24660.3204,Condition normale pour la saison.
2145,2017-09-15,82.98,164.94,13686.7212,Condition normale pour la saison.
2145,2017-10-15,101.22,93.93,9507.5946,Condition normale pour la saison.
2389,2017-05-15,78.59,101.41,7969.8119,Légère variabilité observée.
2389,2017-06-15,108.57,164.02,17807.6514,Légère variabilité observée.
2389,2017-07-15,197.54,141.52,27955.8608,Légère variabilité observée.
2389,2017-08-15,188.97,59.30,11205.9210,Condition normale pour la saison.
2389,2017-09-15,69.12,67.91,4693.9392,Rien à signaler.
2389,2017-10-15,90.05,195.25,17582.2625,Rien à signaler.
2590,2017-05-15,99.76,95.20,9497.1520,Légère variabilité observée.
2590,2017-06-15,71.82,172.99,12424.1418,Condition normale pour la saison.
2590,2017-07-15,102.22,123.02,12575.1044,Condition normale pour la saison.
2590,2017-08-15,181.52,96.92,17592.9184,Condition normale pour la saison.
2590,2017-09-15,171.86,96.97,16665.2642,Condition normale pour la saison.
2590,2017-10-15,140.74,105.48,14845.2552,Condition normale pour la saison.
2489,2017-05-15,133.40,199.17,26569.2780,Condition normale pour la saison.
2489,2017-06-15,68.56,106.28,7286.5568,Légère variabilité observée.
2489,2017-07-15,107.10,112.03,11998.4130,Condition normale pour la saison.
2489,2017-08-15,125.82,75.71,9525.8322,Rien à signaler.
2489,2017-09-15,131.07,180.52,23660.7564,Condition normale pour la saison.
2489,2017-10-15,192.80,126.52,24393.0560,Condition normale pour la saison.
2275,2017-05-15,61.39,159.38,9784.3382,Rien à signaler.
2275,2017-06-15,135.28,109.04,14750.9312,Condition normale pour la saison.
2275,2017-07-15,119.59,98.28,11753.3052,Rien à signaler.
2275,2017-08-15,132.38,122.28,16187.4264,Condition normale pour la saison.
2275,2017-09-15,158.71,92.49,14679.0879,Condition normale pour la saison.
2275,2017-10-15,61.24,198.86,12178.1864,Légère variabilité observée.
2100,2017-05-15,88.85,94.47,8393.6595,Condition normale pour la saison.
2100,2017-06-15,75.65,152.14,11509.3910,Condition normale pour la saison.
2100,2017-07-15,182.39,149.31,27232.6509,Légère variabilité observée.
2100,2017-08-15,199.52,131.24,26185.0048,Condition normale pour la saison.
2100,2017-09-15,64.75,194.61,12600.9975,Condition normale pour la saison.
2100,2017-10-15,198.42,63.20,12540.1440,Légère variabilité observée.
2086,2017-05-15,78.90,162.21,12798.3690,Condition normale pour la saison.
2086,2017-06-15,191.41,121.76,23306.0816,Rien à signaler.
2086,2017-07-15,171.30,72.98,12501.4740,Rien à signaler.
2086,2017-08-15,153.81,64.74,9957.6594,Rien à signaler.
2086,2017-09-15,126.88,111.73,14176.3024,Condition normale pour la saison.
2086,2017-10-15,182.68,170.44,31135.9792,Rien à signaler.
2434,2017-05-15,75.74,87.13,6599.2262,Condition normale pour la saison.
2434,2017-06-15,107.15,177.32,18999.8380,Condition normale pour la saison.
2434,2017-07-15,110.90,93.00,10313.7000,Condition normale pour la saison.
2434,2017-08-15,71.56,103.14,7380.6984,Condition normale pour la saison.
2434,2017-09-15,132.45,100.45,13304.6025,Légère variabilité observée.
2434,2017-10-15,110.16,158.16,17422.9056,Légère variabilité observée.
2307,2017-05-15,198.04,135.41,26816.5964,Légère variabilité observée.
2307,2017-06-15,178.69,96.12,17175.6828,Condition normale pour la saison.
2307,2017-07-15,181.65,68.64,12468.4560,Rien à signaler.
2307,2017-08-15,68.71,127.84,8783.8864,Rien à signaler.
2307,2017-09-15,153.85,151.79,23352.8915,Légère variabilité observée.
2307,2017-10-15,170.70,69.74,11904.6180,Condition normale pour la saison.
1831,2017-05-15,106.16,140.25,14888.9400,Condition normale pour la saison.
1831,2017-06-15,180.75,95.06,17182.0950,Condition normale pour la saison.
1831,2017-07-15,61.16,180.94,11066.2904,Condition normale pour la saison.
1831,2017-08-15,166.32,187.98,31264.8336,Rien à signaler.
1831,2017-09-15,62.59,104.48,6539.4032,Légère variabilité observée.
1831,2017-10-15,126.94,85.69,10877.4886,Légère variabilité observée.
2497,2017-05-15,121.64,67.54,8215.5656,Condition normale pour la saison.
2497,2017-06-15,182.98,68.86,12600.0028,Condition normale pour la saison.
2497,2017-07-15,107.44,125.14,13445.0416,Condition normale pour la saison.
2497,2017-08-15,87.05,149.81,13040.9605,Rien à signaler.
2497,2017-09-15,178.56,82.93,14807.9808,Rien à signaler.
2497,2017-10-15,51.32,186.97,9595.3004,Condition normale pour la saison.
2475,2017-05-15,132.49,109.77,14543.4273,Légère variabilité observée.
2475,2017-06-15,65.70,157.12,10322.7840,Légère variabilité observée.
2475,2017-07-15,119.72,102.03,12215.0316,Condition normale pour la saison.
2475,2017-08-15,194.21,173.63,33720.6823,Condition normale pour la saison.
2475,2017-09-15,158.79,61.76,9806.8704,Rien à signaler.
2475,2017-10-15,111.63,195.55,21829.2465,Rien à signaler.
2240,2017-05-15,187.22,86.16,16130.8752,Condition normale pour la saison.
2240,2017-06-15,139.30,129.84,18086.7120,Condition normale pour la saison.
2240,2017-07-15,156.27,114.18,17842.9086,Légère variabilité observée.
2240,2017-08-15,142.91,129.09,18448.2519,Condition normale pour la saison.
2240,2017-09-15,184.92,50.57,9351.4044,Condition normale pour la saison.
2240,2017-10-15,127.55,104.30,13303.4650,Rien à signaler.
1804,2017-05-15,146.97,175.15,25741.7955,Rien à signaler.
1804,2017-06-15,108.34,109.41,11853.4794,Condition normale pour la saison.
1804,2017-07-15,187.88,160.22,30102.1336,Condition normale pour la saison.
1804,2017-08-15,129.03,111.54,14392.0062,Légère variabilité observée.
1804,2017-09-15,109.53,176.99,19385.7147,Rien à signaler.
1804,2017-10-15,105.29,145.30,15298.6370,Condition normale pour la saison.
2518,2017-05-15,147.04,175.10,25746.7040,Légère variabilité observée.
2518,2017-06-15,91.62,70.93,6498.6066,Rien à signaler.
2518,2017-07-15,179.66,199.15,35779.2890,Condition normale pour la saison.
2518,2017-08-15,73.72,135.17,9964.7324,Condition normale pour la saison.
2518,2017-09-15,143.74,198.63,28551.0762,Rien à signaler.
2518,2017-10-15,152.49,172.61,26321.2989,Condition normale pour la saison.
2084,2017-05-15,54.00,191.20,10324.8000,Condition normale pour la saison.
2084,2017-06-15,193.06,118.65,22906.5690,Condition normale pour la saison.
2084,2017-07-15,127.64,92.25,11774.7900,Rien à signaler.
2084,2017-08-15,152.58,149.65,22833.5970,Légère variabilité observée.
2084,2017-09-15,116.17,119.63,13897.4171,Condition normale pour la saison.
2084,2017-10-15,91.40,70.57,6450.0980,Condition normale pour la saison.
1918,2017-05-15,184.89,110.95,20513.5455,Rien à signaler.
1918,2017-06-15,156.90,158.98,24943.9620,Rien à signaler.
1918,2017-07-15,198.72,188.06,37371.2832,Condition normale pour la saison.
1918,2017-08-15,184.88,194.06,35877.8128,Condition normale pour la saison.
1918,2017-09-15,198.18,177.77,35230.4586,Rien à signaler.
1918,2017-10-15,92.14,147.22,13564.8508,Condition normale pour la saison.
2029,2017-05-15,177.71,80.07,14229.2397,Légère variabilité observée.
2029,2017-06-15,68.76,78.02,5364.6552,Légère variabilité observée.
2029,2017-07-15,161.58,119.33,19281.3414,Rien à signaler.
2029,2017-08-15,186.50,73.84,13771.1600,Rien à signaler.
2029,2017-09-15,60.36,188.09,11353.1124,Condition normale pour la saison.
2029,2017-10-15,175.05,112.39,19673.8695,Condition normale pour la saison.
2526,2017-05-15,86.23,196.24,16921.7752,Condition normale pour la saison.
2526,2017-06-15,69.25,183.61,12714.9925,Légère variabilité observée.
2526,2017-07-15,85.78,88.23,7568.3694,Condition normale pour la saison.
2526,2017-08-15,56.16,185.66,10426.6656,Rien à signaler.
2526,2017-09-15,92.30,199.46,18410.1580,Rien à signaler.
2526,2017-10-15,186.51,148.33,27665.0283,Rien à signaler.
2163,2017-05-15,137.50,110.14,15144.2500,Légère variabilité observée.
2163,2017-06-15,112.17,146.09,16386.9153,Rien à signaler.
2163,2017-07-15,183.82,170.76,31389.1032,Rien à signaler.
2163,2017-08-15,182.62,198.92,36326.7704,Rien à signaler.
2163,2017-09-15,138.32,114.70,15865.3040,Condition normale pour la saison.
2163,2017-10-15,192.82,193.77,37362.7314,Condition normale pour la saison.
2208,2017-05-15,162.24,183.67,29798.6208,Condition normale pour la saison.
2208,2017-06-15,161.35,106.76,17225.7260,Condition normale pour la saison.
2208,2017-07-15,151.06,160.60,24260.2360,Légère variabilité observée.
2208,2017-08-15,98.93,161.24,15951.4732,Rien à signaler.
2208,2017-09-15,91.00,96.80,8808.8000,Rien à signaler.
2208,2017-10-15,167.82,68.70,11529.2340,Rien à signaler.
2554,2017-05-15,96.14,110.52,10625.3928,Condition normale pour la saison.
2554,2017-06-15,189.52,165.51,31367.4552,Rien à signaler.
2554,2017-07-15,169.29,88.60,14999.0940,Condition normale pour la saison.
2554,2017-08-15,89.97,158.92,14298.0324,Rien à signaler.
2554,2017-09-15,159.54,124.95,19934.5230,Rien à signaler.
2554,2017-10-15,127.33,198.28,25246.9924,Légère variabilité observée.
2162,2017-05-15,171.77,66.80,11474.2360,Rien à signaler.
2162,2017-06-15,53.72,191.21,10271.8012,Condition normale pour la saison.
2162,2017-07-15,122.66,84.99,10424.8734,Condition normale pour la saison.
2162,2017-08-15,76.87,79.94,6144.9878,Condition normale pour la saison.
2162,2017-09-15,70.77,107.83,7631.1291,Légère variabilité observée.
2162,2017-10-15,184.11,68.71,12650.1981,Condition normale pour la saison.
2285,2017-05-15,149.13,110.83,16528.0779,Condition normale pour la saison.
2285,2017-06-15,56.08,85.45,4792.0360,Rien à signaler.
2285,2017-07-15,197.25,79.12,15606.4200,Condition normale pour la saison.
2285,2017-08-15,158.66,87.26,13844.6716,Condition normale pour la saison.
2285,2017-09-15,119.77,140.20,16791.7540,Condition normale pour la saison.
2285,2017-10-15,57.53,85.45,4915.9385,Condition normale pour la saison.
1874,2017-05-15,135.62,129.04,17500.4048,Condition normale pour la saison.
1874,2017-06-15,51.95,89.80,4665.1100,Légère variabilité observée.
1874,2017-07-15,165.84,109.29,18124.6536,Condition normale pour la saison.
1874,2017-08-15,75.85,166.35,12617.6475,Condition normale pour la saison.
1874,2017-09-15,146.67,152.13,22312.9071,Rien à signaler.
1874,2017-10-15,130.93,125.75,16464.4475,Condition normale pour la saison.
1923,2017-05-15,164.37,53.56,8803.6572,Légère variabilité observée.
1923,2017-06-15,83.07,139.47,11585.7729,Légère variabilité observée.
1923,2017-07-15,103.26,105.47,10890.8322,Rien à signaler.
1923,2017-08-15,103.47,132.99,13760.4753,Condition normale pour la saison.
1923,2017-09-15,104.53,164.60,17205.6380,Condition normale pour la saison.
1923,2017-10-15,163.34,190.17,31062.3678,Condition normale pour la saison.
2236,2017-05-15,67.21,124.28,8352.8588,Légère variabilité observée.
2236,2017-06-15,186.67,152.55,28476.5085,Condition normale pour la saison.
2236,2017-07-15,65.16,133.58,8704.0728,Condition normale pour la saison.
2236,2017-08-15,115.91,122.93,14248.8163,Condition normale pour la saison.
2236,2017-09-15,132.36,53.86,7128.9096,Rien à signaler.
2236,2017-10-15,95.27,199.47,19003.5069,Légère variabilité observée.
2088,2017-05-15,141.72,166.87,23648.8164,Condition normale pour la saison.
2088,2017-06-15,178.63,128.52,22957.5276,Condition normale pour la saison.
2088,2017-07-15,91.42,62.30,5695.4660,Condition normale pour la saison.
2088,2017-08-15,144.71,193.73,28034.6683,Condition normale pour la saison.
2088,2017-09-15,74.60,57.48,4288.0080,Condition normale pour la saison.
2088,2017-10-15,76.82,93.78,7204.1796,Légère variabilité observée.
1965,2017-05-15,153.89,124.77,19200.8553,Condition normale pour la saison.
1965,2017-06-15,133.46,148.58,19829.4868,Légère variabilité observée.
1965,2017-07-15,143.97,88.73,12774.4581,Rien à signaler.
1965,2017-08-15,120.54,112.06,13507.7124,Condition normale pour la saison.
1965,2017-09-15,101.89,182.26,18570.4714,Légère variabilité observée.
1965,2017-10-15,77.77,51.02,3967.8254,Condition normale pour la saison.
1959,2017-05-15,96.13,96.32,9259.2416,Condition normale pour la saison.
1959,2017-06-15,159.73,163.90,26179.7470,Condition normale pour la saison.
1959,2017-07-15,167.73,83.19,13953.4587,Condition normale pour la saison.
1959,2017-08-15,51.77,76.79,3975.4183,Condition normale pour la saison.
1959,2017-09-15,142.39,121.97,17367.3083,Légère variabilité observée.
1959,2017-10-15,161.81,59.54,9634.1674,Légère variabilité observée.
2412,2017-05-15,99.46,157.01,15616.2146,Condition normale pour la saison.
2412,2017-06-15,82.21,191.39,15734.1719,Condition normale pour la saison.
2412,2017-07-15,103.12,87.58,9031.2496,Condition normale pour la saison.
2412,2017-08-15,129.36,59.29,7669.7544,Condition normale pour la saison.
2412,2017-09-15,68.38,186.23,12734.4074,Condition normale pour la saison.
2412,2017-10-15,79.85,74.45,5944.8325,Légère variabilité observée.
2188,2017-05-15,182.90,157.82,28865.2780,Condition normale pour la saison.
2188,2017-06-15,158.61,99.17,15729.3537,Condition normale pour la saison.
2188,2017-07-15,154.82,56.68,8775.1976,Condition normale pour la saison.
2188,2017-08-15,133.78,198.02,26491.1156,Condition normale pour la saison.
2188,2017-09-15,159.54,96.05,15323.8170,Légère variabilité observée.
2188,2017-10-15,118.94,148.97,17718.4918,Condition normale pour la saison.
1833,2017-05-15,167.67,118.31,19837.0377,Condition normale pour la saison.
1833,2017-06-15,78.80,140.13,11042.2440,Condition normale pour la saison.
1833,2017-07-15,99.70,154.66,15419.6020,Rien à signaler.
1833,2017-08-15,121.74,87.54,10657.1196,Légère variabilité observée.
1833,2017-09-15,133.03,110.59,14711.7877,Condition normale pour la saison.
1833,2017-10-15,168.95,130.56,22058.1120,Rien à signaler.
2465,2017-05-15,113.80,194.92,22181.8960,Légère variabilité observée.
2465,2017-06-15,179.33,51.79,9287.5007,Rien à signaler.
2465,2017-07-15,126.20,77.40,9767.8800,Rien à signaler.
2465,2017-08-15,186.53,161.79,30178.6887,Légère variabilité observée.
2465,2017-09-15,50.79,56.69,2879.2851,Rien à signaler.
2465,2017-10-15,157.56,183.29,28879.1724,Rien à signaler.
2500,2017-05-15,67.17,171.67,11531.0739,Légère variabilité observée.
2500,2017-06-15,164.87,183.45,30245.4015,Condition normale pour la saison.
2500,2017-07-15,175.07,148.95,26076.6765,Condition normale pour la saison.
2500,2017-08-15,155.30,171.80,26680.5400,Légère variabilité observée.
2500,2017-09-15,144.31,148.80,21473.3280,Condition normale pour la saison.
2500,2017-10-15,198.22,56.33,11165.7326,Condition normale pour la saison.
2274,2017-05-15,198.38,172.53,34226.5014,Condition normale pour la saison.
2274,2017-06-15,104.97,73.92,7759.3824,Légère variabilité observée.
2274,2017-07-15,91.26,89.85,8199.7110,Légère variabilité observée.
2274,2017-08-15,168.86,107.79,18201.4194,Condition normale pour la saison.
2274,2017-09-15,77.00,141.38,10886.2600,Rien à signaler.
2274,2017-10-15,60.45,121.01,7315.0545,Condition normale pour la saison.
1915,2017-05-15,101.92,92.59,9436.7728,Condition normale pour la saison.
1915,2017-06-15,91.91,122.43,11252.5413,Condition normale pour la saison.
1915,2017-07-15,152.68,144.05,21993.5540,Rien à signaler.
1915,2017-08-15,152.98,110.08,16840.0384,Condition normale pour la saison.
1915,2017-09-15,183.64,115.19,21153.4916,Condition normale pour la saison.
1915,2017-10-15,187.72,116.71,21908.8012,Rien à signaler.
2272,2017-05-15,61.71,182.31,11250.3501,Condition normale pour la saison.
2272,2017-06-15,129.51,54.51,7059.5901,Condition normale pour la saison.
2272,2017-07-15,150.06,111.10,16671.6660,Condition normale pour la saison.
2272,2017-08-15,149.85,72.96,10933.0560,Condition normale pour la saison.
2272,2017-09-15,123.27,194.31,23952.5937,Condition normale pour la saison.
2272,2017-10-15,131.68,163.76,21563.9168,Condition normale pour la saison.
1836,2017-05-15,56.21,168.90,9493.8690,Condition normale pour la saison.
1836,2017-06-15,80.34,156.76,12594.0984,Rien à signaler.
1836,2017-07-15,195.19,155.84,30418.4096,Condition normale pour la saison.
1836,2017-08-15,92.90,180.25,16745.2250,Condition normale pour la saison.
1836,2017-09-15,176.76,160.14,28306.3464,Condition normale pour la saison.
1836,2017-10-15,98.85,81.35,8041.4475,Rien à signaler.
2405,2017-05-15,68.99,71.57,4937.6143,Condition normale pour la saison.
2405,2017-06-15,129.63,98.89,12819.1107,Condition normale pour la saison.
2405,2017-07-15,87.71,149.86,13144.2206,Condition normale pour la saison.
2405,2017-08-15,65.33,54.19,3540.2327,Condition normale pour la saison.
2405,2017-09-15,90.19,67.52,6089.6288,Condition normale pour la saison.
2405,2017-10-15,82.24,100.69,8280.7456,Légère variabilité observée.
2015,2017-05-15,149.42,131.85,19701.0270,Condition normale pour la saison.
2015,2017-06-15,52.13,75.01,3910.2713,Rien à signaler.
2015,2017-07-15,167.73,147.84,24797.2032,Condition normale pour la saison.
2015,2017-08-15,106.56,76.12,8111.3472,Rien à signaler.
2015,2017-09-15,59.08,194.32,11480.4256,Légère variabilité observée.
2015,2017-10-15,94.90,116.11,11018.8390,Condition normale pour la saison.
2530,2017-05-15,90.57,73.17,6627.0069,Condition normale pour la saison.
2530,2017-06-15,77.38,137.46,10636.6548,Rien à signaler.
2530,2017-07-15,66.80,82.01,5478.2680,Condition normale pour la saison.
2530,2017-08-15,100.27,56.86,5701.3522,Légère variabilité observée.
2530,2017-09-15,84.94,103.83,8819.3202,Rien à signaler.
2530,2017-10-15,167.16,135.48,22646.8368,Rien à signaler.
2533,2017-05-15,58.10,190.81,11086.0610,Condition normale pour la saison.
2533,2017-06-15,124.32,86.25,10722.6000,Condition normale pour la saison.
2533,2017-07-15,137.41,97.04,13334.2664,Rien à signaler.
2533,2017-08-15,105.99,179.03,18975.3897,Rien à signaler.
2533,2017-09-15,147.67,60.28,8901.5476,Condition normale pour la saison.
2533,2017-10-15,135.22,197.64,26724.8808,Condition normale pour la saison.
2534,2017-05-15,71.61,109.62,7849.8882,Condition normale pour la saison.
2534,2017-06-15,174.72,187.08,32686.6176,Condition normale pour la saison.
2534,2017-07-15,177.59,58.22,10339.2898,Légère variabilité observée.
2534,2017-08-15,118.87,72.57,8626.3959,Condition normale pour la saison.
2534,2017-09-15,98.22,147.94,14530.6668,Condition normale pour la saison.
2534,2017-10-15,189.12,112.60,21294.9120,Condition normale pour la saison.
2311,2017-05-15,99.54,59.41,5913.6714,Rien à signaler.
2311,2017-06-15,87.93,119.84,10537.5312,Condition normale pour la saison.
2311,2017-07-15,101.40,91.59,9287.2260,Condition normale pour la saison.
2311,2017-08-15,100.21,63.48,6361.3308,Rien à signaler.
2311,2017-09-15,58.93,142.83,8416.9719,Condition normale pour la saison.
2311,2017-10-15,70.80,82.82,5863.6560,Légère variabilité observée.
2353,2017-05-15,187.64,161.87,30373.2868,Condition normale pour la saison.
2353,2017-06-15,149.19,138.30,20632.9770,Rien à signaler.
2353,2017-07-15,183.64,150.26,27593.7464,Légère variabilité observée.
2353,2017-08-15,125.44,197.74,24804.5056,Condition normale pour la saison.
2353,2017-09-15,199.37,167.15,33324.6955,Légère variabilité observée.
2353,2017-10-15,88.13,114.02,10048.5826,Condition normale pour la saison.
2178,2017-05-15,124.95,177.25,22147.3875,Condition normale pour la saison.
2178,2017-06-15,160.76,69.87,11232.3012,Condition normale pour la saison.
2178,2017-07-15,59.20,131.85,7805.5200,Légère variabilité observée.
2178,2017-08-15,92.60,85.38,7906.1880,Condition normale pour la saison.
2178,2017-09-15,103.48,168.45,17431.2060,Rien à signaler.
2178,2017-10-15,53.22,196.00,10431.1200,Condition normale pour la saison.
2143,2017-05-15,102.76,171.80,17654.1680,Condition normale pour la saison.
2143,2017-06-15,143.06,162.13,23194.3178,Condition normale pour la saison.
2143,2017-07-15,59.17,69.67,4122.3739,Condition normale pour la saison.
2143,2017-08-15,106.06,176.29,18697.3174,Légère variabilité observée.
2143,2017-09-15,67.63,179.64,12149.0532,Légère variabilité observée.
2143,2017-10-15,137.49,116.20,15976.3380,Légère variabilité observée.
1949,2017-05-15,182.43,123.20,22475.3760,Rien à signaler.
1949,2017-06-15,146.50,116.54,17073.1100,Condition normale pour la saison.
1949,2017-07-15,88.51,174.54,15448.5354,Condition normale pour la saison.
1949,2017-08-15,117.83,149.89,17661.5387,Condition normale pour la saison.
1949,2017-09-15,116.31,58.85,6844.8435,Condition normale pour la saison.
1949,2017-10-15,169.34,168.39,28515.1626,Rien à signaler.
2555,2017-05-15,133.08,79.32,10555.9056,Condition normale pour la saison.
2555,2017-06-15,141.17,53.45,7545.5365,Condition normale pour la saison.
2555,2017-07-15,59.42,60.46,3592.5332,Condition normale pour la saison.
2555,2017-08-15,70.31,159.06,11183.5086,Légère variabilité observée.
2555,2017-09-15,176.87,193.75,34268.5625,Rien à signaler.
2555,2017-10-15,162.95,152.19,24799.3605,Rien à signaler.
2045,2017-05-15,107.41,86.48,9288.8168,Rien à signaler.
2045,2017-06-15,122.78,66.44,8157.5032,Légère variabilité observée.
2045,2017-07-15,89.04,51.03,4543.7112,Rien à signaler.
2045,2017-08-15,185.42,74.68,13847.1656,Condition normale pour la saison.
2045,2017-09-15,66.36,92.25,6121.7100,Condition normale pour la saison.
2045,2017-10-15,166.43,190.66,31731.5438,Condition normale pour la saison.
2426,2017-05-15,154.33,85.28,13161.2624,Condition normale pour la saison.
2426,2017-06-15,180.27,96.19,17340.1713,Condition normale pour la saison.
2426,2017-07-15,132.74,167.42,22223.3308,Condition normale pour la saison.
2426,2017-08-15,109.00,188.57,20554.1300,Condition normale pour la saison.
2426,2017-09-15,195.81,143.35,28069.3635,Condition normale pour la saison.
2426,2017-10-15,124.96,84.01,10497.8896,Légère variabilité observée.
2432,2017-05-15,105.42,113.88,12005.2296,Condition normale pour la saison.
2432,2017-06-15,143.13,90.69,12980.4597,Rien à signaler.
2432,2017-07-15,181.50,125.21,22725.6150,Rien à signaler.
2432,2017-08-15,119.83,190.89,22874.3487,Condition normale pour la saison.
2432,2017-09-15,58.73,121.61,7142.1553,Condition normale pour la saison.
2432,2017-10-15,111.13,163.91,18215.3183,Condition normale pour la saison.
2121,2017-05-15,136.41,180.35,24601.5435,Condition normale pour la saison.
2121,2017-06-15,163.48,149.09,24373.2332,Condition normale pour la saison.
2121,2017-07-15,122.43,151.69,18571.4067,Condition normale pour la saison.
2121,2017-08-15,52.06,197.11,10261.5466,Rien à signaler.
2121,2017-09-15,72.38,177.99,12882.9162,Condition normale pour la saison.
2121,2017-10-15,192.44,89.96,17311.9024,Condition normale pour la saison.
1968,2017-05-15,74.82,156.14,11682.3948,Condition normale pour la saison.
1968,2017-06-15,165.67,106.34,17617.3478,Condition normale pour la saison.
1968,2017-07-15,54.99,108.79,5982.3621,Rien à signaler.
1968,2017-08-15,58.15,182.20,10594.9300,Condition normale pour la saison.
1968,2017-09-15,61.16,149.50,9143.4200,Condition normale pour la saison.
1968,2017-10-15,82.96,184.17,15278.7432,Rien à signaler.
2546,2017-05-15,181.57,116.64,21178.3248,Condition normale pour la saison.
2546,2017-06-15,155.01,130.37,20208.6537,Condition normale pour la saison.
2546,2017-07-15,101.87,161.72,16474.4164,Rien à signaler.
2546,2017-08-15,62.90,157.12,9882.8480,Condition normale pour la saison.
2546,2017-09-15,98.36,124.62,12257.6232,Rien à signaler.
2546,2017-10-15,105.94,168.92,17895.3848,Condition normale pour la saison.
2523,2017-05-15,102.16,50.28,5136.6048,Rien à signaler.
2523,2017-06-15,149.99,157.16,23572.4284,Rien à signaler.
2523,2017-07-15,134.66,181.94,24500.0404,Légère variabilité observée.
2523,2017-08-15,143.61,115.64,16607.0604,Condition normale pour la saison.
2523,2017-09-15,117.25,91.66,10747.1350,Légère variabilité observée.
2523,2017-10-15,103.81,108.53,11266.4993,Légère variabilité observée.
2226,2017-05-15,148.65,147.98,21997.2270,Rien à signaler.
2226,2017-06-15,195.06,113.09,22059.3354,Légère variabilité observée.
2226,2017-07-15,171.18,141.57,24233.9526,Rien à signaler.
2226,2017-08-15,107.50,162.55,17474.1250,Condition normale pour la saison.
2226,2017-09-15,84.39,147.87,12478.7493,Condition normale pour la saison.
2226,2017-10-15,141.36,168.38,23802.1968,Condition normale pour la saison.
2066,2017-05-15,171.98,98.44,16929.7112,Légère variabilité observée.
2066,2017-06-15,116.14,191.01,22183.9014,Condition normale pour la saison.
2066,2017-07-15,99.99,134.93,13491.6507,Condition normale pour la saison.
2066,2017-08-15,117.74,161.70,19038.5580,Légère variabilité observée.
2066,2017-09-15,136.97,69.04,9456.4088,Condition normale pour la saison.
2066,2017-10-15,72.67,125.37,9110.6379,Condition normale pour la saison.
2054,2017-05-15,92.67,148.86,13794.8562,Condition normale pour la saison.
2054,2017-06-15,193.80,150.70,29205.6600,Condition normale pour la saison.
2054,2017-07-15,182.12,195.89,35675.4868,Condition normale pour la saison.
2054,2017-08-15,84.90,107.13,9095.3370,Condition normale pour la saison.
2054,2017-09-15,72.18,135.75,9798.4350,Condition normale pour la saison.
2054,2017-10-15,67.42,73.23,4937.1666,Condition normale pour la saison.
2380,2017-05-15,199.51,102.18,20385.9318,Rien à signaler.
2380,2017-06-15,57.60,113.28,6524.9280,Rien à signaler.
2380,2017-07-15,162.79,87.36,14221.3344,Condition normale pour la saison.
2380,2017-08-15,64.29,76.75,4934.2575,Légère variabilité observée.
2380,2017-09-15,157.61,89.78,14150.2258,Légère variabilité observée.
2380,2017-10-15,120.38,130.34,15690.3292,Rien à signaler.
2129,2017-05-15,189.18,72.62,13738.2516,Condition normale pour la saison.
2129,2017-06-15,166.57,99.20,16523.7440,Condition normale pour la saison.
2129,2017-07-15,88.21,56.75,5005.9175,Légère variabilité observée.
2129,2017-08-15,193.21,99.72,19266.9012,Condition normale pour la saison.
2129,2017-09-15,116.00,198.88,23070.0800,Condition normale pour la saison.
2129,2017-10-15,80.81,147.93,11954.2233,Condition normale pour la saison.
2033,2017-05-15,68.58,157.81,10822.6098,Légère variabilité observée.
2033,2017-06-15,146.84,177.00,25990.6800,Condition normale pour la saison.
2033,2017-07-15,151.37,106.06,16054.3022,Condition normale pour la saison.
2033,2017-08-15,140.56,60.51,8505.2856,Condition normale pour la saison.
2033,2017-09-15,188.81,184.75,34882.6475,Rien à signaler.
2033,2017-10-15,168.00,199.04,33438.7200,Légère variabilité observée.
2165,2017-05-15,68.99,101.83,7025.2517,Condition normale pour la saison.
2165,2017-06-15,116.67,189.67,22128.7989,Condition normale pour la saison.
2165,2017-07-15,184.92,50.19,9281.1348,Condition normale pour la saison.
2165,2017-08-15,110.68,90.23,9986.6564,Légère variabilité observée.
2165,2017-09-15,123.93,185.20,22951.8360,Condition normale pour la saison.
2165,2017-10-15,124.54,116.00,14446.6400,Condition normale pour la saison.
2072,2017-05-15,101.02,176.08,17787.6016,Condition normale pour la saison.
2072,2017-06-15,155.07,113.22,17557.0254,Condition normale pour la saison.
2072,2017-07-15,176.17,77.15,13591.5155,Rien à signaler.
2072,2017-08-15,121.19,104.50,12664.3550,Condition normale pour la saison.
2072,2017-09-15,94.56,82.83,7832.4048,Rien à signaler.
2072,2017-10-15,148.92,102.69,15292.5948,Légère variabilité observée.
2357,2017-05-15,110.65,55.89,6184.2285,Légère variabilité observée.
2357,2017-06-15,77.23,144.39,11151.2397,Rien à signaler.
2357,2017-07-15,151.31,186.32,28192.0792,Rien à signaler.
2357,2017-08-15,184.94,74.52,13781.7288,Légère variabilité observée.
2357,2017-09-15,160.95,133.23,21443.3685,Rien à signaler.
2357,2017-10-15,187.65,73.92,13871.0880,Rien à signaler.
2255,2017-05-15,86.62,190.31,16484.6522,Condition normale pour la saison.
2255,2017-06-15,195.67,178.81,34987.7527,Légère variabilité observée.
2255,2017-07-15,183.93,84.74,15586.2282,Légère variabilité observée.
2255,2017-08-15,160.13,184.66,29569.6058,Condition normale pour la saison.
2255,2017-09-15,163.63,66.51,10883.0313,Légère variabilité observée.
2255,2017-10-15,57.36,192.50,11041.8000,Légère variabilité observée.
2256,2017-05-15,164.25,124.09,20381.7825,Condition normale pour la saison.
2256,2017-06-15,188.63,158.62,29920.4906,Condition normale pour la saison.
2256,2017-07-15,107.60,106.77,11488.4520,Légère variabilité observée.
2256,2017-08-15,131.33,151.34,19875.4822,Rien à signaler.
2256,2017-09-15,75.47,145.29,10965.0363,Légère variabilité observée.
2256,2017-10-15,124.73,196.34,24489.4882,Légère variabilité observée.
1967,2017-05-15,154.47,65.92,10182.6624,Condition normale pour la saison.
1967,2017-06-15,98.94,104.22,10311.5268,Condition normale pour la saison.
1967,2017-07-15,123.99,90.97,11279.3703,Condition normale pour la saison.
1967,2017-08-15,174.85,191.08,33410.3380,Condition normale pour la saison.
1967,2017-09-15,144.87,98.56,14278.3872,Légère variabilité observée.
1967,2017-10-15,93.16,105.28,9807.8848,Rien à signaler.
2334,2017-05-15,146.67,156.90,23012.5230,Condition normale pour la saison.
2334,2017-06-15,199.34,171.67,34220.6978,Légère variabilité observée.
2334,2017-07-15,197.70,60.40,11941.0800,Légère variabilité observée.
2334,2017-08-15,148.49,106.88,15870.6112,Légère variabilité observée.
2334,2017-09-15,67.31,78.13,5258.9303,Légère variabilité observée.
2334,2017-10-15,177.21,62.84,11135.8764,Condition normale pour la saison.
2424,2017-05-15,157.04,185.00,29052.4000,Légère variabilité observée.
2424,2017-06-15,66.64,156.08,10401.1712,Condition normale pour la saison.
2424,2017-07-15,160.19,144.11,23084.9809,Condition normale pour la saison.
2424,2017-08-15,126.80,80.71,10234.0280,Condition normale pour la saison.
2424,2017-09-15,112.50,87.95,9894.3750,Condition normale pour la saison.
2424,2017-10-15,77.60,195.61,15179.3360,Condition normale pour la saison.
2068,2017-05-15,167.67,149.40,25049.8980,Légère variabilité observée.
2068,2017-06-15,191.85,71.75,13765.2375,Condition normale pour la saison.
2068,2017-07-15,156.63,133.08,20844.3204,Condition normale pour la saison.
2068,2017-08-15,66.49,102.37,6806.5813,Condition normale pour la saison.
2068,2017-09-15,60.61,103.74,6287.6814,Condition normale pour la saison.
2068,2017-10-15,79.56,67.98,5408.4888,Condition normale pour la saison.
2149,2017-05-15,156.28,175.63,27447.4564,Condition normale pour la saison.
2149,2017-06-15,60.46,114.88,6945.6448,Légère variabilité observée.
2149,2017-07-15,117.07,112.68,13191.4476,Rien à signaler.
2149,2017-08-15,50.54,116.20,5872.7480,Légère variabilité observée.
2149,2017-09-15,80.18,155.13,12438.3234,Condition normale pour la saison.
2149,2017-10-15,190.85,127.48,24329.5580,Condition normale pour la saison.
2477,2017-05-15,114.56,64.13,7346.7328,Légère variabilité observée.
2477,2017-06-15,60.32,114.94,6933.1808,Condition normale pour la saison.
2477,2017-07-15,123.81,128.38,15894.7278,Rien à signaler.
2477,2017-08-15,99.97,93.62,9359.1914,Rien à signaler.
2477,2017-09-15,156.86,176.53,27690.4958,Condition normale pour la saison.
2477,2017-10-15,113.97,100.83,11491.5951,Rien à signaler.
1841,2017-05-15,159.46,152.34,24292.1364,Rien à signaler.
1841,2017-06-15,146.12,147.03,21484.0236,Condition normale pour la saison.
1841,2017-07-15,149.02,180.26,26862.3452,Condition normale pour la saison.
1841,2017-08-15,58.27,153.31,8933.3737,Rien à signaler.
1841,2017-09-15,126.62,182.99,23170.1938,Rien à signaler.
1841,2017-10-15,108.45,128.52,13937.9940,Rien à signaler.
1819,2017-05-15,146.20,130.17,19030.8540,Légère variabilité observée.
1819,2017-06-15,134.58,160.26,21567.7908,Condition normale pour la saison.
1819,2017-07-15,95.56,119.41,11410.8196,Condition normale pour la saison.
1819,2017-08-15,56.33,148.84,8384.1572,Condition normale pour la saison.
1819,2017-09-15,162.80,131.15,21351.2200,Rien à signaler.
1819,2017-10-15,147.15,163.60,24073.7400,Légère variabilité observée.
2022,2017-05-15,122.05,104.10,12705.4050,Condition normale pour la saison.
2022,2017-06-15,115.21,50.07,5768.5647,Condition normale pour la saison.
2022,2017-07-15,60.00,105.37,6322.2000,Condition normale pour la saison.
2022,2017-08-15,60.73,185.33,11255.0909,Légère variabilité observée.
2022,2017-09-15,97.13,138.66,13468.0458,Légère variabilité observée.
2022,2017-10-15,145.05,52.97,7683.2985,Condition normale pour la saison.
2328,2017-05-15,163.42,192.60,31474.6920,Condition normale pour la saison.
2328,2017-06-15,163.80,143.96,23580.6480,Condition normale pour la saison.
2328,2017-07-15,178.40,132.82,23695.0880,Rien à signaler.
2328,2017-08-15,184.67,94.74,17495.6358,Condition normale pour la saison.
2328,2017-09-15,148.42,192.44,28561.9448,Condition normale pour la saison.
2328,2017-10-15,104.72,161.79,16942.6488,Rien à signaler.
2355,2017-05-15,71.31,187.88,13397.7228,Condition normale pour la saison.
2355,2017-06-15,162.72,116.87,19017.0864,Rien à signaler.
2355,2017-07-15,123.01,79.98,9838.3398,Légère variabilité observée.
2355,2017-08-15,101.73,145.80,14832.2340,Rien à signaler.
2355,2017-09-15,102.67,101.68,10439.4856,Condition normale pour la saison.
2355,2017-10-15,88.46,164.86,14583.5156,Rien à signaler.
2508,2017-05-15,112.85,62.90,7098.2650,Rien à signaler.
2508,2017-06-15,122.10,69.53,8489.6130,Condition normale pour la saison.
2508,2017-07-15,91.61,153.63,14074.0443,Rien à signaler.
2508,2017-08-15,60.81,107.26,6522.4806,Condition normale pour la saison.
2508,2017-09-15,166.48,193.51,32215.5448,Condition normale pour la saison.
2508,2017-10-15,108.19,177.28,19179.9232,Rien à signaler.
2233,2017-05-15,187.51,131.10,24582.5610,Rien à signaler.
2233,2017-06-15,152.95,100.96,15441.8320,Condition normale pour la saison.
2233,2017-07-15,75.54,195.00,14730.3000,Légère variabilité observée.
2233,2017-08-15,105.05,135.98,14284.6990,Légère variabilité observée.
2233,2017-09-15,92.37,117.30,10835.0010,Condition normale pour la saison.
2233,2017-10-15,161.92,97.46,15780.7232,Condition normale pour la saison.
1946,2017-05-15,111.07,145.81,16195.1167,Condition normale pour la saison.
1946,2017-06-15,122.96,62.55,7691.1480,Rien à signaler.
1946,2017-07-15,147.62,56.05,8274.1010,Légère variabilité observée.
1946,2017-08-15,74.34,153.69,11425.3146,Légère variabilité observée.
1946,2017-09-15,188.09,160.90,30263.6810,Condition normale pour la saison.
1946,2017-10-15,61.28,163.27,10005.1856,Rien à signaler.
2393,2017-05-15,176.70,117.91,20834.6970,Légère variabilité observée.
2393,2017-06-15,104.39,93.97,9809.5283,Condition normale pour la saison.
2393,2017-07-15,176.94,94.31,16687.2114,Condition normale pour la saison.
2393,2017-08-15,133.30,119.96,15990.6680,Rien à signaler.
2393,2017-09-15,115.43,59.35,6850.7705,Condition normale pour la saison.
2393,2017-10-15,196.84,64.62,12719.8008,Condition normale pour la saison.
2137,2017-05-15,173.26,175.69,30440.0494,Condition normale pour la saison.
2137,2017-06-15,97.43,185.38,18061.5734,Condition normale pour la saison.
2137,2017-07-15,70.96,179.01,12702.5496,Rien à signaler.
2137,2017-08-15,75.59,50.87,3845.2633,Condition normale pour la saison.
2137,2017-09-15,100.18,106.40,10659.1520,Condition normale pour la saison.
2137,2017-10-15,61.67,156.15,9629.7705,Légère variabilité observée.
2251,2017-05-15,56.72,170.92,9694.5824,Condition normale pour la saison.
2251,2017-06-15,196.29,146.94,28842.8526,Condition normale pour la saison.
2251,2017-07-15,165.88,108.81,18049.4028,Condition normale pour la saison.
2251,2017-08-15,76.57,172.27,13190.7139,Condition normale pour la saison.
2251,2017-09-15,85.80,187.15,16057.4700,Rien à signaler.
2251,2017-10-15,143.49,167.57,24044.6193,Condition normale pour la saison.
2387,2017-05-15,187.43,89.14,16707.5102,Condition normale pour la saison.
2387,2017-06-15,50.42,86.18,4345.1956,Condition normale pour la saison.
2387,2017-07-15,135.24,117.33,15867.7092,Condition normale pour la saison.
2387,2017-08-15,53.64,113.49,6087.6036,Légère variabilité observée.
2387,2017-09-15,176.02,103.38,18196.9476,Condition normale pour la saison.
2387,2017-10-15,87.76,111.84,9815.0784,Condition normale pour la saison.
1885,2017-05-15,132.96,154.01,20477.1696,Condition normale pour la saison.
1885,2017-06-15,100.96,144.73,14611.9408,Légère variabilité observée.
1885,2017-07-15,53.41,194.93,10411.2113,Condition normale pour la saison.
1885,2017-08-15,169.00,179.83,30391.2700,Condition normale pour la saison.
1885,2017-09-15,105.43,178.28,18796.0604,Condition normale pour la saison.
1885,2017-10-15,112.64,102.04,11493.7856,Légère variabilité observée.
2185,2017-05-15,50.30,74.18,3731.2540,Rien à signaler.
2185,2017-06-15,182.04,196.64,35796.3456,Légère variabilité observée.
2185,2017-07-15,153.66,93.50,14367.2100,Légère variabilité observée.
2185,2017-08-15,164.47,88.76,14598.3572,Légère variabilité observée.
2185,2017-09-15,74.46,60.33,4492.1718,Condition normale pour la saison.
2185,2017-10-15,72.83,150.21,10939.7943,Condition normale pour la saison.
2080,2017-05-15,68.95,85.84,5918.6680,Condition normale pour la saison.
2080,2017-06-15,169.56,133.69,22668.4764,Condition normale pour la saison.
2080,2017-07-15,82.59,155.32,12827.8788,Condition normale pour la saison.
2080,2017-08-15,106.05,68.05,7216.7025,Condition normale pour la saison.
2080,2017-09-15,144.67,150.64,21793.0888,Condition normale pour la saison.
2080,2017-10-15,110.73,157.86,17479.8378,Condition normale pour la saison.
1938,2017-05-15,172.56,194.75,33606.0600,Condition normale pour la saison.
1938,2017-06-15,109.11,64.26,7011.4086,Légère variabilité observée.
1938,2017-07-15,146.60,104.41,15306.5060,Condition normale pour la saison.
1938,2017-08-15,137.77,52.32,7208.1264,Condition normale pour la saison.
1938,2017-09-15,59.36,79.58,4723.8688,Légère variabilité observée.
1938,2017-10-15,54.27,74.39,4037.1453,Condition normale pour la saison.
2479,2017-05-15,192.79,103.62,19976.8998,Condition normale pour la saison.
2479,2017-06-15,178.64,170.12,30390.2368,Condition normale pour la saison.
2479,2017-07-15,89.03,51.53,4587.7159,Rien à signaler.
2479,2017-08-15,120.38,71.19,8569.8522,Condition normale pour la saison.
2479,2017-09-15,173.72,142.24,24709.9328,Condition normale pour la saison.
2479,2017-10-15,100.40,181.58,18230.6320,Légère variabilité observée.
2579,2017-05-15,156.41,141.11,22071.0151,Condition normale pour la saison.
2579,2017-06-15,135.84,147.65,20056.7760,Condition normale pour la saison.
2579,2017-07-15,170.19,110.61,18824.7159,Rien à signaler.
2579,2017-08-15,157.63,110.13,17359.7919,Condition normale pour la saison.
2579,2017-09-15,199.94,168.66,33721.8804,Légère variabilité observée.
2579,2017-10-15,66.65,101.22,6746.3130,Légère variabilité observée.
1800,2017-05-15,163.37,68.50,11190.8450,Rien à signaler.
1800,2017-06-15,168.80,188.01,31736.0880,Condition normale pour la saison.
1800,2017-07-15,173.37,136.57,23677.1409,Rien à signaler.
1800,2017-08-15,187.35,156.89,29393.3415,Légère variabilité observée.
1800,2017-09-15,181.09,54.00,9778.8600,Condition normale pour la saison.
1800,2017-10-15,118.74,126.08,14970.7392,Légère variabilité observée.
1957,2017-05-15,170.31,113.42,19316.5602,Légère variabilité observée.
1957,2017-06-15,199.16,74.09,14755.7644,Rien à signaler.
1957,2017-07-15,111.21,86.73,9645.2433,Condition normale pour la saison.
1957,2017-08-15,89.91,188.48,16946.2368,Rien à signaler.
1957,2017-09-15,79.17,177.00,14013.0900,Légère variabilité observée.
1957,2017-10-15,117.46,113.18,13294.1228,Légère variabilité observée.
2319,2017-05-15,117.98,185.27,21858.1546,Condition normale pour la saison.
2319,2017-06-15,178.80,85.31,15253.4280,Condition normale pour la saison.
2319,2017-07-15,122.58,130.29,15970.9482,Rien à signaler.
2319,2017-08-15,162.01,128.28,20782.6428,Légère variabilité observée.
2319,2017-09-15,133.19,172.66,22996.5854,Condition normale pour la saison.
2319,2017-10-15,51.40,181.66,9337.3240,Légère variabilité observée.
2299,2017-05-15,52.39,97.25,5094.9275,Légère variabilité observée.
2299,2017-06-15,98.05,145.24,14240.7820,Condition normale pour la saison.
2299,2017-07-15,80.36,167.93,13494.8548,Rien à signaler.
2299,2017-08-15,102.47,104.75,10733.7325,Condition normale pour la saison.
2299,2017-09-15,79.08,109.42,8652.9336,Rien à signaler.
2299,2017-10-15,145.49,52.51,7639.6799,Condition normale pour la saison.
2051,2017-05-15,110.43,175.52,19382.6736,Condition normale pour la saison.
2051,2017-06-15,54.26,92.37,5011.9962,Condition normale pour la saison.
2051,2017-07-15,169.45,180.14,30524.7230,Rien à signaler.
2051,2017-08-15,167.03,120.67,20155.5101,Légère variabilité observée.
2051,2017-09-15,50.57,189.31,9573.4067,Légère variabilité observée.
2051,2017-10-15,114.29,123.14,14073.6706,Rien à signaler.
1803,2017-05-15,98.17,164.97,16195.1049,Légère variabilité observée.
1803,2017-06-15,84.47,67.02,5661.1794,Rien à signaler.
1803,2017-07-15,196.20,178.18,34958.9160,Rien à signaler.
1803,2017-08-15,113.60,187.14,21259.1040,Condition normale pour la saison.
1803,2017-09-15,185.24,145.47,26946.8628,Condition normale pour la saison.
1803,2017-10-15,130.37,140.96,18376.9552,Condition normale pour la saison.
1905,2017-05-15,76.91,57.12,4393.0992,Condition normale pour la saison.
1905,2017-06-15,98.25,100.81,9904.5825,Rien à signaler.
1905,2017-07-15,136.22,124.58,16970.2876,Légère variabilité observée.
1905,2017-08-15,97.27,155.17,15093.3859,Légère variabilité observée.
1905,2017-09-15,193.62,115.25,22314.7050,Condition normale pour la saison.
1905,2017-10-15,96.85,118.45,11471.8825,Condition normale pour la saison.
2323,2017-05-15,86.00,77.57,6671.0200,Rien à signaler.
2323,2017-06-15,110.67,194.94,21574.0098,Condition normale pour la saison.
2323,2017-07-15,53.02,167.54,8882.9708,Condition normale pour la saison.
2323,2017-08-15,59.39,99.84,5929.4976,Rien à signaler.
2323,2017-09-15,71.46,101.15,7228.1790,Condition normale pour la saison.
2323,2017-10-15,111.99,123.32,13810.6068,Légère variabilité observée.
2189,2017-05-15,157.33,81.19,12773.6227,Condition normale pour la saison.
2189,2017-06-15,144.77,194.08,28096.9616,Rien à signaler.
2189,2017-07-15,184.37,183.82,33890.8934,Condition normale pour la saison.
2189,2017-08-15,112.87,164.87,18608.8769,Légère variabilité observée.
2189,2017-09-15,147.08,172.65,25393.3620,Condition normale pour la saison.
2189,2017-10-15,186.09,99.56,18527.1204,Condition normale pour la saison.
1911,2017-05-15,197.65,148.10,29271.9650,Légère variabilité observée.
1911,2017-06-15,55.95,133.21,7453.0995,Légère variabilité observée.
1911,2017-07-15,56.36,142.76,8045.9536,Condition normale pour la saison.
1911,2017-08-15,126.60,63.93,8093.5380,Condition normale pour la saison.
1911,2017-09-15,179.94,92.04,16561.6776,Légère variabilité observée.
1911,2017-10-15,103.06,85.30,8791.0180,Légère variabilité observée.
1871,2017-05-15,59.03,199.84,11796.5552,Condition normale pour la saison.
1871,2017-06-15,52.74,177.91,9382.9734,Rien à signaler.
1871,2017-07-15,95.44,158.00,15079.5200,Condition normale pour la saison.
1871,2017-08-15,168.47,146.91,24749.9277,Condition normale pour la saison.
1871,2017-09-15,178.79,162.18,28996.1622,Condition normale pour la saison.
1871,2017-10-15,134.73,123.87,16689.0051,Condition normale pour la saison.
1882,2017-05-15,58.37,119.16,6955.3692,Légère variabilité observée.
1882,2017-06-15,190.28,179.68,34189.5104,Condition normale pour la saison.
1882,2017-07-15,143.03,179.30,25645.2790,Rien à signaler.
1882,2017-08-15,54.05,57.59,3112.7395,Condition normale pour la saison.
1882,2017-09-15,61.78,114.64,7082.4592,Rien à signaler.
1882,2017-10-15,198.00,67.95,13454.1000,Condition normale pour la saison.
1898,2017-05-15,133.16,110.19,14672.9004,Rien à signaler.
1898,2017-06-15,82.61,129.84,10726.0824,Rien à signaler.
1898,2017-07-15,125.00,88.87,11108.7500,Légère variabilité observée.
1898,2017-08-15,180.55,141.36,25522.5480,Légère variabilité observée.
1898,2017-09-15,118.66,199.81,23709.4546,Rien à signaler.
1898,2017-10-15,139.13,130.16,18109.1608,Condition normale pour la saison.
2262,2017-05-15,197.20,55.85,11013.6200,Légère variabilité observée.
2262,2017-06-15,163.55,98.17,16055.7035,Condition normale pour la saison.
2262,2017-07-15,194.65,117.98,22964.8070,Condition normale pour la saison.
2262,2017-08-15,96.07,94.09,9039.2263,Condition normale pour la saison.
2262,2017-09-15,162.72,78.82,12825.5904,Légère variabilité observée.
2262,2017-10-15,153.69,160.10,24605.7690,Condition normale pour la saison.
2216,2017-05-15,75.89,79.25,6014.2825,Condition normale pour la saison.
2216,2017-06-15,148.09,88.95,13172.6055,Légère variabilité observée.
2216,2017-07-15,194.54,133.64,25998.3256,Rien à signaler.
2216,2017-08-15,152.84,50.14,7663.3976,Condition normale pour la saison.
2216,2017-09-15,192.90,197.50,38097.7500,Condition normale pour la saison.
2216,2017-10-15,163.02,71.46,11649.4092,Condition normale pour la saison.
2458,2017-05-15,127.43,179.08,22820.1644,Légère variabilité observée.
2458,2017-06-15,88.85,64.21,5705.0585,Condition normale pour la saison.
2458,2017-07-15,181.90,75.78,13784.3820,Condition normale pour la saison.
2458,2017-08-15,72.82,91.28,6647.0096,Condition normale pour la saison.
2458,2017-09-15,123.61,101.86,12590.9146,Condition normale pour la saison.
2458,2017-10-15,189.34,138.10,26147.8540,Rien à signaler.
2248,2017-05-15,78.27,176.30,13799.0010,Rien à signaler.
2248,2017-06-15,120.73,183.66,22173.2718,Condition normale pour la saison.
2248,2017-07-15,155.56,125.63,19543.0028,Légère variabilité observée.
2248,2017-08-15,186.51,51.72,9646.2972,Condition normale pour la saison.
2248,2017-09-15,126.00,147.12,18537.1200,Légère variabilité observée.
2248,2017-10-15,159.68,150.77,24074.9536,Condition normale pour la saison.
2544,2017-05-15,146.20,139.53,20399.2860,Légère variabilité observée.
2544,2017-06-15,136.55,147.35,20120.6425,Condition normale pour la saison.
2544,2017-07-15,94.34,182.76,17241.5784,Légère variabilité observée.
2544,2017-08-15,160.78,93.26,14994.3428,Légère variabilité observée.
2544,2017-09-15,112.44,109.17,12275.0748,Rien à signaler.
2544,2017-10-15,81.98,161.20,13215.1760,Condition normale pour la saison.
1811,2017-05-15,59.98,179.59,10771.8082,Condition normale pour la saison.
1811,2017-06-15,61.64,169.75,10463.3900,Rien à signaler.
1811,2017-07-15,117.16,61.61,7218.2276,Rien à signaler.
1811,2017-08-15,199.29,73.63,14673.7227,Légère variabilité observée.
1811,2017-09-15,129.74,157.34,20413.2916,Légère variabilité observée.
1811,2017-10-15,164.38,65.81,10817.8478,Condition normale pour la saison.
1857,2017-05-15,97.30,148.76,14474.3480,Condition normale pour la saison.
1857,2017-06-15,107.91,62.88,6785.3808,Condition normale pour la saison.
1857,2017-07-15,160.51,135.40,21733.0540,Légère variabilité observée.
1857,2017-08-15,148.28,115.89,17184.1692,Rien à signaler.
1857,2017-09-15,188.02,130.11,24463.2822,Légère variabilité observée.
1857,2017-10-15,52.37,175.15,9172.6055,Rien à signaler.
2509,2017-05-15,171.73,75.70,12999.9610,Condition normale pour la saison.
2509,2017-06-15,179.42,148.22,26593.6324,Condition normale pour la saison.
2509,2017-07-15,57.84,93.26,5394.1584,Condition normale pour la saison.
2509,2017-08-15,155.69,140.37,21854.2053,Rien à signaler.
2509,2017-09-15,177.65,174.16,30939.5240,Condition normale pour la saison.
2509,2017-10-15,170.21,64.83,11034.7143,Condition normale pour la saison.
2096,2017-05-15,148.54,161.68,24015.9472,Condition normale pour la saison.
2096,2017-06-15,67.68,75.13,5084.7984,Condition normale pour la saison.
2096,2017-07-15,88.53,187.90,16634.7870,Légère variabilité observée.
2096,2017-08-15,174.85,189.50,33134.0750,Légère variabilité observée.
2096,2017-09-15,132.62,160.36,21266.9432,Légère variabilité observée.
2096,2017-10-15,89.23,51.80,4622.1140,Condition normale pour la saison.
2312,2017-05-15,92.55,199.18,18434.1090,Condition normale pour la saison.
2312,2017-06-15,178.80,154.41,27608.5080,Rien à signaler.
2312,2017-07-15,57.70,114.51,6607.2270,Légère variabilité observée.
2312,2017-08-15,122.33,102.95,12593.8735,Légère variabilité observée.
2312,2017-09-15,65.66,158.04,10376.9064,Rien à signaler.
2312,2017-10-15,87.70,95.87,8407.7990,Condition normale pour la saison.
2584,2017-05-15,181.90,90.05,16380.0950,Condition normale pour la saison.
2584,2017-06-15,75.83,128.94,9777.5202,Condition normale pour la saison.
2584,2017-07-15,164.96,172.75,28496.8400,Rien à signaler.
2584,2017-08-15,140.31,192.50,27009.6750,Condition normale pour la saison.
2584,2017-09-15,187.57,52.02,9757.3914,Condition normale pour la saison.
2584,2017-10-15,55.40,138.24,7658.4960,Condition normale pour la saison.
1988,2017-05-15,132.15,157.96,20874.4140,Condition normale pour la saison.
1988,2017-06-15,99.26,159.70,15851.8220,Condition normale pour la saison.
1988,2017-07-15,71.68,68.72,4925.8496,Condition normale pour la saison.
1988,2017-08-15,76.74,180.99,13889.1726,Rien à signaler.
1988,2017-09-15,110.08,191.70,21102.3360,Condition normale pour la saison.
1988,2017-10-15,136.43,185.21,25268.2003,Condition normale pour la saison.
2288,2017-05-15,162.28,156.59,25411.4252,Légère variabilité observée.
2288,2017-06-15,129.52,138.36,17920.3872,Condition normale pour la saison.
2288,2017-07-15,125.60,134.93,16947.2080,Légère variabilité observée.
2288,2017-08-15,103.10,91.56,9439.8360,Condition normale pour la saison.
2288,2017-09-15,127.16,78.46,9976.9736,Légère variabilité observée.
2288,2017-10-15,75.91,136.43,10356.4013,Condition normale pour la saison.
2164,2017-05-15,150.13,147.42,22132.1646,Condition normale pour la saison.
2164,2017-06-15,78.76,89.39,7040.3564,Condition normale pour la saison.
2164,2017-07-15,85.35,174.10,14859.4350,Légère variabilité observée.
2164,2017-08-15,143.14,155.67,22282.6038,Condition normale pour la saison.
2164,2017-09-15,90.63,97.06,8796.5478,Condition normale pour la saison.
2164,2017-10-15,154.69,162.23,25095.3587,Rien à signaler.
2032,2017-05-15,55.02,144.61,7956.4422,Condition normale pour la saison.
2032,2017-06-15,90.15,164.88,14863.9320,Légère variabilité observée.
2032,2017-07-15,192.50,158.78,30565.1500,Condition normale pour la saison.
2032,2017-08-15,97.89,68.58,6713.2962,Condition normale pour la saison.
2032,2017-09-15,60.11,124.70,7495.7170,Légère variabilité observée.
2032,2017-10-15,96.84,62.01,6005.0484,Légère variabilité observée.
1974,2017-05-15,105.99,82.99,8796.1101,Condition normale pour la saison.
1974,2017-06-15,143.81,117.68,16923.5608,Condition normale pour la saison.
1974,2017-07-15,133.41,118.73,15839.7693,Rien à signaler.
1974,2017-08-15,56.70,172.47,9779.0490,Condition normale pour la saison.
1974,2017-09-15,120.88,196.62,23767.4256,Condition normale pour la saison.
1974,2017-10-15,126.53,168.15,21276.0195,Légère variabilité observée.
2541,2017-05-15,131.58,134.16,17652.7728,Condition normale pour la saison.
2541,2017-06-15,58.30,121.51,7084.0330,Légère variabilité observée.
2541,2017-07-15,141.76,182.39,25855.6064,Condition normale pour la saison.
2541,2017-08-15,145.93,160.51,23423.2243,Légère variabilité observée.
2541,2017-09-15,117.79,50.06,5896.5674,Rien à signaler.
2541,2017-10-15,89.87,190.54,17123.8298,Rien à signaler.
1899,2017-05-15,178.99,79.51,14231.4949,Condition normale pour la saison.
1899,2017-06-15,75.82,176.39,13373.8898,Condition normale pour la saison.
1899,2017-07-15,160.32,50.37,8075.3184,Condition normale pour la saison.
1899,2017-08-15,100.73,138.87,13988.3751,Condition normale pour la saison.
1899,2017-09-15,107.50,186.41,20039.0750,Rien à signaler.
1899,2017-10-15,109.46,68.47,7494.7262,Condition normale pour la saison.
2176,2017-05-15,113.98,111.07,12659.7586,Rien à signaler.
2176,2017-06-15,157.40,92.11,14498.1140,Rien à signaler.
2176,2017-07-15,132.63,76.56,10154.1528,Condition normale pour la saison.
2176,2017-08-15,169.69,60.42,10252.6698,Condition normale pour la saison.
2176,2017-09-15,174.74,193.94,33889.0756,Légère variabilité observée.
2176,2017-10-15,177.19,59.01,10455.9819,Légère variabilité observée.
2146,2017-05-15,145.77,131.11,19111.9047,Condition normale pour la saison.
2146,2017-06-15,149.57,122.15,18269.9755,Condition normale pour la saison.
2146,2017-07-15,154.06,80.39,12384.8834,Rien à signaler.
2146,2017-08-15,193.70,127.45,24687.0650,Légère variabilité observée.
2146,2017-09-15,157.68,129.32,20391.1776,Rien à signaler.
2146,2017-10-15,94.00,128.43,12072.4200,Légère variabilité observée.
2510,2017-05-15,65.68,68.16,4476.7488,Légère variabilité observée.
2510,2017-06-15,138.90,88.63,12310.7070,Légère variabilité observée.
2510,2017-07-15,59.25,169.22,10026.2850,Rien à signaler.
2510,2017-08-15,133.93,84.90,11370.6570,Condition normale pour la saison.
2510,2017-09-15,191.47,192.17,36794.7899,Légère variabilité observée.
2510,2017-10-15,55.99,115.73,6479.7227,Rien à signaler.
2404,2017-05-15,150.62,107.27,16157.0074,Condition normale pour la saison.
2404,2017-06-15,175.12,70.45,12337.2040,Légère variabilité observée.
2404,2017-07-15,93.74,123.10,11539.3940,Condition normale pour la saison.
2404,2017-08-15,166.55,152.26,25358.9030,Condition normale pour la saison.
2404,2017-09-15,89.29,166.25,14844.4625,Condition normale pour la saison.
2404,2017-10-15,61.53,88.85,5466.9405,Légère variabilité observée.
2595,2017-05-15,89.89,180.18,16196.3802,Légère variabilité observée.
2595,2017-06-15,68.16,70.83,4827.7728,Condition normale pour la saison.
2595,2017-07-15,112.92,125.55,14177.1060,Légère variabilité observée.
2595,2017-08-15,118.56,131.98,15647.5488,Légère variabilité observée.
2595,2017-09-15,111.53,158.03,17625.0859,Légère variabilité observée.
2595,2017-10-15,58.20,148.93,8667.7260,Rien à signaler.
2271,2017-05-15,192.06,163.99,31495.9194,Condition normale pour la saison.
2271,2017-06-15,93.43,94.56,8834.7408,Condition normale pour la saison.
2271,2017-07-15,134.28,183.48,24637.6944,Condition normale pour la saison.
2271,2017-08-15,77.38,62.22,4814.5836,Condition normale pour la saison.
2271,2017-09-15,126.95,196.39,24931.7105,Condition normale pour la saison.
2271,2017-10-15,157.76,198.27,31279.0752,Condition normale pour la saison.
2362,2017-05-15,184.11,183.55,33793.3905,Rien à signaler.
2362,2017-06-15,184.15,51.51,9485.5665,Condition normale pour la saison.
2362,2017-07-15,107.57,89.75,9654.4075,Rien à signaler.
2362,2017-08-15,70.73,140.86,9963.0278,Légère variabilité observée.
2362,2017-09-15,141.84,82.97,11768.4648,Condition normale pour la saison.
2362,2017-10-15,182.23,165.65,30186.3995,Condition normale pour la saison.
2154,2017-05-15,121.36,138.73,16836.2728,Rien à signaler.
2154,2017-06-15,63.49,95.82,6083.6118,Rien à signaler.
2154,2017-07-15,187.28,115.65,21658.9320,Condition normale pour la saison.
2154,2017-08-15,128.28,76.53,9817.2684,Légère variabilité observée.
2154,2017-09-15,140.33,108.57,15235.6281,Condition normale pour la saison.
2154,2017-10-15,135.03,51.47,6949.9941,Rien à signaler.
1984,2017-05-15,80.67,164.30,13254.0810,Rien à signaler.
1984,2017-06-15,134.95,153.24,20679.7380,Condition normale pour la saison.
1984,2017-07-15,84.06,134.49,11305.2294,Rien à signaler.
1984,2017-08-15,178.05,166.15,29583.0075,Condition normale pour la saison.
1984,2017-09-15,194.50,198.42,38592.6900,Légère variabilité observée.
1984,2017-10-15,173.59,125.32,21754.2988,Condition normale pour la saison.
2585,2017-05-15,180.93,184.30,33345.3990,Légère variabilité observée.
2585,2017-06-15,77.68,99.38,7719.8384,Condition normale pour la saison.
2585,2017-07-15,133.67,107.28,14340.1176,Condition normale pour la saison.
2585,2017-08-15,125.53,136.64,17152.4192,Rien à signaler.
2585,2017-09-15,114.01,130.80,14912.5080,Légère variabilité observée.
2585,2017-10-15,81.93,116.48,9543.2064,Rien à signaler.
2367,2017-05-15,68.39,90.10,6161.9390,Condition normale pour la saison.
2367,2017-06-15,51.80,129.94,6730.8920,Condition normale pour la saison.
2367,2017-07-15,53.20,156.71,8336.9720,Légère variabilité observée.
2367,2017-08-15,159.66,51.31,8192.1546,Condition normale pour la saison.
2367,2017-09-15,190.08,163.06,30994.4448,Condition normale pour la saison.
2367,2017-10-15,170.13,165.75,28199.0475,Rien à signaler.
2326,2017-05-15,152.43,128.33,19561.3419,Légère variabilité observée.
2326,2017-06-15,105.81,182.33,19292.3373,Condition normale pour la saison.
2326,2017-07-15,180.84,176.23,31869.4332,Condition normale pour la saison.
2326,2017-08-15,55.11,168.03,9260.1333,Condition normale pour la saison.
2326,2017-09-15,144.21,78.48,11317.6008,Légère variabilité observée.
2326,2017-10-15,150.21,89.73,13478.3433,Légère variabilité observée.
1963,2017-05-15,124.68,160.70,20036.0760,Condition normale pour la saison.
1963,2017-06-15,63.40,50.06,3173.8040,Condition normale pour la saison.
1963,2017-07-15,148.32,81.67,12113.2944,Légère variabilité observée.
1963,2017-08-15,147.06,181.88,26747.2728,Légère variabilité observée.
1963,2017-09-15,169.58,173.38,29401.7804,Condition normale pour la saison.
1963,2017-10-15,179.88,133.27,23972.6076,Rien à signaler.
2273,2017-05-15,190.62,178.20,33968.4840,Légère variabilité observée.
2273,2017-06-15,182.16,88.84,16183.0944,Rien à signaler.
2273,2017-07-15,191.42,189.66,36304.7172,Condition normale pour la saison.
2273,2017-08-15,145.86,197.89,28864.2354,Rien à signaler.
2273,2017-09-15,122.80,129.50,15902.6000,Légère variabilité observée.
2273,2017-10-15,148.93,105.15,15659.9895,Condition normale pour la saison.
2464,2017-05-15,96.77,170.76,16524.4452,Condition normale pour la saison.
2464,2017-06-15,90.39,142.34,12866.1126,Rien à signaler.
2464,2017-07-15,106.64,77.29,8242.2056,Légère variabilité observée.
2464,2017-08-15,136.07,126.13,17162.5091,Légère variabilité observée.
2464,2017-09-15,156.69,104.12,16314.5628,Condition normale pour la saison.
2464,2017-10-15,148.71,153.06,22761.5526,Condition normale pour la saison.
1848,2017-05-15,78.59,188.25,14794.5675,Légère variabilité observée.
1848,2017-06-15,123.84,166.31,20595.8304,Condition normale pour la saison.
1848,2017-07-15,127.38,86.85,11062.9530,Condition normale pour la saison.
1848,2017-08-15,190.53,52.82,10063.7946,Rien à signaler.
1848,2017-09-15,181.23,173.21,31390.8483,Condition normale pour la saison.
1848,2017-10-15,74.18,194.74,14445.8132,Condition normale pour la saison.
1980,2017-05-15,116.68,179.78,20976.7304,Rien à signaler.
1980,2017-06-15,180.08,132.22,23810.1776,Condition normale pour la saison.
1980,2017-07-15,159.74,76.76,12261.6424,Légère variabilité observée.
1980,2017-08-15,96.57,97.51,9416.5407,Condition normale pour la saison.
1980,2017-09-15,106.66,56.82,6060.4212,Condition normale pour la saison.
1980,2017-10-15,110.50,150.29,16607.0450,Condition normale pour la saison.
2010,2017-05-15,95.26,100.52,9575.5352,Légère variabilité observée.
2010,2017-06-15,134.49,57.35,7713.0015,Condition normale pour la saison.
2010,2017-07-15,111.14,130.00,14448.2000,Rien à signaler.
2010,2017-08-15,71.20,176.05,12534.7600,Condition normale pour la saison.
2010,2017-09-15,181.03,166.59,30157.7877,Légère variabilité observée.
2010,2017-10-15,101.68,114.41,11633.2088,Rien à signaler.
2011,2017-05-15,146.39,69.23,10134.5797,Rien à signaler.
2011,2017-06-15,98.32,181.74,17868.6768,Condition normale pour la saison.
2011,2017-07-15,90.20,74.53,6722.6060,Rien à signaler.
2011,2017-08-15,108.82,167.37,18213.2034,Condition normale pour la saison.
2011,2017-09-15,172.21,103.40,17806.5140,Rien à signaler.
2011,2017-10-15,168.08,167.87,28215.5896,Condition normale pour la saison.
2333,2017-05-15,151.59,154.67,23446.4253,Condition normale pour la saison.
2333,2017-06-15,141.57,52.73,7464.9861,Rien à signaler.
2333,2017-07-15,90.05,65.18,5869.4590,Condition normale pour la saison.
2333,2017-08-15,78.12,54.98,4295.0376,Légère variabilité observée.
2333,2017-09-15,197.36,158.07,31196.6952,Légère variabilité observée.
2333,2017-10-15,193.95,74.84,14515.2180,Condition normale pour la saison.
2049,2017-05-15,139.66,78.13,10911.6358,Légère variabilité observée.
2049,2017-06-15,71.66,198.70,14238.8420,Condition normale pour la saison.
2049,2017-07-15,140.05,117.63,16474.0815,Condition normale pour la saison.
2049,2017-08-15,52.40,125.13,6556.8120,Condition normale pour la saison.
2049,2017-09-15,132.74,182.74,24256.9076,Légère variabilité observée.
2049,2017-10-15,138.43,117.70,16293.2110,Condition normale pour la saison.
1994,2017-05-15,134.27,182.21,24465.3367,Rien à signaler.
1994,2017-06-15,119.16,144.30,17194.7880,Condition normale pour la saison.
1994,2017-07-15,170.73,174.50,29792.3850,Condition normale pour la saison.
1994,2017-08-15,67.45,144.97,9778.2265,Condition normale pour la saison.
1994,2017-09-15,117.03,64.37,7533.2211,Condition normale pour la saison.
1994,2017-10-15,128.46,110.53,14198.6838,Légère variabilité observée.
2540,2017-05-15,111.88,111.24,12445.5312,Légère variabilité observée.
2540,2017-06-15,141.02,53.49,7543.1598,Condition normale pour la saison.
2540,2017-07-15,79.84,123.73,9878.6032,Condition normale pour la saison.
2540,2017-08-15,163.99,52.39,8591.4361,Condition normale pour la saison.
2540,2017-09-15,117.07,106.50,12467.9550,Légère variabilité observée.
2540,2017-10-15,60.75,192.30,11682.2250,Condition normale pour la saison.
2366,2017-05-15,123.42,82.92,10233.9864,Rien à signaler.
2366,2017-06-15,176.44,150.09,26481.8796,Légère variabilité observée.
2366,2017-07-15,76.06,60.33,4588.6998,Condition normale pour la saison.
2366,2017-08-15,183.88,86.52,15909.2976,Condition normale pour la saison.
2366,2017-09-15,161.78,152.12,24609.9736,Rien à signaler.
2366,2017-10-15,141.65,102.73,14551.7045,Condition normale pour la saison.
2254,2017-05-15,141.07,176.19,24855.1233,Rien à signaler.
2254,2017-06-15,107.75,151.10,16281.0250,Condition normale pour la saison.
2254,2017-07-15,164.55,83.30,13707.0150,Condition normale pour la saison.
2254,2017-08-15,82.20,179.84,14782.8480,Légère variabilité observée.
2254,2017-09-15,197.66,125.87,24879.4642,Légère variabilité observée.
2254,2017-10-15,196.48,141.34,27770.4832,Légère variabilité observée.
2180,2017-05-15,114.43,92.20,10550.4460,Condition normale pour la saison.
2180,2017-06-15,61.28,52.20,3198.8160,Condition normale pour la saison.
2180,2017-07-15,96.02,175.66,16866.8732,Condition normale pour la saison.
2180,2017-08-15,60.49,136.78,8273.8222,Condition normale pour la saison.
2180,2017-09-15,163.95,191.64,31419.3780,Condition normale pour la saison.
2180,2017-10-15,159.55,64.28,10255.8740,Rien à signaler.
1979,2017-05-15,112.53,108.41,12199.3773,Rien à signaler.
1979,2017-06-15,165.01,150.17,24779.5517,Condition normale pour la saison.
1979,2017-07-15,199.99,175.78,35154.2422,Condition normale pour la saison.
1979,2017-08-15,119.28,182.10,21720.8880,Rien à signaler.
1979,2017-09-15,194.62,168.22,32738.9764,Condition normale pour la saison.
1979,2017-10-15,181.25,116.68,21148.2500,Condition normale pour la saison.
1812,2017-05-15,129.15,106.51,13755.7665,Condition normale pour la saison.
1812,2017-06-15,191.27,127.42,24371.6234,Légère variabilité observée.
1812,2017-07-15,108.59,120.16,13048.1744,Rien à signaler.
1812,2017-08-15,153.29,82.37,12626.4973,Légère variabilité observée.
1812,2017-09-15,67.69,76.19,5157.3011,Légère variabilité observée.
1812,2017-10-15,74.03,67.89,5025.8967,Condition normale pour la saison.
2572,2017-05-15,80.73,86.11,6951.6603,Condition normale pour la saison.
2572,2017-06-15,62.62,70.63,4422.8506,Condition normale pour la saison.
2572,2017-07-15,167.29,70.71,11829.0759,Légère variabilité observée.
2572,2017-08-15,176.71,134.75,23811.6725,Condition normale pour la saison.
2572,2017-09-15,152.05,97.87,14881.1335,Rien à signaler.
2572,2017-10-15,122.53,165.67,20299.5451,Condition normale pour la saison.
2019,2017-05-15,69.35,155.34,10772.8290,Légère variabilité observée.
2019,2017-06-15,175.20,190.88,33442.1760,Condition normale pour la saison.
2019,2017-07-15,191.95,79.51,15261.9445,Légère variabilité observée.
2019,2017-08-15,126.10,63.27,7978.3470,Condition normale pour la saison.
2019,2017-09-15,154.43,62.17,9600.9131,Rien à signaler.
2019,2017-10-15,178.62,154.70,27632.5140,Rien à signaler.
2397,2017-05-15,101.70,188.38,19158.2460,Condition normale pour la saison.
2397,2017-06-15,166.18,177.24,29453.7432,Légère variabilité observée.
2397,2017-07-15,161.20,96.69,15586.4280,Légère variabilité observée.
2397,2017-08-15,100.00,195.56,19556.0000,Légère variabilité observée.
2397,2017-09-15,62.86,57.23,3597.4778,Condition normale pour la saison.
2397,2017-10-15,122.70,68.12,8358.3240,Rien à signaler.
1924,2017-05-15,63.75,162.18,10338.9750,Légère variabilité observée.
1924,2017-06-15,122.50,192.14,23537.1500,Condition normale pour la saison.
1924,2017-07-15,192.10,191.85,36854.3850,Condition normale pour la saison.
1924,2017-08-15,78.16,93.18,7282.9488,Condition normale pour la saison.
1924,2017-09-15,161.24,193.38,31180.5912,Condition normale pour la saison.
1924,2017-10-15,184.32,134.82,24850.0224,Condition normale pour la saison.
2392,2017-05-15,171.14,161.50,27639.1100,Condition normale pour la saison.
2392,2017-06-15,106.81,163.93,17509.3633,Condition normale pour la saison.
2392,2017-07-15,146.40,158.61,23220.5040,Condition normale pour la saison.
2392,2017-08-15,189.80,110.53,20978.5940,Légère variabilité observée.
2392,2017-09-15,90.35,118.77,10730.8695,Rien à signaler.
2392,2017-10-15,70.29,111.00,7802.1900,Condition normale pour la saison.
2075,2017-05-15,165.69,119.08,19730.3652,Rien à signaler.
2075,2017-06-15,171.27,157.04,26896.2408,Rien à signaler.
2075,2017-07-15,120.95,86.99,10521.4405,Condition normale pour la saison.
2075,2017-08-15,110.53,60.39,6674.9067,Légère variabilité observée.
2075,2017-09-15,66.32,170.23,11289.6536,Légère variabilité observée.
2075,2017-10-15,85.33,175.02,14934.4566,Rien à signaler.
2047,2017-05-15,127.13,130.46,16585.3798,Condition normale pour la saison.
2047,2017-06-15,52.19,133.06,6944.4014,Légère variabilité observée.
2047,2017-07-15,153.21,192.71,29525.0991,Condition normale pour la saison.
2047,2017-08-15,96.64,82.25,7948.6400,Condition normale pour la saison.
2047,2017-09-15,81.22,110.31,8959.3782,Condition normale pour la saison.
2047,2017-10-15,146.38,155.00,22688.9000,Condition normale pour la saison.
2316,2017-05-15,69.42,123.61,8581.0062,Condition normale pour la saison.
2316,2017-06-15,187.52,91.41,17141.2032,Condition normale pour la saison.
2316,2017-07-15,57.20,51.78,2961.8160,Rien à signaler.
2316,2017-08-15,118.87,118.18,14048.0566,Condition normale pour la saison.
2316,2017-09-15,95.93,141.70,13593.2810,Rien à signaler.
2316,2017-10-15,151.41,195.68,29627.9088,Légère variabilité observée.
2453,2017-05-15,132.71,126.94,16846.2074,Légère variabilité observée.
2453,2017-06-15,127.02,61.97,7871.4294,Condition normale pour la saison.
2453,2017-07-15,122.65,139.71,17135.4315,Condition normale pour la saison.
2453,2017-08-15,197.24,148.30,29250.6920,Rien à signaler.
2453,2017-09-15,100.37,83.95,8426.0615,Rien à signaler.
2453,2017-10-15,154.32,104.54,16132.6128,Condition normale pour la saison.
2418,2017-05-15,139.03,183.42,25500.8826,Condition normale pour la saison.
2418,2017-06-15,111.96,193.75,21692.2500,Légère variabilité observée.
2418,2017-07-15,161.89,195.54,31655.9706,Rien à signaler.
2418,2017-08-15,95.25,91.32,8698.2300,Légère variabilité observée.
2418,2017-09-15,149.06,129.84,19353.9504,Rien à signaler.
2418,2017-10-15,76.50,148.81,11383.9650,Rien à signaler.
1853,2017-05-15,151.00,144.67,21845.1700,Légère variabilité observée.
1853,2017-06-15,152.26,148.33,22584.7258,Rien à signaler.
1853,2017-07-15,112.09,158.30,17743.8470,Rien à signaler.
1853,2017-08-15,71.25,139.81,9961.4625,Condition normale pour la saison.
1853,2017-09-15,146.31,70.66,10338.2646,Condition normale pour la saison.
1853,2017-10-15,171.00,82.82,14162.2200,Rien à signaler.
1943,2017-05-15,95.77,178.00,17047.0600,Condition normale pour la saison.
1943,2017-06-15,117.90,100.00,11790.0000,Condition normale pour la saison.
1943,2017-07-15,114.72,131.69,15107.4768,Légère variabilité observée.
1943,2017-08-15,53.83,157.87,8498.1421,Condition normale pour la saison.
1943,2017-09-15,138.79,83.85,11637.5415,Rien à signaler.
1943,2017-10-15,164.77,147.28,24267.3256,Légère variabilité observée.
1821,2017-05-15,116.75,63.26,7385.6050,Légère variabilité observée.
1821,2017-06-15,145.69,63.66,9274.6254,Condition normale pour la saison.
1821,2017-07-15,92.27,166.61,15373.1047,Condition normale pour la saison.
1821,2017-08-15,61.74,71.21,4396.5054,Rien à signaler.
1821,2017-09-15,101.27,77.56,7854.5012,Condition normale pour la saison.
1821,2017-10-15,134.04,67.26,9015.5304,Condition normale pour la saison.
2466,2017-05-15,170.19,61.51,10468.3869,Rien à signaler.
2466,2017-06-15,95.83,133.81,12823.0123,Légère variabilité observée.
2466,2017-07-15,195.49,81.50,15932.4350,Condition normale pour la saison.
2466,2017-08-15,158.41,185.96,29457.9236,Rien à signaler.
2466,2017-09-15,51.38,53.86,2767.3268,Légère variabilité observée.
2466,2017-10-15,60.59,53.25,3226.4175,Condition normale pour la saison.
2196,2017-05-15,165.23,66.46,10981.1858,Rien à signaler.
2196,2017-06-15,193.80,143.65,27839.3700,Légère variabilité observée.
2196,2017-07-15,187.78,141.25,26523.9250,Condition normale pour la saison.
2196,2017-08-15,140.47,177.17,24887.0699,Légère variabilité observée.
2196,2017-09-15,127.08,64.94,8252.5752,Rien à signaler.
2196,2017-10-15,97.59,168.62,16455.6258,Condition normale pour la saison.
1858,2017-05-15,51.82,64.95,3365.7090,Condition normale pour la saison.
1858,2017-06-15,113.70,142.49,16201.1130,Condition normale pour la saison.
1858,2017-07-15,91.18,102.96,9387.8928,Rien à signaler.
1858,2017-08-15,70.66,96.97,6851.9002,Rien à signaler.
1858,2017-09-15,152.09,183.59,27922.2031,Rien à signaler.
1858,2017-10-15,127.86,57.51,7353.2286,Condition normale pour la saison.
2294,2017-05-15,124.97,171.96,21489.8412,Rien à signaler.
2294,2017-06-15,190.63,86.19,16430.3997,Condition normale pour la saison.
2294,2017-07-15,192.08,82.47,15840.8376,Rien à signaler.
2294,2017-08-15,94.63,186.97,17692.9711,Rien à signaler.
2294,2017-09-15,177.86,172.93,30757.3298,Condition normale pour la saison.
2294,2017-10-15,117.29,159.84,18747.6336,Condition normale pour la saison.
1995,2017-05-15,191.91,83.87,16095.4917,Condition normale pour la saison.
1995,2017-06-15,96.65,56.26,5437.5290,Condition normale pour la saison.
1995,2017-07-15,76.80,68.01,5223.1680,Rien à signaler.
1995,2017-08-15,163.15,176.49,28794.3435,Condition normale pour la saison.
1995,2017-09-15,96.60,111.18,10739.9880,Condition normale pour la saison.
1995,2017-10-15,162.57,150.90,24531.8130,Légère variabilité observée.
2147,2017-05-15,100.82,182.24,18373.4368,Condition normale pour la saison.
2147,2017-06-15,150.70,92.04,13870.4280,Condition normale pour la saison.
2147,2017-07-15,61.53,175.47,10796.6691,Condition normale pour la saison.
2147,2017-08-15,185.31,112.74,20891.8494,Légère variabilité observée.
2147,2017-09-15,103.89,72.01,7481.1189,Condition normale pour la saison.
2147,2017-10-15,156.03,78.20,12201.5460,Condition normale pour la saison.
2365,2017-05-15,68.07,82.31,5602.8417,Condition normale pour la saison.
2365,2017-06-15,139.35,128.26,17873.0310,Légère variabilité observée.
2365,2017-07-15,186.73,129.09,24104.9757,Condition normale pour la saison.
2365,2017-08-15,187.58,175.37,32895.9046,Rien à signaler.
2365,2017-09-15,138.11,178.59,24665.0649,Rien à signaler.
2365,2017-10-15,157.39,174.97,27538.5283,Condition normale pour la saison.
2378,2017-05-15,82.53,178.49,14730.7797,Condition normale pour la saison.
2378,2017-06-15,66.46,137.14,9114.3244,Condition normale pour la saison.
2378,2017-07-15,127.81,68.71,8781.8251,Condition normale pour la saison.
2378,2017-08-15,104.86,188.16,19730.4576,Rien à signaler.
2378,2017-09-15,159.64,154.36,24642.0304,Rien à signaler.
2378,2017-10-15,64.57,130.44,8422.5108,Condition normale pour la saison.
2538,2017-05-15,158.95,171.40,27244.0300,Condition normale pour la saison.
2538,2017-06-15,195.32,99.19,19373.7908,Condition normale pour la saison.
2538,2017-07-15,58.63,89.49,5246.7987,Condition normale pour la saison.
2538,2017-08-15,144.59,121.91,17626.9669,Légère variabilité observée.
2538,2017-09-15,159.17,190.57,30333.0269,Rien à signaler.
2538,2017-10-15,107.59,95.46,10270.5414,Condition normale pour la saison.
2364,2017-05-15,199.50,66.50,13266.7500,Condition normale pour la saison.
2364,2017-06-15,165.11,82.52,13624.8772,Condition normale pour la saison.
2364,2017-07-15,161.80,71.55,11576.7900,Condition normale pour la saison.
2364,2017-08-15,80.28,154.61,12412.0908,Rien à signaler.
2364,2017-09-15,97.14,84.15,8174.3310,Condition normale pour la saison.
2364,2017-10-15,185.98,131.73,24499.1454,Condition normale pour la saison.
2265,2017-05-15,143.07,89.13,12751.8291,Rien à signaler.
2265,2017-06-15,138.07,91.31,12607.1717,Légère variabilité observée.
2265,2017-07-15,88.21,132.46,11684.2966,Rien à signaler.
2265,2017-08-15,68.11,52.76,3593.4836,Condition normale pour la saison.
2265,2017-09-15,164.18,133.40,21901.6120,Condition normale pour la saison.
2265,2017-10-15,182.42,117.33,21403.3386,Rien à signaler.
2525,2017-05-15,53.00,100.93,5349.2900,Condition normale pour la saison.
2525,2017-06-15,155.70,107.59,16751.7630,Légère variabilité observée.
2525,2017-07-15,99.16,90.19,8943.2404,Légère variabilité observée.
2525,2017-08-15,117.47,164.82,19361.4054,Condition normale pour la saison.
2525,2017-09-15,71.05,70.08,4979.1840,Condition normale pour la saison.
2525,2017-10-15,57.60,189.42,10910.5920,Légère variabilité observée.
1944,2017-05-15,123.58,104.17,12873.3286,Rien à signaler.
1944,2017-06-15,168.23,123.81,20828.5563,Condition normale pour la saison.
1944,2017-07-15,65.39,160.21,10476.1319,Rien à signaler.
1944,2017-08-15,57.28,192.19,11008.6432,Légère variabilité observée.
1944,2017-09-15,123.38,164.56,20303.4128,Condition normale pour la saison.
1944,2017-10-15,50.76,171.02,8680.9752,Légère variabilité observée.
2161,2017-05-15,73.60,166.63,12263.9680,Rien à signaler.
2161,2017-06-15,83.52,136.87,11431.3824,Rien à signaler.
2161,2017-07-15,57.05,153.37,8749.7585,Condition normale pour la saison.
2161,2017-08-15,172.64,120.37,20780.6768,Condition normale pour la saison.
2161,2017-09-15,82.72,181.94,15050.0768,Condition normale pour la saison.
2161,2017-10-15,110.96,185.12,20540.9152,Légère variabilité observée.
2486,2017-05-15,92.59,179.69,16637.4971,Condition normale pour la saison.
2486,2017-06-15,154.30,157.31,24272.9330,Légère variabilité observée.
2486,2017-07-15,90.58,126.64,11471.0512,Rien à signaler.
2486,2017-08-15,72.79,113.77,8281.3183,Condition normale pour la saison.
2486,2017-09-15,51.86,165.17,8565.7162,Condition normale pour la saison.
2486,2017-10-15,140.42,142.75,20044.9550,Condition normale pour la saison.
2060,2017-05-15,71.08,149.14,10600.8712,Rien à signaler.
2060,2017-06-15,105.65,94.53,9987.0945,Rien à signaler.
2060,2017-07-15,115.67,57.45,6645.2415,Condition normale pour la saison.
2060,2017-08-15,112.87,130.34,14711.4758,Légère variabilité observée.
2060,2017-09-15,187.65,113.66,21328.2990,Légère variabilité observée.
2060,2017-10-15,115.58,66.16,7646.7728,Condition normale pour la saison.
2150,2017-05-15,143.52,56.10,8051.4720,Condition normale pour la saison.
2150,2017-06-15,95.03,56.45,5364.4435,Rien à signaler.
2150,2017-07-15,59.48,120.49,7166.7452,Rien à signaler.
2150,2017-08-15,100.91,152.96,15435.1936,Condition normale pour la saison.
2150,2017-09-15,66.28,56.65,3754.7620,Condition normale pour la saison.
2150,2017-10-15,101.65,110.54,11236.3910,Condition normale pour la saison.
2282,2017-05-15,160.98,54.83,8826.5334,Rien à signaler.
2282,2017-06-15,140.69,178.97,25179.2893,Condition normale pour la saison.
2282,2017-07-15,161.82,53.82,8709.1524,Condition normale pour la saison.
2282,2017-08-15,173.95,138.68,24123.3860,Rien à signaler.
2282,2017-09-15,112.74,139.80,15761.0520,Rien à signaler.
2282,2017-10-15,188.47,155.06,29224.1582,Rien à signaler.
2113,2017-05-15,190.93,179.94,34355.9442,Légère variabilité observée.
2113,2017-06-15,74.90,163.80,12268.6200,Rien à signaler.
2113,2017-07-15,198.03,163.16,32310.5748,Condition normale pour la saison.
2113,2017-08-15,74.18,141.58,10502.4044,Rien à signaler.
2113,2017-09-15,182.83,129.82,23734.9906,Légère variabilité observée.
2113,2017-10-15,54.84,178.22,9773.5848,Condition normale pour la saison.
2064,2017-05-15,188.06,64.12,12058.4072,Rien à signaler.
2064,2017-06-15,74.16,138.96,10305.2736,Légère variabilité observée.
2064,2017-07-15,153.85,61.18,9412.5430,Rien à signaler.
2064,2017-08-15,53.80,161.77,8703.2260,Légère variabilité observée.
2064,2017-09-15,83.60,59.78,4997.6080,Rien à signaler.
2064,2017-10-15,121.47,99.49,12085.0503,Condition normale pour la saison.
2286,2017-05-15,152.52,173.96,26532.3792,Condition normale pour la saison.
2286,2017-06-15,182.53,81.14,14810.4842,Condition normale pour la saison.
2286,2017-07-15,196.82,60.94,11994.2108,Rien à signaler.
2286,2017-08-15,149.88,157.86,23660.0568,Légère variabilité observée.
2286,2017-09-15,160.72,110.15,17703.3080,Condition normale pour la saison.
2286,2017-10-15,188.78,50.19,9474.8682,Condition normale pour la saison.
1877,2017-05-15,139.57,148.17,20680.0869,Légère variabilité observée.
1877,2017-06-15,180.88,62.85,11368.3080,Condition normale pour la saison.
1877,2017-07-15,71.46,162.60,11619.3960,Légère variabilité observée.
1877,2017-08-15,101.55,165.94,16851.2070,Condition normale pour la saison.
1877,2017-09-15,170.05,187.24,31840.1620,Légère variabilité observée.
1877,2017-10-15,81.30,171.64,13954.3320,Condition normale pour la saison.
1985,2017-05-15,169.75,118.04,20037.2900,Condition normale pour la saison.
1985,2017-06-15,142.19,68.85,9789.7815,Condition normale pour la saison.
1985,2017-07-15,179.35,95.65,17154.8275,Rien à signaler.
1985,2017-08-15,159.35,153.94,24530.3390,Condition normale pour la saison.
1985,2017-09-15,52.38,122.88,6436.4544,Condition normale pour la saison.
1985,2017-10-15,151.77,147.76,22425.5352,Légère variabilité observée.
2115,2017-05-15,104.38,133.11,13894.0218,Condition normale pour la saison.
2115,2017-06-15,82.07,95.13,7807.3191,Légère variabilité observée.
2115,2017-07-15,118.59,111.90,13270.2210,Légère variabilité observée.
2115,2017-08-15,187.47,158.87,29783.3589,Condition normale pour la saison.
2115,2017-09-15,116.77,153.50,17924.1950,Condition normale pour la saison.
2115,2017-10-15,53.82,134.91,7260.8562,Condition normale pour la saison.
1823,2017-05-15,175.53,106.56,18704.4768,Légère variabilité observée.
1823,2017-06-15,92.47,171.37,15846.5839,Légère variabilité observée.
1823,2017-07-15,50.57,140.46,7103.0622,Légère variabilité observée.
1823,2017-08-15,105.59,89.87,9489.3733,Légère variabilité observée.
1823,2017-09-15,127.46,60.58,7721.5268,Légère variabilité observée.
1823,2017-10-15,125.61,134.80,16932.2280,Légère variabilité observée.
2222,2017-05-15,159.59,87.63,13984.8717,Condition normale pour la saison.
2222,2017-06-15,144.89,134.79,19529.7231,Condition normale pour la saison.
2222,2017-07-15,93.53,134.99,12625.6147,Condition normale pour la saison.
2222,2017-08-15,102.80,173.79,17865.6120,Rien à signaler.
2222,2017-09-15,123.88,91.93,11388.2884,Condition normale pour la saison.
2222,2017-10-15,112.17,168.07,18852.4119,Rien à signaler.
2574,2017-05-15,99.44,82.04,8158.0576,Condition normale pour la saison.
2574,2017-06-15,68.03,144.41,9824.2123,Condition normale pour la saison.
2574,2017-07-15,140.43,107.55,15103.2465,Condition normale pour la saison.
2574,2017-08-15,113.71,164.75,18733.7225,Condition normale pour la saison.
2574,2017-09-15,132.76,118.31,15706.8356,Rien à signaler.
2574,2017-10-15,158.10,188.90,29865.0900,Rien à signaler.
2347,2017-05-15,83.02,120.75,10024.6650,Légère variabilité observée.
2347,2017-06-15,143.81,184.53,26537.2593,Légère variabilité observée.
2347,2017-07-15,160.96,54.39,8754.6144,Condition normale pour la saison.
2347,2017-08-15,157.98,102.03,16118.6994,Légère variabilité observée.
2347,2017-09-15,193.33,170.82,33024.6306,Condition normale pour la saison.
2347,2017-10-15,65.03,112.85,7338.6355,Rien à signaler.
2569,2017-05-15,133.96,153.42,20552.1432,Condition normale pour la saison.
2569,2017-06-15,77.05,72.07,5552.9935,Condition normale pour la saison.
2569,2017-07-15,134.29,74.41,9992.5189,Condition normale pour la saison.
2569,2017-08-15,163.97,53.63,8793.7111,Condition normale pour la saison.
2569,2017-09-15,163.82,73.47,12035.8554,Rien à signaler.
2569,2017-10-15,178.73,162.95,29124.0535,Condition normale pour la saison.
2414,2017-05-15,64.19,180.42,11581.1598,Légère variabilité observée.
2414,2017-06-15,195.21,196.80,38417.3280,Condition normale pour la saison.
2414,2017-07-15,146.79,155.37,22806.7623,Condition normale pour la saison.
2414,2017-08-15,194.56,179.25,34874.8800,Condition normale pour la saison.
2414,2017-09-15,172.48,79.29,13675.9392,Rien à signaler.
2414,2017-10-15,55.10,133.82,7373.4820,Rien à signaler.
1962,2017-05-15,119.14,157.89,18811.0146,Condition normale pour la saison.
1962,2017-06-15,187.09,160.18,29968.0762,Légère variabilité observée.
1962,2017-07-15,170.57,143.48,24473.3836,Condition normale pour la saison.
1962,2017-08-15,125.60,90.14,11321.5840,Condition normale pour la saison.
1962,2017-09-15,62.58,79.06,4947.5748,Condition normale pour la saison.
1962,2017-10-15,139.69,92.01,12852.8769,Rien à signaler.
1936,2017-05-15,166.65,79.55,13257.0075,Condition normale pour la saison.
1936,2017-06-15,122.18,153.93,18807.1674,Rien à signaler.
1936,2017-07-15,115.81,187.57,21722.4817,Condition normale pour la saison.
1936,2017-08-15,177.54,148.08,26290.1232,Légère variabilité observée.
1936,2017-09-15,163.52,130.28,21303.3856,Légère variabilité observée.
1936,2017-10-15,54.45,134.53,7325.1585,Condition normale pour la saison.
2369,2017-05-15,140.23,88.12,12357.0676,Légère variabilité observée.
2369,2017-06-15,108.30,54.01,5849.2830,Condition normale pour la saison.
2369,2017-07-15,59.33,190.82,11321.3506,Rien à signaler.
2369,2017-08-15,187.25,51.37,9619.0325,Condition normale pour la saison.
2369,2017-09-15,139.82,144.26,20170.4332,Rien à signaler.
2369,2017-10-15,186.96,72.47,13548.9912,Légère variabilité observée.
2151,2017-05-15,98.62,119.10,11745.6420,Rien à signaler.
2151,2017-06-15,93.66,166.01,15548.4966,Condition normale pour la saison.
2151,2017-07-15,143.31,95.90,13743.4290,Rien à signaler.
2151,2017-08-15,157.42,190.35,29964.8970,Condition normale pour la saison.
2151,2017-09-15,97.64,104.87,10239.5068,Condition normale pour la saison.
2151,2017-10-15,64.38,176.05,11334.0990,Condition normale pour la saison.
2202,2017-05-15,69.26,57.94,4012.9244,Légère variabilité observée.
2202,2017-06-15,64.43,197.10,12699.1530,Légère variabilité observée.
2202,2017-07-15,151.18,93.44,14126.2592,Légère variabilité observée.
2202,2017-08-15,126.77,131.79,16707.0183,Condition normale pour la saison.
2202,2017-09-15,155.60,116.57,18138.2920,Condition normale pour la saison.
2202,2017-10-15,142.41,174.38,24833.4558,Condition normale pour la saison.
2359,2017-05-15,98.45,126.78,12481.4910,Condition normale pour la saison.
2359,2017-06-15,77.77,160.34,12469.6418,Légère variabilité observée.
2359,2017-07-15,88.33,186.58,16480.6114,Rien à signaler.
2359,2017-08-15,123.00,149.94,18442.6200,Légère variabilité observée.
2359,2017-09-15,188.33,199.79,37626.4507,Condition normale pour la saison.
2359,2017-10-15,122.93,61.50,7560.1950,Condition normale pour la saison.
1909,2017-05-15,157.74,162.85,25687.9590,Légère variabilité observée.
1909,2017-06-15,183.14,79.27,14517.5078,Légère variabilité observée.
1909,2017-07-15,198.07,101.69,20141.7383,Condition normale pour la saison.
1909,2017-08-15,102.80,109.05,11210.3400,Rien à signaler.
1909,2017-09-15,181.70,54.54,9909.9180,Légère variabilité observée.
1909,2017-10-15,146.05,196.14,28646.2470,Rien à signaler.
2108,2017-05-15,120.91,60.93,7367.0463,Légère variabilité observée.
2108,2017-06-15,104.68,71.94,7530.6792,Condition normale pour la saison.
2108,2017-07-15,88.57,61.02,5404.5414,Condition normale pour la saison.
2108,2017-08-15,167.25,51.64,8636.7900,Condition normale pour la saison.
2108,2017-09-15,118.06,91.49,10801.3094,Condition normale pour la saison.
2108,2017-10-15,188.82,55.61,10500.2802,Condition normale pour la saison.
2310,2017-05-15,199.22,183.93,36642.5346,Condition normale pour la saison.
2310,2017-06-15,154.73,75.03,11609.3919,Légère variabilité observée.
2310,2017-07-15,61.74,150.65,9301.1310,Rien à signaler.
2310,2017-08-15,148.89,178.46,26570.9094,Légère variabilité observée.
2310,2017-09-15,161.80,168.90,27328.0200,Rien à signaler.
2310,2017-10-15,124.86,176.94,22092.7284,Rien à signaler.
1990,2017-05-15,126.99,82.38,10461.4362,Condition normale pour la saison.
1990,2017-06-15,75.69,155.23,11749.3587,Condition normale pour la saison.
1990,2017-07-15,148.80,60.09,8941.3920,Rien à signaler.
1990,2017-08-15,79.33,163.87,12999.8071,Légère variabilité observée.
1990,2017-09-15,175.99,72.30,12724.0770,Condition normale pour la saison.
1990,2017-10-15,80.17,173.07,13875.0219,Légère variabilité observée.
1891,2017-05-15,99.10,177.32,17572.4120,Légère variabilité observée.
1891,2017-06-15,185.87,154.58,28731.7846,Condition normale pour la saison.
1891,2017-07-15,111.61,98.74,11020.3714,Rien à signaler.
1891,2017-08-15,163.18,113.02,18442.6036,Condition normale pour la saison.
1891,2017-09-15,55.74,90.38,5037.7812,Légère variabilité observée.
1891,2017-10-15,137.70,126.48,17416.2960,Légère variabilité observée.
1983,2017-05-15,88.74,59.90,5315.5260,Condition normale pour la saison.
1983,2017-06-15,134.90,129.88,17520.8120,Rien à signaler.
1983,2017-07-15,193.97,112.91,21901.1527,Condition normale pour la saison.
1983,2017-08-15,72.88,72.00,5247.3600,Condition normale pour la saison.
1983,2017-09-15,148.77,99.09,14741.6193,Condition normale pour la saison.
1983,2017-10-15,76.12,79.33,6038.5996,Condition normale pour la saison.
2229,2017-05-15,94.73,129.96,12311.1108,Condition normale pour la saison.
2229,2017-06-15,103.87,112.47,11682.2589,Condition normale pour la saison.
2229,2017-07-15,110.08,165.48,18216.0384,Condition normale pour la saison.
2229,2017-08-15,78.13,182.35,14247.0055,Condition normale pour la saison.
2229,2017-09-15,83.90,58.54,4911.5060,Condition normale pour la saison.
2229,2017-10-15,90.13,197.69,17817.7997,Condition normale pour la saison.
2492,2017-05-15,75.00,185.43,13907.2500,Condition normale pour la saison.
2492,2017-06-15,179.16,160.55,28764.1380,Rien à signaler.
2492,2017-07-15,174.32,107.10,18669.6720,Rien à signaler.
2492,2017-08-15,199.02,85.94,17103.7788,Condition normale pour la saison.
2492,2017-09-15,151.00,180.04,27186.0400,Condition normale pour la saison.
2492,2017-10-15,156.00,94.26,14704.5600,Légère variabilité observée.
2329,2017-05-15,103.03,172.48,17770.6144,Condition normale pour la saison.
2329,2017-06-15,161.36,129.55,20904.1880,Condition normale pour la saison.
2329,2017-07-15,130.50,149.81,19550.2050,Légère variabilité observée.
2329,2017-08-15,195.33,57.51,11233.4283,Condition normale pour la saison.
2329,2017-09-15,60.33,155.61,9387.9513,Rien à signaler.
2329,2017-10-15,158.58,147.85,23446.0530,Condition normale pour la saison.
2043,2017-05-15,121.72,108.99,13266.2628,Rien à signaler.
2043,2017-06-15,193.09,190.12,36710.2708,Condition normale pour la saison.
2043,2017-07-15,60.87,108.78,6621.4386,Légère variabilité observée.
2043,2017-08-15,197.97,108.93,21564.8721,Rien à signaler.
2043,2017-09-15,80.23,103.03,8266.0969,Condition normale pour la saison.
2043,2017-10-15,104.25,152.56,15904.3800,Légère variabilité observée.
2093,2017-05-15,107.06,57.91,6199.8446,Légère variabilité observée.
2093,2017-06-15,80.66,55.17,4450.0122,Condition normale pour la saison.
2093,2017-07-15,175.58,153.96,27032.2968,Légère variabilité observée.
2093,2017-08-15,97.96,128.72,12609.4112,Condition normale pour la saison.
2093,2017-09-15,168.18,182.91,30761.8038,Condition normale pour la saison.
2093,2017-10-15,71.80,187.43,13457.4740,Condition normale pour la saison.
1993,2017-05-15,133.61,118.40,15819.4240,Rien à signaler.
1993,2017-06-15,159.97,141.88,22696.5436,Condition normale pour la saison.
1993,2017-07-15,95.45,83.90,8008.2550,Condition normale pour la saison.
1993,2017-08-15,96.80,91.11,8819.4480,Légère variabilité observée.
1993,2017-09-15,81.42,124.35,10124.5770,Rien à signaler.
1993,2017-10-15,117.58,181.15,21299.6170,Légère variabilité observée.
2004,2017-05-15,133.62,100.61,13443.5082,Condition normale pour la saison.
2004,2017-06-15,174.93,189.78,33198.2154,Condition normale pour la saison.
2004,2017-07-15,140.39,106.02,14884.1478,Condition normale pour la saison.
2004,2017-08-15,88.31,183.04,16164.2624,Condition normale pour la saison.
2004,2017-09-15,184.40,121.24,22356.6560,Condition normale pour la saison.
2004,2017-10-15,175.05,122.47,21438.3735,Légère variabilité observée.
2214,2017-05-15,121.90,56.49,6886.1310,Légère variabilité observée.
2214,2017-06-15,93.08,150.72,14029.0176,Condition normale pour la saison.
2214,2017-07-15,130.15,90.24,11744.7360,Condition normale pour la saison.
2214,2017-08-15,67.14,121.88,8183.0232,Rien à signaler.
2214,2017-09-15,54.32,63.93,3472.6776,Légère variabilité observée.
2214,2017-10-15,110.84,155.59,17245.5956,Condition normale pour la saison.
2026,2017-05-15,54.37,199.91,10869.1067,Rien à signaler.
2026,2017-06-15,109.70,139.40,15292.1800,Condition normale pour la saison.
2026,2017-07-15,153.65,159.43,24496.4195,Condition normale pour la saison.
2026,2017-08-15,63.20,173.61,10972.1520,Condition normale pour la saison.
2026,2017-09-15,71.41,129.42,9241.8822,Condition normale pour la saison.
2026,2017-10-15,96.28,106.75,10277.8900,Légère variabilité observée.
1904,2017-05-15,69.29,116.60,8079.2140,Condition normale pour la saison.
1904,2017-06-15,171.09,162.53,27807.2577,Rien à signaler.
1904,2017-07-15,67.94,111.64,7584.8216,Condition normale pour la saison.
1904,2017-08-15,93.18,77.60,7230.7680,Condition normale pour la saison.
1904,2017-09-15,161.02,138.93,22370.5086,Rien à signaler.
1904,2017-10-15,135.92,84.12,11433.5904,Condition normale pour la saison.
2325,2017-05-15,127.50,84.83,10815.8250,Condition normale pour la saison.
2325,2017-06-15,134.22,141.59,19004.2098,Condition normale pour la saison.
2325,2017-07-15,182.51,131.27,23958.0877,Légère variabilité observée.
2325,2017-08-15,155.80,180.43,28110.9940,Rien à signaler.
2325,2017-09-15,57.74,155.89,9001.0886,Condition normale pour la saison.
2325,2017-10-15,78.56,57.80,4540.7680,Condition normale pour la saison.
2504,2017-05-15,58.87,108.97,6415.0639,Condition normale pour la saison.
2504,2017-06-15,153.88,186.92,28763.2496,Rien à signaler.
2504,2017-07-15,122.63,185.66,22767.4858,Condition normale pour la saison.
2504,2017-08-15,178.93,167.39,29951.0927,Rien à signaler.
2504,2017-09-15,150.98,54.85,8281.2530,Condition normale pour la saison.
2504,2017-10-15,162.57,171.65,27905.1405,Condition normale pour la saison.
1834,2017-05-15,50.95,158.77,8089.3315,Rien à signaler.
1834,2017-06-15,74.54,85.14,6346.3356,Rien à signaler.
1834,2017-07-15,74.74,172.21,12870.9754,Rien à signaler.
1834,2017-08-15,94.71,103.00,9755.1300,Rien à signaler.
1834,2017-09-15,104.48,133.38,13935.5424,Légère variabilité observée.
1834,2017-10-15,118.15,173.91,20547.4665,Condition normale pour la saison.
2127,2017-05-15,110.42,59.32,6550.1144,Condition normale pour la saison.
2127,2017-06-15,136.10,141.19,19215.9590,Rien à signaler.
2127,2017-07-15,120.67,140.62,16968.6154,Rien à signaler.
2127,2017-08-15,198.24,158.08,31337.7792,Légère variabilité observée.
2127,2017-09-15,112.81,187.57,21159.7717,Rien à signaler.
2127,2017-10-15,126.19,81.78,10319.8182,Rien à signaler.
2065,2017-05-15,172.61,179.29,30947.2469,Condition normale pour la saison.
2065,2017-06-15,199.07,131.10,26098.0770,Légère variabilité observée.
2065,2017-07-15,98.96,58.72,5810.9312,Rien à signaler.
2065,2017-08-15,198.09,111.85,22156.3665,Légère variabilité observée.
2065,2017-09-15,71.91,190.91,13728.3381,Condition normale pour la saison.
2065,2017-10-15,158.84,194.12,30834.0208,Condition normale pour la saison.
2160,2017-05-15,165.44,99.55,16469.5520,Rien à signaler.
2160,2017-06-15,167.63,116.29,19493.6927,Condition normale pour la saison.
2160,2017-07-15,104.12,129.75,13509.5700,Légère variabilité observée.
2160,2017-08-15,159.35,127.10,20253.3850,Légère variabilité observée.
2160,2017-09-15,112.43,99.17,11149.6831,Légère variabilité observée.
2160,2017-10-15,184.48,140.06,25838.2688,Rien à signaler.
1864,2017-05-15,94.98,142.73,13556.4954,Rien à signaler.
1864,2017-06-15,139.15,152.88,21273.2520,Légère variabilité observée.
1864,2017-07-15,182.02,71.56,13025.3512,Légère variabilité observée.
1864,2017-08-15,176.50,177.75,31372.8750,Rien à signaler.
1864,2017-09-15,181.67,159.64,29001.7988,Légère variabilité observée.
1864,2017-10-15,134.51,169.08,22742.9508,Condition normale pour la saison.
2023,2017-05-15,164.25,108.47,17816.1975,Condition normale pour la saison.
2023,2017-06-15,74.42,69.19,5149.1198,Condition normale pour la saison.
2023,2017-07-15,135.86,123.65,16799.0890,Rien à signaler.
2023,2017-08-15,106.89,168.59,18020.5851,Condition normale pour la saison.
2023,2017-09-15,193.59,139.47,26999.9973,Condition normale pour la saison.
2023,2017-10-15,121.78,106.58,12979.3124,Condition normale pour la saison.
2490,2017-05-15,115.02,50.16,5769.4032,Rien à signaler.
2490,2017-06-15,182.04,169.88,30924.9552,Légère variabilité observée.
2490,2017-07-15,85.96,72.12,6199.4352,Condition normale pour la saison.
2490,2017-08-15,126.12,166.18,20958.6216,Condition normale pour la saison.
2490,2017-09-15,170.29,89.24,15196.6796,Condition normale pour la saison.
2490,2017-10-15,55.71,170.69,9509.1399,Condition normale pour la saison.
1945,2017-05-15,131.30,87.84,11533.3920,Rien à signaler.
1945,2017-06-15,62.52,88.66,5543.0232,Légère variabilité observée.
1945,2017-07-15,172.58,167.58,28920.9564,Rien à signaler.
1945,2017-08-15,95.41,195.80,18681.2780,Rien à signaler.
1945,2017-09-15,118.13,111.88,13216.3844,Rien à signaler.
1945,2017-10-15,60.22,143.72,8654.8184,Rien à signaler.
2382,2017-05-15,152.27,159.26,24250.5202,Condition normale pour la saison.
2382,2017-06-15,72.92,140.35,10234.3220,Légère variabilité observée.
2382,2017-07-15,190.64,89.99,17155.6936,Condition normale pour la saison.
2382,2017-08-15,72.82,108.59,7907.5238,Rien à signaler.
2382,2017-09-15,76.78,191.31,14688.7818,Condition normale pour la saison.
2382,2017-10-15,63.49,88.85,5641.0865,Rien à signaler.
2134,2017-05-15,83.35,107.33,8945.9555,Condition normale pour la saison.
2134,2017-06-15,96.32,69.98,6740.4736,Rien à signaler.
2134,2017-07-15,116.70,50.52,5895.6840,Condition normale pour la saison.
2134,2017-08-15,125.39,50.10,6282.0390,Rien à signaler.
2134,2017-09-15,81.25,126.67,10291.9375,Condition normale pour la saison.
2134,2017-10-15,165.12,152.26,25141.1712,Condition normale pour la saison.
2301,2017-05-15,82.18,148.04,12165.9272,Condition normale pour la saison.
2301,2017-06-15,99.55,63.10,6281.6050,Condition normale pour la saison.
2301,2017-07-15,187.59,99.83,18727.1097,Condition normale pour la saison.
2301,2017-08-15,153.17,89.94,13776.1098,Condition normale pour la saison.
2301,2017-09-15,182.15,169.73,30916.3195,Légère variabilité observée.
2301,2017-10-15,183.32,128.84,23618.9488,Légère variabilité observée.
1889,2017-05-15,160.46,124.18,19925.9228,Condition normale pour la saison.
1889,2017-06-15,131.72,79.54,10477.0088,Condition normale pour la saison.
1889,2017-07-15,86.49,105.65,9137.6685,Condition normale pour la saison.
1889,2017-08-15,143.63,184.19,26455.2097,Rien à signaler.
1889,2017-09-15,109.58,106.25,11642.8750,Légère variabilité observée.
1889,2017-10-15,125.81,155.93,19617.5533,Légère variabilité observée.
1929,2017-05-15,72.52,93.15,6755.2380,Condition normale pour la saison.
1929,2017-06-15,69.72,170.53,11889.3516,Condition normale pour la saison.
1929,2017-07-15,188.71,67.07,12656.7797,Légère variabilité observée.
1929,2017-08-15,60.92,98.73,6014.6316,Légère variabilité observée.
1929,2017-09-15,171.66,133.32,22885.7112,Légère variabilité observée.
1929,2017-10-15,178.95,94.24,16864.2480,Condition normale pour la saison.
2031,2017-05-15,54.25,187.73,10184.3525,Condition normale pour la saison.
2031,2017-06-15,147.47,164.51,24260.2897,Rien à signaler.
2031,2017-07-15,178.80,136.06,24327.5280,Légère variabilité observée.
2031,2017-08-15,146.24,130.64,19104.7936,Condition normale pour la saison.
2031,2017-09-15,139.86,115.93,16213.9698,Rien à signaler.
2031,2017-10-15,171.96,162.87,28007.1252,Condition normale pour la saison.
2558,2017-05-15,162.33,118.88,19297.7904,Condition normale pour la saison.
2558,2017-06-15,102.10,178.19,18193.1990,Rien à signaler.
2558,2017-07-15,51.25,79.81,4090.2625,Légère variabilité observée.
2558,2017-08-15,51.97,193.25,10043.2025,Condition normale pour la saison.
2558,2017-09-15,171.10,130.86,22390.1460,Condition normale pour la saison.
2558,2017-10-15,90.17,138.52,12490.3484,Légère variabilité observée.
2277,2017-05-15,97.31,61.18,5953.4258,Condition normale pour la saison.
2277,2017-06-15,167.96,180.78,30363.8088,Condition normale pour la saison.
2277,2017-07-15,62.02,159.53,9894.0506,Condition normale pour la saison.
2277,2017-08-15,105.17,62.85,6609.9345,Légère variabilité observée.
2277,2017-09-15,68.32,113.30,7740.6560,Légère variabilité observée.
2277,2017-10-15,122.32,105.79,12940.2328,Rien à signaler.
2025,2017-05-15,171.22,71.75,12285.0350,Condition normale pour la saison.
2025,2017-06-15,89.81,109.47,9831.5007,Condition normale pour la saison.
2025,2017-07-15,63.78,86.73,5531.6394,Légère variabilité observée.
2025,2017-08-15,174.58,143.54,25059.2132,Légère variabilité observée.
2025,2017-09-15,109.45,190.79,20881.9655,Condition normale pour la saison.
2025,2017-10-15,67.23,97.78,6573.7494,Condition normale pour la saison.
1867,2017-05-15,111.91,146.34,16376.9094,Condition normale pour la saison.
1867,2017-06-15,172.59,92.68,15995.6412,Condition normale pour la saison.
1867,2017-07-15,138.77,62.03,8607.9031,Rien à signaler.
1867,2017-08-15,163.47,127.63,20863.6761,Rien à signaler.
1867,2017-09-15,120.74,130.79,15791.5846,Légère variabilité observée.
1867,2017-10-15,135.48,53.96,7310.5008,Condition normale pour la saison.
1893,2017-05-15,53.44,69.11,3693.2384,Rien à signaler.
1893,2017-06-15,174.82,178.49,31203.6218,Condition normale pour la saison.
1893,2017-07-15,67.53,125.52,8476.3656,Rien à signaler.
1893,2017-08-15,198.63,160.58,31896.0054,Condition normale pour la saison.
1893,2017-09-15,192.85,92.81,17898.4085,Rien à signaler.
1893,2017-10-15,179.86,181.82,32702.1452,Condition normale pour la saison.
2117,2017-05-15,50.43,132.27,6670.3761,Condition normale pour la saison.
2117,2017-06-15,116.65,75.79,8840.9035,Condition normale pour la saison.
2117,2017-07-15,168.35,161.54,27195.2590,Légère variabilité observée.
2117,2017-08-15,60.08,136.56,8204.5248,Condition normale pour la saison.
2117,2017-09-15,144.79,85.57,12389.6803,Condition normale pour la saison.
2117,2017-10-15,123.12,150.73,18557.8776,Condition normale pour la saison.
2591,2017-05-15,59.35,189.06,11220.7110,Condition normale pour la saison.
2591,2017-06-15,193.33,102.93,19899.4569,Rien à signaler.
2591,2017-07-15,131.26,81.03,10635.9978,Légère variabilité observée.
2591,2017-08-15,141.98,58.28,8274.5944,Condition normale pour la saison.
2591,2017-09-15,169.25,168.70,28552.4750,Condition normale pour la saison.
2591,2017-10-15,147.04,52.64,7740.1856,Condition normale pour la saison.
2050,2017-05-15,145.45,165.78,24112.7010,Condition normale pour la saison.
2050,2017-06-15,84.26,69.13,5824.8938,Condition normale pour la saison.
2050,2017-07-15,123.67,171.95,21265.0565,Condition normale pour la saison.
2050,2017-08-15,191.12,86.37,16507.0344,Rien à signaler.
2050,2017-09-15,53.01,194.55,10313.0955,Légère variabilité observée.
2050,2017-10-15,179.79,144.96,26062.3584,Condition normale pour la saison.
2087,2017-05-15,167.58,167.44,28059.5952,Condition normale pour la saison.
2087,2017-06-15,87.66,141.66,12417.9156,Condition normale pour la saison.
2087,2017-07-15,192.22,191.52,36813.9744,Condition normale pour la saison.
2087,2017-08-15,192.28,112.93,21714.1804,Condition normale pour la saison.
2087,2017-09-15,111.96,135.86,15210.8856,Condition normale pour la saison.
2087,2017-10-15,152.15,148.29,22562.3235,Rien à signaler.
1917,2017-05-15,122.50,134.34,16456.6500,Légère variabilité observée.
1917,2017-06-15,171.60,140.55,24118.3800,Rien à signaler.
1917,2017-07-15,146.55,57.67,8451.5385,Condition normale pour la saison.
1917,2017-08-15,76.02,160.83,12226.2966,Rien à signaler.
1917,2017-09-15,175.46,95.16,16696.7736,Condition normale pour la saison.
1917,2017-10-15,181.01,87.46,15831.1346,Condition normale pour la saison.
2447,2017-05-15,175.62,158.62,27856.8444,Condition normale pour la saison.
2447,2017-06-15,138.94,169.93,23610.0742,Condition normale pour la saison.
2447,2017-07-15,166.19,165.00,27421.3500,Condition normale pour la saison.
2447,2017-08-15,129.86,120.04,15588.3944,Légère variabilité observée.
2447,2017-09-15,110.94,173.94,19296.9036,Condition normale pour la saison.
2447,2017-10-15,106.56,50.91,5424.9696,Légère variabilité observée.
1824,2017-05-15,161.66,163.67,26458.8922,Condition normale pour la saison.
1824,2017-06-15,54.49,81.42,4436.5758,Légère variabilité observée.
1824,2017-07-15,123.06,128.20,15776.2920,Rien à signaler.
1824,2017-08-15,191.53,197.27,37783.1231,Rien à signaler.
1824,2017-09-15,168.53,54.29,9149.4937,Légère variabilité observée.
1824,2017-10-15,50.09,151.33,7580.1197,Légère variabilité observée.
2059,2017-05-15,85.50,197.18,16858.8900,Légère variabilité observée.
2059,2017-06-15,112.93,124.48,14057.5264,Légère variabilité observée.
2059,2017-07-15,174.15,67.57,11767.3155,Condition normale pour la saison.
2059,2017-08-15,182.56,119.99,21905.3744,Condition normale pour la saison.
2059,2017-09-15,153.03,149.67,22904.0001,Condition normale pour la saison.
2059,2017-10-15,62.71,103.40,6484.2140,Légère variabilité observée.
1953,2017-05-15,145.75,101.85,14844.6375,Condition normale pour la saison.
1953,2017-06-15,59.82,177.52,10619.2464,Légère variabilité observée.
1953,2017-07-15,116.65,140.27,16362.4955,Condition normale pour la saison.
1953,2017-08-15,89.11,199.75,17799.7225,Légère variabilité observée.
1953,2017-09-15,180.74,188.51,34071.2974,Légère variabilité observée.
1953,2017-10-15,152.09,73.18,11129.9462,Condition normale pour la saison.
1997,2017-05-15,145.11,62.34,9046.1574,Légère variabilité observée.
1997,2017-06-15,183.81,85.80,15770.8980,Condition normale pour la saison.
1997,2017-07-15,59.06,74.27,4386.3862,Rien à signaler.
1997,2017-08-15,74.57,169.92,12670.9344,Condition normale pour la saison.
1997,2017-09-15,130.08,168.90,21970.5120,Rien à signaler.
1997,2017-10-15,72.01,68.36,4922.6036,Condition normale pour la saison.
1830,2017-05-15,96.95,181.22,17569.2790,Rien à signaler.
1830,2017-06-15,50.30,199.08,10013.7240,Condition normale pour la saison.
1830,2017-07-15,114.68,98.92,11344.1456,Condition normale pour la saison.
1830,2017-08-15,104.00,68.69,7143.7600,Légère variabilité observée.
1830,2017-09-15,175.52,151.32,26559.6864,Condition normale pour la saison.
1830,2017-10-15,124.74,181.74,22670.2476,Rien à signaler.
1996,2017-05-15,181.60,133.09,24169.1440,Condition normale pour la saison.
1996,2017-06-15,176.89,69.59,12309.7751,Légère variabilité observée.
1996,2017-07-15,169.27,197.80,33481.6060,Condition normale pour la saison.
1996,2017-08-15,158.33,139.11,22025.2863,Rien à signaler.
1996,2017-09-15,133.56,181.94,24299.9064,Condition normale pour la saison.
1996,2017-10-15,163.56,129.04,21105.7824,Condition normale pour la saison.
2139,2017-05-15,69.71,147.32,10269.6772,Condition normale pour la saison.
2139,2017-06-15,152.63,120.38,18373.5994,Condition normale pour la saison.
2139,2017-07-15,77.68,131.18,10190.0624,Condition normale pour la saison.
2139,2017-08-15,136.07,66.03,8984.7021,Condition normale pour la saison.
2139,2017-09-15,157.81,142.00,22409.0200,Condition normale pour la saison.
2139,2017-10-15,64.91,70.69,4588.4879,Rien à signaler.
2179,2017-05-15,183.98,186.60,34330.6680,Condition normale pour la saison.
2179,2017-06-15,130.69,97.14,12695.2266,Condition normale pour la saison.
2179,2017-07-15,169.37,187.66,31783.9742,Condition normale pour la saison.
2179,2017-08-15,112.72,134.71,15184.5112,Condition normale pour la saison.
2179,2017-09-15,113.97,118.19,13470.1143,Condition normale pour la saison.
2179,2017-10-15,130.52,59.49,7764.6348,Condition normale pour la saison.
2046,2017-05-15,168.71,188.30,31768.0930,Condition normale pour la saison.
2046,2017-06-15,177.89,108.39,19281.4971,Condition normale pour la saison.
2046,2017-07-15,116.95,120.50,14092.4750,Légère variabilité observée.
2046,2017-08-15,158.94,145.47,23121.0018,Légère variabilité observée.
2046,2017-09-15,179.32,133.11,23869.2852,Légère variabilité observée.
2046,2017-10-15,133.13,173.83,23141.9879,Condition normale pour la saison.
2074,2017-05-15,120.46,154.95,18665.2770,Condition normale pour la saison.
2074,2017-06-15,78.94,113.44,8954.9536,Condition normale pour la saison.
2074,2017-07-15,114.59,110.11,12617.5049,Légère variabilité observée.
2074,2017-08-15,186.29,148.16,27600.7264,Condition normale pour la saison.
2074,2017-09-15,95.89,166.03,15920.6167,Rien à signaler.
2074,2017-10-15,189.12,75.17,14216.1504,Rien à signaler.
1999,2017-05-15,86.35,128.66,11109.7910,Légère variabilité observée.
1999,2017-06-15,100.40,112.84,11329.1360,Condition normale pour la saison.
1999,2017-07-15,151.05,68.73,10381.6665,Condition normale pour la saison.
1999,2017-08-15,110.12,122.62,13502.9144,Rien à signaler.
1999,2017-09-15,131.22,73.94,9702.4068,Condition normale pour la saison.
1999,2017-10-15,196.47,53.01,10414.8747,Condition normale pour la saison.
2410,2017-05-15,116.05,58.28,6763.3940,Légère variabilité observée.
2410,2017-06-15,117.52,100.14,11768.4528,Condition normale pour la saison.
2410,2017-07-15,187.70,198.87,37327.8990,Condition normale pour la saison.
2410,2017-08-15,129.30,98.75,12768.3750,Rien à signaler.
2410,2017-09-15,190.99,88.19,16843.4081,Condition normale pour la saison.
2410,2017-10-15,127.86,137.98,17642.1228,Condition normale pour la saison.
2081,2017-05-15,118.97,119.22,14183.6034,Condition normale pour la saison.
2081,2017-06-15,147.80,144.64,21377.7920,Condition normale pour la saison.
2081,2017-07-15,142.80,71.48,10207.3440,Légère variabilité observée.
2081,2017-08-15,74.76,90.46,6762.7896,Condition normale pour la saison.
2081,2017-09-15,198.45,105.18,20872.9710,Condition normale pour la saison.
2081,2017-10-15,79.34,100.57,7979.2238,Légère variabilité observée.
2522,2017-05-15,91.68,64.75,5936.2800,Légère variabilité observée.
2522,2017-06-15,189.88,147.87,28077.5556,Rien à signaler.
2522,2017-07-15,134.51,152.95,20573.3045,Rien à signaler.
2522,2017-08-15,105.84,99.44,10524.7296,Rien à signaler.
2522,2017-09-15,125.48,66.00,8281.6800,Condition normale pour la saison.
2522,2017-10-15,142.13,143.08,20335.9604,Condition normale pour la saison.
2441,2017-05-15,131.72,87.92,11580.8224,Condition normale pour la saison.
2441,2017-06-15,82.96,177.18,14698.8528,Légère variabilité observée.
2441,2017-07-15,114.91,153.30,17615.7030,Légère variabilité observée.
2441,2017-08-15,194.16,95.86,18612.1776,Condition normale pour la saison.
2441,2017-09-15,153.05,149.37,22861.0785,Condition normale pour la saison.
2441,2017-10-15,119.29,78.82,9402.4378,Condition normale pour la saison.
2507,2017-05-15,69.47,151.63,10533.7361,Condition normale pour la saison.
2507,2017-06-15,175.42,127.92,22439.7264,Condition normale pour la saison.
2507,2017-07-15,69.13,106.11,7335.3843,Condition normale pour la saison.
2507,2017-08-15,112.61,130.65,14712.4965,Légère variabilité observée.
2507,2017-09-15,112.78,66.05,7449.1190,Condition normale pour la saison.
2507,2017-10-15,137.38,140.30,19274.4140,Condition normale pour la saison.
1887,2017-05-15,50.80,130.23,6615.6840,Condition normale pour la saison.
1887,2017-06-15,162.32,120.59,19574.1688,Condition normale pour la saison.
1887,2017-07-15,135.83,87.59,11897.3497,Condition normale pour la saison.
1887,2017-08-15,98.60,145.88,14383.7680,Légère variabilité observée.
1887,2017-09-15,122.18,186.95,22841.5510,Condition normale pour la saison.
1887,2017-10-15,188.18,143.80,27060.2840,Condition normale pour la saison.
2210,2017-05-15,185.02,94.96,17569.4992,Légère variabilité observée.
2210,2017-06-15,82.34,124.58,10257.9172,Légère variabilité observée.
2210,2017-07-15,54.99,164.64,9053.5536,Condition normale pour la saison.
2210,2017-08-15,98.17,125.84,12353.7128,Rien à signaler.
2210,2017-09-15,59.04,55.88,3299.1552,Légère variabilité observée.
2210,2017-10-15,173.81,64.50,11210.7450,Condition normale pour la saison.
2006,2017-05-15,119.51,120.18,14362.7118,Condition normale pour la saison.
2006,2017-06-15,64.97,159.74,10378.3078,Condition normale pour la saison.
2006,2017-07-15,185.76,78.06,14500.4256,Condition normale pour la saison.
2006,2017-08-15,82.47,72.10,5946.0870,Légère variabilité observée.
2006,2017-09-15,198.31,96.48,19132.9488,Légère variabilité observée.
2006,2017-10-15,50.20,116.86,5866.3720,Légère variabilité observée.
2481,2017-05-15,84.53,97.93,8278.0229,Condition normale pour la saison.
2481,2017-06-15,117.38,97.92,11493.8496,Condition normale pour la saison.
2481,2017-07-15,127.73,115.80,14791.1340,Condition normale pour la saison.
2481,2017-08-15,172.88,127.46,22035.2848,Rien à signaler.
2481,2017-09-15,86.87,93.39,8112.7893,Rien à signaler.
2481,2017-10-15,149.60,188.37,28180.1520,Rien à signaler.
2593,2017-05-15,111.71,162.06,18103.7226,Condition normale pour la saison.
2593,2017-06-15,142.45,62.12,8848.9940,Condition normale pour la saison.
2593,2017-07-15,168.58,165.95,27975.8510,Condition normale pour la saison.
2593,2017-08-15,59.60,196.24,11695.9040,Légère variabilité observée.
2593,2017-09-15,50.82,88.17,4480.7994,Condition normale pour la saison.
2593,2017-10-15,128.28,122.19,15674.5332,Légère variabilité observée.
2435,2017-05-15,127.18,75.17,9560.1206,Condition normale pour la saison.
2435,2017-06-15,80.95,171.93,13917.7335,Légère variabilité observée.
2435,2017-07-15,137.40,152.73,20985.1020,Condition normale pour la saison.
2435,2017-08-15,50.37,141.10,7107.2070,Légère variabilité observée.
2435,2017-09-15,161.26,100.71,16240.4946,Condition normale pour la saison.
2435,2017-10-15,94.58,184.29,17430.1482,Légère variabilité observée.
2092,2017-05-15,72.11,74.86,5398.1546,Rien à signaler.
2092,2017-06-15,130.54,110.09,14371.1486,Légère variabilité observée.
2092,2017-07-15,189.20,180.49,34148.7080,Condition normale pour la saison.
2092,2017-08-15,57.76,63.84,3687.3984,Légère variabilité observée.
2092,2017-09-15,158.71,56.85,9022.6635,Condition normale pour la saison.
2092,2017-10-15,161.47,184.55,29799.2885,Condition normale pour la saison.
1921,2017-05-15,172.02,56.17,9662.3634,Légère variabilité observée.
1921,2017-06-15,57.93,119.95,6948.7035,Légère variabilité observée.
1921,2017-07-15,117.54,134.18,15771.5172,Condition normale pour la saison.
1921,2017-08-15,141.46,147.56,20873.8376,Condition normale pour la saison.
1921,2017-09-15,150.51,63.98,9629.6298,Légère variabilité observée.
1921,2017-10-15,132.38,130.97,17337.8086,Rien à signaler.
2276,2017-05-15,191.78,73.39,14074.7342,Condition normale pour la saison.
2276,2017-06-15,78.28,142.16,11128.2848,Condition normale pour la saison.
2276,2017-07-15,80.46,76.75,6175.3050,Condition normale pour la saison.
2276,2017-08-15,118.79,143.93,17097.4447,Rien à signaler.
2276,2017-09-15,87.87,194.35,17077.5345,Condition normale pour la saison.
2276,2017-10-15,166.84,61.70,10294.0280,Rien à signaler.
1861,2017-05-15,141.86,93.86,13314.9796,Condition normale pour la saison.
1861,2017-06-15,142.04,175.03,24861.2612,Légère variabilité observée.
1861,2017-07-15,193.95,115.42,22385.7090,Rien à signaler.
1861,2017-08-15,50.89,189.53,9645.1817,Légère variabilité observée.
1861,2017-09-15,94.71,141.39,13391.0469,Condition normale pour la saison.
1861,2017-10-15,107.24,105.42,11305.2408,Rien à signaler.
2169,2017-05-15,136.54,87.41,11934.9614,Condition normale pour la saison.
2169,2017-06-15,95.59,161.45,15433.0055,Condition normale pour la saison.
2169,2017-07-15,153.07,131.48,20125.6436,Légère variabilité observée.
2169,2017-08-15,182.63,150.47,27480.3361,Légère variabilité observée.
2169,2017-09-15,52.98,125.49,6648.4602,Rien à signaler.
2169,2017-10-15,132.61,118.29,15686.4369,Légère variabilité observée.
2376,2017-05-15,58.94,62.34,3674.3196,Condition normale pour la saison.
2376,2017-06-15,65.69,53.99,3546.6031,Rien à signaler.
2376,2017-07-15,151.62,165.33,25067.3346,Condition normale pour la saison.
2376,2017-08-15,131.66,106.18,13979.6588,Condition normale pour la saison.
2376,2017-09-15,192.92,111.05,21423.7660,Légère variabilité observée.
2376,2017-10-15,162.37,138.41,22473.6317,Condition normale pour la saison.
1840,2017-05-15,94.60,87.83,8308.7180,Rien à signaler.
1840,2017-06-15,134.42,178.64,24012.7888,Rien à signaler.
1840,2017-07-15,127.20,76.66,9751.1520,Condition normale pour la saison.
1840,2017-08-15,127.32,79.63,10138.4916,Condition normale pour la saison.
1840,2017-09-15,142.90,180.61,25809.1690,Condition normale pour la saison.
1840,2017-10-15,56.95,181.73,10349.5235,Condition normale pour la saison.
1975,2017-05-15,83.74,87.83,7354.8842,Condition normale pour la saison.
1975,2017-06-15,96.14,115.61,11114.7454,Condition normale pour la saison.
1975,2017-07-15,168.21,87.39,14699.8719,Condition normale pour la saison.
1975,2017-08-15,166.07,197.54,32805.4678,Condition normale pour la saison.
1975,2017-09-15,102.46,112.76,11553.3896,Rien à signaler.
1975,2017-10-15,186.74,133.37,24905.5138,Condition normale pour la saison.
2270,2017-05-15,110.52,111.60,12334.0320,Condition normale pour la saison.
2270,2017-06-15,183.18,90.21,16524.6678,Condition normale pour la saison.
2270,2017-07-15,128.22,170.11,21811.5042,Condition normale pour la saison.
2270,2017-08-15,182.47,119.66,21834.3602,Légère variabilité observée.
2270,2017-09-15,158.18,92.78,14675.9404,Légère variabilité observée.
2270,2017-10-15,61.67,51.71,3188.9557,Rien à signaler.
2187,2017-05-15,137.22,104.19,14296.9518,Légère variabilité observée.
2187,2017-06-15,180.02,82.13,14785.0426,Condition normale pour la saison.
2187,2017-07-15,61.46,64.54,3966.6284,Condition normale pour la saison.
2187,2017-08-15,112.59,83.35,9384.3765,Condition normale pour la saison.
2187,2017-09-15,175.34,144.46,25329.6164,Condition normale pour la saison.
2187,2017-10-15,187.80,142.75,26808.4500,Rien à signaler.
2073,2017-05-15,162.23,91.77,14887.8471,Rien à signaler.
2073,2017-06-15,188.64,91.38,17237.9232,Condition normale pour la saison.
2073,2017-07-15,67.66,125.81,8512.3046,Condition normale pour la saison.
2073,2017-08-15,54.17,156.99,8504.1483,Condition normale pour la saison.
2073,2017-09-15,189.54,198.93,37705.1922,Légère variabilité observée.
2073,2017-10-15,129.24,187.34,24211.8216,Rien à signaler.
2583,2017-05-15,190.33,87.11,16579.6463,Condition normale pour la saison.
2583,2017-06-15,51.30,89.37,4584.6810,Rien à signaler.
2583,2017-07-15,196.12,71.29,13981.3948,Légère variabilité observée.
2583,2017-08-15,51.93,168.32,8740.8576,Condition normale pour la saison.
2583,2017-09-15,157.58,121.65,19169.6070,Rien à signaler.
2583,2017-10-15,120.99,56.29,6810.5271,Condition normale pour la saison.
2287,2017-05-15,91.03,168.79,15364.9537,Rien à signaler.
2287,2017-06-15,142.57,76.55,10913.7335,Condition normale pour la saison.
2287,2017-07-15,96.97,193.85,18797.6345,Condition normale pour la saison.
2287,2017-08-15,179.49,157.02,28183.5198,Condition normale pour la saison.
2287,2017-09-15,182.56,187.25,34184.3600,Condition normale pour la saison.
2287,2017-10-15,187.37,179.53,33638.5361,Rien à signaler.
2476,2017-05-15,83.86,102.40,8587.2640,Rien à signaler.
2476,2017-06-15,68.93,98.03,6757.2079,Condition normale pour la saison.
2476,2017-07-15,172.22,146.99,25314.6178,Condition normale pour la saison.
2476,2017-08-15,156.70,136.57,21400.5190,Rien à signaler.
2476,2017-09-15,199.55,78.36,15636.7380,Condition normale pour la saison.
2476,2017-10-15,65.72,150.01,9858.6572,Condition normale pour la saison.
2321,2017-05-15,199.23,148.99,29683.2777,Condition normale pour la saison.
2321,2017-06-15,77.04,119.62,9215.5248,Condition normale pour la saison.
2321,2017-07-15,60.78,198.27,12050.8506,Rien à signaler.
2321,2017-08-15,180.83,194.56,35182.2848,Légère variabilité observée.
2321,2017-09-15,128.34,177.79,22817.5686,Légère variabilité observée.
2321,2017-10-15,182.97,131.55,24069.7035,Condition normale pour la saison.
2472,2017-05-15,166.81,106.20,17715.2220,Rien à signaler.
2472,2017-06-15,159.69,155.23,24788.6787,Condition normale pour la saison.
2472,2017-07-15,57.93,102.61,5944.1973,Rien à signaler.
2472,2017-08-15,108.94,112.28,12231.7832,Condition normale pour la saison.
2472,2017-09-15,74.42,100.05,7445.7210,Légère variabilité observée.
2472,2017-10-15,68.82,155.19,10680.1758,Condition normale pour la saison.
2158,2017-05-15,154.57,70.24,10856.9968,Condition normale pour la saison.
2158,2017-06-15,184.77,112.23,20736.7371,Légère variabilité observée.
2158,2017-07-15,61.52,69.74,4290.4048,Rien à signaler.
2158,2017-08-15,160.69,85.74,13777.5606,Condition normale pour la saison.
2158,2017-09-15,106.93,55.56,5941.0308,Rien à signaler.
2158,2017-10-15,144.72,187.97,27203.0184,Condition normale pour la saison.
1920,2017-05-15,179.30,129.41,23203.2130,Rien à signaler.
1920,2017-06-15,121.26,168.41,20421.3966,Rien à signaler.
1920,2017-07-15,118.73,71.53,8492.7569,Condition normale pour la saison.
1920,2017-08-15,199.34,107.42,21413.1028,Condition normale pour la saison.
1920,2017-09-15,95.57,130.21,12444.1697,Condition normale pour la saison.
1920,2017-10-15,56.47,171.02,9657.4994,Condition normale pour la saison.
2290,2017-05-15,98.00,98.90,9692.2000,Condition normale pour la saison.
2290,2017-06-15,90.19,92.66,8357.0054,Rien à signaler.
2290,2017-07-15,154.35,133.02,20531.6370,Condition normale pour la saison.
2290,2017-08-15,114.56,54.54,6248.1024,Condition normale pour la saison.
2290,2017-09-15,137.09,193.69,26552.9621,Rien à signaler.
2290,2017-10-15,115.40,186.98,21577.4920,Condition normale pour la saison.
1895,2017-05-15,84.43,122.45,10338.4535,Condition normale pour la saison.
1895,2017-06-15,111.92,80.41,8999.4872,Légère variabilité observée.
1895,2017-07-15,192.71,169.00,32567.9900,Condition normale pour la saison.
1895,2017-08-15,73.75,140.28,10345.6500,Légère variabilité observée.
1895,2017-09-15,177.18,180.34,31952.6412,Condition normale pour la saison.
1895,2017-10-15,127.18,151.88,19316.0984,Légère variabilité observée.
1987,2017-05-15,89.43,166.06,14850.7458,Légère variabilité observée.
1987,2017-06-15,89.52,183.45,16422.4440,Légère variabilité observée.
1987,2017-07-15,187.97,199.27,37456.7819,Condition normale pour la saison.
1987,2017-08-15,197.03,162.44,32005.5532,Rien à signaler.
1987,2017-09-15,66.24,99.18,6569.6832,Rien à signaler.
1987,2017-10-15,92.71,161.44,14967.1024,Légère variabilité observée.
1863,2017-05-15,181.92,123.12,22397.9904,Condition normale pour la saison.
1863,2017-06-15,186.65,119.60,22323.3400,Condition normale pour la saison.
1863,2017-07-15,98.54,51.93,5117.1822,Condition normale pour la saison.
1863,2017-08-15,197.51,102.21,20187.4971,Condition normale pour la saison.
1863,2017-09-15,183.12,54.25,9934.2600,Rien à signaler.
1863,2017-10-15,176.47,139.32,24585.8004,Condition normale pour la saison.
1960,2017-05-15,92.24,194.65,17954.5160,Rien à signaler.
1960,2017-06-15,95.44,199.73,19062.2312,Condition normale pour la saison.
1960,2017-07-15,110.92,67.62,7500.4104,Légère variabilité observée.
1960,2017-08-15,184.73,127.77,23602.9521,Légère variabilité observée.
1960,2017-09-15,174.99,188.37,32962.8663,Rien à signaler.
1960,2017-10-15,116.93,69.78,8159.3754,Condition normale pour la saison.
1958,2017-05-15,96.64,150.63,14556.8832,Rien à signaler.
1958,2017-06-15,66.16,197.59,13072.5544,Légère variabilité observée.
1958,2017-07-15,174.43,103.52,18056.9936,Rien à signaler.
1958,2017-08-15,158.49,77.90,12346.3710,Condition normale pour la saison.
1958,2017-09-15,177.22,188.62,33427.2364,Condition normale pour la saison.
1958,2017-10-15,149.91,129.39,19396.8549,Rien à signaler.
2170,2017-05-15,137.37,152.92,21006.6204,Légère variabilité observée.
2170,2017-06-15,97.57,149.59,14595.4963,Condition normale pour la saison.
2170,2017-07-15,150.10,77.07,11568.2070,Légère variabilité observée.
2170,2017-08-15,171.55,126.99,21785.1345,Rien à signaler.
2170,2017-09-15,197.95,78.62,15562.8290,Condition normale pour la saison.
2170,2017-10-15,103.67,71.28,7389.5976,Condition normale pour la saison.
2449,2017-05-15,87.60,170.52,14937.5520,Rien à signaler.
2449,2017-06-15,152.58,146.62,22371.2796,Légère variabilité observée.
2449,2017-07-15,172.23,139.09,23955.4707,Rien à signaler.
2449,2017-08-15,139.07,180.46,25096.5722,Condition normale pour la saison.
2449,2017-09-15,187.72,145.65,27341.4180,Rien à signaler.
2449,2017-10-15,183.02,78.59,14383.5418,Condition normale pour la saison.
1971,2017-05-15,155.26,136.22,21149.5172,Rien à signaler.
1971,2017-06-15,96.09,144.01,13837.9209,Rien à signaler.
1971,2017-07-15,187.70,188.56,35392.7120,Condition normale pour la saison.
1971,2017-08-15,150.77,88.78,13385.3606,Condition normale pour la saison.
1971,2017-09-15,198.00,87.47,17319.0600,Condition normale pour la saison.
1971,2017-10-15,94.25,130.01,12253.4425,Condition normale pour la saison.
1932,2017-05-15,88.01,82.58,7267.8658,Condition normale pour la saison.
1932,2017-06-15,168.22,128.52,21619.6344,Légère variabilité observée.
1932,2017-07-15,109.16,66.49,7258.0484,Rien à signaler.
1932,2017-08-15,196.62,193.60,38065.6320,Rien à signaler.
1932,2017-09-15,131.02,187.73,24596.3846,Condition normale pour la saison.
1932,2017-10-15,73.77,61.43,4531.6911,Légère variabilité observée.
2017,2017-05-15,189.33,60.62,11477.1846,Rien à signaler.
2017,2017-06-15,81.60,50.85,4149.3600,Légère variabilité observée.
2017,2017-07-15,96.90,186.94,18114.4860,Légère variabilité observée.
2017,2017-08-15,197.00,66.11,13023.6700,Rien à signaler.
2017,2017-09-15,60.77,197.64,12010.5828,Légère variabilité observée.
2017,2017-10-15,104.87,191.73,20106.7251,Légère variabilité observée.
1832,2017-05-15,125.77,76.86,9666.6822,Rien à signaler.
1832,2017-06-15,51.89,159.40,8271.2660,Condition normale pour la saison.
1832,2017-07-15,138.90,65.67,9121.5630,Légère variabilité observée.
1832,2017-08-15,65.94,114.80,7569.9120,Rien à signaler.
1832,2017-09-15,168.69,171.49,28928.6481,Rien à signaler.
1832,2017-10-15,82.12,96.54,7927.8648,Légère variabilité observée.
2206,2017-05-15,163.40,199.80,32647.3200,Rien à signaler.
2206,2017-06-15,107.97,106.18,11464.2546,Condition normale pour la saison.
2206,2017-07-15,162.73,120.20,19560.1460,Condition normale pour la saison.
2206,2017-08-15,89.01,184.75,16444.5975,Condition normale pour la saison.
2206,2017-09-15,126.07,58.98,7435.6086,Légère variabilité observée.
2206,2017-10-15,154.35,102.38,15802.3530,Rien à signaler.
2018,2017-05-15,187.39,170.33,31918.1387,Légère variabilité observée.
2018,2017-06-15,156.94,173.08,27163.1752,Condition normale pour la saison.
2018,2017-07-15,186.54,122.56,22862.3424,Légère variabilité observée.
2018,2017-08-15,103.76,121.17,12572.5992,Condition normale pour la saison.
2018,2017-09-15,53.22,116.62,6206.5164,Légère variabilité observée.
2018,2017-10-15,99.72,182.54,18202.8888,Légère variabilité observée.
1939,2017-05-15,170.08,96.59,16428.0272,Rien à signaler.
1939,2017-06-15,59.90,63.66,3813.2340,Condition normale pour la saison.
1939,2017-07-15,110.77,100.30,11110.2310,Condition normale pour la saison.
1939,2017-08-15,156.53,166.35,26038.7655,Condition normale pour la saison.
1939,2017-09-15,100.08,197.34,19749.7872,Condition normale pour la saison.
1939,2017-10-15,76.48,72.78,5566.2144,Condition normale pour la saison.
1838,2017-05-15,91.99,133.30,12262.2670,Rien à signaler.
1838,2017-06-15,134.11,149.50,20049.4450,Condition normale pour la saison.
1838,2017-07-15,97.59,176.23,17198.2857,Légère variabilité observée.
1838,2017-08-15,188.87,124.58,23529.4246,Condition normale pour la saison.
1838,2017-09-15,158.97,179.22,28490.6034,Condition normale pour la saison.
1838,2017-10-15,174.35,169.57,29564.5295,Condition normale pour la saison.
1845,2017-05-15,80.09,132.54,10615.1286,Condition normale pour la saison.
1845,2017-06-15,155.90,107.89,16820.0510,Rien à signaler.
1845,2017-07-15,136.39,56.79,7745.5881,Condition normale pour la saison.
1845,2017-08-15,145.11,160.84,23339.4924,Condition normale pour la saison.
1845,2017-09-15,172.80,170.22,29414.0160,Condition normale pour la saison.
1845,2017-10-15,62.09,60.03,3727.2627,Condition normale pour la saison.
2237,2017-05-15,85.05,141.93,12071.1465,Légère variabilité observée.
2237,2017-06-15,167.75,139.93,23473.2575,Légère variabilité observée.
2237,2017-07-15,170.95,165.79,28341.8005,Condition normale pour la saison.
2237,2017-08-15,139.04,121.11,16839.1344,Condition normale pour la saison.
2237,2017-09-15,165.70,146.04,24198.8280,Rien à signaler.
2237,2017-10-15,196.10,159.65,31307.3650,Légère variabilité observée.
2577,2017-05-15,157.24,141.96,22321.7904,Condition normale pour la saison.
2577,2017-06-15,132.15,75.98,10040.7570,Condition normale pour la saison.
2577,2017-07-15,150.87,171.38,25856.1006,Légère variabilité observée.
2577,2017-08-15,57.99,199.57,11573.0643,Condition normale pour la saison.
2577,2017-09-15,81.19,144.51,11732.7669,Condition normale pour la saison.
2577,2017-10-15,168.92,94.52,15966.3184,Rien à signaler.
2358,2017-05-15,138.85,192.70,26756.3950,Rien à signaler.
2358,2017-06-15,161.21,141.40,22795.0940,Condition normale pour la saison.
2358,2017-07-15,126.19,63.62,8028.2078,Rien à signaler.
2358,2017-08-15,98.11,189.37,18579.0907,Condition normale pour la saison.
2358,2017-09-15,60.10,61.88,3718.9880,Condition normale pour la saison.
2358,2017-10-15,95.80,196.94,18866.8520,Condition normale pour la saison.
2341,2017-05-15,53.37,81.18,4332.5766,Légère variabilité observée.
2341,2017-06-15,152.75,74.31,11350.8525,Condition normale pour la saison.
2341,2017-07-15,83.38,69.54,5798.2452,Condition normale pour la saison.
2341,2017-08-15,140.70,84.84,11936.9880,Rien à signaler.
2341,2017-09-15,187.50,178.87,33538.1250,Condition normale pour la saison.
2341,2017-10-15,77.18,74.29,5733.7022,Rien à signaler.
1876,2017-05-15,144.65,190.45,27548.5925,Rien à signaler.
1876,2017-06-15,173.42,134.00,23238.2800,Condition normale pour la saison.
1876,2017-07-15,143.71,83.96,12065.8916,Légère variabilité observée.
1876,2017-08-15,156.13,187.72,29308.7236,Rien à signaler.
1876,2017-09-15,73.97,97.14,7185.4458,Condition normale pour la saison.
1876,2017-10-15,115.67,129.81,15015.1227,Rien à signaler.
2250,2017-05-15,193.29,196.47,37975.6863,Condition normale pour la saison.
2250,2017-06-15,199.25,175.18,34904.6150,Légère variabilité observée.
2250,2017-07-15,75.87,185.94,14107.2678,Rien à signaler.
2250,2017-08-15,140.19,95.55,13395.1545,Rien à signaler.
2250,2017-09-15,87.41,131.14,11462.9474,Condition normale pour la saison.
2250,2017-10-15,192.48,174.88,33660.9024,Condition normale pour la saison.
1817,2017-05-15,95.59,51.34,4907.5906,Condition normale pour la saison.
1817,2017-06-15,145.38,115.60,16805.9280,Rien à signaler.
1817,2017-07-15,69.49,142.27,9886.3423,Légère variabilité observée.
1817,2017-08-15,88.11,197.93,17439.6123,Rien à signaler.
1817,2017-09-15,176.61,105.33,18602.3313,Condition normale pour la saison.
1817,2017-10-15,123.84,162.53,20127.7152,Condition normale pour la saison.
1956,2017-05-15,129.85,147.55,19159.3675,Rien à signaler.
1956,2017-06-15,82.86,188.55,15623.2530,Condition normale pour la saison.
1956,2017-07-15,179.33,67.86,12169.3338,Condition normale pour la saison.
1956,2017-08-15,190.18,63.60,12095.4480,Légère variabilité observée.
1956,2017-09-15,95.92,198.62,19051.6304,Légère variabilité observée.
1956,2017-10-15,181.68,164.13,29819.1384,Condition normale pour la saison.
2076,2017-05-15,96.17,64.92,6243.3564,Rien à signaler.
2076,2017-06-15,103.48,94.98,9828.5304,Légère variabilité observée.
2076,2017-07-15,57.62,169.47,9764.8614,Légère variabilité observée.
2076,2017-08-15,152.19,130.03,19789.2657,Condition normale pour la saison.
2076,2017-09-15,156.64,131.08,20532.3712,Légère variabilité observée.
2076,2017-10-15,65.96,77.25,5095.4100,Condition normale pour la saison.
1829,2017-05-15,141.51,61.53,8707.1103,Légère variabilité observée.
1829,2017-06-15,58.36,184.32,10756.9152,Légère variabilité observée.
1829,2017-07-15,182.78,148.23,27093.4794,Rien à signaler.
1829,2017-08-15,154.48,122.07,18857.3736,Légère variabilité observée.
1829,2017-09-15,113.25,187.88,21277.4100,Rien à signaler.
1829,2017-10-15,189.68,51.16,9704.0288,Légère variabilité observée.
2338,2017-05-15,131.21,80.81,10603.0801,Rien à signaler.
2338,2017-06-15,168.69,177.71,29977.8999,Légère variabilité observée.
2338,2017-07-15,111.15,147.99,16449.0885,Légère variabilité observée.
2338,2017-08-15,87.42,101.84,8902.8528,Condition normale pour la saison.
2338,2017-09-15,114.17,187.99,21462.8183,Légère variabilité observée.
2338,2017-10-15,94.97,151.33,14371.8101,Condition normale pour la saison.
1810,2017-05-15,53.71,199.96,10739.8516,Condition normale pour la saison.
1810,2017-06-15,137.98,168.80,23291.0240,Condition normale pour la saison.
1810,2017-07-15,58.26,138.56,8072.5056,Condition normale pour la saison.
1810,2017-08-15,102.54,120.78,12384.7812,Rien à signaler.
1810,2017-09-15,156.54,65.64,10275.2856,Condition normale pour la saison.
1810,2017-10-15,85.37,149.99,12804.6463,Rien à signaler.
2009,2017-05-15,120.73,71.21,8597.1833,Rien à signaler.
2009,2017-06-15,66.34,195.39,12962.1726,Rien à signaler.
2009,2017-07-15,180.36,72.41,13059.8676,Condition normale pour la saison.
2009,2017-08-15,87.94,93.76,8245.2544,Légère variabilité observée.
2009,2017-09-15,70.48,190.36,13416.5728,Rien à signaler.
2009,2017-10-15,51.51,137.68,7091.8968,Légère variabilité observée.
2344,2017-05-15,182.57,74.49,13599.6393,Condition normale pour la saison.
2344,2017-06-15,142.06,65.58,9316.2948,Légère variabilité observée.
2344,2017-07-15,136.45,61.43,8382.1235,Condition normale pour la saison.
2344,2017-08-15,90.71,121.68,11037.5928,Rien à signaler.
2344,2017-09-15,81.10,196.71,15953.1810,Condition normale pour la saison.
2344,2017-10-15,160.41,76.52,12274.5732,Rien à signaler.
1844,2017-05-15,187.97,53.85,10122.1845,Rien à signaler.
1844,2017-06-15,106.73,149.25,15929.4525,Condition normale pour la saison.
1844,2017-07-15,80.06,67.24,5383.2344,Condition normale pour la saison.
1844,2017-08-15,173.40,71.58,12411.9720,Légère variabilité observée.
1844,2017-09-15,112.72,156.06,17591.0832,Condition normale pour la saison.
1844,2017-10-15,139.31,93.68,13050.5608,Rien à signaler.
2499,2017-05-15,135.68,53.13,7208.6784,Légère variabilité observée.
2499,2017-06-15,144.17,181.97,26234.6149,Légère variabilité observée.
2499,2017-07-15,95.06,128.43,12208.5558,Rien à signaler.
2499,2017-08-15,171.15,155.31,26581.3065,Rien à signaler.
2499,2017-09-15,119.50,78.63,9396.2850,Légère variabilité observée.
2499,2017-10-15,160.90,139.51,22447.1590,Légère variabilité observée.
2040,2017-05-15,110.85,142.49,15795.0165,Condition normale pour la saison.
2040,2017-06-15,178.08,59.15,10533.4320,Rien à signaler.
2040,2017-07-15,109.77,87.75,9632.3175,Légère variabilité observée.
2040,2017-08-15,97.13,108.78,10565.8014,Condition normale pour la saison.
2040,2017-09-15,107.21,116.36,12474.9556,Rien à signaler.
2040,2017-10-15,176.75,174.71,30879.9925,Rien à signaler.
2303,2017-05-15,147.05,75.46,11096.3930,Condition normale pour la saison.
2303,2017-06-15,168.77,184.45,31129.6265,Condition normale pour la saison.
2303,2017-07-15,50.58,196.74,9951.1092,Condition normale pour la saison.
2303,2017-08-15,114.68,154.86,17759.3448,Rien à signaler.
2303,2017-09-15,181.80,191.21,34761.9780,Légère variabilité observée.
2303,2017-10-15,100.06,174.28,17438.4568,Condition normale pour la saison.
2587,2017-05-15,199.20,107.76,21465.7920,Condition normale pour la saison.
2587,2017-06-15,85.38,152.24,12998.2512,Condition normale pour la saison.
2587,2017-07-15,192.15,50.55,9713.1825,Rien à signaler.
2587,2017-08-15,177.67,154.87,27515.7529,Condition normale pour la saison.
2587,2017-09-15,133.93,137.98,18479.6614,Condition normale pour la saison.
2587,2017-10-15,71.84,112.44,8077.6896,Condition normale pour la saison.
2138,2017-05-15,119.65,177.61,21251.0365,Condition normale pour la saison.
2138,2017-06-15,111.54,123.92,13822.0368,Rien à signaler.
2138,2017-07-15,163.61,182.72,29894.8192,Rien à signaler.
2138,2017-08-15,94.21,158.23,14906.8483,Légère variabilité observée.
2138,2017-09-15,151.44,93.85,14212.6440,Légère variabilité observée.
2138,2017-10-15,132.59,65.50,8684.6450,Condition normale pour la saison.
2403,2017-05-15,155.92,95.51,14891.9192,Condition normale pour la saison.
2403,2017-06-15,96.90,74.47,7216.1430,Condition normale pour la saison.
2403,2017-07-15,61.67,153.83,9486.6961,Condition normale pour la saison.
2403,2017-08-15,158.38,109.61,17360.0318,Condition normale pour la saison.
2403,2017-09-15,193.55,115.06,22269.8630,Rien à signaler.
2403,2017-10-15,193.56,129.04,24976.9824,Légère variabilité observée.
2198,2017-05-15,122.04,129.72,15831.0288,Légère variabilité observée.
2198,2017-06-15,80.59,167.49,13498.0191,Condition normale pour la saison.
2198,2017-07-15,99.78,174.68,17429.5704,Condition normale pour la saison.
2198,2017-08-15,82.92,51.96,4308.5232,Rien à signaler.
2198,2017-09-15,188.36,182.33,34343.6788,Légère variabilité observée.
2198,2017-10-15,174.67,186.81,32630.1027,Condition normale pour la saison.
2448,2017-05-15,139.50,55.35,7721.3250,Condition normale pour la saison.
2448,2017-06-15,140.08,92.84,13005.0272,Condition normale pour la saison.
2448,2017-07-15,130.10,90.60,11787.0600,Condition normale pour la saison.
2448,2017-08-15,93.18,152.18,14180.1324,Légère variabilité observée.
2448,2017-09-15,95.28,182.63,17400.9864,Rien à signaler.
2448,2017-10-15,69.17,133.12,9207.9104,Légère variabilité observée.
2215,2017-05-15,138.29,158.06,21858.1174,Légère variabilité observée.
2215,2017-06-15,131.12,183.43,24051.3416,Condition normale pour la saison.
2215,2017-07-15,152.86,122.02,18651.9772,Légère variabilité observée.
2215,2017-08-15,112.72,192.70,21721.1440,Condition normale pour la saison.
2215,2017-09-15,161.96,126.86,20546.2456,Condition normale pour la saison.
2215,2017-10-15,112.65,65.17,7341.4005,Légère variabilité observée.
2283,2017-05-15,107.55,117.04,12587.6520,Légère variabilité observée.
2283,2017-06-15,73.46,172.06,12639.5276,Condition normale pour la saison.
2283,2017-07-15,132.20,50.00,6610.0000,Légère variabilité observée.
2283,2017-08-15,114.16,129.43,14775.7288,Condition normale pour la saison.
2283,2017-09-15,181.21,125.89,22812.5269,Condition normale pour la saison.
2283,2017-10-15,116.04,106.57,12366.3828,Condition normale pour la saison.
2125,2017-05-15,160.73,123.25,19809.9725,Condition normale pour la saison.
2125,2017-06-15,151.24,187.40,28342.3760,Condition normale pour la saison.
2125,2017-07-15,61.35,65.64,4027.0140,Condition normale pour la saison.
2125,2017-08-15,163.06,79.53,12968.1618,Rien à signaler.
2125,2017-09-15,192.63,81.64,15726.3132,Rien à signaler.
2125,2017-10-15,142.76,181.49,25909.5124,Légère variabilité observée.
2239,2017-05-15,120.14,145.56,17487.5784,Rien à signaler.
2239,2017-06-15,199.20,82.43,16420.0560,Condition normale pour la saison.
2239,2017-07-15,143.36,70.03,10039.5008,Légère variabilité observée.
2239,2017-08-15,66.15,165.57,10952.4555,Rien à signaler.
2239,2017-09-15,61.38,50.87,3122.4006,Légère variabilité observée.
2239,2017-10-15,84.49,139.15,11756.7835,Légère variabilité observée.
2171,2017-05-15,181.97,172.27,31347.9719,Condition normale pour la saison.
2171,2017-06-15,173.89,114.74,19952.1386,Légère variabilité observée.
2171,2017-07-15,105.69,184.76,19527.2844,Condition normale pour la saison.
2171,2017-08-15,126.23,67.20,8482.6560,Légère variabilité observée.
2171,2017-09-15,169.72,102.43,17384.4196,Légère variabilité observée.
2171,2017-10-15,134.09,146.04,19582.5036,Condition normale pour la saison.
2394,2017-05-15,163.60,78.10,12777.1600,Condition normale pour la saison.
2394,2017-06-15,129.76,197.60,25640.5760,Condition normale pour la saison.
2394,2017-07-15,66.28,174.20,11545.9760,Condition normale pour la saison.
2394,2017-08-15,163.99,152.83,25062.5917,Condition normale pour la saison.
2394,2017-09-15,133.91,180.83,24214.9453,Condition normale pour la saison.
2394,2017-10-15,150.47,105.27,15839.9769,Rien à signaler.
2231,2017-05-15,150.33,183.47,27581.0451,Condition normale pour la saison.
2231,2017-06-15,162.41,87.37,14189.7617,Légère variabilité observée.
2231,2017-07-15,163.01,66.18,10788.0018,Condition normale pour la saison.
2231,2017-08-15,60.97,109.26,6661.5822,Condition normale pour la saison.
2231,2017-09-15,161.69,100.91,16316.1379,Rien à signaler.
2231,2017-10-15,185.51,186.39,34577.2089,Légère variabilité observée.
2221,2017-05-15,57.52,51.72,2974.9344,Condition normale pour la saison.
2221,2017-06-15,116.29,129.50,15059.5550,Condition normale pour la saison.
2221,2017-07-15,116.48,151.83,17685.1584,Rien à signaler.
2221,2017-08-15,85.68,71.39,6116.6952,Rien à signaler.
2221,2017-09-15,104.07,151.08,15722.8956,Condition normale pour la saison.
2221,2017-10-15,185.51,70.36,13052.4836,Condition normale pour la saison.
2118,2017-05-15,176.96,147.87,26167.0752,Légère variabilité observée.
2118,2017-06-15,189.63,137.43,26060.8509,Condition normale pour la saison.
2118,2017-07-15,195.09,199.90,38998.4910,Condition normale pour la saison.
2118,2017-08-15,147.08,186.08,27368.6464,Condition normale pour la saison.
2118,2017-09-15,168.71,199.89,33723.4419,Légère variabilité observée.
2118,2017-10-15,143.65,162.20,23300.0300,Légère variabilité observée.
1978,2017-05-15,114.67,135.43,15529.7581,Rien à signaler.
1978,2017-06-15,190.56,153.74,29296.6944,Condition normale pour la saison.
1978,2017-07-15,164.42,96.35,15841.8670,Condition normale pour la saison.
1978,2017-08-15,176.71,177.05,31286.5055,Légère variabilité observée.
1978,2017-09-15,84.64,76.06,6437.7184,Condition normale pour la saison.
1978,2017-10-15,110.00,101.41,11155.1000,Condition normale pour la saison.
1815,2017-05-15,132.07,161.47,21325.3429,Rien à signaler.
1815,2017-06-15,74.03,155.44,11507.2232,Rien à signaler.
1815,2017-07-15,79.37,170.19,13507.9803,Condition normale pour la saison.
1815,2017-08-15,95.74,77.96,7463.8904,Condition normale pour la saison.
1815,2017-09-15,59.88,55.79,3340.7052,Rien à signaler.
1815,2017-10-15,169.48,108.70,18422.4760,Légère variabilité observée.
1908,2017-05-15,66.75,156.79,10465.7325,Rien à signaler.
1908,2017-06-15,141.22,165.97,23438.2834,Rien à signaler.
1908,2017-07-15,64.14,150.24,9636.3936,Condition normale pour la saison.
1908,2017-08-15,162.02,184.44,29882.9688,Légère variabilité observée.
1908,2017-09-15,178.70,87.21,15584.4270,Rien à signaler.
1908,2017-10-15,143.89,138.64,19948.9096,Légère variabilité observée.
2474,2017-05-15,59.18,125.44,7423.5392,Rien à signaler.
2474,2017-06-15,137.96,126.41,17439.5236,Condition normale pour la saison.
2474,2017-07-15,182.87,78.86,14421.1282,Condition normale pour la saison.
2474,2017-08-15,130.43,97.36,12698.6648,Condition normale pour la saison.
2474,2017-09-15,65.19,61.57,4013.7483,Légère variabilité observée.
2474,2017-10-15,97.61,128.60,12552.6460,Rien à signaler.
2536,2017-05-15,161.45,133.28,21518.0560,Condition normale pour la saison.
2536,2017-06-15,172.97,180.81,31274.7057,Rien à signaler.
2536,2017-07-15,140.32,52.76,7403.2832,Rien à signaler.
2536,2017-08-15,150.62,92.40,13917.2880,Condition normale pour la saison.
2536,2017-09-15,78.30,130.73,10236.1590,Condition normale pour la saison.
2536,2017-10-15,195.26,66.75,13033.6050,Condition normale pour la saison.
1966,2017-05-15,121.79,72.22,8795.6738,Condition normale pour la saison.
1966,2017-06-15,59.78,126.91,7586.6798,Condition normale pour la saison.
1966,2017-07-15,53.09,173.36,9203.6824,Rien à signaler.
1966,2017-08-15,176.57,172.76,30504.2332,Condition normale pour la saison.
1966,2017-09-15,63.77,50.19,3200.6163,Légère variabilité observée.
1966,2017-10-15,174.09,93.98,16360.9782,Légère variabilité observée.
2280,2017-05-15,172.53,67.36,11621.6208,Légère variabilité observée.
2280,2017-06-15,92.38,121.70,11242.6460,Condition normale pour la saison.
2280,2017-07-15,102.68,82.88,8510.1184,Condition normale pour la saison.
2280,2017-08-15,137.27,68.70,9430.4490,Condition normale pour la saison.
2280,2017-09-15,54.43,167.85,9136.0755,Légère variabilité observée.
2280,2017-10-15,170.09,183.67,31240.4303,Rien à signaler.
1856,2017-05-15,145.60,124.83,18175.2480,Condition normale pour la saison.
1856,2017-06-15,182.06,195.07,35514.4442,Condition normale pour la saison.
1856,2017-07-15,148.69,138.51,20595.0519,Condition normale pour la saison.
1856,2017-08-15,69.67,199.80,13920.0660,Rien à signaler.
1856,2017-09-15,144.31,52.87,7629.6697,Légère variabilité observée.
1856,2017-10-15,140.07,92.45,12949.4715,Légère variabilité observée.
2105,2017-05-15,155.54,135.35,21052.3390,Rien à signaler.
2105,2017-06-15,163.56,154.56,25279.8336,Condition normale pour la saison.
2105,2017-07-15,132.84,142.32,18905.7888,Légère variabilité observée.
2105,2017-08-15,156.85,122.29,19181.1865,Condition normale pour la saison.
2105,2017-09-15,92.77,51.30,4759.1010,Légère variabilité observée.
2105,2017-10-15,70.95,144.22,10232.4090,Condition normale pour la saison.
2094,2017-05-15,186.49,176.41,32898.7009,Légère variabilité observée.
2094,2017-06-15,117.03,131.15,15348.4845,Légère variabilité observée.
2094,2017-07-15,57.37,87.97,5046.8389,Rien à signaler.
2094,2017-08-15,120.71,172.84,20863.5164,Légère variabilité observée.
2094,2017-09-15,192.61,77.82,14988.9102,Condition normale pour la saison.
2094,2017-10-15,166.18,176.59,29345.7262,Condition normale pour la saison.
1825,2017-05-15,160.60,74.79,12011.2740,Condition normale pour la saison.
1825,2017-06-15,138.39,119.55,16544.5245,Rien à signaler.
1825,2017-07-15,199.95,50.92,10181.4540,Condition normale pour la saison.
1825,2017-08-15,56.81,141.20,8021.5720,Condition normale pour la saison.
1825,2017-09-15,50.96,105.39,5370.6744,Condition normale pour la saison.
1825,2017-10-15,189.40,193.93,36730.3420,Rien à signaler.
2478,2017-05-15,160.98,65.21,10497.5058,Légère variabilité observée.
2478,2017-06-15,179.68,56.30,10115.9840,Légère variabilité observée.
2478,2017-07-15,166.84,107.52,17938.6368,Rien à signaler.
2478,2017-08-15,68.77,178.95,12306.3915,Légère variabilité observée.
2478,2017-09-15,110.49,131.31,14508.4419,Condition normale pour la saison.
2478,2017-10-15,94.02,165.93,15600.7386,Légère variabilité observée.
2168,2017-05-15,141.02,62.31,8786.9562,Légère variabilité observée.
2168,2017-06-15,140.73,111.70,15719.5410,Condition normale pour la saison.
2168,2017-07-15,154.16,192.21,29631.0936,Légère variabilité observée.
2168,2017-08-15,122.57,135.64,16625.3948,Condition normale pour la saison.
2168,2017-09-15,145.71,158.57,23105.2347,Condition normale pour la saison.
2168,2017-10-15,144.63,141.15,20414.5245,Rien à signaler.
2442,2017-05-15,183.46,135.77,24908.3642,Légère variabilité observée.
2442,2017-06-15,107.30,171.83,18437.3590,Condition normale pour la saison.
2442,2017-07-15,63.42,196.39,12455.0538,Condition normale pour la saison.
2442,2017-08-15,160.76,54.00,8681.0400,Condition normale pour la saison.
2442,2017-09-15,149.63,113.39,16966.5457,Condition normale pour la saison.
2442,2017-10-15,61.90,109.71,6791.0490,Condition normale pour la saison.
2242,2017-05-15,182.82,193.91,35450.6262,Rien à signaler.
2242,2017-06-15,101.10,137.09,13859.7990,Condition normale pour la saison.
2242,2017-07-15,78.37,54.47,4268.8139,Rien à signaler.
2242,2017-08-15,54.05,195.80,10582.9900,Rien à signaler.
2242,2017-09-15,142.84,161.91,23127.2244,Légère variabilité observée.
2242,2017-10-15,108.27,105.16,11385.6732,Condition normale pour la saison.
2545,2017-05-15,143.21,191.03,27357.4063,Condition normale pour la saison.
2545,2017-06-15,157.03,166.70,26176.9010,Rien à signaler.
2545,2017-07-15,75.42,132.26,9975.0492,Rien à signaler.
2545,2017-08-15,79.65,196.69,15666.3585,Rien à signaler.
2545,2017-09-15,184.39,83.88,15466.6332,Rien à signaler.
2545,2017-10-15,145.97,69.74,10179.9478,Légère variabilité observée.
2308,2017-05-15,76.67,144.25,11059.6475,Condition normale pour la saison.
2308,2017-06-15,91.07,198.16,18046.4312,Légère variabilité observée.
2308,2017-07-15,189.80,60.78,11536.0440,Condition normale pour la saison.
2308,2017-08-15,51.29,70.59,3620.5611,Rien à signaler.
2308,2017-09-15,113.86,182.64,20795.3904,Condition normale pour la saison.
2308,2017-10-15,60.97,152.70,9310.1190,Légère variabilité observée.
1991,2017-05-15,180.19,172.96,31165.6624,Rien à signaler.
1991,2017-06-15,64.03,161.96,10370.2988,Condition normale pour la saison.
1991,2017-07-15,98.38,90.53,8906.3414,Condition normale pour la saison.
1991,2017-08-15,54.15,124.16,6723.2640,Rien à signaler.
1991,2017-09-15,176.03,111.71,19664.3113,Condition normale pour la saison.
1991,2017-10-15,149.16,74.58,11124.3528,Légère variabilité observée.
2244,2017-05-15,179.06,57.67,10326.3902,Condition normale pour la saison.
2244,2017-06-15,79.39,168.64,13388.3296,Condition normale pour la saison.
2244,2017-07-15,126.71,190.52,24140.7892,Condition normale pour la saison.
2244,2017-08-15,193.76,124.22,24068.8672,Rien à signaler.
2244,2017-09-15,125.97,85.96,10828.3812,Condition normale pour la saison.
2244,2017-10-15,145.51,149.55,21761.0205,Rien à signaler.
2402,2017-05-15,197.99,188.69,37358.7331,Condition normale pour la saison.
2402,2017-06-15,142.73,138.10,19711.0130,Légère variabilité observée.
2402,2017-07-15,182.80,96.71,17678.5880,Rien à signaler.
2402,2017-08-15,165.39,115.29,19067.8131,Légère variabilité observée.
2402,2017-09-15,69.83,123.11,8596.7713,Condition normale pour la saison.
2402,2017-10-15,51.85,157.86,8185.0410,Légère variabilité observée.
2305,2017-05-15,131.69,85.46,11254.2274,Condition normale pour la saison.
2305,2017-06-15,97.86,76.44,7480.4184,Condition normale pour la saison.
2305,2017-07-15,78.81,167.71,13217.2251,Condition normale pour la saison.
2305,2017-08-15,183.34,98.57,18071.8238,Condition normale pour la saison.
2305,2017-09-15,152.05,194.89,29633.0245,Rien à signaler.
2305,2017-10-15,91.03,81.40,7409.8420,Rien à signaler.
2421,2017-05-15,98.58,137.75,13579.3950,Rien à signaler.
2421,2017-06-15,175.31,89.79,15741.0849,Légère variabilité observée.
2421,2017-07-15,66.48,87.30,5803.7040,Condition normale pour la saison.
2421,2017-08-15,158.17,51.40,8129.9380,Légère variabilité observée.
2421,2017-09-15,62.04,75.44,4680.2976,Condition normale pour la saison.
2421,2017-10-15,58.05,180.53,10479.7665,Condition normale pour la saison.
2553,2017-05-15,78.65,109.42,8605.8830,Condition normale pour la saison.
2553,2017-06-15,94.74,144.41,13681.4034,Légère variabilité observée.
2553,2017-07-15,108.08,124.24,13427.8592,Rien à signaler.
2553,2017-08-15,183.13,183.67,33635.4871,Rien à signaler.
2553,2017-09-15,133.80,92.95,12436.7100,Rien à signaler.
2553,2017-10-15,190.78,73.34,13991.8052,Condition normale pour la saison.
2036,2017-05-15,117.64,56.61,6659.6004,Condition normale pour la saison.
2036,2017-06-15,70.06,56.34,3947.1804,Condition normale pour la saison.
2036,2017-07-15,61.89,145.28,8991.3792,Légère variabilité observée.
2036,2017-08-15,140.65,162.82,22900.6330,Rien à signaler.
2036,2017-09-15,79.10,87.99,6960.0090,Légère variabilité observée.
2036,2017-10-15,65.50,162.54,10646.3700,Rien à signaler.
2259,2017-05-15,83.50,88.48,7388.0800,Légère variabilité observée.
2259,2017-06-15,161.35,72.24,11655.9240,Condition normale pour la saison.
2259,2017-07-15,60.94,62.80,3827.0320,Rien à signaler.
2259,2017-08-15,167.73,110.67,18562.6791,Rien à signaler.
2259,2017-09-15,122.40,123.04,15060.0960,Légère variabilité observée.
2259,2017-10-15,54.70,121.48,6644.9560,Rien à signaler.
2109,2017-05-15,85.62,193.18,16540.0716,Légère variabilité observée.
2109,2017-06-15,196.39,105.21,20662.1919,Condition normale pour la saison.
2109,2017-07-15,62.18,153.85,9566.3930,Condition normale pour la saison.
2109,2017-08-15,159.98,61.37,9817.9726,Condition normale pour la saison.
2109,2017-09-15,154.65,185.23,28645.8195,Condition normale pour la saison.
2109,2017-10-15,178.47,183.62,32770.6614,Rien à signaler.
1852,2017-05-15,159.78,199.08,31809.0024,Condition normale pour la saison.
1852,2017-06-15,58.19,184.44,10732.5636,Condition normale pour la saison.
1852,2017-07-15,163.30,154.77,25273.9410,Rien à signaler.
1852,2017-08-15,53.28,88.81,4731.7968,Condition normale pour la saison.
1852,2017-09-15,77.78,197.18,15336.6604,Condition normale pour la saison.
1852,2017-10-15,107.39,195.46,20990.4494,Condition normale pour la saison.
2425,2017-05-15,109.20,85.89,9379.1880,Légère variabilité observée.
2425,2017-06-15,139.91,67.63,9462.1133,Condition normale pour la saison.
2425,2017-07-15,191.71,106.05,20330.8455,Condition normale pour la saison.
2425,2017-08-15,56.48,111.86,6317.8528,Légère variabilité observée.
2425,2017-09-15,58.34,160.00,9334.4000,Condition normale pour la saison.
2425,2017-10-15,71.39,175.86,12554.6454,Légère variabilité observée.
2079,2017-05-15,59.90,174.35,10443.5650,Condition normale pour la saison.
2079,2017-06-15,109.24,108.62,11865.6488,Condition normale pour la saison.
2079,2017-07-15,144.57,161.49,23346.6093,Condition normale pour la saison.
2079,2017-08-15,82.38,145.77,12008.5326,Condition normale pour la saison.
2079,2017-09-15,80.06,186.61,14939.9966,Rien à signaler.
2079,2017-10-15,150.43,104.75,15757.5425,Légère variabilité observée.
2172,2017-05-15,137.90,150.46,20748.4340,Légère variabilité observée.
2172,2017-06-15,60.49,125.96,7619.3204,Condition normale pour la saison.
2172,2017-07-15,197.48,80.42,15881.3416,Condition normale pour la saison.
2172,2017-08-15,91.00,132.54,12061.1400,Condition normale pour la saison.
2172,2017-09-15,103.58,128.22,13281.0276,Condition normale pour la saison.
2172,2017-10-15,146.65,117.73,17265.1045,Légère variabilité observée.
2111,2017-05-15,158.94,91.93,14611.3542,Condition normale pour la saison.
2111,2017-06-15,71.85,139.37,10013.7345,Condition normale pour la saison.
2111,2017-07-15,84.81,64.44,5465.1564,Condition normale pour la saison.
2111,2017-08-15,107.37,154.84,16625.1708,Condition normale pour la saison.
2111,2017-09-15,140.95,97.95,13806.0525,Rien à signaler.
2111,2017-10-15,193.32,154.47,29862.1404,Condition normale pour la saison.
2069,2017-05-15,187.78,190.00,35678.2000,Condition normale pour la saison.
2069,2017-06-15,148.91,190.22,28325.6602,Légère variabilité observée.
2069,2017-07-15,131.38,120.35,15811.5830,Légère variabilité observée.
2069,2017-08-15,115.89,151.83,17595.5787,Légère variabilité observée.
2069,2017-09-15,62.29,81.12,5052.9648,Légère variabilité observée.
2069,2017-10-15,121.90,130.71,15933.5490,Légère variabilité observée.
1989,2017-05-15,139.09,86.62,12047.9758,Rien à signaler.
1989,2017-06-15,50.34,141.90,7143.2460,Condition normale pour la saison.
1989,2017-07-15,168.05,171.54,28827.2970,Condition normale pour la saison.
1989,2017-08-15,52.08,182.32,9495.2256,Condition normale pour la saison.
1989,2017-09-15,71.81,83.05,5963.8205,Condition normale pour la saison.
1989,2017-10-15,114.10,152.00,17343.2000,Condition normale pour la saison.
2379,2017-05-15,76.51,105.64,8082.5164,Condition normale pour la saison.
2379,2017-06-15,131.84,121.96,16079.2064,Légère variabilité observée.
2379,2017-07-15,146.20,119.90,17529.3800,Légère variabilité observée.
2379,2017-08-15,88.82,80.07,7111.8174,Rien à signaler.
2379,2017-09-15,167.06,52.98,8850.8388,Condition normale pour la saison.
2379,2017-10-15,83.95,55.63,4670.1385,Condition normale pour la saison.
2148,2017-05-15,87.62,167.85,14707.0170,Légère variabilité observée.
2148,2017-06-15,143.42,149.83,21488.6186,Condition normale pour la saison.
2148,2017-07-15,103.47,174.76,18082.4172,Condition normale pour la saison.
2148,2017-08-15,152.36,191.79,29221.1244,Condition normale pour la saison.
2148,2017-09-15,55.31,127.32,7042.0692,Condition normale pour la saison.
2148,2017-10-15,94.21,190.92,17986.5732,Rien à signaler.
2183,2017-05-15,197.78,94.22,18634.8316,Condition normale pour la saison.
2183,2017-06-15,58.69,109.72,6439.4668,Légère variabilité observée.
2183,2017-07-15,65.25,129.59,8455.7475,Légère variabilité observée.
2183,2017-08-15,158.30,81.13,12842.8790,Rien à signaler.
2183,2017-09-15,159.79,195.57,31250.1303,Condition normale pour la saison.
2183,2017-10-15,94.78,96.51,9147.2178,Rien à signaler.
2157,2017-05-15,72.28,181.58,13124.6024,Légère variabilité observée.
2157,2017-06-15,173.81,125.23,21766.2263,Condition normale pour la saison.
2157,2017-07-15,176.84,127.47,22541.7948,Condition normale pour la saison.
2157,2017-08-15,52.54,123.12,6468.7248,Rien à signaler.
2157,2017-09-15,65.29,125.49,8193.2421,Rien à signaler.
2157,2017-10-15,128.27,133.40,17111.2180,Condition normale pour la saison.
1894,2017-05-15,154.27,145.37,22426.2299,Condition normale pour la saison.
1894,2017-06-15,68.18,158.04,10775.1672,Condition normale pour la saison.
1894,2017-07-15,94.04,133.92,12593.8368,Rien à signaler.
1894,2017-08-15,110.16,186.15,20506.2840,Condition normale pour la saison.
1894,2017-09-15,128.13,159.48,20434.1724,Condition normale pour la saison.
1894,2017-10-15,83.70,131.71,11024.1270,Condition normale pour la saison.
2551,2017-05-15,124.83,124.50,15541.3350,Rien à signaler.
2551,2017-06-15,52.64,53.99,2842.0336,Légère variabilité observée.
2551,2017-07-15,148.54,122.51,18197.6354,Rien à signaler.
2551,2017-08-15,169.84,193.17,32807.9928,Rien à signaler.
2551,2017-09-15,59.68,162.82,9717.0976,Condition normale pour la saison.
2551,2017-10-15,189.77,68.55,13008.7335,Condition normale pour la saison.
1859,2017-05-15,128.96,159.20,20530.4320,Légère variabilité observée.
1859,2017-06-15,172.99,189.08,32708.9492,Légère variabilité observée.
1859,2017-07-15,168.48,62.27,10491.2496,Légère variabilité observée.
1859,2017-08-15,122.28,130.35,15939.1980,Condition normale pour la saison.
1859,2017-09-15,117.06,59.35,6947.5110,Condition normale pour la saison.
1859,2017-10-15,59.65,147.30,8786.4450,Légère variabilité observée.
1907,2017-05-15,139.58,156.20,21802.3960,Condition normale pour la saison.
1907,2017-06-15,123.35,103.30,12742.0550,Condition normale pour la saison.
1907,2017-07-15,156.68,174.86,27397.0648,Rien à signaler.
1907,2017-08-15,87.52,100.59,8803.6368,Rien à signaler.
1907,2017-09-15,91.16,125.64,11453.3424,Condition normale pour la saison.
1907,2017-10-15,128.35,114.76,14729.4460,Condition normale pour la saison.
2063,2017-05-15,89.85,159.02,14287.9470,Rien à signaler.
2063,2017-06-15,51.46,161.76,8324.1696,Condition normale pour la saison.
2063,2017-07-15,193.02,122.82,23706.7164,Rien à signaler.
2063,2017-08-15,159.28,165.17,26308.2776,Condition normale pour la saison.
2063,2017-09-15,98.17,103.32,10142.9244,Condition normale pour la saison.
2063,2017-10-15,153.01,104.34,15965.0634,Condition normale pour la saison.
2562,2017-05-15,167.06,68.04,11366.7624,Légère variabilité observée.
2562,2017-06-15,110.58,165.03,18249.0174,Condition normale pour la saison.
2562,2017-07-15,126.77,100.15,12696.0155,Condition normale pour la saison.
2562,2017-08-15,84.45,164.41,13884.4245,Condition normale pour la saison.
2562,2017-09-15,52.27,105.76,5528.0752,Légère variabilité observée.
2562,2017-10-15,159.22,110.25,17554.0050,Condition normale pour la saison.
1847,2017-05-15,80.87,168.30,13610.4210,Légère variabilité observée.
1847,2017-06-15,167.49,166.96,27964.1304,Condition normale pour la saison.
1847,2017-07-15,132.69,121.10,16068.7590,Rien à signaler.
1847,2017-08-15,88.30,128.73,11366.8590,Légère variabilité observée.
1847,2017-09-15,121.38,100.19,12161.0622,Rien à signaler.
1847,2017-10-15,101.52,154.75,15710.2200,Condition normale pour la saison.
