id_interne_plant,date,note
1901,2017-05-15,Rien à signaler.
1901,2017-06-15,Condition normale pour la saison.
1901,2017-07-15,Condition normale pour la saison.
1901,2017-08-15,Condition normale pour la saison.
1901,2017-09-15,Condition normale pour la saison.
1901,2017-10-15,Légère variabilité observée.
2419,2017-05-15,Condition normale pour la saison.
2419,2017-06-15,Condition normale pour la saison.
2419,2017-07-15,Rien à signaler.
2419,2017-08-15,Condition normale pour la saison.
2419,2017-09-15,Condition normale pour la saison.
2419,2017-10-15,Légère variabilité observée.
2573,2017-05-15,Condition normale pour la saison.
2573,2017-06-15,Condition normale pour la saison.
2573,2017-07-15,Rien à signaler.
2573,2017-08-15,Condition normale pour la saison.
2573,2017-09-15,Condition normale pour la saison.
2573,2017-10-15,Légère variabilité observée.
2249,2017-05-15,Rien à signaler.
2249,2017-06-15,Rien à signaler.
2249,2017-07-15,Rien à signaler.
2249,2017-08-15,Rien à signaler.
2249,2017-09-15,Légère variabilité observée.
2249,2017-10-15,Rien à signaler.
2175,2017-05-15,Rien à signaler.
2175,2017-06-15,Condition normale pour la saison.
2175,2017-07-15,Légère variabilité observée.
2175,2017-08-15,Rien à signaler.
2175,2017-09-15,Condition normale pour la saison.
2175,2017-10-15,Légère variabilité observée.
2417,2017-05-15,Rien à signaler.
2417,2017-06-15,Condition normale pour la saison.
2417,2017-07-15,Condition normale pour la saison.
2417,2017-08-15,Rien à signaler.
2417,2017-09-15,Condition normale pour la saison.
2417,2017-10-15,Rien à signaler.
2542,2017-05-15,Rien à signaler.
2542,2017-06-15,Rien à signaler.
2542,2017-07-15,Condition normale pour la saison.
2542,2017-08-15,Condition normale pour la saison.
2542,2017-09-15,Condition normale pour la saison.
2542,2017-10-15,Condition normale pour la saison.
2135,2017-05-15,Condition normale pour la saison.
2135,2017-06-15,Légère variabilité observée.
2135,2017-07-15,Condition normale pour la saison.
2135,2017-08-15,Rien à signaler.
2135,2017-09-15,Condition normale pour la saison.
2135,2017-10-15,Condition normale pour la saison.
2192,2017-05-15,Rien à signaler.
2192,2017-06-15,Condition normale pour la saison.
2192,2017-07-15,Légère variabilité observée.
2192,2017-08-15,Légère variabilité observée.
2192,2017-09-15,Rien à signaler.
2192,2017-10-15,Condition normale pour la saison.
2349,2017-05-15,Légère variabilité observée.
2349,2017-06-15,Légère variabilité observée.
2349,2017-07-15,Rien à signaler.
2349,2017-08-15,Rien à signaler.
2349,2017-09-15,Légère variabilité observée.
2349,2017-10-15,Rien à signaler.
1954,2017-05-15,Condition normale pour la saison.
1954,2017-06-15,Légère variabilité observée.
1954,2017-07-15,Condition normale pour la saison.
1954,2017-08-15,Légère variabilité observée.
1954,2017-09-15,Légère variabilité observée.
1954,2017-10-15,Légère variabilité observée.
1906,2017-05-15,Rien à signaler.
1906,2017-06-15,Légère variabilité observée.
1906,2017-07-15,Condition normale pour la saison.
1906,2017-08-15,Condition normale pour la saison.
1906,2017-09-15,Légère variabilité observée.
1906,2017-10-15,Condition normale pour la saison.
2041,2017-05-15,Condition normale pour la saison.
2041,2017-06-15,Condition normale pour la saison.
2041,2017-07-15,Condition normale pour la saison.
2041,2017-08-15,Condition normale pour la saison.
2041,2017-09-15,Condition normale pour la saison.
2041,2017-10-15,Condition normale pour la saison.
1910,2017-05-15,Condition normale pour la saison.
1910,2017-06-15,Légère variabilité observée.
1910,2017-07-15,Rien à signaler.
1910,2017-08-15,Condition normale pour la saison.
1910,2017-09-15,Condition normale pour la saison.
1910,2017-10-15,Condition normale pour la saison.
2107,2017-05-15,Légère variabilité observée.
2107,2017-06-15,Rien à signaler.
2107,2017-07-15,Rien à signaler.
2107,2017-08-15,Condition normale pour la saison.
2107,2017-09-15,Condition normale pour la saison.
2107,2017-10-15,Condition normale pour la saison.
1802,2017-05-15,Rien à signaler.
1802,2017-06-15,Condition normale pour la saison.
1802,2017-07-15,Condition normale pour la saison.
1802,2017-08-15,Légère variabilité observée.
1802,2017-09-15,Condition normale pour la saison.
1802,2017-10-15,Légère variabilité observée.
2048,2017-05-15,Condition normale pour la saison.
2048,2017-06-15,Condition normale pour la saison.
2048,2017-07-15,Légère variabilité observée.
2048,2017-08-15,Rien à signaler.
2048,2017-09-15,Rien à signaler.
2048,2017-10-15,Condition normale pour la saison.
2437,2017-05-15,Rien à signaler.
2437,2017-06-15,Légère variabilité observée.
2437,2017-07-15,Rien à signaler.
2437,2017-08-15,Légère variabilité observée.
2437,2017-09-15,Condition normale pour la saison.
2437,2017-10-15,Condition normale pour la saison.
2342,2017-05-15,Condition normale pour la saison.
2342,2017-06-15,Condition normale pour la saison.
2342,2017-07-15,Condition normale pour la saison.
2342,2017-08-15,Rien à signaler.
2342,2017-09-15,Rien à signaler.
2342,2017-10-15,Condition normale pour la saison.
1982,2017-05-15,Légère variabilité observée.
1982,2017-06-15,Condition normale pour la saison.
1982,2017-07-15,Légère variabilité observée.
1982,2017-08-15,Condition normale pour la saison.
1982,2017-09-15,Rien à signaler.
1982,2017-10-15,Rien à signaler.
2021,2017-05-15,Légère variabilité observée.
2021,2017-06-15,Légère variabilité observée.
2021,2017-07-15,Condition normale pour la saison.
2021,2017-08-15,Rien à signaler.
2021,2017-09-15,Condition normale pour la saison.
2021,2017-10-15,Légère variabilité observée.
1822,2017-05-15,Condition normale pour la saison.
1822,2017-06-15,Rien à signaler.
1822,2017-07-15,Condition normale pour la saison.
1822,2017-08-15,Condition normale pour la saison.
1822,2017-09-15,Légère variabilité observée.
1822,2017-10-15,Condition normale pour la saison.
2318,2017-05-15,Légère variabilité observée.
2318,2017-06-15,Légère variabilité observée.
2318,2017-07-15,Condition normale pour la saison.
2318,2017-08-15,Rien à signaler.
2318,2017-09-15,Condition normale pour la saison.
2318,2017-10-15,Rien à signaler.
1884,2017-05-15,Condition normale pour la saison.
1884,2017-06-15,Condition normale pour la saison.
1884,2017-07-15,Condition normale pour la saison.
1884,2017-08-15,Condition normale pour la saison.
1884,2017-09-15,Condition normale pour la saison.
1884,2017-10-15,Condition normale pour la saison.
2293,2017-05-15,Légère variabilité observée.
2293,2017-06-15,Légère variabilité observée.
2293,2017-07-15,Condition normale pour la saison.
2293,2017-08-15,Légère variabilité observée.
2293,2017-09-15,Condition normale pour la saison.
2293,2017-10-15,Rien à signaler.
2322,2017-05-15,Rien à signaler.
2322,2017-06-15,Légère variabilité observée.
2322,2017-07-15,Légère variabilité observée.
2322,2017-08-15,Condition normale pour la saison.
2322,2017-09-15,Condition normale pour la saison.
2322,2017-10-15,Rien à signaler.
2001,2017-05-15,Rien à signaler.
2001,2017-06-15,Rien à signaler.
2001,2017-07-15,Condition normale pour la saison.
2001,2017-08-15,Légère variabilité observée.
2001,2017-09-15,Légère variabilité observée.
2001,2017-10-15,Légère variabilité observée.
1969,2017-05-15,Condition normale pour la saison.
1969,2017-06-15,Condition normale pour la saison.
1969,2017-07-15,Condition normale pour la saison.
1969,2017-08-15,Condition normale pour la saison.
1969,2017-09-15,Condition normale pour la saison.
1969,2017-10-15,Légère variabilité observée.
2503,2017-05-15,Légère variabilité observée.
2503,2017-06-15,Rien à signaler.
2503,2017-07-15,Condition normale pour la saison.
2503,2017-08-15,Condition normale pour la saison.
2503,2017-09-15,Rien à signaler.
2503,2017-10-15,Légère variabilité observée.
1851,2017-05-15,Rien à signaler.
1851,2017-06-15,Légère variabilité observée.
1851,2017-07-15,Condition normale pour la saison.
1851,2017-08-15,Condition normale pour la saison.
1851,2017-09-15,Condition normale pour la saison.
1851,2017-10-15,Rien à signaler.
2141,2017-05-15,Légère variabilité observée.
2141,2017-06-15,Rien à signaler.
2141,2017-07-15,Condition normale pour la saison.
2141,2017-08-15,Légère variabilité observée.
2141,2017-09-15,Rien à signaler.
2141,2017-10-15,Condition normale pour la saison.
1914,2017-05-15,Condition normale pour la saison.
1914,2017-06-15,Condition normale pour la saison.
1914,2017-07-15,Condition normale pour la saison.
1914,2017-08-15,Légère variabilité observée.
1914,2017-09-15,Légère variabilité observée.
1914,2017-10-15,Légère variabilité observée.
2195,2017-05-15,Rien à signaler.
2195,2017-06-15,Condition normale pour la saison.
2195,2017-07-15,Condition normale pour la saison.
2195,2017-08-15,Rien à signaler.
2195,2017-09-15,Condition normale pour la saison.
2195,2017-10-15,Condition normale pour la saison.
2429,2017-05-15,Condition normale pour la saison.
2429,2017-06-15,Légère variabilité observée.
2429,2017-07-15,Légère variabilité observée.
2429,2017-08-15,Condition normale pour la saison.
2429,2017-09-15,Condition normale pour la saison.
2429,2017-10-15,Condition normale pour la saison.
2343,2017-05-15,Rien à signaler.
2343,2017-06-15,Condition normale pour la saison.
2343,2017-07-15,Condition normale pour la saison.
2343,2017-08-15,Condition normale pour la saison.
2343,2017-09-15,Condition normale pour la saison.
2343,2017-10-15,Légère variabilité observée.
2122,2017-05-15,Légère variabilité observée.
2122,2017-06-15,Condition normale pour la saison.
2122,2017-07-15,Légère variabilité observée.
2122,2017-08-15,Légère variabilité observée.
2122,2017-09-15,Légère variabilité observée.
2122,2017-10-15,Rien à signaler.
2564,2017-05-15,Condition normale pour la saison.
2564,2017-06-15,Condition normale pour la saison.
2564,2017-07-15,Légère variabilité observée.
2564,2017-08-15,Condition normale pour la saison.
2564,2017-09-15,Rien à signaler.
2564,2017-10-15,Légère variabilité observée.
2102,2017-05-15,Condition normale pour la saison.
2102,2017-06-15,Condition normale pour la saison.
2102,2017-07-15,Condition normale pour la saison.
2102,2017-08-15,Légère variabilité observée.
2102,2017-09-15,Légère variabilité observée.
2102,2017-10-15,Condition normale pour la saison.
2430,2017-05-15,Légère variabilité observée.
2430,2017-06-15,Condition normale pour la saison.
2430,2017-07-15,Légère variabilité observée.
2430,2017-08-15,Condition normale pour la saison.
2430,2017-09-15,Condition normale pour la saison.
2430,2017-10-15,Légère variabilité observée.
2390,2017-05-15,Légère variabilité observée.
2390,2017-06-15,Légère variabilité observée.
2390,2017-07-15,Condition normale pour la saison.
2390,2017-08-15,Légère variabilité observée.
2390,2017-09-15,Condition normale pour la saison.
2390,2017-10-15,Rien à signaler.
1842,2017-05-15,Condition normale pour la saison.
1842,2017-06-15,Condition normale pour la saison.
1842,2017-07-15,Condition normale pour la saison.
1842,2017-08-15,Légère variabilité observée.
1842,2017-09-15,Condition normale pour la saison.
1842,2017-10-15,Condition normale pour la saison.
2352,2017-05-15,Rien à signaler.
2352,2017-06-15,Condition normale pour la saison.
2352,2017-07-15,Rien à signaler.
2352,2017-08-15,Condition normale pour la saison.
2352,2017-09-15,Condition normale pour la saison.
2352,2017-10-15,Légère variabilité observée.
2144,2017-05-15,Condition normale pour la saison.
2144,2017-06-15,Condition normale pour la saison.
2144,2017-07-15,Condition normale pour la saison.
2144,2017-08-15,Condition normale pour la saison.
2144,2017-09-15,Condition normale pour la saison.
2144,2017-10-15,Rien à signaler.
2567,2017-05-15,Condition normale pour la saison.
2567,2017-06-15,Condition normale pour la saison.
2567,2017-07-15,Rien à signaler.
2567,2017-08-15,Condition normale pour la saison.
2567,2017-09-15,Légère variabilité observée.
2567,2017-10-15,Condition normale pour la saison.
1955,2017-05-15,Condition normale pour la saison.
1955,2017-06-15,Condition normale pour la saison.
1955,2017-07-15,Condition normale pour la saison.
1955,2017-08-15,Condition normale pour la saison.
1955,2017-09-15,Condition normale pour la saison.
1955,2017-10-15,Condition normale pour la saison.
2030,2017-05-15,Rien à signaler.
2030,2017-06-15,Condition normale pour la saison.
2030,2017-07-15,Condition normale pour la saison.
2030,2017-08-15,Condition normale pour la saison.
2030,2017-09-15,Légère variabilité observée.
2030,2017-10-15,Condition normale pour la saison.
2055,2017-05-15,Condition normale pour la saison.
2055,2017-06-15,Légère variabilité observée.
2055,2017-07-15,Légère variabilité observée.
2055,2017-08-15,Rien à signaler.
2055,2017-09-15,Condition normale pour la saison.
2055,2017-10-15,Condition normale pour la saison.
2427,2017-05-15,Rien à signaler.
2427,2017-06-15,Condition normale pour la saison.
2427,2017-07-15,Condition normale pour la saison.
2427,2017-08-15,Rien à signaler.
2427,2017-09-15,Rien à signaler.
2427,2017-10-15,Condition normale pour la saison.
2101,2017-05-15,Légère variabilité observée.
2101,2017-06-15,Condition normale pour la saison.
2101,2017-07-15,Légère variabilité observée.
2101,2017-08-15,Condition normale pour la saison.
2101,2017-09-15,Rien à signaler.
2101,2017-10-15,Condition normale pour la saison.
2145,2017-05-15,Condition normale pour la saison.
2145,2017-06-15,Rien à signaler.
2145,2017-07-15,Rien à signaler.
2145,2017-08-15,Légère variabilité observée.
2145,2017-09-15,Rien à signaler.
2145,2017-10-15,Condition normale pour la saison.
2013,2017-05-15,Condition normale pour la saison.
2013,2017-06-15,Condition normale pour la saison.
2013,2017-07-15,Légère variabilité observée.
2013,2017-08-15,Légère variabilité observée.
2013,2017-09-15,Condition normale pour la saison.
2013,2017-10-15,Condition normale pour la saison.
2389,2017-05-15,Rien à signaler.
2389,2017-06-15,Condition normale pour la saison.
2389,2017-07-15,Rien à signaler.
2389,2017-08-15,Rien à signaler.
2389,2017-09-15,Condition normale pour la saison.
2389,2017-10-15,Condition normale pour la saison.
2351,2017-05-15,Légère variabilité observée.
2351,2017-06-15,Rien à signaler.
2351,2017-07-15,Condition normale pour la saison.
2351,2017-08-15,Condition normale pour la saison.
2351,2017-09-15,Rien à signaler.
2351,2017-10-15,Condition normale pour la saison.
2590,2017-05-15,Légère variabilité observée.
2590,2017-06-15,Légère variabilité observée.
2590,2017-07-15,Légère variabilité observée.
2590,2017-08-15,Légère variabilité observée.
2590,2017-09-15,Légère variabilité observée.
2590,2017-10-15,Légère variabilité observée.
2159,2017-05-15,Condition normale pour la saison.
2159,2017-06-15,Condition normale pour la saison.
2159,2017-07-15,Rien à signaler.
2159,2017-08-15,Condition normale pour la saison.
2159,2017-09-15,Rien à signaler.
2159,2017-10-15,Rien à signaler.
2489,2017-05-15,Condition normale pour la saison.
2489,2017-06-15,Rien à signaler.
2489,2017-07-15,Rien à signaler.
2489,2017-08-15,Légère variabilité observée.
2489,2017-09-15,Légère variabilité observée.
2489,2017-10-15,Condition normale pour la saison.
2071,2017-05-15,Légère variabilité observée.
2071,2017-06-15,Condition normale pour la saison.
2071,2017-07-15,Rien à signaler.
2071,2017-08-15,Légère variabilité observée.
2071,2017-09-15,Condition normale pour la saison.
2071,2017-10-15,Condition normale pour la saison.
2275,2017-05-15,Condition normale pour la saison.
2275,2017-06-15,Condition normale pour la saison.
2275,2017-07-15,Légère variabilité observée.
2275,2017-08-15,Condition normale pour la saison.
2275,2017-09-15,Condition normale pour la saison.
2275,2017-10-15,Condition normale pour la saison.
2445,2017-05-15,Rien à signaler.
2445,2017-06-15,Rien à signaler.
2445,2017-07-15,Légère variabilité observée.
2445,2017-08-15,Condition normale pour la saison.
2445,2017-09-15,Condition normale pour la saison.
2445,2017-10-15,Légère variabilité observée.
2100,2017-05-15,Rien à signaler.
2100,2017-06-15,Rien à signaler.
2100,2017-07-15,Condition normale pour la saison.
2100,2017-08-15,Condition normale pour la saison.
2100,2017-09-15,Rien à signaler.
2100,2017-10-15,Légère variabilité observée.
2205,2017-05-15,Condition normale pour la saison.
2205,2017-06-15,Condition normale pour la saison.
2205,2017-07-15,Condition normale pour la saison.
2205,2017-08-15,Rien à signaler.
2205,2017-09-15,Condition normale pour la saison.
2205,2017-10-15,Condition normale pour la saison.
2086,2017-05-15,Condition normale pour la saison.
2086,2017-06-15,Rien à signaler.
2086,2017-07-15,Légère variabilité observée.
2086,2017-08-15,Condition normale pour la saison.
2086,2017-09-15,Condition normale pour la saison.
2086,2017-10-15,Condition normale pour la saison.
2335,2017-05-15,Condition normale pour la saison.
2335,2017-06-15,Rien à signaler.
2335,2017-07-15,Légère variabilité observée.
2335,2017-08-15,Condition normale pour la saison.
2335,2017-09-15,Rien à signaler.
2335,2017-10-15,Condition normale pour la saison.
2434,2017-05-15,Condition normale pour la saison.
2434,2017-06-15,Condition normale pour la saison.
2434,2017-07-15,Condition normale pour la saison.
2434,2017-08-15,Rien à signaler.
2434,2017-09-15,Condition normale pour la saison.
2434,2017-10-15,Condition normale pour la saison.
2480,2017-05-15,Condition normale pour la saison.
2480,2017-06-15,Condition normale pour la saison.
2480,2017-07-15,Condition normale pour la saison.
2480,2017-08-15,Rien à signaler.
2480,2017-09-15,Rien à signaler.
2480,2017-10-15,Rien à signaler.
2307,2017-05-15,Rien à signaler.
2307,2017-06-15,Condition normale pour la saison.
2307,2017-07-15,Condition normale pour la saison.
2307,2017-08-15,Condition normale pour la saison.
2307,2017-09-15,Condition normale pour la saison.
2307,2017-10-15,Rien à signaler.
2106,2017-05-15,Condition normale pour la saison.
2106,2017-06-15,Rien à signaler.
2106,2017-07-15,Rien à signaler.
2106,2017-08-15,Légère variabilité observée.
2106,2017-09-15,Rien à signaler.
2106,2017-10-15,Condition normale pour la saison.
1831,2017-05-15,Rien à signaler.
1831,2017-06-15,Condition normale pour la saison.
1831,2017-07-15,Légère variabilité observée.
1831,2017-08-15,Rien à signaler.
1831,2017-09-15,Légère variabilité observée.
1831,2017-10-15,Légère variabilité observée.
2090,2017-05-15,Condition normale pour la saison.
2090,2017-06-15,Rien à signaler.
2090,2017-07-15,Rien à signaler.
2090,2017-08-15,Condition normale pour la saison.
2090,2017-09-15,Condition normale pour la saison.
2090,2017-10-15,Condition normale pour la saison.
2497,2017-05-15,Légère variabilité observée.
2497,2017-06-15,Rien à signaler.
2497,2017-07-15,Rien à signaler.
2497,2017-08-15,Condition normale pour la saison.
2497,2017-09-15,Condition normale pour la saison.
2497,2017-10-15,Rien à signaler.
2415,2017-05-15,Légère variabilité observée.
2415,2017-06-15,Rien à signaler.
2415,2017-07-15,Condition normale pour la saison.
2415,2017-08-15,Condition normale pour la saison.
2415,2017-09-15,Légère variabilité observée.
2415,2017-10-15,Légère variabilité observée.
2475,2017-05-15,Rien à signaler.
2475,2017-06-15,Condition normale pour la saison.
2475,2017-07-15,Condition normale pour la saison.
2475,2017-08-15,Rien à signaler.
2475,2017-09-15,Rien à signaler.
2475,2017-10-15,Condition normale pour la saison.
2368,2017-05-15,Rien à signaler.
2368,2017-06-15,Légère variabilité observée.
2368,2017-07-15,Condition normale pour la saison.
2368,2017-08-15,Rien à signaler.
2368,2017-09-15,Condition normale pour la saison.
2368,2017-10-15,Condition normale pour la saison.
2240,2017-05-15,Condition normale pour la saison.
2240,2017-06-15,Rien à signaler.
2240,2017-07-15,Légère variabilité observée.
2240,2017-08-15,Légère variabilité observée.
2240,2017-09-15,Condition normale pour la saison.
2240,2017-10-15,Légère variabilité observée.
2228,2017-05-15,Condition normale pour la saison.
2228,2017-06-15,Rien à signaler.
2228,2017-07-15,Condition normale pour la saison.
2228,2017-08-15,Rien à signaler.
2228,2017-09-15,Rien à signaler.
2228,2017-10-15,Rien à signaler.
1804,2017-05-15,Rien à signaler.
1804,2017-06-15,Condition normale pour la saison.
1804,2017-07-15,Rien à signaler.
1804,2017-08-15,Légère variabilité observée.
1804,2017-09-15,Condition normale pour la saison.
1804,2017-10-15,Condition normale pour la saison.
2199,2017-05-15,Condition normale pour la saison.
2199,2017-06-15,Condition normale pour la saison.
2199,2017-07-15,Condition normale pour la saison.
2199,2017-08-15,Légère variabilité observée.
2199,2017-09-15,Condition normale pour la saison.
2199,2017-10-15,Légère variabilité observée.
2518,2017-05-15,Condition normale pour la saison.
2518,2017-06-15,Légère variabilité observée.
2518,2017-07-15,Condition normale pour la saison.
2518,2017-08-15,Légère variabilité observée.
2518,2017-09-15,Condition normale pour la saison.
2518,2017-10-15,Rien à signaler.
2269,2017-05-15,Rien à signaler.
2269,2017-06-15,Condition normale pour la saison.
2269,2017-07-15,Rien à signaler.
2269,2017-08-15,Rien à signaler.
2269,2017-09-15,Condition normale pour la saison.
2269,2017-10-15,Rien à signaler.
2084,2017-05-15,Légère variabilité observée.
2084,2017-06-15,Condition normale pour la saison.
2084,2017-07-15,Condition normale pour la saison.
2084,2017-08-15,Rien à signaler.
2084,2017-09-15,Condition normale pour la saison.
2084,2017-10-15,Condition normale pour la saison.
2375,2017-05-15,Condition normale pour la saison.
2375,2017-06-15,Rien à signaler.
2375,2017-07-15,Légère variabilité observée.
2375,2017-08-15,Condition normale pour la saison.
2375,2017-09-15,Condition normale pour la saison.
2375,2017-10-15,Condition normale pour la saison.
1918,2017-05-15,Condition normale pour la saison.
1918,2017-06-15,Condition normale pour la saison.
1918,2017-07-15,Condition normale pour la saison.
1918,2017-08-15,Légère variabilité observée.
1918,2017-09-15,Rien à signaler.
1918,2017-10-15,Condition normale pour la saison.
2452,2017-05-15,Légère variabilité observée.
2452,2017-06-15,Condition normale pour la saison.
2452,2017-07-15,Condition normale pour la saison.
2452,2017-08-15,Légère variabilité observée.
2452,2017-09-15,Condition normale pour la saison.
2452,2017-10-15,Condition normale pour la saison.
2029,2017-05-15,Condition normale pour la saison.
2029,2017-06-15,Condition normale pour la saison.
2029,2017-07-15,Légère variabilité observée.
2029,2017-08-15,Légère variabilité observée.
2029,2017-09-15,Condition normale pour la saison.
2029,2017-10-15,Condition normale pour la saison.
2420,2017-05-15,Condition normale pour la saison.
2420,2017-06-15,Condition normale pour la saison.
2420,2017-07-15,Légère variabilité observée.
2420,2017-08-15,Légère variabilité observée.
2420,2017-09-15,Rien à signaler.
2420,2017-10-15,Rien à signaler.
2526,2017-05-15,Rien à signaler.
2526,2017-06-15,Condition normale pour la saison.
2526,2017-07-15,Condition normale pour la saison.
2526,2017-08-15,Condition normale pour la saison.
2526,2017-09-15,Rien à signaler.
2526,2017-10-15,Rien à signaler.
2217,2017-05-15,Rien à signaler.
2217,2017-06-15,Légère variabilité observée.
2217,2017-07-15,Rien à signaler.
2217,2017-08-15,Condition normale pour la saison.
2217,2017-09-15,Rien à signaler.
2217,2017-10-15,Condition normale pour la saison.
2163,2017-05-15,Rien à signaler.
2163,2017-06-15,Condition normale pour la saison.
2163,2017-07-15,Légère variabilité observée.
2163,2017-08-15,Condition normale pour la saison.
2163,2017-09-15,Rien à signaler.
2163,2017-10-15,Condition normale pour la saison.
1846,2017-05-15,Légère variabilité observée.
1846,2017-06-15,Condition normale pour la saison.
1846,2017-07-15,Rien à signaler.
1846,2017-08-15,Légère variabilité observée.
1846,2017-09-15,Rien à signaler.
1846,2017-10-15,Rien à signaler.
2208,2017-05-15,Légère variabilité observée.
2208,2017-06-15,Condition normale pour la saison.
2208,2017-07-15,Rien à signaler.
2208,2017-08-15,Rien à signaler.
2208,2017-09-15,Légère variabilité observée.
2208,2017-10-15,Légère variabilité observée.
2104,2017-05-15,Légère variabilité observée.
2104,2017-06-15,Légère variabilité observée.
2104,2017-07-15,Condition normale pour la saison.
2104,2017-08-15,Condition normale pour la saison.
2104,2017-09-15,Condition normale pour la saison.
2104,2017-10-15,Rien à signaler.
2554,2017-05-15,Légère variabilité observée.
2554,2017-06-15,Légère variabilité observée.
2554,2017-07-15,Condition normale pour la saison.
2554,2017-08-15,Rien à signaler.
2554,2017-09-15,Légère variabilité observée.
2554,2017-10-15,Condition normale pour la saison.
2455,2017-05-15,Légère variabilité observée.
2455,2017-06-15,Légère variabilité observée.
2455,2017-07-15,Rien à signaler.
2455,2017-08-15,Légère variabilité observée.
2455,2017-09-15,Condition normale pour la saison.
2455,2017-10-15,Condition normale pour la saison.
2162,2017-05-15,Condition normale pour la saison.
2162,2017-06-15,Légère variabilité observée.
2162,2017-07-15,Légère variabilité observée.
2162,2017-08-15,Rien à signaler.
2162,2017-09-15,Condition normale pour la saison.
2162,2017-10-15,Condition normale pour la saison.
2197,2017-05-15,Rien à signaler.
2197,2017-06-15,Condition normale pour la saison.
2197,2017-07-15,Condition normale pour la saison.
2197,2017-08-15,Condition normale pour la saison.
2197,2017-09-15,Condition normale pour la saison.
2197,2017-10-15,Légère variabilité observée.
2285,2017-05-15,Légère variabilité observée.
2285,2017-06-15,Légère variabilité observée.
2285,2017-07-15,Légère variabilité observée.
2285,2017-08-15,Condition normale pour la saison.
2285,2017-09-15,Condition normale pour la saison.
2285,2017-10-15,Légère variabilité observée.
2327,2017-05-15,Condition normale pour la saison.
2327,2017-06-15,Rien à signaler.
2327,2017-07-15,Condition normale pour la saison.
2327,2017-08-15,Rien à signaler.
2327,2017-09-15,Condition normale pour la saison.
2327,2017-10-15,Condition normale pour la saison.
1874,2017-05-15,Condition normale pour la saison.
1874,2017-06-15,Condition normale pour la saison.
1874,2017-07-15,Condition normale pour la saison.
1874,2017-08-15,Rien à signaler.
1874,2017-09-15,Légère variabilité observée.
1874,2017-10-15,Condition normale pour la saison.
2224,2017-05-15,Rien à signaler.
2224,2017-06-15,Condition normale pour la saison.
2224,2017-07-15,Rien à signaler.
2224,2017-08-15,Rien à signaler.
2224,2017-09-15,Condition normale pour la saison.
2224,2017-10-15,Condition normale pour la saison.
1923,2017-05-15,Condition normale pour la saison.
1923,2017-06-15,Condition normale pour la saison.
1923,2017-07-15,Légère variabilité observée.
1923,2017-08-15,Rien à signaler.
1923,2017-09-15,Condition normale pour la saison.
1923,2017-10-15,Rien à signaler.
2462,2017-05-15,Condition normale pour la saison.
2462,2017-06-15,Légère variabilité observée.
2462,2017-07-15,Légère variabilité observée.
2462,2017-08-15,Rien à signaler.
2462,2017-09-15,Condition normale pour la saison.
2462,2017-10-15,Condition normale pour la saison.
2236,2017-05-15,Rien à signaler.
2236,2017-06-15,Condition normale pour la saison.
2236,2017-07-15,Condition normale pour la saison.
2236,2017-08-15,Rien à signaler.
2236,2017-09-15,Condition normale pour la saison.
2236,2017-10-15,Rien à signaler.
2027,2017-05-15,Légère variabilité observée.
2027,2017-06-15,Légère variabilité observée.
2027,2017-07-15,Condition normale pour la saison.
2027,2017-08-15,Légère variabilité observée.
2027,2017-09-15,Rien à signaler.
2027,2017-10-15,Légère variabilité observée.
2088,2017-05-15,Rien à signaler.
2088,2017-06-15,Légère variabilité observée.
2088,2017-07-15,Condition normale pour la saison.
2088,2017-08-15,Condition normale pour la saison.
2088,2017-09-15,Rien à signaler.
2088,2017-10-15,Condition normale pour la saison.
1799,2017-05-15,Rien à signaler.
1799,2017-06-15,Condition normale pour la saison.
1799,2017-07-15,Condition normale pour la saison.
1799,2017-08-15,Légère variabilité observée.
1799,2017-09-15,Condition normale pour la saison.
1799,2017-10-15,Condition normale pour la saison.
1965,2017-05-15,Rien à signaler.
1965,2017-06-15,Condition normale pour la saison.
1965,2017-07-15,Condition normale pour la saison.
1965,2017-08-15,Condition normale pour la saison.
1965,2017-09-15,Condition normale pour la saison.
1965,2017-10-15,Rien à signaler.
2038,2017-05-15,Condition normale pour la saison.
2038,2017-06-15,Légère variabilité observée.
2038,2017-07-15,Rien à signaler.
2038,2017-08-15,Rien à signaler.
2038,2017-09-15,Condition normale pour la saison.
2038,2017-10-15,Condition normale pour la saison.
1959,2017-05-15,Condition normale pour la saison.
1959,2017-06-15,Rien à signaler.
1959,2017-07-15,Rien à signaler.
1959,2017-08-15,Légère variabilité observée.
1959,2017-09-15,Condition normale pour la saison.
1959,2017-10-15,Condition normale pour la saison.
1813,2017-05-15,Légère variabilité observée.
1813,2017-06-15,Rien à signaler.
1813,2017-07-15,Condition normale pour la saison.
1813,2017-08-15,Légère variabilité observée.
1813,2017-09-15,Condition normale pour la saison.
1813,2017-10-15,Légère variabilité observée.
2412,2017-05-15,Légère variabilité observée.
2412,2017-06-15,Légère variabilité observée.
2412,2017-07-15,Légère variabilité observée.
2412,2017-08-15,Rien à signaler.
2412,2017-09-15,Condition normale pour la saison.
2412,2017-10-15,Condition normale pour la saison.
2227,2017-05-15,Condition normale pour la saison.
2227,2017-06-15,Condition normale pour la saison.
2227,2017-07-15,Condition normale pour la saison.
2227,2017-08-15,Condition normale pour la saison.
2227,2017-09-15,Condition normale pour la saison.
2227,2017-10-15,Rien à signaler.
2188,2017-05-15,Rien à signaler.
2188,2017-06-15,Rien à signaler.
2188,2017-07-15,Rien à signaler.
2188,2017-08-15,Rien à signaler.
2188,2017-09-15,Condition normale pour la saison.
2188,2017-10-15,Condition normale pour la saison.
2209,2017-05-15,Condition normale pour la saison.
2209,2017-06-15,Condition normale pour la saison.
2209,2017-07-15,Légère variabilité observée.
2209,2017-08-15,Condition normale pour la saison.
2209,2017-09-15,Condition normale pour la saison.
2209,2017-10-15,Légère variabilité observée.
1833,2017-05-15,Rien à signaler.
1833,2017-06-15,Légère variabilité observée.
1833,2017-07-15,Condition normale pour la saison.
1833,2017-08-15,Condition normale pour la saison.
1833,2017-09-15,Condition normale pour la saison.
1833,2017-10-15,Condition normale pour la saison.
1820,2017-05-15,Condition normale pour la saison.
1820,2017-06-15,Légère variabilité observée.
1820,2017-07-15,Condition normale pour la saison.
1820,2017-08-15,Condition normale pour la saison.
1820,2017-09-15,Rien à signaler.
1820,2017-10-15,Légère variabilité observée.
2465,2017-05-15,Condition normale pour la saison.
2465,2017-06-15,Rien à signaler.
2465,2017-07-15,Condition normale pour la saison.
2465,2017-08-15,Condition normale pour la saison.
2465,2017-09-15,Condition normale pour la saison.
2465,2017-10-15,Condition normale pour la saison.
2317,2017-05-15,Rien à signaler.
2317,2017-06-15,Condition normale pour la saison.
2317,2017-07-15,Rien à signaler.
2317,2017-08-15,Condition normale pour la saison.
2317,2017-09-15,Rien à signaler.
2317,2017-10-15,Légère variabilité observée.
2500,2017-05-15,Rien à signaler.
2500,2017-06-15,Condition normale pour la saison.
2500,2017-07-15,Légère variabilité observée.
2500,2017-08-15,Condition normale pour la saison.
2500,2017-09-15,Rien à signaler.
2500,2017-10-15,Rien à signaler.
2300,2017-05-15,Légère variabilité observée.
2300,2017-06-15,Condition normale pour la saison.
2300,2017-07-15,Légère variabilité observée.
2300,2017-08-15,Rien à signaler.
2300,2017-09-15,Condition normale pour la saison.
2300,2017-10-15,Condition normale pour la saison.
2274,2017-05-15,Condition normale pour la saison.
2274,2017-06-15,Condition normale pour la saison.
2274,2017-07-15,Condition normale pour la saison.
2274,2017-08-15,Légère variabilité observée.
2274,2017-09-15,Légère variabilité observée.
2274,2017-10-15,Condition normale pour la saison.
2315,2017-05-15,Condition normale pour la saison.
2315,2017-06-15,Rien à signaler.
2315,2017-07-15,Condition normale pour la saison.
2315,2017-08-15,Condition normale pour la saison.
2315,2017-09-15,Condition normale pour la saison.
2315,2017-10-15,Légère variabilité observée.
1915,2017-05-15,Rien à signaler.
1915,2017-06-15,Rien à signaler.
1915,2017-07-15,Légère variabilité observée.
1915,2017-08-15,Condition normale pour la saison.
1915,2017-09-15,Légère variabilité observée.
1915,2017-10-15,Rien à signaler.
2457,2017-05-15,Condition normale pour la saison.
2457,2017-06-15,Condition normale pour la saison.
2457,2017-07-15,Légère variabilité observée.
2457,2017-08-15,Condition normale pour la saison.
2457,2017-09-15,Légère variabilité observée.
2457,2017-10-15,Rien à signaler.
2272,2017-05-15,Condition normale pour la saison.
2272,2017-06-15,Rien à signaler.
2272,2017-07-15,Rien à signaler.
2272,2017-08-15,Rien à signaler.
2272,2017-09-15,Condition normale pour la saison.
2272,2017-10-15,Condition normale pour la saison.
2531,2017-05-15,Condition normale pour la saison.
2531,2017-06-15,Rien à signaler.
2531,2017-07-15,Condition normale pour la saison.
2531,2017-08-15,Condition normale pour la saison.
2531,2017-09-15,Légère variabilité observée.
2531,2017-10-15,Rien à signaler.
1836,2017-05-15,Condition normale pour la saison.
1836,2017-06-15,Condition normale pour la saison.
1836,2017-07-15,Rien à signaler.
1836,2017-08-15,Rien à signaler.
1836,2017-09-15,Condition normale pour la saison.
1836,2017-10-15,Légère variabilité observée.
2576,2017-05-15,Légère variabilité observée.
2576,2017-06-15,Condition normale pour la saison.
2576,2017-07-15,Condition normale pour la saison.
2576,2017-08-15,Condition normale pour la saison.
2576,2017-09-15,Rien à signaler.
2576,2017-10-15,Légère variabilité observée.
2405,2017-05-15,Légère variabilité observée.
2405,2017-06-15,Rien à signaler.
2405,2017-07-15,Rien à signaler.
2405,2017-08-15,Légère variabilité observée.
2405,2017-09-15,Condition normale pour la saison.
2405,2017-10-15,Rien à signaler.
2207,2017-05-15,Condition normale pour la saison.
2207,2017-06-15,Condition normale pour la saison.
2207,2017-07-15,Rien à signaler.
2207,2017-08-15,Rien à signaler.
2207,2017-09-15,Légère variabilité observée.
2207,2017-10-15,Condition normale pour la saison.
2015,2017-05-15,Condition normale pour la saison.
2015,2017-06-15,Rien à signaler.
2015,2017-07-15,Condition normale pour la saison.
2015,2017-08-15,Condition normale pour la saison.
2015,2017-09-15,Condition normale pour la saison.
2015,2017-10-15,Légère variabilité observée.
2568,2017-05-15,Condition normale pour la saison.
2568,2017-06-15,Condition normale pour la saison.
2568,2017-07-15,Légère variabilité observée.
2568,2017-08-15,Rien à signaler.
2568,2017-09-15,Condition normale pour la saison.
2568,2017-10-15,Rien à signaler.
2530,2017-05-15,Condition normale pour la saison.
2530,2017-06-15,Condition normale pour la saison.
2530,2017-07-15,Condition normale pour la saison.
2530,2017-08-15,Condition normale pour la saison.
2530,2017-09-15,Condition normale pour la saison.
2530,2017-10-15,Condition normale pour la saison.
2512,2017-05-15,Rien à signaler.
2512,2017-06-15,Légère variabilité observée.
2512,2017-07-15,Légère variabilité observée.
2512,2017-08-15,Légère variabilité observée.
2512,2017-09-15,Condition normale pour la saison.
2512,2017-10-15,Condition normale pour la saison.
2533,2017-05-15,Rien à signaler.
2533,2017-06-15,Rien à signaler.
2533,2017-07-15,Légère variabilité observée.
2533,2017-08-15,Condition normale pour la saison.
2533,2017-09-15,Condition normale pour la saison.
2533,2017-10-15,Rien à signaler.
1926,2017-05-15,Rien à signaler.
1926,2017-06-15,Légère variabilité observée.
1926,2017-07-15,Légère variabilité observée.
1926,2017-08-15,Rien à signaler.
1926,2017-09-15,Condition normale pour la saison.
1926,2017-10-15,Condition normale pour la saison.
2534,2017-05-15,Légère variabilité observée.
2534,2017-06-15,Rien à signaler.
2534,2017-07-15,Condition normale pour la saison.
2534,2017-08-15,Rien à signaler.
2534,2017-09-15,Rien à signaler.
2534,2017-10-15,Rien à signaler.
2446,2017-05-15,Rien à signaler.
2446,2017-06-15,Condition normale pour la saison.
2446,2017-07-15,Rien à signaler.
2446,2017-08-15,Rien à signaler.
2446,2017-09-15,Condition normale pour la saison.
2446,2017-10-15,Légère variabilité observée.
2311,2017-05-15,Légère variabilité observée.
2311,2017-06-15,Condition normale pour la saison.
2311,2017-07-15,Légère variabilité observée.
2311,2017-08-15,Légère variabilité observée.
2311,2017-09-15,Rien à signaler.
2311,2017-10-15,Rien à signaler.
2284,2017-05-15,Légère variabilité observée.
2284,2017-06-15,Légère variabilité observée.
2284,2017-07-15,Rien à signaler.
2284,2017-08-15,Condition normale pour la saison.
2284,2017-09-15,Condition normale pour la saison.
2284,2017-10-15,Rien à signaler.
2353,2017-05-15,Légère variabilité observée.
2353,2017-06-15,Condition normale pour la saison.
2353,2017-07-15,Condition normale pour la saison.
2353,2017-08-15,Condition normale pour la saison.
2353,2017-09-15,Rien à signaler.
2353,2017-10-15,Condition normale pour la saison.
2582,2017-05-15,Condition normale pour la saison.
2582,2017-06-15,Rien à signaler.
2582,2017-07-15,Rien à signaler.
2582,2017-08-15,Condition normale pour la saison.
2582,2017-09-15,Condition normale pour la saison.
2582,2017-10-15,Condition normale pour la saison.
2178,2017-05-15,Condition normale pour la saison.
2178,2017-06-15,Condition normale pour la saison.
2178,2017-07-15,Rien à signaler.
2178,2017-08-15,Condition normale pour la saison.
2178,2017-09-15,Rien à signaler.
2178,2017-10-15,Condition normale pour la saison.
2166,2017-05-15,Rien à signaler.
2166,2017-06-15,Condition normale pour la saison.
2166,2017-07-15,Condition normale pour la saison.
2166,2017-08-15,Rien à signaler.
2166,2017-09-15,Rien à signaler.
2166,2017-10-15,Légère variabilité observée.
2143,2017-05-15,Condition normale pour la saison.
2143,2017-06-15,Condition normale pour la saison.
2143,2017-07-15,Rien à signaler.
2143,2017-08-15,Condition normale pour la saison.
2143,2017-09-15,Rien à signaler.
2143,2017-10-15,Condition normale pour la saison.
2527,2017-05-15,Condition normale pour la saison.
2527,2017-06-15,Légère variabilité observée.
2527,2017-07-15,Condition normale pour la saison.
2527,2017-08-15,Légère variabilité observée.
2527,2017-09-15,Condition normale pour la saison.
2527,2017-10-15,Condition normale pour la saison.
1949,2017-05-15,Condition normale pour la saison.
1949,2017-06-15,Rien à signaler.
1949,2017-07-15,Rien à signaler.
1949,2017-08-15,Rien à signaler.
1949,2017-09-15,Rien à signaler.
1949,2017-10-15,Rien à signaler.
1818,2017-05-15,Condition normale pour la saison.
1818,2017-06-15,Légère variabilité observée.
1818,2017-07-15,Condition normale pour la saison.
1818,2017-08-15,Condition normale pour la saison.
1818,2017-09-15,Condition normale pour la saison.
1818,2017-10-15,Condition normale pour la saison.
2555,2017-05-15,Légère variabilité observée.
2555,2017-06-15,Condition normale pour la saison.
2555,2017-07-15,Légère variabilité observée.
2555,2017-08-15,Condition normale pour la saison.
2555,2017-09-15,Condition normale pour la saison.
2555,2017-10-15,Rien à signaler.
2493,2017-05-15,Légère variabilité observée.
2493,2017-06-15,Condition normale pour la saison.
2493,2017-07-15,Condition normale pour la saison.
2493,2017-08-15,Condition normale pour la saison.
2493,2017-09-15,Légère variabilité observée.
2493,2017-10-15,Rien à signaler.
2045,2017-05-15,Légère variabilité observée.
2045,2017-06-15,Condition normale pour la saison.
2045,2017-07-15,Condition normale pour la saison.
2045,2017-08-15,Condition normale pour la saison.
2045,2017-09-15,Légère variabilité observée.
2045,2017-10-15,Légère variabilité observée.
2247,2017-05-15,Condition normale pour la saison.
2247,2017-06-15,Légère variabilité observée.
2247,2017-07-15,Légère variabilité observée.
2247,2017-08-15,Rien à signaler.
2247,2017-09-15,Condition normale pour la saison.
2247,2017-10-15,Légère variabilité observée.
2426,2017-05-15,Rien à signaler.
2426,2017-06-15,Légère variabilité observée.
2426,2017-07-15,Rien à signaler.
2426,2017-08-15,Légère variabilité observée.
2426,2017-09-15,Condition normale pour la saison.
2426,2017-10-15,Condition normale pour la saison.
1981,2017-05-15,Condition normale pour la saison.
1981,2017-06-15,Rien à signaler.
1981,2017-07-15,Rien à signaler.
1981,2017-08-15,Condition normale pour la saison.
1981,2017-09-15,Condition normale pour la saison.
1981,2017-10-15,Légère variabilité observée.
2432,2017-05-15,Légère variabilité observée.
2432,2017-06-15,Légère variabilité observée.
2432,2017-07-15,Condition normale pour la saison.
2432,2017-08-15,Légère variabilité observée.
2432,2017-09-15,Rien à signaler.
2432,2017-10-15,Rien à signaler.
2451,2017-05-15,Rien à signaler.
2451,2017-06-15,Légère variabilité observée.
2451,2017-07-15,Condition normale pour la saison.
2451,2017-08-15,Légère variabilité observée.
2451,2017-09-15,Légère variabilité observée.
2451,2017-10-15,Rien à signaler.
2121,2017-05-15,Condition normale pour la saison.
2121,2017-06-15,Rien à signaler.
2121,2017-07-15,Condition normale pour la saison.
2121,2017-08-15,Condition normale pour la saison.
2121,2017-09-15,Condition normale pour la saison.
2121,2017-10-15,Rien à signaler.
1828,2017-05-15,Condition normale pour la saison.
1828,2017-06-15,Condition normale pour la saison.
1828,2017-07-15,Rien à signaler.
1828,2017-08-15,Légère variabilité observée.
1828,2017-09-15,Condition normale pour la saison.
1828,2017-10-15,Légère variabilité observée.
1968,2017-05-15,Légère variabilité observée.
1968,2017-06-15,Condition normale pour la saison.
1968,2017-07-15,Condition normale pour la saison.
1968,2017-08-15,Condition normale pour la saison.
1968,2017-09-15,Condition normale pour la saison.
1968,2017-10-15,Légère variabilité observée.
2314,2017-05-15,Condition normale pour la saison.
2314,2017-06-15,Légère variabilité observée.
2314,2017-07-15,Condition normale pour la saison.
2314,2017-08-15,Condition normale pour la saison.
2314,2017-09-15,Rien à signaler.
2314,2017-10-15,Rien à signaler.
2546,2017-05-15,Condition normale pour la saison.
2546,2017-06-15,Condition normale pour la saison.
2546,2017-07-15,Légère variabilité observée.
2546,2017-08-15,Légère variabilité observée.
2546,2017-09-15,Condition normale pour la saison.
2546,2017-10-15,Légère variabilité observée.
1849,2017-05-15,Légère variabilité observée.
1849,2017-06-15,Légère variabilité observée.
1849,2017-07-15,Condition normale pour la saison.
1849,2017-08-15,Rien à signaler.
1849,2017-09-15,Légère variabilité observée.
1849,2017-10-15,Légère variabilité observée.
2523,2017-05-15,Légère variabilité observée.
2523,2017-06-15,Légère variabilité observée.
2523,2017-07-15,Condition normale pour la saison.
2523,2017-08-15,Rien à signaler.
2523,2017-09-15,Rien à signaler.
2523,2017-10-15,Condition normale pour la saison.
1814,2017-05-15,Légère variabilité observée.
1814,2017-06-15,Rien à signaler.
1814,2017-07-15,Condition normale pour la saison.
1814,2017-08-15,Condition normale pour la saison.
1814,2017-09-15,Condition normale pour la saison.
1814,2017-10-15,Condition normale pour la saison.
2226,2017-05-15,Condition normale pour la saison.
2226,2017-06-15,Condition normale pour la saison.
2226,2017-07-15,Condition normale pour la saison.
2226,2017-08-15,Légère variabilité observée.
2226,2017-09-15,Condition normale pour la saison.
2226,2017-10-15,Condition normale pour la saison.
2152,2017-05-15,Condition normale pour la saison.
2152,2017-06-15,Condition normale pour la saison.
2152,2017-07-15,Rien à signaler.
2152,2017-08-15,Condition normale pour la saison.
2152,2017-09-15,Condition normale pour la saison.
2152,2017-10-15,Rien à signaler.
2066,2017-05-15,Condition normale pour la saison.
2066,2017-06-15,Condition normale pour la saison.
2066,2017-07-15,Légère variabilité observée.
2066,2017-08-15,Condition normale pour la saison.
2066,2017-09-15,Légère variabilité observée.
2066,2017-10-15,Condition normale pour la saison.
2456,2017-05-15,Condition normale pour la saison.
2456,2017-06-15,Condition normale pour la saison.
2456,2017-07-15,Condition normale pour la saison.
2456,2017-08-15,Condition normale pour la saison.
2456,2017-09-15,Condition normale pour la saison.
2456,2017-10-15,Condition normale pour la saison.
2054,2017-05-15,Condition normale pour la saison.
2054,2017-06-15,Légère variabilité observée.
2054,2017-07-15,Rien à signaler.
2054,2017-08-15,Condition normale pour la saison.
2054,2017-09-15,Rien à signaler.
2054,2017-10-15,Condition normale pour la saison.
2388,2017-05-15,Condition normale pour la saison.
2388,2017-06-15,Légère variabilité observée.
2388,2017-07-15,Légère variabilité observée.
2388,2017-08-15,Légère variabilité observée.
2388,2017-09-15,Condition normale pour la saison.
2388,2017-10-15,Condition normale pour la saison.
2380,2017-05-15,Condition normale pour la saison.
2380,2017-06-15,Rien à signaler.
2380,2017-07-15,Condition normale pour la saison.
2380,2017-08-15,Condition normale pour la saison.
2380,2017-09-15,Condition normale pour la saison.
2380,2017-10-15,Condition normale pour la saison.
2099,2017-05-15,Rien à signaler.
2099,2017-06-15,Rien à signaler.
2099,2017-07-15,Condition normale pour la saison.
2099,2017-08-15,Rien à signaler.
2099,2017-09-15,Condition normale pour la saison.
2099,2017-10-15,Légère variabilité observée.
2129,2017-05-15,Condition normale pour la saison.
2129,2017-06-15,Condition normale pour la saison.
2129,2017-07-15,Condition normale pour la saison.
2129,2017-08-15,Rien à signaler.
2129,2017-09-15,Condition normale pour la saison.
2129,2017-10-15,Rien à signaler.
2566,2017-05-15,Condition normale pour la saison.
2566,2017-06-15,Condition normale pour la saison.
2566,2017-07-15,Rien à signaler.
2566,2017-08-15,Condition normale pour la saison.
2566,2017-09-15,Rien à signaler.
2566,2017-10-15,Rien à signaler.
2033,2017-05-15,Condition normale pour la saison.
2033,2017-06-15,Condition normale pour la saison.
2033,2017-07-15,Condition normale pour la saison.
2033,2017-08-15,Condition normale pour la saison.
2033,2017-09-15,Légère variabilité observée.
2033,2017-10-15,Condition normale pour la saison.
2495,2017-05-15,Légère variabilité observée.
2495,2017-06-15,Rien à signaler.
2495,2017-07-15,Condition normale pour la saison.
2495,2017-08-15,Condition normale pour la saison.
2495,2017-09-15,Condition normale pour la saison.
2495,2017-10-15,Condition normale pour la saison.
2165,2017-05-15,Rien à signaler.
2165,2017-06-15,Condition normale pour la saison.
2165,2017-07-15,Rien à signaler.
2165,2017-08-15,Condition normale pour la saison.
2165,2017-09-15,Condition normale pour la saison.
2165,2017-10-15,Condition normale pour la saison.
2559,2017-05-15,Condition normale pour la saison.
2559,2017-06-15,Condition normale pour la saison.
2559,2017-07-15,Légère variabilité observée.
2559,2017-08-15,Condition normale pour la saison.
2559,2017-09-15,Légère variabilité observée.
2559,2017-10-15,Condition normale pour la saison.
2072,2017-05-15,Condition normale pour la saison.
2072,2017-06-15,Légère variabilité observée.
2072,2017-07-15,Légère variabilité observée.
2072,2017-08-15,Rien à signaler.
2072,2017-09-15,Condition normale pour la saison.
2072,2017-10-15,Condition normale pour la saison.
2496,2017-05-15,Rien à signaler.
2496,2017-06-15,Condition normale pour la saison.
2496,2017-07-15,Légère variabilité observée.
2496,2017-08-15,Condition normale pour la saison.
2496,2017-09-15,Légère variabilité observée.
2496,2017-10-15,Rien à signaler.
2357,2017-05-15,Condition normale pour la saison.
2357,2017-06-15,Condition normale pour la saison.
2357,2017-07-15,Rien à signaler.
2357,2017-08-15,Légère variabilité observée.
2357,2017-09-15,Condition normale pour la saison.
2357,2017-10-15,Rien à signaler.
2156,2017-05-15,Rien à signaler.
2156,2017-06-15,Condition normale pour la saison.
2156,2017-07-15,Légère variabilité observée.
2156,2017-08-15,Condition normale pour la saison.
2156,2017-09-15,Condition normale pour la saison.
2156,2017-10-15,Condition normale pour la saison.
2255,2017-05-15,Légère variabilité observée.
2255,2017-06-15,Rien à signaler.
2255,2017-07-15,Légère variabilité observée.
2255,2017-08-15,Condition normale pour la saison.
2255,2017-09-15,Condition normale pour la saison.
2255,2017-10-15,Condition normale pour la saison.
2331,2017-05-15,Rien à signaler.
2331,2017-06-15,Rien à signaler.
2331,2017-07-15,Condition normale pour la saison.
2331,2017-08-15,Rien à signaler.
2331,2017-09-15,Condition normale pour la saison.
2331,2017-10-15,Condition normale pour la saison.
2256,2017-05-15,Légère variabilité observée.
2256,2017-06-15,Rien à signaler.
2256,2017-07-15,Condition normale pour la saison.
2256,2017-08-15,Rien à signaler.
2256,2017-09-15,Légère variabilité observée.
2256,2017-10-15,Condition normale pour la saison.
2153,2017-05-15,Condition normale pour la saison.
2153,2017-06-15,Condition normale pour la saison.
2153,2017-07-15,Légère variabilité observée.
2153,2017-08-15,Condition normale pour la saison.
2153,2017-09-15,Rien à signaler.
2153,2017-10-15,Condition normale pour la saison.
1967,2017-05-15,Rien à signaler.
1967,2017-06-15,Rien à signaler.
1967,2017-07-15,Condition normale pour la saison.
1967,2017-08-15,Condition normale pour la saison.
1967,2017-09-15,Légère variabilité observée.
1967,2017-10-15,Condition normale pour la saison.
1862,2017-05-15,Légère variabilité observée.
1862,2017-06-15,Rien à signaler.
1862,2017-07-15,Rien à signaler.
1862,2017-08-15,Légère variabilité observée.
1862,2017-09-15,Condition normale pour la saison.
1862,2017-10-15,Légère variabilité observée.
2334,2017-05-15,Condition normale pour la saison.
2334,2017-06-15,Condition normale pour la saison.
2334,2017-07-15,Légère variabilité observée.
2334,2017-08-15,Légère variabilité observée.
2334,2017-09-15,Condition normale pour la saison.
2334,2017-10-15,Rien à signaler.
1860,2017-05-15,Condition normale pour la saison.
1860,2017-06-15,Condition normale pour la saison.
1860,2017-07-15,Légère variabilité observée.
1860,2017-08-15,Légère variabilité observée.
1860,2017-09-15,Légère variabilité observée.
1860,2017-10-15,Condition normale pour la saison.
2424,2017-05-15,Légère variabilité observée.
2424,2017-06-15,Condition normale pour la saison.
2424,2017-07-15,Rien à signaler.
2424,2017-08-15,Condition normale pour la saison.
2424,2017-09-15,Rien à signaler.
2424,2017-10-15,Rien à signaler.
2243,2017-05-15,Condition normale pour la saison.
2243,2017-06-15,Condition normale pour la saison.
2243,2017-07-15,Légère variabilité observée.
2243,2017-08-15,Condition normale pour la saison.
2243,2017-09-15,Rien à signaler.
2243,2017-10-15,Rien à signaler.
2068,2017-05-15,Condition normale pour la saison.
2068,2017-06-15,Condition normale pour la saison.
2068,2017-07-15,Condition normale pour la saison.
2068,2017-08-15,Condition normale pour la saison.
2068,2017-09-15,Légère variabilité observée.
2068,2017-10-15,Condition normale pour la saison.
2097,2017-05-15,Condition normale pour la saison.
2097,2017-06-15,Légère variabilité observée.
2097,2017-07-15,Condition normale pour la saison.
2097,2017-08-15,Condition normale pour la saison.
2097,2017-09-15,Rien à signaler.
2097,2017-10-15,Légère variabilité observée.
2149,2017-05-15,Légère variabilité observée.
2149,2017-06-15,Condition normale pour la saison.
2149,2017-07-15,Condition normale pour la saison.
2149,2017-08-15,Condition normale pour la saison.
2149,2017-09-15,Rien à signaler.
2149,2017-10-15,Légère variabilité observée.
2177,2017-05-15,Condition normale pour la saison.
2177,2017-06-15,Rien à signaler.
2177,2017-07-15,Légère variabilité observée.
2177,2017-08-15,Légère variabilité observée.
2177,2017-09-15,Condition normale pour la saison.
2177,2017-10-15,Légère variabilité observée.
2477,2017-05-15,Condition normale pour la saison.
2477,2017-06-15,Légère variabilité observée.
2477,2017-07-15,Légère variabilité observée.
2477,2017-08-15,Rien à signaler.
2477,2017-09-15,Condition normale pour la saison.
2477,2017-10-15,Rien à signaler.
1807,2017-05-15,Légère variabilité observée.
1807,2017-06-15,Condition normale pour la saison.
1807,2017-07-15,Légère variabilité observée.
1807,2017-08-15,Légère variabilité observée.
1807,2017-09-15,Légère variabilité observée.
1807,2017-10-15,Légère variabilité observée.
1841,2017-05-15,Rien à signaler.
1841,2017-06-15,Condition normale pour la saison.
1841,2017-07-15,Condition normale pour la saison.
1841,2017-08-15,Condition normale pour la saison.
1841,2017-09-15,Condition normale pour la saison.
1841,2017-10-15,Condition normale pour la saison.
1928,2017-05-15,Condition normale pour la saison.
1928,2017-06-15,Condition normale pour la saison.
1928,2017-07-15,Condition normale pour la saison.
1928,2017-08-15,Condition normale pour la saison.
1928,2017-09-15,Légère variabilité observée.
1928,2017-10-15,Condition normale pour la saison.
1819,2017-05-15,Condition normale pour la saison.
1819,2017-06-15,Condition normale pour la saison.
1819,2017-07-15,Rien à signaler.
1819,2017-08-15,Condition normale pour la saison.
1819,2017-09-15,Légère variabilité observée.
1819,2017-10-15,Rien à signaler.
2002,2017-05-15,Condition normale pour la saison.
2002,2017-06-15,Rien à signaler.
2002,2017-07-15,Rien à signaler.
2002,2017-08-15,Rien à signaler.
2002,2017-09-15,Légère variabilité observée.
2002,2017-10-15,Rien à signaler.
2022,2017-05-15,Rien à signaler.
2022,2017-06-15,Condition normale pour la saison.
2022,2017-07-15,Rien à signaler.
2022,2017-08-15,Rien à signaler.
2022,2017-09-15,Légère variabilité observée.
2022,2017-10-15,Rien à signaler.
2488,2017-05-15,Condition normale pour la saison.
2488,2017-06-15,Condition normale pour la saison.
2488,2017-07-15,Légère variabilité observée.
2488,2017-08-15,Condition normale pour la saison.
2488,2017-09-15,Condition normale pour la saison.
2488,2017-10-15,Condition normale pour la saison.
2328,2017-05-15,Condition normale pour la saison.
2328,2017-06-15,Condition normale pour la saison.
2328,2017-07-15,Rien à signaler.
2328,2017-08-15,Condition normale pour la saison.
2328,2017-09-15,Condition normale pour la saison.
2328,2017-10-15,Condition normale pour la saison.
2501,2017-05-15,Condition normale pour la saison.
2501,2017-06-15,Condition normale pour la saison.
2501,2017-07-15,Condition normale pour la saison.
2501,2017-08-15,Condition normale pour la saison.
2501,2017-09-15,Condition normale pour la saison.
2501,2017-10-15,Condition normale pour la saison.
2355,2017-05-15,Légère variabilité observée.
2355,2017-06-15,Condition normale pour la saison.
2355,2017-07-15,Légère variabilité observée.
2355,2017-08-15,Rien à signaler.
2355,2017-09-15,Condition normale pour la saison.
2355,2017-10-15,Condition normale pour la saison.
2120,2017-05-15,Condition normale pour la saison.
2120,2017-06-15,Condition normale pour la saison.
2120,2017-07-15,Condition normale pour la saison.
2120,2017-08-15,Rien à signaler.
2120,2017-09-15,Condition normale pour la saison.
2120,2017-10-15,Condition normale pour la saison.
2508,2017-05-15,Condition normale pour la saison.
2508,2017-06-15,Condition normale pour la saison.
2508,2017-07-15,Condition normale pour la saison.
2508,2017-08-15,Rien à signaler.
2508,2017-09-15,Rien à signaler.
2508,2017-10-15,Condition normale pour la saison.
2443,2017-05-15,Rien à signaler.
2443,2017-06-15,Condition normale pour la saison.
2443,2017-07-15,Condition normale pour la saison.
2443,2017-08-15,Condition normale pour la saison.
2443,2017-09-15,Légère variabilité observée.
2443,2017-10-15,Condition normale pour la saison.
2233,2017-05-15,Légère variabilité observée.
2233,2017-06-15,Condition normale pour la saison.
2233,2017-07-15,Rien à signaler.
2233,2017-08-15,Condition normale pour la saison.
2233,2017-09-15,Légère variabilité observée.
2233,2017-10-15,Condition normale pour la saison.
2241,2017-05-15,Condition normale pour la saison.
2241,2017-06-15,Condition normale pour la saison.
2241,2017-07-15,Rien à signaler.
2241,2017-08-15,Condition normale pour la saison.
2241,2017-09-15,Légère variabilité observée.
2241,2017-10-15,Légère variabilité observée.
1946,2017-05-15,Rien à signaler.
1946,2017-06-15,Rien à signaler.
1946,2017-07-15,Condition normale pour la saison.
1946,2017-08-15,Légère variabilité observée.
1946,2017-09-15,Condition normale pour la saison.
1946,2017-10-15,Rien à signaler.
2167,2017-05-15,Condition normale pour la saison.
2167,2017-06-15,Condition normale pour la saison.
2167,2017-07-15,Légère variabilité observée.
2167,2017-08-15,Condition normale pour la saison.
2167,2017-09-15,Condition normale pour la saison.
2167,2017-10-15,Légère variabilité observée.
2393,2017-05-15,Légère variabilité observée.
2393,2017-06-15,Condition normale pour la saison.
2393,2017-07-15,Condition normale pour la saison.
2393,2017-08-15,Rien à signaler.
2393,2017-09-15,Légère variabilité observée.
2393,2017-10-15,Légère variabilité observée.
2174,2017-05-15,Légère variabilité observée.
2174,2017-06-15,Condition normale pour la saison.
2174,2017-07-15,Légère variabilité observée.
2174,2017-08-15,Légère variabilité observée.
2174,2017-09-15,Rien à signaler.
2174,2017-10-15,Condition normale pour la saison.
2137,2017-05-15,Rien à signaler.
2137,2017-06-15,Condition normale pour la saison.
2137,2017-07-15,Condition normale pour la saison.
2137,2017-08-15,Légère variabilité observée.
2137,2017-09-15,Rien à signaler.
2137,2017-10-15,Légère variabilité observée.
2298,2017-05-15,Condition normale pour la saison.
2298,2017-06-15,Condition normale pour la saison.
2298,2017-07-15,Condition normale pour la saison.
2298,2017-08-15,Légère variabilité observée.
2298,2017-09-15,Légère variabilité observée.
2298,2017-10-15,Légère variabilité observée.
2251,2017-05-15,Condition normale pour la saison.
2251,2017-06-15,Rien à signaler.
2251,2017-07-15,Rien à signaler.
2251,2017-08-15,Légère variabilité observée.
2251,2017-09-15,Condition normale pour la saison.
2251,2017-10-15,Légère variabilité observée.
2360,2017-05-15,Légère variabilité observée.
2360,2017-06-15,Condition normale pour la saison.
2360,2017-07-15,Légère variabilité observée.
2360,2017-08-15,Condition normale pour la saison.
2360,2017-09-15,Rien à signaler.
2360,2017-10-15,Rien à signaler.
2387,2017-05-15,Condition normale pour la saison.
2387,2017-06-15,Condition normale pour la saison.
2387,2017-07-15,Légère variabilité observée.
2387,2017-08-15,Condition normale pour la saison.
2387,2017-09-15,Rien à signaler.
2387,2017-10-15,Légère variabilité observée.
2034,2017-05-15,Condition normale pour la saison.
2034,2017-06-15,Condition normale pour la saison.
2034,2017-07-15,Rien à signaler.
2034,2017-08-15,Condition normale pour la saison.
2034,2017-09-15,Condition normale pour la saison.
2034,2017-10-15,Légère variabilité observée.
1885,2017-05-15,Condition normale pour la saison.
1885,2017-06-15,Légère variabilité observée.
1885,2017-07-15,Condition normale pour la saison.
1885,2017-08-15,Condition normale pour la saison.
1885,2017-09-15,Rien à signaler.
1885,2017-10-15,Rien à signaler.
2309,2017-05-15,Rien à signaler.
2309,2017-06-15,Légère variabilité observée.
2309,2017-07-15,Condition normale pour la saison.
2309,2017-08-15,Condition normale pour la saison.
2309,2017-09-15,Légère variabilité observée.
2309,2017-10-15,Condition normale pour la saison.
2185,2017-05-15,Rien à signaler.
2185,2017-06-15,Condition normale pour la saison.
2185,2017-07-15,Rien à signaler.
2185,2017-08-15,Rien à signaler.
2185,2017-09-15,Légère variabilité observée.
2185,2017-10-15,Légère variabilité observée.
2471,2017-05-15,Condition normale pour la saison.
2471,2017-06-15,Condition normale pour la saison.
2471,2017-07-15,Légère variabilité observée.
2471,2017-08-15,Condition normale pour la saison.
2471,2017-09-15,Rien à signaler.
2471,2017-10-15,Condition normale pour la saison.
2080,2017-05-15,Condition normale pour la saison.
2080,2017-06-15,Condition normale pour la saison.
2080,2017-07-15,Rien à signaler.
2080,2017-08-15,Condition normale pour la saison.
2080,2017-09-15,Condition normale pour la saison.
2080,2017-10-15,Légère variabilité observée.
2142,2017-05-15,Condition normale pour la saison.
2142,2017-06-15,Rien à signaler.
2142,2017-07-15,Condition normale pour la saison.
2142,2017-08-15,Légère variabilité observée.
2142,2017-09-15,Condition normale pour la saison.
2142,2017-10-15,Rien à signaler.
1938,2017-05-15,Légère variabilité observée.
1938,2017-06-15,Légère variabilité observée.
1938,2017-07-15,Condition normale pour la saison.
1938,2017-08-15,Condition normale pour la saison.
1938,2017-09-15,Condition normale pour la saison.
1938,2017-10-15,Légère variabilité observée.
2000,2017-05-15,Légère variabilité observée.
2000,2017-06-15,Légère variabilité observée.
2000,2017-07-15,Rien à signaler.
2000,2017-08-15,Légère variabilité observée.
2000,2017-09-15,Condition normale pour la saison.
2000,2017-10-15,Condition normale pour la saison.
2479,2017-05-15,Condition normale pour la saison.
2479,2017-06-15,Condition normale pour la saison.
2479,2017-07-15,Légère variabilité observée.
2479,2017-08-15,Légère variabilité observée.
2479,2017-09-15,Condition normale pour la saison.
2479,2017-10-15,Rien à signaler.
2463,2017-05-15,Condition normale pour la saison.
2463,2017-06-15,Rien à signaler.
2463,2017-07-15,Condition normale pour la saison.
2463,2017-08-15,Légère variabilité observée.
2463,2017-09-15,Condition normale pour la saison.
2463,2017-10-15,Rien à signaler.
2579,2017-05-15,Condition normale pour la saison.
2579,2017-06-15,Condition normale pour la saison.
2579,2017-07-15,Rien à signaler.
2579,2017-08-15,Rien à signaler.
2579,2017-09-15,Condition normale pour la saison.
2579,2017-10-15,Légère variabilité observée.
2361,2017-05-15,Condition normale pour la saison.
2361,2017-06-15,Rien à signaler.
2361,2017-07-15,Condition normale pour la saison.
2361,2017-08-15,Condition normale pour la saison.
2361,2017-09-15,Condition normale pour la saison.
2361,2017-10-15,Rien à signaler.
1800,2017-05-15,Rien à signaler.
1800,2017-06-15,Condition normale pour la saison.
1800,2017-07-15,Condition normale pour la saison.
1800,2017-08-15,Légère variabilité observée.
1800,2017-09-15,Condition normale pour la saison.
1800,2017-10-15,Condition normale pour la saison.
2037,2017-05-15,Légère variabilité observée.
2037,2017-06-15,Rien à signaler.
2037,2017-07-15,Légère variabilité observée.
2037,2017-08-15,Rien à signaler.
2037,2017-09-15,Légère variabilité observée.
2037,2017-10-15,Rien à signaler.
1957,2017-05-15,Légère variabilité observée.
1957,2017-06-15,Légère variabilité observée.
1957,2017-07-15,Légère variabilité observée.
1957,2017-08-15,Condition normale pour la saison.
1957,2017-09-15,Légère variabilité observée.
1957,2017-10-15,Légère variabilité observée.
1835,2017-05-15,Rien à signaler.
1835,2017-06-15,Condition normale pour la saison.
1835,2017-07-15,Légère variabilité observée.
1835,2017-08-15,Légère variabilité observée.
1835,2017-09-15,Condition normale pour la saison.
1835,2017-10-15,Rien à signaler.
2319,2017-05-15,Rien à signaler.
2319,2017-06-15,Condition normale pour la saison.
2319,2017-07-15,Condition normale pour la saison.
2319,2017-08-15,Rien à signaler.
2319,2017-09-15,Rien à signaler.
2319,2017-10-15,Condition normale pour la saison.
2356,2017-05-15,Condition normale pour la saison.
2356,2017-06-15,Condition normale pour la saison.
2356,2017-07-15,Condition normale pour la saison.
2356,2017-08-15,Condition normale pour la saison.
2356,2017-09-15,Rien à signaler.
2356,2017-10-15,Légère variabilité observée.
2299,2017-05-15,Condition normale pour la saison.
2299,2017-06-15,Condition normale pour la saison.
2299,2017-07-15,Condition normale pour la saison.
2299,2017-08-15,Condition normale pour la saison.
2299,2017-09-15,Condition normale pour la saison.
2299,2017-10-15,Condition normale pour la saison.
2085,2017-05-15,Condition normale pour la saison.
2085,2017-06-15,Rien à signaler.
2085,2017-07-15,Légère variabilité observée.
2085,2017-08-15,Condition normale pour la saison.
2085,2017-09-15,Rien à signaler.
2085,2017-10-15,Condition normale pour la saison.
2051,2017-05-15,Condition normale pour la saison.
2051,2017-06-15,Rien à signaler.
2051,2017-07-15,Rien à signaler.
2051,2017-08-15,Légère variabilité observée.
2051,2017-09-15,Condition normale pour la saison.
2051,2017-10-15,Condition normale pour la saison.
2077,2017-05-15,Condition normale pour la saison.
2077,2017-06-15,Condition normale pour la saison.
2077,2017-07-15,Rien à signaler.
2077,2017-08-15,Rien à signaler.
2077,2017-09-15,Condition normale pour la saison.
2077,2017-10-15,Condition normale pour la saison.
1803,2017-05-15,Légère variabilité observée.
1803,2017-06-15,Légère variabilité observée.
1803,2017-07-15,Rien à signaler.
1803,2017-08-15,Rien à signaler.
1803,2017-09-15,Rien à signaler.
1803,2017-10-15,Rien à signaler.
2067,2017-05-15,Légère variabilité observée.
2067,2017-06-15,Légère variabilité observée.
2067,2017-07-15,Condition normale pour la saison.
2067,2017-08-15,Légère variabilité observée.
2067,2017-09-15,Condition normale pour la saison.
2067,2017-10-15,Condition normale pour la saison.
1905,2017-05-15,Légère variabilité observée.
1905,2017-06-15,Condition normale pour la saison.
1905,2017-07-15,Rien à signaler.
1905,2017-08-15,Rien à signaler.
1905,2017-09-15,Rien à signaler.
1905,2017-10-15,Légère variabilité observée.
1961,2017-05-15,Condition normale pour la saison.
1961,2017-06-15,Condition normale pour la saison.
1961,2017-07-15,Condition normale pour la saison.
1961,2017-08-15,Condition normale pour la saison.
1961,2017-09-15,Condition normale pour la saison.
1961,2017-10-15,Rien à signaler.
2323,2017-05-15,Légère variabilité observée.
2323,2017-06-15,Légère variabilité observée.
2323,2017-07-15,Condition normale pour la saison.
2323,2017-08-15,Légère variabilité observée.
2323,2017-09-15,Condition normale pour la saison.
2323,2017-10-15,Légère variabilité observée.
2339,2017-05-15,Rien à signaler.
2339,2017-06-15,Rien à signaler.
2339,2017-07-15,Condition normale pour la saison.
2339,2017-08-15,Condition normale pour la saison.
2339,2017-09-15,Condition normale pour la saison.
2339,2017-10-15,Rien à signaler.
2189,2017-05-15,Légère variabilité observée.
2189,2017-06-15,Condition normale pour la saison.
2189,2017-07-15,Condition normale pour la saison.
2189,2017-08-15,Condition normale pour la saison.
2189,2017-09-15,Condition normale pour la saison.
2189,2017-10-15,Condition normale pour la saison.
2267,2017-05-15,Légère variabilité observée.
2267,2017-06-15,Légère variabilité observée.
2267,2017-07-15,Condition normale pour la saison.
2267,2017-08-15,Condition normale pour la saison.
2267,2017-09-15,Condition normale pour la saison.
2267,2017-10-15,Condition normale pour la saison.
1911,2017-05-15,Condition normale pour la saison.
1911,2017-06-15,Condition normale pour la saison.
1911,2017-07-15,Condition normale pour la saison.
1911,2017-08-15,Légère variabilité observée.
1911,2017-09-15,Légère variabilité observée.
1911,2017-10-15,Condition normale pour la saison.
2346,2017-05-15,Rien à signaler.
2346,2017-06-15,Légère variabilité observée.
2346,2017-07-15,Rien à signaler.
2346,2017-08-15,Condition normale pour la saison.
2346,2017-09-15,Légère variabilité observée.
2346,2017-10-15,Rien à signaler.
1871,2017-05-15,Condition normale pour la saison.
1871,2017-06-15,Condition normale pour la saison.
1871,2017-07-15,Condition normale pour la saison.
1871,2017-08-15,Rien à signaler.
1871,2017-09-15,Rien à signaler.
1871,2017-10-15,Condition normale pour la saison.
2519,2017-05-15,Condition normale pour la saison.
2519,2017-06-15,Condition normale pour la saison.
2519,2017-07-15,Condition normale pour la saison.
2519,2017-08-15,Condition normale pour la saison.
2519,2017-09-15,Condition normale pour la saison.
2519,2017-10-15,Légère variabilité observée.
1882,2017-05-15,Condition normale pour la saison.
1882,2017-06-15,Condition normale pour la saison.
1882,2017-07-15,Légère variabilité observée.
1882,2017-08-15,Rien à signaler.
1882,2017-09-15,Légère variabilité observée.
1882,2017-10-15,Légère variabilité observée.
2398,2017-05-15,Rien à signaler.
2398,2017-06-15,Condition normale pour la saison.
2398,2017-07-15,Rien à signaler.
2398,2017-08-15,Condition normale pour la saison.
2398,2017-09-15,Condition normale pour la saison.
2398,2017-10-15,Légère variabilité observée.
1898,2017-05-15,Condition normale pour la saison.
1898,2017-06-15,Condition normale pour la saison.
1898,2017-07-15,Condition normale pour la saison.
1898,2017-08-15,Légère variabilité observée.
1898,2017-09-15,Condition normale pour la saison.
1898,2017-10-15,Condition normale pour la saison.
2363,2017-05-15,Légère variabilité observée.
2363,2017-06-15,Légère variabilité observée.
2363,2017-07-15,Légère variabilité observée.
2363,2017-08-15,Condition normale pour la saison.
2363,2017-09-15,Condition normale pour la saison.
2363,2017-10-15,Légère variabilité observée.
2262,2017-05-15,Rien à signaler.
2262,2017-06-15,Condition normale pour la saison.
2262,2017-07-15,Légère variabilité observée.
2262,2017-08-15,Condition normale pour la saison.
2262,2017-09-15,Condition normale pour la saison.
2262,2017-10-15,Légère variabilité observée.
2438,2017-05-15,Condition normale pour la saison.
2438,2017-06-15,Rien à signaler.
2438,2017-07-15,Légère variabilité observée.
2438,2017-08-15,Rien à signaler.
2438,2017-09-15,Légère variabilité observée.
2438,2017-10-15,Légère variabilité observée.
2216,2017-05-15,Condition normale pour la saison.
2216,2017-06-15,Légère variabilité observée.
2216,2017-07-15,Rien à signaler.
2216,2017-08-15,Condition normale pour la saison.
2216,2017-09-15,Condition normale pour la saison.
2216,2017-10-15,Légère variabilité observée.
2348,2017-05-15,Légère variabilité observée.
2348,2017-06-15,Condition normale pour la saison.
2348,2017-07-15,Condition normale pour la saison.
2348,2017-08-15,Condition normale pour la saison.
2348,2017-09-15,Condition normale pour la saison.
2348,2017-10-15,Rien à signaler.
2458,2017-05-15,Condition normale pour la saison.
2458,2017-06-15,Rien à signaler.
2458,2017-07-15,Condition normale pour la saison.
2458,2017-08-15,Rien à signaler.
2458,2017-09-15,Condition normale pour la saison.
2458,2017-10-15,Condition normale pour la saison.
2223,2017-05-15,Légère variabilité observée.
2223,2017-06-15,Condition normale pour la saison.
2223,2017-07-15,Rien à signaler.
2223,2017-08-15,Condition normale pour la saison.
2223,2017-09-15,Légère variabilité observée.
2223,2017-10-15,Condition normale pour la saison.
2248,2017-05-15,Condition normale pour la saison.
2248,2017-06-15,Condition normale pour la saison.
2248,2017-07-15,Légère variabilité observée.
2248,2017-08-15,Condition normale pour la saison.
2248,2017-09-15,Condition normale pour la saison.
2248,2017-10-15,Légère variabilité observée.
2589,2017-05-15,Condition normale pour la saison.
2589,2017-06-15,Rien à signaler.
2589,2017-07-15,Légère variabilité observée.
2589,2017-08-15,Rien à signaler.
2589,2017-09-15,Rien à signaler.
2589,2017-10-15,Condition normale pour la saison.
2544,2017-05-15,Rien à signaler.
2544,2017-06-15,Condition normale pour la saison.
2544,2017-07-15,Rien à signaler.
2544,2017-08-15,Condition normale pour la saison.
2544,2017-09-15,Rien à signaler.
2544,2017-10-15,Condition normale pour la saison.
1986,2017-05-15,Condition normale pour la saison.
1986,2017-06-15,Rien à signaler.
1986,2017-07-15,Condition normale pour la saison.
1986,2017-08-15,Rien à signaler.
1986,2017-09-15,Rien à signaler.
1986,2017-10-15,Condition normale pour la saison.
1811,2017-05-15,Légère variabilité observée.
1811,2017-06-15,Légère variabilité observée.
1811,2017-07-15,Condition normale pour la saison.
1811,2017-08-15,Légère variabilité observée.
1811,2017-09-15,Légère variabilité observée.
1811,2017-10-15,Condition normale pour la saison.
2070,2017-05-15,Condition normale pour la saison.
2070,2017-06-15,Légère variabilité observée.
2070,2017-07-15,Condition normale pour la saison.
2070,2017-08-15,Légère variabilité observée.
2070,2017-09-15,Légère variabilité observée.
2070,2017-10-15,Légère variabilité observée.
1857,2017-05-15,Condition normale pour la saison.
1857,2017-06-15,Légère variabilité observée.
1857,2017-07-15,Rien à signaler.
1857,2017-08-15,Condition normale pour la saison.
1857,2017-09-15,Condition normale pour la saison.
1857,2017-10-15,Légère variabilité observée.
2575,2017-05-15,Condition normale pour la saison.
2575,2017-06-15,Rien à signaler.
2575,2017-07-15,Condition normale pour la saison.
2575,2017-08-15,Légère variabilité observée.
2575,2017-09-15,Légère variabilité observée.
2575,2017-10-15,Rien à signaler.
2509,2017-05-15,Légère variabilité observée.
2509,2017-06-15,Condition normale pour la saison.
2509,2017-07-15,Condition normale pour la saison.
2509,2017-08-15,Condition normale pour la saison.
2509,2017-09-15,Rien à signaler.
2509,2017-10-15,Condition normale pour la saison.
2186,2017-05-15,Condition normale pour la saison.
2186,2017-06-15,Rien à signaler.
2186,2017-07-15,Légère variabilité observée.
2186,2017-08-15,Condition normale pour la saison.
2186,2017-09-15,Rien à signaler.
2186,2017-10-15,Rien à signaler.
2096,2017-05-15,Condition normale pour la saison.
2096,2017-06-15,Légère variabilité observée.
2096,2017-07-15,Rien à signaler.
2096,2017-08-15,Rien à signaler.
2096,2017-09-15,Condition normale pour la saison.
2096,2017-10-15,Rien à signaler.
1922,2017-05-15,Rien à signaler.
1922,2017-06-15,Rien à signaler.
1922,2017-07-15,Condition normale pour la saison.
1922,2017-08-15,Condition normale pour la saison.
1922,2017-09-15,Légère variabilité observée.
1922,2017-10-15,Rien à signaler.
2312,2017-05-15,Condition normale pour la saison.
2312,2017-06-15,Légère variabilité observée.
2312,2017-07-15,Rien à signaler.
2312,2017-08-15,Condition normale pour la saison.
2312,2017-09-15,Condition normale pour la saison.
2312,2017-10-15,Rien à signaler.
2332,2017-05-15,Condition normale pour la saison.
2332,2017-06-15,Légère variabilité observée.
2332,2017-07-15,Rien à signaler.
2332,2017-08-15,Rien à signaler.
2332,2017-09-15,Condition normale pour la saison.
2332,2017-10-15,Légère variabilité observée.
2584,2017-05-15,Condition normale pour la saison.
2584,2017-06-15,Condition normale pour la saison.
2584,2017-07-15,Légère variabilité observée.
2584,2017-08-15,Condition normale pour la saison.
2584,2017-09-15,Condition normale pour la saison.
2584,2017-10-15,Rien à signaler.
1809,2017-05-15,Légère variabilité observée.
1809,2017-06-15,Condition normale pour la saison.
1809,2017-07-15,Condition normale pour la saison.
1809,2017-08-15,Légère variabilité observée.
1809,2017-09-15,Légère variabilité observée.
1809,2017-10-15,Condition normale pour la saison.
1988,2017-05-15,Condition normale pour la saison.
1988,2017-06-15,Légère variabilité observée.
1988,2017-07-15,Rien à signaler.
1988,2017-08-15,Condition normale pour la saison.
1988,2017-09-15,Condition normale pour la saison.
1988,2017-10-15,Condition normale pour la saison.
2058,2017-05-15,Condition normale pour la saison.
2058,2017-06-15,Rien à signaler.
2058,2017-07-15,Condition normale pour la saison.
2058,2017-08-15,Rien à signaler.
2058,2017-09-15,Condition normale pour la saison.
2058,2017-10-15,Condition normale pour la saison.
2288,2017-05-15,Condition normale pour la saison.
2288,2017-06-15,Condition normale pour la saison.
2288,2017-07-15,Rien à signaler.
2288,2017-08-15,Condition normale pour la saison.
2288,2017-09-15,Légère variabilité observée.
2288,2017-10-15,Condition normale pour la saison.
2130,2017-05-15,Rien à signaler.
2130,2017-06-15,Condition normale pour la saison.
2130,2017-07-15,Rien à signaler.
2130,2017-08-15,Rien à signaler.
2130,2017-09-15,Condition normale pour la saison.
2130,2017-10-15,Rien à signaler.
2164,2017-05-15,Rien à signaler.
2164,2017-06-15,Condition normale pour la saison.
2164,2017-07-15,Condition normale pour la saison.
2164,2017-08-15,Condition normale pour la saison.
2164,2017-09-15,Condition normale pour la saison.
2164,2017-10-15,Légère variabilité observée.
2020,2017-05-15,Légère variabilité observée.
2020,2017-06-15,Rien à signaler.
2020,2017-07-15,Condition normale pour la saison.
2020,2017-08-15,Condition normale pour la saison.
2020,2017-09-15,Condition normale pour la saison.
2020,2017-10-15,Condition normale pour la saison.
2032,2017-05-15,Condition normale pour la saison.
2032,2017-06-15,Condition normale pour la saison.
2032,2017-07-15,Condition normale pour la saison.
2032,2017-08-15,Condition normale pour la saison.
2032,2017-09-15,Condition normale pour la saison.
2032,2017-10-15,Légère variabilité observée.
1878,2017-05-15,Condition normale pour la saison.
1878,2017-06-15,Condition normale pour la saison.
1878,2017-07-15,Rien à signaler.
1878,2017-08-15,Condition normale pour la saison.
1878,2017-09-15,Condition normale pour la saison.
1878,2017-10-15,Condition normale pour la saison.
1974,2017-05-15,Condition normale pour la saison.
1974,2017-06-15,Rien à signaler.
1974,2017-07-15,Légère variabilité observée.
1974,2017-08-15,Condition normale pour la saison.
1974,2017-09-15,Condition normale pour la saison.
1974,2017-10-15,Condition normale pour la saison.
1797,2017-05-15,Condition normale pour la saison.
1797,2017-06-15,Légère variabilité observée.
1797,2017-07-15,Condition normale pour la saison.
1797,2017-08-15,Condition normale pour la saison.
1797,2017-09-15,Rien à signaler.
1797,2017-10-15,Légère variabilité observée.
2541,2017-05-15,Condition normale pour la saison.
2541,2017-06-15,Condition normale pour la saison.
2541,2017-07-15,Rien à signaler.
2541,2017-08-15,Rien à signaler.
2541,2017-09-15,Rien à signaler.
2541,2017-10-15,Rien à signaler.
2091,2017-05-15,Condition normale pour la saison.
2091,2017-06-15,Condition normale pour la saison.
2091,2017-07-15,Légère variabilité observée.
2091,2017-08-15,Rien à signaler.
2091,2017-09-15,Condition normale pour la saison.
2091,2017-10-15,Rien à signaler.
1899,2017-05-15,Condition normale pour la saison.
1899,2017-06-15,Condition normale pour la saison.
1899,2017-07-15,Condition normale pour la saison.
1899,2017-08-15,Légère variabilité observée.
1899,2017-09-15,Condition normale pour la saison.
1899,2017-10-15,Légère variabilité observée.
2110,2017-05-15,Légère variabilité observée.
2110,2017-06-15,Condition normale pour la saison.
2110,2017-07-15,Rien à signaler.
2110,2017-08-15,Condition normale pour la saison.
2110,2017-09-15,Rien à signaler.
2110,2017-10-15,Condition normale pour la saison.
2176,2017-05-15,Condition normale pour la saison.
2176,2017-06-15,Rien à signaler.
2176,2017-07-15,Condition normale pour la saison.
2176,2017-08-15,Condition normale pour la saison.
2176,2017-09-15,Légère variabilité observée.
2176,2017-10-15,Condition normale pour la saison.
2560,2017-05-15,Condition normale pour la saison.
2560,2017-06-15,Légère variabilité observée.
2560,2017-07-15,Condition normale pour la saison.
2560,2017-08-15,Condition normale pour la saison.
2560,2017-09-15,Rien à signaler.
2560,2017-10-15,Condition normale pour la saison.
2146,2017-05-15,Condition normale pour la saison.
2146,2017-06-15,Condition normale pour la saison.
2146,2017-07-15,Légère variabilité observée.
2146,2017-08-15,Rien à signaler.
2146,2017-09-15,Rien à signaler.
2146,2017-10-15,Condition normale pour la saison.
2381,2017-05-15,Légère variabilité observée.
2381,2017-06-15,Condition normale pour la saison.
2381,2017-07-15,Légère variabilité observée.
2381,2017-08-15,Rien à signaler.
2381,2017-09-15,Légère variabilité observée.
2381,2017-10-15,Légère variabilité observée.
2510,2017-05-15,Condition normale pour la saison.
2510,2017-06-15,Condition normale pour la saison.
2510,2017-07-15,Rien à signaler.
2510,2017-08-15,Rien à signaler.
2510,2017-09-15,Légère variabilité observée.
2510,2017-10-15,Condition normale pour la saison.
2524,2017-05-15,Légère variabilité observée.
2524,2017-06-15,Condition normale pour la saison.
2524,2017-07-15,Rien à signaler.
2524,2017-08-15,Condition normale pour la saison.
2524,2017-09-15,Condition normale pour la saison.
2524,2017-10-15,Légère variabilité observée.
2404,2017-05-15,Rien à signaler.
2404,2017-06-15,Condition normale pour la saison.
2404,2017-07-15,Condition normale pour la saison.
2404,2017-08-15,Rien à signaler.
2404,2017-09-15,Légère variabilité observée.
2404,2017-10-15,Condition normale pour la saison.
1941,2017-05-15,Condition normale pour la saison.
1941,2017-06-15,Condition normale pour la saison.
1941,2017-07-15,Rien à signaler.
1941,2017-08-15,Légère variabilité observée.
1941,2017-09-15,Condition normale pour la saison.
1941,2017-10-15,Légère variabilité observée.
2595,2017-05-15,Condition normale pour la saison.
2595,2017-06-15,Condition normale pour la saison.
2595,2017-07-15,Condition normale pour la saison.
2595,2017-08-15,Légère variabilité observée.
2595,2017-09-15,Condition normale pour la saison.
2595,2017-10-15,Condition normale pour la saison.
2416,2017-05-15,Condition normale pour la saison.
2416,2017-06-15,Légère variabilité observée.
2416,2017-07-15,Condition normale pour la saison.
2416,2017-08-15,Condition normale pour la saison.
2416,2017-09-15,Condition normale pour la saison.
2416,2017-10-15,Rien à signaler.
2271,2017-05-15,Légère variabilité observée.
2271,2017-06-15,Rien à signaler.
2271,2017-07-15,Condition normale pour la saison.
2271,2017-08-15,Condition normale pour la saison.
2271,2017-09-15,Légère variabilité observée.
2271,2017-10-15,Condition normale pour la saison.
2191,2017-05-15,Condition normale pour la saison.
2191,2017-06-15,Condition normale pour la saison.
2191,2017-07-15,Légère variabilité observée.
2191,2017-08-15,Condition normale pour la saison.
2191,2017-09-15,Condition normale pour la saison.
2191,2017-10-15,Condition normale pour la saison.
2362,2017-05-15,Condition normale pour la saison.
2362,2017-06-15,Condition normale pour la saison.
2362,2017-07-15,Condition normale pour la saison.
2362,2017-08-15,Rien à signaler.
2362,2017-09-15,Condition normale pour la saison.
2362,2017-10-15,Condition normale pour la saison.
2514,2017-05-15,Légère variabilité observée.
2514,2017-06-15,Condition normale pour la saison.
2514,2017-07-15,Rien à signaler.
2514,2017-08-15,Rien à signaler.
2514,2017-09-15,Légère variabilité observée.
2514,2017-10-15,Condition normale pour la saison.
2154,2017-05-15,Rien à signaler.
2154,2017-06-15,Condition normale pour la saison.
2154,2017-07-15,Légère variabilité observée.
2154,2017-08-15,Condition normale pour la saison.
2154,2017-09-15,Légère variabilité observée.
2154,2017-10-15,Légère variabilité observée.
2190,2017-05-15,Condition normale pour la saison.
2190,2017-06-15,Condition normale pour la saison.
2190,2017-07-15,Légère variabilité observée.
2190,2017-08-15,Rien à signaler.
2190,2017-09-15,Condition normale pour la saison.
2190,2017-10-15,Condition normale pour la saison.
1984,2017-05-15,Condition normale pour la saison.
1984,2017-06-15,Condition normale pour la saison.
1984,2017-07-15,Condition normale pour la saison.
1984,2017-08-15,Condition normale pour la saison.
1984,2017-09-15,Légère variabilité observée.
1984,2017-10-15,Rien à signaler.
2131,2017-05-15,Condition normale pour la saison.
2131,2017-06-15,Condition normale pour la saison.
2131,2017-07-15,Condition normale pour la saison.
2131,2017-08-15,Légère variabilité observée.
2131,2017-09-15,Légère variabilité observée.
2131,2017-10-15,Condition normale pour la saison.
2585,2017-05-15,Rien à signaler.
2585,2017-06-15,Rien à signaler.
2585,2017-07-15,Condition normale pour la saison.
2585,2017-08-15,Condition normale pour la saison.
2585,2017-09-15,Condition normale pour la saison.
2585,2017-10-15,Condition normale pour la saison.
1796,2017-05-15,Condition normale pour la saison.
1796,2017-06-15,Condition normale pour la saison.
1796,2017-07-15,Rien à signaler.
1796,2017-08-15,Légère variabilité observée.
1796,2017-09-15,Condition normale pour la saison.
1796,2017-10-15,Légère variabilité observée.
2367,2017-05-15,Légère variabilité observée.
2367,2017-06-15,Condition normale pour la saison.
2367,2017-07-15,Rien à signaler.
2367,2017-08-15,Rien à signaler.
2367,2017-09-15,Rien à signaler.
2367,2017-10-15,Condition normale pour la saison.
1992,2017-05-15,Légère variabilité observée.
1992,2017-06-15,Rien à signaler.
1992,2017-07-15,Condition normale pour la saison.
1992,2017-08-15,Rien à signaler.
1992,2017-09-15,Rien à signaler.
1992,2017-10-15,Condition normale pour la saison.
2326,2017-05-15,Légère variabilité observée.
2326,2017-06-15,Condition normale pour la saison.
2326,2017-07-15,Condition normale pour la saison.
2326,2017-08-15,Condition normale pour la saison.
2326,2017-09-15,Condition normale pour la saison.
2326,2017-10-15,Rien à signaler.
2336,2017-05-15,Condition normale pour la saison.
2336,2017-06-15,Légère variabilité observée.
2336,2017-07-15,Légère variabilité observée.
2336,2017-08-15,Légère variabilité observée.
2336,2017-09-15,Condition normale pour la saison.
2336,2017-10-15,Légère variabilité observée.
1963,2017-05-15,Légère variabilité observée.
1963,2017-06-15,Légère variabilité observée.
1963,2017-07-15,Légère variabilité observée.
1963,2017-08-15,Condition normale pour la saison.
1963,2017-09-15,Légère variabilité observée.
1963,2017-10-15,Condition normale pour la saison.
2194,2017-05-15,Condition normale pour la saison.
2194,2017-06-15,Condition normale pour la saison.
2194,2017-07-15,Rien à signaler.
2194,2017-08-15,Condition normale pour la saison.
2194,2017-09-15,Condition normale pour la saison.
2194,2017-10-15,Rien à signaler.
2273,2017-05-15,Condition normale pour la saison.
2273,2017-06-15,Légère variabilité observée.
2273,2017-07-15,Légère variabilité observée.
2273,2017-08-15,Condition normale pour la saison.
2273,2017-09-15,Rien à signaler.
2273,2017-10-15,Condition normale pour la saison.
2396,2017-05-15,Condition normale pour la saison.
2396,2017-06-15,Légère variabilité observée.
2396,2017-07-15,Condition normale pour la saison.
2396,2017-08-15,Légère variabilité observée.
2396,2017-09-15,Condition normale pour la saison.
2396,2017-10-15,Légère variabilité observée.
2464,2017-05-15,Légère variabilité observée.
2464,2017-06-15,Condition normale pour la saison.
2464,2017-07-15,Légère variabilité observée.
2464,2017-08-15,Condition normale pour la saison.
2464,2017-09-15,Condition normale pour la saison.
2464,2017-10-15,Condition normale pour la saison.
2220,2017-05-15,Condition normale pour la saison.
2220,2017-06-15,Condition normale pour la saison.
2220,2017-07-15,Rien à signaler.
2220,2017-08-15,Condition normale pour la saison.
2220,2017-09-15,Légère variabilité observée.
2220,2017-10-15,Condition normale pour la saison.
1848,2017-05-15,Rien à signaler.
1848,2017-06-15,Condition normale pour la saison.
1848,2017-07-15,Rien à signaler.
1848,2017-08-15,Condition normale pour la saison.
1848,2017-09-15,Rien à signaler.
1848,2017-10-15,Condition normale pour la saison.
2450,2017-05-15,Condition normale pour la saison.
2450,2017-06-15,Rien à signaler.
2450,2017-07-15,Légère variabilité observée.
2450,2017-08-15,Condition normale pour la saison.
2450,2017-09-15,Légère variabilité observée.
2450,2017-10-15,Légère variabilité observée.
1980,2017-05-15,Condition normale pour la saison.
1980,2017-06-15,Condition normale pour la saison.
1980,2017-07-15,Légère variabilité observée.
1980,2017-08-15,Condition normale pour la saison.
1980,2017-09-15,Légère variabilité observée.
1980,2017-10-15,Condition normale pour la saison.
1950,2017-05-15,Condition normale pour la saison.
1950,2017-06-15,Condition normale pour la saison.
1950,2017-07-15,Légère variabilité observée.
1950,2017-08-15,Condition normale pour la saison.
1950,2017-09-15,Légère variabilité observée.
1950,2017-10-15,Rien à signaler.
2010,2017-05-15,Condition normale pour la saison.
2010,2017-06-15,Rien à signaler.
2010,2017-07-15,Rien à signaler.
2010,2017-08-15,Légère variabilité observée.
2010,2017-09-15,Condition normale pour la saison.
2010,2017-10-15,Légère variabilité observée.
2313,2017-05-15,Condition normale pour la saison.
2313,2017-06-15,Condition normale pour la saison.
2313,2017-07-15,Légère variabilité observée.
2313,2017-08-15,Condition normale pour la saison.
2313,2017-09-15,Condition normale pour la saison.
2313,2017-10-15,Condition normale pour la saison.
2011,2017-05-15,Rien à signaler.
2011,2017-06-15,Légère variabilité observée.
2011,2017-07-15,Rien à signaler.
2011,2017-08-15,Légère variabilité observée.
2011,2017-09-15,Rien à signaler.
2011,2017-10-15,Légère variabilité observée.
2232,2017-05-15,Légère variabilité observée.
2232,2017-06-15,Condition normale pour la saison.
2232,2017-07-15,Condition normale pour la saison.
2232,2017-08-15,Légère variabilité observée.
2232,2017-09-15,Condition normale pour la saison.
2232,2017-10-15,Rien à signaler.
2333,2017-05-15,Rien à signaler.
2333,2017-06-15,Légère variabilité observée.
2333,2017-07-15,Condition normale pour la saison.
2333,2017-08-15,Rien à signaler.
2333,2017-09-15,Condition normale pour la saison.
2333,2017-10-15,Condition normale pour la saison.
2324,2017-05-15,Rien à signaler.
2324,2017-06-15,Légère variabilité observée.
2324,2017-07-15,Condition normale pour la saison.
2324,2017-08-15,Rien à signaler.
2324,2017-09-15,Condition normale pour la saison.
2324,2017-10-15,Condition normale pour la saison.
2049,2017-05-15,Condition normale pour la saison.
2049,2017-06-15,Légère variabilité observée.
2049,2017-07-15,Rien à signaler.
2049,2017-08-15,Légère variabilité observée.
2049,2017-09-15,Condition normale pour la saison.
2049,2017-10-15,Légère variabilité observée.
1865,2017-05-15,Condition normale pour la saison.
1865,2017-06-15,Légère variabilité observée.
1865,2017-07-15,Condition normale pour la saison.
1865,2017-08-15,Rien à signaler.
1865,2017-09-15,Condition normale pour la saison.
1865,2017-10-15,Rien à signaler.
1994,2017-05-15,Légère variabilité observée.
1994,2017-06-15,Légère variabilité observée.
1994,2017-07-15,Légère variabilité observée.
1994,2017-08-15,Rien à signaler.
1994,2017-09-15,Condition normale pour la saison.
1994,2017-10-15,Rien à signaler.
2460,2017-05-15,Condition normale pour la saison.
2460,2017-06-15,Rien à signaler.
2460,2017-07-15,Condition normale pour la saison.
2460,2017-08-15,Légère variabilité observée.
2460,2017-09-15,Condition normale pour la saison.
2460,2017-10-15,Rien à signaler.
2540,2017-05-15,Condition normale pour la saison.
2540,2017-06-15,Rien à signaler.
2540,2017-07-15,Condition normale pour la saison.
2540,2017-08-15,Légère variabilité observée.
2540,2017-09-15,Condition normale pour la saison.
2540,2017-10-15,Légère variabilité observée.
2487,2017-05-15,Condition normale pour la saison.
2487,2017-06-15,Condition normale pour la saison.
2487,2017-07-15,Légère variabilité observée.
2487,2017-08-15,Condition normale pour la saison.
2487,2017-09-15,Légère variabilité observée.
2487,2017-10-15,Légère variabilité observée.
2366,2017-05-15,Légère variabilité observée.
2366,2017-06-15,Condition normale pour la saison.
2366,2017-07-15,Rien à signaler.
2366,2017-08-15,Légère variabilité observée.
2366,2017-09-15,Condition normale pour la saison.
2366,2017-10-15,Rien à signaler.
2295,2017-05-15,Légère variabilité observée.
2295,2017-06-15,Condition normale pour la saison.
2295,2017-07-15,Rien à signaler.
2295,2017-08-15,Condition normale pour la saison.
2295,2017-09-15,Rien à signaler.
2295,2017-10-15,Rien à signaler.
2254,2017-05-15,Légère variabilité observée.
2254,2017-06-15,Légère variabilité observée.
2254,2017-07-15,Légère variabilité observée.
2254,2017-08-15,Condition normale pour la saison.
2254,2017-09-15,Rien à signaler.
2254,2017-10-15,Légère variabilité observée.
1806,2017-05-15,Condition normale pour la saison.
1806,2017-06-15,Légère variabilité observée.
1806,2017-07-15,Rien à signaler.
1806,2017-08-15,Condition normale pour la saison.
1806,2017-09-15,Rien à signaler.
1806,2017-10-15,Légère variabilité observée.
2180,2017-05-15,Rien à signaler.
2180,2017-06-15,Légère variabilité observée.
2180,2017-07-15,Condition normale pour la saison.
2180,2017-08-15,Légère variabilité observée.
2180,2017-09-15,Condition normale pour la saison.
2180,2017-10-15,Légère variabilité observée.
2370,2017-05-15,Légère variabilité observée.
2370,2017-06-15,Légère variabilité observée.
2370,2017-07-15,Condition normale pour la saison.
2370,2017-08-15,Légère variabilité observée.
2370,2017-09-15,Condition normale pour la saison.
2370,2017-10-15,Rien à signaler.
1979,2017-05-15,Légère variabilité observée.
1979,2017-06-15,Condition normale pour la saison.
1979,2017-07-15,Légère variabilité observée.
1979,2017-08-15,Condition normale pour la saison.
1979,2017-09-15,Rien à signaler.
1979,2017-10-15,Rien à signaler.
1873,2017-05-15,Condition normale pour la saison.
1873,2017-06-15,Légère variabilité observée.
1873,2017-07-15,Rien à signaler.
1873,2017-08-15,Condition normale pour la saison.
1873,2017-09-15,Rien à signaler.
1873,2017-10-15,Condition normale pour la saison.
1812,2017-05-15,Condition normale pour la saison.
1812,2017-06-15,Légère variabilité observée.
1812,2017-07-15,Rien à signaler.
1812,2017-08-15,Légère variabilité observée.
1812,2017-09-15,Légère variabilité observée.
1812,2017-10-15,Condition normale pour la saison.
2550,2017-05-15,Condition normale pour la saison.
2550,2017-06-15,Légère variabilité observée.
2550,2017-07-15,Condition normale pour la saison.
2550,2017-08-15,Légère variabilité observée.
2550,2017-09-15,Condition normale pour la saison.
2550,2017-10-15,Condition normale pour la saison.
2572,2017-05-15,Condition normale pour la saison.
2572,2017-06-15,Condition normale pour la saison.
2572,2017-07-15,Condition normale pour la saison.
2572,2017-08-15,Condition normale pour la saison.
2572,2017-09-15,Condition normale pour la saison.
2572,2017-10-15,Condition normale pour la saison.
2292,2017-05-15,Condition normale pour la saison.
2292,2017-06-15,Condition normale pour la saison.
2292,2017-07-15,Rien à signaler.
2292,2017-08-15,Rien à signaler.
2292,2017-09-15,Condition normale pour la saison.
2292,2017-10-15,Rien à signaler.
2019,2017-05-15,Légère variabilité observée.
2019,2017-06-15,Légère variabilité observée.
2019,2017-07-15,Condition normale pour la saison.
2019,2017-08-15,Légère variabilité observée.
2019,2017-09-15,Légère variabilité observée.
2019,2017-10-15,Condition normale pour la saison.
2459,2017-05-15,Légère variabilité observée.
2459,2017-06-15,Légère variabilité observée.
2459,2017-07-15,Condition normale pour la saison.
2459,2017-08-15,Rien à signaler.
2459,2017-09-15,Condition normale pour la saison.
2459,2017-10-15,Rien à signaler.
2397,2017-05-15,Rien à signaler.
2397,2017-06-15,Condition normale pour la saison.
2397,2017-07-15,Condition normale pour la saison.
2397,2017-08-15,Légère variabilité observée.
2397,2017-09-15,Condition normale pour la saison.
2397,2017-10-15,Condition normale pour la saison.
2371,2017-05-15,Condition normale pour la saison.
2371,2017-06-15,Légère variabilité observée.
2371,2017-07-15,Condition normale pour la saison.
2371,2017-08-15,Légère variabilité observée.
2371,2017-09-15,Condition normale pour la saison.
2371,2017-10-15,Rien à signaler.
1924,2017-05-15,Condition normale pour la saison.
1924,2017-06-15,Rien à signaler.
1924,2017-07-15,Condition normale pour la saison.
1924,2017-08-15,Rien à signaler.
1924,2017-09-15,Condition normale pour la saison.
1924,2017-10-15,Condition normale pour la saison.
2372,2017-05-15,Rien à signaler.
2372,2017-06-15,Condition normale pour la saison.
2372,2017-07-15,Condition normale pour la saison.
2372,2017-08-15,Condition normale pour la saison.
2372,2017-09-15,Condition normale pour la saison.
2372,2017-10-15,Condition normale pour la saison.
2392,2017-05-15,Légère variabilité observée.
2392,2017-06-15,Condition normale pour la saison.
2392,2017-07-15,Condition normale pour la saison.
2392,2017-08-15,Rien à signaler.
2392,2017-09-15,Rien à signaler.
2392,2017-10-15,Légère variabilité observée.
2304,2017-05-15,Condition normale pour la saison.
2304,2017-06-15,Rien à signaler.
2304,2017-07-15,Condition normale pour la saison.
2304,2017-08-15,Légère variabilité observée.
2304,2017-09-15,Condition normale pour la saison.
2304,2017-10-15,Condition normale pour la saison.
2075,2017-05-15,Condition normale pour la saison.
2075,2017-06-15,Condition normale pour la saison.
2075,2017-07-15,Condition normale pour la saison.
2075,2017-08-15,Condition normale pour la saison.
2075,2017-09-15,Condition normale pour la saison.
2075,2017-10-15,Légère variabilité observée.
1977,2017-05-15,Condition normale pour la saison.
1977,2017-06-15,Condition normale pour la saison.
1977,2017-07-15,Rien à signaler.
1977,2017-08-15,Légère variabilité observée.
1977,2017-09-15,Rien à signaler.
1977,2017-10-15,Condition normale pour la saison.
2047,2017-05-15,Légère variabilité observée.
2047,2017-06-15,Légère variabilité observée.
2047,2017-07-15,Condition normale pour la saison.
2047,2017-08-15,Condition normale pour la saison.
2047,2017-09-15,Condition normale pour la saison.
2047,2017-10-15,Condition normale pour la saison.
2268,2017-05-15,Condition normale pour la saison.
2268,2017-06-15,Rien à signaler.
2268,2017-07-15,Condition normale pour la saison.
2268,2017-08-15,Condition normale pour la saison.
2268,2017-09-15,Condition normale pour la saison.
2268,2017-10-15,Condition normale pour la saison.
2316,2017-05-15,Rien à signaler.
2316,2017-06-15,Légère variabilité observée.
2316,2017-07-15,Condition normale pour la saison.
2316,2017-08-15,Condition normale pour la saison.
2316,2017-09-15,Condition normale pour la saison.
2316,2017-10-15,Rien à signaler.
2423,2017-05-15,Condition normale pour la saison.
2423,2017-06-15,Légère variabilité observée.
2423,2017-07-15,Condition normale pour la saison.
2423,2017-08-15,Rien à signaler.
2423,2017-09-15,Condition normale pour la saison.
2423,2017-10-15,Légère variabilité observée.
2453,2017-05-15,Légère variabilité observée.
2453,2017-06-15,Légère variabilité observée.
2453,2017-07-15,Condition normale pour la saison.
2453,2017-08-15,Légère variabilité observée.
2453,2017-09-15,Rien à signaler.
2453,2017-10-15,Légère variabilité observée.
1927,2017-05-15,Condition normale pour la saison.
1927,2017-06-15,Condition normale pour la saison.
1927,2017-07-15,Condition normale pour la saison.
1927,2017-08-15,Légère variabilité observée.
1927,2017-09-15,Condition normale pour la saison.
1927,2017-10-15,Rien à signaler.
2418,2017-05-15,Rien à signaler.
2418,2017-06-15,Légère variabilité observée.
2418,2017-07-15,Condition normale pour la saison.
2418,2017-08-15,Rien à signaler.
2418,2017-09-15,Légère variabilité observée.
2418,2017-10-15,Condition normale pour la saison.
2537,2017-05-15,Légère variabilité observée.
2537,2017-06-15,Condition normale pour la saison.
2537,2017-07-15,Condition normale pour la saison.
2537,2017-08-15,Rien à signaler.
2537,2017-09-15,Rien à signaler.
2537,2017-10-15,Condition normale pour la saison.
1853,2017-05-15,Rien à signaler.
1853,2017-06-15,Condition normale pour la saison.
1853,2017-07-15,Rien à signaler.
1853,2017-08-15,Condition normale pour la saison.
1853,2017-09-15,Condition normale pour la saison.
1853,2017-10-15,Condition normale pour la saison.
1916,2017-05-15,Condition normale pour la saison.
1916,2017-06-15,Rien à signaler.
1916,2017-07-15,Condition normale pour la saison.
1916,2017-08-15,Rien à signaler.
1916,2017-09-15,Légère variabilité observée.
1916,2017-10-15,Rien à signaler.
1943,2017-05-15,Rien à signaler.
1943,2017-06-15,Légère variabilité observée.
1943,2017-07-15,Condition normale pour la saison.
1943,2017-08-15,Légère variabilité observée.
1943,2017-09-15,Rien à signaler.
1943,2017-10-15,Condition normale pour la saison.
1913,2017-05-15,Condition normale pour la saison.
1913,2017-06-15,Condition normale pour la saison.
1913,2017-07-15,Condition normale pour la saison.
1913,2017-08-15,Rien à signaler.
1913,2017-09-15,Condition normale pour la saison.
1913,2017-10-15,Légère variabilité observée.
1821,2017-05-15,Condition normale pour la saison.
1821,2017-06-15,Condition normale pour la saison.
1821,2017-07-15,Rien à signaler.
1821,2017-08-15,Condition normale pour la saison.
1821,2017-09-15,Rien à signaler.
1821,2017-10-15,Condition normale pour la saison.
2383,2017-05-15,Légère variabilité observée.
2383,2017-06-15,Condition normale pour la saison.
2383,2017-07-15,Condition normale pour la saison.
2383,2017-08-15,Condition normale pour la saison.
2383,2017-09-15,Condition normale pour la saison.
2383,2017-10-15,Condition normale pour la saison.
2466,2017-05-15,Rien à signaler.
2466,2017-06-15,Rien à signaler.
2466,2017-07-15,Légère variabilité observée.
2466,2017-08-15,Condition normale pour la saison.
2466,2017-09-15,Condition normale pour la saison.
2466,2017-10-15,Condition normale pour la saison.
2454,2017-05-15,Condition normale pour la saison.
2454,2017-06-15,Rien à signaler.
2454,2017-07-15,Légère variabilité observée.
2454,2017-08-15,Condition normale pour la saison.
2454,2017-09-15,Légère variabilité observée.
2454,2017-10-15,Condition normale pour la saison.
2196,2017-05-15,Condition normale pour la saison.
2196,2017-06-15,Légère variabilité observée.
2196,2017-07-15,Condition normale pour la saison.
2196,2017-08-15,Rien à signaler.
2196,2017-09-15,Condition normale pour la saison.
2196,2017-10-15,Condition normale pour la saison.
2498,2017-05-15,Condition normale pour la saison.
2498,2017-06-15,Légère variabilité observée.
2498,2017-07-15,Légère variabilité observée.
2498,2017-08-15,Légère variabilité observée.
2498,2017-09-15,Rien à signaler.
2498,2017-10-15,Rien à signaler.
1858,2017-05-15,Condition normale pour la saison.
1858,2017-06-15,Condition normale pour la saison.
1858,2017-07-15,Rien à signaler.
1858,2017-08-15,Condition normale pour la saison.
1858,2017-09-15,Condition normale pour la saison.
1858,2017-10-15,Condition normale pour la saison.
2238,2017-05-15,Condition normale pour la saison.
2238,2017-06-15,Condition normale pour la saison.
2238,2017-07-15,Légère variabilité observée.
2238,2017-08-15,Condition normale pour la saison.
2238,2017-09-15,Condition normale pour la saison.
2238,2017-10-15,Rien à signaler.
2294,2017-05-15,Légère variabilité observée.
2294,2017-06-15,Rien à signaler.
2294,2017-07-15,Condition normale pour la saison.
2294,2017-08-15,Rien à signaler.
2294,2017-09-15,Condition normale pour la saison.
2294,2017-10-15,Rien à signaler.
2061,2017-05-15,Condition normale pour la saison.
2061,2017-06-15,Condition normale pour la saison.
2061,2017-07-15,Légère variabilité observée.
2061,2017-08-15,Légère variabilité observée.
2061,2017-09-15,Condition normale pour la saison.
2061,2017-10-15,Rien à signaler.
1995,2017-05-15,Légère variabilité observée.
1995,2017-06-15,Condition normale pour la saison.
1995,2017-07-15,Légère variabilité observée.
1995,2017-08-15,Légère variabilité observée.
1995,2017-09-15,Légère variabilité observée.
1995,2017-10-15,Rien à signaler.
1879,2017-05-15,Condition normale pour la saison.
1879,2017-06-15,Condition normale pour la saison.
1879,2017-07-15,Condition normale pour la saison.
1879,2017-08-15,Condition normale pour la saison.
1879,2017-09-15,Condition normale pour la saison.
1879,2017-10-15,Légère variabilité observée.
2147,2017-05-15,Légère variabilité observée.
2147,2017-06-15,Condition normale pour la saison.
2147,2017-07-15,Légère variabilité observée.
2147,2017-08-15,Condition normale pour la saison.
2147,2017-09-15,Rien à signaler.
2147,2017-10-15,Légère variabilité observée.
1801,2017-05-15,Condition normale pour la saison.
1801,2017-06-15,Légère variabilité observée.
1801,2017-07-15,Condition normale pour la saison.
1801,2017-08-15,Condition normale pour la saison.
1801,2017-09-15,Légère variabilité observée.
1801,2017-10-15,Condition normale pour la saison.
2365,2017-05-15,Condition normale pour la saison.
2365,2017-06-15,Condition normale pour la saison.
2365,2017-07-15,Condition normale pour la saison.
2365,2017-08-15,Légère variabilité observée.
2365,2017-09-15,Condition normale pour la saison.
2365,2017-10-15,Légère variabilité observée.
2253,2017-05-15,Condition normale pour la saison.
2253,2017-06-15,Condition normale pour la saison.
2253,2017-07-15,Légère variabilité observée.
2253,2017-08-15,Condition normale pour la saison.
2253,2017-09-15,Légère variabilité observée.
2253,2017-10-15,Rien à signaler.
2378,2017-05-15,Légère variabilité observée.
2378,2017-06-15,Rien à signaler.
2378,2017-07-15,Condition normale pour la saison.
2378,2017-08-15,Légère variabilité observée.
2378,2017-09-15,Condition normale pour la saison.
2378,2017-10-15,Légère variabilité observée.
1900,2017-05-15,Condition normale pour la saison.
1900,2017-06-15,Légère variabilité observée.
1900,2017-07-15,Condition normale pour la saison.
1900,2017-08-15,Condition normale pour la saison.
1900,2017-09-15,Rien à signaler.
1900,2017-10-15,Légère variabilité observée.
2538,2017-05-15,Légère variabilité observée.
2538,2017-06-15,Condition normale pour la saison.
2538,2017-07-15,Condition normale pour la saison.
2538,2017-08-15,Légère variabilité observée.
2538,2017-09-15,Condition normale pour la saison.
2538,2017-10-15,Condition normale pour la saison.
1940,2017-05-15,Légère variabilité observée.
1940,2017-06-15,Légère variabilité observée.
1940,2017-07-15,Légère variabilité observée.
1940,2017-08-15,Condition normale pour la saison.
1940,2017-09-15,Légère variabilité observée.
1940,2017-10-15,Rien à signaler.
2364,2017-05-15,Rien à signaler.
2364,2017-06-15,Condition normale pour la saison.
2364,2017-07-15,Condition normale pour la saison.
2364,2017-08-15,Légère variabilité observée.
2364,2017-09-15,Condition normale pour la saison.
2364,2017-10-15,Condition normale pour la saison.
2200,2017-05-15,Condition normale pour la saison.
2200,2017-06-15,Condition normale pour la saison.
2200,2017-07-15,Condition normale pour la saison.
2200,2017-08-15,Condition normale pour la saison.
2200,2017-09-15,Légère variabilité observée.
2200,2017-10-15,Condition normale pour la saison.
2265,2017-05-15,Condition normale pour la saison.
2265,2017-06-15,Rien à signaler.
2265,2017-07-15,Légère variabilité observée.
2265,2017-08-15,Rien à signaler.
2265,2017-09-15,Légère variabilité observée.
2265,2017-10-15,Condition normale pour la saison.
1952,2017-05-15,Rien à signaler.
1952,2017-06-15,Condition normale pour la saison.
1952,2017-07-15,Légère variabilité observée.
1952,2017-08-15,Rien à signaler.
1952,2017-09-15,Condition normale pour la saison.
1952,2017-10-15,Condition normale pour la saison.
2525,2017-05-15,Condition normale pour la saison.
2525,2017-06-15,Condition normale pour la saison.
2525,2017-07-15,Condition normale pour la saison.
2525,2017-08-15,Condition normale pour la saison.
2525,2017-09-15,Rien à signaler.
2525,2017-10-15,Condition normale pour la saison.
1890,2017-05-15,Légère variabilité observée.
1890,2017-06-15,Condition normale pour la saison.
1890,2017-07-15,Condition normale pour la saison.
1890,2017-08-15,Rien à signaler.
1890,2017-09-15,Condition normale pour la saison.
1890,2017-10-15,Condition normale pour la saison.
1944,2017-05-15,Légère variabilité observée.
1944,2017-06-15,Condition normale pour la saison.
1944,2017-07-15,Légère variabilité observée.
1944,2017-08-15,Condition normale pour la saison.
1944,2017-09-15,Rien à signaler.
1944,2017-10-15,Légère variabilité observée.
2337,2017-05-15,Condition normale pour la saison.
2337,2017-06-15,Rien à signaler.
2337,2017-07-15,Condition normale pour la saison.
2337,2017-08-15,Rien à signaler.
2337,2017-09-15,Légère variabilité observée.
2337,2017-10-15,Condition normale pour la saison.
2161,2017-05-15,Condition normale pour la saison.
2161,2017-06-15,Condition normale pour la saison.
2161,2017-07-15,Condition normale pour la saison.
2161,2017-08-15,Rien à signaler.
2161,2017-09-15,Rien à signaler.
2161,2017-10-15,Condition normale pour la saison.
2406,2017-05-15,Rien à signaler.
2406,2017-06-15,Condition normale pour la saison.
2406,2017-07-15,Rien à signaler.
2406,2017-08-15,Légère variabilité observée.
2406,2017-09-15,Condition normale pour la saison.
2406,2017-10-15,Rien à signaler.
2486,2017-05-15,Rien à signaler.
2486,2017-06-15,Condition normale pour la saison.
2486,2017-07-15,Condition normale pour la saison.
2486,2017-08-15,Condition normale pour la saison.
2486,2017-09-15,Légère variabilité observée.
2486,2017-10-15,Condition normale pour la saison.
2042,2017-05-15,Condition normale pour la saison.
2042,2017-06-15,Légère variabilité observée.
2042,2017-07-15,Condition normale pour la saison.
2042,2017-08-15,Condition normale pour la saison.
2042,2017-09-15,Légère variabilité observée.
2042,2017-10-15,Légère variabilité observée.
2060,2017-05-15,Rien à signaler.
2060,2017-06-15,Condition normale pour la saison.
2060,2017-07-15,Rien à signaler.
2060,2017-08-15,Rien à signaler.
2060,2017-09-15,Rien à signaler.
2060,2017-10-15,Légère variabilité observée.
2219,2017-05-15,Rien à signaler.
2219,2017-06-15,Condition normale pour la saison.
2219,2017-07-15,Condition normale pour la saison.
2219,2017-08-15,Condition normale pour la saison.
2219,2017-09-15,Condition normale pour la saison.
2219,2017-10-15,Rien à signaler.
2150,2017-05-15,Rien à signaler.
2150,2017-06-15,Légère variabilité observée.
2150,2017-07-15,Condition normale pour la saison.
2150,2017-08-15,Condition normale pour la saison.
2150,2017-09-15,Légère variabilité observée.
2150,2017-10-15,Condition normale pour la saison.
1951,2017-05-15,Condition normale pour la saison.
1951,2017-06-15,Rien à signaler.
1951,2017-07-15,Rien à signaler.
1951,2017-08-15,Condition normale pour la saison.
1951,2017-09-15,Condition normale pour la saison.
1951,2017-10-15,Condition normale pour la saison.
2282,2017-05-15,Condition normale pour la saison.
2282,2017-06-15,Légère variabilité observée.
2282,2017-07-15,Légère variabilité observée.
2282,2017-08-15,Condition normale pour la saison.
2282,2017-09-15,Légère variabilité observée.
2282,2017-10-15,Rien à signaler.
2211,2017-05-15,Condition normale pour la saison.
2211,2017-06-15,Légère variabilité observée.
2211,2017-07-15,Légère variabilité observée.
2211,2017-08-15,Légère variabilité observée.
2211,2017-09-15,Condition normale pour la saison.
2211,2017-10-15,Légère variabilité observée.
2113,2017-05-15,Rien à signaler.
2113,2017-06-15,Condition normale pour la saison.
2113,2017-07-15,Légère variabilité observée.
2113,2017-08-15,Condition normale pour la saison.
2113,2017-09-15,Condition normale pour la saison.
2113,2017-10-15,Condition normale pour la saison.
1947,2017-05-15,Condition normale pour la saison.
1947,2017-06-15,Rien à signaler.
1947,2017-07-15,Condition normale pour la saison.
1947,2017-08-15,Condition normale pour la saison.
1947,2017-09-15,Rien à signaler.
1947,2017-10-15,Condition normale pour la saison.
2064,2017-05-15,Condition normale pour la saison.
2064,2017-06-15,Condition normale pour la saison.
2064,2017-07-15,Condition normale pour la saison.
2064,2017-08-15,Rien à signaler.
2064,2017-09-15,Rien à signaler.
2064,2017-10-15,Condition normale pour la saison.
2408,2017-05-15,Condition normale pour la saison.
2408,2017-06-15,Condition normale pour la saison.
2408,2017-07-15,Rien à signaler.
2408,2017-08-15,Légère variabilité observée.
2408,2017-09-15,Condition normale pour la saison.
2408,2017-10-15,Légère variabilité observée.
2286,2017-05-15,Légère variabilité observée.
2286,2017-06-15,Légère variabilité observée.
2286,2017-07-15,Rien à signaler.
2286,2017-08-15,Condition normale pour la saison.
2286,2017-09-15,Rien à signaler.
2286,2017-10-15,Légère variabilité observée.
2513,2017-05-15,Condition normale pour la saison.
2513,2017-06-15,Condition normale pour la saison.
2513,2017-07-15,Condition normale pour la saison.
2513,2017-08-15,Condition normale pour la saison.
2513,2017-09-15,Condition normale pour la saison.
2513,2017-10-15,Rien à signaler.
1877,2017-05-15,Condition normale pour la saison.
1877,2017-06-15,Légère variabilité observée.
1877,2017-07-15,Rien à signaler.
1877,2017-08-15,Condition normale pour la saison.
1877,2017-09-15,Condition normale pour la saison.
1877,2017-10-15,Rien à signaler.
2482,2017-05-15,Légère variabilité observée.
2482,2017-06-15,Rien à signaler.
2482,2017-07-15,Légère variabilité observée.
2482,2017-08-15,Condition normale pour la saison.
2482,2017-09-15,Condition normale pour la saison.
2482,2017-10-15,Rien à signaler.
1985,2017-05-15,Légère variabilité observée.
1985,2017-06-15,Légère variabilité observée.
1985,2017-07-15,Condition normale pour la saison.
1985,2017-08-15,Légère variabilité observée.
1985,2017-09-15,Légère variabilité observée.
1985,2017-10-15,Légère variabilité observée.
2529,2017-05-15,Légère variabilité observée.
2529,2017-06-15,Légère variabilité observée.
2529,2017-07-15,Légère variabilité observée.
2529,2017-08-15,Condition normale pour la saison.
2529,2017-09-15,Légère variabilité observée.
2529,2017-10-15,Rien à signaler.
2115,2017-05-15,Rien à signaler.
2115,2017-06-15,Condition normale pour la saison.
2115,2017-07-15,Condition normale pour la saison.
2115,2017-08-15,Condition normale pour la saison.
2115,2017-09-15,Condition normale pour la saison.
2115,2017-10-15,Condition normale pour la saison.
2136,2017-05-15,Condition normale pour la saison.
2136,2017-06-15,Condition normale pour la saison.
2136,2017-07-15,Légère variabilité observée.
2136,2017-08-15,Rien à signaler.
2136,2017-09-15,Légère variabilité observée.
2136,2017-10-15,Condition normale pour la saison.
1823,2017-05-15,Condition normale pour la saison.
1823,2017-06-15,Légère variabilité observée.
1823,2017-07-15,Rien à signaler.
1823,2017-08-15,Condition normale pour la saison.
1823,2017-09-15,Rien à signaler.
1823,2017-10-15,Légère variabilité observée.
2413,2017-05-15,Rien à signaler.
2413,2017-06-15,Condition normale pour la saison.
2413,2017-07-15,Condition normale pour la saison.
2413,2017-08-15,Condition normale pour la saison.
2413,2017-09-15,Légère variabilité observée.
2413,2017-10-15,Condition normale pour la saison.
2222,2017-05-15,Condition normale pour la saison.
2222,2017-06-15,Condition normale pour la saison.
2222,2017-07-15,Condition normale pour la saison.
2222,2017-08-15,Rien à signaler.
2222,2017-09-15,Condition normale pour la saison.
2222,2017-10-15,Légère variabilité observée.
2133,2017-05-15,Condition normale pour la saison.
2133,2017-06-15,Légère variabilité observée.
2133,2017-07-15,Rien à signaler.
2133,2017-08-15,Légère variabilité observée.
2133,2017-09-15,Condition normale pour la saison.
2133,2017-10-15,Rien à signaler.
2574,2017-05-15,Condition normale pour la saison.
2574,2017-06-15,Rien à signaler.
2574,2017-07-15,Condition normale pour la saison.
2574,2017-08-15,Rien à signaler.
2574,2017-09-15,Rien à signaler.
2574,2017-10-15,Condition normale pour la saison.
2056,2017-05-15,Légère variabilité observée.
2056,2017-06-15,Légère variabilité observée.
2056,2017-07-15,Légère variabilité observée.
2056,2017-08-15,Condition normale pour la saison.
2056,2017-09-15,Rien à signaler.
2056,2017-10-15,Condition normale pour la saison.
2347,2017-05-15,Condition normale pour la saison.
2347,2017-06-15,Rien à signaler.
2347,2017-07-15,Légère variabilité observée.
2347,2017-08-15,Rien à signaler.
2347,2017-09-15,Condition normale pour la saison.
2347,2017-10-15,Condition normale pour la saison.
2409,2017-05-15,Condition normale pour la saison.
2409,2017-06-15,Légère variabilité observée.
2409,2017-07-15,Condition normale pour la saison.
2409,2017-08-15,Légère variabilité observée.
2409,2017-09-15,Condition normale pour la saison.
2409,2017-10-15,Condition normale pour la saison.
2569,2017-05-15,Condition normale pour la saison.
2569,2017-06-15,Condition normale pour la saison.
2569,2017-07-15,Rien à signaler.
2569,2017-08-15,Condition normale pour la saison.
2569,2017-09-15,Légère variabilité observée.
2569,2017-10-15,Condition normale pour la saison.
2330,2017-05-15,Condition normale pour la saison.
2330,2017-06-15,Condition normale pour la saison.
2330,2017-07-15,Condition normale pour la saison.
2330,2017-08-15,Rien à signaler.
2330,2017-09-15,Rien à signaler.
2330,2017-10-15,Rien à signaler.
2414,2017-05-15,Rien à signaler.
2414,2017-06-15,Condition normale pour la saison.
2414,2017-07-15,Rien à signaler.
2414,2017-08-15,Légère variabilité observée.
2414,2017-09-15,Condition normale pour la saison.
2414,2017-10-15,Légère variabilité observée.
1902,2017-05-15,Condition normale pour la saison.
1902,2017-06-15,Condition normale pour la saison.
1902,2017-07-15,Rien à signaler.
1902,2017-08-15,Condition normale pour la saison.
1902,2017-09-15,Rien à signaler.
1902,2017-10-15,Condition normale pour la saison.
1962,2017-05-15,Condition normale pour la saison.
1962,2017-06-15,Condition normale pour la saison.
1962,2017-07-15,Légère variabilité observée.
1962,2017-08-15,Légère variabilité observée.
1962,2017-09-15,Rien à signaler.
1962,2017-10-15,Légère variabilité observée.
2444,2017-05-15,Condition normale pour la saison.
2444,2017-06-15,Rien à signaler.
2444,2017-07-15,Légère variabilité observée.
2444,2017-08-15,Condition normale pour la saison.
2444,2017-09-15,Condition normale pour la saison.
2444,2017-10-15,Condition normale pour la saison.
1936,2017-05-15,Légère variabilité observée.
1936,2017-06-15,Rien à signaler.
1936,2017-07-15,Rien à signaler.
1936,2017-08-15,Condition normale pour la saison.
1936,2017-09-15,Condition normale pour la saison.
1936,2017-10-15,Légère variabilité observée.
2173,2017-05-15,Légère variabilité observée.
2173,2017-06-15,Condition normale pour la saison.
2173,2017-07-15,Condition normale pour la saison.
2173,2017-08-15,Rien à signaler.
2173,2017-09-15,Légère variabilité observée.
2173,2017-10-15,Légère variabilité observée.
2369,2017-05-15,Condition normale pour la saison.
2369,2017-06-15,Légère variabilité observée.
2369,2017-07-15,Condition normale pour la saison.
2369,2017-08-15,Légère variabilité observée.
2369,2017-09-15,Légère variabilité observée.
2369,2017-10-15,Condition normale pour la saison.
2181,2017-05-15,Condition normale pour la saison.
2181,2017-06-15,Condition normale pour la saison.
2181,2017-07-15,Condition normale pour la saison.
2181,2017-08-15,Condition normale pour la saison.
2181,2017-09-15,Condition normale pour la saison.
2181,2017-10-15,Condition normale pour la saison.
2151,2017-05-15,Condition normale pour la saison.
2151,2017-06-15,Condition normale pour la saison.
2151,2017-07-15,Condition normale pour la saison.
2151,2017-08-15,Condition normale pour la saison.
2151,2017-09-15,Condition normale pour la saison.
2151,2017-10-15,Condition normale pour la saison.
1798,2017-05-15,Condition normale pour la saison.
1798,2017-06-15,Condition normale pour la saison.
1798,2017-07-15,Condition normale pour la saison.
1798,2017-08-15,Condition normale pour la saison.
1798,2017-09-15,Légère variabilité observée.
1798,2017-10-15,Rien à signaler.
2202,2017-05-15,Rien à signaler.
2202,2017-06-15,Condition normale pour la saison.
2202,2017-07-15,Condition normale pour la saison.
2202,2017-08-15,Condition normale pour la saison.
2202,2017-09-15,Condition normale pour la saison.
2202,2017-10-15,Condition normale pour la saison.
2193,2017-05-15,Condition normale pour la saison.
2193,2017-06-15,Rien à signaler.
2193,2017-07-15,Légère variabilité observée.
2193,2017-08-15,Légère variabilité observée.
2193,2017-09-15,Rien à signaler.
2193,2017-10-15,Condition normale pour la saison.
2359,2017-05-15,Rien à signaler.
2359,2017-06-15,Condition normale pour la saison.
2359,2017-07-15,Condition normale pour la saison.
2359,2017-08-15,Rien à signaler.
2359,2017-09-15,Condition normale pour la saison.
2359,2017-10-15,Légère variabilité observée.
2007,2017-05-15,Condition normale pour la saison.
2007,2017-06-15,Condition normale pour la saison.
2007,2017-07-15,Légère variabilité observée.
2007,2017-08-15,Légère variabilité observée.
2007,2017-09-15,Rien à signaler.
2007,2017-10-15,Légère variabilité observée.
1909,2017-05-15,Rien à signaler.
1909,2017-06-15,Légère variabilité observée.
1909,2017-07-15,Légère variabilité observée.
1909,2017-08-15,Rien à signaler.
1909,2017-09-15,Légère variabilité observée.
1909,2017-10-15,Rien à signaler.
2128,2017-05-15,Légère variabilité observée.
2128,2017-06-15,Légère variabilité observée.
2128,2017-07-15,Légère variabilité observée.
2128,2017-08-15,Condition normale pour la saison.
2128,2017-09-15,Légère variabilité observée.
2128,2017-10-15,Rien à signaler.
2108,2017-05-15,Condition normale pour la saison.
2108,2017-06-15,Condition normale pour la saison.
2108,2017-07-15,Légère variabilité observée.
2108,2017-08-15,Condition normale pour la saison.
2108,2017-09-15,Rien à signaler.
2108,2017-10-15,Condition normale pour la saison.
2494,2017-05-15,Rien à signaler.
2494,2017-06-15,Rien à signaler.
2494,2017-07-15,Condition normale pour la saison.
2494,2017-08-15,Condition normale pour la saison.
2494,2017-09-15,Rien à signaler.
2494,2017-10-15,Légère variabilité observée.
2310,2017-05-15,Rien à signaler.
2310,2017-06-15,Condition normale pour la saison.
2310,2017-07-15,Condition normale pour la saison.
2310,2017-08-15,Rien à signaler.
2310,2017-09-15,Condition normale pour la saison.
2310,2017-10-15,Condition normale pour la saison.
2078,2017-05-15,Condition normale pour la saison.
2078,2017-06-15,Condition normale pour la saison.
2078,2017-07-15,Légère variabilité observée.
2078,2017-08-15,Légère variabilité observée.
2078,2017-09-15,Rien à signaler.
2078,2017-10-15,Rien à signaler.
1990,2017-05-15,Rien à signaler.
1990,2017-06-15,Légère variabilité observée.
1990,2017-07-15,Légère variabilité observée.
1990,2017-08-15,Légère variabilité observée.
1990,2017-09-15,Condition normale pour la saison.
1990,2017-10-15,Légère variabilité observée.
2204,2017-05-15,Condition normale pour la saison.
2204,2017-06-15,Condition normale pour la saison.
2204,2017-07-15,Condition normale pour la saison.
2204,2017-08-15,Condition normale pour la saison.
2204,2017-09-15,Légère variabilité observée.
2204,2017-10-15,Condition normale pour la saison.
1891,2017-05-15,Légère variabilité observée.
1891,2017-06-15,Rien à signaler.
1891,2017-07-15,Condition normale pour la saison.
1891,2017-08-15,Légère variabilité observée.
1891,2017-09-15,Rien à signaler.
1891,2017-10-15,Condition normale pour la saison.
1881,2017-05-15,Condition normale pour la saison.
1881,2017-06-15,Condition normale pour la saison.
1881,2017-07-15,Rien à signaler.
1881,2017-08-15,Légère variabilité observée.
1881,2017-09-15,Condition normale pour la saison.
1881,2017-10-15,Rien à signaler.
1983,2017-05-15,Condition normale pour la saison.
1983,2017-06-15,Condition normale pour la saison.
1983,2017-07-15,Légère variabilité observée.
1983,2017-08-15,Condition normale pour la saison.
1983,2017-09-15,Condition normale pour la saison.
1983,2017-10-15,Légère variabilité observée.
2515,2017-05-15,Condition normale pour la saison.
2515,2017-06-15,Condition normale pour la saison.
2515,2017-07-15,Légère variabilité observée.
2515,2017-08-15,Légère variabilité observée.
2515,2017-09-15,Rien à signaler.
2515,2017-10-15,Légère variabilité observée.
2229,2017-05-15,Rien à signaler.
2229,2017-06-15,Condition normale pour la saison.
2229,2017-07-15,Condition normale pour la saison.
2229,2017-08-15,Condition normale pour la saison.
2229,2017-09-15,Légère variabilité observée.
2229,2017-10-15,Légère variabilité observée.
2234,2017-05-15,Légère variabilité observée.
2234,2017-06-15,Condition normale pour la saison.
2234,2017-07-15,Rien à signaler.
2234,2017-08-15,Condition normale pour la saison.
2234,2017-09-15,Rien à signaler.
2234,2017-10-15,Condition normale pour la saison.
2492,2017-05-15,Condition normale pour la saison.
2492,2017-06-15,Condition normale pour la saison.
2492,2017-07-15,Rien à signaler.
2492,2017-08-15,Rien à signaler.
2492,2017-09-15,Légère variabilité observée.
2492,2017-10-15,Condition normale pour la saison.
1934,2017-05-15,Condition normale pour la saison.
1934,2017-06-15,Condition normale pour la saison.
1934,2017-07-15,Condition normale pour la saison.
1934,2017-08-15,Condition normale pour la saison.
1934,2017-09-15,Condition normale pour la saison.
1934,2017-10-15,Rien à signaler.
2329,2017-05-15,Rien à signaler.
2329,2017-06-15,Condition normale pour la saison.
2329,2017-07-15,Condition normale pour la saison.
2329,2017-08-15,Condition normale pour la saison.
2329,2017-09-15,Rien à signaler.
2329,2017-10-15,Légère variabilité observée.
1855,2017-05-15,Condition normale pour la saison.
1855,2017-06-15,Rien à signaler.
1855,2017-07-15,Condition normale pour la saison.
1855,2017-08-15,Condition normale pour la saison.
1855,2017-09-15,Condition normale pour la saison.
1855,2017-10-15,Condition normale pour la saison.
2043,2017-05-15,Rien à signaler.
2043,2017-06-15,Condition normale pour la saison.
2043,2017-07-15,Légère variabilité observée.
2043,2017-08-15,Condition normale pour la saison.
2043,2017-09-15,Légère variabilité observée.
2043,2017-10-15,Condition normale pour la saison.
1868,2017-05-15,Condition normale pour la saison.
1868,2017-06-15,Condition normale pour la saison.
1868,2017-07-15,Légère variabilité observée.
1868,2017-08-15,Rien à signaler.
1868,2017-09-15,Légère variabilité observée.
1868,2017-10-15,Condition normale pour la saison.
2093,2017-05-15,Légère variabilité observée.
2093,2017-06-15,Rien à signaler.
2093,2017-07-15,Condition normale pour la saison.
2093,2017-08-15,Condition normale pour la saison.
2093,2017-09-15,Rien à signaler.
2093,2017-10-15,Légère variabilité observée.
2182,2017-05-15,Rien à signaler.
2182,2017-06-15,Rien à signaler.
2182,2017-07-15,Légère variabilité observée.
2182,2017-08-15,Légère variabilité observée.
2182,2017-09-15,Rien à signaler.
2182,2017-10-15,Condition normale pour la saison.
1993,2017-05-15,Condition normale pour la saison.
1993,2017-06-15,Condition normale pour la saison.
1993,2017-07-15,Condition normale pour la saison.
1993,2017-08-15,Condition normale pour la saison.
1993,2017-09-15,Condition normale pour la saison.
1993,2017-10-15,Rien à signaler.
2491,2017-05-15,Rien à signaler.
2491,2017-06-15,Condition normale pour la saison.
2491,2017-07-15,Légère variabilité observée.
2491,2017-08-15,Légère variabilité observée.
2491,2017-09-15,Légère variabilité observée.
2491,2017-10-15,Condition normale pour la saison.
2004,2017-05-15,Condition normale pour la saison.
2004,2017-06-15,Condition normale pour la saison.
2004,2017-07-15,Condition normale pour la saison.
2004,2017-08-15,Condition normale pour la saison.
2004,2017-09-15,Condition normale pour la saison.
2004,2017-10-15,Rien à signaler.
2561,2017-05-15,Condition normale pour la saison.
2561,2017-06-15,Condition normale pour la saison.
2561,2017-07-15,Condition normale pour la saison.
2561,2017-08-15,Rien à signaler.
2561,2017-09-15,Rien à signaler.
2561,2017-10-15,Condition normale pour la saison.
2214,2017-05-15,Rien à signaler.
2214,2017-06-15,Condition normale pour la saison.
2214,2017-07-15,Légère variabilité observée.
2214,2017-08-15,Condition normale pour la saison.
2214,2017-09-15,Condition normale pour la saison.
2214,2017-10-15,Condition normale pour la saison.
2089,2017-05-15,Rien à signaler.
2089,2017-06-15,Rien à signaler.
2089,2017-07-15,Légère variabilité observée.
2089,2017-08-15,Légère variabilité observée.
2089,2017-09-15,Légère variabilité observée.
2089,2017-10-15,Condition normale pour la saison.
2026,2017-05-15,Rien à signaler.
2026,2017-06-15,Légère variabilité observée.
2026,2017-07-15,Condition normale pour la saison.
2026,2017-08-15,Condition normale pour la saison.
2026,2017-09-15,Rien à signaler.
2026,2017-10-15,Condition normale pour la saison.
2062,2017-05-15,Rien à signaler.
2062,2017-06-15,Légère variabilité observée.
2062,2017-07-15,Légère variabilité observée.
2062,2017-08-15,Rien à signaler.
2062,2017-09-15,Condition normale pour la saison.
2062,2017-10-15,Légère variabilité observée.
1904,2017-05-15,Condition normale pour la saison.
1904,2017-06-15,Légère variabilité observée.
1904,2017-07-15,Légère variabilité observée.
1904,2017-08-15,Légère variabilité observée.
1904,2017-09-15,Condition normale pour la saison.
1904,2017-10-15,Rien à signaler.
2028,2017-05-15,Légère variabilité observée.
2028,2017-06-15,Condition normale pour la saison.
2028,2017-07-15,Rien à signaler.
2028,2017-08-15,Condition normale pour la saison.
2028,2017-09-15,Rien à signaler.
2028,2017-10-15,Légère variabilité observée.
2325,2017-05-15,Légère variabilité observée.
2325,2017-06-15,Rien à signaler.
2325,2017-07-15,Condition normale pour la saison.
2325,2017-08-15,Condition normale pour la saison.
2325,2017-09-15,Condition normale pour la saison.
2325,2017-10-15,Légère variabilité observée.
2468,2017-05-15,Légère variabilité observée.
2468,2017-06-15,Rien à signaler.
2468,2017-07-15,Rien à signaler.
2468,2017-08-15,Légère variabilité observée.
2468,2017-09-15,Rien à signaler.
2468,2017-10-15,Légère variabilité observée.
2504,2017-05-15,Légère variabilité observée.
2504,2017-06-15,Condition normale pour la saison.
2504,2017-07-15,Condition normale pour la saison.
2504,2017-08-15,Légère variabilité observée.
2504,2017-09-15,Condition normale pour la saison.
2504,2017-10-15,Rien à signaler.
2422,2017-05-15,Condition normale pour la saison.
2422,2017-06-15,Condition normale pour la saison.
2422,2017-07-15,Rien à signaler.
2422,2017-08-15,Légère variabilité observée.
2422,2017-09-15,Condition normale pour la saison.
2422,2017-10-15,Condition normale pour la saison.
1834,2017-05-15,Condition normale pour la saison.
1834,2017-06-15,Condition normale pour la saison.
1834,2017-07-15,Rien à signaler.
1834,2017-08-15,Légère variabilité observée.
1834,2017-09-15,Légère variabilité observée.
1834,2017-10-15,Rien à signaler.
2306,2017-05-15,Condition normale pour la saison.
2306,2017-06-15,Condition normale pour la saison.
2306,2017-07-15,Rien à signaler.
2306,2017-08-15,Condition normale pour la saison.
2306,2017-09-15,Condition normale pour la saison.
2306,2017-10-15,Légère variabilité observée.
2127,2017-05-15,Rien à signaler.
2127,2017-06-15,Condition normale pour la saison.
2127,2017-07-15,Légère variabilité observée.
2127,2017-08-15,Condition normale pour la saison.
2127,2017-09-15,Condition normale pour la saison.
2127,2017-10-15,Légère variabilité observée.
1942,2017-05-15,Légère variabilité observée.
1942,2017-06-15,Condition normale pour la saison.
1942,2017-07-15,Légère variabilité observée.
1942,2017-08-15,Condition normale pour la saison.
1942,2017-09-15,Légère variabilité observée.
1942,2017-10-15,Condition normale pour la saison.
2065,2017-05-15,Condition normale pour la saison.
2065,2017-06-15,Condition normale pour la saison.
2065,2017-07-15,Légère variabilité observée.
2065,2017-08-15,Condition normale pour la saison.
2065,2017-09-15,Rien à signaler.
2065,2017-10-15,Condition normale pour la saison.
1892,2017-05-15,Condition normale pour la saison.
1892,2017-06-15,Légère variabilité observée.
1892,2017-07-15,Rien à signaler.
1892,2017-08-15,Rien à signaler.
1892,2017-09-15,Condition normale pour la saison.
1892,2017-10-15,Condition normale pour la saison.
2160,2017-05-15,Condition normale pour la saison.
2160,2017-06-15,Condition normale pour la saison.
2160,2017-07-15,Légère variabilité observée.
2160,2017-08-15,Condition normale pour la saison.
2160,2017-09-15,Condition normale pour la saison.
2160,2017-10-15,Rien à signaler.
1888,2017-05-15,Rien à signaler.
1888,2017-06-15,Rien à signaler.
1888,2017-07-15,Condition normale pour la saison.
1888,2017-08-15,Rien à signaler.
1888,2017-09-15,Condition normale pour la saison.
1888,2017-10-15,Condition normale pour la saison.
1864,2017-05-15,Condition normale pour la saison.
1864,2017-06-15,Condition normale pour la saison.
1864,2017-07-15,Légère variabilité observée.
1864,2017-08-15,Rien à signaler.
1864,2017-09-15,Rien à signaler.
1864,2017-10-15,Rien à signaler.
2008,2017-05-15,Légère variabilité observée.
2008,2017-06-15,Condition normale pour la saison.
2008,2017-07-15,Condition normale pour la saison.
2008,2017-08-15,Légère variabilité observée.
2008,2017-09-15,Condition normale pour la saison.
2008,2017-10-15,Condition normale pour la saison.
2023,2017-05-15,Condition normale pour la saison.
2023,2017-06-15,Légère variabilité observée.
2023,2017-07-15,Condition normale pour la saison.
2023,2017-08-15,Condition normale pour la saison.
2023,2017-09-15,Légère variabilité observée.
2023,2017-10-15,Condition normale pour la saison.
2281,2017-05-15,Condition normale pour la saison.
2281,2017-06-15,Rien à signaler.
2281,2017-07-15,Condition normale pour la saison.
2281,2017-08-15,Condition normale pour la saison.
2281,2017-09-15,Rien à signaler.
2281,2017-10-15,Légère variabilité observée.
2490,2017-05-15,Condition normale pour la saison.
2490,2017-06-15,Légère variabilité observée.
2490,2017-07-15,Légère variabilité observée.
2490,2017-08-15,Condition normale pour la saison.
2490,2017-09-15,Rien à signaler.
2490,2017-10-15,Légère variabilité observée.
2184,2017-05-15,Condition normale pour la saison.
2184,2017-06-15,Condition normale pour la saison.
2184,2017-07-15,Condition normale pour la saison.
2184,2017-08-15,Légère variabilité observée.
2184,2017-09-15,Condition normale pour la saison.
2184,2017-10-15,Légère variabilité observée.
1945,2017-05-15,Légère variabilité observée.
1945,2017-06-15,Légère variabilité observée.
1945,2017-07-15,Condition normale pour la saison.
1945,2017-08-15,Condition normale pour la saison.
1945,2017-09-15,Condition normale pour la saison.
1945,2017-10-15,Condition normale pour la saison.
2411,2017-05-15,Condition normale pour la saison.
2411,2017-06-15,Rien à signaler.
2411,2017-07-15,Légère variabilité observée.
2411,2017-08-15,Condition normale pour la saison.
2411,2017-09-15,Condition normale pour la saison.
2411,2017-10-15,Condition normale pour la saison.
2382,2017-05-15,Légère variabilité observée.
2382,2017-06-15,Condition normale pour la saison.
2382,2017-07-15,Rien à signaler.
2382,2017-08-15,Légère variabilité observée.
2382,2017-09-15,Condition normale pour la saison.
2382,2017-10-15,Légère variabilité observée.
1930,2017-05-15,Condition normale pour la saison.
1930,2017-06-15,Condition normale pour la saison.
1930,2017-07-15,Condition normale pour la saison.
1930,2017-08-15,Légère variabilité observée.
1930,2017-09-15,Légère variabilité observée.
1930,2017-10-15,Légère variabilité observée.
2134,2017-05-15,Rien à signaler.
2134,2017-06-15,Condition normale pour la saison.
2134,2017-07-15,Condition normale pour la saison.
2134,2017-08-15,Condition normale pour la saison.
2134,2017-09-15,Condition normale pour la saison.
2134,2017-10-15,Condition normale pour la saison.
2345,2017-05-15,Légère variabilité observée.
2345,2017-06-15,Rien à signaler.
2345,2017-07-15,Condition normale pour la saison.
2345,2017-08-15,Condition normale pour la saison.
2345,2017-09-15,Rien à signaler.
2345,2017-10-15,Condition normale pour la saison.
2301,2017-05-15,Condition normale pour la saison.
2301,2017-06-15,Condition normale pour la saison.
2301,2017-07-15,Condition normale pour la saison.
2301,2017-08-15,Légère variabilité observée.
2301,2017-09-15,Condition normale pour la saison.
2301,2017-10-15,Condition normale pour la saison.
2395,2017-05-15,Légère variabilité observée.
2395,2017-06-15,Condition normale pour la saison.
2395,2017-07-15,Légère variabilité observée.
2395,2017-08-15,Rien à signaler.
2395,2017-09-15,Rien à signaler.
2395,2017-10-15,Condition normale pour la saison.
1889,2017-05-15,Légère variabilité observée.
1889,2017-06-15,Rien à signaler.
1889,2017-07-15,Rien à signaler.
1889,2017-08-15,Rien à signaler.
1889,2017-09-15,Condition normale pour la saison.
1889,2017-10-15,Condition normale pour la saison.
1976,2017-05-15,Condition normale pour la saison.
1976,2017-06-15,Condition normale pour la saison.
1976,2017-07-15,Légère variabilité observée.
1976,2017-08-15,Légère variabilité observée.
1976,2017-09-15,Condition normale pour la saison.
1976,2017-10-15,Condition normale pour la saison.
1929,2017-05-15,Légère variabilité observée.
1929,2017-06-15,Légère variabilité observée.
1929,2017-07-15,Condition normale pour la saison.
1929,2017-08-15,Condition normale pour la saison.
1929,2017-09-15,Légère variabilité observée.
1929,2017-10-15,Rien à signaler.
2119,2017-05-15,Condition normale pour la saison.
2119,2017-06-15,Condition normale pour la saison.
2119,2017-07-15,Condition normale pour la saison.
2119,2017-08-15,Condition normale pour la saison.
2119,2017-09-15,Condition normale pour la saison.
2119,2017-10-15,Rien à signaler.
2031,2017-05-15,Légère variabilité observée.
2031,2017-06-15,Légère variabilité observée.
2031,2017-07-15,Rien à signaler.
2031,2017-08-15,Légère variabilité observée.
2031,2017-09-15,Rien à signaler.
2031,2017-10-15,Rien à signaler.
2578,2017-05-15,Légère variabilité observée.
2578,2017-06-15,Condition normale pour la saison.
2578,2017-07-15,Légère variabilité observée.
2578,2017-08-15,Condition normale pour la saison.
2578,2017-09-15,Condition normale pour la saison.
2578,2017-10-15,Condition normale pour la saison.
2558,2017-05-15,Condition normale pour la saison.
2558,2017-06-15,Condition normale pour la saison.
2558,2017-07-15,Condition normale pour la saison.
2558,2017-08-15,Rien à signaler.
2558,2017-09-15,Condition normale pour la saison.
2558,2017-10-15,Rien à signaler.
2218,2017-05-15,Condition normale pour la saison.
2218,2017-06-15,Légère variabilité observée.
2218,2017-07-15,Condition normale pour la saison.
2218,2017-08-15,Rien à signaler.
2218,2017-09-15,Condition normale pour la saison.
2218,2017-10-15,Condition normale pour la saison.
2277,2017-05-15,Condition normale pour la saison.
2277,2017-06-15,Légère variabilité observée.
2277,2017-07-15,Condition normale pour la saison.
2277,2017-08-15,Condition normale pour la saison.
2277,2017-09-15,Légère variabilité observée.
2277,2017-10-15,Condition normale pour la saison.
2467,2017-05-15,Rien à signaler.
2467,2017-06-15,Condition normale pour la saison.
2467,2017-07-15,Rien à signaler.
2467,2017-08-15,Condition normale pour la saison.
2467,2017-09-15,Condition normale pour la saison.
2467,2017-10-15,Condition normale pour la saison.
2025,2017-05-15,Condition normale pour la saison.
2025,2017-06-15,Condition normale pour la saison.
2025,2017-07-15,Légère variabilité observée.
2025,2017-08-15,Rien à signaler.
2025,2017-09-15,Condition normale pour la saison.
2025,2017-10-15,Condition normale pour la saison.
1933,2017-05-15,Rien à signaler.
1933,2017-06-15,Condition normale pour la saison.
1933,2017-07-15,Légère variabilité observée.
1933,2017-08-15,Condition normale pour la saison.
1933,2017-09-15,Condition normale pour la saison.
1933,2017-10-15,Rien à signaler.
1867,2017-05-15,Condition normale pour la saison.
1867,2017-06-15,Rien à signaler.
1867,2017-07-15,Condition normale pour la saison.
1867,2017-08-15,Légère variabilité observée.
1867,2017-09-15,Légère variabilité observée.
1867,2017-10-15,Condition normale pour la saison.
2521,2017-05-15,Rien à signaler.
2521,2017-06-15,Rien à signaler.
2521,2017-07-15,Légère variabilité observée.
2521,2017-08-15,Condition normale pour la saison.
2521,2017-09-15,Légère variabilité observée.
2521,2017-10-15,Rien à signaler.
1893,2017-05-15,Légère variabilité observée.
1893,2017-06-15,Condition normale pour la saison.
1893,2017-07-15,Légère variabilité observée.
1893,2017-08-15,Condition normale pour la saison.
1893,2017-09-15,Condition normale pour la saison.
1893,2017-10-15,Rien à signaler.
2565,2017-05-15,Condition normale pour la saison.
2565,2017-06-15,Rien à signaler.
2565,2017-07-15,Condition normale pour la saison.
2565,2017-08-15,Rien à signaler.
2565,2017-09-15,Rien à signaler.
2565,2017-10-15,Condition normale pour la saison.
2117,2017-05-15,Rien à signaler.
2117,2017-06-15,Condition normale pour la saison.
2117,2017-07-15,Légère variabilité observée.
2117,2017-08-15,Condition normale pour la saison.
2117,2017-09-15,Condition normale pour la saison.
2117,2017-10-15,Condition normale pour la saison.
1998,2017-05-15,Rien à signaler.
1998,2017-06-15,Légère variabilité observée.
1998,2017-07-15,Condition normale pour la saison.
1998,2017-08-15,Condition normale pour la saison.
1998,2017-09-15,Condition normale pour la saison.
1998,2017-10-15,Condition normale pour la saison.
2591,2017-05-15,Condition normale pour la saison.
2591,2017-06-15,Rien à signaler.
2591,2017-07-15,Condition normale pour la saison.
2591,2017-08-15,Condition normale pour la saison.
2591,2017-09-15,Condition normale pour la saison.
2591,2017-10-15,Condition normale pour la saison.
2005,2017-05-15,Condition normale pour la saison.
2005,2017-06-15,Condition normale pour la saison.
2005,2017-07-15,Rien à signaler.
2005,2017-08-15,Condition normale pour la saison.
2005,2017-09-15,Légère variabilité observée.
2005,2017-10-15,Condition normale pour la saison.
2050,2017-05-15,Condition normale pour la saison.
2050,2017-06-15,Condition normale pour la saison.
2050,2017-07-15,Rien à signaler.
2050,2017-08-15,Condition normale pour la saison.
2050,2017-09-15,Légère variabilité observée.
2050,2017-10-15,Condition normale pour la saison.
2485,2017-05-15,Condition normale pour la saison.
2485,2017-06-15,Rien à signaler.
2485,2017-07-15,Condition normale pour la saison.
2485,2017-08-15,Condition normale pour la saison.
2485,2017-09-15,Rien à signaler.
2485,2017-10-15,Condition normale pour la saison.
2087,2017-05-15,Rien à signaler.
2087,2017-06-15,Légère variabilité observée.
2087,2017-07-15,Légère variabilité observée.
2087,2017-08-15,Condition normale pour la saison.
2087,2017-09-15,Condition normale pour la saison.
2087,2017-10-15,Condition normale pour la saison.
2246,2017-05-15,Condition normale pour la saison.
2246,2017-06-15,Condition normale pour la saison.
2246,2017-07-15,Condition normale pour la saison.
2246,2017-08-15,Condition normale pour la saison.
2246,2017-09-15,Légère variabilité observée.
2246,2017-10-15,Légère variabilité observée.
1917,2017-05-15,Condition normale pour la saison.
1917,2017-06-15,Condition normale pour la saison.
1917,2017-07-15,Rien à signaler.
1917,2017-08-15,Rien à signaler.
1917,2017-09-15,Rien à signaler.
1917,2017-10-15,Condition normale pour la saison.
2126,2017-05-15,Légère variabilité observée.
2126,2017-06-15,Rien à signaler.
2126,2017-07-15,Légère variabilité observée.
2126,2017-08-15,Condition normale pour la saison.
2126,2017-09-15,Condition normale pour la saison.
2126,2017-10-15,Légère variabilité observée.
2447,2017-05-15,Rien à signaler.
2447,2017-06-15,Condition normale pour la saison.
2447,2017-07-15,Rien à signaler.
2447,2017-08-15,Rien à signaler.
2447,2017-09-15,Condition normale pour la saison.
2447,2017-10-15,Légère variabilité observée.
2400,2017-05-15,Légère variabilité observée.
2400,2017-06-15,Condition normale pour la saison.
2400,2017-07-15,Légère variabilité observée.
2400,2017-08-15,Condition normale pour la saison.
2400,2017-09-15,Légère variabilité observée.
2400,2017-10-15,Condition normale pour la saison.
1824,2017-05-15,Condition normale pour la saison.
1824,2017-06-15,Légère variabilité observée.
1824,2017-07-15,Condition normale pour la saison.
1824,2017-08-15,Légère variabilité observée.
1824,2017-09-15,Rien à signaler.
1824,2017-10-15,Légère variabilité observée.
2592,2017-05-15,Condition normale pour la saison.
2592,2017-06-15,Condition normale pour la saison.
2592,2017-07-15,Condition normale pour la saison.
2592,2017-08-15,Condition normale pour la saison.
2592,2017-09-15,Condition normale pour la saison.
2592,2017-10-15,Condition normale pour la saison.
2059,2017-05-15,Condition normale pour la saison.
2059,2017-06-15,Condition normale pour la saison.
2059,2017-07-15,Rien à signaler.
2059,2017-08-15,Légère variabilité observée.
2059,2017-09-15,Condition normale pour la saison.
2059,2017-10-15,Légère variabilité observée.
2517,2017-05-15,Légère variabilité observée.
2517,2017-06-15,Rien à signaler.
2517,2017-07-15,Condition normale pour la saison.
2517,2017-08-15,Condition normale pour la saison.
2517,2017-09-15,Condition normale pour la saison.
2517,2017-10-15,Légère variabilité observée.
1953,2017-05-15,Condition normale pour la saison.
1953,2017-06-15,Légère variabilité observée.
1953,2017-07-15,Condition normale pour la saison.
1953,2017-08-15,Légère variabilité observée.
1953,2017-09-15,Légère variabilité observée.
1953,2017-10-15,Condition normale pour la saison.
2484,2017-05-15,Condition normale pour la saison.
2484,2017-06-15,Condition normale pour la saison.
2484,2017-07-15,Condition normale pour la saison.
2484,2017-08-15,Légère variabilité observée.
2484,2017-09-15,Condition normale pour la saison.
2484,2017-10-15,Condition normale pour la saison.
1997,2017-05-15,Légère variabilité observée.
1997,2017-06-15,Rien à signaler.
1997,2017-07-15,Rien à signaler.
1997,2017-08-15,Condition normale pour la saison.
1997,2017-09-15,Condition normale pour la saison.
1997,2017-10-15,Rien à signaler.
2431,2017-05-15,Condition normale pour la saison.
2431,2017-06-15,Légère variabilité observée.
2431,2017-07-15,Rien à signaler.
2431,2017-08-15,Légère variabilité observée.
2431,2017-09-15,Condition normale pour la saison.
2431,2017-10-15,Rien à signaler.
1830,2017-05-15,Légère variabilité observée.
1830,2017-06-15,Rien à signaler.
1830,2017-07-15,Rien à signaler.
1830,2017-08-15,Rien à signaler.
1830,2017-09-15,Condition normale pour la saison.
1830,2017-10-15,Légère variabilité observée.
2470,2017-05-15,Condition normale pour la saison.
2470,2017-06-15,Condition normale pour la saison.
2470,2017-07-15,Condition normale pour la saison.
2470,2017-08-15,Légère variabilité observée.
2470,2017-09-15,Condition normale pour la saison.
2470,2017-10-15,Condition normale pour la saison.
1996,2017-05-15,Condition normale pour la saison.
1996,2017-06-15,Rien à signaler.
1996,2017-07-15,Légère variabilité observée.
1996,2017-08-15,Condition normale pour la saison.
1996,2017-09-15,Rien à signaler.
1996,2017-10-15,Légère variabilité observée.
2588,2017-05-15,Rien à signaler.
2588,2017-06-15,Condition normale pour la saison.
2588,2017-07-15,Légère variabilité observée.
2588,2017-08-15,Condition normale pour la saison.
2588,2017-09-15,Condition normale pour la saison.
2588,2017-10-15,Condition normale pour la saison.
2139,2017-05-15,Condition normale pour la saison.
2139,2017-06-15,Légère variabilité observée.
2139,2017-07-15,Légère variabilité observée.
2139,2017-08-15,Rien à signaler.
2139,2017-09-15,Condition normale pour la saison.
2139,2017-10-15,Condition normale pour la saison.
2103,2017-05-15,Rien à signaler.
2103,2017-06-15,Légère variabilité observée.
2103,2017-07-15,Légère variabilité observée.
2103,2017-08-15,Légère variabilité observée.
2103,2017-09-15,Rien à signaler.
2103,2017-10-15,Rien à signaler.
2179,2017-05-15,Condition normale pour la saison.
2179,2017-06-15,Légère variabilité observée.
2179,2017-07-15,Rien à signaler.
2179,2017-08-15,Condition normale pour la saison.
2179,2017-09-15,Rien à signaler.
2179,2017-10-15,Condition normale pour la saison.
2440,2017-05-15,Légère variabilité observée.
2440,2017-06-15,Condition normale pour la saison.
2440,2017-07-15,Légère variabilité observée.
2440,2017-08-15,Légère variabilité observée.
2440,2017-09-15,Rien à signaler.
2440,2017-10-15,Rien à signaler.
2046,2017-05-15,Rien à signaler.
2046,2017-06-15,Légère variabilité observée.
2046,2017-07-15,Condition normale pour la saison.
2046,2017-08-15,Condition normale pour la saison.
2046,2017-09-15,Légère variabilité observée.
2046,2017-10-15,Légère variabilité observée.
2340,2017-05-15,Condition normale pour la saison.
2340,2017-06-15,Rien à signaler.
2340,2017-07-15,Condition normale pour la saison.
2340,2017-08-15,Condition normale pour la saison.
2340,2017-09-15,Condition normale pour la saison.
2340,2017-10-15,Condition normale pour la saison.
2074,2017-05-15,Condition normale pour la saison.
2074,2017-06-15,Condition normale pour la saison.
2074,2017-07-15,Condition normale pour la saison.
2074,2017-08-15,Rien à signaler.
2074,2017-09-15,Condition normale pour la saison.
2074,2017-10-15,Rien à signaler.
2384,2017-05-15,Condition normale pour la saison.
2384,2017-06-15,Légère variabilité observée.
2384,2017-07-15,Rien à signaler.
2384,2017-08-15,Légère variabilité observée.
2384,2017-09-15,Rien à signaler.
2384,2017-10-15,Rien à signaler.
1999,2017-05-15,Légère variabilité observée.
1999,2017-06-15,Légère variabilité observée.
1999,2017-07-15,Rien à signaler.
1999,2017-08-15,Rien à signaler.
1999,2017-09-15,Légère variabilité observée.
1999,2017-10-15,Condition normale pour la saison.
1935,2017-05-15,Rien à signaler.
1935,2017-06-15,Rien à signaler.
1935,2017-07-15,Condition normale pour la saison.
1935,2017-08-15,Condition normale pour la saison.
1935,2017-09-15,Condition normale pour la saison.
1935,2017-10-15,Légère variabilité observée.
2410,2017-05-15,Rien à signaler.
2410,2017-06-15,Condition normale pour la saison.
2410,2017-07-15,Condition normale pour la saison.
2410,2017-08-15,Légère variabilité observée.
2410,2017-09-15,Légère variabilité observée.
2410,2017-10-15,Rien à signaler.
2266,2017-05-15,Légère variabilité observée.
2266,2017-06-15,Condition normale pour la saison.
2266,2017-07-15,Rien à signaler.
2266,2017-08-15,Condition normale pour la saison.
2266,2017-09-15,Condition normale pour la saison.
2266,2017-10-15,Légère variabilité observée.
2081,2017-05-15,Condition normale pour la saison.
2081,2017-06-15,Légère variabilité observée.
2081,2017-07-15,Condition normale pour la saison.
2081,2017-08-15,Légère variabilité observée.
2081,2017-09-15,Légère variabilité observée.
2081,2017-10-15,Condition normale pour la saison.
2098,2017-05-15,Condition normale pour la saison.
2098,2017-06-15,Condition normale pour la saison.
2098,2017-07-15,Condition normale pour la saison.
2098,2017-08-15,Condition normale pour la saison.
2098,2017-09-15,Rien à signaler.
2098,2017-10-15,Condition normale pour la saison.
2522,2017-05-15,Légère variabilité observée.
2522,2017-06-15,Condition normale pour la saison.
2522,2017-07-15,Condition normale pour la saison.
2522,2017-08-15,Rien à signaler.
2522,2017-09-15,Condition normale pour la saison.
2522,2017-10-15,Condition normale pour la saison.
1883,2017-05-15,Rien à signaler.
1883,2017-06-15,Légère variabilité observée.
1883,2017-07-15,Rien à signaler.
1883,2017-08-15,Condition normale pour la saison.
1883,2017-09-15,Rien à signaler.
1883,2017-10-15,Condition normale pour la saison.
2441,2017-05-15,Rien à signaler.
2441,2017-06-15,Condition normale pour la saison.
2441,2017-07-15,Rien à signaler.
2441,2017-08-15,Légère variabilité observée.
2441,2017-09-15,Rien à signaler.
2441,2017-10-15,Condition normale pour la saison.
1912,2017-05-15,Condition normale pour la saison.
1912,2017-06-15,Rien à signaler.
1912,2017-07-15,Condition normale pour la saison.
1912,2017-08-15,Condition normale pour la saison.
1912,2017-09-15,Condition normale pour la saison.
1912,2017-10-15,Condition normale pour la saison.
2507,2017-05-15,Légère variabilité observée.
2507,2017-06-15,Légère variabilité observée.
2507,2017-07-15,Rien à signaler.
2507,2017-08-15,Légère variabilité observée.
2507,2017-09-15,Condition normale pour la saison.
2507,2017-10-15,Légère variabilité observée.
2155,2017-05-15,Rien à signaler.
2155,2017-06-15,Condition normale pour la saison.
2155,2017-07-15,Légère variabilité observée.
2155,2017-08-15,Rien à signaler.
2155,2017-09-15,Condition normale pour la saison.
2155,2017-10-15,Condition normale pour la saison.
1887,2017-05-15,Condition normale pour la saison.
1887,2017-06-15,Condition normale pour la saison.
1887,2017-07-15,Rien à signaler.
1887,2017-08-15,Légère variabilité observée.
1887,2017-09-15,Rien à signaler.
1887,2017-10-15,Rien à signaler.
2279,2017-05-15,Légère variabilité observée.
2279,2017-06-15,Condition normale pour la saison.
2279,2017-07-15,Condition normale pour la saison.
2279,2017-08-15,Condition normale pour la saison.
2279,2017-09-15,Légère variabilité observée.
2279,2017-10-15,Condition normale pour la saison.
2210,2017-05-15,Rien à signaler.
2210,2017-06-15,Condition normale pour la saison.
2210,2017-07-15,Condition normale pour la saison.
2210,2017-08-15,Légère variabilité observée.
2210,2017-09-15,Rien à signaler.
2210,2017-10-15,Condition normale pour la saison.
2083,2017-05-15,Légère variabilité observée.
2083,2017-06-15,Condition normale pour la saison.
2083,2017-07-15,Condition normale pour la saison.
2083,2017-08-15,Rien à signaler.
2083,2017-09-15,Condition normale pour la saison.
2083,2017-10-15,Condition normale pour la saison.
2006,2017-05-15,Condition normale pour la saison.
2006,2017-06-15,Rien à signaler.
2006,2017-07-15,Condition normale pour la saison.
2006,2017-08-15,Condition normale pour la saison.
2006,2017-09-15,Condition normale pour la saison.
2006,2017-10-15,Rien à signaler.
2535,2017-05-15,Condition normale pour la saison.
2535,2017-06-15,Condition normale pour la saison.
2535,2017-07-15,Rien à signaler.
2535,2017-08-15,Rien à signaler.
2535,2017-09-15,Condition normale pour la saison.
2535,2017-10-15,Rien à signaler.
2481,2017-05-15,Condition normale pour la saison.
2481,2017-06-15,Rien à signaler.
2481,2017-07-15,Condition normale pour la saison.
2481,2017-08-15,Légère variabilité observée.
2481,2017-09-15,Condition normale pour la saison.
2481,2017-10-15,Condition normale pour la saison.
2350,2017-05-15,Condition normale pour la saison.
2350,2017-06-15,Rien à signaler.
2350,2017-07-15,Condition normale pour la saison.
2350,2017-08-15,Condition normale pour la saison.
2350,2017-09-15,Légère variabilité observée.
2350,2017-10-15,Condition normale pour la saison.
2593,2017-05-15,Condition normale pour la saison.
2593,2017-06-15,Légère variabilité observée.
2593,2017-07-15,Rien à signaler.
2593,2017-08-15,Légère variabilité observée.
2593,2017-09-15,Condition normale pour la saison.
2593,2017-10-15,Légère variabilité observée.
2140,2017-05-15,Légère variabilité observée.
2140,2017-06-15,Condition normale pour la saison.
2140,2017-07-15,Rien à signaler.
2140,2017-08-15,Condition normale pour la saison.
2140,2017-09-15,Légère variabilité observée.
2140,2017-10-15,Légère variabilité observée.
2435,2017-05-15,Légère variabilité observée.
2435,2017-06-15,Condition normale pour la saison.
2435,2017-07-15,Condition normale pour la saison.
2435,2017-08-15,Rien à signaler.
2435,2017-09-15,Condition normale pour la saison.
2435,2017-10-15,Rien à signaler.
2225,2017-05-15,Condition normale pour la saison.
2225,2017-06-15,Condition normale pour la saison.
2225,2017-07-15,Condition normale pour la saison.
2225,2017-08-15,Légère variabilité observée.
2225,2017-09-15,Condition normale pour la saison.
2225,2017-10-15,Condition normale pour la saison.
2092,2017-05-15,Légère variabilité observée.
2092,2017-06-15,Rien à signaler.
2092,2017-07-15,Légère variabilité observée.
2092,2017-08-15,Légère variabilité observée.
2092,2017-09-15,Légère variabilité observée.
2092,2017-10-15,Légère variabilité observée.
2132,2017-05-15,Rien à signaler.
2132,2017-06-15,Rien à signaler.
2132,2017-07-15,Condition normale pour la saison.
2132,2017-08-15,Condition normale pour la saison.
2132,2017-09-15,Légère variabilité observée.
2132,2017-10-15,Condition normale pour la saison.
1921,2017-05-15,Condition normale pour la saison.
1921,2017-06-15,Rien à signaler.
1921,2017-07-15,Condition normale pour la saison.
1921,2017-08-15,Condition normale pour la saison.
1921,2017-09-15,Rien à signaler.
1921,2017-10-15,Condition normale pour la saison.
1808,2017-05-15,Condition normale pour la saison.
1808,2017-06-15,Légère variabilité observée.
1808,2017-07-15,Légère variabilité observée.
1808,2017-08-15,Condition normale pour la saison.
1808,2017-09-15,Rien à signaler.
1808,2017-10-15,Condition normale pour la saison.
2276,2017-05-15,Rien à signaler.
2276,2017-06-15,Rien à signaler.
2276,2017-07-15,Condition normale pour la saison.
2276,2017-08-15,Condition normale pour la saison.
2276,2017-09-15,Condition normale pour la saison.
2276,2017-10-15,Condition normale pour la saison.
2483,2017-05-15,Condition normale pour la saison.
2483,2017-06-15,Condition normale pour la saison.
2483,2017-07-15,Légère variabilité observée.
2483,2017-08-15,Condition normale pour la saison.
2483,2017-09-15,Légère variabilité observée.
2483,2017-10-15,Rien à signaler.
1861,2017-05-15,Rien à signaler.
1861,2017-06-15,Condition normale pour la saison.
1861,2017-07-15,Légère variabilité observée.
1861,2017-08-15,Condition normale pour la saison.
1861,2017-09-15,Condition normale pour la saison.
1861,2017-10-15,Légère variabilité observée.
2469,2017-05-15,Condition normale pour la saison.
2469,2017-06-15,Rien à signaler.
2469,2017-07-15,Condition normale pour la saison.
2469,2017-08-15,Condition normale pour la saison.
2469,2017-09-15,Condition normale pour la saison.
2469,2017-10-15,Rien à signaler.
2169,2017-05-15,Condition normale pour la saison.
2169,2017-06-15,Condition normale pour la saison.
2169,2017-07-15,Condition normale pour la saison.
2169,2017-08-15,Rien à signaler.
2169,2017-09-15,Condition normale pour la saison.
2169,2017-10-15,Condition normale pour la saison.
1896,2017-05-15,Rien à signaler.
1896,2017-06-15,Rien à signaler.
1896,2017-07-15,Condition normale pour la saison.
1896,2017-08-15,Condition normale pour la saison.
1896,2017-09-15,Légère variabilité observée.
1896,2017-10-15,Légère variabilité observée.
2376,2017-05-15,Condition normale pour la saison.
2376,2017-06-15,Légère variabilité observée.
2376,2017-07-15,Condition normale pour la saison.
2376,2017-08-15,Condition normale pour la saison.
2376,2017-09-15,Légère variabilité observée.
2376,2017-10-15,Condition normale pour la saison.
1854,2017-05-15,Condition normale pour la saison.
1854,2017-06-15,Légère variabilité observée.
1854,2017-07-15,Condition normale pour la saison.
1854,2017-08-15,Légère variabilité observée.
1854,2017-09-15,Condition normale pour la saison.
1854,2017-10-15,Condition normale pour la saison.
1840,2017-05-15,Condition normale pour la saison.
1840,2017-06-15,Condition normale pour la saison.
1840,2017-07-15,Condition normale pour la saison.
1840,2017-08-15,Légère variabilité observée.
1840,2017-09-15,Condition normale pour la saison.
1840,2017-10-15,Condition normale pour la saison.
2401,2017-05-15,Rien à signaler.
2401,2017-06-15,Condition normale pour la saison.
2401,2017-07-15,Condition normale pour la saison.
2401,2017-08-15,Légère variabilité observée.
2401,2017-09-15,Condition normale pour la saison.
2401,2017-10-15,Légère variabilité observée.
1975,2017-05-15,Condition normale pour la saison.
1975,2017-06-15,Condition normale pour la saison.
1975,2017-07-15,Légère variabilité observée.
1975,2017-08-15,Légère variabilité observée.
1975,2017-09-15,Condition normale pour la saison.
1975,2017-10-15,Rien à signaler.
1903,2017-05-15,Rien à signaler.
1903,2017-06-15,Rien à signaler.
1903,2017-07-15,Condition normale pour la saison.
1903,2017-08-15,Légère variabilité observée.
1903,2017-09-15,Rien à signaler.
1903,2017-10-15,Légère variabilité observée.
2270,2017-05-15,Légère variabilité observée.
2270,2017-06-15,Condition normale pour la saison.
2270,2017-07-15,Rien à signaler.
2270,2017-08-15,Légère variabilité observée.
2270,2017-09-15,Légère variabilité observée.
2270,2017-10-15,Rien à signaler.
2014,2017-05-15,Légère variabilité observée.
2014,2017-06-15,Légère variabilité observée.
2014,2017-07-15,Légère variabilité observée.
2014,2017-08-15,Légère variabilité observée.
2014,2017-09-15,Condition normale pour la saison.
2014,2017-10-15,Condition normale pour la saison.
2187,2017-05-15,Condition normale pour la saison.
2187,2017-06-15,Condition normale pour la saison.
2187,2017-07-15,Condition normale pour la saison.
2187,2017-08-15,Rien à signaler.
2187,2017-09-15,Condition normale pour la saison.
2187,2017-10-15,Condition normale pour la saison.
2571,2017-05-15,Condition normale pour la saison.
2571,2017-06-15,Légère variabilité observée.
2571,2017-07-15,Légère variabilité observée.
2571,2017-08-15,Condition normale pour la saison.
2571,2017-09-15,Légère variabilité observée.
2571,2017-10-15,Rien à signaler.
2073,2017-05-15,Légère variabilité observée.
2073,2017-06-15,Condition normale pour la saison.
2073,2017-07-15,Rien à signaler.
2073,2017-08-15,Condition normale pour la saison.
2073,2017-09-15,Légère variabilité observée.
2073,2017-10-15,Rien à signaler.
2373,2017-05-15,Légère variabilité observée.
2373,2017-06-15,Condition normale pour la saison.
2373,2017-07-15,Condition normale pour la saison.
2373,2017-08-15,Condition normale pour la saison.
2373,2017-09-15,Légère variabilité observée.
2373,2017-10-15,Légère variabilité observée.
2583,2017-05-15,Condition normale pour la saison.
2583,2017-06-15,Condition normale pour la saison.
2583,2017-07-15,Rien à signaler.
2583,2017-08-15,Condition normale pour la saison.
2583,2017-09-15,Condition normale pour la saison.
2583,2017-10-15,Condition normale pour la saison.
2385,2017-05-15,Légère variabilité observée.
2385,2017-06-15,Rien à signaler.
2385,2017-07-15,Condition normale pour la saison.
2385,2017-08-15,Condition normale pour la saison.
2385,2017-09-15,Condition normale pour la saison.
2385,2017-10-15,Légère variabilité observée.
2287,2017-05-15,Rien à signaler.
2287,2017-06-15,Condition normale pour la saison.
2287,2017-07-15,Condition normale pour la saison.
2287,2017-08-15,Légère variabilité observée.
2287,2017-09-15,Rien à signaler.
2287,2017-10-15,Condition normale pour la saison.
1973,2017-05-15,Condition normale pour la saison.
1973,2017-06-15,Condition normale pour la saison.
1973,2017-07-15,Condition normale pour la saison.
1973,2017-08-15,Légère variabilité observée.
1973,2017-09-15,Rien à signaler.
1973,2017-10-15,Condition normale pour la saison.
2476,2017-05-15,Légère variabilité observée.
2476,2017-06-15,Condition normale pour la saison.
2476,2017-07-15,Condition normale pour la saison.
2476,2017-08-15,Légère variabilité observée.
2476,2017-09-15,Condition normale pour la saison.
2476,2017-10-15,Rien à signaler.
1843,2017-05-15,Condition normale pour la saison.
1843,2017-06-15,Condition normale pour la saison.
1843,2017-07-15,Condition normale pour la saison.
1843,2017-08-15,Condition normale pour la saison.
1843,2017-09-15,Rien à signaler.
1843,2017-10-15,Légère variabilité observée.
2321,2017-05-15,Rien à signaler.
2321,2017-06-15,Condition normale pour la saison.
2321,2017-07-15,Condition normale pour la saison.
2321,2017-08-15,Condition normale pour la saison.
2321,2017-09-15,Condition normale pour la saison.
2321,2017-10-15,Légère variabilité observée.
2245,2017-05-15,Rien à signaler.
2245,2017-06-15,Condition normale pour la saison.
2245,2017-07-15,Légère variabilité observée.
2245,2017-08-15,Condition normale pour la saison.
2245,2017-09-15,Légère variabilité observée.
2245,2017-10-15,Condition normale pour la saison.
2472,2017-05-15,Légère variabilité observée.
2472,2017-06-15,Rien à signaler.
2472,2017-07-15,Légère variabilité observée.
2472,2017-08-15,Condition normale pour la saison.
2472,2017-09-15,Condition normale pour la saison.
2472,2017-10-15,Condition normale pour la saison.
2235,2017-05-15,Rien à signaler.
2235,2017-06-15,Condition normale pour la saison.
2235,2017-07-15,Légère variabilité observée.
2235,2017-08-15,Rien à signaler.
2235,2017-09-15,Condition normale pour la saison.
2235,2017-10-15,Condition normale pour la saison.
2158,2017-05-15,Condition normale pour la saison.
2158,2017-06-15,Rien à signaler.
2158,2017-07-15,Rien à signaler.
2158,2017-08-15,Condition normale pour la saison.
2158,2017-09-15,Rien à signaler.
2158,2017-10-15,Condition normale pour la saison.
2260,2017-05-15,Condition normale pour la saison.
2260,2017-06-15,Condition normale pour la saison.
2260,2017-07-15,Légère variabilité observée.
2260,2017-08-15,Condition normale pour la saison.
2260,2017-09-15,Condition normale pour la saison.
2260,2017-10-15,Condition normale pour la saison.
1920,2017-05-15,Condition normale pour la saison.
1920,2017-06-15,Légère variabilité observée.
1920,2017-07-15,Condition normale pour la saison.
1920,2017-08-15,Condition normale pour la saison.
1920,2017-09-15,Condition normale pour la saison.
1920,2017-10-15,Condition normale pour la saison.
2035,2017-05-15,Rien à signaler.
2035,2017-06-15,Condition normale pour la saison.
2035,2017-07-15,Condition normale pour la saison.
2035,2017-08-15,Condition normale pour la saison.
2035,2017-09-15,Condition normale pour la saison.
2035,2017-10-15,Condition normale pour la saison.
2290,2017-05-15,Légère variabilité observée.
2290,2017-06-15,Condition normale pour la saison.
2290,2017-07-15,Condition normale pour la saison.
2290,2017-08-15,Condition normale pour la saison.
2290,2017-09-15,Condition normale pour la saison.
2290,2017-10-15,Condition normale pour la saison.
2257,2017-05-15,Condition normale pour la saison.
2257,2017-06-15,Condition normale pour la saison.
2257,2017-07-15,Condition normale pour la saison.
2257,2017-08-15,Condition normale pour la saison.
2257,2017-09-15,Condition normale pour la saison.
2257,2017-10-15,Condition normale pour la saison.
1895,2017-05-15,Légère variabilité observée.
1895,2017-06-15,Rien à signaler.
1895,2017-07-15,Légère variabilité observée.
1895,2017-08-15,Légère variabilité observée.
1895,2017-09-15,Légère variabilité observée.
1895,2017-10-15,Condition normale pour la saison.
1919,2017-05-15,Rien à signaler.
1919,2017-06-15,Condition normale pour la saison.
1919,2017-07-15,Rien à signaler.
1919,2017-08-15,Condition normale pour la saison.
1919,2017-09-15,Légère variabilité observée.
1919,2017-10-15,Légère variabilité observée.
1987,2017-05-15,Légère variabilité observée.
1987,2017-06-15,Condition normale pour la saison.
1987,2017-07-15,Légère variabilité observée.
1987,2017-08-15,Condition normale pour la saison.
1987,2017-09-15,Condition normale pour la saison.
1987,2017-10-15,Rien à signaler.
2563,2017-05-15,Rien à signaler.
2563,2017-06-15,Condition normale pour la saison.
2563,2017-07-15,Légère variabilité observée.
2563,2017-08-15,Légère variabilité observée.
2563,2017-09-15,Condition normale pour la saison.
2563,2017-10-15,Condition normale pour la saison.
1863,2017-05-15,Rien à signaler.
1863,2017-06-15,Rien à signaler.
1863,2017-07-15,Légère variabilité observée.
1863,2017-08-15,Condition normale pour la saison.
1863,2017-09-15,Condition normale pour la saison.
1863,2017-10-15,Légère variabilité observée.
2012,2017-05-15,Légère variabilité observée.
2012,2017-06-15,Condition normale pour la saison.
2012,2017-07-15,Légère variabilité observée.
2012,2017-08-15,Légère variabilité observée.
2012,2017-09-15,Légère variabilité observée.
2012,2017-10-15,Légère variabilité observée.
1960,2017-05-15,Légère variabilité observée.
1960,2017-06-15,Condition normale pour la saison.
1960,2017-07-15,Condition normale pour la saison.
1960,2017-08-15,Légère variabilité observée.
1960,2017-09-15,Condition normale pour la saison.
1960,2017-10-15,Rien à signaler.
2539,2017-05-15,Légère variabilité observée.
2539,2017-06-15,Condition normale pour la saison.
2539,2017-07-15,Condition normale pour la saison.
2539,2017-08-15,Condition normale pour la saison.
2539,2017-09-15,Condition normale pour la saison.
2539,2017-10-15,Légère variabilité observée.
1958,2017-05-15,Légère variabilité observée.
1958,2017-06-15,Légère variabilité observée.
1958,2017-07-15,Condition normale pour la saison.
1958,2017-08-15,Rien à signaler.
1958,2017-09-15,Légère variabilité observée.
1958,2017-10-15,Condition normale pour la saison.
2116,2017-05-15,Rien à signaler.
2116,2017-06-15,Condition normale pour la saison.
2116,2017-07-15,Rien à signaler.
2116,2017-08-15,Condition normale pour la saison.
2116,2017-09-15,Condition normale pour la saison.
2116,2017-10-15,Condition normale pour la saison.
2170,2017-05-15,Condition normale pour la saison.
2170,2017-06-15,Condition normale pour la saison.
2170,2017-07-15,Condition normale pour la saison.
2170,2017-08-15,Condition normale pour la saison.
2170,2017-09-15,Condition normale pour la saison.
2170,2017-10-15,Rien à signaler.
1850,2017-05-15,Rien à signaler.
1850,2017-06-15,Rien à signaler.
1850,2017-07-15,Légère variabilité observée.
1850,2017-08-15,Rien à signaler.
1850,2017-09-15,Légère variabilité observée.
1850,2017-10-15,Légère variabilité observée.
2449,2017-05-15,Rien à signaler.
2449,2017-06-15,Légère variabilité observée.
2449,2017-07-15,Rien à signaler.
2449,2017-08-15,Légère variabilité observée.
2449,2017-09-15,Condition normale pour la saison.
2449,2017-10-15,Condition normale pour la saison.
1880,2017-05-15,Légère variabilité observée.
1880,2017-06-15,Condition normale pour la saison.
1880,2017-07-15,Rien à signaler.
1880,2017-08-15,Rien à signaler.
1880,2017-09-15,Rien à signaler.
1880,2017-10-15,Rien à signaler.
1971,2017-05-15,Rien à signaler.
1971,2017-06-15,Condition normale pour la saison.
1971,2017-07-15,Condition normale pour la saison.
1971,2017-08-15,Rien à signaler.
1971,2017-09-15,Rien à signaler.
1971,2017-10-15,Rien à signaler.
2044,2017-05-15,Rien à signaler.
2044,2017-06-15,Condition normale pour la saison.
2044,2017-07-15,Condition normale pour la saison.
2044,2017-08-15,Condition normale pour la saison.
2044,2017-09-15,Légère variabilité observée.
2044,2017-10-15,Légère variabilité observée.
1932,2017-05-15,Condition normale pour la saison.
1932,2017-06-15,Condition normale pour la saison.
1932,2017-07-15,Rien à signaler.
1932,2017-08-15,Condition normale pour la saison.
1932,2017-09-15,Légère variabilité observée.
1932,2017-10-15,Condition normale pour la saison.
2586,2017-05-15,Légère variabilité observée.
2586,2017-06-15,Rien à signaler.
2586,2017-07-15,Condition normale pour la saison.
2586,2017-08-15,Rien à signaler.
2586,2017-09-15,Rien à signaler.
2586,2017-10-15,Légère variabilité observée.
2017,2017-05-15,Condition normale pour la saison.
2017,2017-06-15,Condition normale pour la saison.
2017,2017-07-15,Légère variabilité observée.
2017,2017-08-15,Légère variabilité observée.
2017,2017-09-15,Rien à signaler.
2017,2017-10-15,Rien à signaler.
2082,2017-05-15,Légère variabilité observée.
2082,2017-06-15,Légère variabilité observée.
2082,2017-07-15,Rien à signaler.
2082,2017-08-15,Légère variabilité observée.
2082,2017-09-15,Légère variabilité observée.
2082,2017-10-15,Rien à signaler.
1832,2017-05-15,Légère variabilité observée.
1832,2017-06-15,Condition normale pour la saison.
1832,2017-07-15,Condition normale pour la saison.
1832,2017-08-15,Légère variabilité observée.
1832,2017-09-15,Rien à signaler.
1832,2017-10-15,Légère variabilité observée.
2528,2017-05-15,Condition normale pour la saison.
2528,2017-06-15,Légère variabilité observée.
2528,2017-07-15,Rien à signaler.
2528,2017-08-15,Condition normale pour la saison.
2528,2017-09-15,Légère variabilité observée.
2528,2017-10-15,Condition normale pour la saison.
2206,2017-05-15,Légère variabilité observée.
2206,2017-06-15,Rien à signaler.
2206,2017-07-15,Condition normale pour la saison.
2206,2017-08-15,Condition normale pour la saison.
2206,2017-09-15,Rien à signaler.
2206,2017-10-15,Condition normale pour la saison.
2053,2017-05-15,Rien à signaler.
2053,2017-06-15,Légère variabilité observée.
2053,2017-07-15,Condition normale pour la saison.
2053,2017-08-15,Condition normale pour la saison.
2053,2017-09-15,Condition normale pour la saison.
2053,2017-10-15,Rien à signaler.
2018,2017-05-15,Condition normale pour la saison.
2018,2017-06-15,Condition normale pour la saison.
2018,2017-07-15,Condition normale pour la saison.
2018,2017-08-15,Condition normale pour la saison.
2018,2017-09-15,Légère variabilité observée.
2018,2017-10-15,Légère variabilité observée.
2407,2017-05-15,Condition normale pour la saison.
2407,2017-06-15,Légère variabilité observée.
2407,2017-07-15,Condition normale pour la saison.
2407,2017-08-15,Condition normale pour la saison.
2407,2017-09-15,Condition normale pour la saison.
2407,2017-10-15,Condition normale pour la saison.
1939,2017-05-15,Légère variabilité observée.
1939,2017-06-15,Condition normale pour la saison.
1939,2017-07-15,Légère variabilité observée.
1939,2017-08-15,Condition normale pour la saison.
1939,2017-09-15,Légère variabilité observée.
1939,2017-10-15,Rien à signaler.
1816,2017-05-15,Légère variabilité observée.
1816,2017-06-15,Légère variabilité observée.
1816,2017-07-15,Condition normale pour la saison.
1816,2017-08-15,Rien à signaler.
1816,2017-09-15,Condition normale pour la saison.
1816,2017-10-15,Légère variabilité observée.
1838,2017-05-15,Condition normale pour la saison.
1838,2017-06-15,Condition normale pour la saison.
1838,2017-07-15,Condition normale pour la saison.
1838,2017-08-15,Condition normale pour la saison.
1838,2017-09-15,Rien à signaler.
1838,2017-10-15,Légère variabilité observée.
2320,2017-05-15,Condition normale pour la saison.
2320,2017-06-15,Condition normale pour la saison.
2320,2017-07-15,Condition normale pour la saison.
2320,2017-08-15,Rien à signaler.
2320,2017-09-15,Condition normale pour la saison.
2320,2017-10-15,Condition normale pour la saison.
1845,2017-05-15,Rien à signaler.
1845,2017-06-15,Condition normale pour la saison.
1845,2017-07-15,Rien à signaler.
1845,2017-08-15,Condition normale pour la saison.
1845,2017-09-15,Condition normale pour la saison.
1845,2017-10-15,Rien à signaler.
2278,2017-05-15,Légère variabilité observée.
2278,2017-06-15,Condition normale pour la saison.
2278,2017-07-15,Rien à signaler.
2278,2017-08-15,Légère variabilité observée.
2278,2017-09-15,Légère variabilité observée.
2278,2017-10-15,Rien à signaler.
2237,2017-05-15,Rien à signaler.
2237,2017-06-15,Condition normale pour la saison.
2237,2017-07-15,Condition normale pour la saison.
2237,2017-08-15,Condition normale pour la saison.
2237,2017-09-15,Rien à signaler.
2237,2017-10-15,Légère variabilité observée.
2354,2017-05-15,Rien à signaler.
2354,2017-06-15,Condition normale pour la saison.
2354,2017-07-15,Légère variabilité observée.
2354,2017-08-15,Condition normale pour la saison.
2354,2017-09-15,Légère variabilité observée.
2354,2017-10-15,Rien à signaler.
2577,2017-05-15,Légère variabilité observée.
2577,2017-06-15,Légère variabilité observée.
2577,2017-07-15,Rien à signaler.
2577,2017-08-15,Condition normale pour la saison.
2577,2017-09-15,Condition normale pour la saison.
2577,2017-10-15,Rien à signaler.
2556,2017-05-15,Légère variabilité observée.
2556,2017-06-15,Condition normale pour la saison.
2556,2017-07-15,Condition normale pour la saison.
2556,2017-08-15,Condition normale pour la saison.
2556,2017-09-15,Condition normale pour la saison.
2556,2017-10-15,Condition normale pour la saison.
2358,2017-05-15,Condition normale pour la saison.
2358,2017-06-15,Condition normale pour la saison.
2358,2017-07-15,Légère variabilité observée.
2358,2017-08-15,Condition normale pour la saison.
2358,2017-09-15,Condition normale pour la saison.
2358,2017-10-15,Condition normale pour la saison.
2016,2017-05-15,Condition normale pour la saison.
2016,2017-06-15,Condition normale pour la saison.
2016,2017-07-15,Légère variabilité observée.
2016,2017-08-15,Condition normale pour la saison.
2016,2017-09-15,Condition normale pour la saison.
2016,2017-10-15,Légère variabilité observée.
2341,2017-05-15,Légère variabilité observée.
2341,2017-06-15,Rien à signaler.
2341,2017-07-15,Condition normale pour la saison.
2341,2017-08-15,Légère variabilité observée.
2341,2017-09-15,Rien à signaler.
2341,2017-10-15,Condition normale pour la saison.
2461,2017-05-15,Rien à signaler.
2461,2017-06-15,Légère variabilité observée.
2461,2017-07-15,Condition normale pour la saison.
2461,2017-08-15,Condition normale pour la saison.
2461,2017-09-15,Rien à signaler.
2461,2017-10-15,Condition normale pour la saison.
1876,2017-05-15,Condition normale pour la saison.
1876,2017-06-15,Légère variabilité observée.
1876,2017-07-15,Légère variabilité observée.
1876,2017-08-15,Condition normale pour la saison.
1876,2017-09-15,Légère variabilité observée.
1876,2017-10-15,Condition normale pour la saison.
1886,2017-05-15,Condition normale pour la saison.
1886,2017-06-15,Condition normale pour la saison.
1886,2017-07-15,Légère variabilité observée.
1886,2017-08-15,Rien à signaler.
1886,2017-09-15,Légère variabilité observée.
1886,2017-10-15,Condition normale pour la saison.
2250,2017-05-15,Légère variabilité observée.
2250,2017-06-15,Condition normale pour la saison.
2250,2017-07-15,Condition normale pour la saison.
2250,2017-08-15,Condition normale pour la saison.
2250,2017-09-15,Légère variabilité observée.
2250,2017-10-15,Légère variabilité observée.
2557,2017-05-15,Rien à signaler.
2557,2017-06-15,Légère variabilité observée.
2557,2017-07-15,Légère variabilité observée.
2557,2017-08-15,Légère variabilité observée.
2557,2017-09-15,Rien à signaler.
2557,2017-10-15,Condition normale pour la saison.
1817,2017-05-15,Condition normale pour la saison.
1817,2017-06-15,Légère variabilité observée.
1817,2017-07-15,Condition normale pour la saison.
1817,2017-08-15,Rien à signaler.
1817,2017-09-15,Condition normale pour la saison.
1817,2017-10-15,Rien à signaler.
2374,2017-05-15,Rien à signaler.
2374,2017-06-15,Condition normale pour la saison.
2374,2017-07-15,Condition normale pour la saison.
2374,2017-08-15,Condition normale pour la saison.
2374,2017-09-15,Rien à signaler.
2374,2017-10-15,Rien à signaler.
1956,2017-05-15,Condition normale pour la saison.
1956,2017-06-15,Légère variabilité observée.
1956,2017-07-15,Condition normale pour la saison.
1956,2017-08-15,Légère variabilité observée.
1956,2017-09-15,Condition normale pour la saison.
1956,2017-10-15,Légère variabilité observée.
1970,2017-05-15,Légère variabilité observée.
1970,2017-06-15,Condition normale pour la saison.
1970,2017-07-15,Rien à signaler.
1970,2017-08-15,Condition normale pour la saison.
1970,2017-09-15,Condition normale pour la saison.
1970,2017-10-15,Légère variabilité observée.
2076,2017-05-15,Condition normale pour la saison.
2076,2017-06-15,Condition normale pour la saison.
2076,2017-07-15,Rien à signaler.
2076,2017-08-15,Légère variabilité observée.
2076,2017-09-15,Condition normale pour la saison.
2076,2017-10-15,Légère variabilité observée.
2552,2017-05-15,Condition normale pour la saison.
2552,2017-06-15,Rien à signaler.
2552,2017-07-15,Condition normale pour la saison.
2552,2017-08-15,Condition normale pour la saison.
2552,2017-09-15,Condition normale pour la saison.
2552,2017-10-15,Condition normale pour la saison.
1829,2017-05-15,Rien à signaler.
1829,2017-06-15,Condition normale pour la saison.
1829,2017-07-15,Condition normale pour la saison.
1829,2017-08-15,Légère variabilité observée.
1829,2017-09-15,Condition normale pour la saison.
1829,2017-10-15,Légère variabilité observée.
1837,2017-05-15,Rien à signaler.
1837,2017-06-15,Condition normale pour la saison.
1837,2017-07-15,Condition normale pour la saison.
1837,2017-08-15,Rien à signaler.
1837,2017-09-15,Rien à signaler.
1837,2017-10-15,Légère variabilité observée.
2338,2017-05-15,Condition normale pour la saison.
2338,2017-06-15,Condition normale pour la saison.
2338,2017-07-15,Rien à signaler.
2338,2017-08-15,Condition normale pour la saison.
2338,2017-09-15,Légère variabilité observée.
2338,2017-10-15,Condition normale pour la saison.
2377,2017-05-15,Condition normale pour la saison.
2377,2017-06-15,Légère variabilité observée.
2377,2017-07-15,Condition normale pour la saison.
2377,2017-08-15,Condition normale pour la saison.
2377,2017-09-15,Rien à signaler.
2377,2017-10-15,Légère variabilité observée.
1810,2017-05-15,Condition normale pour la saison.
1810,2017-06-15,Légère variabilité observée.
1810,2017-07-15,Légère variabilité observée.
1810,2017-08-15,Légère variabilité observée.
1810,2017-09-15,Condition normale pour la saison.
1810,2017-10-15,Condition normale pour la saison.
2473,2017-05-15,Condition normale pour la saison.
2473,2017-06-15,Rien à signaler.
2473,2017-07-15,Rien à signaler.
2473,2017-08-15,Légère variabilité observée.
2473,2017-09-15,Rien à signaler.
2473,2017-10-15,Condition normale pour la saison.
2009,2017-05-15,Rien à signaler.
2009,2017-06-15,Condition normale pour la saison.
2009,2017-07-15,Condition normale pour la saison.
2009,2017-08-15,Légère variabilité observée.
2009,2017-09-15,Rien à signaler.
2009,2017-10-15,Légère variabilité observée.
2433,2017-05-15,Légère variabilité observée.
2433,2017-06-15,Rien à signaler.
2433,2017-07-15,Rien à signaler.
2433,2017-08-15,Rien à signaler.
2433,2017-09-15,Rien à signaler.
2433,2017-10-15,Rien à signaler.
2344,2017-05-15,Condition normale pour la saison.
2344,2017-06-15,Rien à signaler.
2344,2017-07-15,Condition normale pour la saison.
2344,2017-08-15,Condition normale pour la saison.
2344,2017-09-15,Condition normale pour la saison.
2344,2017-10-15,Condition normale pour la saison.
2532,2017-05-15,Légère variabilité observée.
2532,2017-06-15,Rien à signaler.
2532,2017-07-15,Condition normale pour la saison.
2532,2017-08-15,Rien à signaler.
2532,2017-09-15,Condition normale pour la saison.
2532,2017-10-15,Rien à signaler.
1844,2017-05-15,Condition normale pour la saison.
1844,2017-06-15,Condition normale pour la saison.
1844,2017-07-15,Condition normale pour la saison.
1844,2017-08-15,Légère variabilité observée.
1844,2017-09-15,Légère variabilité observée.
1844,2017-10-15,Condition normale pour la saison.
2123,2017-05-15,Légère variabilité observée.
2123,2017-06-15,Rien à signaler.
2123,2017-07-15,Rien à signaler.
2123,2017-08-15,Rien à signaler.
2123,2017-09-15,Condition normale pour la saison.
2123,2017-10-15,Condition normale pour la saison.
2499,2017-05-15,Condition normale pour la saison.
2499,2017-06-15,Condition normale pour la saison.
2499,2017-07-15,Condition normale pour la saison.
2499,2017-08-15,Condition normale pour la saison.
2499,2017-09-15,Condition normale pour la saison.
2499,2017-10-15,Légère variabilité observée.
2399,2017-05-15,Condition normale pour la saison.
2399,2017-06-15,Condition normale pour la saison.
2399,2017-07-15,Condition normale pour la saison.
2399,2017-08-15,Rien à signaler.
2399,2017-09-15,Condition normale pour la saison.
2399,2017-10-15,Condition normale pour la saison.
2040,2017-05-15,Légère variabilité observée.
2040,2017-06-15,Légère variabilité observée.
2040,2017-07-15,Légère variabilité observée.
2040,2017-08-15,Condition normale pour la saison.
2040,2017-09-15,Rien à signaler.
2040,2017-10-15,Condition normale pour la saison.
2297,2017-05-15,Rien à signaler.
2297,2017-06-15,Condition normale pour la saison.
2297,2017-07-15,Condition normale pour la saison.
2297,2017-08-15,Condition normale pour la saison.
2297,2017-09-15,Légère variabilité observée.
2297,2017-10-15,Condition normale pour la saison.
2303,2017-05-15,Condition normale pour la saison.
2303,2017-06-15,Condition normale pour la saison.
2303,2017-07-15,Légère variabilité observée.
2303,2017-08-15,Rien à signaler.
2303,2017-09-15,Condition normale pour la saison.
2303,2017-10-15,Légère variabilité observée.
2112,2017-05-15,Légère variabilité observée.
2112,2017-06-15,Rien à signaler.
2112,2017-07-15,Rien à signaler.
2112,2017-08-15,Condition normale pour la saison.
2112,2017-09-15,Condition normale pour la saison.
2112,2017-10-15,Condition normale pour la saison.
2587,2017-05-15,Légère variabilité observée.
2587,2017-06-15,Légère variabilité observée.
2587,2017-07-15,Condition normale pour la saison.
2587,2017-08-15,Condition normale pour la saison.
2587,2017-09-15,Rien à signaler.
2587,2017-10-15,Légère variabilité observée.
1972,2017-05-15,Légère variabilité observée.
1972,2017-06-15,Condition normale pour la saison.
1972,2017-07-15,Légère variabilité observée.
1972,2017-08-15,Rien à signaler.
1972,2017-09-15,Condition normale pour la saison.
1972,2017-10-15,Condition normale pour la saison.
2138,2017-05-15,Condition normale pour la saison.
2138,2017-06-15,Rien à signaler.
2138,2017-07-15,Condition normale pour la saison.
2138,2017-08-15,Légère variabilité observée.
2138,2017-09-15,Condition normale pour la saison.
2138,2017-10-15,Condition normale pour la saison.
2549,2017-05-15,Rien à signaler.
2549,2017-06-15,Légère variabilité observée.
2549,2017-07-15,Condition normale pour la saison.
2549,2017-08-15,Condition normale pour la saison.
2549,2017-09-15,Condition normale pour la saison.
2549,2017-10-15,Condition normale pour la saison.
2403,2017-05-15,Condition normale pour la saison.
2403,2017-06-15,Condition normale pour la saison.
2403,2017-07-15,Condition normale pour la saison.
2403,2017-08-15,Rien à signaler.
2403,2017-09-15,Rien à signaler.
2403,2017-10-15,Rien à signaler.
2258,2017-05-15,Légère variabilité observée.
2258,2017-06-15,Rien à signaler.
2258,2017-07-15,Condition normale pour la saison.
2258,2017-08-15,Condition normale pour la saison.
2258,2017-09-15,Condition normale pour la saison.
2258,2017-10-15,Rien à signaler.
2198,2017-05-15,Légère variabilité observée.
2198,2017-06-15,Condition normale pour la saison.
2198,2017-07-15,Légère variabilité observée.
2198,2017-08-15,Légère variabilité observée.
2198,2017-09-15,Légère variabilité observée.
2198,2017-10-15,Condition normale pour la saison.
2291,2017-05-15,Légère variabilité observée.
2291,2017-06-15,Condition normale pour la saison.
2291,2017-07-15,Condition normale pour la saison.
2291,2017-08-15,Condition normale pour la saison.
2291,2017-09-15,Rien à signaler.
2291,2017-10-15,Condition normale pour la saison.
2448,2017-05-15,Condition normale pour la saison.
2448,2017-06-15,Légère variabilité observée.
2448,2017-07-15,Condition normale pour la saison.
2448,2017-08-15,Condition normale pour la saison.
2448,2017-09-15,Condition normale pour la saison.
2448,2017-10-15,Légère variabilité observée.
2520,2017-05-15,Légère variabilité observée.
2520,2017-06-15,Rien à signaler.
2520,2017-07-15,Légère variabilité observée.
2520,2017-08-15,Condition normale pour la saison.
2520,2017-09-15,Légère variabilité observée.
2520,2017-10-15,Condition normale pour la saison.
2215,2017-05-15,Condition normale pour la saison.
2215,2017-06-15,Rien à signaler.
2215,2017-07-15,Rien à signaler.
2215,2017-08-15,Condition normale pour la saison.
2215,2017-09-15,Condition normale pour la saison.
2215,2017-10-15,Légère variabilité observée.
1875,2017-05-15,Rien à signaler.
1875,2017-06-15,Condition normale pour la saison.
1875,2017-07-15,Légère variabilité observée.
1875,2017-08-15,Rien à signaler.
1875,2017-09-15,Légère variabilité observée.
1875,2017-10-15,Condition normale pour la saison.
2283,2017-05-15,Condition normale pour la saison.
2283,2017-06-15,Condition normale pour la saison.
2283,2017-07-15,Condition normale pour la saison.
2283,2017-08-15,Rien à signaler.
2283,2017-09-15,Légère variabilité observée.
2283,2017-10-15,Condition normale pour la saison.
2502,2017-05-15,Condition normale pour la saison.
2502,2017-06-15,Condition normale pour la saison.
2502,2017-07-15,Légère variabilité observée.
2502,2017-08-15,Rien à signaler.
2502,2017-09-15,Condition normale pour la saison.
2502,2017-10-15,Légère variabilité observée.
2125,2017-05-15,Rien à signaler.
2125,2017-06-15,Condition normale pour la saison.
2125,2017-07-15,Condition normale pour la saison.
2125,2017-08-15,Légère variabilité observée.
2125,2017-09-15,Condition normale pour la saison.
2125,2017-10-15,Légère variabilité observée.
1937,2017-05-15,Légère variabilité observée.
1937,2017-06-15,Rien à signaler.
1937,2017-07-15,Condition normale pour la saison.
1937,2017-08-15,Légère variabilité observée.
1937,2017-09-15,Rien à signaler.
1937,2017-10-15,Rien à signaler.
2239,2017-05-15,Condition normale pour la saison.
2239,2017-06-15,Condition normale pour la saison.
2239,2017-07-15,Légère variabilité observée.
2239,2017-08-15,Condition normale pour la saison.
2239,2017-09-15,Condition normale pour la saison.
2239,2017-10-15,Condition normale pour la saison.
2516,2017-05-15,Légère variabilité observée.
2516,2017-06-15,Légère variabilité observée.
2516,2017-07-15,Condition normale pour la saison.
2516,2017-08-15,Légère variabilité observée.
2516,2017-09-15,Rien à signaler.
2516,2017-10-15,Condition normale pour la saison.
2171,2017-05-15,Condition normale pour la saison.
2171,2017-06-15,Légère variabilité observée.
2171,2017-07-15,Condition normale pour la saison.
2171,2017-08-15,Légère variabilité observée.
2171,2017-09-15,Condition normale pour la saison.
2171,2017-10-15,Condition normale pour la saison.
2289,2017-05-15,Condition normale pour la saison.
2289,2017-06-15,Légère variabilité observée.
2289,2017-07-15,Légère variabilité observée.
2289,2017-08-15,Condition normale pour la saison.
2289,2017-09-15,Condition normale pour la saison.
2289,2017-10-15,Rien à signaler.
2394,2017-05-15,Légère variabilité observée.
2394,2017-06-15,Rien à signaler.
2394,2017-07-15,Rien à signaler.
2394,2017-08-15,Condition normale pour la saison.
2394,2017-09-15,Condition normale pour la saison.
2394,2017-10-15,Rien à signaler.
2436,2017-05-15,Condition normale pour la saison.
2436,2017-06-15,Rien à signaler.
2436,2017-07-15,Condition normale pour la saison.
2436,2017-08-15,Condition normale pour la saison.
2436,2017-09-15,Condition normale pour la saison.
2436,2017-10-15,Condition normale pour la saison.
2231,2017-05-15,Condition normale pour la saison.
2231,2017-06-15,Légère variabilité observée.
2231,2017-07-15,Condition normale pour la saison.
2231,2017-08-15,Condition normale pour la saison.
2231,2017-09-15,Condition normale pour la saison.
2231,2017-10-15,Condition normale pour la saison.
1948,2017-05-15,Rien à signaler.
1948,2017-06-15,Condition normale pour la saison.
1948,2017-07-15,Légère variabilité observée.
1948,2017-08-15,Rien à signaler.
1948,2017-09-15,Condition normale pour la saison.
1948,2017-10-15,Condition normale pour la saison.
2221,2017-05-15,Condition normale pour la saison.
2221,2017-06-15,Condition normale pour la saison.
2221,2017-07-15,Condition normale pour la saison.
2221,2017-08-15,Rien à signaler.
2221,2017-09-15,Condition normale pour la saison.
2221,2017-10-15,Rien à signaler.
1897,2017-05-15,Condition normale pour la saison.
1897,2017-06-15,Condition normale pour la saison.
1897,2017-07-15,Condition normale pour la saison.
1897,2017-08-15,Condition normale pour la saison.
1897,2017-09-15,Condition normale pour la saison.
1897,2017-10-15,Condition normale pour la saison.
2118,2017-05-15,Rien à signaler.
2118,2017-06-15,Condition normale pour la saison.
2118,2017-07-15,Rien à signaler.
2118,2017-08-15,Condition normale pour la saison.
2118,2017-09-15,Condition normale pour la saison.
2118,2017-10-15,Condition normale pour la saison.
2203,2017-05-15,Légère variabilité observée.
2203,2017-06-15,Rien à signaler.
2203,2017-07-15,Condition normale pour la saison.
2203,2017-08-15,Rien à signaler.
2203,2017-09-15,Légère variabilité observée.
2203,2017-10-15,Condition normale pour la saison.
1978,2017-05-15,Condition normale pour la saison.
1978,2017-06-15,Condition normale pour la saison.
1978,2017-07-15,Condition normale pour la saison.
1978,2017-08-15,Condition normale pour la saison.
1978,2017-09-15,Condition normale pour la saison.
1978,2017-10-15,Condition normale pour la saison.
2439,2017-05-15,Condition normale pour la saison.
2439,2017-06-15,Condition normale pour la saison.
2439,2017-07-15,Condition normale pour la saison.
2439,2017-08-15,Légère variabilité observée.
2439,2017-09-15,Condition normale pour la saison.
2439,2017-10-15,Légère variabilité observée.
1815,2017-05-15,Condition normale pour la saison.
1815,2017-06-15,Condition normale pour la saison.
1815,2017-07-15,Condition normale pour la saison.
1815,2017-08-15,Condition normale pour la saison.
1815,2017-09-15,Condition normale pour la saison.
1815,2017-10-15,Rien à signaler.
2548,2017-05-15,Rien à signaler.
2548,2017-06-15,Condition normale pour la saison.
2548,2017-07-15,Rien à signaler.
2548,2017-08-15,Condition normale pour la saison.
2548,2017-09-15,Légère variabilité observée.
2548,2017-10-15,Rien à signaler.
1908,2017-05-15,Condition normale pour la saison.
1908,2017-06-15,Condition normale pour la saison.
1908,2017-07-15,Condition normale pour la saison.
1908,2017-08-15,Légère variabilité observée.
1908,2017-09-15,Condition normale pour la saison.
1908,2017-10-15,Légère variabilité observée.
2213,2017-05-15,Condition normale pour la saison.
2213,2017-06-15,Rien à signaler.
2213,2017-07-15,Condition normale pour la saison.
2213,2017-08-15,Condition normale pour la saison.
2213,2017-09-15,Légère variabilité observée.
2213,2017-10-15,Condition normale pour la saison.
2474,2017-05-15,Condition normale pour la saison.
2474,2017-06-15,Légère variabilité observée.
2474,2017-07-15,Rien à signaler.
2474,2017-08-15,Condition normale pour la saison.
2474,2017-09-15,Condition normale pour la saison.
2474,2017-10-15,Légère variabilité observée.
2543,2017-05-15,Condition normale pour la saison.
2543,2017-06-15,Rien à signaler.
2543,2017-07-15,Rien à signaler.
2543,2017-08-15,Légère variabilité observée.
2543,2017-09-15,Condition normale pour la saison.
2543,2017-10-15,Rien à signaler.
2536,2017-05-15,Condition normale pour la saison.
2536,2017-06-15,Rien à signaler.
2536,2017-07-15,Légère variabilité observée.
2536,2017-08-15,Légère variabilité observée.
2536,2017-09-15,Condition normale pour la saison.
2536,2017-10-15,Condition normale pour la saison.
2252,2017-05-15,Condition normale pour la saison.
2252,2017-06-15,Condition normale pour la saison.
2252,2017-07-15,Rien à signaler.
2252,2017-08-15,Rien à signaler.
2252,2017-09-15,Rien à signaler.
2252,2017-10-15,Rien à signaler.
1966,2017-05-15,Condition normale pour la saison.
1966,2017-06-15,Condition normale pour la saison.
1966,2017-07-15,Condition normale pour la saison.
1966,2017-08-15,Légère variabilité observée.
1966,2017-09-15,Légère variabilité observée.
1966,2017-10-15,Condition normale pour la saison.
2505,2017-05-15,Rien à signaler.
2505,2017-06-15,Condition normale pour la saison.
2505,2017-07-15,Condition normale pour la saison.
2505,2017-08-15,Rien à signaler.
2505,2017-09-15,Condition normale pour la saison.
2505,2017-10-15,Légère variabilité observée.
2280,2017-05-15,Rien à signaler.
2280,2017-06-15,Rien à signaler.
2280,2017-07-15,Légère variabilité observée.
2280,2017-08-15,Condition normale pour la saison.
2280,2017-09-15,Condition normale pour la saison.
2280,2017-10-15,Rien à signaler.
2547,2017-05-15,Légère variabilité observée.
2547,2017-06-15,Légère variabilité observée.
2547,2017-07-15,Rien à signaler.
2547,2017-08-15,Condition normale pour la saison.
2547,2017-09-15,Condition normale pour la saison.
2547,2017-10-15,Légère variabilité observée.
1856,2017-05-15,Rien à signaler.
1856,2017-06-15,Rien à signaler.
1856,2017-07-15,Condition normale pour la saison.
1856,2017-08-15,Condition normale pour la saison.
1856,2017-09-15,Condition normale pour la saison.
1856,2017-10-15,Rien à signaler.
2114,2017-05-15,Rien à signaler.
2114,2017-06-15,Rien à signaler.
2114,2017-07-15,Rien à signaler.
2114,2017-08-15,Rien à signaler.
2114,2017-09-15,Condition normale pour la saison.
2114,2017-10-15,Légère variabilité observée.
2105,2017-05-15,Condition normale pour la saison.
2105,2017-06-15,Condition normale pour la saison.
2105,2017-07-15,Condition normale pour la saison.
2105,2017-08-15,Légère variabilité observée.
2105,2017-09-15,Condition normale pour la saison.
2105,2017-10-15,Condition normale pour la saison.
2261,2017-05-15,Rien à signaler.
2261,2017-06-15,Condition normale pour la saison.
2261,2017-07-15,Rien à signaler.
2261,2017-08-15,Légère variabilité observée.
2261,2017-09-15,Légère variabilité observée.
2261,2017-10-15,Condition normale pour la saison.
2094,2017-05-15,Condition normale pour la saison.
2094,2017-06-15,Condition normale pour la saison.
2094,2017-07-15,Légère variabilité observée.
2094,2017-08-15,Condition normale pour la saison.
2094,2017-09-15,Légère variabilité observée.
2094,2017-10-15,Rien à signaler.
1870,2017-05-15,Rien à signaler.
1870,2017-06-15,Condition normale pour la saison.
1870,2017-07-15,Condition normale pour la saison.
1870,2017-08-15,Condition normale pour la saison.
1870,2017-09-15,Rien à signaler.
1870,2017-10-15,Légère variabilité observée.
1825,2017-05-15,Condition normale pour la saison.
1825,2017-06-15,Légère variabilité observée.
1825,2017-07-15,Condition normale pour la saison.
1825,2017-08-15,Condition normale pour la saison.
1825,2017-09-15,Condition normale pour la saison.
1825,2017-10-15,Condition normale pour la saison.
2212,2017-05-15,Rien à signaler.
2212,2017-06-15,Rien à signaler.
2212,2017-07-15,Condition normale pour la saison.
2212,2017-08-15,Condition normale pour la saison.
2212,2017-09-15,Condition normale pour la saison.
2212,2017-10-15,Rien à signaler.
2478,2017-05-15,Légère variabilité observée.
2478,2017-06-15,Rien à signaler.
2478,2017-07-15,Légère variabilité observée.
2478,2017-08-15,Rien à signaler.
2478,2017-09-15,Rien à signaler.
2478,2017-10-15,Condition normale pour la saison.
1839,2017-05-15,Légère variabilité observée.
1839,2017-06-15,Rien à signaler.
1839,2017-07-15,Condition normale pour la saison.
1839,2017-08-15,Condition normale pour la saison.
1839,2017-09-15,Légère variabilité observée.
1839,2017-10-15,Légère variabilité observée.
2168,2017-05-15,Condition normale pour la saison.
2168,2017-06-15,Condition normale pour la saison.
2168,2017-07-15,Condition normale pour la saison.
2168,2017-08-15,Condition normale pour la saison.
2168,2017-09-15,Condition normale pour la saison.
2168,2017-10-15,Condition normale pour la saison.
1872,2017-05-15,Rien à signaler.
1872,2017-06-15,Rien à signaler.
1872,2017-07-15,Condition normale pour la saison.
1872,2017-08-15,Condition normale pour la saison.
1872,2017-09-15,Condition normale pour la saison.
1872,2017-10-15,Légère variabilité observée.
2442,2017-05-15,Légère variabilité observée.
2442,2017-06-15,Rien à signaler.
2442,2017-07-15,Rien à signaler.
2442,2017-08-15,Légère variabilité observée.
2442,2017-09-15,Condition normale pour la saison.
2442,2017-10-15,Condition normale pour la saison.
2386,2017-05-15,Condition normale pour la saison.
2386,2017-06-15,Condition normale pour la saison.
2386,2017-07-15,Condition normale pour la saison.
2386,2017-08-15,Rien à signaler.
2386,2017-09-15,Condition normale pour la saison.
2386,2017-10-15,Condition normale pour la saison.
2242,2017-05-15,Condition normale pour la saison.
2242,2017-06-15,Rien à signaler.
2242,2017-07-15,Légère variabilité observée.
2242,2017-08-15,Condition normale pour la saison.
2242,2017-09-15,Condition normale pour la saison.
2242,2017-10-15,Légère variabilité observée.
2264,2017-05-15,Condition normale pour la saison.
2264,2017-06-15,Rien à signaler.
2264,2017-07-15,Condition normale pour la saison.
2264,2017-08-15,Rien à signaler.
2264,2017-09-15,Condition normale pour la saison.
2264,2017-10-15,Rien à signaler.
2545,2017-05-15,Légère variabilité observée.
2545,2017-06-15,Condition normale pour la saison.
2545,2017-07-15,Légère variabilité observée.
2545,2017-08-15,Rien à signaler.
2545,2017-09-15,Condition normale pour la saison.
2545,2017-10-15,Légère variabilité observée.
2095,2017-05-15,Rien à signaler.
2095,2017-06-15,Légère variabilité observée.
2095,2017-07-15,Condition normale pour la saison.
2095,2017-08-15,Légère variabilité observée.
2095,2017-09-15,Rien à signaler.
2095,2017-10-15,Rien à signaler.
2308,2017-05-15,Rien à signaler.
2308,2017-06-15,Légère variabilité observée.
2308,2017-07-15,Rien à signaler.
2308,2017-08-15,Légère variabilité observée.
2308,2017-09-15,Condition normale pour la saison.
2308,2017-10-15,Légère variabilité observée.
1805,2017-05-15,Légère variabilité observée.
1805,2017-06-15,Rien à signaler.
1805,2017-07-15,Condition normale pour la saison.
1805,2017-08-15,Condition normale pour la saison.
1805,2017-09-15,Rien à signaler.
1805,2017-10-15,Condition normale pour la saison.
1991,2017-05-15,Légère variabilité observée.
1991,2017-06-15,Légère variabilité observée.
1991,2017-07-15,Condition normale pour la saison.
1991,2017-08-15,Condition normale pour la saison.
1991,2017-09-15,Rien à signaler.
1991,2017-10-15,Condition normale pour la saison.
2506,2017-05-15,Condition normale pour la saison.
2506,2017-06-15,Rien à signaler.
2506,2017-07-15,Condition normale pour la saison.
2506,2017-08-15,Légère variabilité observée.
2506,2017-09-15,Légère variabilité observée.
2506,2017-10-15,Condition normale pour la saison.
2244,2017-05-15,Condition normale pour la saison.
2244,2017-06-15,Condition normale pour la saison.
2244,2017-07-15,Condition normale pour la saison.
2244,2017-08-15,Légère variabilité observée.
2244,2017-09-15,Rien à signaler.
2244,2017-10-15,Condition normale pour la saison.
1866,2017-05-15,Condition normale pour la saison.
1866,2017-06-15,Légère variabilité observée.
1866,2017-07-15,Légère variabilité observée.
1866,2017-08-15,Rien à signaler.
1866,2017-09-15,Condition normale pour la saison.
1866,2017-10-15,Légère variabilité observée.
2402,2017-05-15,Condition normale pour la saison.
2402,2017-06-15,Condition normale pour la saison.
2402,2017-07-15,Condition normale pour la saison.
2402,2017-08-15,Condition normale pour la saison.
2402,2017-09-15,Condition normale pour la saison.
2402,2017-10-15,Rien à signaler.
1827,2017-05-15,Condition normale pour la saison.
1827,2017-06-15,Rien à signaler.
1827,2017-07-15,Condition normale pour la saison.
1827,2017-08-15,Légère variabilité observée.
1827,2017-09-15,Condition normale pour la saison.
1827,2017-10-15,Légère variabilité observée.
2305,2017-05-15,Condition normale pour la saison.
2305,2017-06-15,Légère variabilité observée.
2305,2017-07-15,Légère variabilité observée.
2305,2017-08-15,Légère variabilité observée.
2305,2017-09-15,Condition normale pour la saison.
2305,2017-10-15,Rien à signaler.
1869,2017-05-15,Condition normale pour la saison.
1869,2017-06-15,Rien à signaler.
1869,2017-07-15,Condition normale pour la saison.
1869,2017-08-15,Condition normale pour la saison.
1869,2017-09-15,Condition normale pour la saison.
1869,2017-10-15,Condition normale pour la saison.
2421,2017-05-15,Rien à signaler.
2421,2017-06-15,Rien à signaler.
2421,2017-07-15,Condition normale pour la saison.
2421,2017-08-15,Rien à signaler.
2421,2017-09-15,Légère variabilité observée.
2421,2017-10-15,Condition normale pour la saison.
2124,2017-05-15,Légère variabilité observée.
2124,2017-06-15,Condition normale pour la saison.
2124,2017-07-15,Condition normale pour la saison.
2124,2017-08-15,Condition normale pour la saison.
2124,2017-09-15,Légère variabilité observée.
2124,2017-10-15,Condition normale pour la saison.
2553,2017-05-15,Condition normale pour la saison.
2553,2017-06-15,Condition normale pour la saison.
2553,2017-07-15,Condition normale pour la saison.
2553,2017-08-15,Légère variabilité observée.
2553,2017-09-15,Rien à signaler.
2553,2017-10-15,Rien à signaler.
2594,2017-05-15,Légère variabilité observée.
2594,2017-06-15,Rien à signaler.
2594,2017-07-15,Condition normale pour la saison.
2594,2017-08-15,Rien à signaler.
2594,2017-09-15,Condition normale pour la saison.
2594,2017-10-15,Légère variabilité observée.
2036,2017-05-15,Condition normale pour la saison.
2036,2017-06-15,Condition normale pour la saison.
2036,2017-07-15,Condition normale pour la saison.
2036,2017-08-15,Légère variabilité observée.
2036,2017-09-15,Condition normale pour la saison.
2036,2017-10-15,Légère variabilité observée.
2024,2017-05-15,Légère variabilité observée.
2024,2017-06-15,Légère variabilité observée.
2024,2017-07-15,Rien à signaler.
2024,2017-08-15,Légère variabilité observée.
2024,2017-09-15,Légère variabilité observée.
2024,2017-10-15,Condition normale pour la saison.
2259,2017-05-15,Rien à signaler.
2259,2017-06-15,Légère variabilité observée.
2259,2017-07-15,Rien à signaler.
2259,2017-08-15,Rien à signaler.
2259,2017-09-15,Condition normale pour la saison.
2259,2017-10-15,Rien à signaler.
1826,2017-05-15,Condition normale pour la saison.
1826,2017-06-15,Condition normale pour la saison.
1826,2017-07-15,Condition normale pour la saison.
1826,2017-08-15,Rien à signaler.
1826,2017-09-15,Condition normale pour la saison.
1826,2017-10-15,Condition normale pour la saison.
2109,2017-05-15,Légère variabilité observée.
2109,2017-06-15,Condition normale pour la saison.
2109,2017-07-15,Légère variabilité observée.
2109,2017-08-15,Condition normale pour la saison.
2109,2017-09-15,Condition normale pour la saison.
2109,2017-10-15,Condition normale pour la saison.
2428,2017-05-15,Condition normale pour la saison.
2428,2017-06-15,Condition normale pour la saison.
2428,2017-07-15,Rien à signaler.
2428,2017-08-15,Rien à signaler.
2428,2017-09-15,Légère variabilité observée.
2428,2017-10-15,Rien à signaler.
1852,2017-05-15,Légère variabilité observée.
1852,2017-06-15,Condition normale pour la saison.
1852,2017-07-15,Condition normale pour la saison.
1852,2017-08-15,Légère variabilité observée.
1852,2017-09-15,Rien à signaler.
1852,2017-10-15,Légère variabilité observée.
2052,2017-05-15,Légère variabilité observée.
2052,2017-06-15,Rien à signaler.
2052,2017-07-15,Condition normale pour la saison.
2052,2017-08-15,Légère variabilité observée.
2052,2017-09-15,Légère variabilité observée.
2052,2017-10-15,Rien à signaler.
2425,2017-05-15,Condition normale pour la saison.
2425,2017-06-15,Condition normale pour la saison.
2425,2017-07-15,Légère variabilité observée.
2425,2017-08-15,Condition normale pour la saison.
2425,2017-09-15,Rien à signaler.
2425,2017-10-15,Rien à signaler.
2581,2017-05-15,Rien à signaler.
2581,2017-06-15,Condition normale pour la saison.
2581,2017-07-15,Légère variabilité observée.
2581,2017-08-15,Rien à signaler.
2581,2017-09-15,Rien à signaler.
2581,2017-10-15,Condition normale pour la saison.
2079,2017-05-15,Condition normale pour la saison.
2079,2017-06-15,Condition normale pour la saison.
2079,2017-07-15,Condition normale pour la saison.
2079,2017-08-15,Légère variabilité observée.
2079,2017-09-15,Rien à signaler.
2079,2017-10-15,Rien à signaler.
2296,2017-05-15,Légère variabilité observée.
2296,2017-06-15,Condition normale pour la saison.
2296,2017-07-15,Légère variabilité observée.
2296,2017-08-15,Légère variabilité observée.
2296,2017-09-15,Condition normale pour la saison.
2296,2017-10-15,Condition normale pour la saison.
2172,2017-05-15,Condition normale pour la saison.
2172,2017-06-15,Rien à signaler.
2172,2017-07-15,Rien à signaler.
2172,2017-08-15,Condition normale pour la saison.
2172,2017-09-15,Condition normale pour la saison.
2172,2017-10-15,Rien à signaler.
2391,2017-05-15,Légère variabilité observée.
2391,2017-06-15,Condition normale pour la saison.
2391,2017-07-15,Légère variabilité observée.
2391,2017-08-15,Condition normale pour la saison.
2391,2017-09-15,Légère variabilité observée.
2391,2017-10-15,Condition normale pour la saison.
2111,2017-05-15,Condition normale pour la saison.
2111,2017-06-15,Légère variabilité observée.
2111,2017-07-15,Condition normale pour la saison.
2111,2017-08-15,Rien à signaler.
2111,2017-09-15,Rien à signaler.
2111,2017-10-15,Condition normale pour la saison.
2039,2017-05-15,Légère variabilité observée.
2039,2017-06-15,Rien à signaler.
2039,2017-07-15,Rien à signaler.
2039,2017-08-15,Condition normale pour la saison.
2039,2017-09-15,Légère variabilité observée.
2039,2017-10-15,Rien à signaler.
2069,2017-05-15,Légère variabilité observée.
2069,2017-06-15,Légère variabilité observée.
2069,2017-07-15,Condition normale pour la saison.
2069,2017-08-15,Légère variabilité observée.
2069,2017-09-15,Condition normale pour la saison.
2069,2017-10-15,Rien à signaler.
2570,2017-05-15,Condition normale pour la saison.
2570,2017-06-15,Rien à signaler.
2570,2017-07-15,Condition normale pour la saison.
2570,2017-08-15,Condition normale pour la saison.
2570,2017-09-15,Condition normale pour la saison.
2570,2017-10-15,Rien à signaler.
1989,2017-05-15,Condition normale pour la saison.
1989,2017-06-15,Condition normale pour la saison.
1989,2017-07-15,Légère variabilité observée.
1989,2017-08-15,Légère variabilité observée.
1989,2017-09-15,Légère variabilité observée.
1989,2017-10-15,Condition normale pour la saison.
2511,2017-05-15,Légère variabilité observée.
2511,2017-06-15,Condition normale pour la saison.
2511,2017-07-15,Condition normale pour la saison.
2511,2017-08-15,Rien à signaler.
2511,2017-09-15,Rien à signaler.
2511,2017-10-15,Rien à signaler.
2379,2017-05-15,Condition normale pour la saison.
2379,2017-06-15,Condition normale pour la saison.
2379,2017-07-15,Légère variabilité observée.
2379,2017-08-15,Légère variabilité observée.
2379,2017-09-15,Rien à signaler.
2379,2017-10-15,Rien à signaler.
2580,2017-05-15,Légère variabilité observée.
2580,2017-06-15,Rien à signaler.
2580,2017-07-15,Rien à signaler.
2580,2017-08-15,Légère variabilité observée.
2580,2017-09-15,Légère variabilité observée.
2580,2017-10-15,Condition normale pour la saison.
2148,2017-05-15,Condition normale pour la saison.
2148,2017-06-15,Légère variabilité observée.
2148,2017-07-15,Rien à signaler.
2148,2017-08-15,Condition normale pour la saison.
2148,2017-09-15,Condition normale pour la saison.
2148,2017-10-15,Condition normale pour la saison.
2201,2017-05-15,Rien à signaler.
2201,2017-06-15,Condition normale pour la saison.
2201,2017-07-15,Condition normale pour la saison.
2201,2017-08-15,Condition normale pour la saison.
2201,2017-09-15,Condition normale pour la saison.
2201,2017-10-15,Condition normale pour la saison.
2183,2017-05-15,Condition normale pour la saison.
2183,2017-06-15,Condition normale pour la saison.
2183,2017-07-15,Légère variabilité observée.
2183,2017-08-15,Condition normale pour la saison.
2183,2017-09-15,Condition normale pour la saison.
2183,2017-10-15,Condition normale pour la saison.
2302,2017-05-15,Légère variabilité observée.
2302,2017-06-15,Rien à signaler.
2302,2017-07-15,Rien à signaler.
2302,2017-08-15,Condition normale pour la saison.
2302,2017-09-15,Condition normale pour la saison.
2302,2017-10-15,Condition normale pour la saison.
2157,2017-05-15,Condition normale pour la saison.
2157,2017-06-15,Légère variabilité observée.
2157,2017-07-15,Rien à signaler.
2157,2017-08-15,Rien à signaler.
2157,2017-09-15,Rien à signaler.
2157,2017-10-15,Condition normale pour la saison.
1931,2017-05-15,Condition normale pour la saison.
1931,2017-06-15,Condition normale pour la saison.
1931,2017-07-15,Condition normale pour la saison.
1931,2017-08-15,Rien à signaler.
1931,2017-09-15,Rien à signaler.
1931,2017-10-15,Rien à signaler.
1894,2017-05-15,Condition normale pour la saison.
1894,2017-06-15,Légère variabilité observée.
1894,2017-07-15,Condition normale pour la saison.
1894,2017-08-15,Légère variabilité observée.
1894,2017-09-15,Légère variabilité observée.
1894,2017-10-15,Condition normale pour la saison.
2057,2017-05-15,Condition normale pour la saison.
2057,2017-06-15,Légère variabilité observée.
2057,2017-07-15,Rien à signaler.
2057,2017-08-15,Rien à signaler.
2057,2017-09-15,Condition normale pour la saison.
2057,2017-10-15,Légère variabilité observée.
2551,2017-05-15,Condition normale pour la saison.
2551,2017-06-15,Condition normale pour la saison.
2551,2017-07-15,Légère variabilité observée.
2551,2017-08-15,Condition normale pour la saison.
2551,2017-09-15,Rien à signaler.
2551,2017-10-15,Rien à signaler.
2003,2017-05-15,Rien à signaler.
2003,2017-06-15,Condition normale pour la saison.
2003,2017-07-15,Condition normale pour la saison.
2003,2017-08-15,Condition normale pour la saison.
2003,2017-09-15,Condition normale pour la saison.
2003,2017-10-15,Condition normale pour la saison.
1859,2017-05-15,Rien à signaler.
1859,2017-06-15,Légère variabilité observée.
1859,2017-07-15,Condition normale pour la saison.
1859,2017-08-15,Légère variabilité observée.
1859,2017-09-15,Condition normale pour la saison.
1859,2017-10-15,Condition normale pour la saison.
1964,2017-05-15,Légère variabilité observée.
1964,2017-06-15,Condition normale pour la saison.
1964,2017-07-15,Rien à signaler.
1964,2017-08-15,Rien à signaler.
1964,2017-09-15,Condition normale pour la saison.
1964,2017-10-15,Condition normale pour la saison.
1907,2017-05-15,Rien à signaler.
1907,2017-06-15,Rien à signaler.
1907,2017-07-15,Rien à signaler.
1907,2017-08-15,Rien à signaler.
1907,2017-09-15,Condition normale pour la saison.
1907,2017-10-15,Condition normale pour la saison.
1925,2017-05-15,Condition normale pour la saison.
1925,2017-06-15,Légère variabilité observée.
1925,2017-07-15,Condition normale pour la saison.
1925,2017-08-15,Rien à signaler.
1925,2017-09-15,Rien à signaler.
1925,2017-10-15,Condition normale pour la saison.
2063,2017-05-15,Condition normale pour la saison.
2063,2017-06-15,Condition normale pour la saison.
2063,2017-07-15,Condition normale pour la saison.
2063,2017-08-15,Condition normale pour la saison.
2063,2017-09-15,Légère variabilité observée.
2063,2017-10-15,Rien à signaler.
2263,2017-05-15,Légère variabilité observée.
2263,2017-06-15,Condition normale pour la saison.
2263,2017-07-15,Condition normale pour la saison.
2263,2017-08-15,Légère variabilité observée.
2263,2017-09-15,Condition normale pour la saison.
2263,2017-10-15,Légère variabilité observée.
2562,2017-05-15,Rien à signaler.
2562,2017-06-15,Condition normale pour la saison.
2562,2017-07-15,Légère variabilité observée.
2562,2017-08-15,Rien à signaler.
2562,2017-09-15,Rien à signaler.
2562,2017-10-15,Condition normale pour la saison.
2230,2017-05-15,Rien à signaler.
2230,2017-06-15,Rien à signaler.
2230,2017-07-15,Rien à signaler.
2230,2017-08-15,Condition normale pour la saison.
2230,2017-09-15,Condition normale pour la saison.
2230,2017-10-15,Légère variabilité observée.
1847,2017-05-15,Condition normale pour la saison.
1847,2017-06-15,Légère variabilité observée.
1847,2017-07-15,Rien à signaler.
1847,2017-08-15,Condition normale pour la saison.
1847,2017-09-15,Légère variabilité observée.
1847,2017-10-15,Rien à signaler.
