id,longueur,largeur,date_eco,note
MCC4129,176,440,2025-08-19,Plante un peu croche
MCC4129,658,614,2025-10-04,Un chevreuil est passé par là
MCC4129,632,34,2025-10-31,Goute très bon
MCC4129,290,284,2025-10-18,Plante un peu croche
MCC4129,283,562,2025-10-07,Belle forme pour celle-ci!
MCC4129,921,187,2025-07-21,Super belle plante
MCC4129,493,587,2025-09-07,Un chevreuil est passé par là
MCC4841,216,261,2025-08-29,Un chevreuil est passé par là
MCC4841,254,408,2025-06-12,Belle forme pour celle-ci!
MCC4841,383,413,2025-09-17,Un chevreuil est passé par là
MCC4841,765,747,2025-12-23,Belle forme pour celle-ci!
MCC4841,209,810,2025-09-10,Un chevreuil est passé par là
MCC4841,329,526,2025-10-14,Super belle plante
MCC4841,441,620,2025-12-01,Super belle plante
MCA0268,45,474,2025-08-25,Plante un peu croche
MCA0268,424,304,2025-07-02,Goute très bon
MCC9519,624,317,2025-10-03,Goute très bon
MCC9519,396,35,2025-12-24,Plante un peu croche
MCA6765,835,75,2025-07-23,Plante un peu croche
MCA6765,337,824,2025-10-31,Plante un peu croche
MCA6765,109,314,2025-10-18,Super belle plante
MCA6765,424,606,2025-06-24,Plante un peu croche
MCA6765,911,66,2025-09-16,Plante un peu croche
MCC3441,407,564,2025-08-15,Super belle plante
MCC3441,468,776,2025-07-26,Super belle plante
MCC5331,223,48,2025-12-09,Plante un peu croche
MCC5331,634,511,2025-11-23,Un chevreuil est passé par là
MCC5331,223,700,2025-08-18,Super belle plante
MCC5331,618,543,2025-10-21,Goute très bon
MCC5331,846,204,2025-11-11,Belle forme pour celle-ci!
MCB0835,72,666,2025-12-21,Plante un peu croche
MCB0835,832,672,2025-11-05,Plante un peu croche
MCB0835,766,686,2025-06-24,Super belle plante
MCB0835,172,712,2025-10-11,Belle forme pour celle-ci!
MCB0835,714,822,2025-07-14,Plante un peu croche
MCB0835,496,429,2025-10-09,Un chevreuil est passé par là
MCB0835,922,113,2025-09-05,Belle forme pour celle-ci!
MCA1247,885,203,2025-06-03,Un chevreuil est passé par là
MCA1247,741,111,2025-12-03,Super belle plante
MCA1247,234,245,2025-12-15,Goute très bon
MCA1247,123,578,2025-07-09,Un chevreuil est passé par là
MCA1247,677,958,2025-10-06,Un chevreuil est passé par là
MCC0459,142,308,2025-09-24,Goute très bon
MCC0459,497,650,2025-06-14,Super belle plante
MCC0459,744,934,2025-10-25,Plante un peu croche
MCC0459,101,472,2025-10-11,Belle forme pour celle-ci!
MCC0459,508,242,2025-08-23,Goute très bon
MCC0459,564,817,2025-10-27,Goute très bon
MCC0459,788,778,2025-10-10,Un chevreuil est passé par là
MCC0510,481,353,2025-10-12,Belle forme pour celle-ci!
MCC0510,945,623,2025-06-10,Belle forme pour celle-ci!
MCC0510,354,292,2025-10-06,Un chevreuil est passé par là
MCC0510,900,998,2025-09-18,Belle forme pour celle-ci!
MCC0510,880,626,2025-11-08,Plante un peu croche
MCC0510,656,157,2025-06-29,Belle forme pour celle-ci!
MCC0510,393,954,2025-12-24,Goute très bon
MCA2087,713,565,2025-08-12,Goute très bon
MCA2087,850,781,2025-10-24,Plante un peu croche
MCA2087,304,552,2025-07-29,Super belle plante
MCA2087,263,355,2025-10-03,Super belle plante
MCA2087,821,477,2025-06-11,Plante un peu croche
MCA2087,382,386,2025-06-18,Goute très bon
MCB6653,315,30,2025-09-14,Super belle plante
MCB8266,797,641,2025-09-30,Un chevreuil est passé par là
MCB8266,743,198,2025-08-05,Un chevreuil est passé par là
MCA5646,531,393,2025-12-14,Super belle plante
MCA5646,110,592,2025-06-26,Un chevreuil est passé par là
MCA5646,978,108,2025-11-28,Plante un peu croche
MCB7929,381,165,2025-09-04,Plante un peu croche
MCB7929,209,137,2025-06-07,Goute très bon
MCB7929,129,253,2025-10-03,Belle forme pour celle-ci!
MCB9275,615,599,2025-06-11,Belle forme pour celle-ci!
MCB9275,31,506,2025-10-01,Goute très bon
MCB9275,584,310,2025-08-26,Goute très bon
MCB9275,713,835,2025-10-14,Belle forme pour celle-ci!
MCB9275,60,785,2025-09-19,Goute très bon
MCB9275,968,226,2025-07-24,Super belle plante
MCB9275,462,419,2025-10-10,Plante un peu croche
MCB7404,100,47,2025-09-19,Super belle plante
MCB7404,897,734,2025-09-02,Super belle plante
MCB7404,738,4,2025-11-23,Super belle plante
MCC3893,892,297,2025-11-26,Super belle plante
MCC3893,613,887,2025-11-06,Goute très bon
MCC3893,297,383,2025-06-09,Plante un peu croche
MCC3893,760,591,2025-10-13,Super belle plante
MCC3893,742,378,2025-07-07,Goute très bon
MCA0458,298,960,2025-09-04,Plante un peu croche
MCB5117,515,63,2025-07-21,Un chevreuil est passé par là
MCB5117,910,617,2025-08-06,Un chevreuil est passé par là
MCA5557,124,510,2025-12-12,Un chevreuil est passé par là
MCA5557,829,548,2025-12-15,Goute très bon
MCA5557,332,794,2025-11-21,Goute très bon
MCA5557,296,15,2025-08-23,Plante un peu croche
MCA5557,631,465,2025-10-09,Belle forme pour celle-ci!
MCC8382,326,981,2025-12-13,Belle forme pour celle-ci!
MCC8382,152,545,2025-08-12,Un chevreuil est passé par là
MCC8382,388,476,2025-08-11,Plante un peu croche
MCC8382,614,910,2025-12-28,Goute très bon
MCC8382,202,13,2025-11-05,Super belle plante
MCC8382,268,892,2025-07-31,Goute très bon
MCC8382,196,521,2025-09-28,Plante un peu croche
MCC6193,353,246,2025-12-08,Plante un peu croche
MCA2405,530,910,2025-08-01,Goute très bon
MCA2405,943,543,2025-09-08,Super belle plante
MCA2405,852,345,2025-07-24,Un chevreuil est passé par là
MCA2405,765,927,2025-11-15,Un chevreuil est passé par là
MCA2405,745,444,2025-12-03,Goute très bon
MCA2405,455,265,2025-07-18,Super belle plante
MCA2405,300,92,2025-08-17,Super belle plante
MCA7331,289,781,2025-06-19,Goute très bon
MCA7331,911,910,2025-06-05,Super belle plante
MCA7331,140,322,2025-06-30,Belle forme pour celle-ci!
MCA7331,444,36,2025-09-14,Belle forme pour celle-ci!
MCA7331,80,127,2025-11-19,Belle forme pour celle-ci!
MCA7331,611,366,2025-10-02,Plante un peu croche
MCA7331,792,518,2025-12-02,Belle forme pour celle-ci!
MCA7946,100,601,2025-10-17,Un chevreuil est passé par là
MCA7946,998,848,2025-06-26,Un chevreuil est passé par là
MCA7946,513,992,2025-09-10,Plante un peu croche
MCA7946,477,504,2025-07-06,Super belle plante
MCA7946,567,629,2025-12-12,Un chevreuil est passé par là
MCA7946,960,808,2025-11-20,Goute très bon
MCA7946,81,383,2025-09-15,Super belle plante
MCB8927,22,738,2025-12-23,Goute très bon
MCB8927,117,114,2025-08-14,Un chevreuil est passé par là
MCB8927,947,967,2025-09-09,Plante un peu croche
MCA7966,832,65,2025-07-27,Un chevreuil est passé par là
MCA7966,664,306,2025-11-08,Belle forme pour celle-ci!
MCA7966,321,36,2025-07-08,Un chevreuil est passé par là
MCA7966,413,816,2025-12-17,Un chevreuil est passé par là
MCA7966,302,59,2025-12-02,Plante un peu croche
MCA7966,219,200,2025-10-19,Super belle plante
MCA7966,140,274,2025-11-17,Super belle plante
MCC5388,21,795,2025-07-14,Plante un peu croche
MCC5388,297,308,2025-12-29,Goute très bon
MCB5497,366,265,2025-09-06,Super belle plante
MCB5497,759,155,2025-09-08,Plante un peu croche
MCB5497,857,312,2025-06-30,Goute très bon
MCB5497,1,969,2025-09-05,Belle forme pour celle-ci!
MCC0436,882,115,2025-09-26,Plante un peu croche
MCC0436,728,954,2025-07-31,Super belle plante
MCC0436,437,743,2025-09-11,Goute très bon
MCC0436,116,786,2025-11-22,Super belle plante
MCC0436,800,803,2025-10-16,Goute très bon
MCC0436,108,554,2025-07-18,Belle forme pour celle-ci!
MCC0436,895,234,2025-07-06,Goute très bon
MCA6109,119,792,2025-12-29,Super belle plante
MCB6839,529,857,2025-07-30,Goute très bon
MCB6839,507,650,2025-09-14,Goute très bon
MCB6839,378,558,2025-10-09,Belle forme pour celle-ci!
MCB6839,171,587,2025-12-11,Belle forme pour celle-ci!
MCB6839,525,952,2025-08-11,Goute très bon
MCB0635,266,579,2025-10-26,Un chevreuil est passé par là
MCB0869,13,347,2025-06-26,Plante un peu croche
MCB0869,72,384,2025-06-20,Belle forme pour celle-ci!
MCB0869,641,926,2025-07-17,Un chevreuil est passé par là
MCB0869,320,323,2025-09-05,Goute très bon
MCB0869,223,428,2025-11-09,Super belle plante
MCB0869,134,685,2025-07-31,Super belle plante
MCB9941,491,531,2025-06-03,Belle forme pour celle-ci!
MCA0380,704,451,2025-10-21,Un chevreuil est passé par là
MCB0263,29,72,2025-07-29,Super belle plante
MCB0263,822,516,2025-10-19,Un chevreuil est passé par là
MCB0263,788,255,2025-09-30,Un chevreuil est passé par là
MCB0263,784,827,2025-06-26,Plante un peu croche
MCB0263,900,252,2025-06-01,Un chevreuil est passé par là
MCA8688,971,54,2025-10-24,Plante un peu croche
MCA8688,972,432,2025-10-27,Super belle plante
MCA8688,447,624,2025-12-03,Super belle plante
MCA8688,650,618,2025-06-23,Goute très bon
MCA8688,312,778,2025-08-24,Goute très bon
MCA8688,150,946,2025-12-26,Goute très bon
MCC4049,110,241,2025-08-01,Un chevreuil est passé par là
MCC4049,312,345,2025-07-21,Un chevreuil est passé par là
MCC4049,616,271,2025-08-13,Belle forme pour celle-ci!
MCC4049,404,615,2025-09-25,Super belle plante
MCC4049,558,428,2025-11-05,Goute très bon
MCC4049,398,594,2025-11-03,Un chevreuil est passé par là
MCB9637,766,913,2025-10-27,Goute très bon
MCB9637,633,175,2025-11-04,Un chevreuil est passé par là
MCB9637,533,266,2025-12-17,Super belle plante
MCB9637,925,626,2025-06-25,Goute très bon
MCC4048,63,6,2025-07-13,Goute très bon
MCC4048,669,370,2025-12-07,Un chevreuil est passé par là
MCC4048,671,948,2025-08-27,Un chevreuil est passé par là
MCC4048,491,248,2025-08-07,Plante un peu croche
MCA2429,551,173,2025-11-16,Super belle plante
MCA2429,442,305,2025-06-13,Plante un peu croche
MCA2429,699,133,2025-10-12,Super belle plante
MCA2429,851,703,2025-10-29,Un chevreuil est passé par là
MCA2429,862,851,2025-10-06,Super belle plante
MCA2429,225,529,2025-12-27,Plante un peu croche
MCA2429,16,698,2025-11-17,Un chevreuil est passé par là
MCC3469,594,628,2025-11-19,Plante un peu croche
MCC3469,652,866,2025-07-29,Plante un peu croche
MCC3469,156,667,2025-06-10,Un chevreuil est passé par là
MCC3469,174,504,2025-06-13,Super belle plante
MCA0271,205,466,2025-06-13,Goute très bon
MCA0271,79,174,2025-07-23,Belle forme pour celle-ci!
MCA0271,449,329,2025-11-13,Goute très bon
MCC3107,572,681,2025-07-12,Un chevreuil est passé par là
MCC3107,465,842,2025-08-20,Goute très bon
MCC3107,677,201,2025-09-05,Goute très bon
MCC3107,33,871,2025-10-14,Belle forme pour celle-ci!
MCC3107,704,464,2025-12-30,Un chevreuil est passé par là
MCC3107,348,314,2025-10-06,Plante un peu croche
MCC6240,847,726,2025-09-10,Plante un peu croche
MCC6240,654,518,2025-06-22,Super belle plante
MCC6240,654,175,2025-07-23,Super belle plante
MCC6240,370,563,2025-06-08,Belle forme pour celle-ci!
MCC6240,526,667,2025-11-19,Goute très bon
MCC2114,790,809,2025-07-25,Goute très bon
MCC2114,319,711,2025-10-26,Goute très bon
MCC2114,365,592,2025-11-25,Un chevreuil est passé par là
MCC2114,444,718,2025-08-16,Belle forme pour celle-ci!
MCC2114,228,266,2025-11-18,Un chevreuil est passé par là
MCC2114,704,277,2025-12-05,Super belle plante
MCC2114,97,39,2025-12-26,Goute très bon
MCB1587,653,427,2025-12-29,Belle forme pour celle-ci!
MCA1517,26,703,2025-08-15,Super belle plante
MCB1587,936,374,2025-07-09,Belle forme pour celle-ci!
MCB1587,109,988,2025-12-26,Un chevreuil est passé par là
MCB1587,365,584,2025-10-14,Un chevreuil est passé par là
MCB1587,348,880,2025-11-26,Goute très bon
MCB1587,363,664,2025-08-29,Un chevreuil est passé par là
MCC4834,876,582,2025-10-15,Goute très bon
MCC4834,48,75,2025-12-14,Belle forme pour celle-ci!
MCC4834,515,36,2025-08-19,Goute très bon
MCC4834,590,752,2025-08-15,Super belle plante
MCC4834,468,531,2025-08-03,Belle forme pour celle-ci!
MCC0546,512,137,2025-09-05,Goute très bon
MCA5744,565,264,2025-08-02,Un chevreuil est passé par là
MCA5744,545,496,2025-09-06,Plante un peu croche
MCA5744,866,931,2025-11-23,Goute très bon
MCA5744,94,443,2025-11-21,Belle forme pour celle-ci!
MCA5744,556,644,2025-10-15,Un chevreuil est passé par là
MCA7285,683,649,2025-12-08,Goute très bon
MCA7285,525,21,2025-06-22,Goute très bon
MCA7285,652,838,2025-08-05,Plante un peu croche
MCC8602,329,82,2025-08-30,Belle forme pour celle-ci!
MCC8602,444,784,2025-08-20,Plante un peu croche
MCC8602,816,38,2025-12-28,Goute très bon
MCC8602,126,165,2025-10-16,Goute très bon
MCC8602,999,604,2025-12-19,Plante un peu croche
MCC8602,386,661,2025-10-19,Super belle plante
MCB2789,304,374,2025-07-13,Plante un peu croche
MCB2789,558,876,2025-11-10,Un chevreuil est passé par là
MCB2789,205,72,2025-06-07,Goute très bon
MCB2789,761,405,2025-12-03,Belle forme pour celle-ci!
MCB2789,397,487,2025-07-19,Plante un peu croche
MCB2789,999,692,2025-07-03,Plante un peu croche
MCB2789,421,704,2025-10-15,Belle forme pour celle-ci!
MCC0896,612,937,2025-12-30,Goute très bon
MCC0896,675,726,2025-08-05,Goute très bon
MCC0896,859,70,2025-11-07,Un chevreuil est passé par là
MCC0896,361,918,2025-12-03,Goute très bon
MCC0896,990,894,2025-08-25,Un chevreuil est passé par là
MCC0896,556,228,2025-11-19,Belle forme pour celle-ci!
MCC0896,608,552,2025-12-18,Super belle plante
MCC2291,783,662,2025-12-23,Goute très bon
MCC2291,742,912,2025-08-26,Belle forme pour celle-ci!
MCC2291,929,93,2025-12-19,Super belle plante
MCB0025,484,318,2025-07-24,Un chevreuil est passé par là
MCB0025,542,245,2025-06-19,Super belle plante
MCA9919,649,368,2025-08-20,Plante un peu croche
MCC4038,579,227,2025-09-06,Goute très bon
MCC2544,342,95,2025-12-26,Goute très bon
MCC2544,241,597,2025-07-24,Belle forme pour celle-ci!
MCC2544,104,254,2025-07-12,Plante un peu croche
MCA1298,997,717,2025-06-11,Plante un peu croche
MCA1298,314,291,2025-06-01,Plante un peu croche
MCA1298,381,333,2025-10-11,Goute très bon
MCA1298,587,102,2025-11-14,Goute très bon
MCC4194,476,995,2025-06-10,Belle forme pour celle-ci!
MCC4194,729,295,2025-08-21,Goute très bon
MCC4194,489,357,2025-08-14,Plante un peu croche
MCA1429,463,518,2025-07-26,Goute très bon
MCA1429,755,152,2025-08-01,Un chevreuil est passé par là
MCA1429,69,663,2025-06-25,Un chevreuil est passé par là
MCA1429,178,121,2025-12-20,Belle forme pour celle-ci!
MCA1429,948,628,2025-07-09,Belle forme pour celle-ci!
MCB8222,308,807,2025-10-19,Super belle plante
MCB8222,964,519,2025-08-27,Belle forme pour celle-ci!
MCC7650,343,64,2025-07-06,Plante un peu croche
MCC7650,717,298,2025-10-29,Belle forme pour celle-ci!
MCC7650,779,687,2025-11-02,Super belle plante
MCC3680,40,511,2025-10-29,Plante un peu croche
MCA6840,599,554,2025-12-07,Belle forme pour celle-ci!
MCA6840,841,712,2025-06-20,Un chevreuil est passé par là
MCA6840,422,915,2025-07-13,Super belle plante
MCA6840,780,29,2025-07-24,Goute très bon
MCA6840,679,353,2025-10-08,Un chevreuil est passé par là
MCA6840,860,476,2025-09-16,Un chevreuil est passé par là
MCB0521,369,753,2025-10-03,Plante un peu croche
MCB0521,36,180,2025-12-03,Goute très bon
MCB0521,183,667,2025-07-02,Plante un peu croche
MCB0521,418,303,2025-11-27,Un chevreuil est passé par là
MCB0521,786,19,2025-10-01,Goute très bon
MCB0521,905,15,2025-09-17,Belle forme pour celle-ci!
MCB0521,845,837,2025-07-12,Un chevreuil est passé par là
MCB3999,193,793,2025-08-21,Belle forme pour celle-ci!
MCB3999,892,654,2025-08-23,Super belle plante
MCB3999,293,904,2025-12-08,Un chevreuil est passé par là
MCB3999,789,477,2025-12-22,Super belle plante
MCB3999,26,920,2025-06-04,Un chevreuil est passé par là
MCB3999,760,442,2025-10-10,Belle forme pour celle-ci!
MCA9565,421,234,2025-11-13,Plante un peu croche
MCA9565,972,446,2025-10-15,Belle forme pour celle-ci!
MCA9565,407,867,2025-09-06,Goute très bon
MCA9565,480,75,2025-08-24,Un chevreuil est passé par là
MCA9565,722,420,2025-11-03,Plante un peu croche
MCA9565,965,363,2025-11-19,Plante un peu croche
MCA9565,915,158,2025-08-23,Belle forme pour celle-ci!
MCC7514,163,454,2025-10-29,Plante un peu croche
MCC7514,658,978,2025-11-28,Super belle plante
MCC7514,58,735,2025-09-06,Plante un peu croche
MCC7514,778,164,2025-10-12,Belle forme pour celle-ci!
MCC7514,999,19,2025-11-20,Un chevreuil est passé par là
MCC7514,586,107,2025-06-26,Goute très bon
MCA0314,662,401,2025-09-13,Goute très bon
MCB4583,408,449,2025-10-12,Plante un peu croche
MCB4583,287,569,2025-12-28,Belle forme pour celle-ci!
MCB4583,368,504,2025-08-13,Belle forme pour celle-ci!
MCC7303,923,280,2025-07-02,Belle forme pour celle-ci!
MCC0276,905,241,2025-10-04,Plante un peu croche
MCA4213,999,694,2025-06-04,Super belle plante
MCA4213,474,28,2025-11-28,Belle forme pour celle-ci!
MCA4213,882,953,2025-10-12,Super belle plante
MCA4213,483,2,2025-06-08,Belle forme pour celle-ci!
MCA4213,470,798,2025-10-08,Un chevreuil est passé par là
MCA4213,348,602,2025-10-20,Super belle plante
MCC6764,737,528,2025-08-08,Goute très bon
MCC6764,973,156,2025-06-04,Super belle plante
MCC6764,660,906,2025-07-08,Un chevreuil est passé par là
MCC6764,7,319,2025-12-24,Belle forme pour celle-ci!
MCB0595,916,668,2025-12-26,Goute très bon
MCB0595,1,90,2025-07-21,Super belle plante
MCB0595,330,699,2025-07-17,Goute très bon
MCB7997,663,730,2025-09-06,Super belle plante
MCB7997,421,712,2025-11-14,Belle forme pour celle-ci!
MCB7997,724,225,2025-10-02,Plante un peu croche
MCB7997,467,176,2025-11-21,Belle forme pour celle-ci!
MCB7997,479,454,2025-12-28,Un chevreuil est passé par là
MCA2167,495,243,2025-10-26,Goute très bon
MCA2167,615,582,2025-11-11,Plante un peu croche
MCA2167,477,990,2025-12-22,Belle forme pour celle-ci!
MCA2167,159,150,2025-06-24,Un chevreuil est passé par là
MCA2167,680,997,2025-09-01,Super belle plante
MCA2167,377,854,2025-08-04,Un chevreuil est passé par là
MCA2167,565,229,2025-06-23,Super belle plante
MCB1790,569,101,2025-08-13,Belle forme pour celle-ci!
MCB1790,350,222,2025-11-16,Plante un peu croche
MCA5183,230,267,2025-11-05,Goute très bon
MCA5183,692,301,2025-08-09,Goute très bon
MCA5183,515,267,2025-08-17,Un chevreuil est passé par là
MCA1797,878,305,2025-08-27,Super belle plante
MCA1797,837,455,2025-08-14,Plante un peu croche
MCA1797,35,572,2025-12-04,Belle forme pour celle-ci!
MCA1797,906,494,2025-06-03,Belle forme pour celle-ci!
MCC6697,835,211,2025-08-02,Belle forme pour celle-ci!
MCC6697,485,139,2025-12-07,Un chevreuil est passé par là
MCC6697,357,291,2025-10-06,Plante un peu croche
MCC6697,572,253,2025-12-01,Belle forme pour celle-ci!
MCC3634,427,131,2025-06-22,Super belle plante
MCC3634,507,392,2025-09-03,Super belle plante
MCA7266,185,474,2025-09-14,Super belle plante
MCA7266,555,282,2025-11-28,Un chevreuil est passé par là
MCA7266,955,84,2025-10-29,Belle forme pour celle-ci!
MCA7266,394,555,2025-12-17,Un chevreuil est passé par là
MCC9868,113,222,2025-06-16,Goute très bon
MCC9868,924,588,2025-06-12,Plante un peu croche
MCA5829,207,708,2025-11-30,Un chevreuil est passé par là
MCA5829,374,201,2025-07-15,Goute très bon
MCA5829,716,558,2025-08-03,Super belle plante
MCA5829,249,64,2025-12-14,Goute très bon
MCB4768,20,219,2025-08-22,Plante un peu croche
MCB4768,793,560,2025-06-02,Goute très bon
MCB4768,613,826,2025-12-16,Un chevreuil est passé par là
MCB4768,92,1,2025-12-19,Un chevreuil est passé par là
MCA0055,115,400,2025-12-18,Belle forme pour celle-ci!
MCA0055,140,348,2025-10-04,Goute très bon
MCA0055,717,69,2025-08-04,Goute très bon
MCB4364,347,824,2025-11-29,Plante un peu croche
MCB4364,807,669,2025-12-15,Belle forme pour celle-ci!
MCB4364,189,262,2025-08-06,Plante un peu croche
MCB7508,308,803,2025-06-04,Goute très bon
MCB7508,234,404,2025-12-14,Un chevreuil est passé par là
MCB7508,340,669,2025-09-12,Goute très bon
MCB7508,645,245,2025-10-31,Goute très bon
MCB7508,769,709,2025-06-29,Un chevreuil est passé par là
MCB7508,592,514,2025-11-17,Belle forme pour celle-ci!
MCC9340,495,27,2025-08-14,Plante un peu croche
MCC9340,481,13,2025-11-16,Super belle plante
MCB3504,880,317,2025-11-02,Un chevreuil est passé par là
MCB3504,412,66,2025-06-18,Goute très bon
MCC4251,244,571,2025-07-18,Plante un peu croche
MCC4251,368,558,2025-09-06,Goute très bon
MCC4251,181,374,2025-07-28,Belle forme pour celle-ci!
MCC5519,575,357,2025-08-17,Belle forme pour celle-ci!
MCC5519,746,828,2025-09-25,Goute très bon
MCC5519,248,148,2025-08-24,Goute très bon
MCC5519,74,575,2025-06-10,Super belle plante
MCA1538,524,609,2025-09-01,Super belle plante
MCA1538,298,964,2025-08-19,Goute très bon
MCA1538,673,615,2025-09-24,Plante un peu croche
MCA1538,314,885,2025-09-16,Un chevreuil est passé par là
MCA9259,151,907,2025-09-02,Super belle plante
MCA9259,247,173,2025-11-14,Un chevreuil est passé par là
MCA9259,307,696,2025-10-09,Belle forme pour celle-ci!
MCA9259,836,808,2025-07-22,Belle forme pour celle-ci!
MCA9259,83,964,2025-09-20,Un chevreuil est passé par là
MCA9259,8,930,2025-12-07,Un chevreuil est passé par là
MCC0153,420,701,2025-08-22,Belle forme pour celle-ci!
MCC0153,672,693,2025-06-30,Un chevreuil est passé par là
MCC0153,548,559,2025-11-02,Un chevreuil est passé par là
MCC0153,452,399,2025-10-06,Super belle plante
MCB5159,922,652,2025-06-25,Plante un peu croche
MCB5159,941,548,2025-11-07,Super belle plante
MCB5159,291,949,2025-09-17,Goute très bon
MCB5159,995,910,2025-09-08,Super belle plante
MCB5159,698,978,2025-07-08,Goute très bon
MCB5159,907,310,2025-06-19,Un chevreuil est passé par là
MCB5159,904,691,2025-06-13,Un chevreuil est passé par là
MCB6952,935,365,2025-08-05,Un chevreuil est passé par là
MCB6952,503,298,2025-10-30,Un chevreuil est passé par là
MCA6922,91,379,2025-09-17,Super belle plante
MCA6922,909,532,2025-09-02,Un chevreuil est passé par là
MCA6922,595,35,2025-07-11,Belle forme pour celle-ci!
MCA6922,567,725,2025-06-29,Plante un peu croche
MCA6922,41,454,2025-12-04,Belle forme pour celle-ci!
MCA6922,727,442,2025-07-31,Plante un peu croche
MCB7618,702,258,2025-08-08,Belle forme pour celle-ci!
MCB7618,850,181,2025-08-30,Un chevreuil est passé par là
MCB7618,856,677,2025-11-16,Un chevreuil est passé par là
MCB7618,141,509,2025-09-13,Un chevreuil est passé par là
MCB7618,289,351,2025-08-16,Belle forme pour celle-ci!
MCA6040,151,829,2025-07-15,Super belle plante
MCA6040,949,330,2025-09-05,Un chevreuil est passé par là
MCA6040,181,39,2025-10-30,Belle forme pour celle-ci!
MCA6040,382,862,2025-11-20,Plante un peu croche
MCA6040,96,962,2025-12-04,Super belle plante
MCA6040,946,425,2025-12-05,Goute très bon
MCC9511,259,723,2025-12-30,Goute très bon
MCC9511,676,239,2025-06-09,Goute très bon
MCC9511,517,663,2025-11-12,Goute très bon
MCC9511,263,121,2025-10-31,Plante un peu croche
MCC9511,578,281,2025-10-01,Plante un peu croche
MCC9511,343,187,2025-06-16,Super belle plante
MCB9977,401,181,2025-11-30,Un chevreuil est passé par là
MCB9977,174,658,2025-09-26,Goute très bon
MCB9977,43,95,2025-11-08,Un chevreuil est passé par là
MCC0605,591,512,2025-08-06,Super belle plante
MCC0605,730,586,2025-11-01,Super belle plante
MCC0605,269,457,2025-12-21,Plante un peu croche
MCC0605,446,829,2025-11-14,Goute très bon
MCC3094,487,599,2025-06-26,Plante un peu croche
MCC3094,220,19,2025-06-28,Super belle plante
MCC3094,641,148,2025-12-28,Goute très bon
MCC3094,561,653,2025-06-13,Un chevreuil est passé par là
MCC3094,932,146,2025-08-17,Plante un peu croche
MCC3094,275,663,2025-06-07,Belle forme pour celle-ci!
MCC3094,78,505,2025-10-09,Plante un peu croche
MCA8196,688,570,2025-10-29,Plante un peu croche
MCA8196,159,708,2025-07-02,Un chevreuil est passé par là
MCA8196,558,628,2025-07-06,Super belle plante
MCA8196,934,558,2025-07-01,Goute très bon
MCC8486,126,177,2025-11-20,Goute très bon
MCC8486,498,991,2025-12-10,Plante un peu croche
MCC8486,180,213,2025-10-31,Un chevreuil est passé par là
MCC8486,15,174,2025-09-08,Belle forme pour celle-ci!
MCC8486,80,551,2025-08-15,Goute très bon
MCC8486,798,808,2025-11-28,Plante un peu croche
MCC8486,839,97,2025-11-11,Super belle plante
MCA2551,27,100,2025-06-28,Plante un peu croche
MCA2551,868,470,2025-08-23,Belle forme pour celle-ci!
MCA2551,685,57,2025-11-30,Super belle plante
MCC3356,743,180,2025-10-20,Un chevreuil est passé par là
MCC3356,21,576,2025-07-31,Plante un peu croche
MCC3356,353,175,2025-09-30,Belle forme pour celle-ci!
MCC3356,491,697,2025-07-22,Un chevreuil est passé par là
MCC3356,580,645,2025-08-16,Super belle plante
MCA6232,264,852,2025-06-08,Belle forme pour celle-ci!
MCB8021,493,388,2025-10-04,Un chevreuil est passé par là
MCB8021,543,936,2025-07-31,Un chevreuil est passé par là
MCB5781,213,264,2025-11-30,Super belle plante
MCB4841,327,998,2025-10-06,Super belle plante
MCB4841,49,504,2025-10-10,Goute très bon
MCB4841,745,538,2025-10-27,Un chevreuil est passé par là
MCB4841,333,537,2025-12-28,Goute très bon
MCB4841,439,900,2025-06-03,Plante un peu croche
MCB4841,466,875,2025-11-20,Belle forme pour celle-ci!
MCB4841,436,340,2025-12-23,Super belle plante
MCB6464,756,405,2025-07-25,Super belle plante
MCB6464,230,497,2025-10-08,Belle forme pour celle-ci!
MCB6464,975,928,2025-10-13,Super belle plante
MCB6464,611,453,2025-12-10,Un chevreuil est passé par là
MCB6464,598,343,2025-06-25,Plante un peu croche
MCB9072,454,913,2025-12-26,Plante un peu croche
MCB9072,300,905,2025-11-12,Super belle plante
MCC4810,47,830,2025-06-28,Un chevreuil est passé par là
MCC4810,215,795,2025-10-30,Plante un peu croche
MCC4810,33,487,2025-09-30,Belle forme pour celle-ci!
MCC4810,487,268,2025-09-14,Goute très bon
MCC4810,822,149,2025-10-08,Goute très bon
MCC4810,843,857,2025-06-13,Plante un peu croche
MCC8915,906,31,2025-10-18,Goute très bon
MCC8915,210,396,2025-11-03,Un chevreuil est passé par là
MCA9756,712,751,2025-09-21,Belle forme pour celle-ci!
MCA9756,46,973,2025-06-10,Belle forme pour celle-ci!
MCB1219,374,534,2025-11-03,Belle forme pour celle-ci!
MCB1219,411,480,2025-11-29,Un chevreuil est passé par là
MCB1219,883,83,2025-09-01,Goute très bon
MCB1219,53,175,2025-06-05,Super belle plante
MCB1219,171,35,2025-09-15,Belle forme pour celle-ci!
MCA9307,397,835,2025-08-18,Plante un peu croche
MCA9307,394,3,2025-10-06,Plante un peu croche
MCA9307,812,553,2025-06-07,Un chevreuil est passé par là
MCA9307,722,484,2025-09-18,Plante un peu croche
MCA9307,525,664,2025-06-02,Plante un peu croche
MCA9307,588,619,2025-07-08,Belle forme pour celle-ci!
MCA9307,642,802,2025-07-03,Belle forme pour celle-ci!
MCA7287,356,128,2025-12-01,Belle forme pour celle-ci!
MCC9739,122,802,2025-07-16,Goute très bon
MCC9739,635,146,2025-12-19,Super belle plante
MCC9739,49,902,2025-11-29,Belle forme pour celle-ci!
MCA0707,510,152,2025-12-06,Plante un peu croche
MCA0707,906,493,2025-09-24,Goute très bon
MCA0707,794,465,2025-06-20,Plante un peu croche
MCA0707,513,63,2025-12-18,Goute très bon
MCB0662,411,239,2025-08-07,Belle forme pour celle-ci!
MCB6171,869,430,2025-06-22,Goute très bon
MCB6171,618,77,2025-09-01,Super belle plante
MCB6171,936,922,2025-10-10,Un chevreuil est passé par là
MCB6171,117,121,2025-08-20,Goute très bon
MCB6346,186,288,2025-08-14,Belle forme pour celle-ci!
MCB6346,637,531,2025-09-25,Plante un peu croche
MCB6346,901,540,2025-07-08,Goute très bon
MCB6346,94,698,2025-07-31,Plante un peu croche
MCB6346,494,596,2025-06-03,Belle forme pour celle-ci!
MCB6346,320,725,2025-08-07,Un chevreuil est passé par là
MCA8353,880,418,2025-09-21,Un chevreuil est passé par là
MCA8353,721,784,2025-10-26,Plante un peu croche
MCA8353,982,531,2025-12-21,Belle forme pour celle-ci!
MCA8353,33,273,2025-06-24,Super belle plante
MCA8353,306,123,2025-10-17,Belle forme pour celle-ci!
MCA6516,929,639,2025-12-02,Goute très bon
MCC0809,465,473,2025-08-21,Super belle plante
MCA7526,552,308,2025-08-08,Un chevreuil est passé par là
MCA7526,493,807,2025-08-13,Un chevreuil est passé par là
MCC9450,961,315,2025-12-18,Super belle plante
MCC9450,383,881,2025-08-30,Un chevreuil est passé par là
MCC9450,682,185,2025-08-09,Super belle plante
MCC4116,123,581,2025-11-30,Plante un peu croche
MCC4116,164,560,2025-10-25,Super belle plante
MCC4116,608,631,2025-11-10,Goute très bon
MCC4116,925,97,2025-09-02,Belle forme pour celle-ci!
MCC4116,559,313,2025-11-18,Plante un peu croche
MCC4116,230,464,2025-09-24,Plante un peu croche
MCA2856,165,351,2025-12-19,Plante un peu croche
MCA2856,912,407,2025-07-10,Belle forme pour celle-ci!
MCA2856,291,844,2025-12-28,Super belle plante
MCA2856,404,564,2025-09-26,Goute très bon
MCA2856,64,845,2025-07-12,Goute très bon
MCA2856,599,868,2025-08-09,Goute très bon
MCB2907,591,36,2025-08-24,Belle forme pour celle-ci!
MCB2907,734,98,2025-06-21,Un chevreuil est passé par là
MCB2907,210,379,2025-09-23,Un chevreuil est passé par là
MCB2907,504,97,2025-09-17,Goute très bon
MCB2907,706,313,2025-10-28,Plante un peu croche
MCB2907,207,282,2025-06-16,Plante un peu croche
MCC6986,846,716,2025-11-16,Plante un peu croche
MCC6986,444,725,2025-06-16,Un chevreuil est passé par là
MCC6986,917,583,2025-09-28,Goute très bon
MCC6986,448,975,2025-09-19,Goute très bon
MCC6986,788,809,2025-06-30,Belle forme pour celle-ci!
MCC6986,769,136,2025-07-18,Goute très bon
MCC6986,744,397,2025-11-13,Super belle plante
MCC8808,381,122,2025-07-09,Belle forme pour celle-ci!
MCC8808,791,701,2025-08-18,Super belle plante
MCC8808,571,414,2025-08-17,Un chevreuil est passé par là
MCC8808,739,799,2025-09-14,Super belle plante
MCC8808,362,450,2025-07-13,Super belle plante
MCC8808,205,516,2025-12-02,Plante un peu croche
MCC4869,22,527,2025-09-02,Un chevreuil est passé par là
MCC4869,313,162,2025-09-07,Un chevreuil est passé par là
MCC4869,816,120,2025-06-02,Plante un peu croche
MCC4869,38,714,2025-07-15,Plante un peu croche
MCC4869,373,31,2025-10-12,Goute très bon
MCC1340,396,30,2025-06-18,Plante un peu croche
MCC1340,943,612,2025-07-10,Plante un peu croche
MCA6914,168,843,2025-12-15,Goute très bon
MCC1714,462,136,2025-09-05,Un chevreuil est passé par là
MCC1714,891,227,2025-07-01,Plante un peu croche
MCC1714,543,123,2025-11-02,Un chevreuil est passé par là
MCC0749,452,948,2025-08-25,Super belle plante
MCC0749,643,590,2025-06-17,Belle forme pour celle-ci!
MCC0749,167,527,2025-08-15,Un chevreuil est passé par là
MCC0749,366,136,2025-11-01,Un chevreuil est passé par là
MCC5385,880,322,2025-09-13,Belle forme pour celle-ci!
MCC5385,665,955,2025-12-24,Belle forme pour celle-ci!
MCC3283,171,845,2025-07-21,Belle forme pour celle-ci!
MCC3283,643,746,2025-06-26,Super belle plante
MCC3283,489,322,2025-10-17,Belle forme pour celle-ci!
MCC3283,538,877,2025-11-20,Goute très bon
MCC3283,136,75,2025-11-23,Belle forme pour celle-ci!
MCC3283,99,623,2025-06-28,Plante un peu croche
MCB4095,69,341,2025-08-28,Belle forme pour celle-ci!
MCB4095,821,248,2025-08-06,Goute très bon
MCB4095,303,821,2025-08-01,Belle forme pour celle-ci!
MCB4095,994,302,2025-12-14,Un chevreuil est passé par là
MCB4095,36,999,2025-07-03,Belle forme pour celle-ci!
MCB4095,801,571,2025-10-29,Goute très bon
MCB4095,116,649,2025-06-05,Plante un peu croche
MCC0105,52,855,2025-07-31,Goute très bon
MCC0105,698,997,2025-09-03,Plante un peu croche
MCC0105,55,516,2025-12-23,Super belle plante
MCC0105,156,456,2025-07-03,Super belle plante
MCC0105,857,79,2025-09-30,Belle forme pour celle-ci!
MCC0105,805,852,2025-09-11,Goute très bon
MCB0300,743,480,2025-11-18,Belle forme pour celle-ci!
MCA5092,81,897,2025-11-16,Plante un peu croche
MCA5092,271,970,2025-11-26,Goute très bon
MCA5092,379,768,2025-06-30,Un chevreuil est passé par là
MCA6753,538,173,2025-12-28,Belle forme pour celle-ci!
MCA6753,836,304,2025-08-02,Goute très bon
MCA6753,105,737,2025-09-28,Belle forme pour celle-ci!
MCA8740,504,45,2025-12-19,Belle forme pour celle-ci!
MCA8740,764,320,2025-08-13,Super belle plante
MCA8740,94,746,2025-10-27,Un chevreuil est passé par là
MCA8740,444,703,2025-11-10,Super belle plante
MCA8740,35,120,2025-09-16,Un chevreuil est passé par là
MCA8740,14,268,2025-06-30,Belle forme pour celle-ci!
MCB7333,880,821,2025-09-09,Un chevreuil est passé par là
MCB7333,431,859,2025-11-01,Goute très bon
MCA5299,216,191,2025-06-01,Plante un peu croche
MCA5299,248,787,2025-07-19,Super belle plante
MCA5299,139,895,2025-07-07,Super belle plante
MCA5299,944,896,2025-06-12,Goute très bon
MCA5299,255,221,2025-11-19,Belle forme pour celle-ci!
MCA5299,174,907,2025-06-25,Super belle plante
MCA5299,452,382,2025-12-11,Plante un peu croche
MCC3251,851,771,2025-12-09,Super belle plante
MCC3251,68,946,2025-12-03,Plante un peu croche
MCC3251,206,516,2025-10-28,Plante un peu croche
MCC3251,253,74,2025-09-22,Super belle plante
MCC3251,213,574,2025-06-08,Belle forme pour celle-ci!
MCC3251,179,818,2025-08-10,Goute très bon
MCA2486,220,828,2025-07-10,Goute très bon
MCA2486,670,69,2025-11-29,Belle forme pour celle-ci!
MCA2486,368,613,2025-09-20,Super belle plante
MCA2486,375,232,2025-07-04,Goute très bon
MCA2486,812,877,2025-12-12,Belle forme pour celle-ci!
MCA2486,108,316,2025-09-30,Super belle plante
MCB5439,388,309,2025-10-28,Un chevreuil est passé par là
MCB5439,587,783,2025-09-30,Belle forme pour celle-ci!
MCB5439,929,943,2025-12-08,Super belle plante
MCB5439,70,958,2025-06-04,Super belle plante
MCB5439,668,165,2025-06-02,Plante un peu croche
MCB9178,503,139,2025-08-18,Belle forme pour celle-ci!
MCB9178,705,241,2025-12-22,Plante un peu croche
MCC9485,624,14,2025-07-13,Goute très bon
MCC9485,632,961,2025-09-30,Plante un peu croche
MCB9471,457,98,2025-12-15,Un chevreuil est passé par là
MCB9471,496,290,2025-06-20,Goute très bon
MCB9471,303,772,2025-12-05,Plante un peu croche
MCB9471,883,776,2025-11-22,Plante un peu croche
MCC8645,814,302,2025-11-17,Super belle plante
MCA1724,868,99,2025-10-17,Belle forme pour celle-ci!
MCA1724,158,152,2025-09-14,Super belle plante
MCA1724,532,24,2025-09-30,Super belle plante
MCA1724,32,801,2025-09-27,Super belle plante
MCA1724,28,558,2025-06-06,Un chevreuil est passé par là
MCA1724,931,358,2025-07-03,Goute très bon
MCC3774,624,883,2025-09-08,Belle forme pour celle-ci!
MCC3774,484,344,2025-09-29,Plante un peu croche
MCC3774,716,434,2025-07-06,Plante un peu croche
MCC3774,540,514,2025-11-27,Belle forme pour celle-ci!
MCB9969,857,195,2025-11-10,Super belle plante
MCB9969,976,39,2025-09-18,Un chevreuil est passé par là
MCB9969,296,803,2025-06-09,Belle forme pour celle-ci!
MCB9969,547,619,2025-07-13,Plante un peu croche
MCB9969,307,309,2025-11-04,Belle forme pour celle-ci!
MCB9969,561,828,2025-09-30,Plante un peu croche
MCB9969,694,560,2025-08-08,Plante un peu croche
MCA4590,740,190,2025-09-15,Plante un peu croche
MCA4590,79,871,2025-11-10,Super belle plante
MCA4590,617,985,2025-07-17,Plante un peu croche
MCA4590,5,20,2025-12-04,Super belle plante
MCA4590,721,536,2025-09-21,Belle forme pour celle-ci!
MCA4590,557,325,2025-11-24,Super belle plante
MCA1687,118,666,2025-08-06,Goute très bon
MCA4932,667,772,2025-08-16,Belle forme pour celle-ci!
MCA4932,320,330,2025-10-25,Super belle plante
MCA4932,257,474,2025-08-24,Belle forme pour celle-ci!
MCB9373,60,104,2025-12-06,Goute très bon
MCB9373,694,181,2025-08-08,Un chevreuil est passé par là
MCB9373,558,246,2025-07-02,Un chevreuil est passé par là
MCB9373,986,626,2025-10-12,Un chevreuil est passé par là
MCA7866,870,826,2025-08-22,Goute très bon
MCA7866,65,258,2025-07-25,Un chevreuil est passé par là
MCA7866,555,734,2025-09-29,Super belle plante
MCA7866,173,562,2025-11-16,Super belle plante
MCA7866,729,500,2025-12-09,Belle forme pour celle-ci!
MCA7866,670,166,2025-12-17,Un chevreuil est passé par là
MCA1821,926,667,2025-10-04,Un chevreuil est passé par là
MCB3534,691,859,2025-09-03,Goute très bon
MCA3247,218,16,2025-11-10,Plante un peu croche
MCA3247,164,733,2025-07-23,Un chevreuil est passé par là
MCA3247,47,30,2025-07-01,Plante un peu croche
MCA3247,21,316,2025-10-23,Un chevreuil est passé par là
MCB8718,888,852,2025-12-16,Belle forme pour celle-ci!
MCC8181,715,816,2025-10-31,Belle forme pour celle-ci!
MCC8181,731,607,2025-11-03,Plante un peu croche
MCC8181,976,23,2025-09-11,Goute très bon
MCC8181,406,292,2025-12-23,Belle forme pour celle-ci!
MCC8181,454,242,2025-08-22,Belle forme pour celle-ci!
MCC8181,341,66,2025-11-10,Un chevreuil est passé par là
MCA2289,609,902,2025-10-03,Plante un peu croche
MCA2289,911,979,2025-12-08,Un chevreuil est passé par là
MCA2289,545,422,2025-10-19,Plante un peu croche
MCA2289,251,167,2025-06-24,Plante un peu croche
MCA2289,990,915,2025-07-14,Un chevreuil est passé par là
MCA2289,823,117,2025-07-27,Goute très bon
MCA2289,612,75,2025-06-19,Plante un peu croche
MCB1033,86,746,2025-07-11,Plante un peu croche
MCB1033,862,498,2025-10-09,Belle forme pour celle-ci!
MCB1033,596,848,2025-06-21,Un chevreuil est passé par là
MCB1033,333,188,2025-12-26,Plante un peu croche
MCC3433,292,713,2025-08-19,Super belle plante
MCC3433,222,30,2025-12-15,Belle forme pour celle-ci!
MCC0461,267,524,2025-06-14,Belle forme pour celle-ci!
MCC0461,117,13,2025-09-30,Goute très bon
MCC0461,281,696,2025-12-13,Goute très bon
MCB6868,479,431,2025-10-12,Goute très bon
MCB6868,611,972,2025-10-26,Super belle plante
MCA8853,762,387,2025-12-11,Super belle plante
MCA8853,65,633,2025-10-23,Super belle plante
MCA8853,452,612,2025-06-18,Un chevreuil est passé par là
MCA8853,11,415,2025-08-13,Un chevreuil est passé par là
MCA8853,236,448,2025-10-10,Plante un peu croche
MCA8853,986,909,2025-06-23,Belle forme pour celle-ci!
MCA8853,512,915,2025-07-22,Goute très bon
MCA3474,696,480,2025-10-16,Plante un peu croche
MCA3474,768,980,2025-07-26,Goute très bon
MCA3474,6,837,2025-09-12,Super belle plante
MCA3474,353,516,2025-10-25,Goute très bon
MCC3415,425,301,2025-11-28,Un chevreuil est passé par là
MCC3415,343,364,2025-10-26,Goute très bon
MCC3415,204,681,2025-10-23,Super belle plante
MCC3415,486,291,2025-07-20,Super belle plante
MCC3415,73,635,2025-09-04,Un chevreuil est passé par là
MCC3415,511,950,2025-06-19,Un chevreuil est passé par là
MCC3415,635,439,2025-12-20,Un chevreuil est passé par là
MCC5870,512,828,2025-12-11,Belle forme pour celle-ci!
MCC5870,778,376,2025-11-06,Belle forme pour celle-ci!
MCC5870,476,93,2025-10-27,Goute très bon
MCC0180,98,840,2025-12-06,Super belle plante
MCC0180,793,608,2025-08-07,Belle forme pour celle-ci!
MCC0180,38,295,2025-12-11,Super belle plante
MCA5358,579,271,2025-12-28,Goute très bon
MCA5358,906,298,2025-07-25,Un chevreuil est passé par là
MCB6465,966,14,2025-10-31,Goute très bon
MCB6465,926,813,2025-07-11,Goute très bon
MCB0757,606,498,2025-09-04,Goute très bon
MCB0757,864,658,2025-08-27,Plante un peu croche
MCB0757,176,432,2025-12-30,Un chevreuil est passé par là
MCB0757,94,726,2025-06-06,Plante un peu croche
MCB0757,530,823,2025-08-20,Belle forme pour celle-ci!
MCB0757,419,412,2025-09-19,Un chevreuil est passé par là
MCB0757,91,308,2025-11-06,Un chevreuil est passé par là
MCB7317,873,540,2025-10-11,Un chevreuil est passé par là
MCB7317,51,503,2025-06-20,Goute très bon
MCB0368,715,287,2025-09-15,Plante un peu croche
MCB0368,695,815,2025-09-19,Super belle plante
MCB0368,996,312,2025-09-02,Belle forme pour celle-ci!
MCB0368,541,100,2025-12-29,Super belle plante
MCB0368,718,697,2025-10-17,Belle forme pour celle-ci!
MCB0368,672,902,2025-07-19,Super belle plante
MCA4752,473,206,2025-06-17,Goute très bon
MCA4752,526,510,2025-09-18,Super belle plante
MCA4752,632,659,2025-10-23,Un chevreuil est passé par là
MCA4752,920,925,2025-06-26,Un chevreuil est passé par là
MCA4752,269,723,2025-08-29,Plante un peu croche
MCA4752,949,693,2025-09-21,Belle forme pour celle-ci!
MCC3338,380,331,2025-10-20,Un chevreuil est passé par là
MCC3338,264,710,2025-09-09,Super belle plante
MCC3338,672,659,2025-08-17,Un chevreuil est passé par là
MCC3338,228,320,2025-06-20,Un chevreuil est passé par là
MCC3338,311,145,2025-11-28,Belle forme pour celle-ci!
MCB6454,852,679,2025-12-20,Plante un peu croche
MCB6454,882,762,2025-06-06,Plante un peu croche
MCB6454,76,421,2025-10-26,Plante un peu croche
MCB6454,274,282,2025-10-19,Un chevreuil est passé par là
MCB6454,233,436,2025-09-02,Un chevreuil est passé par là
MCB6454,878,583,2025-10-29,Super belle plante
MCB6454,81,606,2025-12-04,Un chevreuil est passé par là
MCC9647,405,15,2025-08-20,Goute très bon
MCC9647,723,703,2025-12-06,Super belle plante
MCC9647,580,533,2025-10-27,Plante un peu croche
MCC9647,813,373,2025-06-01,Un chevreuil est passé par là
MCA0491,67,874,2025-10-20,Goute très bon
MCB5215,98,46,2025-12-18,Plante un peu croche
MCB5215,106,265,2025-06-09,Plante un peu croche
MCC8311,112,297,2025-07-27,Un chevreuil est passé par là
MCB7645,778,175,2025-06-08,Super belle plante
MCB7645,738,156,2025-06-23,Belle forme pour celle-ci!
MCB7645,157,502,2025-07-04,Belle forme pour celle-ci!
MCB7645,378,787,2025-09-11,Plante un peu croche
MCB3112,952,593,2025-12-09,Plante un peu croche
MCB3112,140,36,2025-06-06,Un chevreuil est passé par là
MCB3112,830,599,2025-08-09,Plante un peu croche
MCB3112,159,954,2025-10-01,Super belle plante
MCB3112,595,955,2025-08-12,Un chevreuil est passé par là
MCB3112,537,10,2025-07-12,Un chevreuil est passé par là
MCB3112,51,767,2025-12-03,Goute très bon
MCA4284,676,367,2025-06-01,Goute très bon
MCA4284,834,7,2025-09-04,Super belle plante
MCA4284,113,944,2025-10-21,Goute très bon
MCA4284,175,735,2025-09-22,Un chevreuil est passé par là
MCA4284,716,685,2025-07-31,Belle forme pour celle-ci!
MCC7659,643,873,2025-12-17,Goute très bon
MCB1932,988,465,2025-08-27,Un chevreuil est passé par là
MCB1932,670,533,2025-12-14,Un chevreuil est passé par là
MCB1932,76,828,2025-07-28,Un chevreuil est passé par là
MCB1932,502,449,2025-10-02,Un chevreuil est passé par là
MCC2923,969,289,2025-06-28,Super belle plante
MCC2923,734,10,2025-11-22,Goute très bon
MCB5441,14,778,2025-12-06,Goute très bon
MCB5441,775,555,2025-12-08,Super belle plante
MCB5441,30,462,2025-08-14,Belle forme pour celle-ci!
MCB5441,127,626,2025-08-27,Belle forme pour celle-ci!
MCA6892,57,379,2025-06-11,Un chevreuil est passé par là
MCA6892,364,602,2025-08-15,Un chevreuil est passé par là
MCC0207,115,478,2025-12-21,Plante un peu croche
MCC0207,416,612,2025-12-15,Super belle plante
MCC0207,87,150,2025-11-24,Belle forme pour celle-ci!
MCC0207,809,58,2025-11-20,Un chevreuil est passé par là
MCC0207,873,214,2025-12-23,Super belle plante
MCC0207,286,789,2025-12-10,Belle forme pour celle-ci!
MCA4796,427,880,2025-08-23,Goute très bon
MCA4796,805,323,2025-07-09,Plante un peu croche
MCA4796,650,72,2025-11-23,Un chevreuil est passé par là
MCA4796,640,507,2025-07-07,Goute très bon
MCB1214,635,696,2025-11-21,Super belle plante
MCB1214,549,182,2025-07-15,Goute très bon
MCB1214,525,352,2025-07-21,Belle forme pour celle-ci!
MCB1214,902,532,2025-09-05,Un chevreuil est passé par là
MCB1214,750,288,2025-06-19,Super belle plante
MCB1214,620,80,2025-12-27,Plante un peu croche
MCC9676,343,855,2025-07-31,Belle forme pour celle-ci!
MCC9676,730,115,2025-09-27,Belle forme pour celle-ci!
MCC9676,232,506,2025-09-23,Un chevreuil est passé par là
MCC9676,227,214,2025-11-08,Belle forme pour celle-ci!
MCC9676,738,780,2025-09-03,Plante un peu croche
MCC9676,808,545,2025-08-15,Un chevreuil est passé par là
MCA1401,574,214,2025-11-18,Un chevreuil est passé par là
MCA1401,734,484,2025-06-30,Plante un peu croche
MCA1401,354,996,2025-07-18,Super belle plante
MCA1401,112,425,2025-10-26,Un chevreuil est passé par là
MCA1401,500,541,2025-08-31,Un chevreuil est passé par là
MCA1401,49,629,2025-06-18,Goute très bon
MCC5661,588,892,2025-11-21,Super belle plante
MCC5661,494,469,2025-10-24,Goute très bon
MCC0827,83,968,2025-10-20,Goute très bon
MCC0827,149,415,2025-08-09,Un chevreuil est passé par là
MCC0827,560,659,2025-11-19,Belle forme pour celle-ci!
MCC0827,710,922,2025-07-27,Plante un peu croche
MCC0827,601,127,2025-09-16,Super belle plante
MCC8719,950,902,2025-12-09,Un chevreuil est passé par là
MCC8719,339,17,2025-11-17,Plante un peu croche
MCC8719,760,537,2025-12-14,Goute très bon
MCC8719,381,520,2025-09-16,Un chevreuil est passé par là
MCC8719,841,493,2025-10-16,Goute très bon
MCC8719,186,698,2025-06-15,Belle forme pour celle-ci!
MCC8719,774,905,2025-07-02,Goute très bon
MCC7220,181,903,2025-07-06,Un chevreuil est passé par là
MCC7220,414,719,2025-10-16,Goute très bon
MCC7220,941,640,2025-09-09,Belle forme pour celle-ci!
MCC7220,963,385,2025-09-03,Belle forme pour celle-ci!
MCC7220,880,682,2025-08-21,Goute très bon
MCB2520,976,487,2025-12-19,Belle forme pour celle-ci!
MCB2520,679,846,2025-09-13,Super belle plante
MCB2520,417,539,2025-09-16,Super belle plante
MCB2520,845,474,2025-11-14,Plante un peu croche
MCB2520,58,64,2025-07-24,Belle forme pour celle-ci!
MCB2520,589,416,2025-10-02,Belle forme pour celle-ci!
MCA7833,39,780,2025-11-25,Goute très bon
MCA7833,539,388,2025-11-06,Plante un peu croche
MCA7833,234,28,2025-07-03,Plante un peu croche
MCC7701,980,59,2025-06-19,Plante un peu croche
MCC7701,869,236,2025-09-09,Belle forme pour celle-ci!
MCC7701,658,350,2025-06-04,Un chevreuil est passé par là
MCC7701,713,79,2025-12-06,Goute très bon
MCC7701,108,661,2025-12-19,Goute très bon
MCC7865,628,257,2025-09-30,Goute très bon
MCC7865,809,297,2025-07-16,Un chevreuil est passé par là
MCC7865,942,600,2025-07-14,Belle forme pour celle-ci!
MCC7865,558,188,2025-08-27,Goute très bon
MCB6360,982,743,2025-12-05,Goute très bon
MCB1168,926,583,2025-09-04,Goute très bon
MCB1168,229,976,2025-09-23,Plante un peu croche
MCB1168,236,1,2025-10-22,Un chevreuil est passé par là
MCB1168,66,821,2025-12-02,Plante un peu croche
MCB1168,791,92,2025-11-06,Belle forme pour celle-ci!
MCB1168,632,856,2025-12-20,Goute très bon
MCA8625,545,701,2025-07-01,Plante un peu croche
MCA8625,103,454,2025-08-17,Plante un peu croche
MCA8625,726,49,2025-10-22,Super belle plante
MCA8625,639,990,2025-10-04,Plante un peu croche
MCC4229,164,244,2025-06-20,Super belle plante
MCC4229,953,19,2025-09-16,Plante un peu croche
MCC4229,893,367,2025-09-07,Belle forme pour celle-ci!
MCB9568,711,74,2025-07-26,Goute très bon
MCB9568,171,67,2025-10-18,Goute très bon
MCC0263,706,186,2025-09-14,Un chevreuil est passé par là
MCA8298,803,43,2025-10-05,Goute très bon
MCA8298,278,484,2025-07-20,Super belle plante
MCA8298,730,566,2025-10-03,Belle forme pour celle-ci!
MCA8298,530,664,2025-08-30,Super belle plante
MCA8298,396,517,2025-12-17,Plante un peu croche
MCA5102,115,721,2025-10-23,Un chevreuil est passé par là
MCA5102,598,319,2025-08-26,Un chevreuil est passé par là
MCA5102,837,637,2025-12-15,Un chevreuil est passé par là
MCA5102,562,296,2025-11-21,Un chevreuil est passé par là
MCA5102,260,888,2025-06-15,Super belle plante
MCA5102,740,676,2025-08-01,Super belle plante
MCA5102,654,978,2025-08-18,Super belle plante
MCA7575,582,430,2025-07-16,Super belle plante
MCA7575,134,341,2025-09-23,Super belle plante
MCA7575,960,249,2025-11-18,Plante un peu croche
MCA7575,471,212,2025-06-03,Super belle plante
MCC8417,100,563,2025-09-03,Un chevreuil est passé par là
MCC8417,61,538,2025-12-12,Belle forme pour celle-ci!
MCC3099,60,541,2025-12-13,Plante un peu croche
MCA6546,378,167,2025-07-11,Goute très bon
MCA6546,67,665,2025-06-12,Plante un peu croche
MCA6546,702,825,2025-08-28,Un chevreuil est passé par là
MCA6054,840,332,2025-11-25,Un chevreuil est passé par là
MCA6054,498,526,2025-11-27,Super belle plante
MCA6054,142,597,2025-07-07,Belle forme pour celle-ci!
MCA6054,305,598,2025-06-19,Belle forme pour celle-ci!
MCA6054,337,984,2025-08-03,Goute très bon
MCA6054,486,477,2025-06-24,Un chevreuil est passé par là
MCA6054,368,471,2025-07-02,Plante un peu croche
MCB6177,120,958,2025-09-14,Plante un peu croche
MCB6177,774,448,2025-08-28,Super belle plante
MCB6177,691,78,2025-11-22,Super belle plante
MCA9489,422,976,2025-08-23,Super belle plante
MCA9489,777,626,2025-09-26,Belle forme pour celle-ci!
MCA9489,913,469,2025-09-20,Plante un peu croche
MCA9489,82,377,2025-08-01,Super belle plante
MCA9489,154,300,2025-07-13,Goute très bon
MCA2888,678,246,2025-09-28,Plante un peu croche
MCA2888,147,231,2025-11-03,Plante un peu croche
MCA2888,582,128,2025-06-10,Plante un peu croche
MCA2888,670,433,2025-11-05,Goute très bon
MCA2888,30,718,2025-07-31,Plante un peu croche
MCA2888,891,958,2025-12-10,Goute très bon
MCC0477,392,685,2025-11-10,Plante un peu croche
MCC0477,172,914,2025-06-10,Belle forme pour celle-ci!
MCC0477,512,30,2025-10-05,Belle forme pour celle-ci!
MCC0477,802,248,2025-06-02,Plante un peu croche
MCC1874,265,89,2025-08-01,Super belle plante
MCC6444,325,796,2025-09-05,Plante un peu croche
MCC6444,506,341,2025-07-02,Un chevreuil est passé par là
MCC6444,818,752,2025-07-03,Super belle plante
MCA9470,591,428,2025-12-27,Un chevreuil est passé par là
MCA9470,613,611,2025-08-24,Goute très bon
MCA9470,404,203,2025-07-09,Goute très bon
MCA9470,773,284,2025-12-20,Belle forme pour celle-ci!
MCC2201,999,627,2025-12-12,Plante un peu croche
MCC2201,309,908,2025-11-30,Super belle plante
MCC2201,21,436,2025-10-04,Goute très bon
MCC1968,126,586,2025-12-18,Un chevreuil est passé par là
MCC1968,545,313,2025-06-11,Goute très bon
MCC1968,870,513,2025-08-26,Goute très bon
MCC1968,22,852,2025-07-10,Un chevreuil est passé par là
MCC1968,386,450,2025-12-17,Plante un peu croche
MCC1968,386,11,2025-07-13,Belle forme pour celle-ci!
MCC1968,219,584,2025-10-30,Un chevreuil est passé par là
MCB8678,848,657,2025-06-23,Plante un peu croche
MCB8678,660,326,2025-09-08,Goute très bon
MCA6586,351,651,2025-10-31,Plante un peu croche
MCA6586,974,298,2025-11-26,Plante un peu croche
MCA6586,814,288,2025-11-05,Super belle plante
MCA6586,304,316,2025-06-13,Super belle plante
MCB8471,405,534,2025-07-30,Goute très bon
MCB8471,355,886,2025-08-18,Belle forme pour celle-ci!
MCB8471,18,874,2025-07-03,Belle forme pour celle-ci!
MCB8471,479,242,2025-06-03,Goute très bon
MCC1070,727,731,2025-11-26,Belle forme pour celle-ci!
MCC1070,510,29,2025-06-09,Goute très bon
MCC1070,457,795,2025-06-22,Un chevreuil est passé par là
MCC8215,398,794,2025-11-14,Goute très bon
MCB1132,362,493,2025-06-10,Super belle plante
MCB1132,182,717,2025-06-20,Super belle plante
MCB1132,15,380,2025-11-07,Un chevreuil est passé par là
MCB1132,923,754,2025-10-10,Plante un peu croche
MCB1132,484,977,2025-08-20,Super belle plante
MCB1132,722,96,2025-07-29,Super belle plante
MCB1132,828,966,2025-12-12,Un chevreuil est passé par là
MCC1358,616,307,2025-12-23,Super belle plante
MCC1358,792,253,2025-12-28,Un chevreuil est passé par là
MCC1358,240,667,2025-11-14,Un chevreuil est passé par là
MCC1358,81,912,2025-12-11,Plante un peu croche
MCC1358,780,795,2025-07-20,Plante un peu croche
MCC1358,409,354,2025-09-08,Super belle plante
MCC1358,563,984,2025-10-29,Goute très bon
MCC6544,388,621,2025-09-03,Un chevreuil est passé par là
MCC6544,358,732,2025-08-30,Plante un peu croche
MCC6544,286,794,2025-10-25,Super belle plante
MCC6544,200,651,2025-12-15,Goute très bon
MCC6544,939,98,2025-09-21,Goute très bon
MCC6544,76,332,2025-06-06,Un chevreuil est passé par là
MCB0943,783,374,2025-08-17,Belle forme pour celle-ci!
MCB0943,376,817,2025-10-23,Super belle plante
MCB0943,261,436,2025-09-09,Un chevreuil est passé par là
MCB0943,530,758,2025-10-24,Un chevreuil est passé par là
MCB6314,120,967,2025-10-24,Super belle plante
MCB6314,832,277,2025-08-08,Belle forme pour celle-ci!
MCB6314,537,612,2025-10-26,Belle forme pour celle-ci!
MCB6314,125,167,2025-06-25,Goute très bon
MCA2221,884,686,2025-10-11,Belle forme pour celle-ci!
MCA2221,599,271,2025-06-19,Un chevreuil est passé par là
MCA2221,719,60,2025-12-20,Goute très bon
MCB0623,22,79,2025-08-28,Belle forme pour celle-ci!
MCB0623,219,277,2025-10-21,Super belle plante
MCB0623,60,497,2025-09-27,Un chevreuil est passé par là
MCB0623,895,888,2025-10-27,Un chevreuil est passé par là
MCB4022,872,265,2025-09-08,Goute très bon
MCB4022,723,12,2025-09-02,Super belle plante
MCB4022,419,914,2025-10-03,Belle forme pour celle-ci!
MCB4022,112,575,2025-11-07,Belle forme pour celle-ci!
MCB4022,643,782,2025-10-04,Belle forme pour celle-ci!
MCC6461,197,911,2025-06-30,Belle forme pour celle-ci!
MCC6461,964,677,2025-10-13,Belle forme pour celle-ci!
MCA3411,421,155,2025-10-17,Un chevreuil est passé par là
MCA3411,269,830,2025-10-30,Belle forme pour celle-ci!
MCA3411,795,716,2025-12-26,Belle forme pour celle-ci!
MCA3411,645,466,2025-11-10,Super belle plante
MCA3411,437,491,2025-12-21,Goute très bon
MCA3411,986,131,2025-07-06,Plante un peu croche
MCA3411,619,797,2025-08-03,Super belle plante
MCB9943,781,699,2025-07-24,Belle forme pour celle-ci!
MCB5240,235,708,2025-12-07,Un chevreuil est passé par là
MCB5240,129,452,2025-10-25,Super belle plante
MCB5240,510,300,2025-10-16,Plante un peu croche
MCB5240,426,741,2025-12-22,Super belle plante
MCC4510,124,983,2025-06-23,Super belle plante
MCC4510,611,643,2025-10-05,Plante un peu croche
MCC4510,779,583,2025-11-23,Belle forme pour celle-ci!
MCC4510,490,145,2025-09-28,Un chevreuil est passé par là
MCC4510,507,347,2025-12-30,Belle forme pour celle-ci!
MCC4510,477,733,2025-08-03,Belle forme pour celle-ci!
MCC4510,925,684,2025-11-15,Plante un peu croche
MCB2346,269,732,2025-10-11,Goute très bon
MCB2346,665,618,2025-06-24,Super belle plante
MCB2346,851,637,2025-11-11,Un chevreuil est passé par là
MCB2241,971,531,2025-09-08,Un chevreuil est passé par là
MCB2241,629,191,2025-08-02,Super belle plante
MCB2241,779,775,2025-09-11,Goute très bon
MCB2241,45,423,2025-11-30,Belle forme pour celle-ci!
MCB2241,870,962,2025-08-21,Belle forme pour celle-ci!
MCB2241,425,506,2025-12-28,Belle forme pour celle-ci!
MCA8384,60,579,2025-11-02,Plante un peu croche
MCA8384,403,259,2025-10-31,Belle forme pour celle-ci!
MCA8384,508,749,2025-08-23,Super belle plante
MCA8384,832,431,2025-10-20,Super belle plante
MCA8384,121,460,2025-10-01,Super belle plante
MCA8384,616,123,2025-06-21,Goute très bon
MCA8384,384,911,2025-06-26,Plante un peu croche
MCB2565,56,86,2025-12-28,Goute très bon
MCB2565,404,558,2025-11-29,Plante un peu croche
MCB2565,564,94,2025-09-10,Un chevreuil est passé par là
MCB2565,191,666,2025-10-07,Belle forme pour celle-ci!
MCC0331,821,649,2025-08-10,Plante un peu croche
MCC0331,260,479,2025-11-05,Un chevreuil est passé par là
MCC0331,273,983,2025-09-04,Belle forme pour celle-ci!
MCC0331,207,127,2025-10-04,Super belle plante
MCC0331,90,728,2025-10-14,Super belle plante
MCC0331,623,187,2025-09-03,Un chevreuil est passé par là
MCC0331,125,266,2025-07-13,Super belle plante
MCA9707,419,647,2025-10-01,Belle forme pour celle-ci!
MCA9707,316,195,2025-07-16,Plante un peu croche
MCA9707,955,30,2025-10-05,Plante un peu croche
MCA9707,806,926,2025-09-18,Belle forme pour celle-ci!
MCC5056,958,719,2025-10-25,Super belle plante
MCC5056,215,48,2025-08-19,Goute très bon
MCC5486,313,139,2025-11-23,Super belle plante
MCC5486,693,189,2025-12-03,Plante un peu croche
MCC5486,82,2,2025-12-24,Plante un peu croche
MCA1517,91,652,2025-06-12,Plante un peu croche
MCA1517,28,401,2025-09-10,Plante un peu croche
MCC4162,480,562,2025-09-23,Un chevreuil est passé par là
MCC4162,326,138,2025-08-02,Plante un peu croche
MCC4162,282,964,2025-10-20,Super belle plante
MCC4162,159,420,2025-11-19,Goute très bon
MCC4162,811,217,2025-08-26,Super belle plante
MCC4162,795,550,2025-06-13,Goute très bon
MCC4162,530,310,2025-12-02,Goute très bon
MCC7968,751,726,2025-06-01,Plante un peu croche
MCC7968,651,439,2025-11-25,Un chevreuil est passé par là
MCC7968,205,415,2025-09-04,Un chevreuil est passé par là
MCC7968,534,627,2025-11-02,Super belle plante
MCC7968,170,557,2025-12-18,Goute très bon
MCC7968,880,98,2025-11-16,Un chevreuil est passé par là
MCC4138,361,884,2025-12-19,Belle forme pour celle-ci!
MCC4138,375,762,2025-07-05,Un chevreuil est passé par là
MCC4138,269,443,2025-10-09,Belle forme pour celle-ci!
MCC4138,203,511,2025-07-22,Super belle plante
MCC4138,593,943,2025-07-16,Super belle plante
MCA1063,190,683,2025-10-12,Plante un peu croche
MCA1063,161,357,2025-06-19,Un chevreuil est passé par là
MCA1063,351,336,2025-11-30,Goute très bon
MCA1063,392,794,2025-09-19,Belle forme pour celle-ci!
MCA1063,841,548,2025-11-24,Goute très bon
MCA4491,559,281,2025-11-28,Un chevreuil est passé par là
MCA4491,132,796,2025-06-24,Goute très bon
MCA4491,249,536,2025-09-03,Goute très bon
MCA4491,965,591,2025-08-02,Plante un peu croche
MCC2980,755,950,2025-07-21,Belle forme pour celle-ci!
MCC2980,185,608,2025-06-12,Goute très bon
MCC2980,435,852,2025-09-24,Un chevreuil est passé par là
MCC2980,162,726,2025-09-18,Belle forme pour celle-ci!
MCC2980,79,73,2025-11-18,Plante un peu croche
MCB1565,616,262,2025-07-29,Plante un peu croche
MCB1565,671,481,2025-07-27,Un chevreuil est passé par là
MCB1565,620,160,2025-07-05,Belle forme pour celle-ci!
MCB1565,325,232,2025-11-12,Belle forme pour celle-ci!
MCB1565,595,615,2025-10-03,Super belle plante
MCB1565,78,233,2025-12-27,Belle forme pour celle-ci!
MCA1161,502,165,2025-11-23,Plante un peu croche
MCA1161,620,118,2025-07-24,Un chevreuil est passé par là
MCA1161,665,788,2025-08-09,Un chevreuil est passé par là
MCA1161,386,152,2025-07-28,Un chevreuil est passé par là
MCA1161,830,655,2025-11-28,Goute très bon
MCA1161,717,254,2025-06-16,Un chevreuil est passé par là
MCB8437,802,987,2025-09-13,Goute très bon
MCB8437,668,219,2025-08-06,Belle forme pour celle-ci!
MCB8437,527,90,2025-09-19,Goute très bon
MCB8437,877,780,2025-12-30,Goute très bon
MCB8437,243,897,2025-09-12,Super belle plante
MCB8437,37,715,2025-11-27,Un chevreuil est passé par là
MCB8437,623,989,2025-12-09,Super belle plante
MCC2134,46,659,2025-11-03,Super belle plante
MCC2134,324,502,2025-09-29,Plante un peu croche
MCC2134,696,181,2025-08-17,Plante un peu croche
MCC2134,894,381,2025-12-28,Goute très bon
MCC2134,936,820,2025-10-27,Plante un peu croche
MCC1224,104,241,2025-09-10,Goute très bon
MCC1224,698,942,2025-07-03,Plante un peu croche
MCC1224,135,540,2025-08-28,Goute très bon
MCC1224,268,692,2025-07-12,Goute très bon
MCC1224,961,684,2025-10-08,Goute très bon
MCC1224,148,67,2025-09-03,Un chevreuil est passé par là
MCB5904,597,136,2025-07-07,Belle forme pour celle-ci!
MCB5904,257,889,2025-06-04,Goute très bon
MCC3174,738,566,2025-06-12,Un chevreuil est passé par là
MCC3174,917,101,2025-06-09,Goute très bon
MCC3174,720,117,2025-10-31,Goute très bon
MCC3174,282,140,2025-07-14,Belle forme pour celle-ci!
MCC3174,481,923,2025-12-28,Plante un peu croche
MCC3174,622,890,2025-09-26,Super belle plante
MCC0427,424,605,2025-09-02,Super belle plante
MCC0427,168,174,2025-12-22,Un chevreuil est passé par là
MCC0427,654,82,2025-06-25,Super belle plante
MCC0427,634,18,2025-09-19,Belle forme pour celle-ci!
MCC0427,469,392,2025-06-06,Belle forme pour celle-ci!
MCC0427,730,751,2025-06-26,Plante un peu croche
MCC0427,246,482,2025-10-17,Belle forme pour celle-ci!
MCB2339,212,289,2025-10-18,Super belle plante
MCC9443,732,930,2025-06-03,Un chevreuil est passé par là
MCC9443,958,216,2025-09-14,Un chevreuil est passé par là
MCC9443,849,587,2025-09-29,Plante un peu croche
MCC9443,595,709,2025-11-01,Plante un peu croche
MCC9443,780,512,2025-06-20,Super belle plante
MCC9443,591,324,2025-10-24,Goute très bon
MCC9443,517,542,2025-10-21,Plante un peu croche
MCB9038,961,682,2025-08-26,Super belle plante
MCB1789,399,375,2025-12-29,Goute très bon
MCB1789,522,646,2025-08-09,Goute très bon
MCB1789,52,185,2025-07-30,Belle forme pour celle-ci!
MCB1789,585,206,2025-10-22,Goute très bon
MCB1789,192,10,2025-06-26,Plante un peu croche
MCB1789,748,919,2025-10-18,Un chevreuil est passé par là
MCA4336,761,778,2025-12-28,Belle forme pour celle-ci!
MCA4336,614,60,2025-12-01,Super belle plante
MCA4336,119,446,2025-06-08,Goute très bon
MCA4336,926,868,2025-12-29,Belle forme pour celle-ci!
MCA4336,172,660,2025-10-12,Goute très bon
MCA4336,642,207,2025-11-04,Plante un peu croche
MCA4336,827,725,2025-07-11,Plante un peu croche
MCA4818,580,685,2025-06-23,Un chevreuil est passé par là
MCA4818,170,842,2025-07-25,Un chevreuil est passé par là
MCA4818,8,922,2025-06-10,Belle forme pour celle-ci!
MCA4818,228,586,2025-06-01,Plante un peu croche
MCA4818,963,791,2025-08-07,Super belle plante
MCA4818,488,23,2025-06-30,Un chevreuil est passé par là
MCB9528,321,901,2025-09-06,Belle forme pour celle-ci!
MCB4091,394,814,2025-07-18,Super belle plante
MCB4091,432,752,2025-06-05,Goute très bon
MCC0809,42,612,2025-12-16,Un chevreuil est passé par là
MCC0809,457,607,2025-12-08,Goute très bon
MCC0809,721,849,2025-06-15,Super belle plante
MCC2734,965,7,2025-09-12,Belle forme pour celle-ci!
MCC2734,231,739,2025-10-06,Super belle plante
MCC2734,182,288,2025-12-15,Un chevreuil est passé par là
MCC2734,132,260,2025-11-17,Goute très bon
MCA9388,736,921,2025-10-11,Un chevreuil est passé par là
MCA9388,39,997,2025-08-07,Plante un peu croche
MCA9388,765,838,2025-07-15,Super belle plante
MCA5286,671,599,2025-06-27,Super belle plante
MCA5286,631,259,2025-08-22,Super belle plante
MCA5286,256,779,2025-06-08,Super belle plante
MCA5286,751,865,2025-10-29,Plante un peu croche
MCA5286,176,607,2025-08-18,Belle forme pour celle-ci!
MCA5286,478,676,2025-08-11,Plante un peu croche
MCA5286,495,483,2025-06-15,Belle forme pour celle-ci!
MCA9989,277,109,2025-06-18,Goute très bon
MCA9989,766,85,2025-12-18,Goute très bon
MCA9989,380,376,2025-08-07,Goute très bon
MCA9989,217,140,2025-10-12,Plante un peu croche
MCA9989,222,45,2025-09-14,Plante un peu croche
MCB0106,936,39,2025-08-17,Plante un peu croche
MCB0106,978,476,2025-11-09,Un chevreuil est passé par là
MCB0106,200,423,2025-06-30,Un chevreuil est passé par là
MCB0106,183,335,2025-06-13,Goute très bon
MCB0106,527,673,2025-07-21,Un chevreuil est passé par là
MCB2857,795,80,2025-08-15,Plante un peu croche
MCB2857,213,405,2025-07-31,Goute très bon
MCB2857,907,486,2025-10-22,Un chevreuil est passé par là
MCB2857,409,853,2025-11-01,Goute très bon
MCC9032,789,778,2025-06-27,Super belle plante
MCC9032,154,661,2025-10-08,Super belle plante
MCC9032,830,557,2025-09-17,Belle forme pour celle-ci!
MCB2555,3,161,2025-07-15,Un chevreuil est passé par là
MCC0407,820,349,2025-10-22,Un chevreuil est passé par là
MCC0407,533,327,2025-10-08,Un chevreuil est passé par là
MCC0407,65,452,2025-08-13,Goute très bon
MCC0407,157,974,2025-11-06,Goute très bon
MCC0407,155,640,2025-09-12,Un chevreuil est passé par là
MCC0407,82,883,2025-07-02,Goute très bon
MCC0407,19,105,2025-08-29,Super belle plante
MCC3025,932,644,2025-08-08,Belle forme pour celle-ci!
MCC3025,137,763,2025-10-20,Super belle plante
MCC3025,807,280,2025-11-14,Belle forme pour celle-ci!
MCC3025,322,40,2025-10-03,Plante un peu croche
MCC3025,225,103,2025-08-03,Goute très bon
MCC3025,606,657,2025-12-15,Goute très bon
MCC3025,240,488,2025-08-23,Plante un peu croche
MCC4898,718,896,2025-08-02,Goute très bon
MCC4898,718,66,2025-10-27,Belle forme pour celle-ci!
MCC4898,618,108,2025-08-18,Goute très bon
MCC4898,277,362,2025-07-26,Plante un peu croche
MCC4898,194,200,2025-11-07,Belle forme pour celle-ci!
MCC0340,189,196,2025-08-04,Belle forme pour celle-ci!
MCB8245,187,38,2025-10-22,Belle forme pour celle-ci!
MCB8245,607,611,2025-09-22,Plante un peu croche
MCB8245,887,128,2025-06-10,Super belle plante
MCB8245,523,109,2025-09-01,Belle forme pour celle-ci!
MCC7951,86,621,2025-11-17,Super belle plante
MCC7951,24,557,2025-09-27,Super belle plante
MCC7951,995,359,2025-12-06,Belle forme pour celle-ci!
MCC7951,297,910,2025-06-28,Goute très bon
MCC7951,175,849,2025-10-20,Belle forme pour celle-ci!
MCA1926,975,66,2025-09-09,Un chevreuil est passé par là
MCA1926,531,117,2025-10-30,Belle forme pour celle-ci!
MCA1926,938,416,2025-10-15,Belle forme pour celle-ci!
MCA1926,699,20,2025-07-20,Un chevreuil est passé par là
MCA1926,150,997,2025-07-12,Goute très bon
MCA1926,939,85,2025-09-17,Plante un peu croche
MCC3572,679,86,2025-07-02,Super belle plante
MCC3572,136,183,2025-07-13,Belle forme pour celle-ci!
MCC6017,630,188,2025-07-31,Belle forme pour celle-ci!
MCA2524,932,104,2025-11-10,Belle forme pour celle-ci!
MCC2169,680,672,2025-09-13,Plante un peu croche
MCC2169,480,511,2025-09-17,Plante un peu croche
MCC2169,523,826,2025-11-23,Un chevreuil est passé par là
MCB0816,401,238,2025-07-08,Un chevreuil est passé par là
MCB0816,493,4,2025-10-12,Plante un peu croche
MCA3573,846,283,2025-12-18,Super belle plante
MCB9351,493,837,2025-11-10,Goute très bon
MCB7867,239,806,2025-08-07,Goute très bon
MCB7867,201,219,2025-08-23,Plante un peu croche
MCB7867,338,996,2025-06-06,Belle forme pour celle-ci!
MCB7867,18,518,2025-09-10,Belle forme pour celle-ci!
MCB7867,610,740,2025-11-24,Belle forme pour celle-ci!
MCB7867,542,17,2025-10-25,Un chevreuil est passé par là
MCB0525,854,63,2025-06-25,Goute très bon
MCB0525,852,609,2025-06-19,Un chevreuil est passé par là
MCB0525,436,845,2025-10-15,Un chevreuil est passé par là
MCB0525,295,592,2025-10-29,Super belle plante
MCB0525,546,437,2025-12-15,Belle forme pour celle-ci!
MCA5032,138,681,2025-06-06,Super belle plante
MCA5032,853,542,2025-07-24,Plante un peu croche
MCA5032,933,307,2025-10-19,Un chevreuil est passé par là
MCB8003,666,923,2025-09-26,Belle forme pour celle-ci!
MCB8003,711,497,2025-12-02,Plante un peu croche
MCB8003,345,227,2025-11-08,Belle forme pour celle-ci!
MCB8003,609,746,2025-09-02,Plante un peu croche
MCB8003,209,361,2025-07-08,Super belle plante
MCB8003,110,569,2025-09-10,Belle forme pour celle-ci!
MCB8003,565,597,2025-07-25,Un chevreuil est passé par là
MCB0622,1,38,2025-10-08,Belle forme pour celle-ci!
MCB0622,907,888,2025-11-28,Super belle plante
MCB0622,945,438,2025-09-18,Belle forme pour celle-ci!
MCC6060,695,411,2025-10-24,Un chevreuil est passé par là
MCC6060,945,195,2025-06-22,Super belle plante
MCC6060,492,383,2025-07-13,Goute très bon
MCC6060,278,655,2025-09-14,Un chevreuil est passé par là
MCC6060,701,516,2025-09-13,Super belle plante
MCC6060,520,936,2025-11-12,Plante un peu croche
MCC6060,973,923,2025-09-05,Un chevreuil est passé par là
MCC7729,73,18,2025-06-22,Plante un peu croche
MCC7729,890,951,2025-12-28,Goute très bon
MCC7729,830,642,2025-09-13,Plante un peu croche
MCC7729,624,507,2025-12-04,Super belle plante
MCC7729,413,412,2025-12-20,Un chevreuil est passé par là
MCC7729,12,306,2025-11-30,Belle forme pour celle-ci!
MCB7154,464,635,2025-09-17,Un chevreuil est passé par là
MCB7154,517,263,2025-10-16,Goute très bon
MCB7154,591,221,2025-11-17,Belle forme pour celle-ci!
MCB7154,416,91,2025-08-24,Goute très bon
MCB7154,433,876,2025-07-28,Belle forme pour celle-ci!
MCB6498,688,835,2025-11-05,Super belle plante
MCB6498,12,36,2025-08-04,Super belle plante
MCB6498,652,317,2025-10-18,Belle forme pour celle-ci!
MCB6498,616,633,2025-11-06,Goute très bon
MCC4109,780,834,2025-09-14,Belle forme pour celle-ci!
MCC4109,327,244,2025-07-14,Goute très bon
MCC4109,588,419,2025-10-27,Plante un peu croche
MCC4109,681,850,2025-06-26,Un chevreuil est passé par là
MCC4109,724,539,2025-12-11,Plante un peu croche
MCC4109,473,485,2025-12-01,Plante un peu croche
MCC4109,615,737,2025-06-29,Belle forme pour celle-ci!
MCA4592,662,907,2025-10-07,Super belle plante
MCA4592,245,470,2025-10-01,Plante un peu croche
MCA0666,156,955,2025-09-02,Plante un peu croche
MCA0666,261,805,2025-10-08,Plante un peu croche
MCA0666,148,17,2025-11-30,Goute très bon
MCA0666,248,531,2025-12-03,Belle forme pour celle-ci!
MCB2410,270,623,2025-06-02,Un chevreuil est passé par là
MCB2410,343,373,2025-07-09,Plante un peu croche
MCB2410,695,255,2025-07-13,Plante un peu croche
MCB2410,698,811,2025-08-13,Belle forme pour celle-ci!
MCB2410,13,331,2025-06-19,Un chevreuil est passé par là
MCB2410,766,657,2025-08-27,Un chevreuil est passé par là
MCB2410,858,386,2025-10-17,Belle forme pour celle-ci!
MCA7121,280,983,2025-12-07,Super belle plante
MCA7121,488,592,2025-09-10,Un chevreuil est passé par là
MCA1931,474,924,2025-09-06,Goute très bon
MCA1931,502,94,2025-07-02,Super belle plante
MCA1931,701,121,2025-10-11,Goute très bon
MCA1931,537,848,2025-10-29,Super belle plante
MCC0530,368,269,2025-09-05,Un chevreuil est passé par là
MCB0305,930,344,2025-08-27,Un chevreuil est passé par là
MCB0305,465,472,2025-09-24,Goute très bon
MCB0305,836,512,2025-10-27,Belle forme pour celle-ci!
MCB0305,276,994,2025-07-30,Goute très bon
MCA3394,433,810,2025-07-24,Super belle plante
MCA3394,957,422,2025-07-17,Super belle plante
MCA3394,606,11,2025-11-15,Belle forme pour celle-ci!
MCA3394,258,201,2025-10-12,Goute très bon
MCA3394,823,864,2025-12-01,Plante un peu croche
MCB9660,295,693,2025-11-26,Plante un peu croche
MCB9660,23,923,2025-11-14,Plante un peu croche
MCB9660,497,661,2025-06-06,Goute très bon
MCB9660,78,101,2025-09-13,Plante un peu croche
MCB6954,553,170,2025-08-06,Un chevreuil est passé par là
MCB6954,606,280,2025-08-02,Super belle plante
MCB6954,534,745,2025-10-03,Belle forme pour celle-ci!
MCB6954,193,393,2025-11-05,Belle forme pour celle-ci!
MCB6954,178,6,2025-12-01,Belle forme pour celle-ci!
MCB6954,207,533,2025-07-19,Super belle plante
MCB1749,96,954,2025-07-14,Belle forme pour celle-ci!
MCB1749,416,508,2025-07-04,Super belle plante
MCA0649,681,878,2025-11-11,Goute très bon
MCA0649,249,790,2025-10-27,Plante un peu croche
MCA0649,533,156,2025-07-17,Belle forme pour celle-ci!
MCA0649,666,690,2025-11-22,Belle forme pour celle-ci!
MCA0649,385,601,2025-10-07,Belle forme pour celle-ci!
MCA8918,318,433,2025-06-12,Un chevreuil est passé par là
MCA8918,864,386,2025-09-04,Super belle plante
MCB5539,957,254,2025-06-13,Un chevreuil est passé par là
MCB5539,964,421,2025-09-03,Plante un peu croche
MCA4064,288,539,2025-08-19,Super belle plante
MCA4064,493,88,2025-09-04,Un chevreuil est passé par là
MCA4064,339,491,2025-07-14,Goute très bon
MCA4064,974,936,2025-12-24,Un chevreuil est passé par là
MCA4064,889,793,2025-07-29,Goute très bon
MCA4064,588,663,2025-10-03,Plante un peu croche
MCA6259,878,782,2025-09-21,Belle forme pour celle-ci!
MCA6259,608,680,2025-06-23,Un chevreuil est passé par là
MCA6259,12,506,2025-12-09,Plante un peu croche
MCA6259,411,644,2025-07-22,Goute très bon
MCA6259,488,813,2025-12-07,Goute très bon
MCA6259,607,243,2025-12-17,Plante un peu croche
MCC6144,648,212,2025-10-06,Plante un peu croche
MCC6144,954,694,2025-10-30,Un chevreuil est passé par là
MCC6144,790,517,2025-06-06,Belle forme pour celle-ci!
MCA9599,485,416,2025-09-04,Goute très bon
MCA9599,703,879,2025-12-11,Super belle plante
MCA9599,302,524,2025-09-01,Un chevreuil est passé par là
MCA9599,284,49,2025-11-12,Super belle plante
MCA9599,398,889,2025-08-12,Belle forme pour celle-ci!
MCA9599,171,743,2025-11-08,Belle forme pour celle-ci!
MCA9599,821,802,2025-10-24,Belle forme pour celle-ci!
MCB6490,41,80,2025-09-12,Plante un peu croche
MCB3174,306,589,2025-11-30,Goute très bon
MCA1731,215,121,2025-06-08,Un chevreuil est passé par là
MCA1731,794,700,2025-08-07,Plante un peu croche
MCA1731,109,619,2025-06-26,Un chevreuil est passé par là
MCA8583,75,836,2025-07-13,Goute très bon
MCA8583,880,845,2025-09-26,Belle forme pour celle-ci!
MCA8583,997,345,2025-09-02,Super belle plante
MCA8583,378,871,2025-10-10,Un chevreuil est passé par là
MCA8583,858,497,2025-07-11,Goute très bon
MCA8583,434,270,2025-11-12,Goute très bon
MCA8583,792,231,2025-10-01,Super belle plante
MCB6698,527,599,2025-08-18,Belle forme pour celle-ci!
MCB6698,479,317,2025-10-12,Belle forme pour celle-ci!
MCB6698,912,763,2025-11-13,Goute très bon
MCB6698,580,805,2025-06-03,Super belle plante
MCB6698,488,151,2025-10-26,Plante un peu croche
MCB6698,240,239,2025-08-15,Goute très bon
MCB5963,53,803,2025-09-06,Goute très bon
MCB5963,445,822,2025-11-30,Plante un peu croche
MCB5963,90,843,2025-06-11,Goute très bon
MCA7782,473,2,2025-10-11,Belle forme pour celle-ci!
MCA7782,83,560,2025-12-20,Un chevreuil est passé par là
MCA7782,76,947,2025-12-28,Goute très bon
MCA7782,20,867,2025-06-29,Belle forme pour celle-ci!
MCA7782,317,594,2025-06-28,Un chevreuil est passé par là
MCA7782,803,123,2025-10-12,Super belle plante
MCA1431,163,227,2025-09-06,Belle forme pour celle-ci!
MCA1431,775,75,2025-12-15,Plante un peu croche
MCA0705,99,458,2025-07-16,Goute très bon
MCC2254,312,764,2025-08-08,Goute très bon
MCC2254,315,192,2025-12-12,Un chevreuil est passé par là
MCC2254,103,742,2025-11-06,Super belle plante
MCB5121,912,786,2025-11-05,Super belle plante
MCB5121,109,439,2025-06-07,Belle forme pour celle-ci!
MCC3057,881,491,2025-09-27,Super belle plante
MCA8034,367,704,2025-06-21,Un chevreuil est passé par là
MCA8034,86,105,2025-06-10,Un chevreuil est passé par là
MCA8034,367,77,2025-09-28,Super belle plante
MCA8034,470,808,2025-06-22,Un chevreuil est passé par là
MCA8034,658,489,2025-06-29,Belle forme pour celle-ci!
MCA8034,725,901,2025-08-19,Belle forme pour celle-ci!
MCC2049,139,665,2025-11-24,Goute très bon
MCC2049,289,301,2025-12-02,Super belle plante
MCC2049,746,629,2025-12-27,Goute très bon
MCC2049,747,20,2025-06-04,Goute très bon
MCC2049,987,62,2025-11-12,Goute très bon
MCC2049,210,691,2025-08-23,Un chevreuil est passé par là
MCC2049,713,248,2025-12-09,Belle forme pour celle-ci!
MCB0545,94,584,2025-08-30,Goute très bon
MCB0545,834,474,2025-10-07,Belle forme pour celle-ci!
MCB0545,729,720,2025-11-12,Belle forme pour celle-ci!
MCB0545,674,559,2025-12-14,Super belle plante
MCB0545,892,755,2025-09-01,Super belle plante
MCA1309,174,818,2025-12-28,Super belle plante
MCA1309,40,922,2025-12-01,Super belle plante
MCA1309,553,329,2025-07-21,Belle forme pour celle-ci!
MCA1309,332,884,2025-06-04,Super belle plante
MCA1309,375,24,2025-12-06,Plante un peu croche
MCA1309,515,519,2025-09-06,Un chevreuil est passé par là
MCA1309,966,468,2025-09-20,Goute très bon
MCC2297,69,794,2025-09-07,Belle forme pour celle-ci!
MCB9464,147,61,2025-07-31,Belle forme pour celle-ci!
MCB9464,927,871,2025-08-12,Goute très bon
MCB9464,918,355,2025-09-16,Goute très bon
MCB9464,920,855,2025-09-29,Un chevreuil est passé par là
MCB9464,659,807,2025-06-11,Belle forme pour celle-ci!
MCB9464,266,547,2025-06-27,Belle forme pour celle-ci!
MCC2638,308,146,2025-09-25,Super belle plante
MCC2638,29,373,2025-09-21,Goute très bon
MCC2638,544,365,2025-10-10,Super belle plante
MCA1213,866,421,2025-10-20,Goute très bon
MCA1213,107,12,2025-08-22,Super belle plante
MCA1213,231,728,2025-06-29,Belle forme pour celle-ci!
MCA1213,937,662,2025-09-18,Un chevreuil est passé par là
MCC6087,592,785,2025-11-26,Goute très bon
MCC6087,513,239,2025-07-24,Goute très bon
MCC6087,564,910,2025-08-03,Un chevreuil est passé par là
MCC6087,600,932,2025-11-08,Belle forme pour celle-ci!
MCC6087,503,511,2025-07-10,Goute très bon
MCC6087,627,915,2025-09-08,Belle forme pour celle-ci!
MCC6087,593,137,2025-08-27,Plante un peu croche
MCC8521,261,964,2025-06-16,Goute très bon
MCC8521,927,727,2025-08-20,Super belle plante
MCC8521,989,496,2025-09-18,Belle forme pour celle-ci!
MCC2101,956,474,2025-11-13,Plante un peu croche
MCC2101,899,401,2025-08-11,Plante un peu croche
MCC2101,983,146,2025-12-03,Belle forme pour celle-ci!
MCC8609,721,936,2025-09-27,Un chevreuil est passé par là
MCC8609,589,130,2025-06-15,Super belle plante
MCC8609,906,519,2025-06-17,Un chevreuil est passé par là
MCC8609,331,800,2025-08-12,Super belle plante
MCC8609,328,556,2025-06-11,Un chevreuil est passé par là
MCC8609,297,550,2025-06-09,Plante un peu croche
MCC8609,598,762,2025-12-12,Belle forme pour celle-ci!
MCA0077,290,859,2025-07-20,Super belle plante
MCA0077,691,15,2025-10-16,Goute très bon
MCB5625,492,998,2025-10-17,Plante un peu croche
MCC0904,444,998,2025-11-15,Belle forme pour celle-ci!
MCC0904,532,461,2025-10-01,Plante un peu croche
MCC0904,540,183,2025-10-09,Un chevreuil est passé par là
MCC0904,243,210,2025-08-22,Super belle plante
MCC0904,422,623,2025-12-24,Goute très bon
MCC8039,601,641,2025-06-15,Un chevreuil est passé par là
MCC8039,137,797,2025-10-12,Plante un peu croche
MCC8039,714,584,2025-08-22,Goute très bon
MCA7532,31,503,2025-07-17,Un chevreuil est passé par là
MCC9589,27,838,2025-10-27,Un chevreuil est passé par là
MCC9589,679,147,2025-09-02,Belle forme pour celle-ci!
MCC9589,107,469,2025-07-30,Un chevreuil est passé par là
MCC9589,113,418,2025-12-27,Super belle plante
MCA7421,376,955,2025-06-23,Un chevreuil est passé par là
MCA7421,919,223,2025-06-10,Belle forme pour celle-ci!
MCA7421,667,994,2025-09-30,Goute très bon
MCA7421,927,321,2025-08-12,Un chevreuil est passé par là
MCA7421,855,169,2025-09-11,Un chevreuil est passé par là
MCA7421,542,498,2025-11-26,Un chevreuil est passé par là
MCC7574,223,416,2025-10-18,Plante un peu croche
MCC7574,977,228,2025-12-10,Goute très bon
MCC7574,749,176,2025-12-15,Goute très bon
MCC7574,55,962,2025-11-29,Super belle plante
MCC9174,197,439,2025-09-03,Super belle plante
MCC9174,767,704,2025-08-21,Belle forme pour celle-ci!
MCC9174,870,84,2025-06-19,Goute très bon
MCC9174,696,845,2025-10-20,Plante un peu croche
MCC0146,339,989,2025-06-10,Goute très bon
MCC0146,661,368,2025-06-02,Goute très bon
MCC0146,845,831,2025-10-15,Plante un peu croche
MCC0146,238,283,2025-10-01,Un chevreuil est passé par là
MCB1328,810,658,2025-11-21,Un chevreuil est passé par là
MCB1328,43,221,2025-12-24,Super belle plante
MCB1328,339,899,2025-08-09,Super belle plante
MCA7580,173,920,2025-06-05,Super belle plante
MCA7580,273,557,2025-11-14,Plante un peu croche
MCA7580,636,677,2025-09-06,Goute très bon
MCA7580,987,289,2025-08-30,Un chevreuil est passé par là
MCA6272,231,654,2025-07-27,Goute très bon
MCA2491,663,517,2025-11-22,Plante un peu croche
MCA2491,986,538,2025-10-23,Belle forme pour celle-ci!
MCC9390,261,994,2025-07-10,Plante un peu croche
MCC9390,697,98,2025-08-08,Un chevreuil est passé par là
MCC9390,174,88,2025-08-13,Plante un peu croche
MCC9390,213,870,2025-07-21,Belle forme pour celle-ci!
MCC9390,539,638,2025-10-08,Plante un peu croche
MCC9390,689,168,2025-11-10,Goute très bon
MCC9390,848,244,2025-12-25,Super belle plante
MCC7221,469,660,2025-06-22,Goute très bon
MCA7818,243,466,2025-08-02,Goute très bon
MCA7818,791,67,2025-09-21,Plante un peu croche
MCA7818,123,921,2025-08-13,Plante un peu croche
MCA7818,713,96,2025-08-09,Super belle plante
MCA7818,297,168,2025-10-11,Un chevreuil est passé par là
MCB1814,344,863,2025-12-11,Plante un peu croche
MCB1814,352,630,2025-12-29,Un chevreuil est passé par là
MCB1814,583,639,2025-07-20,Un chevreuil est passé par là
MCB1814,951,622,2025-06-21,Un chevreuil est passé par là
MCB1814,291,24,2025-06-04,Un chevreuil est passé par là
MCB6884,111,707,2025-08-22,Belle forme pour celle-ci!
MCB6884,975,752,2025-09-13,Plante un peu croche
MCB6884,129,116,2025-10-21,Belle forme pour celle-ci!
MCB6884,727,360,2025-08-30,Belle forme pour celle-ci!
MCB6884,266,624,2025-09-29,Plante un peu croche
MCB6884,824,396,2025-11-26,Goute très bon
MCB2487,138,918,2025-07-17,Goute très bon
MCB2487,924,6,2025-12-05,Un chevreuil est passé par là
MCB2487,734,753,2025-09-03,Super belle plante
MCB2487,983,655,2025-10-18,Super belle plante
MCB2487,919,839,2025-08-08,Plante un peu croche
MCB2487,761,85,2025-11-20,Super belle plante
MCB8783,385,451,2025-11-12,Un chevreuil est passé par là
MCA8744,657,195,2025-06-02,Goute très bon
MCA8744,410,406,2025-10-01,Super belle plante
MCA8744,452,452,2025-07-28,Super belle plante
MCA8744,487,388,2025-07-25,Goute très bon
MCA8744,839,419,2025-09-02,Un chevreuil est passé par là
MCC2653,805,296,2025-11-29,Un chevreuil est passé par là
MCC2653,548,70,2025-06-03,Goute très bon
MCC2653,591,347,2025-10-05,Super belle plante
MCC2653,145,326,2025-08-08,Goute très bon
MCC2653,28,708,2025-07-09,Goute très bon
MCC2653,154,640,2025-06-02,Un chevreuil est passé par là
MCB3632,895,229,2025-11-03,Un chevreuil est passé par là
MCB3632,101,228,2025-11-23,Super belle plante
MCB3632,863,783,2025-10-23,Super belle plante
MCB3632,791,531,2025-12-15,Plante un peu croche
MCB3632,829,954,2025-10-14,Un chevreuil est passé par là
MCB3632,248,696,2025-12-22,Super belle plante
MCB3632,386,474,2025-11-21,Un chevreuil est passé par là
MCB1519,876,864,2025-09-18,Goute très bon
MCB1519,349,440,2025-09-29,Un chevreuil est passé par là
MCB1519,664,816,2025-08-11,Super belle plante
MCB1519,753,836,2025-09-01,Goute très bon
MCB1519,200,575,2025-09-22,Super belle plante
MCB1519,516,189,2025-10-12,Goute très bon
MCC7699,554,277,2025-06-20,Super belle plante
MCC7699,646,508,2025-11-20,Belle forme pour celle-ci!
MCC7513,410,228,2025-07-19,Super belle plante
MCC1310,23,819,2025-08-09,Super belle plante
MCB7913,161,789,2025-11-05,Super belle plante
MCB7913,758,272,2025-06-19,Belle forme pour celle-ci!
MCB7913,746,404,2025-07-13,Plante un peu croche
MCB7913,454,146,2025-08-05,Super belle plante
MCB7913,568,487,2025-06-16,Belle forme pour celle-ci!
MCB7913,452,944,2025-08-11,Belle forme pour celle-ci!
MCB7065,936,932,2025-07-16,Un chevreuil est passé par là
MCB7065,399,815,2025-09-23,Super belle plante
MCB7065,152,781,2025-12-09,Goute très bon
MCB7065,527,907,2025-08-14,Belle forme pour celle-ci!
MCB7065,374,492,2025-06-17,Plante un peu croche
MCB7065,785,349,2025-08-02,Plante un peu croche
MCB7065,670,775,2025-12-08,Belle forme pour celle-ci!
MCC0389,365,996,2025-07-26,Belle forme pour celle-ci!
MCC0389,399,943,2025-10-17,Un chevreuil est passé par là
MCC9522,744,511,2025-12-13,Un chevreuil est passé par là
MCC8662,736,9,2025-12-07,Un chevreuil est passé par là
MCC8662,40,333,2025-10-19,Un chevreuil est passé par là
MCC8662,298,527,2025-09-23,Un chevreuil est passé par là
MCC8662,46,7,2025-12-11,Belle forme pour celle-ci!
MCC1294,320,787,2025-11-28,Super belle plante
MCC1294,938,536,2025-10-16,Un chevreuil est passé par là
MCC1294,918,638,2025-08-18,Un chevreuil est passé par là
MCC1294,916,566,2025-09-20,Super belle plante
MCA1458,106,463,2025-07-19,Plante un peu croche
MCA1458,564,633,2025-06-27,Super belle plante
MCA1458,189,880,2025-09-13,Super belle plante
MCA1458,19,893,2025-11-30,Un chevreuil est passé par là
MCA1458,832,99,2025-12-06,Un chevreuil est passé par là
MCB0077,32,920,2025-09-21,Belle forme pour celle-ci!
MCB0077,229,216,2025-12-12,Un chevreuil est passé par là
MCB0077,918,608,2025-09-10,Goute très bon
MCB8451,130,755,2025-06-16,Un chevreuil est passé par là
MCB8451,450,809,2025-08-27,Plante un peu croche
MCB8451,207,544,2025-10-24,Belle forme pour celle-ci!
MCB8451,653,497,2025-06-25,Plante un peu croche
MCB1979,711,680,2025-08-20,Un chevreuil est passé par là
MCB1979,505,204,2025-08-18,Belle forme pour celle-ci!
MCB1979,893,384,2025-11-04,Goute très bon
MCB1979,672,842,2025-09-19,Belle forme pour celle-ci!
MCB1979,210,178,2025-09-01,Belle forme pour celle-ci!
MCB1979,193,1,2025-07-10,Belle forme pour celle-ci!
MCB2326,697,257,2025-07-29,Un chevreuil est passé par là
MCB2326,511,309,2025-12-27,Super belle plante
MCA8037,826,815,2025-12-15,Goute très bon
MCB2572,315,806,2025-12-12,Plante un peu croche
MCB2572,689,98,2025-11-20,Un chevreuil est passé par là
MCB2572,937,210,2025-12-15,Goute très bon
MCB2572,818,972,2025-06-29,Un chevreuil est passé par là
MCB2572,356,314,2025-11-28,Un chevreuil est passé par là
MCB2572,388,669,2025-11-01,Belle forme pour celle-ci!
MCB7998,527,290,2025-11-16,Un chevreuil est passé par là
MCB7998,947,60,2025-12-29,Plante un peu croche
MCB7998,363,106,2025-12-28,Goute très bon
MCB7998,2,718,2025-07-11,Super belle plante
MCC0152,321,50,2025-08-22,Belle forme pour celle-ci!
MCA5946,632,881,2025-11-22,Un chevreuil est passé par là
MCA5946,551,572,2025-08-11,Plante un peu croche
MCA5946,650,481,2025-11-09,Plante un peu croche
MCB0676,73,893,2025-07-02,Super belle plante
MCB0676,903,54,2025-06-01,Belle forme pour celle-ci!
MCB0676,972,981,2025-08-08,Super belle plante
MCB0676,286,730,2025-11-10,Goute très bon
MCB4847,693,968,2025-10-13,Super belle plante
MCB4847,376,881,2025-09-09,Super belle plante
MCB4847,470,713,2025-11-18,Un chevreuil est passé par là
MCB4847,899,827,2025-08-23,Plante un peu croche
MCA2291,817,857,2025-06-16,Goute très bon
MCA2291,672,869,2025-10-12,Super belle plante
MCA2291,970,479,2025-09-10,Un chevreuil est passé par là
MCA2291,585,249,2025-06-01,Un chevreuil est passé par là
MCA2373,834,933,2025-11-21,Goute très bon
MCA2373,563,739,2025-08-28,Plante un peu croche
MCB5525,405,656,2025-09-18,Goute très bon
MCB5525,989,714,2025-10-11,Plante un peu croche
MCB5525,287,870,2025-11-03,Super belle plante
MCB5525,399,944,2025-07-13,Super belle plante
MCB5525,789,992,2025-12-18,Goute très bon
MCC9057,871,535,2025-06-13,Un chevreuil est passé par là
MCB2974,360,124,2025-09-01,Plante un peu croche
MCB4328,181,494,2025-10-05,Un chevreuil est passé par là
MCB4328,467,120,2025-08-01,Goute très bon
MCB4328,123,856,2025-08-02,Un chevreuil est passé par là
MCB4328,292,647,2025-10-10,Belle forme pour celle-ci!
MCB4328,266,923,2025-09-08,Goute très bon
MCB4328,183,523,2025-08-19,Goute très bon
MCC1704,36,625,2025-12-15,Belle forme pour celle-ci!
MCC1704,783,331,2025-07-17,Un chevreuil est passé par là
MCC1704,21,504,2025-11-30,Belle forme pour celle-ci!
MCC1704,560,862,2025-09-15,Un chevreuil est passé par là
MCC1704,431,175,2025-10-22,Super belle plante
MCA6740,681,702,2025-06-09,Belle forme pour celle-ci!
MCA6740,965,665,2025-08-11,Plante un peu croche
MCA6740,194,889,2025-11-15,Belle forme pour celle-ci!
MCA6740,766,7,2025-08-26,Un chevreuil est passé par là
MCA6740,229,606,2025-12-08,Belle forme pour celle-ci!
MCA6740,16,291,2025-11-14,Belle forme pour celle-ci!
MCA5362,8,98,2025-08-31,Super belle plante
MCA5362,497,549,2025-09-06,Plante un peu croche
MCA5362,392,955,2025-09-27,Super belle plante
MCA5362,832,755,2025-12-19,Plante un peu croche
MCB5832,724,757,2025-12-16,Belle forme pour celle-ci!
MCB5611,305,444,2025-06-16,Super belle plante
MCA6300,750,742,2025-08-08,Plante un peu croche
MCA6300,935,5,2025-09-07,Super belle plante
MCA6300,771,721,2025-10-19,Super belle plante
MCA6300,103,899,2025-10-10,Super belle plante
MCC7696,799,747,2025-07-21,Belle forme pour celle-ci!
MCC7696,974,424,2025-06-08,Belle forme pour celle-ci!
MCC7696,380,776,2025-08-26,Plante un peu croche
MCC7696,930,407,2025-10-21,Goute très bon
MCC7696,940,326,2025-11-14,Super belle plante
MCC3698,843,565,2025-06-05,Super belle plante
MCC3698,489,885,2025-09-29,Un chevreuil est passé par là
MCA9266,785,417,2025-10-19,Plante un peu croche
MCA9266,485,388,2025-09-18,Super belle plante
MCC2831,405,325,2025-10-06,Un chevreuil est passé par là
MCC3337,125,53,2025-06-04,Un chevreuil est passé par là
MCC9549,831,638,2025-06-07,Un chevreuil est passé par là
MCC9549,711,288,2025-11-10,Plante un peu croche
MCC9549,727,197,2025-06-18,Un chevreuil est passé par là
MCC9549,146,836,2025-10-15,Un chevreuil est passé par là
MCC9549,373,337,2025-10-07,Super belle plante
MCC3406,96,812,2025-11-14,Un chevreuil est passé par là
MCA5227,935,311,2025-09-15,Un chevreuil est passé par là
MCA2402,269,739,2025-06-02,Un chevreuil est passé par là
MCA2402,303,34,2025-08-31,Belle forme pour celle-ci!
MCA2402,881,238,2025-09-04,Super belle plante
MCC5070,709,856,2025-10-14,Plante un peu croche
MCB8530,559,684,2025-08-04,Goute très bon
MCB8530,817,310,2025-10-06,Super belle plante
MCB8530,240,82,2025-12-10,Belle forme pour celle-ci!
MCB8530,313,209,2025-08-19,Super belle plante
MCC6279,763,513,2025-12-12,Super belle plante
MCC6279,896,905,2025-11-29,Belle forme pour celle-ci!
MCB8758,46,90,2025-11-20,Un chevreuil est passé par là
MCC6479,518,163,2025-11-29,Plante un peu croche
MCC6479,623,674,2025-10-08,Plante un peu croche
MCC4787,513,536,2025-09-23,Super belle plante
MCC4787,142,64,2025-08-28,Un chevreuil est passé par là
MCB9947,802,480,2025-12-29,Un chevreuil est passé par là
MCB9947,580,993,2025-12-25,Plante un peu croche
MCC2786,3,880,2025-08-04,Goute très bon
MCC2786,735,83,2025-10-10,Un chevreuil est passé par là
MCC2786,303,730,2025-08-03,Super belle plante
MCC2786,912,626,2025-11-01,Super belle plante
MCC2786,277,912,2025-12-16,Plante un peu croche
MCC2786,647,902,2025-11-05,Un chevreuil est passé par là
MCA8708,639,392,2025-11-03,Plante un peu croche
MCA8708,896,822,2025-06-13,Plante un peu croche
MCC2554,489,23,2025-07-13,Super belle plante
MCA7422,918,266,2025-12-09,Plante un peu croche
MCA7422,917,842,2025-07-05,Goute très bon
MCC5833,703,948,2025-12-01,Belle forme pour celle-ci!
MCC5833,913,647,2025-12-27,Plante un peu croche
MCC5833,776,649,2025-07-30,Belle forme pour celle-ci!
MCC5833,40,781,2025-08-22,Belle forme pour celle-ci!
MCA4046,376,530,2025-07-17,Belle forme pour celle-ci!
MCA4046,520,228,2025-12-28,Un chevreuil est passé par là
MCA4046,533,346,2025-11-13,Plante un peu croche
MCA4046,53,167,2025-11-14,Super belle plante
MCA4046,412,193,2025-06-19,Super belle plante
MCA4046,221,938,2025-07-26,Goute très bon
MCB7047,125,524,2025-11-16,Goute très bon
MCB7047,497,225,2025-11-06,Un chevreuil est passé par là
MCB7047,719,951,2025-11-13,Un chevreuil est passé par là
MCB7047,267,763,2025-11-01,Super belle plante
MCB7047,62,589,2025-08-12,Goute très bon
MCB7047,446,352,2025-07-06,Super belle plante
MCB7047,106,666,2025-09-24,Goute très bon
MCB9842,995,374,2025-08-03,Super belle plante
MCB9842,792,916,2025-10-27,Super belle plante
MCB9842,283,187,2025-10-30,Belle forme pour celle-ci!
MCB9842,784,818,2025-07-30,Un chevreuil est passé par là
MCB9842,928,171,2025-09-15,Super belle plante
MCB9842,958,499,2025-10-21,Goute très bon
MCB9842,97,688,2025-10-05,Goute très bon
MCC4088,637,946,2025-06-12,Belle forme pour celle-ci!
MCC4088,395,459,2025-07-25,Plante un peu croche
MCC4088,398,50,2025-06-07,Belle forme pour celle-ci!
MCC4088,772,775,2025-07-05,Plante un peu croche
MCC5337,721,254,2025-11-24,Super belle plante
MCC5337,600,305,2025-09-22,Super belle plante
MCC5337,17,404,2025-08-10,Super belle plante
MCC5337,691,669,2025-09-21,Goute très bon
MCC5337,611,843,2025-11-21,Belle forme pour celle-ci!
MCC5337,759,798,2025-08-31,Belle forme pour celle-ci!
MCC5337,809,84,2025-08-15,Plante un peu croche
MCC2288,719,379,2025-09-21,Plante un peu croche
MCA6959,872,184,2025-11-20,Goute très bon
MCA6959,369,407,2025-07-21,Super belle plante
MCB2928,281,893,2025-08-03,Super belle plante
MCB2928,210,124,2025-09-08,Super belle plante
MCB2928,518,347,2025-11-15,Plante un peu croche
MCC1671,720,904,2025-11-25,Goute très bon
MCC1671,311,954,2025-10-09,Goute très bon
MCC1671,906,623,2025-12-09,Un chevreuil est passé par là
MCC1671,259,659,2025-12-06,Goute très bon
MCC1671,398,163,2025-12-03,Goute très bon
MCA1346,240,565,2025-06-08,Goute très bon
MCA1346,430,499,2025-07-08,Goute très bon
MCA1346,654,316,2025-09-13,Goute très bon
MCA1346,517,71,2025-11-06,Super belle plante
MCA1346,764,559,2025-06-10,Plante un peu croche
MCA1346,384,519,2025-11-01,Goute très bon
MCA2430,337,826,2025-10-19,Super belle plante
MCA1375,842,240,2025-11-18,Goute très bon
MCA1375,828,339,2025-10-07,Un chevreuil est passé par là
MCA1375,801,690,2025-11-29,Super belle plante
MCA1375,283,253,2025-08-05,Goute très bon
MCA1375,383,570,2025-07-01,Belle forme pour celle-ci!
MCA1375,769,322,2025-08-31,Belle forme pour celle-ci!
MCC1235,681,850,2025-12-07,Plante un peu croche
MCC1235,625,733,2025-11-06,Goute très bon
MCC1235,471,539,2025-07-04,Super belle plante
MCC1235,531,703,2025-10-12,Plante un peu croche
MCB9501,587,30,2025-11-19,Belle forme pour celle-ci!
MCB9501,823,311,2025-11-06,Plante un peu croche
MCB9501,753,95,2025-12-22,Un chevreuil est passé par là
MCB9501,810,705,2025-07-12,Super belle plante
MCB9501,868,805,2025-10-19,Goute très bon
MCB9501,996,388,2025-09-17,Belle forme pour celle-ci!
MCA6238,939,133,2025-07-04,Belle forme pour celle-ci!
MCA6238,690,389,2025-11-23,Belle forme pour celle-ci!
MCA6238,71,476,2025-08-26,Un chevreuil est passé par là
MCA6238,962,239,2025-09-14,Un chevreuil est passé par là
MCA6238,704,905,2025-08-09,Plante un peu croche
MCA6238,374,480,2025-07-11,Super belle plante
MCA6238,818,181,2025-08-20,Super belle plante
MCB6600,101,222,2025-07-04,Un chevreuil est passé par là
MCB6600,217,453,2025-09-30,Un chevreuil est passé par là
MCB6600,900,892,2025-10-27,Un chevreuil est passé par là
MCB6600,938,884,2025-10-05,Goute très bon
MCB6600,560,782,2025-07-10,Goute très bon
MCB6600,144,249,2025-07-30,Un chevreuil est passé par là
MCA0579,864,358,2025-11-28,Plante un peu croche
MCA0579,656,580,2025-10-06,Belle forme pour celle-ci!
MCA2109,827,702,2025-07-29,Belle forme pour celle-ci!
MCA2109,109,190,2025-08-15,Un chevreuil est passé par là
MCA2109,232,609,2025-11-30,Un chevreuil est passé par là
MCA2109,708,453,2025-07-22,Plante un peu croche
MCB8990,683,712,2025-07-28,Goute très bon
MCB8990,953,42,2025-07-09,Un chevreuil est passé par là
MCB8990,872,173,2025-08-22,Plante un peu croche
MCB8990,700,402,2025-06-20,Super belle plante
MCB8990,575,654,2025-07-25,Belle forme pour celle-ci!
MCB8990,423,175,2025-08-04,Un chevreuil est passé par là
MCC5430,73,622,2025-08-18,Belle forme pour celle-ci!
MCC5430,764,458,2025-10-17,Un chevreuil est passé par là
MCC5430,710,754,2025-12-16,Un chevreuil est passé par là
MCC5430,954,783,2025-08-12,Super belle plante
MCC5430,72,703,2025-06-23,Un chevreuil est passé par là
MCC5430,581,560,2025-08-08,Goute très bon
MCC5430,652,943,2025-10-04,Goute très bon
MCC5292,788,401,2025-11-12,Goute très bon
MCA0210,135,327,2025-08-01,Super belle plante
MCA0210,240,139,2025-08-18,Belle forme pour celle-ci!
MCA0210,839,823,2025-09-30,Un chevreuil est passé par là
MCA0210,262,741,2025-11-14,Belle forme pour celle-ci!
MCA0210,955,482,2025-10-14,Un chevreuil est passé par là
MCB3252,465,14,2025-10-25,Un chevreuil est passé par là
MCB3252,246,575,2025-08-07,Goute très bon
MCB3252,680,773,2025-07-30,Goute très bon
MCB3252,3,285,2025-09-22,Super belle plante
MCB3252,84,970,2025-09-24,Super belle plante
MCA4695,578,91,2025-11-07,Super belle plante
MCA4695,966,303,2025-12-22,Belle forme pour celle-ci!
MCA4695,616,199,2025-11-14,Super belle plante
MCA4695,401,826,2025-11-24,Un chevreuil est passé par là
MCA4695,530,320,2025-06-29,Plante un peu croche
MCA4695,123,237,2025-07-26,Belle forme pour celle-ci!
MCA4695,394,181,2025-08-06,Goute très bon
MCB9620,178,652,2025-09-14,Belle forme pour celle-ci!
MCB9620,884,2,2025-07-28,Plante un peu croche
MCB9620,704,926,2025-06-20,Un chevreuil est passé par là
MCB9620,786,336,2025-09-02,Super belle plante
MCB9620,728,351,2025-06-22,Un chevreuil est passé par là
MCB9620,716,8,2025-10-17,Super belle plante
MCB9620,886,737,2025-08-01,Goute très bon
MCC1900,803,264,2025-08-22,Goute très bon
MCC1900,193,935,2025-11-23,Un chevreuil est passé par là
MCC1900,589,11,2025-11-20,Un chevreuil est passé par là
MCC1900,793,546,2025-11-22,Un chevreuil est passé par là
MCC1900,105,158,2025-10-02,Plante un peu croche
MCC1900,299,79,2025-09-04,Un chevreuil est passé par là
MCC1900,310,557,2025-12-01,Goute très bon
MCB7029,855,74,2025-11-01,Plante un peu croche
MCB2531,331,242,2025-11-27,Goute très bon
MCB2531,305,680,2025-10-03,Plante un peu croche
MCB3743,955,269,2025-10-16,Super belle plante
MCB3743,678,517,2025-12-15,Goute très bon
MCB3743,72,891,2025-11-17,Goute très bon
MCB3743,73,357,2025-08-30,Goute très bon
MCB3743,497,749,2025-11-22,Goute très bon
MCB3743,302,646,2025-10-25,Un chevreuil est passé par là
MCA0245,306,935,2025-12-02,Belle forme pour celle-ci!
MCC8476,793,607,2025-07-27,Belle forme pour celle-ci!
MCC8476,521,464,2025-12-24,Super belle plante
MCC8476,996,32,2025-11-11,Goute très bon
MCC8476,478,481,2025-06-27,Super belle plante
MCC8476,438,898,2025-10-25,Plante un peu croche
MCC8476,285,92,2025-12-09,Plante un peu croche
MCA2146,213,189,2025-07-16,Goute très bon
MCA2146,110,116,2025-08-16,Goute très bon
MCA2146,410,701,2025-12-09,Belle forme pour celle-ci!
MCA2146,364,222,2025-11-14,Belle forme pour celle-ci!
MCA2146,434,266,2025-06-26,Goute très bon
MCA2146,944,976,2025-11-11,Belle forme pour celle-ci!
MCA2146,831,497,2025-10-01,Un chevreuil est passé par là
MCB6324,482,925,2025-06-23,Plante un peu croche
MCA6035,306,826,2025-10-28,Belle forme pour celle-ci!
MCA6035,291,479,2025-09-22,Plante un peu croche
MCA6035,666,345,2025-08-14,Goute très bon
MCA6035,995,430,2025-09-19,Goute très bon
MCA6035,770,100,2025-08-24,Belle forme pour celle-ci!
MCA6035,384,481,2025-09-16,Un chevreuil est passé par là
MCA6035,579,406,2025-06-03,Super belle plante
MCA3138,603,555,2025-12-08,Un chevreuil est passé par là
MCA3138,807,152,2025-11-13,Plante un peu croche
MCB1062,928,282,2025-11-26,Un chevreuil est passé par là
MCB1062,504,854,2025-08-11,Belle forme pour celle-ci!
MCB6238,767,491,2025-08-26,Un chevreuil est passé par là
MCB6238,512,350,2025-12-10,Plante un peu croche
MCB6238,665,265,2025-09-05,Plante un peu croche
MCB6238,431,978,2025-08-17,Plante un peu croche
MCB6238,357,584,2025-07-05,Super belle plante
MCB6238,899,124,2025-10-02,Goute très bon
MCB6238,32,125,2025-06-21,Plante un peu croche
MCC1954,478,661,2025-11-09,Un chevreuil est passé par là
MCC1954,12,285,2025-11-29,Goute très bon
MCC1954,686,718,2025-12-19,Goute très bon
MCC1954,313,304,2025-08-14,Super belle plante
MCC1954,790,449,2025-09-27,Super belle plante
MCC1954,565,312,2025-12-17,Goute très bon
MCC2384,233,919,2025-11-22,Un chevreuil est passé par là
MCB2310,238,233,2025-06-05,Plante un peu croche
MCC5516,513,515,2025-07-04,Goute très bon
MCC5516,331,749,2025-11-10,Super belle plante
MCA8528,830,185,2025-09-22,Belle forme pour celle-ci!
MCB4096,877,635,2025-09-11,Super belle plante
MCB4096,659,754,2025-06-12,Un chevreuil est passé par là
MCB4096,651,784,2025-11-15,Goute très bon
MCB4096,722,371,2025-11-05,Super belle plante
MCB4096,92,65,2025-06-27,Belle forme pour celle-ci!
MCB4096,590,304,2025-06-02,Super belle plante
MCC5958,974,378,2025-08-04,Super belle plante
MCC5958,556,689,2025-09-04,Un chevreuil est passé par là
MCC5958,777,999,2025-07-14,Super belle plante
MCC5958,719,819,2025-08-09,Plante un peu croche
MCC5958,699,867,2025-07-26,Belle forme pour celle-ci!
MCC5958,856,519,2025-10-18,Super belle plante
MCB1341,830,655,2025-08-17,Un chevreuil est passé par là
MCB1341,771,237,2025-06-24,Super belle plante
MCB1341,22,654,2025-07-11,Plante un peu croche
MCB1341,527,872,2025-06-23,Plante un peu croche
MCB1341,464,519,2025-10-23,Goute très bon
MCB1341,122,4,2025-08-14,Plante un peu croche
MCB1341,995,504,2025-07-28,Plante un peu croche
MCA8951,221,230,2025-07-03,Plante un peu croche
MCA8951,622,856,2025-08-29,Belle forme pour celle-ci!
MCA8951,70,270,2025-11-30,Goute très bon
MCA8951,522,810,2025-12-07,Belle forme pour celle-ci!
MCA8951,790,344,2025-08-18,Un chevreuil est passé par là
MCA8951,999,312,2025-11-29,Belle forme pour celle-ci!
MCA8951,755,636,2025-08-27,Super belle plante
MCC8982,683,354,2025-06-24,Belle forme pour celle-ci!
MCC8982,474,679,2025-09-20,Un chevreuil est passé par là
MCC8982,609,759,2025-11-30,Goute très bon
MCC8982,698,366,2025-09-17,Plante un peu croche
MCA8491,483,333,2025-11-05,Plante un peu croche
MCA8491,533,180,2025-12-12,Un chevreuil est passé par là
MCA8491,131,661,2025-10-01,Plante un peu croche
MCA8491,231,809,2025-12-10,Un chevreuil est passé par là
MCA8491,384,706,2025-09-08,Un chevreuil est passé par là
MCC6486,184,15,2025-08-22,Belle forme pour celle-ci!
MCB8940,968,262,2025-07-23,Goute très bon
MCB8940,50,268,2025-11-13,Plante un peu croche
MCB8940,23,413,2025-11-29,Belle forme pour celle-ci!
MCB8940,459,736,2025-12-25,Plante un peu croche
MCB8940,564,217,2025-06-26,Plante un peu croche
MCC5308,422,262,2025-11-19,Goute très bon
MCC2089,855,778,2025-11-04,Super belle plante
MCC2089,697,195,2025-07-07,Belle forme pour celle-ci!
MCC2089,950,569,2025-10-05,Super belle plante
MCC2089,628,850,2025-12-02,Goute très bon
MCC2089,963,991,2025-12-25,Super belle plante
MCC2089,273,362,2025-06-26,Un chevreuil est passé par là
MCC2089,613,929,2025-09-30,Belle forme pour celle-ci!
MCA8664,710,150,2025-10-16,Plante un peu croche
MCA8664,368,725,2025-08-27,Un chevreuil est passé par là
MCA8664,139,636,2025-10-25,Super belle plante
MCC7620,564,24,2025-11-17,Goute très bon
MCC7620,710,19,2025-09-12,Belle forme pour celle-ci!
MCC7620,753,483,2025-10-07,Plante un peu croche
MCB6039,346,37,2025-11-07,Goute très bon
MCB6039,759,310,2025-06-27,Un chevreuil est passé par là
MCB6039,96,412,2025-12-26,Plante un peu croche
MCB6039,973,35,2025-12-04,Belle forme pour celle-ci!
MCB6039,829,598,2025-06-09,Un chevreuil est passé par là
MCB6039,986,757,2025-12-12,Belle forme pour celle-ci!
MCC5186,860,831,2025-09-02,Super belle plante
MCC5186,462,744,2025-09-06,Un chevreuil est passé par là
MCC5186,72,742,2025-11-25,Un chevreuil est passé par là
MCC5186,331,920,2025-09-16,Super belle plante
MCC2433,833,288,2025-07-04,Un chevreuil est passé par là
MCC2433,900,646,2025-12-26,Belle forme pour celle-ci!
MCC2433,771,470,2025-08-29,Goute très bon
MCC2433,549,26,2025-12-09,Belle forme pour celle-ci!
MCA6435,942,465,2025-12-02,Super belle plante
MCA6435,827,217,2025-06-14,Plante un peu croche
MCA6435,374,938,2025-09-12,Goute très bon
MCC8002,211,226,2025-08-20,Belle forme pour celle-ci!
MCC8002,986,895,2025-06-02,Belle forme pour celle-ci!
MCC8002,729,771,2025-11-07,Plante un peu croche
MCC8002,836,403,2025-07-20,Belle forme pour celle-ci!
MCB4750,689,465,2025-07-13,Plante un peu croche
MCB4750,245,141,2025-09-03,Plante un peu croche
MCB4750,130,720,2025-07-05,Plante un peu croche
MCB4750,376,262,2025-12-16,Un chevreuil est passé par là
MCB4750,303,518,2025-06-14,Belle forme pour celle-ci!
MCC6632,377,536,2025-07-24,Plante un peu croche
MCC6632,832,531,2025-08-23,Belle forme pour celle-ci!
MCC6632,100,199,2025-07-09,Belle forme pour celle-ci!
MCC6632,739,109,2025-11-02,Plante un peu croche
MCC6632,76,718,2025-10-27,Super belle plante
MCB6878,467,924,2025-12-22,Super belle plante
MCB6878,959,555,2025-07-04,Goute très bon
MCB6878,891,317,2025-07-02,Un chevreuil est passé par là
MCB6878,333,866,2025-08-12,Plante un peu croche
MCB6878,308,224,2025-09-08,Plante un peu croche
MCA7520,802,840,2025-11-02,Belle forme pour celle-ci!
MCA7520,358,643,2025-08-11,Belle forme pour celle-ci!
MCA7520,416,563,2025-08-21,Plante un peu croche
MCC2157,438,514,2025-06-18,Plante un peu croche
MCC0574,824,727,2025-09-25,Plante un peu croche
MCB2140,302,51,2025-08-12,Plante un peu croche
MCB2140,916,585,2025-10-16,Goute très bon
MCB2140,516,276,2025-07-22,Un chevreuil est passé par là
MCB2140,579,595,2025-11-26,Plante un peu croche
MCB2140,933,154,2025-06-03,Plante un peu croche
MCA3957,866,315,2025-11-10,Plante un peu croche
MCA3957,967,670,2025-07-24,Plante un peu croche
MCA3957,17,161,2025-12-08,Un chevreuil est passé par là
MCA3957,236,562,2025-11-22,Super belle plante
MCA3957,495,287,2025-06-12,Goute très bon
MCA3957,202,709,2025-10-10,Un chevreuil est passé par là
MCB0162,651,595,2025-08-29,Un chevreuil est passé par là
MCB0162,600,364,2025-09-08,Plante un peu croche
MCB0162,924,530,2025-06-16,Un chevreuil est passé par là
MCC5370,478,989,2025-11-27,Super belle plante
MCC5370,251,323,2025-09-12,Plante un peu croche
MCC5370,428,894,2025-10-29,Goute très bon
MCC5370,801,36,2025-09-13,Un chevreuil est passé par là
MCC5370,224,146,2025-07-26,Plante un peu croche
MCB0680,51,792,2025-11-28,Belle forme pour celle-ci!
MCC8594,82,343,2025-12-04,Plante un peu croche
MCC8594,493,333,2025-07-12,Belle forme pour celle-ci!
MCC8594,732,884,2025-06-27,Goute très bon
MCC8594,925,457,2025-11-16,Plante un peu croche
MCA3364,661,669,2025-07-24,Un chevreuil est passé par là
MCA3364,927,152,2025-08-09,Super belle plante
MCB7824,742,623,2025-07-01,Plante un peu croche
MCA9412,701,53,2025-10-26,Belle forme pour celle-ci!
MCA9412,830,712,2025-12-24,Belle forme pour celle-ci!
MCA9412,688,869,2025-08-14,Plante un peu croche
MCA9412,706,113,2025-11-13,Goute très bon
MCA9412,439,551,2025-07-02,Goute très bon
MCA9412,746,232,2025-11-28,Un chevreuil est passé par là
MCC1650,845,827,2025-11-21,Plante un peu croche
MCC1650,871,200,2025-09-10,Goute très bon
MCC1650,758,713,2025-07-12,Goute très bon
MCC1650,850,936,2025-07-04,Plante un peu croche
MCB9673,311,637,2025-10-31,Belle forme pour celle-ci!
MCB9673,689,143,2025-08-24,Belle forme pour celle-ci!
MCB9673,708,585,2025-08-09,Plante un peu croche
MCB8866,732,715,2025-10-28,Goute très bon
MCB8866,367,676,2025-12-03,Un chevreuil est passé par là
MCB8866,511,747,2025-09-20,Super belle plante
MCB8866,257,871,2025-10-03,Goute très bon
MCB8866,475,998,2025-08-09,Un chevreuil est passé par là
MCB8866,273,853,2025-09-13,Super belle plante
MCB8866,394,388,2025-07-14,Plante un peu croche
MCA3182,226,220,2025-06-06,Belle forme pour celle-ci!
MCA3182,855,677,2025-06-05,Super belle plante
MCB3799,388,844,2025-08-01,Plante un peu croche
MCB3799,876,571,2025-11-07,Un chevreuil est passé par là
MCB3799,970,408,2025-10-06,Un chevreuil est passé par là
MCB3799,332,856,2025-10-24,Super belle plante
MCB3799,535,416,2025-12-08,Plante un peu croche
MCB2619,702,916,2025-12-25,Super belle plante
MCB2619,915,794,2025-09-20,Belle forme pour celle-ci!
MCB2619,939,765,2025-09-09,Belle forme pour celle-ci!
MCB2619,969,158,2025-11-24,Plante un peu croche
MCA0040,864,209,2025-06-18,Super belle plante
MCA0040,505,408,2025-09-09,Goute très bon
MCA0040,618,203,2025-12-02,Goute très bon
MCA1011,977,574,2025-07-30,Goute très bon
MCA1011,752,543,2025-12-02,Goute très bon
MCA1011,486,398,2025-10-17,Belle forme pour celle-ci!
MCA1011,168,11,2025-10-05,Belle forme pour celle-ci!
MCA1011,803,977,2025-09-15,Plante un peu croche
MCA1011,431,828,2025-09-04,Plante un peu croche
MCA3189,336,219,2025-11-26,Super belle plante
MCA3189,718,414,2025-11-05,Super belle plante
MCA3189,12,347,2025-12-08,Super belle plante
MCA9248,322,149,2025-11-11,Belle forme pour celle-ci!
MCA9248,256,185,2025-08-18,Belle forme pour celle-ci!
MCA9248,906,614,2025-09-07,Goute très bon
MCA9248,684,759,2025-11-01,Un chevreuil est passé par là
MCA9248,862,450,2025-08-17,Goute très bon
MCB0717,155,163,2025-12-26,Un chevreuil est passé par là
MCB0717,982,341,2025-11-13,Goute très bon
MCB0717,208,749,2025-09-26,Super belle plante
MCB0717,948,223,2025-08-18,Goute très bon
MCB0717,727,857,2025-08-04,Super belle plante
MCB0717,283,798,2025-11-08,Belle forme pour celle-ci!
MCC9221,743,86,2025-06-30,Goute très bon
MCC9221,314,31,2025-11-16,Un chevreuil est passé par là
MCC9221,273,336,2025-08-15,Goute très bon
MCC9221,835,157,2025-10-06,Goute très bon
MCC9221,654,958,2025-09-15,Super belle plante
MCC9221,335,932,2025-10-28,Un chevreuil est passé par là
MCB9886,580,473,2025-12-16,Plante un peu croche
MCB9886,629,91,2025-07-10,Super belle plante
MCB9886,232,530,2025-07-05,Super belle plante
MCA3329,991,138,2025-07-07,Belle forme pour celle-ci!
MCA3329,316,529,2025-11-03,Belle forme pour celle-ci!
MCA3329,122,272,2025-10-16,Plante un peu croche
MCA3329,418,536,2025-06-18,Belle forme pour celle-ci!
MCA3329,388,751,2025-08-20,Super belle plante
MCA3329,451,974,2025-07-16,Belle forme pour celle-ci!
MCA3329,568,676,2025-08-04,Un chevreuil est passé par là
MCA2822,500,39,2025-07-20,Belle forme pour celle-ci!
MCA2822,584,735,2025-09-23,Super belle plante
MCA2822,718,367,2025-09-10,Plante un peu croche
MCA2822,551,142,2025-08-13,Plante un peu croche
MCA2822,17,992,2025-10-23,Un chevreuil est passé par là
MCA2822,194,418,2025-06-29,Belle forme pour celle-ci!
MCA6289,486,642,2025-12-20,Goute très bon
MCA6289,172,78,2025-06-05,Goute très bon
MCA6289,870,538,2025-08-15,Goute très bon
MCA6289,461,876,2025-10-29,Un chevreuil est passé par là
MCA6289,73,726,2025-11-07,Super belle plante
MCB2666,405,952,2025-10-24,Un chevreuil est passé par là
MCB2666,541,969,2025-09-16,Plante un peu croche
MCC1964,822,935,2025-12-19,Un chevreuil est passé par là
MCC1964,363,922,2025-08-28,Super belle plante
MCB5200,306,592,2025-06-03,Goute très bon
MCB5200,795,734,2025-10-04,Plante un peu croche
MCB5200,502,397,2025-07-13,Super belle plante
MCB5200,859,538,2025-08-30,Super belle plante
MCB2570,421,444,2025-06-13,Un chevreuil est passé par là
MCA9859,191,348,2025-07-27,Un chevreuil est passé par là
MCA9859,478,804,2025-08-08,Super belle plante
MCA9859,33,974,2025-09-10,Goute très bon
MCA6595,367,176,2025-08-17,Goute très bon
MCA6595,421,751,2025-11-18,Belle forme pour celle-ci!
MCA6595,255,324,2025-07-22,Plante un peu croche
MCA6595,622,18,2025-07-29,Goute très bon
MCA6595,136,125,2025-08-11,Belle forme pour celle-ci!
MCB3369,676,788,2025-12-28,Plante un peu croche
MCB3369,933,457,2025-07-17,Super belle plante
MCB3369,558,404,2025-06-03,Super belle plante
MCB3369,875,556,2025-09-20,Un chevreuil est passé par là
MCB3369,301,396,2025-10-30,Super belle plante
MCA3765,383,624,2025-07-02,Un chevreuil est passé par là
MCA3765,492,18,2025-09-15,Super belle plante
MCA3765,587,702,2025-12-09,Plante un peu croche
MCA3765,252,269,2025-09-21,Plante un peu croche
MCA3765,629,579,2025-11-02,Plante un peu croche
MCA3765,220,113,2025-06-18,Un chevreuil est passé par là
MCA3765,446,840,2025-11-06,Super belle plante
MCC1200,4,804,2025-11-24,Super belle plante
MCC1200,982,363,2025-11-23,Super belle plante
MCC1200,253,204,2025-12-10,Plante un peu croche
MCC1200,196,632,2025-06-02,Plante un peu croche
MCC1200,605,833,2025-11-03,Goute très bon
MCC1200,254,60,2025-08-12,Goute très bon
MCA0371,553,620,2025-11-19,Belle forme pour celle-ci!
MCA0371,870,717,2025-10-03,Plante un peu croche
MCC1544,336,897,2025-10-26,Super belle plante
MCA0371,935,805,2025-09-28,Un chevreuil est passé par là
MCA0371,85,31,2025-11-26,Goute très bon
MCA0371,602,836,2025-09-20,Super belle plante
MCA0371,295,659,2025-09-01,Belle forme pour celle-ci!
MCA2343,882,760,2025-11-13,Super belle plante
MCA2343,638,285,2025-11-17,Belle forme pour celle-ci!
MCA2343,852,594,2025-10-04,Belle forme pour celle-ci!
MCA2343,864,400,2025-10-20,Goute très bon
MCA2343,522,990,2025-07-02,Plante un peu croche
MCB9768,840,204,2025-06-07,Belle forme pour celle-ci!
MCB9768,780,902,2025-11-15,Super belle plante
MCB9768,654,623,2025-10-22,Goute très bon
MCB6529,621,604,2025-08-10,Un chevreuil est passé par là
MCB1154,234,48,2025-08-10,Plante un peu croche
MCB1154,594,820,2025-07-16,Belle forme pour celle-ci!
MCA2324,689,699,2025-12-21,Super belle plante
MCA2324,171,631,2025-07-12,Super belle plante
MCB3483,624,336,2025-11-05,Plante un peu croche
MCB3483,288,534,2025-06-10,Super belle plante
MCB3483,395,537,2025-12-20,Super belle plante
MCB3483,176,816,2025-10-31,Goute très bon
MCB3483,183,240,2025-07-13,Belle forme pour celle-ci!
MCB3483,256,323,2025-09-14,Super belle plante
MCB3483,658,274,2025-06-21,Un chevreuil est passé par là
MCB5193,791,779,2025-09-27,Goute très bon
MCB5193,18,475,2025-09-08,Super belle plante
MCB5193,818,391,2025-07-02,Goute très bon
MCB5193,68,745,2025-08-24,Plante un peu croche
MCB5193,332,930,2025-11-20,Belle forme pour celle-ci!
MCB5193,240,584,2025-10-30,Goute très bon
MCB5193,726,183,2025-08-14,Belle forme pour celle-ci!
MCC6039,511,549,2025-09-10,Plante un peu croche
MCC6039,709,564,2025-08-24,Plante un peu croche
MCA2202,899,600,2025-09-26,Belle forme pour celle-ci!
MCA2202,675,325,2025-09-13,Super belle plante
MCA2202,952,124,2025-09-17,Goute très bon
MCA2202,503,173,2025-07-24,Un chevreuil est passé par là
MCB8575,103,359,2025-08-08,Belle forme pour celle-ci!
MCB8575,757,565,2025-07-02,Un chevreuil est passé par là
MCB8575,317,820,2025-07-23,Belle forme pour celle-ci!
MCB8575,272,751,2025-12-19,Super belle plante
MCB8575,899,281,2025-10-02,Goute très bon
MCB8575,988,313,2025-11-17,Plante un peu croche
MCB4425,242,506,2025-07-24,Belle forme pour celle-ci!
MCB4425,399,848,2025-12-25,Super belle plante
MCB4425,784,623,2025-10-19,Plante un peu croche
MCB4425,94,83,2025-06-16,Belle forme pour celle-ci!
MCB4425,823,496,2025-12-11,Super belle plante
MCB4425,467,60,2025-11-08,Un chevreuil est passé par là
MCB4425,852,455,2025-10-16,Goute très bon
MCB6448,928,438,2025-08-30,Un chevreuil est passé par là
MCB6448,350,940,2025-10-09,Goute très bon
MCB6448,945,220,2025-08-19,Belle forme pour celle-ci!
MCB6448,736,768,2025-12-16,Belle forme pour celle-ci!
MCB6448,847,132,2025-11-01,Belle forme pour celle-ci!
MCC4173,379,796,2025-10-06,Plante un peu croche
MCC4173,594,848,2025-11-15,Goute très bon
MCC3654,835,889,2025-08-12,Plante un peu croche
MCC3654,628,388,2025-10-21,Goute très bon
MCC3654,630,220,2025-11-12,Plante un peu croche
MCC3654,138,614,2025-12-12,Un chevreuil est passé par là
MCC3654,575,495,2025-06-16,Belle forme pour celle-ci!
MCC3654,403,140,2025-06-26,Belle forme pour celle-ci!
MCC3654,51,807,2025-06-18,Belle forme pour celle-ci!
MCB7370,741,837,2025-09-11,Plante un peu croche
MCB7370,483,981,2025-10-01,Plante un peu croche
MCB7370,313,615,2025-09-05,Goute très bon
MCB7370,933,556,2025-08-19,Belle forme pour celle-ci!
MCB7124,490,801,2025-12-12,Plante un peu croche
MCB7124,544,836,2025-10-18,Plante un peu croche
MCB7124,308,880,2025-10-22,Un chevreuil est passé par là
MCA8978,801,30,2025-12-20,Goute très bon
MCA8978,914,67,2025-09-01,Goute très bon
MCA8978,115,527,2025-07-04,Plante un peu croche
MCA8978,550,109,2025-10-21,Super belle plante
MCA8978,846,113,2025-12-06,Un chevreuil est passé par là
MCA8978,369,336,2025-12-08,Un chevreuil est passé par là
MCC3591,728,706,2025-12-04,Plante un peu croche
MCC3591,410,757,2025-10-13,Goute très bon
MCB5264,395,466,2025-08-08,Plante un peu croche
MCB5264,403,250,2025-11-08,Un chevreuil est passé par là
MCB5264,395,262,2025-07-22,Belle forme pour celle-ci!
MCC9125,743,305,2025-07-31,Goute très bon
MCC9125,646,418,2025-06-06,Un chevreuil est passé par là
MCC9125,787,881,2025-11-07,Plante un peu croche
MCC9125,732,766,2025-11-12,Super belle plante
MCB2639,862,92,2025-06-12,Un chevreuil est passé par là
MCB2639,204,779,2025-10-27,Super belle plante
MCB2639,702,949,2025-08-28,Plante un peu croche
MCB2639,511,291,2025-06-11,Goute très bon
MCB2639,153,132,2025-07-27,Belle forme pour celle-ci!
MCA9906,152,144,2025-11-19,Belle forme pour celle-ci!
MCA9906,166,297,2025-10-17,Plante un peu croche
MCA9906,409,524,2025-08-15,Goute très bon
MCA9906,447,215,2025-06-16,Plante un peu croche
MCA9906,991,788,2025-09-27,Goute très bon
MCA9906,34,15,2025-07-22,Belle forme pour celle-ci!
MCA9906,974,377,2025-10-04,Goute très bon
MCB3351,619,962,2025-10-07,Plante un peu croche
MCB3351,190,121,2025-11-06,Goute très bon
MCB3351,90,943,2025-11-27,Super belle plante
MCA1226,37,887,2025-12-05,Belle forme pour celle-ci!
MCC8369,54,195,2025-11-09,Un chevreuil est passé par là
MCC8369,788,750,2025-11-17,Super belle plante
MCC8369,721,110,2025-11-11,Un chevreuil est passé par là
MCC8369,5,336,2025-06-16,Goute très bon
MCB5070,225,253,2025-12-10,Belle forme pour celle-ci!
MCB5070,666,223,2025-10-28,Un chevreuil est passé par là
MCC1544,229,107,2025-10-06,Belle forme pour celle-ci!
MCC1544,14,362,2025-09-25,Super belle plante
MCC1544,594,969,2025-06-29,Belle forme pour celle-ci!
MCC9916,371,824,2025-11-03,Super belle plante
MCC9916,648,982,2025-07-22,Goute très bon
MCC9916,261,52,2025-12-05,Un chevreuil est passé par là
MCC9255,968,494,2025-10-01,Un chevreuil est passé par là
MCC9255,418,618,2025-12-12,Un chevreuil est passé par là
MCC9255,269,185,2025-06-04,Plante un peu croche
MCB4211,12,273,2025-11-25,Belle forme pour celle-ci!
MCB4211,495,278,2025-09-10,Super belle plante
MCB4211,168,963,2025-07-23,Plante un peu croche
MCB4211,907,564,2025-12-19,Plante un peu croche
MCB4211,182,55,2025-10-19,Super belle plante
MCB4211,991,767,2025-10-08,Super belle plante
MCB4211,415,379,2025-11-03,Super belle plante
MCC1789,598,988,2025-08-07,Belle forme pour celle-ci!
MCC1789,876,420,2025-10-09,Goute très bon
MCC1789,994,522,2025-07-30,Goute très bon
MCA9815,54,51,2025-10-28,Plante un peu croche
MCA0207,525,81,2025-10-09,Goute très bon
MCC8644,907,896,2025-06-27,Plante un peu croche
MCC8644,260,725,2025-06-05,Plante un peu croche
MCB2188,10,421,2025-11-13,Un chevreuil est passé par là
MCB2188,130,290,2025-10-10,Goute très bon
MCB2188,632,656,2025-11-02,Goute très bon
MCB2188,679,679,2025-08-16,Un chevreuil est passé par là
MCB4007,896,753,2025-07-14,Super belle plante
MCB4007,515,731,2025-11-06,Plante un peu croche
MCB4007,913,34,2025-07-07,Super belle plante
MCB4007,243,748,2025-09-25,Un chevreuil est passé par là
MCB4007,760,94,2025-12-12,Belle forme pour celle-ci!
MCB4007,370,157,2025-10-10,Goute très bon
MCA3006,642,639,2025-09-18,Un chevreuil est passé par là
MCA3006,535,174,2025-06-27,Super belle plante
MCA3006,162,874,2025-11-19,Plante un peu croche
MCA2711,595,425,2025-09-09,Super belle plante
MCA2711,331,852,2025-11-08,Un chevreuil est passé par là
MCA2711,20,299,2025-07-05,Belle forme pour celle-ci!
MCA4057,346,290,2025-09-29,Un chevreuil est passé par là
MCB6927,384,74,2025-10-04,Un chevreuil est passé par là
MCB6927,714,333,2025-07-14,Super belle plante
MCA1626,10,685,2025-07-21,Belle forme pour celle-ci!
MCA1626,996,205,2025-08-10,Belle forme pour celle-ci!
MCA9868,322,209,2025-09-14,Un chevreuil est passé par là
MCA9868,563,321,2025-08-21,Goute très bon
MCA9868,301,764,2025-11-14,Un chevreuil est passé par là
MCA9868,954,890,2025-11-13,Goute très bon
MCA9868,440,851,2025-07-13,Belle forme pour celle-ci!
MCB0774,898,590,2025-11-08,Goute très bon
MCB0774,117,324,2025-07-19,Super belle plante
MCB0774,306,975,2025-12-04,Belle forme pour celle-ci!
MCC6359,218,125,2025-10-04,Plante un peu croche
MCC6359,37,96,2025-12-04,Plante un peu croche
MCC6359,378,954,2025-06-27,Super belle plante
MCC6359,870,631,2025-06-11,Belle forme pour celle-ci!
MCC6359,239,980,2025-06-03,Un chevreuil est passé par là
MCC6359,775,627,2025-07-06,Plante un peu croche
MCA1690,505,407,2025-11-29,Plante un peu croche
MCA1690,66,93,2025-11-27,Goute très bon
MCA1690,840,810,2025-07-03,Plante un peu croche
MCB3513,223,636,2025-10-21,Plante un peu croche
MCB3513,861,710,2025-09-25,Goute très bon
MCA2725,923,921,2025-06-01,Belle forme pour celle-ci!
MCA2725,977,34,2025-06-12,Goute très bon
MCC8461,837,877,2025-11-19,Goute très bon
MCC8461,701,401,2025-11-06,Goute très bon
MCC8461,408,496,2025-07-29,Goute très bon
MCB3782,719,863,2025-12-20,Un chevreuil est passé par là
MCB3782,991,768,2025-11-26,Plante un peu croche
MCB3782,977,480,2025-10-28,Un chevreuil est passé par là
MCA0362,426,949,2025-07-28,Super belle plante
MCB8620,965,261,2025-10-27,Un chevreuil est passé par là
MCB8620,862,643,2025-10-06,Goute très bon
MCB8620,695,124,2025-12-03,Belle forme pour celle-ci!
MCB8620,445,975,2025-09-28,Goute très bon
MCB8620,598,772,2025-12-11,Belle forme pour celle-ci!
MCB8620,611,795,2025-10-16,Plante un peu croche
MCA3760,442,885,2025-10-24,Un chevreuil est passé par là
MCA3760,389,440,2025-10-31,Un chevreuil est passé par là
MCA3760,94,608,2025-11-13,Goute très bon
MCC9788,173,211,2025-09-25,Belle forme pour celle-ci!
MCB7523,648,4,2025-10-08,Belle forme pour celle-ci!
MCB7523,562,419,2025-09-14,Plante un peu croche
MCB7523,850,706,2025-09-21,Plante un peu croche
MCB7523,473,903,2025-11-23,Plante un peu croche
MCB7355,239,731,2025-12-25,Super belle plante
MCB7355,755,786,2025-08-09,Plante un peu croche
MCB7355,166,604,2025-09-21,Belle forme pour celle-ci!
MCB6614,351,811,2025-07-23,Super belle plante
MCB6614,911,705,2025-07-27,Super belle plante
MCB4313,635,674,2025-08-18,Goute très bon
MCB4313,548,303,2025-09-25,Belle forme pour celle-ci!
MCC1411,284,577,2025-08-17,Super belle plante
MCC2381,288,675,2025-10-25,Un chevreuil est passé par là
MCC2381,445,380,2025-06-10,Super belle plante
MCC2381,60,488,2025-11-12,Goute très bon
MCC2381,123,178,2025-09-25,Un chevreuil est passé par là
MCB4212,241,545,2025-06-08,Belle forme pour celle-ci!
MCB4212,105,9,2025-07-20,Un chevreuil est passé par là
MCB4212,887,210,2025-10-23,Plante un peu croche
MCB4212,653,917,2025-09-08,Un chevreuil est passé par là
MCB4212,656,242,2025-09-24,Super belle plante
MCB4212,986,388,2025-08-08,Belle forme pour celle-ci!
MCB4212,232,419,2025-06-02,Plante un peu croche
MCC1324,818,154,2025-06-20,Plante un peu croche
MCC1324,369,706,2025-07-16,Super belle plante
MCB3779,774,746,2025-07-14,Plante un peu croche
MCB3779,344,255,2025-10-15,Goute très bon
MCB3779,675,732,2025-09-05,Plante un peu croche
MCB3779,602,573,2025-12-09,Super belle plante
MCB3779,964,996,2025-09-12,Goute très bon
MCB3779,852,716,2025-12-21,Super belle plante
MCA9683,923,958,2025-06-20,Belle forme pour celle-ci!
MCA9683,21,501,2025-10-22,Plante un peu croche
MCC8269,384,689,2025-11-07,Belle forme pour celle-ci!
MCB8897,833,919,2025-08-30,Plante un peu croche
MCB8897,343,121,2025-06-29,Un chevreuil est passé par là
MCA7074,266,676,2025-12-20,Plante un peu croche
MCA7074,148,2,2025-08-20,Super belle plante
MCA7074,7,828,2025-11-07,Super belle plante
MCA7074,811,811,2025-07-15,Goute très bon
MCA7074,947,962,2025-09-23,Goute très bon
MCA7074,982,133,2025-08-30,Goute très bon
MCA7074,699,158,2025-06-28,Belle forme pour celle-ci!
MCA3966,842,930,2025-11-13,Plante un peu croche
MCA3966,98,307,2025-10-31,Belle forme pour celle-ci!
MCA3966,412,748,2025-09-21,Belle forme pour celle-ci!
MCA3966,257,931,2025-12-28,Plante un peu croche
MCA3966,559,550,2025-09-24,Plante un peu croche
MCA9818,708,933,2025-11-06,Super belle plante
MCA9818,345,43,2025-07-04,Plante un peu croche
MCA9818,92,269,2025-09-05,Plante un peu croche
MCB0148,467,255,2025-09-25,Un chevreuil est passé par là
MCB0148,324,716,2025-12-23,Belle forme pour celle-ci!
MCB0148,577,674,2025-09-02,Goute très bon
MCB0148,410,818,2025-10-20,Super belle plante
MCC5857,825,511,2025-06-09,Un chevreuil est passé par là
MCC5857,185,402,2025-09-08,Super belle plante
MCC4391,745,388,2025-11-25,Goute très bon
MCC4391,643,318,2025-11-07,Goute très bon
MCC4391,979,814,2025-09-10,Un chevreuil est passé par là
MCC4391,700,644,2025-08-07,Belle forme pour celle-ci!
MCA0466,130,183,2025-11-22,Un chevreuil est passé par là
MCA0466,561,249,2025-12-19,Goute très bon
MCA0466,189,470,2025-11-01,Goute très bon
MCA0466,851,163,2025-09-30,Super belle plante
MCA0466,843,875,2025-12-05,Un chevreuil est passé par là
MCA0466,149,734,2025-12-10,Un chevreuil est passé par là
MCA0466,560,682,2025-07-28,Plante un peu croche
MCA3741,107,500,2025-10-15,Goute très bon
MCA3741,741,994,2025-09-11,Belle forme pour celle-ci!
MCA3741,241,48,2025-06-22,Plante un peu croche
MCA3741,831,776,2025-06-04,Plante un peu croche
MCA3741,139,414,2025-10-20,Super belle plante
MCA3741,608,883,2025-11-12,Un chevreuil est passé par là
MCA3741,649,624,2025-08-31,Plante un peu croche
MCA6571,784,146,2025-12-23,Plante un peu croche
MCA6571,425,217,2025-06-06,Plante un peu croche
MCA6571,857,947,2025-10-06,Belle forme pour celle-ci!
MCA6571,11,871,2025-11-29,Un chevreuil est passé par là
MCA6571,823,329,2025-08-17,Plante un peu croche
MCB9239,32,785,2025-09-25,Goute très bon
MCB9239,314,656,2025-08-04,Un chevreuil est passé par là
MCB9239,380,552,2025-06-27,Plante un peu croche
MCB9239,845,212,2025-10-05,Goute très bon
MCB9239,685,514,2025-11-23,Belle forme pour celle-ci!
MCB9239,18,11,2025-06-10,Goute très bon
MCB9239,222,655,2025-07-03,Plante un peu croche
MCA4113,639,334,2025-06-08,Plante un peu croche
MCA4113,130,308,2025-11-13,Un chevreuil est passé par là
MCA4113,264,10,2025-10-22,Super belle plante
MCA8272,165,89,2025-11-19,Goute très bon
MCA8272,178,907,2025-09-08,Un chevreuil est passé par là
MCA8272,766,894,2025-12-08,Super belle plante
MCA8272,322,307,2025-12-04,Super belle plante
MCA8272,748,578,2025-09-12,Goute très bon
MCA8272,310,87,2025-11-04,Super belle plante
MCA8272,905,968,2025-08-13,Un chevreuil est passé par là
MCB6980,57,563,2025-07-12,Plante un peu croche
MCC5564,442,719,2025-08-26,Plante un peu croche
MCC5564,530,115,2025-07-21,Un chevreuil est passé par là
MCC5564,967,175,2025-07-09,Belle forme pour celle-ci!
MCC5564,860,601,2025-11-26,Goute très bon
MCC5564,886,424,2025-09-18,Super belle plante
MCC5564,552,602,2025-07-15,Goute très bon
MCA0992,235,680,2025-06-26,Un chevreuil est passé par là
MCA0992,470,974,2025-10-22,Un chevreuil est passé par là
MCA0992,437,404,2025-11-09,Belle forme pour celle-ci!
MCC5939,613,662,2025-11-25,Belle forme pour celle-ci!
MCC5939,930,383,2025-06-13,Un chevreuil est passé par là
MCC5939,649,193,2025-08-16,Plante un peu croche
MCC5939,537,813,2025-07-18,Plante un peu croche
MCC5939,938,875,2025-07-19,Super belle plante
MCC3187,796,497,2025-11-28,Plante un peu croche
MCC3187,677,625,2025-12-25,Goute très bon
MCC3187,802,912,2025-06-15,Goute très bon
MCC3187,782,96,2025-07-17,Belle forme pour celle-ci!
MCC2257,806,953,2025-07-11,Goute très bon
MCC2257,624,963,2025-09-10,Plante un peu croche
MCC2257,874,27,2025-11-25,Goute très bon
MCC2257,778,344,2025-06-20,Super belle plante
MCC3911,697,276,2025-12-14,Super belle plante
MCC3911,946,30,2025-06-17,Goute très bon
MCC3911,864,41,2025-11-10,Un chevreuil est passé par là
MCC3911,763,255,2025-11-09,Goute très bon
MCC3911,967,332,2025-06-25,Un chevreuil est passé par là
MCC3911,306,122,2025-11-29,Goute très bon
MCB0276,555,147,2025-10-09,Plante un peu croche
MCB0276,872,827,2025-06-15,Plante un peu croche
MCB0276,198,7,2025-11-22,Super belle plante
MCB0276,562,690,2025-11-03,Plante un peu croche
MCB0276,737,890,2025-10-04,Super belle plante
MCB0276,310,213,2025-12-27,Plante un peu croche
MCB0276,129,607,2025-07-24,Goute très bon
MCC6612,845,311,2025-10-19,Goute très bon
MCC6612,634,594,2025-06-19,Un chevreuil est passé par là
MCA8921,821,888,2025-12-01,Un chevreuil est passé par là
MCA8921,953,709,2025-11-16,Un chevreuil est passé par là
MCA8921,820,711,2025-11-28,Goute très bon
MCA8921,506,874,2025-08-06,Goute très bon
MCA8921,819,752,2025-06-21,Un chevreuil est passé par là
MCB7057,566,637,2025-10-25,Super belle plante
MCB7057,380,793,2025-08-22,Belle forme pour celle-ci!
MCC9698,715,933,2025-11-13,Plante un peu croche
MCC9698,609,702,2025-10-14,Goute très bon
MCC9698,795,552,2025-10-02,Super belle plante
MCA3878,277,217,2025-11-30,Goute très bon
MCB1560,922,35,2025-09-15,Super belle plante
MCB1560,643,186,2025-11-27,Un chevreuil est passé par là
MCB1560,848,140,2025-11-08,Plante un peu croche
MCB1560,535,902,2025-10-24,Belle forme pour celle-ci!
MCC3756,626,900,2025-09-20,Goute très bon
MCA6972,842,552,2025-11-22,Goute très bon
MCA6972,504,950,2025-08-29,Belle forme pour celle-ci!
MCA6972,21,514,2025-10-26,Un chevreuil est passé par là
MCB3961,898,654,2025-09-22,Super belle plante
MCB3961,79,883,2025-10-12,Super belle plante
MCA9244,271,287,2025-10-20,Plante un peu croche
MCA7869,594,702,2025-10-16,Plante un peu croche
MCA7869,955,749,2025-11-19,Super belle plante
MCA7869,944,949,2025-11-16,Goute très bon
MCA7869,41,530,2025-10-29,Plante un peu croche
MCA7869,255,831,2025-08-24,Goute très bon
MCA7869,551,340,2025-06-25,Plante un peu croche
MCB2998,471,681,2025-06-07,Belle forme pour celle-ci!
MCB2998,651,136,2025-06-20,Super belle plante
MCB2998,293,227,2025-11-03,Goute très bon
MCB2998,102,635,2025-11-25,Super belle plante
MCB2998,48,577,2025-06-05,Belle forme pour celle-ci!
MCB2998,565,628,2025-06-14,Goute très bon
MCB2998,772,275,2025-08-26,Plante un peu croche
MCA2496,345,242,2025-10-22,Super belle plante
MCC1965,114,477,2025-11-20,Super belle plante
MCC1965,589,664,2025-10-02,Un chevreuil est passé par là
MCC1965,706,345,2025-11-26,Belle forme pour celle-ci!
MCC1965,194,923,2025-06-25,Plante un peu croche
MCC1965,364,263,2025-10-14,Un chevreuil est passé par là
MCC1965,992,57,2025-07-14,Super belle plante
MCC1965,365,436,2025-09-16,Super belle plante
MCC7695,125,728,2025-07-07,Plante un peu croche
MCC7695,34,988,2025-06-27,Plante un peu croche
MCA2724,660,925,2025-12-08,Super belle plante
MCA2724,535,169,2025-07-22,Belle forme pour celle-ci!
MCA2724,440,67,2025-07-10,Belle forme pour celle-ci!
MCA2724,523,951,2025-06-06,Plante un peu croche
MCC8866,578,111,2025-07-14,Un chevreuil est passé par là
MCC8866,260,8,2025-11-12,Un chevreuil est passé par là
MCC8866,663,282,2025-10-21,Goute très bon
MCC8866,696,500,2025-08-15,Goute très bon
MCB9345,309,266,2025-07-12,Belle forme pour celle-ci!
MCB9345,899,801,2025-07-16,Super belle plante
MCA5574,540,993,2025-11-08,Belle forme pour celle-ci!
MCB9925,927,611,2025-06-22,Belle forme pour celle-ci!
MCB9925,312,496,2025-08-06,Super belle plante
MCB9925,339,347,2025-11-02,Goute très bon
MCB9925,799,502,2025-10-31,Plante un peu croche
MCA2915,213,970,2025-08-09,Goute très bon
MCA2915,724,584,2025-12-15,Super belle plante
MCA2915,882,851,2025-11-20,Plante un peu croche
MCA2915,550,981,2025-06-13,Belle forme pour celle-ci!
MCA2915,367,60,2025-11-26,Belle forme pour celle-ci!
MCC7641,693,267,2025-08-16,Belle forme pour celle-ci!
MCC7641,971,139,2025-09-01,Plante un peu croche
MCC7641,816,626,2025-07-26,Belle forme pour celle-ci!
MCC7641,202,286,2025-08-23,Goute très bon
MCA1570,900,911,2025-10-27,Plante un peu croche
MCA1570,490,454,2025-07-15,Un chevreuil est passé par là
MCA1570,42,300,2025-06-02,Goute très bon
MCB7026,961,179,2025-12-29,Plante un peu croche
MCB8390,332,588,2025-10-06,Un chevreuil est passé par là
MCB8390,679,477,2025-10-21,Plante un peu croche
MCB8390,841,480,2025-11-06,Goute très bon
MCB8390,632,112,2025-10-02,Belle forme pour celle-ci!
MCB2813,479,329,2025-12-13,Plante un peu croche
MCB2813,121,93,2025-10-29,Plante un peu croche
MCA7706,359,300,2025-09-09,Plante un peu croche
MCA7706,572,676,2025-08-21,Un chevreuil est passé par là
MCA7706,275,637,2025-12-05,Belle forme pour celle-ci!
MCB2309,248,91,2025-06-19,Plante un peu croche
MCB4054,314,285,2025-12-26,Goute très bon
MCB4054,207,279,2025-12-28,Super belle plante
MCA1696,931,117,2025-06-28,Un chevreuil est passé par là
MCC6586,431,905,2025-09-09,Belle forme pour celle-ci!
MCC6586,648,558,2025-10-31,Belle forme pour celle-ci!
MCC6586,506,73,2025-12-11,Super belle plante
MCC6586,150,221,2025-07-19,Un chevreuil est passé par là
MCC6586,849,21,2025-09-25,Plante un peu croche
MCB9060,228,933,2025-08-10,Super belle plante
MCB9060,126,708,2025-10-14,Super belle plante
MCB9060,895,840,2025-12-06,Goute très bon
MCB9060,707,948,2025-12-27,Un chevreuil est passé par là
MCB3550,514,300,2025-09-13,Goute très bon
MCB3550,151,825,2025-10-18,Goute très bon
MCB3550,757,852,2025-08-01,Un chevreuil est passé par là
MCB2274,383,596,2025-09-15,Plante un peu croche
MCB2274,320,112,2025-06-19,Goute très bon
MCB2274,366,116,2025-11-30,Plante un peu croche
MCB2274,607,860,2025-12-07,Goute très bon
MCB2274,906,848,2025-06-25,Un chevreuil est passé par là
MCB2274,837,437,2025-07-02,Plante un peu croche
MCB2274,635,22,2025-06-29,Belle forme pour celle-ci!
MCA9510,12,104,2025-06-22,Super belle plante
MCA9510,145,363,2025-11-05,Belle forme pour celle-ci!
MCB8770,73,803,2025-06-20,Un chevreuil est passé par là
MCC8467,235,110,2025-09-03,Un chevreuil est passé par là
MCC8467,280,928,2025-10-18,Un chevreuil est passé par là
MCC8467,469,849,2025-06-03,Un chevreuil est passé par là
MCC8467,999,61,2025-09-27,Belle forme pour celle-ci!
MCC8467,670,722,2025-09-24,Belle forme pour celle-ci!
MCC8313,827,648,2025-11-22,Goute très bon
MCC8467,277,192,2025-08-31,Plante un peu croche
MCC8467,301,560,2025-11-21,Goute très bon
MCA9886,32,302,2025-10-11,Super belle plante
MCA9886,245,105,2025-12-11,Plante un peu croche
MCA9886,677,652,2025-08-05,Un chevreuil est passé par là
MCA9886,450,632,2025-12-04,Plante un peu croche
MCA9886,583,947,2025-11-07,Goute très bon
MCA9886,251,938,2025-11-22,Un chevreuil est passé par là
MCC2395,521,357,2025-09-19,Belle forme pour celle-ci!
MCC2395,942,124,2025-08-11,Goute très bon
MCC2395,822,187,2025-12-05,Belle forme pour celle-ci!
MCC9499,932,460,2025-12-03,Belle forme pour celle-ci!
MCC9499,808,790,2025-11-07,Belle forme pour celle-ci!
MCC9499,663,7,2025-06-02,Super belle plante
MCC9499,137,826,2025-07-30,Goute très bon
MCC9499,391,4,2025-08-08,Belle forme pour celle-ci!
MCC9499,282,354,2025-12-23,Goute très bon
MCC9499,539,350,2025-08-21,Belle forme pour celle-ci!
MCA7434,11,570,2025-06-23,Belle forme pour celle-ci!
MCC3795,914,761,2025-07-18,Goute très bon
MCC3795,515,131,2025-07-20,Plante un peu croche
MCC3795,528,930,2025-06-05,Belle forme pour celle-ci!
MCC3795,90,253,2025-10-17,Goute très bon
MCB7077,454,676,2025-06-03,Super belle plante
MCB7077,836,468,2025-07-23,Belle forme pour celle-ci!
MCB7077,57,863,2025-08-07,Belle forme pour celle-ci!
MCB7077,911,497,2025-08-10,Goute très bon
MCB7077,231,297,2025-12-04,Goute très bon
MCB7077,974,3,2025-09-14,Belle forme pour celle-ci!
MCB7077,741,258,2025-07-15,Super belle plante
MCA0650,241,274,2025-10-06,Plante un peu croche
MCA0650,542,346,2025-06-28,Un chevreuil est passé par là
MCA0650,930,959,2025-12-21,Super belle plante
MCA0650,271,134,2025-08-27,Goute très bon
MCA0650,90,774,2025-08-26,Un chevreuil est passé par là
MCA0650,822,864,2025-12-20,Un chevreuil est passé par là
MCA0650,548,476,2025-06-26,Goute très bon
MCB9572,689,141,2025-10-31,Super belle plante
MCB9572,36,427,2025-08-12,Plante un peu croche
MCB9572,243,200,2025-07-03,Plante un peu croche
MCB9572,585,757,2025-11-13,Goute très bon
MCB8667,858,856,2025-12-25,Belle forme pour celle-ci!
MCB5461,741,611,2025-07-16,Belle forme pour celle-ci!
MCB5461,974,732,2025-11-13,Belle forme pour celle-ci!
MCB5461,789,521,2025-12-11,Super belle plante
MCC7349,759,135,2025-12-14,Un chevreuil est passé par là
MCC7349,149,359,2025-10-05,Goute très bon
MCC7349,797,644,2025-10-27,Plante un peu croche
MCC7349,402,116,2025-06-19,Plante un peu croche
MCC7349,542,604,2025-12-27,Plante un peu croche
MCC7349,417,997,2025-07-21,Belle forme pour celle-ci!
MCC4130,602,749,2025-08-19,Plante un peu croche
MCC4130,190,730,2025-07-22,Belle forme pour celle-ci!
MCC4130,206,679,2025-11-18,Goute très bon
MCA8417,26,992,2025-08-20,Belle forme pour celle-ci!
MCA8417,931,556,2025-12-12,Belle forme pour celle-ci!
MCA8417,516,616,2025-09-12,Super belle plante
MCA8417,605,413,2025-09-26,Plante un peu croche
MCA6767,878,738,2025-10-29,Goute très bon
MCA6767,54,474,2025-09-13,Plante un peu croche
MCA6767,55,789,2025-11-24,Un chevreuil est passé par là
MCA6767,63,404,2025-06-04,Plante un peu croche
MCA6767,677,754,2025-12-06,Belle forme pour celle-ci!
MCA6767,330,522,2025-07-30,Belle forme pour celle-ci!
MCC2019,391,622,2025-06-28,Belle forme pour celle-ci!
MCC2019,722,5,2025-09-05,Goute très bon
MCB0968,234,562,2025-09-27,Goute très bon
MCB0968,739,704,2025-07-29,Goute très bon
MCB0968,630,825,2025-12-27,Un chevreuil est passé par là
MCB0968,11,875,2025-11-30,Super belle plante
MCA2239,803,551,2025-12-14,Un chevreuil est passé par là
MCA2239,605,710,2025-12-10,Un chevreuil est passé par là
MCA2239,810,439,2025-08-10,Goute très bon
MCA2239,710,65,2025-06-25,Super belle plante
MCA2239,254,279,2025-08-07,Goute très bon
MCA2239,314,251,2025-12-15,Goute très bon
MCA8305,742,670,2025-06-28,Goute très bon
MCA8305,573,154,2025-08-15,Un chevreuil est passé par là
MCC8551,345,743,2025-10-22,Super belle plante
MCC8551,332,80,2025-11-07,Plante un peu croche
MCC8551,16,667,2025-06-24,Un chevreuil est passé par là
MCC8551,532,543,2025-09-05,Plante un peu croche
MCC8551,772,157,2025-10-06,Super belle plante
MCC8551,197,637,2025-11-10,Un chevreuil est passé par là
MCC8551,438,564,2025-06-02,Super belle plante
MCA3198,171,389,2025-11-20,Goute très bon
MCA3198,945,932,2025-12-08,Plante un peu croche
MCA3198,862,806,2025-10-15,Goute très bon
MCA3198,381,538,2025-11-17,Belle forme pour celle-ci!
MCA3198,261,678,2025-11-30,Plante un peu croche
MCA3198,217,205,2025-11-10,Goute très bon
MCB3937,214,350,2025-10-25,Goute très bon
MCB3937,980,469,2025-11-26,Super belle plante
MCB3937,756,670,2025-12-12,Un chevreuil est passé par là
MCB3937,986,972,2025-06-01,Un chevreuil est passé par là
MCC4335,683,989,2025-10-28,Goute très bon
MCC4335,309,351,2025-07-26,Belle forme pour celle-ci!
MCB9484,499,232,2025-07-01,Super belle plante
MCB9484,762,493,2025-12-11,Goute très bon
MCB9484,678,806,2025-06-10,Goute très bon
MCC8462,336,793,2025-06-02,Goute très bon
MCC8462,81,992,2025-08-03,Un chevreuil est passé par là
MCC8462,969,820,2025-08-24,Super belle plante
MCC8462,585,450,2025-06-15,Un chevreuil est passé par là
MCC8462,995,20,2025-08-09,Plante un peu croche
MCC8462,212,231,2025-11-10,Super belle plante
MCC8462,261,669,2025-08-22,Un chevreuil est passé par là
MCA2317,12,858,2025-07-31,Plante un peu croche
MCA2317,895,749,2025-09-19,Un chevreuil est passé par là
MCA2317,532,382,2025-10-05,Goute très bon
MCA2317,387,970,2025-06-07,Un chevreuil est passé par là
MCA2317,372,990,2025-06-29,Belle forme pour celle-ci!
MCA2317,791,468,2025-11-06,Belle forme pour celle-ci!
MCA2317,927,255,2025-10-24,Goute très bon
MCB3166,114,129,2025-12-20,Belle forme pour celle-ci!
MCB3166,280,284,2025-11-24,Goute très bon
MCB3166,866,681,2025-11-06,Belle forme pour celle-ci!
MCB3166,825,578,2025-07-15,Plante un peu croche
MCB3166,288,967,2025-09-06,Un chevreuil est passé par là
MCB6870,711,172,2025-06-06,Super belle plante
MCB6870,486,767,2025-10-05,Super belle plante
MCB6870,199,671,2025-12-09,Plante un peu croche
MCB6870,777,118,2025-08-21,Plante un peu croche
MCC3586,696,215,2025-07-15,Belle forme pour celle-ci!
MCC3586,977,3,2025-12-26,Un chevreuil est passé par là
MCC3586,796,201,2025-11-25,Super belle plante
MCC3586,893,617,2025-11-14,Belle forme pour celle-ci!
MCC3586,504,801,2025-07-16,Super belle plante
MCC3586,954,899,2025-08-21,Un chevreuil est passé par là
MCC3586,250,270,2025-06-03,Un chevreuil est passé par là
MCA4258,332,108,2025-12-16,Super belle plante
MCA9958,693,779,2025-07-11,Goute très bon
MCA9958,148,122,2025-11-15,Plante un peu croche
MCA9958,162,98,2025-08-16,Plante un peu croche
MCA9958,661,353,2025-06-09,Goute très bon
MCA9958,195,963,2025-07-30,Super belle plante
MCA9958,330,216,2025-11-25,Un chevreuil est passé par là
MCA9958,402,70,2025-12-26,Super belle plante
MCB0624,255,512,2025-10-22,Belle forme pour celle-ci!
MCB0624,44,73,2025-12-13,Goute très bon
MCB0624,987,259,2025-08-29,Plante un peu croche
MCB0624,407,315,2025-09-07,Super belle plante
MCB0624,764,155,2025-06-24,Goute très bon
MCC8408,566,754,2025-09-30,Belle forme pour celle-ci!
MCC8408,961,437,2025-10-03,Super belle plante
MCC8408,603,620,2025-10-30,Goute très bon
MCC8408,599,623,2025-10-12,Belle forme pour celle-ci!
MCC8408,592,443,2025-09-28,Plante un peu croche
MCC8408,718,108,2025-10-23,Belle forme pour celle-ci!
MCB4519,135,776,2025-11-19,Super belle plante
MCB4519,9,688,2025-08-30,Super belle plante
MCB4519,653,975,2025-08-28,Super belle plante
MCB4519,994,974,2025-10-22,Super belle plante
MCB4519,628,49,2025-10-26,Plante un peu croche
MCB4519,650,251,2025-07-02,Goute très bon
MCB4519,712,811,2025-07-16,Goute très bon
MCB2143,403,961,2025-07-25,Un chevreuil est passé par là
MCB2143,567,868,2025-11-25,Belle forme pour celle-ci!
MCB2143,330,848,2025-06-09,Un chevreuil est passé par là
MCB2143,841,494,2025-09-02,Belle forme pour celle-ci!
MCB2143,101,960,2025-12-03,Goute très bon
MCB2143,53,885,2025-07-23,Goute très bon
MCB2194,521,970,2025-07-05,Super belle plante
MCA8564,297,600,2025-07-19,Un chevreuil est passé par là
MCB8282,224,373,2025-08-22,Goute très bon
MCB8282,842,664,2025-06-06,Plante un peu croche
MCB8282,139,869,2025-08-05,Goute très bon
MCB8282,55,38,2025-08-06,Un chevreuil est passé par là
MCB8282,653,576,2025-09-28,Belle forme pour celle-ci!
MCB8282,40,941,2025-12-27,Belle forme pour celle-ci!
MCB5818,421,798,2025-07-19,Plante un peu croche
MCB5818,783,895,2025-08-27,Un chevreuil est passé par là
MCB5818,211,561,2025-07-14,Belle forme pour celle-ci!
MCB5818,584,801,2025-12-20,Un chevreuil est passé par là
MCB5818,753,581,2025-11-24,Plante un peu croche
MCB5818,144,148,2025-11-21,Plante un peu croche
MCA0676,572,956,2025-09-14,Belle forme pour celle-ci!
MCA0676,780,883,2025-08-07,Belle forme pour celle-ci!
MCA0676,940,484,2025-10-31,Super belle plante
MCA5596,487,541,2025-07-12,Belle forme pour celle-ci!
MCA5596,437,878,2025-07-09,Plante un peu croche
MCA5596,578,678,2025-12-14,Un chevreuil est passé par là
MCA5596,231,802,2025-07-21,Plante un peu croche
MCB4128,516,89,2025-10-04,Goute très bon
MCB4128,891,800,2025-07-29,Super belle plante
MCB4128,179,808,2025-08-20,Belle forme pour celle-ci!
MCB6677,650,379,2025-06-03,Goute très bon
MCB7892,332,387,2025-08-24,Super belle plante
MCB7892,501,500,2025-10-27,Plante un peu croche
MCB7892,180,704,2025-10-15,Plante un peu croche
MCB7892,633,854,2025-10-19,Super belle plante
MCB1102,598,330,2025-12-27,Goute très bon
MCA9350,388,799,2025-07-31,Belle forme pour celle-ci!
MCA9350,337,104,2025-11-16,Goute très bon
MCA9350,362,727,2025-11-20,Super belle plante
MCA9350,830,743,2025-12-24,Super belle plante
MCC0653,800,356,2025-11-01,Goute très bon
MCC0653,432,224,2025-10-27,Un chevreuil est passé par là
MCC0653,805,268,2025-11-10,Plante un peu croche
MCC4521,600,222,2025-08-08,Un chevreuil est passé par là
MCC4521,144,287,2025-10-08,Plante un peu croche
MCC4521,380,838,2025-11-15,Super belle plante
MCC4521,258,120,2025-07-26,Un chevreuil est passé par là
MCC4521,451,809,2025-08-04,Goute très bon
MCC5291,674,476,2025-12-05,Un chevreuil est passé par là
MCC5291,875,641,2025-12-25,Goute très bon
MCC5291,756,647,2025-06-14,Un chevreuil est passé par là
MCC5291,938,198,2025-10-27,Belle forme pour celle-ci!
MCC5291,382,386,2025-09-07,Goute très bon
MCC5291,511,882,2025-08-28,Plante un peu croche
MCC5291,471,787,2025-07-08,Super belle plante
MCB1517,712,441,2025-08-09,Un chevreuil est passé par là
MCB1517,76,393,2025-11-30,Plante un peu croche
MCB1517,951,655,2025-09-06,Belle forme pour celle-ci!
MCC6509,957,338,2025-10-02,Super belle plante
MCC6509,423,515,2025-07-08,Goute très bon
MCC5252,702,896,2025-11-17,Belle forme pour celle-ci!
MCC5252,96,469,2025-11-19,Un chevreuil est passé par là
MCC5252,860,465,2025-11-21,Plante un peu croche
MCB0497,873,826,2025-12-24,Un chevreuil est passé par là
MCB0497,731,29,2025-08-20,Belle forme pour celle-ci!
MCB6589,131,68,2025-08-27,Un chevreuil est passé par là
MCB6589,661,385,2025-08-20,Goute très bon
MCB6589,705,725,2025-08-26,Super belle plante
MCB6589,542,997,2025-06-03,Plante un peu croche
MCA9602,242,130,2025-07-13,Belle forme pour celle-ci!
MCA9602,291,638,2025-12-15,Super belle plante
MCA9602,871,320,2025-06-29,Un chevreuil est passé par là
MCA9602,903,264,2025-09-12,Un chevreuil est passé par là
MCC6342,190,450,2025-09-10,Plante un peu croche
MCC6342,469,257,2025-10-24,Super belle plante
MCC6342,922,33,2025-06-09,Goute très bon
MCC5035,448,945,2025-10-02,Belle forme pour celle-ci!
MCC8325,878,134,2025-07-21,Belle forme pour celle-ci!
MCC8325,362,317,2025-11-20,Un chevreuil est passé par là
MCC8325,694,771,2025-09-05,Goute très bon
MCC8325,958,685,2025-08-04,Super belle plante
MCC8325,182,291,2025-11-01,Goute très bon
MCB0647,810,413,2025-09-09,Belle forme pour celle-ci!
MCB0647,959,760,2025-09-06,Plante un peu croche
MCC0347,780,624,2025-08-12,Plante un peu croche
MCC0347,2,474,2025-06-01,Un chevreuil est passé par là
MCC1447,549,83,2025-09-16,Super belle plante
MCC1447,210,593,2025-06-11,Plante un peu croche
MCC1447,129,669,2025-10-02,Super belle plante
MCC1447,163,241,2025-09-25,Plante un peu croche
MCC8264,143,111,2025-10-19,Belle forme pour celle-ci!
MCC8264,311,931,2025-08-25,Goute très bon
MCC8264,358,713,2025-09-14,Plante un peu croche
MCC8264,896,629,2025-08-24,Un chevreuil est passé par là
MCA7095,81,61,2025-07-05,Belle forme pour celle-ci!
MCA7095,791,666,2025-10-26,Plante un peu croche
MCA7095,849,35,2025-09-30,Belle forme pour celle-ci!
MCA7095,837,822,2025-06-27,Belle forme pour celle-ci!
MCA7095,296,35,2025-08-18,Super belle plante
MCB3933,188,106,2025-08-16,Belle forme pour celle-ci!
MCB3933,400,719,2025-10-22,Goute très bon
MCB3933,53,400,2025-07-02,Super belle plante
MCB3933,174,895,2025-12-05,Goute très bon
MCC5961,73,106,2025-12-05,Plante un peu croche
MCC5961,855,392,2025-11-27,Goute très bon
MCC5961,581,854,2025-12-23,Un chevreuil est passé par là
MCA2013,54,189,2025-12-30,Plante un peu croche
MCA2013,102,948,2025-10-01,Un chevreuil est passé par là
MCA2013,822,366,2025-08-24,Goute très bon
MCA6469,325,949,2025-12-24,Goute très bon
MCA6469,539,425,2025-07-08,Plante un peu croche
MCB1846,292,914,2025-11-19,Un chevreuil est passé par là
MCB1846,866,43,2025-08-20,Un chevreuil est passé par là
MCB1846,860,34,2025-06-02,Super belle plante
MCB1846,624,421,2025-06-29,Super belle plante
MCA8099,128,386,2025-11-13,Super belle plante
MCA8099,937,182,2025-11-18,Goute très bon
MCA8099,243,239,2025-09-24,Super belle plante
MCA8099,338,941,2025-07-19,Un chevreuil est passé par là
MCA8099,830,640,2025-07-20,Plante un peu croche
MCA8099,264,307,2025-12-10,Belle forme pour celle-ci!
MCC6648,361,122,2025-07-05,Goute très bon
MCC6648,114,609,2025-08-18,Belle forme pour celle-ci!
MCC6648,373,753,2025-07-26,Belle forme pour celle-ci!
MCC6648,555,219,2025-08-02,Belle forme pour celle-ci!
MCC6648,502,644,2025-11-30,Plante un peu croche
MCC6648,851,142,2025-07-27,Goute très bon
MCC6648,984,302,2025-10-14,Plante un peu croche
MCA1491,478,372,2025-08-04,Belle forme pour celle-ci!
MCA1491,222,847,2025-10-24,Goute très bon
MCA1491,740,397,2025-07-17,Un chevreuil est passé par là
MCA9536,136,511,2025-07-30,Belle forme pour celle-ci!
MCA9536,300,505,2025-06-18,Plante un peu croche
MCA9536,387,52,2025-08-31,Super belle plante
MCB2683,143,773,2025-07-05,Belle forme pour celle-ci!
MCC7745,372,103,2025-09-18,Un chevreuil est passé par là
MCC7745,141,161,2025-09-08,Plante un peu croche
MCC7745,888,1,2025-11-19,Un chevreuil est passé par là
MCC7745,869,696,2025-06-02,Goute très bon
MCC7745,361,225,2025-12-20,Super belle plante
MCC7745,479,339,2025-06-22,Un chevreuil est passé par là
MCC7745,430,704,2025-08-16,Un chevreuil est passé par là
MCC2018,7,16,2025-12-08,Goute très bon
MCC2018,927,872,2025-11-19,Super belle plante
MCC2018,859,663,2025-06-18,Super belle plante
MCC2018,430,335,2025-09-20,Goute très bon
MCC7673,891,939,2025-06-25,Plante un peu croche
MCC7673,89,552,2025-10-20,Belle forme pour celle-ci!
MCA0743,316,846,2025-09-23,Goute très bon
MCA0743,302,465,2025-07-23,Un chevreuil est passé par là
MCA9620,941,191,2025-11-12,Super belle plante
MCA9620,112,524,2025-07-01,Belle forme pour celle-ci!
MCA9620,585,645,2025-06-18,Goute très bon
MCA9620,164,298,2025-09-29,Un chevreuil est passé par là
MCA9620,805,536,2025-06-12,Goute très bon
MCB2959,356,505,2025-09-24,Un chevreuil est passé par là
MCB2959,439,791,2025-08-05,Belle forme pour celle-ci!
MCB2959,564,702,2025-11-26,Un chevreuil est passé par là
MCB2959,505,224,2025-08-16,Super belle plante
MCB2959,383,739,2025-09-15,Super belle plante
MCB5809,457,569,2025-08-17,Belle forme pour celle-ci!
MCB5809,946,994,2025-08-21,Super belle plante
MCB5809,507,737,2025-08-28,Un chevreuil est passé par là
MCA8088,793,889,2025-11-25,Belle forme pour celle-ci!
MCB3214,220,918,2025-06-17,Goute très bon
MCB3214,352,613,2025-07-25,Belle forme pour celle-ci!
MCB3214,206,584,2025-06-10,Belle forme pour celle-ci!
MCB3214,666,23,2025-07-29,Goute très bon
MCB3214,693,450,2025-06-28,Belle forme pour celle-ci!
MCB7003,664,63,2025-06-29,Un chevreuil est passé par là
MCB7003,285,217,2025-06-14,Goute très bon
MCB7003,10,433,2025-09-24,Plante un peu croche
MCC8313,839,104,2025-07-23,Goute très bon
MCC8313,580,692,2025-12-26,Super belle plante
MCA4360,665,673,2025-07-26,Un chevreuil est passé par là
MCA4360,165,100,2025-08-08,Super belle plante
MCA4360,800,917,2025-06-08,Un chevreuil est passé par là
MCA4360,281,960,2025-10-15,Un chevreuil est passé par là
MCA4360,221,703,2025-12-26,Plante un peu croche
MCC5736,511,649,2025-07-03,Un chevreuil est passé par là
MCC5736,491,929,2025-09-28,Un chevreuil est passé par là
MCC5736,972,798,2025-07-28,Un chevreuil est passé par là
MCC5736,617,603,2025-08-31,Plante un peu croche
MCC9639,923,64,2025-11-04,Un chevreuil est passé par là
MCC9639,68,235,2025-11-19,Super belle plante
MCB0295,246,847,2025-10-26,Plante un peu croche
MCB0295,958,125,2025-06-27,Plante un peu croche
MCB0295,653,846,2025-10-05,Super belle plante
MCB0295,533,318,2025-07-27,Super belle plante
MCB0295,535,242,2025-11-06,Un chevreuil est passé par là
MCB8916,840,445,2025-06-09,Un chevreuil est passé par là
MCB8916,181,130,2025-07-25,Un chevreuil est passé par là
MCB8916,254,374,2025-07-24,Un chevreuil est passé par là
MCB8916,556,950,2025-10-19,Super belle plante
MCB3398,641,17,2025-11-19,Super belle plante
MCC8886,285,34,2025-12-05,Plante un peu croche
MCC8886,647,799,2025-08-11,Plante un peu croche
MCC8886,697,523,2025-12-12,Un chevreuil est passé par là
MCC8886,367,332,2025-09-17,Goute très bon
MCB1689,451,113,2025-06-30,Goute très bon
MCB1689,585,148,2025-06-25,Super belle plante
MCB1689,797,115,2025-07-18,Belle forme pour celle-ci!
MCC7915,547,47,2025-06-09,Un chevreuil est passé par là
MCB5093,398,134,2025-12-14,Super belle plante
MCB5093,132,52,2025-12-09,Goute très bon
MCB5093,290,323,2025-06-05,Plante un peu croche
MCB5093,280,863,2025-12-07,Goute très bon
MCB5093,35,187,2025-11-27,Belle forme pour celle-ci!
MCB5093,879,140,2025-08-27,Super belle plante
MCB5093,657,975,2025-11-18,Goute très bon
MCC1796,667,781,2025-12-07,Goute très bon
MCC1796,276,351,2025-10-13,Belle forme pour celle-ci!
MCC1796,716,792,2025-11-16,Super belle plante
MCC1796,579,995,2025-08-10,Super belle plante
MCC0878,612,115,2025-12-11,Super belle plante
MCC0878,942,954,2025-08-19,Super belle plante
MCC0878,953,918,2025-10-07,Belle forme pour celle-ci!
MCB1064,238,641,2025-12-09,Goute très bon
MCB1064,892,145,2025-09-20,Plante un peu croche
MCA6551,814,483,2025-10-04,Belle forme pour celle-ci!
MCA6551,673,450,2025-11-02,Goute très bon
MCA6551,241,968,2025-08-20,Goute très bon
MCA6551,698,238,2025-11-26,Plante un peu croche
MCA6551,395,291,2025-06-07,Goute très bon
MCA6551,295,84,2025-08-26,Un chevreuil est passé par là
MCC3287,849,786,2025-09-01,Goute très bon
MCC3287,124,39,2025-11-24,Super belle plante
MCC3287,719,26,2025-12-17,Un chevreuil est passé par là
MCC4210,960,555,2025-10-17,Goute très bon
MCB1809,743,852,2025-12-16,Super belle plante
MCB1809,676,396,2025-08-20,Goute très bon
MCB8117,504,830,2025-07-24,Un chevreuil est passé par là
MCB8117,732,463,2025-11-26,Goute très bon
MCB8117,118,51,2025-10-30,Un chevreuil est passé par là
MCA3325,355,489,2025-11-03,Super belle plante
MCB5248,716,107,2025-12-21,Plante un peu croche
MCB5248,252,715,2025-09-09,Un chevreuil est passé par là
MCB8420,42,915,2025-11-28,Belle forme pour celle-ci!
MCB8420,16,883,2025-11-08,Super belle plante
MCB8420,547,5,2025-09-18,Goute très bon
MCB8420,978,868,2025-09-25,Plante un peu croche
MCB8420,253,749,2025-11-15,Plante un peu croche
MCB8420,356,895,2025-11-04,Plante un peu croche
MCA8665,927,206,2025-11-09,Super belle plante
MCA8665,194,195,2025-12-24,Belle forme pour celle-ci!
MCA8665,577,184,2025-11-07,Plante un peu croche
MCC6190,259,101,2025-07-18,Goute très bon
MCC6190,949,865,2025-11-28,Goute très bon
MCC6190,688,121,2025-11-27,Super belle plante
MCC6190,841,308,2025-08-05,Plante un peu croche
MCC6190,463,749,2025-12-09,Goute très bon
MCC6190,964,894,2025-12-15,Super belle plante
MCC6190,501,587,2025-08-10,Belle forme pour celle-ci!
MCC4565,187,834,2025-06-26,Goute très bon
MCC4565,756,551,2025-08-12,Plante un peu croche
MCC4565,448,727,2025-07-22,Plante un peu croche
MCC4565,455,283,2025-09-29,Belle forme pour celle-ci!
MCC4565,188,83,2025-07-01,Goute très bon
MCC4565,81,286,2025-08-01,Goute très bon
MCC4565,394,259,2025-12-20,Goute très bon
MCA6794,840,884,2025-09-07,Super belle plante
MCA6794,589,443,2025-12-20,Goute très bon
MCA6794,51,234,2025-11-24,Belle forme pour celle-ci!
MCA6794,65,495,2025-08-31,Belle forme pour celle-ci!
MCA4574,342,690,2025-12-18,Belle forme pour celle-ci!
MCA4574,331,153,2025-06-21,Un chevreuil est passé par là
MCA4574,682,262,2025-11-26,Goute très bon
MCA4574,869,285,2025-08-29,Un chevreuil est passé par là
MCA4207,611,602,2025-06-15,Un chevreuil est passé par là
MCA4207,889,61,2025-09-12,Belle forme pour celle-ci!
MCA4207,922,74,2025-06-17,Un chevreuil est passé par là
MCA4207,645,722,2025-06-10,Belle forme pour celle-ci!
MCA4207,30,765,2025-09-18,Un chevreuil est passé par là
MCA4207,329,505,2025-12-09,Un chevreuil est passé par là
MCB5977,125,781,2025-07-11,Plante un peu croche
MCB5977,489,583,2025-11-23,Goute très bon
MCC7633,714,331,2025-07-26,Belle forme pour celle-ci!
MCC6467,190,959,2025-11-25,Goute très bon
MCA2068,230,674,2025-11-19,Un chevreuil est passé par là
MCB1400,723,589,2025-10-23,Super belle plante
MCB5066,625,937,2025-09-21,Belle forme pour celle-ci!
MCA2626,656,266,2025-10-13,Super belle plante
MCA2626,544,394,2025-08-31,Super belle plante
MCA2626,914,542,2025-07-19,Super belle plante
MCA2626,742,115,2025-06-19,Super belle plante
MCA2626,541,991,2025-11-25,Plante un peu croche
MCC3927,305,873,2025-06-01,Goute très bon
MCC3927,34,128,2025-08-13,Plante un peu croche
MCC3927,848,184,2025-08-09,Belle forme pour celle-ci!
MCC3927,128,495,2025-11-10,Goute très bon
MCC3927,488,307,2025-09-22,Plante un peu croche
MCC3927,52,897,2025-07-27,Un chevreuil est passé par là
MCB8752,487,919,2025-10-31,Goute très bon
MCB8752,245,240,2025-08-10,Goute très bon
MCB8752,826,468,2025-11-09,Belle forme pour celle-ci!
MCB8752,937,499,2025-06-24,Belle forme pour celle-ci!
MCB8752,701,130,2025-10-11,Plante un peu croche
MCB8752,283,716,2025-07-01,Super belle plante
MCB9537,380,286,2025-08-15,Belle forme pour celle-ci!
MCB9537,271,492,2025-11-17,Goute très bon
MCB9537,263,22,2025-06-23,Un chevreuil est passé par là
MCB9537,239,538,2025-12-15,Un chevreuil est passé par là
MCB9537,495,903,2025-10-11,Belle forme pour celle-ci!
MCB9537,931,987,2025-09-26,Plante un peu croche
MCB1355,661,399,2025-06-23,Goute très bon
MCB7318,631,239,2025-06-14,Plante un peu croche
MCB7318,672,83,2025-07-19,Super belle plante
MCC5718,635,462,2025-10-10,Plante un peu croche
MCC1698,519,372,2025-06-22,Un chevreuil est passé par là
MCC1698,588,74,2025-08-24,Plante un peu croche
MCC1698,914,810,2025-09-16,Goute très bon
MCC1698,118,453,2025-08-22,Super belle plante
MCC1698,78,665,2025-06-15,Un chevreuil est passé par là
MCA0322,997,323,2025-07-29,Plante un peu croche
MCA0322,880,748,2025-10-23,Un chevreuil est passé par là
MCA9799,21,573,2025-08-27,Super belle plante
MCA9799,42,852,2025-09-14,Plante un peu croche
MCA5110,597,374,2025-12-10,Belle forme pour celle-ci!
MCA5110,701,7,2025-07-07,Plante un peu croche
MCA5110,886,458,2025-06-25,Belle forme pour celle-ci!
MCA5110,582,876,2025-10-22,Belle forme pour celle-ci!
MCA5110,129,76,2025-09-26,Un chevreuil est passé par là
MCC5402,413,702,2025-07-22,Plante un peu croche
MCC5402,712,509,2025-09-04,Un chevreuil est passé par là
MCC5402,17,700,2025-06-09,Super belle plante
MCC5402,482,806,2025-09-02,Un chevreuil est passé par là
MCA8526,546,206,2025-12-19,Plante un peu croche
MCA8526,506,856,2025-06-27,Goute très bon
MCA5749,243,3,2025-12-28,Plante un peu croche
MCA5749,949,559,2025-09-14,Super belle plante
MCA5749,282,48,2025-11-16,Plante un peu croche
MCA5749,527,464,2025-06-23,Plante un peu croche
MCA5749,616,165,2025-06-26,Goute très bon
MCA9200,989,26,2025-11-22,Un chevreuil est passé par là
MCB3713,511,744,2025-09-07,Belle forme pour celle-ci!
MCB3713,496,118,2025-10-24,Plante un peu croche
MCB0846,711,13,2025-10-25,Plante un peu croche
MCB0846,622,392,2025-11-12,Un chevreuil est passé par là
MCB0846,963,820,2025-08-30,Plante un peu croche
MCB0846,203,402,2025-08-29,Un chevreuil est passé par là
MCB0846,361,163,2025-12-27,Plante un peu croche
MCC8247,695,162,2025-07-01,Super belle plante
MCC8247,240,623,2025-08-22,Super belle plante
MCC8247,590,435,2025-11-24,Belle forme pour celle-ci!
MCA1861,984,489,2025-06-05,Plante un peu croche
MCA1861,805,635,2025-07-19,Un chevreuil est passé par là
MCA1861,225,628,2025-07-01,Plante un peu croche
MCA1861,57,404,2025-11-06,Plante un peu croche
MCA1861,462,94,2025-07-25,Goute très bon
MCA1861,296,43,2025-07-28,Plante un peu croche
MCC2838,404,773,2025-08-22,Un chevreuil est passé par là
MCC2838,624,187,2025-12-29,Belle forme pour celle-ci!
MCC2838,120,935,2025-09-06,Plante un peu croche
MCC2838,556,206,2025-11-27,Super belle plante
MCC2838,909,240,2025-12-09,Plante un peu croche
MCA4678,13,583,2025-08-20,Goute très bon
MCA4678,635,563,2025-09-26,Belle forme pour celle-ci!
MCA4678,337,472,2025-11-29,Goute très bon
MCA4678,985,637,2025-09-03,Belle forme pour celle-ci!
MCA4678,143,463,2025-11-24,Belle forme pour celle-ci!
MCA4678,169,907,2025-07-28,Plante un peu croche
MCC8034,870,527,2025-11-26,Un chevreuil est passé par là
MCC9129,71,684,2025-09-30,Goute très bon
MCC9129,374,521,2025-12-06,Goute très bon
MCC9129,762,904,2025-12-04,Super belle plante
MCC9129,279,792,2025-10-17,Plante un peu croche
MCC9129,230,758,2025-12-09,Goute très bon
MCC9129,459,881,2025-12-14,Goute très bon
MCC9129,607,852,2025-10-14,Goute très bon
MCA1440,82,223,2025-06-09,Super belle plante
MCA1440,902,745,2025-12-29,Super belle plante
MCA7157,722,871,2025-12-27,Super belle plante
MCB6275,599,697,2025-06-28,Super belle plante
MCB6275,535,410,2025-10-27,Un chevreuil est passé par là
MCB6275,302,398,2025-06-21,Goute très bon
MCB6275,7,732,2025-09-25,Goute très bon
MCA5354,211,149,2025-12-15,Plante un peu croche
MCA5354,243,683,2025-12-13,Un chevreuil est passé par là
MCA5354,313,608,2025-06-14,Super belle plante
MCA5354,502,162,2025-08-30,Super belle plante
MCA5354,225,553,2025-08-12,Goute très bon
MCA5354,838,602,2025-10-22,Un chevreuil est passé par là
MCC1185,943,758,2025-11-07,Plante un peu croche
MCC1185,73,172,2025-06-28,Super belle plante
MCC1185,854,705,2025-11-30,Un chevreuil est passé par là
MCC1185,785,897,2025-07-25,Un chevreuil est passé par là
MCC1185,367,151,2025-10-18,Plante un peu croche
MCC1185,267,48,2025-06-27,Goute très bon
MCC1185,640,373,2025-09-09,Belle forme pour celle-ci!
MCB7363,861,682,2025-10-25,Goute très bon
MCB7363,852,344,2025-09-16,Super belle plante
MCB0803,489,16,2025-12-13,Plante un peu croche
MCB0803,524,607,2025-06-13,Belle forme pour celle-ci!
MCB0803,781,101,2025-10-27,Belle forme pour celle-ci!
MCB0803,996,135,2025-10-09,Plante un peu croche
MCB0803,711,268,2025-08-04,Un chevreuil est passé par là
MCB4971,656,57,2025-07-22,Goute très bon
MCB4971,248,93,2025-07-28,Super belle plante
MCB4971,191,24,2025-10-25,Goute très bon
MCB4971,297,26,2025-11-19,Belle forme pour celle-ci!
MCB4971,375,563,2025-09-21,Plante un peu croche
MCA7867,939,819,2025-10-31,Belle forme pour celle-ci!
MCA7867,434,555,2025-07-21,Super belle plante
MCA7867,10,760,2025-06-19,Goute très bon
MCA7867,359,390,2025-07-04,Belle forme pour celle-ci!
MCA7867,374,515,2025-08-18,Goute très bon
MCA7867,366,119,2025-10-02,Super belle plante
MCA4865,539,832,2025-10-07,Plante un peu croche
MCA4865,194,48,2025-10-03,Plante un peu croche
MCA4865,807,41,2025-11-13,Plante un peu croche
MCA4865,598,597,2025-07-28,Super belle plante
MCC2887,159,976,2025-09-22,Goute très bon
MCC2887,767,545,2025-12-17,Super belle plante
MCC2887,40,632,2025-10-10,Goute très bon
MCC2887,608,400,2025-12-12,Un chevreuil est passé par là
MCC2887,191,6,2025-10-31,Super belle plante
MCC2887,149,759,2025-08-05,Super belle plante
MCC2887,4,836,2025-07-10,Plante un peu croche
MCB6406,751,188,2025-11-20,Un chevreuil est passé par là
MCB6406,687,649,2025-06-30,Super belle plante
MCB6406,679,107,2025-09-25,Plante un peu croche
MCB6245,461,506,2025-07-04,Goute très bon
MCB6245,107,972,2025-08-11,Goute très bon
MCB6245,587,681,2025-12-30,Belle forme pour celle-ci!
MCB6245,739,205,2025-11-02,Super belle plante
MCB6245,752,151,2025-09-12,Super belle plante
MCB6245,111,66,2025-12-14,Plante un peu croche
MCC4564,490,928,2025-06-13,Un chevreuil est passé par là
MCC4564,304,1,2025-11-09,Un chevreuil est passé par là
MCC4564,771,658,2025-07-15,Goute très bon
MCC4564,951,117,2025-06-20,Un chevreuil est passé par là
MCC4564,867,34,2025-11-07,Un chevreuil est passé par là
MCB1802,240,707,2025-06-03,Plante un peu croche
MCB1802,760,669,2025-08-01,Belle forme pour celle-ci!
MCB1802,682,830,2025-12-17,Super belle plante
MCB1802,928,131,2025-12-26,Goute très bon
MCB1802,56,822,2025-12-22,Goute très bon
MCC7901,573,886,2025-06-03,Plante un peu croche
MCC7901,626,872,2025-08-31,Super belle plante
MCC7901,287,631,2025-11-10,Plante un peu croche
MCC6201,307,432,2025-09-05,Super belle plante
MCC6201,29,84,2025-12-16,Un chevreuil est passé par là
MCC6201,320,307,2025-06-04,Plante un peu croche
MCC6201,200,641,2025-07-23,Plante un peu croche
MCC6201,767,696,2025-12-02,Plante un peu croche
MCC6201,245,362,2025-08-17,Super belle plante
MCC0833,130,793,2025-09-29,Goute très bon
MCC0833,518,433,2025-10-11,Plante un peu croche
MCC0833,257,147,2025-10-17,Un chevreuil est passé par là
MCC0833,571,103,2025-09-20,Plante un peu croche
MCC0833,726,689,2025-12-10,Plante un peu croche
MCC0833,698,128,2025-11-19,Plante un peu croche
MCC0833,423,460,2025-08-14,Belle forme pour celle-ci!
MCA5839,78,84,2025-12-10,Super belle plante
MCB8459,900,44,2025-12-07,Goute très bon
MCB8459,891,698,2025-12-05,Un chevreuil est passé par là
MCB3520,219,26,2025-10-13,Super belle plante
MCB3520,263,512,2025-06-15,Plante un peu croche
MCB3520,499,334,2025-06-12,Un chevreuil est passé par là
MCB3520,606,282,2025-12-08,Belle forme pour celle-ci!
MCB3520,176,772,2025-12-13,Plante un peu croche
MCA1142,127,614,2025-09-07,Plante un peu croche
MCA1142,43,34,2025-11-09,Un chevreuil est passé par là
MCA1142,266,334,2025-12-09,Belle forme pour celle-ci!
MCA1142,548,540,2025-06-07,Plante un peu croche
MCA1142,892,853,2025-09-03,Goute très bon
MCA1142,49,865,2025-10-03,Un chevreuil est passé par là
MCA1142,648,917,2025-10-06,Goute très bon
MCB9981,223,226,2025-10-26,Super belle plante
MCB9981,773,659,2025-11-15,Un chevreuil est passé par là
MCA4087,151,71,2025-08-28,Goute très bon
MCA6716,816,481,2025-09-30,Belle forme pour celle-ci!
MCA9239,291,805,2025-06-30,Un chevreuil est passé par là
MCA9239,527,547,2025-10-25,Goute très bon
MCA9239,398,987,2025-08-12,Goute très bon
MCA9239,590,266,2025-08-06,Un chevreuil est passé par là
MCA9239,184,600,2025-07-09,Goute très bon
MCC2964,807,227,2025-09-15,Plante un peu croche
MCA9365,98,137,2025-11-01,Plante un peu croche
MCA9365,892,356,2025-12-29,Plante un peu croche
MCC8921,679,773,2025-09-15,Super belle plante
MCC8921,46,351,2025-10-07,Belle forme pour celle-ci!
MCC8921,933,374,2025-06-02,Plante un peu croche
MCC8921,285,431,2025-10-11,Un chevreuil est passé par là
MCC8921,534,644,2025-08-18,Un chevreuil est passé par là
MCC8921,721,15,2025-07-09,Un chevreuil est passé par là
MCC3585,887,823,2025-10-12,Un chevreuil est passé par là
MCA4210,212,883,2025-06-05,Belle forme pour celle-ci!
MCA4210,692,687,2025-07-12,Plante un peu croche
MCA4210,143,548,2025-07-08,Un chevreuil est passé par là
MCA4210,113,874,2025-09-18,Un chevreuil est passé par là
MCA4210,237,747,2025-08-11,Belle forme pour celle-ci!
MCA4210,267,409,2025-12-01,Belle forme pour celle-ci!
MCB7931,103,128,2025-08-01,Goute très bon
MCB7931,968,81,2025-08-13,Belle forme pour celle-ci!
MCB7931,12,389,2025-09-26,Belle forme pour celle-ci!
MCB7931,971,628,2025-09-07,Goute très bon
MCB7931,15,437,2025-09-03,Un chevreuil est passé par là
MCB7931,148,738,2025-11-01,Belle forme pour celle-ci!
MCB7931,160,826,2025-07-01,Goute très bon
MCC8908,618,343,2025-11-09,Belle forme pour celle-ci!
MCC8908,599,662,2025-07-12,Super belle plante
MCC8908,305,406,2025-11-15,Un chevreuil est passé par là
MCC8908,372,356,2025-10-27,Belle forme pour celle-ci!
MCA9301,560,287,2025-08-11,Super belle plante
MCA9301,644,941,2025-08-02,Belle forme pour celle-ci!
MCA9301,143,615,2025-07-21,Goute très bon
MCA9301,510,632,2025-12-24,Belle forme pour celle-ci!
MCA9301,326,722,2025-10-07,Plante un peu croche
MCA9301,430,842,2025-08-25,Un chevreuil est passé par là
MCB5432,947,180,2025-10-10,Goute très bon
MCB5432,218,618,2025-12-24,Belle forme pour celle-ci!
MCB5432,102,985,2025-11-04,Un chevreuil est passé par là
MCB5432,27,578,2025-10-14,Belle forme pour celle-ci!
MCB7660,738,293,2025-06-14,Super belle plante
MCB7660,388,237,2025-11-22,Un chevreuil est passé par là
MCB7660,841,197,2025-10-04,Un chevreuil est passé par là
MCC3527,272,398,2025-07-11,Super belle plante
MCA4263,911,25,2025-07-05,Goute très bon
MCA4263,613,903,2025-10-06,Super belle plante
MCB9339,306,333,2025-06-18,Un chevreuil est passé par là
MCB9339,657,374,2025-11-14,Goute très bon
MCB9339,772,673,2025-08-19,Un chevreuil est passé par là
MCB9339,486,891,2025-09-16,Belle forme pour celle-ci!
MCB9339,291,448,2025-08-27,Belle forme pour celle-ci!
MCB9339,920,419,2025-11-09,Un chevreuil est passé par là
MCC9911,155,392,2025-06-21,Goute très bon
MCC9911,403,413,2025-07-13,Plante un peu croche
MCC9911,209,151,2025-09-29,Super belle plante
MCC9911,717,134,2025-07-10,Super belle plante
MCC0144,269,573,2025-06-25,Super belle plante
MCC0144,464,185,2025-09-24,Super belle plante
MCC0144,86,305,2025-12-27,Belle forme pour celle-ci!
MCC0144,25,937,2025-09-25,Goute très bon
MCC0144,152,883,2025-12-26,Super belle plante
MCC0144,91,647,2025-06-02,Un chevreuil est passé par là
MCC0144,949,656,2025-08-18,Super belle plante
MCC2329,858,288,2025-06-08,Belle forme pour celle-ci!
MCC2329,134,865,2025-09-06,Plante un peu croche
MCC2329,62,465,2025-08-07,Belle forme pour celle-ci!
MCC1035,358,415,2025-11-01,Un chevreuil est passé par là
MCC1035,622,821,2025-06-10,Goute très bon
MCC1035,43,245,2025-06-09,Goute très bon
MCC1035,389,257,2025-06-14,Super belle plante
MCC1035,311,162,2025-07-19,Belle forme pour celle-ci!
MCA3365,496,329,2025-09-30,Un chevreuil est passé par là
MCA3365,264,231,2025-08-01,Belle forme pour celle-ci!
MCA3365,995,417,2025-12-30,Goute très bon
MCA3365,953,983,2025-06-13,Belle forme pour celle-ci!
MCA3365,302,871,2025-09-10,Goute très bon
MCA3365,404,734,2025-10-30,Un chevreuil est passé par là
MCA3365,446,227,2025-12-25,Super belle plante
MCB7815,781,823,2025-06-13,Plante un peu croche
MCB7815,332,171,2025-07-23,Un chevreuil est passé par là
MCB7815,844,981,2025-10-04,Goute très bon
MCB7815,815,271,2025-08-30,Goute très bon
MCB7815,570,508,2025-09-12,Plante un peu croche
MCB7815,957,426,2025-12-23,Super belle plante
MCB7815,333,328,2025-07-14,Goute très bon
MCC7536,614,750,2025-08-03,Un chevreuil est passé par là
MCC7536,353,493,2025-07-10,Super belle plante
MCC7536,336,421,2025-10-04,Super belle plante
MCC7536,645,360,2025-11-01,Super belle plante
MCC9013,404,947,2025-10-26,Plante un peu croche
MCC9013,42,454,2025-12-27,Belle forme pour celle-ci!
MCC9013,569,323,2025-09-21,Super belle plante
MCC9013,394,665,2025-07-18,Un chevreuil est passé par là
MCC9013,24,335,2025-09-03,Belle forme pour celle-ci!
MCC9013,386,523,2025-07-22,Super belle plante
MCC9013,421,444,2025-10-08,Super belle plante
MCB6144,207,884,2025-06-11,Super belle plante
MCB6144,36,522,2025-09-28,Super belle plante
MCB6144,261,502,2025-11-29,Plante un peu croche
MCB6144,888,103,2025-11-28,Belle forme pour celle-ci!
MCB6144,535,148,2025-09-23,Plante un peu croche
MCB6144,464,986,2025-10-10,Plante un peu croche
MCB6144,572,113,2025-10-24,Plante un peu croche
MCC3879,861,507,2025-08-10,Plante un peu croche
MCC3879,416,494,2025-09-19,Plante un peu croche
MCC3879,418,882,2025-09-28,Plante un peu croche
MCC3879,714,760,2025-07-19,Belle forme pour celle-ci!
MCC3879,910,736,2025-08-24,Goute très bon
MCC3879,776,762,2025-12-19,Goute très bon
MCB5175,252,448,2025-06-29,Goute très bon
MCB5175,888,339,2025-09-07,Un chevreuil est passé par là
MCB5175,43,861,2025-12-12,Belle forme pour celle-ci!
MCB0416,716,684,2025-08-13,Goute très bon
MCB0416,254,169,2025-12-25,Un chevreuil est passé par là
MCB0416,453,244,2025-06-28,Un chevreuil est passé par là
MCA2821,904,556,2025-11-02,Plante un peu croche
MCA2821,711,289,2025-12-02,Plante un peu croche
MCA2821,684,330,2025-08-04,Un chevreuil est passé par là
MCA2821,393,215,2025-12-27,Belle forme pour celle-ci!
MCA2821,265,704,2025-06-09,Belle forme pour celle-ci!
MCA2821,553,58,2025-10-13,Un chevreuil est passé par là
MCA2821,369,337,2025-06-17,Un chevreuil est passé par là
MCB1198,843,224,2025-11-13,Plante un peu croche
MCB1198,285,174,2025-10-03,Belle forme pour celle-ci!
MCB1198,516,497,2025-11-18,Belle forme pour celle-ci!
MCB1198,787,506,2025-07-08,Belle forme pour celle-ci!
MCB2391,852,870,2025-12-30,Goute très bon
MCB2391,993,3,2025-12-28,Un chevreuil est passé par là
MCB2391,235,586,2025-08-11,Plante un peu croche
MCB2391,282,237,2025-09-22,Plante un peu croche
MCC8306,425,203,2025-11-16,Belle forme pour celle-ci!
MCC8306,766,692,2025-11-24,Un chevreuil est passé par là
MCC8306,559,573,2025-07-11,Un chevreuil est passé par là
MCC8306,793,792,2025-09-02,Super belle plante
MCC8852,612,29,2025-07-21,Super belle plante
MCB6447,980,312,2025-09-08,Plante un peu croche
MCB6447,601,485,2025-10-10,Goute très bon
MCB6507,353,299,2025-06-06,Super belle plante
MCB6507,943,734,2025-06-30,Super belle plante
MCB6507,513,12,2025-09-20,Un chevreuil est passé par là
MCB6507,307,217,2025-11-15,Goute très bon
MCB6507,93,423,2025-06-26,Goute très bon
MCA0970,380,685,2025-08-09,Un chevreuil est passé par là
MCA0970,325,720,2025-10-20,Super belle plante
MCA0970,419,157,2025-12-24,Un chevreuil est passé par là
MCA0970,615,252,2025-12-08,Super belle plante
MCA0970,37,269,2025-08-29,Super belle plante
MCA9938,367,833,2025-07-08,Plante un peu croche
MCA9938,228,11,2025-09-18,Un chevreuil est passé par là
MCA9938,897,900,2025-12-09,Belle forme pour celle-ci!
MCA9938,385,96,2025-11-13,Goute très bon
MCA9938,404,132,2025-10-08,Belle forme pour celle-ci!
MCA9938,642,379,2025-10-10,Goute très bon
MCC9070,399,256,2025-09-02,Un chevreuil est passé par là
MCC9070,229,979,2025-11-15,Un chevreuil est passé par là
MCC9070,986,944,2025-12-10,Super belle plante
MCB5854,924,562,2025-06-22,Super belle plante
MCB5854,646,36,2025-07-30,Un chevreuil est passé par là
MCB5854,883,579,2025-12-11,Plante un peu croche
MCB5854,196,164,2025-08-07,Belle forme pour celle-ci!
MCB5854,910,386,2025-11-29,Super belle plante
MCA4152,447,789,2025-07-28,Belle forme pour celle-ci!
MCA4152,453,542,2025-10-29,Plante un peu croche
MCA4152,630,655,2025-11-29,Un chevreuil est passé par là
MCA4152,327,830,2025-06-26,Plante un peu croche
MCA4152,212,533,2025-09-26,Goute très bon
MCC9799,452,220,2025-06-02,Plante un peu croche
MCC9799,802,143,2025-09-20,Goute très bon
MCA4653,195,359,2025-09-16,Goute très bon
MCA4653,441,937,2025-10-07,Un chevreuil est passé par là
MCA4653,983,67,2025-11-14,Un chevreuil est passé par là
MCA4653,92,440,2025-12-03,Goute très bon
MCA4653,354,884,2025-09-27,Goute très bon
MCA4653,577,140,2025-07-01,Belle forme pour celle-ci!
MCA4653,750,236,2025-09-18,Goute très bon
MCA8772,967,635,2025-09-19,Goute très bon
MCA8772,736,509,2025-12-05,Super belle plante
MCA8772,803,83,2025-06-16,Belle forme pour celle-ci!
MCB8574,957,990,2025-11-13,Goute très bon
MCB8574,611,992,2025-10-31,Plante un peu croche
MCA7714,860,828,2025-06-23,Belle forme pour celle-ci!
MCA7714,452,579,2025-07-23,Un chevreuil est passé par là
MCA7714,495,378,2025-07-29,Plante un peu croche
MCA7714,889,759,2025-11-16,Belle forme pour celle-ci!
MCA7714,510,543,2025-08-15,Super belle plante
MCC9826,640,551,2025-07-28,Un chevreuil est passé par là
MCC9826,613,761,2025-09-27,Un chevreuil est passé par là
MCC9826,259,539,2025-08-10,Belle forme pour celle-ci!
MCC9826,53,711,2025-08-11,Super belle plante
MCC9826,845,308,2025-10-10,Plante un peu croche
MCA5075,299,130,2025-07-16,Goute très bon
MCA5075,288,508,2025-11-06,Goute très bon
MCA5075,999,123,2025-09-06,Plante un peu croche
MCA5075,787,54,2025-08-04,Un chevreuil est passé par là
MCA5075,549,960,2025-12-20,Goute très bon
MCA5075,113,603,2025-12-09,Belle forme pour celle-ci!
MCA6096,267,466,2025-12-21,Un chevreuil est passé par là
MCA6096,380,970,2025-11-07,Goute très bon
MCA6096,209,999,2025-06-26,Goute très bon
MCA5835,990,804,2025-11-10,Belle forme pour celle-ci!
MCA2685,929,45,2025-11-25,Plante un peu croche
MCA2685,485,400,2025-10-11,Plante un peu croche
MCA2685,790,811,2025-10-25,Plante un peu croche
MCA2685,474,87,2025-12-21,Plante un peu croche
MCC3230,781,173,2025-12-04,Super belle plante
MCC3230,161,554,2025-06-03,Belle forme pour celle-ci!
MCC3230,767,421,2025-11-30,Un chevreuil est passé par là
MCC3230,834,86,2025-07-15,Plante un peu croche
MCC3230,985,279,2025-07-04,Belle forme pour celle-ci!
MCC3230,80,294,2025-07-06,Super belle plante
MCC3230,141,264,2025-08-02,Goute très bon
MCA6162,15,344,2025-07-06,Plante un peu croche
MCA6162,42,82,2025-10-29,Goute très bon
MCB1222,809,246,2025-08-23,Super belle plante
MCB1222,430,75,2025-10-25,Un chevreuil est passé par là
MCB1222,716,312,2025-09-07,Goute très bon
MCB0689,360,104,2025-12-18,Plante un peu croche
MCB0689,270,735,2025-06-26,Plante un peu croche
MCB0689,221,676,2025-10-16,Belle forme pour celle-ci!
MCB0689,168,875,2025-08-29,Plante un peu croche
MCB0689,625,567,2025-06-21,Un chevreuil est passé par là
MCB0689,788,927,2025-12-07,Belle forme pour celle-ci!
MCC6716,810,884,2025-12-28,Plante un peu croche
MCC6716,917,802,2025-12-26,Belle forme pour celle-ci!
MCC6716,32,520,2025-06-13,Plante un peu croche
MCB9726,217,749,2025-10-24,Belle forme pour celle-ci!
MCB9726,635,570,2025-12-17,Plante un peu croche
MCB8979,50,109,2025-09-19,Super belle plante
MCB8979,198,609,2025-10-10,Un chevreuil est passé par là
MCB8979,57,59,2025-10-23,Goute très bon
MCB8979,70,700,2025-07-17,Un chevreuil est passé par là
MCB8979,836,158,2025-10-31,Belle forme pour celle-ci!
MCB8979,999,82,2025-06-28,Goute très bon
MCB8979,129,820,2025-12-26,Belle forme pour celle-ci!
MCB2568,200,56,2025-12-16,Goute très bon
MCB2568,510,511,2025-11-22,Belle forme pour celle-ci!
MCB2568,360,769,2025-12-17,Plante un peu croche
MCB2568,496,396,2025-08-16,Super belle plante
MCB2568,509,58,2025-12-26,Un chevreuil est passé par là
MCA0078,691,801,2025-07-24,Super belle plante
MCA0078,628,373,2025-10-05,Goute très bon
MCA0078,69,320,2025-10-03,Goute très bon
MCA0078,631,353,2025-10-27,Super belle plante
MCA0078,98,96,2025-06-21,Plante un peu croche
MCA0078,334,539,2025-10-10,Un chevreuil est passé par là
MCA0078,480,523,2025-09-22,Plante un peu croche
MCA0237,548,420,2025-10-09,Un chevreuil est passé par là
MCA0237,848,881,2025-07-02,Un chevreuil est passé par là
MCA0237,842,778,2025-12-04,Goute très bon
MCC2694,161,281,2025-12-05,Plante un peu croche
MCC2694,910,603,2025-07-30,Goute très bon
MCB2045,123,491,2025-09-14,Super belle plante
MCA3997,544,585,2025-08-12,Super belle plante
MCA3997,302,726,2025-07-20,Belle forme pour celle-ci!
MCA3997,252,609,2025-08-08,Un chevreuil est passé par là
MCA3997,170,975,2025-09-08,Plante un peu croche
MCA3997,86,815,2025-06-03,Belle forme pour celle-ci!
MCB9415,736,195,2025-12-08,Goute très bon
MCB9415,752,162,2025-12-10,Goute très bon
MCB9429,539,16,2025-11-18,Goute très bon
MCB9429,495,113,2025-12-02,Goute très bon
MCA6186,121,537,2025-08-26,Plante un peu croche
MCA6186,976,262,2025-12-10,Plante un peu croche
MCA6186,628,811,2025-06-01,Belle forme pour celle-ci!
MCA6186,460,662,2025-09-09,Un chevreuil est passé par là
MCB9197,377,404,2025-06-15,Super belle plante
MCB9197,174,338,2025-06-09,Goute très bon
MCB9197,436,726,2025-09-19,Plante un peu croche
MCB9197,841,480,2025-10-28,Goute très bon
MCB9197,16,95,2025-12-18,Super belle plante
MCB9197,59,623,2025-10-01,Super belle plante
MCA6589,852,757,2025-12-29,Belle forme pour celle-ci!
MCC7952,607,371,2025-11-07,Plante un peu croche
MCA5626,426,533,2025-12-14,Super belle plante
MCA1489,291,649,2025-11-09,Un chevreuil est passé par là
MCA1489,999,821,2025-08-31,Belle forme pour celle-ci!
MCA5867,748,66,2025-08-09,Super belle plante
MCA5867,140,582,2025-08-20,Super belle plante
MCA5867,478,235,2025-07-24,Plante un peu croche
MCA5867,365,492,2025-11-03,Goute très bon
MCB7169,35,749,2025-11-01,Plante un peu croche
MCB7169,268,593,2025-07-08,Un chevreuil est passé par là
MCB7169,17,845,2025-10-06,Goute très bon
MCB7169,382,884,2025-12-27,Super belle plante
MCB7169,714,921,2025-07-24,Goute très bon
MCB7169,893,231,2025-11-02,Belle forme pour celle-ci!
MCB7169,412,696,2025-08-10,Un chevreuil est passé par là
MCC6378,913,360,2025-11-26,Belle forme pour celle-ci!
MCC6378,152,262,2025-06-08,Goute très bon
MCC6378,234,40,2025-08-27,Super belle plante
MCC6378,539,326,2025-06-22,Goute très bon
MCC6378,799,46,2025-10-31,Plante un peu croche
MCC6378,488,14,2025-09-24,Super belle plante
MCC6378,771,183,2025-07-15,Goute très bon
MCA7633,420,443,2025-07-13,Plante un peu croche
MCA7633,334,673,2025-09-16,Goute très bon
MCA7633,114,510,2025-09-13,Goute très bon
MCA7633,612,502,2025-08-25,Belle forme pour celle-ci!
MCA7633,112,718,2025-11-16,Plante un peu croche
MCA7633,444,445,2025-09-08,Un chevreuil est passé par là
MCA7633,239,101,2025-10-23,Plante un peu croche
MCB2407,57,416,2025-12-20,Super belle plante
MCB2407,678,360,2025-12-29,Super belle plante
MCB2407,760,904,2025-09-29,Super belle plante
MCB2407,321,642,2025-11-04,Goute très bon
MCB2407,525,315,2025-06-02,Super belle plante
MCA3087,696,782,2025-07-03,Goute très bon
MCA3087,207,245,2025-11-11,Plante un peu croche
MCA3087,824,438,2025-09-24,Goute très bon
MCA3087,460,445,2025-10-09,Goute très bon
MCA3087,269,612,2025-11-09,Goute très bon
MCA3087,646,170,2025-07-15,Goute très bon
MCA3087,479,410,2025-06-05,Goute très bon
MCA0607,255,123,2025-06-10,Plante un peu croche
MCA0607,56,828,2025-12-23,Belle forme pour celle-ci!
MCA0607,407,470,2025-11-21,Un chevreuil est passé par là
MCA0607,800,394,2025-08-02,Belle forme pour celle-ci!
MCA8864,261,767,2025-09-11,Belle forme pour celle-ci!
MCA8864,468,97,2025-07-14,Super belle plante
MCA8864,433,849,2025-10-05,Goute très bon
MCA8864,2,879,2025-11-11,Belle forme pour celle-ci!
MCA8864,966,595,2025-11-25,Goute très bon
MCA8864,693,367,2025-08-25,Belle forme pour celle-ci!
MCB5547,168,532,2025-07-24,Belle forme pour celle-ci!
MCB0494,283,996,2025-09-08,Un chevreuil est passé par là
MCB0494,688,214,2025-06-21,Belle forme pour celle-ci!
MCB0494,963,17,2025-12-14,Plante un peu croche
MCB0494,731,757,2025-09-05,Un chevreuil est passé par là
MCB0494,768,504,2025-10-16,Super belle plante
MCB0494,440,900,2025-11-28,Un chevreuil est passé par là
MCB0494,681,204,2025-06-18,Belle forme pour celle-ci!
MCC0961,956,855,2025-07-13,Plante un peu croche
MCC0961,724,338,2025-06-14,Un chevreuil est passé par là
MCC0961,768,560,2025-08-20,Super belle plante
MCC0961,822,194,2025-06-15,Un chevreuil est passé par là
MCC7099,984,53,2025-06-05,Un chevreuil est passé par là
MCC7099,980,246,2025-07-05,Plante un peu croche
MCC7099,712,225,2025-08-20,Goute très bon
MCA7919,655,922,2025-08-09,Un chevreuil est passé par là
MCA7919,221,121,2025-09-03,Super belle plante
MCA7919,409,217,2025-09-01,Belle forme pour celle-ci!
MCC6947,803,779,2025-09-22,Un chevreuil est passé par là
MCC6947,580,687,2025-10-16,Un chevreuil est passé par là
MCB0331,130,127,2025-07-28,Un chevreuil est passé par là
MCA1494,397,104,2025-11-15,Un chevreuil est passé par là
MCA1494,416,127,2025-12-22,Plante un peu croche
MCA1494,868,480,2025-11-28,Goute très bon
MCC3781,511,727,2025-11-01,Un chevreuil est passé par là
MCB0823,474,158,2025-07-03,Goute très bon
MCB0823,825,307,2025-07-07,Super belle plante
MCB0823,73,563,2025-06-21,Belle forme pour celle-ci!
MCB0823,782,850,2025-10-13,Super belle plante
MCC0278,733,815,2025-10-19,Super belle plante
MCC0278,628,621,2025-11-11,Super belle plante
MCC0278,206,500,2025-11-08,Plante un peu croche
MCC0278,152,279,2025-08-01,Un chevreuil est passé par là
MCA5426,238,914,2025-07-18,Goute très bon
MCA5426,903,576,2025-08-15,Belle forme pour celle-ci!
MCA5426,501,830,2025-11-04,Plante un peu croche
MCA5426,565,234,2025-09-16,Super belle plante
MCA0476,21,961,2025-10-16,Goute très bon
MCA2240,815,243,2025-11-17,Belle forme pour celle-ci!
MCA2240,243,204,2025-10-02,Plante un peu croche
MCA2240,530,718,2025-10-16,Goute très bon
MCB5333,29,825,2025-11-03,Un chevreuil est passé par là
MCB5333,326,933,2025-09-22,Super belle plante
MCC5852,34,769,2025-07-22,Super belle plante
MCC5852,564,960,2025-08-10,Super belle plante
MCC5852,565,19,2025-08-16,Super belle plante
MCC0071,757,945,2025-08-07,Un chevreuil est passé par là
MCC0071,514,244,2025-11-01,Goute très bon
MCC0071,834,286,2025-08-31,Un chevreuil est passé par là
MCC0071,965,306,2025-09-22,Goute très bon
MCC0071,92,138,2025-08-24,Super belle plante
MCC0071,737,28,2025-07-29,Goute très bon
MCA4906,783,26,2025-11-13,Un chevreuil est passé par là
MCA4906,433,93,2025-08-24,Belle forme pour celle-ci!
MCA4906,116,541,2025-12-02,Belle forme pour celle-ci!
MCA4906,646,614,2025-06-19,Plante un peu croche
MCA4906,8,257,2025-11-08,Un chevreuil est passé par là
MCC1834,965,955,2025-07-18,Un chevreuil est passé par là
MCC1834,795,846,2025-06-15,Super belle plante
MCC1834,763,526,2025-10-07,Plante un peu croche
MCC1834,662,400,2025-07-31,Super belle plante
MCC1834,493,634,2025-07-07,Un chevreuil est passé par là
MCA3081,770,981,2025-07-24,Un chevreuil est passé par là
MCA3081,81,704,2025-06-06,Plante un peu croche
MCA3081,180,470,2025-12-16,Super belle plante
MCA3081,862,609,2025-07-26,Super belle plante
MCC7455,845,518,2025-10-14,Belle forme pour celle-ci!
MCC7455,633,87,2025-06-30,Plante un peu croche
MCC7455,60,815,2025-09-20,Super belle plante
MCC7455,948,537,2025-12-05,Super belle plante
MCC7455,552,862,2025-07-16,Un chevreuil est passé par là
MCC7455,830,869,2025-08-09,Super belle plante
MCC7455,775,17,2025-06-16,Super belle plante
MCC6346,485,212,2025-07-09,Belle forme pour celle-ci!
MCC6346,403,707,2025-06-01,Goute très bon
MCC6346,455,161,2025-09-01,Un chevreuil est passé par là
MCC6346,416,438,2025-08-30,Goute très bon
MCC6346,226,149,2025-06-17,Super belle plante
MCC6346,256,831,2025-08-12,Un chevreuil est passé par là
MCC6346,855,311,2025-12-16,Goute très bon
MCC4881,46,571,2025-11-17,Un chevreuil est passé par là
MCC4881,747,166,2025-11-18,Goute très bon
MCC4881,662,238,2025-09-18,Goute très bon
MCC4881,295,500,2025-08-05,Goute très bon
MCC8692,592,135,2025-06-19,Belle forme pour celle-ci!
MCC8692,322,762,2025-09-29,Super belle plante
MCC8692,264,556,2025-11-15,Goute très bon
MCC8692,854,950,2025-07-07,Goute très bon
MCC8692,273,408,2025-08-31,Plante un peu croche
MCC8692,700,149,2025-06-22,Goute très bon
MCC8692,269,210,2025-11-17,Goute très bon
MCA3086,511,312,2025-10-29,Goute très bon
MCA3086,283,652,2025-12-11,Goute très bon
MCA3086,819,472,2025-09-27,Goute très bon
MCA3086,17,601,2025-11-15,Un chevreuil est passé par là
MCA3086,948,446,2025-11-13,Belle forme pour celle-ci!
MCA3086,914,362,2025-06-17,Plante un peu croche
MCA3086,123,914,2025-10-21,Plante un peu croche
MCA9435,238,978,2025-07-30,Super belle plante
MCA9435,515,692,2025-12-02,Plante un peu croche
MCA9435,394,68,2025-11-21,Un chevreuil est passé par là
MCB1375,590,309,2025-11-25,Super belle plante
MCB1375,380,38,2025-08-23,Un chevreuil est passé par là
MCB1375,489,355,2025-10-19,Un chevreuil est passé par là
MCB1375,550,187,2025-07-13,Goute très bon
MCB1375,79,636,2025-12-02,Super belle plante
MCC6983,860,890,2025-09-22,Goute très bon
MCC6983,545,584,2025-08-06,Goute très bon
MCC6983,266,602,2025-06-26,Belle forme pour celle-ci!
MCC6983,416,940,2025-10-04,Plante un peu croche
MCC6983,792,655,2025-07-07,Un chevreuil est passé par là
MCC7096,997,707,2025-07-16,Plante un peu croche
MCC7096,650,424,2025-12-16,Super belle plante
MCC7096,791,979,2025-09-22,Un chevreuil est passé par là
MCB1851,598,968,2025-11-14,Super belle plante
MCB1851,685,921,2025-12-12,Goute très bon
MCB1851,129,764,2025-06-23,Belle forme pour celle-ci!
MCB1851,9,363,2025-08-11,Un chevreuil est passé par là
MCB1851,547,666,2025-11-24,Un chevreuil est passé par là
MCB1851,128,351,2025-09-21,Super belle plante
MCC1044,927,69,2025-11-29,Goute très bon
MCC1044,682,641,2025-12-30,Super belle plante
MCC1044,160,577,2025-06-22,Goute très bon
MCC1044,406,641,2025-07-14,Super belle plante
MCC1044,382,579,2025-06-30,Super belle plante
MCC1044,135,375,2025-12-28,Un chevreuil est passé par là
MCC1317,719,759,2025-08-19,Super belle plante
MCC1317,565,349,2025-12-23,Goute très bon
MCC1317,792,439,2025-08-26,Un chevreuil est passé par là
MCC1317,86,629,2025-09-10,Super belle plante
MCC1317,770,912,2025-12-19,Goute très bon
MCA4410,946,710,2025-06-22,Belle forme pour celle-ci!
MCA4410,951,820,2025-07-02,Un chevreuil est passé par là
MCB2324,882,395,2025-11-23,Un chevreuil est passé par là
MCB2324,501,433,2025-06-10,Goute très bon
MCB2324,761,591,2025-09-11,Belle forme pour celle-ci!
MCB2324,264,259,2025-10-14,Plante un peu croche
MCB2324,125,617,2025-06-04,Super belle plante
MCA9719,529,899,2025-07-25,Belle forme pour celle-ci!
MCA9719,14,908,2025-12-03,Super belle plante
MCA9719,614,439,2025-08-17,Super belle plante
MCA9719,618,650,2025-06-23,Super belle plante
MCA9719,35,396,2025-12-13,Plante un peu croche
MCA9719,710,116,2025-06-03,Goute très bon
MCA7685,791,890,2025-10-30,Plante un peu croche
MCA7685,955,621,2025-08-23,Un chevreuil est passé par là
MCA7685,31,478,2025-10-19,Un chevreuil est passé par là
MCA7685,222,910,2025-06-04,Un chevreuil est passé par là
MCA7685,860,425,2025-10-15,Goute très bon
MCC3867,907,883,2025-07-08,Super belle plante
MCC3867,446,764,2025-11-07,Plante un peu croche
MCC3867,475,833,2025-10-02,Goute très bon
MCC3867,88,311,2025-08-19,Plante un peu croche
MCC3867,752,437,2025-11-14,Super belle plante
MCC3867,505,488,2025-12-21,Belle forme pour celle-ci!
MCC3867,441,570,2025-06-28,Goute très bon
MCA4831,922,816,2025-08-23,Un chevreuil est passé par là
MCA4831,343,347,2025-11-03,Belle forme pour celle-ci!
MCA4831,201,374,2025-06-20,Un chevreuil est passé par là
MCA4831,828,577,2025-08-11,Super belle plante
MCA4831,51,395,2025-11-02,Super belle plante
MCA4831,987,597,2025-08-19,Goute très bon
MCB8030,931,308,2025-08-01,Belle forme pour celle-ci!
MCB8030,875,209,2025-08-25,Un chevreuil est passé par là
MCB0608,254,383,2025-07-19,Un chevreuil est passé par là
MCB0608,680,530,2025-08-15,Un chevreuil est passé par là
MCB0608,558,288,2025-06-11,Un chevreuil est passé par là
MCB3899,540,32,2025-10-20,Super belle plante
MCB3899,298,677,2025-11-18,Plante un peu croche
MCB3899,420,809,2025-06-23,Belle forme pour celle-ci!
MCC1649,851,157,2025-12-01,Super belle plante
MCC5876,108,413,2025-07-16,Plante un peu croche
MCC5876,679,334,2025-10-16,Plante un peu croche
MCC5876,768,652,2025-11-28,Plante un peu croche
MCC5876,950,534,2025-09-05,Goute très bon
MCC5876,300,683,2025-10-02,Belle forme pour celle-ci!
MCC5876,730,316,2025-10-23,Belle forme pour celle-ci!
MCC4441,727,142,2025-12-25,Super belle plante
MCC4441,924,748,2025-11-10,Belle forme pour celle-ci!
MCC4441,849,822,2025-11-27,Goute très bon
MCC4441,236,389,2025-09-13,Goute très bon
MCC4441,533,339,2025-06-30,Super belle plante
MCA8635,795,440,2025-08-20,Un chevreuil est passé par là
MCA8635,625,87,2025-06-13,Belle forme pour celle-ci!
MCA8635,807,155,2025-10-06,Super belle plante
MCA8635,419,792,2025-06-21,Plante un peu croche
MCA8635,356,651,2025-10-29,Goute très bon
MCB2868,393,963,2025-09-05,Goute très bon
MCB2868,613,290,2025-12-06,Un chevreuil est passé par là
MCB2868,84,348,2025-09-20,Super belle plante
MCB2868,554,603,2025-09-12,Belle forme pour celle-ci!
MCB2868,463,432,2025-11-13,Goute très bon
MCC4937,970,532,2025-11-30,Belle forme pour celle-ci!
MCC4937,998,285,2025-07-22,Plante un peu croche
MCC2534,949,914,2025-06-22,Super belle plante
MCC2534,497,171,2025-10-04,Belle forme pour celle-ci!
MCC2534,935,580,2025-08-29,Goute très bon
MCC2534,509,704,2025-11-18,Goute très bon
MCC2534,252,574,2025-12-08,Goute très bon
MCC2534,555,393,2025-08-16,Goute très bon
MCC0429,849,158,2025-06-27,Plante un peu croche
MCC5775,623,789,2025-08-19,Goute très bon
MCC7637,37,500,2025-08-08,Goute très bon
MCC7637,450,21,2025-10-14,Belle forme pour celle-ci!
MCC7637,152,26,2025-06-08,Super belle plante
MCC7637,204,831,2025-09-27,Belle forme pour celle-ci!
MCC7637,896,495,2025-06-23,Un chevreuil est passé par là
MCC7637,165,615,2025-06-14,Plante un peu croche
MCC2912,393,833,2025-09-12,Plante un peu croche
MCC2912,485,234,2025-06-30,Goute très bon
MCC2912,327,959,2025-09-08,Goute très bon
MCC2912,391,210,2025-07-12,Belle forme pour celle-ci!
MCC2912,316,533,2025-07-26,Super belle plante
MCC2912,49,425,2025-07-09,Un chevreuil est passé par là
MCC2912,627,897,2025-10-10,Belle forme pour celle-ci!
MCB4670,499,613,2025-10-25,Belle forme pour celle-ci!
MCB4670,112,416,2025-07-30,Plante un peu croche
MCB4670,814,547,2025-07-11,Super belle plante
MCB4670,483,267,2025-11-26,Plante un peu croche
MCB4670,708,421,2025-12-18,Goute très bon
MCB4670,188,278,2025-08-27,Plante un peu croche
MCC7547,215,961,2025-11-27,Goute très bon
MCC7547,354,165,2025-08-26,Belle forme pour celle-ci!
MCC7547,425,484,2025-10-14,Super belle plante
MCC7547,607,125,2025-09-03,Super belle plante
MCA3178,499,602,2025-06-21,Goute très bon
MCA3178,155,64,2025-11-08,Un chevreuil est passé par là
MCA3178,889,699,2025-12-02,Un chevreuil est passé par là
MCA3178,956,59,2025-11-01,Plante un peu croche
MCB1810,474,532,2025-11-28,Belle forme pour celle-ci!
MCB1810,401,581,2025-08-04,Goute très bon
MCB1810,435,675,2025-11-05,Belle forme pour celle-ci!
MCB1810,731,982,2025-07-02,Plante un peu croche
MCB1810,14,488,2025-11-08,Belle forme pour celle-ci!
MCA4466,173,182,2025-10-20,Belle forme pour celle-ci!
MCA4466,596,807,2025-08-06,Plante un peu croche
MCA4466,954,526,2025-12-03,Un chevreuil est passé par là
MCA4466,715,897,2025-09-06,Plante un peu croche
MCA4466,908,688,2025-12-21,Un chevreuil est passé par là
MCA4466,119,890,2025-10-16,Goute très bon
MCB7729,427,953,2025-08-13,Plante un peu croche
MCB7729,503,383,2025-12-08,Plante un peu croche
MCB7729,108,345,2025-09-03,Plante un peu croche
MCB7729,313,86,2025-08-18,Un chevreuil est passé par là
MCB7729,3,787,2025-08-15,Belle forme pour celle-ci!
MCC8993,615,821,2025-07-01,Un chevreuil est passé par là
MCA5490,517,582,2025-10-12,Super belle plante
MCA5490,528,543,2025-09-16,Un chevreuil est passé par là
MCA5490,952,110,2025-06-03,Super belle plante
MCA5490,874,537,2025-06-11,Goute très bon
MCA5490,997,893,2025-08-27,Belle forme pour celle-ci!
MCA5490,57,54,2025-06-06,Super belle plante
MCA5490,983,434,2025-09-01,Super belle plante
MCA4479,920,1,2025-09-06,Plante un peu croche
MCA4479,603,88,2025-07-20,Plante un peu croche
MCA5523,476,420,2025-11-26,Super belle plante
MCA5523,791,81,2025-09-07,Super belle plante
MCC1292,666,246,2025-10-26,Un chevreuil est passé par là
MCA2400,336,609,2025-07-21,Belle forme pour celle-ci!
MCA2400,414,462,2025-08-29,Un chevreuil est passé par là
MCA2400,139,207,2025-10-06,Plante un peu croche
MCA2400,639,747,2025-07-14,Belle forme pour celle-ci!
MCC6419,691,669,2025-07-30,Goute très bon
MCC6419,442,810,2025-10-10,Goute très bon
MCC6419,28,856,2025-11-19,Plante un peu croche
MCC6419,769,693,2025-12-15,Plante un peu croche
MCC6419,9,676,2025-09-06,Un chevreuil est passé par là
MCC3951,805,904,2025-09-29,Goute très bon
MCC3951,409,372,2025-07-04,Belle forme pour celle-ci!
MCB1985,532,944,2025-12-02,Belle forme pour celle-ci!
MCB1985,60,450,2025-12-12,Plante un peu croche
MCB1985,54,115,2025-06-04,Un chevreuil est passé par là
MCB5996,945,621,2025-10-05,Belle forme pour celle-ci!
MCB5996,379,663,2025-10-29,Un chevreuil est passé par là
MCB5996,175,205,2025-11-18,Goute très bon
MCC1021,546,513,2025-08-22,Plante un peu croche
MCB1499,576,309,2025-11-28,Plante un peu croche
MCB1499,189,43,2025-10-08,Un chevreuil est passé par là
MCB1499,261,79,2025-07-01,Belle forme pour celle-ci!
MCB1499,460,985,2025-09-08,Plante un peu croche
MCB1499,550,109,2025-11-14,Belle forme pour celle-ci!
MCB1499,592,119,2025-09-25,Un chevreuil est passé par là
MCB1499,147,906,2025-08-19,Super belle plante
MCC6906,16,611,2025-07-28,Goute très bon
MCC6906,710,343,2025-12-08,Goute très bon
MCC6906,388,761,2025-10-06,Goute très bon
MCA3024,421,419,2025-12-17,Super belle plante
MCA3024,528,32,2025-11-29,Super belle plante
MCA3024,418,452,2025-06-01,Plante un peu croche
MCA3024,879,52,2025-08-03,Super belle plante
MCA3024,623,907,2025-06-12,Goute très bon
MCA3024,399,648,2025-06-30,Super belle plante
MCA3024,553,982,2025-08-15,Super belle plante
MCB3424,434,109,2025-09-20,Goute très bon
MCB3424,948,687,2025-06-07,Plante un peu croche
MCB4693,330,449,2025-12-29,Goute très bon
MCB4693,409,95,2025-08-12,Goute très bon
MCB4693,730,181,2025-09-16,Super belle plante
MCB3090,732,446,2025-10-09,Belle forme pour celle-ci!
MCB3090,899,797,2025-10-03,Goute très bon
MCB3090,569,762,2025-08-30,Un chevreuil est passé par là
MCC4337,545,921,2025-06-14,Plante un peu croche
MCC4337,379,491,2025-12-05,Belle forme pour celle-ci!
MCC4337,793,964,2025-12-06,Super belle plante
MCC4337,789,915,2025-06-22,Super belle plante
MCC4337,683,287,2025-09-23,Belle forme pour celle-ci!
MCC7730,814,694,2025-12-02,Super belle plante
MCC7730,266,984,2025-11-06,Belle forme pour celle-ci!
MCC7730,476,353,2025-11-26,Belle forme pour celle-ci!
MCC7730,334,289,2025-12-06,Super belle plante
MCC7730,702,230,2025-06-04,Super belle plante
MCA2111,465,514,2025-10-04,Un chevreuil est passé par là
MCA2111,689,544,2025-10-13,Goute très bon
MCA2111,744,722,2025-11-18,Un chevreuil est passé par là
MCA2111,95,825,2025-10-01,Un chevreuil est passé par là
MCA2111,80,285,2025-06-12,Super belle plante
MCC6596,977,46,2025-12-11,Plante un peu croche
MCC6596,100,890,2025-07-02,Plante un peu croche
MCC6596,326,321,2025-12-20,Super belle plante
MCC6596,835,141,2025-10-14,Super belle plante
MCC6596,65,371,2025-06-28,Plante un peu croche
MCA6146,735,121,2025-08-01,Plante un peu croche
MCA6146,569,16,2025-09-21,Plante un peu croche
MCC0283,860,257,2025-12-20,Plante un peu croche
MCC0283,696,117,2025-10-17,Belle forme pour celle-ci!
MCC0283,64,596,2025-12-18,Belle forme pour celle-ci!
MCA5784,183,192,2025-08-17,Belle forme pour celle-ci!
MCA5784,284,508,2025-11-15,Belle forme pour celle-ci!
MCA5784,263,180,2025-12-06,Plante un peu croche
MCA5784,420,748,2025-12-23,Goute très bon
MCC1872,120,220,2025-12-26,Un chevreuil est passé par là
MCC1872,457,524,2025-09-03,Plante un peu croche
MCC1872,26,20,2025-11-07,Belle forme pour celle-ci!
MCC1872,523,768,2025-06-06,Belle forme pour celle-ci!
MCB3845,270,126,2025-08-28,Super belle plante
MCB3845,636,493,2025-06-06,Plante un peu croche
MCB9629,529,978,2025-08-21,Goute très bon
MCB9629,980,252,2025-11-07,Goute très bon
MCB9629,896,432,2025-08-11,Plante un peu croche
MCB9629,855,944,2025-06-05,Un chevreuil est passé par là
MCB9629,198,71,2025-10-15,Goute très bon
MCA5059,273,530,2025-12-12,Goute très bon
MCB1632,397,219,2025-11-19,Plante un peu croche
MCB1632,305,872,2025-11-28,Plante un peu croche
MCB1632,824,531,2025-08-26,Belle forme pour celle-ci!
MCB1632,67,374,2025-12-11,Super belle plante
MCB1632,610,596,2025-07-28,Plante un peu croche
MCB1632,756,507,2025-06-07,Belle forme pour celle-ci!
MCB7790,325,453,2025-10-01,Belle forme pour celle-ci!
MCC5758,820,950,2025-12-09,Plante un peu croche
MCC5758,325,142,2025-08-23,Goute très bon
MCA2809,232,570,2025-06-08,Belle forme pour celle-ci!
MCA2809,248,519,2025-12-22,Goute très bon
MCB4878,966,669,2025-09-29,Plante un peu croche
MCB4878,289,112,2025-12-20,Plante un peu croche
MCB4878,727,440,2025-11-16,Belle forme pour celle-ci!
MCB4878,471,13,2025-08-29,Un chevreuil est passé par là
MCB4878,188,119,2025-11-23,Belle forme pour celle-ci!
MCB4878,323,585,2025-10-17,Plante un peu croche
MCB4878,702,845,2025-06-19,Un chevreuil est passé par là
MCA0629,609,646,2025-10-08,Goute très bon
MCA0629,298,84,2025-12-23,Un chevreuil est passé par là
MCA0629,491,446,2025-12-08,Plante un peu croche
MCA0629,310,382,2025-07-25,Goute très bon
MCA0629,296,803,2025-09-06,Un chevreuil est passé par là
MCC6499,863,598,2025-06-02,Goute très bon
MCC6169,210,873,2025-09-19,Super belle plante
MCC6169,782,277,2025-08-01,Plante un peu croche
MCB7823,440,912,2025-07-02,Goute très bon
MCB7823,738,330,2025-06-18,Goute très bon
MCB7823,500,732,2025-10-02,Plante un peu croche
MCB7823,596,905,2025-11-19,Un chevreuil est passé par là
MCC2174,987,807,2025-10-26,Super belle plante
MCC2174,712,302,2025-06-28,Super belle plante
MCC2174,844,716,2025-10-18,Belle forme pour celle-ci!
MCC2174,477,771,2025-07-24,Super belle plante
MCC2174,296,585,2025-12-13,Plante un peu croche
MCC2174,558,687,2025-09-10,Plante un peu croche
MCC2174,895,236,2025-08-11,Belle forme pour celle-ci!
MCA9206,242,446,2025-09-28,Un chevreuil est passé par là
MCA9206,900,235,2025-06-25,Super belle plante
MCB3613,826,193,2025-07-03,Super belle plante
MCB3613,134,701,2025-10-05,Super belle plante
MCB3613,15,938,2025-09-10,Un chevreuil est passé par là
MCB3613,300,958,2025-06-18,Un chevreuil est passé par là
MCB3613,692,884,2025-07-12,Belle forme pour celle-ci!
MCB3613,558,766,2025-07-31,Un chevreuil est passé par là
MCB6890,552,38,2025-08-14,Goute très bon
MCB6890,915,970,2025-09-29,Plante un peu croche
MCB6890,75,234,2025-10-07,Super belle plante
MCB6890,7,711,2025-07-04,Plante un peu croche
MCB6890,909,807,2025-12-01,Belle forme pour celle-ci!
MCB3712,523,41,2025-06-05,Belle forme pour celle-ci!
MCB3712,835,5,2025-06-23,Goute très bon
MCB3712,958,170,2025-11-27,Belle forme pour celle-ci!
MCB8944,956,835,2025-12-02,Plante un peu croche
MCB8944,786,934,2025-08-16,Belle forme pour celle-ci!
MCB8944,752,633,2025-08-12,Belle forme pour celle-ci!
MCB8944,340,398,2025-09-05,Plante un peu croche
MCB8944,567,552,2025-08-01,Super belle plante
MCB8944,899,32,2025-10-05,Belle forme pour celle-ci!
MCB8944,676,346,2025-10-31,Belle forme pour celle-ci!
MCB9192,280,902,2025-11-02,Super belle plante
MCB9192,344,950,2025-06-30,Goute très bon
MCB9192,311,691,2025-12-19,Plante un peu croche
MCB9192,640,166,2025-09-18,Plante un peu croche
MCB9192,856,360,2025-08-19,Plante un peu croche
MCB9192,618,131,2025-06-13,Belle forme pour celle-ci!
MCB9192,396,316,2025-07-19,Plante un peu croche
MCB4423,283,518,2025-09-13,Plante un peu croche
MCB4423,868,998,2025-10-29,Super belle plante
MCB4423,304,215,2025-08-24,Belle forme pour celle-ci!
MCB5486,937,204,2025-10-18,Belle forme pour celle-ci!
MCB5486,611,880,2025-09-08,Goute très bon
MCB5486,742,92,2025-08-08,Un chevreuil est passé par là
MCB5486,632,212,2025-10-10,Goute très bon
MCB5486,409,100,2025-10-03,Belle forme pour celle-ci!
MCB5486,826,282,2025-07-26,Goute très bon
MCC2563,339,874,2025-07-08,Super belle plante
MCC2563,121,107,2025-06-14,Plante un peu croche
MCA8697,844,692,2025-06-20,Plante un peu croche
MCA8697,484,696,2025-11-03,Plante un peu croche
MCA8697,893,386,2025-10-07,Goute très bon
MCA8697,339,633,2025-09-10,Un chevreuil est passé par là
MCC0734,364,671,2025-11-05,Goute très bon
MCC0734,792,966,2025-11-06,Goute très bon
MCC0734,538,720,2025-07-23,Super belle plante
MCC0734,138,629,2025-08-14,Goute très bon
MCA2407,987,302,2025-07-21,Goute très bon
MCA2407,562,593,2025-09-28,Super belle plante
MCC1481,889,907,2025-07-12,Goute très bon
MCC1481,126,856,2025-08-05,Plante un peu croche
MCA0441,831,184,2025-10-18,Un chevreuil est passé par là
MCA0441,520,370,2025-06-01,Un chevreuil est passé par là
MCA0441,486,274,2025-10-02,Un chevreuil est passé par là
MCA0441,409,439,2025-09-29,Belle forme pour celle-ci!
MCA0441,840,450,2025-08-23,Plante un peu croche
MCB5615,613,985,2025-06-15,Super belle plante
MCA8561,483,483,2025-06-09,Goute très bon
MCA8561,621,123,2025-08-20,Un chevreuil est passé par là
MCA8561,926,357,2025-06-25,Belle forme pour celle-ci!
MCA8561,421,35,2025-10-14,Plante un peu croche
MCA8561,916,78,2025-09-15,Goute très bon
MCB6966,849,901,2025-12-09,Belle forme pour celle-ci!
MCB6966,764,99,2025-06-17,Plante un peu croche
MCB6966,520,974,2025-09-08,Un chevreuil est passé par là
MCB6966,583,251,2025-11-09,Goute très bon
MCB6966,200,672,2025-07-26,Super belle plante
MCB6966,990,621,2025-06-16,Plante un peu croche
MCA0859,83,683,2025-06-11,Un chevreuil est passé par là
MCA0859,44,991,2025-10-19,Un chevreuil est passé par là
MCA0859,583,194,2025-12-08,Goute très bon
MCA0859,992,193,2025-08-06,Belle forme pour celle-ci!
MCA0859,553,781,2025-12-11,Super belle plante
MCA0859,359,958,2025-10-22,Belle forme pour celle-ci!
MCB3060,883,88,2025-09-08,Plante un peu croche
MCB3060,48,459,2025-06-24,Plante un peu croche
MCB3060,883,864,2025-06-30,Plante un peu croche
MCB3060,980,558,2025-09-22,Goute très bon
MCA3690,668,560,2025-11-24,Un chevreuil est passé par là
MCA3690,642,72,2025-09-25,Un chevreuil est passé par là
MCA3690,103,657,2025-07-31,Super belle plante
MCC9248,141,524,2025-07-17,Super belle plante
MCC2981,443,955,2025-11-22,Un chevreuil est passé par là
MCC2981,675,298,2025-11-01,Plante un peu croche
MCC2981,969,655,2025-06-26,Un chevreuil est passé par là
MCC2981,592,202,2025-08-06,Super belle plante
MCC2981,641,241,2025-10-11,Belle forme pour celle-ci!
MCB3031,490,90,2025-12-26,Goute très bon
MCB3031,289,538,2025-09-30,Un chevreuil est passé par là
MCB3031,554,309,2025-11-09,Plante un peu croche
MCB3031,739,976,2025-11-29,Plante un peu croche
MCB3031,305,167,2025-11-16,Un chevreuil est passé par là
MCB3031,300,238,2025-10-21,Plante un peu croche
MCB3031,654,839,2025-07-06,Un chevreuil est passé par là
MCB2626,285,273,2025-12-14,Plante un peu croche
MCB2626,222,36,2025-06-06,Plante un peu croche
MCB2626,293,233,2025-11-16,Plante un peu croche
MCB2626,137,653,2025-12-20,Belle forme pour celle-ci!
MCB2626,671,273,2025-07-08,Super belle plante
MCA2045,319,685,2025-07-10,Belle forme pour celle-ci!
MCA2045,770,831,2025-11-19,Goute très bon
MCA2045,978,764,2025-06-12,Super belle plante
MCA2045,240,517,2025-07-27,Plante un peu croche
MCA2045,537,141,2025-12-07,Plante un peu croche
MCA9654,336,960,2025-08-05,Un chevreuil est passé par là
MCA9654,938,749,2025-08-18,Belle forme pour celle-ci!
MCA9654,307,232,2025-09-23,Un chevreuil est passé par là
MCA9654,786,854,2025-06-30,Super belle plante
MCA4617,68,572,2025-09-27,Super belle plante
MCA4617,133,954,2025-09-25,Goute très bon
MCA4617,839,669,2025-07-14,Super belle plante
MCA4617,268,700,2025-11-22,Goute très bon
MCA4617,932,509,2025-09-04,Goute très bon
MCA9469,457,930,2025-09-28,Goute très bon
MCA9469,449,831,2025-07-15,Super belle plante
MCA9469,688,57,2025-09-14,Un chevreuil est passé par là
MCA9469,696,339,2025-10-02,Plante un peu croche
MCA9469,56,964,2025-10-19,Plante un peu croche
MCC4606,211,541,2025-12-25,Belle forme pour celle-ci!
MCC4606,181,547,2025-09-10,Super belle plante
MCC4606,554,720,2025-07-28,Belle forme pour celle-ci!
MCC4606,412,801,2025-12-30,Belle forme pour celle-ci!
MCC4606,574,303,2025-10-23,Plante un peu croche
MCB2929,894,20,2025-12-29,Goute très bon
MCB2929,6,568,2025-06-19,Super belle plante
MCA9689,282,739,2025-10-31,Belle forme pour celle-ci!
MCA9689,237,380,2025-11-17,Belle forme pour celle-ci!
MCB9758,2,636,2025-12-24,Super belle plante
MCB9758,376,914,2025-12-20,Goute très bon
MCB9758,263,688,2025-12-11,Un chevreuil est passé par là
MCC7880,564,645,2025-08-22,Super belle plante
MCC7880,659,423,2025-06-26,Goute très bon
MCC7880,907,572,2025-07-14,Super belle plante
MCC7880,700,438,2025-07-26,Super belle plante
MCC7880,315,511,2025-10-17,Super belle plante
MCC7880,321,136,2025-06-17,Goute très bon
MCA8392,879,382,2025-10-30,Plante un peu croche
MCA8392,644,791,2025-08-03,Goute très bon
MCA8392,686,692,2025-07-13,Belle forme pour celle-ci!
MCA8392,983,828,2025-11-29,Un chevreuil est passé par là
MCA8392,78,799,2025-10-22,Belle forme pour celle-ci!
MCA8392,984,746,2025-10-23,Belle forme pour celle-ci!
MCA0323,693,354,2025-11-24,Plante un peu croche
MCA0323,264,458,2025-11-04,Super belle plante
MCA0323,129,607,2025-10-20,Super belle plante
MCA0323,795,289,2025-11-15,Un chevreuil est passé par là
MCA0323,51,110,2025-09-20,Belle forme pour celle-ci!
MCB6382,329,548,2025-07-11,Belle forme pour celle-ci!
MCB6382,39,79,2025-10-23,Goute très bon
MCB6382,865,446,2025-10-06,Un chevreuil est passé par là
MCB6382,223,315,2025-06-26,Goute très bon
MCB6382,126,215,2025-10-04,Belle forme pour celle-ci!
MCB6382,668,205,2025-10-11,Belle forme pour celle-ci!
MCA0332,810,8,2025-12-19,Belle forme pour celle-ci!
MCA0332,964,264,2025-11-11,Un chevreuil est passé par là
MCB4851,651,892,2025-06-10,Plante un peu croche
MCB4851,143,95,2025-08-21,Super belle plante
MCB4851,123,3,2025-12-08,Plante un peu croche
MCB4851,902,906,2025-10-27,Goute très bon
MCB1003,644,616,2025-11-12,Super belle plante
MCC0729,576,362,2025-12-20,Belle forme pour celle-ci!
MCC0729,338,850,2025-12-23,Super belle plante
MCC0729,547,123,2025-07-23,Un chevreuil est passé par là
MCC0729,939,502,2025-08-10,Goute très bon
MCB8060,754,916,2025-08-07,Plante un peu croche
MCB8060,467,573,2025-07-23,Belle forme pour celle-ci!
MCB8060,573,252,2025-07-18,Goute très bon
MCB8060,674,206,2025-06-15,Plante un peu croche
MCA4150,618,269,2025-10-30,Plante un peu croche
MCA4150,170,217,2025-09-21,Un chevreuil est passé par là
MCA4150,26,861,2025-07-24,Super belle plante
MCA4150,579,722,2025-12-03,Un chevreuil est passé par là
MCA4150,855,4,2025-06-27,Un chevreuil est passé par là
MCB2249,47,224,2025-11-04,Goute très bon
MCB2249,757,27,2025-09-21,Plante un peu croche
MCB2249,411,710,2025-08-25,Goute très bon
MCB2249,279,537,2025-08-17,Plante un peu croche
MCB2249,876,636,2025-09-27,Belle forme pour celle-ci!
MCA5196,516,136,2025-09-16,Belle forme pour celle-ci!
MCA5196,450,523,2025-09-11,Un chevreuil est passé par là
MCA5196,532,743,2025-06-04,Super belle plante
MCC0973,479,438,2025-06-26,Plante un peu croche
MCC0973,642,873,2025-10-10,Belle forme pour celle-ci!
MCC0973,776,446,2025-10-23,Un chevreuil est passé par là
MCC0973,975,970,2025-12-26,Super belle plante
MCC0973,526,688,2025-11-08,Belle forme pour celle-ci!
MCA3554,532,424,2025-07-26,Plante un peu croche
MCA3554,971,581,2025-09-30,Super belle plante
MCA3554,445,24,2025-06-04,Belle forme pour celle-ci!
MCA3554,751,807,2025-08-07,Belle forme pour celle-ci!
MCA3554,266,717,2025-06-28,Un chevreuil est passé par là
MCA3554,306,377,2025-08-28,Belle forme pour celle-ci!
MCA5911,886,915,2025-11-21,Goute très bon
MCA5911,9,853,2025-08-28,Plante un peu croche
MCB2222,703,730,2025-07-19,Belle forme pour celle-ci!
MCB2222,966,996,2025-10-30,Super belle plante
MCB2222,659,541,2025-11-03,Un chevreuil est passé par là
MCB2222,611,907,2025-10-21,Plante un peu croche
MCB2222,913,918,2025-11-28,Plante un peu croche
MCB2222,136,354,2025-08-07,Super belle plante
MCA8848,419,295,2025-07-17,Goute très bon
MCA8848,520,973,2025-08-20,Super belle plante
MCA8848,204,479,2025-09-09,Belle forme pour celle-ci!
MCA8848,56,184,2025-09-29,Super belle plante
MCA8848,529,245,2025-11-14,Plante un peu croche
MCA8848,130,548,2025-07-16,Belle forme pour celle-ci!
MCA3052,32,247,2025-09-11,Belle forme pour celle-ci!
MCA3052,159,798,2025-08-26,Super belle plante
MCA3052,289,239,2025-07-23,Goute très bon
MCA7457,342,908,2025-07-23,Goute très bon
MCA7457,110,999,2025-10-22,Goute très bon
MCA7457,46,344,2025-07-08,Plante un peu croche
MCA2761,609,33,2025-06-19,Un chevreuil est passé par là
MCA2761,72,899,2025-06-05,Un chevreuil est passé par là
MCB4225,827,144,2025-07-04,Un chevreuil est passé par là
MCB4225,46,428,2025-09-03,Un chevreuil est passé par là
MCB4225,764,936,2025-08-19,Plante un peu croche
MCB4225,381,655,2025-09-27,Goute très bon
MCB4225,785,286,2025-11-18,Un chevreuil est passé par là
MCB4225,71,828,2025-08-31,Super belle plante
MCB0831,600,972,2025-10-21,Goute très bon
MCB0831,442,507,2025-11-08,Plante un peu croche
MCB0831,865,408,2025-07-15,Un chevreuil est passé par là
MCB0831,622,358,2025-06-22,Belle forme pour celle-ci!
MCB0831,866,90,2025-10-15,Un chevreuil est passé par là
MCB0831,29,174,2025-11-22,Super belle plante
MCB4247,73,849,2025-09-06,Un chevreuil est passé par là
MCC9836,333,695,2025-09-19,Plante un peu croche
MCC9836,361,154,2025-10-30,Super belle plante
MCB9458,562,737,2025-10-22,Super belle plante
MCB9458,556,875,2025-07-19,Super belle plante
MCB9458,891,407,2025-08-03,Super belle plante
MCB9458,349,943,2025-10-30,Plante un peu croche
MCC6020,206,558,2025-06-04,Goute très bon
MCB8910,462,395,2025-11-20,Un chevreuil est passé par là
MCB8910,772,352,2025-07-31,Goute très bon
MCC9962,772,361,2025-10-11,Un chevreuil est passé par là
MCC9962,228,423,2025-11-17,Un chevreuil est passé par là
MCA9827,226,924,2025-12-24,Un chevreuil est passé par là
MCA9827,762,315,2025-10-20,Super belle plante
MCA9827,882,934,2025-09-30,Un chevreuil est passé par là
MCA9827,833,363,2025-10-25,Goute très bon
MCA9827,676,205,2025-07-14,Super belle plante
MCA9827,187,825,2025-08-21,Plante un peu croche
MCA9827,619,616,2025-08-03,Super belle plante
MCA0726,385,128,2025-12-01,Goute très bon
MCA0726,154,895,2025-11-28,Super belle plante
MCA0726,372,668,2025-06-16,Goute très bon
MCA0726,480,391,2025-12-04,Un chevreuil est passé par là
MCA0726,99,672,2025-07-15,Un chevreuil est passé par là
MCA6362,283,300,2025-07-21,Goute très bon
MCA6362,16,333,2025-09-02,Goute très bon
MCA6362,844,671,2025-09-10,Super belle plante
MCA6362,343,758,2025-09-30,Goute très bon
MCA6362,284,541,2025-06-13,Un chevreuil est passé par là
MCA6362,430,540,2025-11-11,Un chevreuil est passé par là
MCA6362,627,603,2025-07-31,Plante un peu croche
MCA2376,444,988,2025-07-07,Super belle plante
MCA2376,123,637,2025-12-04,Belle forme pour celle-ci!
MCA2376,750,263,2025-09-29,Belle forme pour celle-ci!
MCA2376,688,448,2025-08-04,Belle forme pour celle-ci!
MCA2376,998,386,2025-09-11,Goute très bon
MCA2376,47,653,2025-09-09,Plante un peu croche
MCC3012,643,20,2025-07-23,Belle forme pour celle-ci!
MCC3012,34,141,2025-08-10,Plante un peu croche
MCC3012,389,375,2025-11-30,Belle forme pour celle-ci!
MCA8135,957,41,2025-10-20,Un chevreuil est passé par là
MCB8022,391,356,2025-12-22,Super belle plante
MCB8022,767,567,2025-11-28,Super belle plante
MCB0056,532,106,2025-09-30,Belle forme pour celle-ci!
MCB0056,766,831,2025-12-16,Plante un peu croche
MCB0056,380,995,2025-09-21,Plante un peu croche
MCB0056,16,791,2025-12-26,Plante un peu croche
MCB0056,687,243,2025-07-31,Un chevreuil est passé par là
MCC2567,789,371,2025-07-27,Belle forme pour celle-ci!
MCC2567,553,489,2025-06-18,Goute très bon
MCC2567,320,669,2025-12-06,Belle forme pour celle-ci!
MCC2567,972,152,2025-12-10,Belle forme pour celle-ci!
MCC2567,272,492,2025-08-31,Plante un peu croche
MCC2567,274,707,2025-11-04,Goute très bon
MCC2567,156,983,2025-11-29,Super belle plante
MCB2549,370,114,2025-06-04,Belle forme pour celle-ci!
MCB2549,527,201,2025-07-24,Plante un peu croche
MCB2549,666,215,2025-09-26,Super belle plante
MCB2549,654,934,2025-07-25,Super belle plante
MCB2549,518,646,2025-10-16,Super belle plante
MCB7837,288,497,2025-08-23,Un chevreuil est passé par là
MCB7837,411,962,2025-12-22,Goute très bon
MCB7837,885,341,2025-12-20,Plante un peu croche
MCB7837,577,919,2025-11-19,Goute très bon
MCB8153,760,667,2025-07-03,Plante un peu croche
MCB8153,920,836,2025-09-08,Goute très bon
MCB8153,928,917,2025-09-06,Super belle plante
MCB8153,115,630,2025-08-12,Super belle plante
MCB4505,817,767,2025-09-25,Un chevreuil est passé par là
MCB5604,267,195,2025-08-31,Un chevreuil est passé par là
MCB5604,641,708,2025-09-19,Belle forme pour celle-ci!
MCB5604,89,244,2025-09-15,Plante un peu croche
MCB5604,518,614,2025-07-28,Goute très bon
MCB5604,7,221,2025-07-10,Plante un peu croche
MCA9545,776,995,2025-11-09,Super belle plante
MCA9545,23,665,2025-06-18,Goute très bon
MCA9545,365,846,2025-10-08,Un chevreuil est passé par là
MCA9545,452,762,2025-11-27,Un chevreuil est passé par là
MCA9545,50,125,2025-09-02,Un chevreuil est passé par là
MCA9545,27,549,2025-08-26,Un chevreuil est passé par là
MCC0836,283,567,2025-11-01,Goute très bon
MCC0836,928,508,2025-08-19,Belle forme pour celle-ci!
MCC0836,513,375,2025-09-13,Un chevreuil est passé par là
MCC0836,584,438,2025-07-14,Un chevreuil est passé par là
MCC0836,948,218,2025-10-03,Belle forme pour celle-ci!
MCC0836,986,149,2025-07-30,Goute très bon
MCC3240,108,426,2025-11-29,Goute très bon
MCC3240,670,510,2025-07-27,Belle forme pour celle-ci!
MCC3240,904,627,2025-11-06,Super belle plante
MCC3240,835,60,2025-06-22,Super belle plante
MCA5921,971,272,2025-08-08,Un chevreuil est passé par là
MCA5921,642,469,2025-09-02,Plante un peu croche
MCA5921,762,215,2025-12-24,Super belle plante
MCA5921,815,651,2025-08-03,Goute très bon
MCA5921,616,732,2025-11-22,Goute très bon
MCA6321,261,766,2025-09-06,Plante un peu croche
MCA6321,216,554,2025-08-19,Plante un peu croche
MCA6321,127,648,2025-12-27,Super belle plante
MCA6321,235,813,2025-07-03,Goute très bon
MCA6321,370,246,2025-08-30,Super belle plante
MCA6321,322,249,2025-06-23,Plante un peu croche
MCB2005,857,66,2025-10-07,Super belle plante
MCB2005,326,850,2025-08-11,Super belle plante
MCB2005,870,611,2025-10-12,Un chevreuil est passé par là
MCB2005,993,178,2025-11-02,Un chevreuil est passé par là
MCC8272,781,346,2025-07-27,Belle forme pour celle-ci!
MCC8272,117,26,2025-08-25,Super belle plante
MCC8272,255,86,2025-07-28,Super belle plante
MCC8272,754,709,2025-11-29,Plante un peu croche
MCC8272,643,498,2025-12-20,Goute très bon
MCC8272,250,581,2025-09-09,Super belle plante
MCC8272,901,30,2025-08-18,Belle forme pour celle-ci!
MCC9474,221,548,2025-11-25,Belle forme pour celle-ci!
MCC9474,626,196,2025-07-27,Plante un peu croche
MCC9474,69,557,2025-10-10,Plante un peu croche
MCC9474,252,419,2025-12-01,Belle forme pour celle-ci!
MCB1337,726,930,2025-06-26,Un chevreuil est passé par là
MCC3126,870,265,2025-12-11,Belle forme pour celle-ci!
MCC3126,913,14,2025-12-24,Belle forme pour celle-ci!
MCC8557,34,987,2025-11-10,Plante un peu croche
MCC0154,960,376,2025-11-29,Plante un peu croche
MCA5627,834,833,2025-10-03,Super belle plante
MCA5627,338,908,2025-07-23,Un chevreuil est passé par là
MCA5627,806,509,2025-10-04,Un chevreuil est passé par là
MCA5627,265,48,2025-11-30,Goute très bon
MCA5627,404,313,2025-07-09,Super belle plante
MCA5627,166,916,2025-12-05,Un chevreuil est passé par là
MCB1458,42,910,2025-07-30,Goute très bon
MCB1458,148,556,2025-10-27,Un chevreuil est passé par là
MCB1458,420,676,2025-11-28,Plante un peu croche
MCB1458,245,684,2025-08-31,Super belle plante
MCB1458,242,894,2025-06-08,Un chevreuil est passé par là
MCB1458,95,282,2025-11-06,Plante un peu croche
MCB1458,114,628,2025-06-22,Belle forme pour celle-ci!
MCA7292,727,440,2025-08-20,Goute très bon
MCA7292,656,160,2025-09-05,Super belle plante
MCB0144,583,138,2025-11-27,Plante un peu croche
MCB0144,139,881,2025-11-01,Belle forme pour celle-ci!
MCB0144,622,928,2025-09-05,Goute très bon
MCB0144,294,426,2025-12-13,Un chevreuil est passé par là
MCB0144,614,855,2025-09-01,Super belle plante
MCB0144,521,717,2025-07-24,Super belle plante
MCB0144,83,968,2025-11-30,Super belle plante
MCB4191,942,200,2025-09-18,Belle forme pour celle-ci!
MCB4191,400,195,2025-06-25,Super belle plante
MCB4191,235,425,2025-10-04,Plante un peu croche
MCB4191,155,287,2025-12-22,Un chevreuil est passé par là
MCB4191,931,571,2025-11-07,Goute très bon
MCB4191,225,306,2025-08-19,Super belle plante
MCB4191,750,574,2025-10-31,Plante un peu croche
MCB6420,774,779,2025-10-02,Goute très bon
MCB6420,468,33,2025-11-26,Goute très bon
MCB6420,302,149,2025-09-17,Plante un peu croche
MCC2776,634,819,2025-11-07,Belle forme pour celle-ci!
MCC2776,100,317,2025-11-29,Belle forme pour celle-ci!
MCC2776,637,136,2025-06-14,Un chevreuil est passé par là
MCC2776,799,450,2025-07-24,Goute très bon
MCC2776,552,913,2025-10-16,Goute très bon
MCC2776,450,21,2025-11-09,Un chevreuil est passé par là
MCA4848,584,917,2025-12-17,Super belle plante
MCA4848,858,165,2025-07-16,Belle forme pour celle-ci!
MCA4848,176,194,2025-12-29,Belle forme pour celle-ci!
MCA4848,389,504,2025-08-09,Goute très bon
MCA8641,130,397,2025-06-21,Un chevreuil est passé par là
MCA8641,501,773,2025-12-04,Un chevreuil est passé par là
MCA8641,977,999,2025-12-03,Un chevreuil est passé par là
MCA8641,766,836,2025-06-16,Belle forme pour celle-ci!
MCA8641,541,768,2025-09-22,Belle forme pour celle-ci!
MCA8641,720,81,2025-07-09,Goute très bon
MCB5151,503,908,2025-11-09,Un chevreuil est passé par là
MCB5151,857,649,2025-10-01,Super belle plante
MCB5151,341,154,2025-09-16,Un chevreuil est passé par là
MCB5151,670,853,2025-12-15,Super belle plante
MCB5151,802,32,2025-08-01,Plante un peu croche
MCB5151,961,900,2025-11-12,Goute très bon
MCA2025,998,112,2025-07-09,Belle forme pour celle-ci!
MCA2025,700,246,2025-07-27,Goute très bon
MCA2025,317,681,2025-10-26,Super belle plante
MCB9200,112,975,2025-06-21,Plante un peu croche
MCB9200,569,34,2025-07-01,Belle forme pour celle-ci!
MCB9200,916,475,2025-10-11,Plante un peu croche
MCB9200,646,395,2025-07-08,Super belle plante
MCB9200,604,133,2025-08-16,Plante un peu croche
MCB9200,18,931,2025-06-14,Un chevreuil est passé par là
MCB9552,877,729,2025-10-17,Goute très bon
MCB9552,723,444,2025-08-04,Super belle plante
MCB9552,54,872,2025-11-19,Goute très bon
MCB9552,794,285,2025-10-20,Goute très bon
MCA6627,129,469,2025-06-17,Un chevreuil est passé par là
MCA6627,514,235,2025-11-02,Super belle plante
MCA6627,126,42,2025-06-28,Un chevreuil est passé par là
MCA9395,734,196,2025-12-18,Belle forme pour celle-ci!
MCA9395,14,390,2025-10-09,Belle forme pour celle-ci!
MCA9395,67,922,2025-07-24,Plante un peu croche
MCA9395,811,898,2025-07-21,Super belle plante
MCC0981,531,666,2025-09-16,Un chevreuil est passé par là
MCC0981,949,899,2025-12-23,Super belle plante
MCC0981,957,2,2025-06-19,Plante un peu croche
MCB2610,154,179,2025-10-27,Goute très bon
MCB2610,166,625,2025-09-15,Goute très bon
MCB2610,199,750,2025-06-04,Super belle plante
MCC6950,276,101,2025-07-02,Plante un peu croche
MCC6950,748,604,2025-10-14,Goute très bon
MCC6950,74,249,2025-07-31,Plante un peu croche
MCC6950,948,736,2025-11-28,Super belle plante
MCA9406,833,633,2025-11-08,Goute très bon
MCA9406,251,606,2025-11-12,Un chevreuil est passé par là
MCA9406,882,37,2025-09-23,Plante un peu croche
MCB3425,344,150,2025-06-03,Super belle plante
MCB3425,180,828,2025-07-09,Goute très bon
MCB3425,892,898,2025-10-12,Plante un peu croche
MCB3425,252,910,2025-08-26,Plante un peu croche
MCB9342,935,635,2025-07-25,Un chevreuil est passé par là
MCB9342,977,73,2025-12-30,Plante un peu croche
MCB9342,14,478,2025-10-01,Super belle plante
MCB9342,914,979,2025-11-16,Super belle plante
MCB9342,32,25,2025-09-10,Un chevreuil est passé par là
MCB0926,341,331,2025-07-03,Plante un peu croche
MCB0926,760,141,2025-10-11,Plante un peu croche
MCB0926,426,405,2025-10-06,Plante un peu croche
MCB0926,899,22,2025-11-02,Super belle plante
MCC3670,300,93,2025-09-12,Super belle plante
MCB6953,822,585,2025-07-12,Un chevreuil est passé par là
MCB6953,496,226,2025-10-11,Super belle plante
MCB6953,610,258,2025-08-30,Plante un peu croche
MCB6953,95,875,2025-06-26,Un chevreuil est passé par là
MCB6953,190,843,2025-11-20,Goute très bon
MCC6235,304,191,2025-07-11,Super belle plante
MCA3867,212,909,2025-11-22,Un chevreuil est passé par là
MCA3867,112,562,2025-06-16,Super belle plante
MCA3867,767,701,2025-07-12,Super belle plante
MCA3867,350,883,2025-09-22,Un chevreuil est passé par là
MCA3867,527,753,2025-08-07,Goute très bon
MCA3867,884,36,2025-06-22,Plante un peu croche
MCA3867,735,950,2025-10-11,Goute très bon
MCB2468,885,17,2025-08-03,Goute très bon
MCB2468,54,844,2025-10-18,Super belle plante
MCB2468,954,802,2025-12-05,Goute très bon
MCC2805,191,771,2025-08-14,Goute très bon
MCC2805,365,630,2025-09-16,Un chevreuil est passé par là
MCA7034,971,25,2025-06-25,Belle forme pour celle-ci!
MCA7034,857,995,2025-09-12,Plante un peu croche
MCA7034,763,485,2025-11-29,Super belle plante
MCA7034,396,370,2025-08-22,Un chevreuil est passé par là
MCA5915,486,547,2025-09-29,Goute très bon
MCA1736,209,195,2025-08-06,Plante un peu croche
MCA1736,399,562,2025-08-15,Belle forme pour celle-ci!
MCA1736,819,472,2025-06-22,Goute très bon
MCC6523,686,220,2025-07-24,Plante un peu croche
MCA6147,331,601,2025-09-21,Goute très bon
MCB3974,204,73,2025-11-18,Goute très bon
MCB3974,397,520,2025-10-30,Goute très bon
MCC3706,170,205,2025-11-16,Plante un peu croche
MCA4290,196,912,2025-11-17,Super belle plante
MCC2782,906,319,2025-06-23,Goute très bon
MCC2782,184,543,2025-08-24,Plante un peu croche
MCC1580,365,271,2025-11-24,Goute très bon
MCC1580,484,909,2025-09-15,Goute très bon
MCC9066,65,786,2025-08-26,Goute très bon
MCC9066,859,661,2025-09-03,Un chevreuil est passé par là
MCC9066,346,948,2025-09-14,Belle forme pour celle-ci!
MCC9066,607,377,2025-11-23,Un chevreuil est passé par là
MCC9066,977,315,2025-06-01,Belle forme pour celle-ci!
MCA8494,528,598,2025-07-14,Goute très bon
MCA8494,944,181,2025-10-09,Super belle plante
MCA8494,120,590,2025-07-28,Belle forme pour celle-ci!
MCA8494,935,679,2025-09-17,Un chevreuil est passé par là
MCA8494,825,584,2025-06-11,Belle forme pour celle-ci!
MCA8494,10,115,2025-12-05,Super belle plante
MCA8494,601,927,2025-10-04,Super belle plante
MCC4020,999,863,2025-07-06,Belle forme pour celle-ci!
MCC4020,206,218,2025-08-11,Belle forme pour celle-ci!
MCC4020,716,786,2025-06-15,Un chevreuil est passé par là
MCC6961,682,979,2025-11-19,Belle forme pour celle-ci!
MCC6961,130,925,2025-07-13,Plante un peu croche
MCC6961,199,216,2025-08-21,Plante un peu croche
MCC6961,702,621,2025-12-18,Super belle plante
MCC6961,473,928,2025-11-12,Un chevreuil est passé par là
MCC6961,55,783,2025-10-07,Un chevreuil est passé par là
MCC6961,732,10,2025-12-22,Belle forme pour celle-ci!
MCB7806,132,342,2025-12-09,Goute très bon
MCB7806,558,385,2025-07-09,Super belle plante
MCB7806,644,124,2025-06-13,Goute très bon
MCB7806,816,482,2025-07-02,Super belle plante
MCB1953,856,733,2025-12-09,Goute très bon
MCB1953,4,787,2025-08-28,Super belle plante
MCB1953,310,994,2025-08-09,Belle forme pour celle-ci!
MCB1953,135,958,2025-08-25,Belle forme pour celle-ci!
MCC4168,978,893,2025-07-30,Goute très bon
MCC4168,169,191,2025-08-13,Belle forme pour celle-ci!
MCC4168,2,90,2025-08-01,Goute très bon
MCC4168,476,812,2025-09-21,Plante un peu croche
MCC4168,657,462,2025-11-05,Plante un peu croche
MCB5688,718,328,2025-06-09,Goute très bon
MCB5688,967,4,2025-11-17,Un chevreuil est passé par là
MCB5688,385,19,2025-10-29,Goute très bon
MCB5688,148,815,2025-12-26,Belle forme pour celle-ci!
MCB5688,922,203,2025-06-13,Belle forme pour celle-ci!
MCC7411,393,985,2025-08-23,Un chevreuil est passé par là
MCC7411,253,449,2025-10-18,Plante un peu croche
MCC7411,219,170,2025-06-06,Plante un peu croche
MCC7411,64,112,2025-09-21,Goute très bon
MCC7411,860,78,2025-08-29,Plante un peu croche
MCC7411,411,104,2025-08-13,Goute très bon
MCC7411,800,481,2025-11-02,Belle forme pour celle-ci!
MCC8980,764,942,2025-12-06,Plante un peu croche
MCB2427,457,388,2025-08-07,Plante un peu croche
MCB2427,94,437,2025-06-22,Goute très bon
MCB2427,297,724,2025-08-21,Goute très bon
MCB2427,936,518,2025-11-07,Un chevreuil est passé par là
MCB2427,994,833,2025-06-14,Super belle plante
MCA3509,706,417,2025-07-02,Super belle plante
MCA3509,709,201,2025-08-01,Super belle plante
MCA3509,637,460,2025-08-13,Plante un peu croche
MCA3509,970,448,2025-08-20,Goute très bon
MCC2940,227,418,2025-08-25,Belle forme pour celle-ci!
MCC2940,952,662,2025-11-27,Plante un peu croche
MCB1243,605,219,2025-08-04,Goute très bon
MCB1243,277,851,2025-08-01,Super belle plante
MCB1243,137,178,2025-07-03,Plante un peu croche
MCB1243,870,571,2025-11-13,Super belle plante
MCB1243,753,213,2025-06-28,Goute très bon
MCC6161,152,582,2025-09-30,Un chevreuil est passé par là
MCC6161,115,476,2025-06-13,Super belle plante
MCC4246,533,243,2025-11-22,Un chevreuil est passé par là
MCC8192,431,192,2025-10-13,Plante un peu croche
MCC8192,72,789,2025-10-06,Belle forme pour celle-ci!
MCC8192,804,237,2025-10-11,Goute très bon
MCC8192,636,663,2025-07-10,Plante un peu croche
MCC8192,437,604,2025-08-04,Goute très bon
MCC3998,182,859,2025-08-03,Un chevreuil est passé par là
MCC3998,45,704,2025-12-21,Plante un peu croche
MCC3998,82,50,2025-12-09,Plante un peu croche
MCC3998,929,20,2025-10-21,Belle forme pour celle-ci!
MCC3998,189,838,2025-07-30,Belle forme pour celle-ci!
MCA9291,246,573,2025-11-14,Un chevreuil est passé par là
MCA9291,516,743,2025-07-07,Goute très bon
MCA9291,837,807,2025-07-19,Belle forme pour celle-ci!
MCA2588,78,704,2025-09-22,Plante un peu croche
MCA2588,126,857,2025-09-13,Plante un peu croche
MCA2588,785,675,2025-12-03,Goute très bon
MCA2588,519,203,2025-12-26,Belle forme pour celle-ci!
MCA2588,368,702,2025-06-11,Belle forme pour celle-ci!
MCA2588,52,151,2025-06-08,Plante un peu croche
MCA2433,176,989,2025-10-31,Plante un peu croche
MCA2433,683,308,2025-11-28,Un chevreuil est passé par là
MCA2433,182,152,2025-10-01,Plante un peu croche
MCA2433,233,341,2025-10-26,Belle forme pour celle-ci!
MCA2089,119,83,2025-09-28,Un chevreuil est passé par là
MCA2089,243,531,2025-07-22,Super belle plante
MCA2089,669,585,2025-10-09,Plante un peu croche
MCA2089,723,540,2025-11-18,Un chevreuil est passé par là
MCC3885,622,316,2025-10-15,Goute très bon
MCC3885,325,297,2025-10-04,Plante un peu croche
MCC3885,274,919,2025-12-04,Goute très bon
MCC3885,261,109,2025-07-02,Goute très bon
MCC3885,249,9,2025-07-12,Plante un peu croche
MCA5485,470,348,2025-12-05,Plante un peu croche
MCA7310,535,34,2025-12-15,Plante un peu croche
MCA7310,337,671,2025-12-13,Un chevreuil est passé par là
MCA7310,25,526,2025-11-09,Un chevreuil est passé par là
MCA7310,896,417,2025-08-04,Un chevreuil est passé par là
MCB1900,581,434,2025-06-04,Goute très bon
MCB1900,558,642,2025-10-18,Plante un peu croche
MCA4841,525,981,2025-09-30,Belle forme pour celle-ci!
MCA4841,55,927,2025-08-26,Un chevreuil est passé par là
MCA4841,563,557,2025-10-20,Plante un peu croche
MCA4841,731,840,2025-10-18,Plante un peu croche
MCC9937,571,479,2025-07-03,Super belle plante
MCC9937,665,48,2025-12-08,Goute très bon
MCC9937,194,985,2025-08-01,Un chevreuil est passé par là
MCC9937,48,613,2025-06-13,Goute très bon
MCC9937,982,379,2025-08-06,Belle forme pour celle-ci!
MCC9937,138,356,2025-10-14,Un chevreuil est passé par là
MCC9937,406,496,2025-09-03,Belle forme pour celle-ci!
MCC9404,25,935,2025-11-13,Goute très bon
MCC9404,829,456,2025-06-23,Plante un peu croche
MCC9404,512,240,2025-12-25,Super belle plante
MCC9404,512,125,2025-11-04,Belle forme pour celle-ci!
MCC9404,761,460,2025-10-27,Plante un peu croche
MCC9404,946,830,2025-10-01,Goute très bon
MCB7764,856,595,2025-07-07,Belle forme pour celle-ci!
MCB7764,248,424,2025-07-28,Belle forme pour celle-ci!
MCB7764,528,278,2025-09-26,Plante un peu croche
MCB7764,834,581,2025-07-15,Belle forme pour celle-ci!
MCB7764,244,634,2025-06-05,Plante un peu croche
MCB7764,753,495,2025-06-23,Plante un peu croche
MCC2161,307,981,2025-09-29,Plante un peu croche
MCC2161,112,40,2025-09-08,Goute très bon
MCC2161,287,99,2025-10-09,Plante un peu croche
MCA6375,511,853,2025-11-06,Un chevreuil est passé par là
MCB3279,534,525,2025-09-24,Belle forme pour celle-ci!
MCB3279,775,526,2025-11-24,Un chevreuil est passé par là
MCB3279,102,185,2025-10-10,Goute très bon
MCB3279,68,792,2025-11-17,Belle forme pour celle-ci!
MCB3279,240,837,2025-11-12,Plante un peu croche
MCB3279,96,194,2025-11-01,Belle forme pour celle-ci!
MCB2629,628,204,2025-08-19,Super belle plante
MCC6207,656,51,2025-09-09,Super belle plante
MCC6207,433,941,2025-11-30,Un chevreuil est passé par là
MCC6207,824,500,2025-12-21,Belle forme pour celle-ci!
MCB0554,224,433,2025-06-06,Goute très bon
MCB0554,573,207,2025-06-17,Plante un peu croche
MCB0554,536,331,2025-10-01,Goute très bon
MCC3554,811,582,2025-09-15,Belle forme pour celle-ci!
MCC3554,265,38,2025-07-06,Plante un peu croche
MCC3554,300,63,2025-11-27,Plante un peu croche
MCC3554,92,99,2025-08-06,Super belle plante
MCC3554,925,257,2025-08-16,Plante un peu croche
MCB5474,398,613,2025-12-19,Plante un peu croche
MCB5474,72,973,2025-08-24,Un chevreuil est passé par là
MCB5474,582,537,2025-12-07,Un chevreuil est passé par là
MCB5474,853,487,2025-09-26,Super belle plante
MCB0177,800,682,2025-07-18,Plante un peu croche
MCB0177,638,279,2025-07-21,Plante un peu croche
MCB0177,763,348,2025-07-15,Un chevreuil est passé par là
MCB0177,331,399,2025-11-29,Goute très bon
MCB0177,335,633,2025-06-09,Super belle plante
MCB0177,197,364,2025-11-26,Goute très bon
MCB0177,5,479,2025-10-09,Plante un peu croche
MCA7046,616,40,2025-10-06,Plante un peu croche
MCA7046,589,231,2025-09-15,Belle forme pour celle-ci!
MCA7046,810,300,2025-08-13,Goute très bon
MCA7046,656,476,2025-10-07,Belle forme pour celle-ci!
MCA7046,10,821,2025-06-27,Belle forme pour celle-ci!
MCC4703,935,837,2025-06-20,Goute très bon
MCC4703,798,558,2025-11-07,Belle forme pour celle-ci!
MCC4703,781,981,2025-09-22,Goute très bon
MCC4703,45,993,2025-11-23,Plante un peu croche
MCC4703,137,757,2025-12-18,Super belle plante
MCC4703,654,651,2025-09-09,Belle forme pour celle-ci!
MCA0346,369,979,2025-08-10,Plante un peu croche
MCA0346,486,620,2025-10-25,Goute très bon
MCA0346,426,744,2025-12-28,Goute très bon
MCA0346,353,174,2025-09-12,Un chevreuil est passé par là
MCA0346,850,257,2025-08-09,Super belle plante
MCC2821,460,759,2025-12-06,Plante un peu croche
MCC2821,370,637,2025-06-26,Plante un peu croche
MCC2821,958,588,2025-08-09,Belle forme pour celle-ci!
MCC2821,876,611,2025-08-15,Super belle plante
MCC2821,819,557,2025-10-01,Belle forme pour celle-ci!
MCC2821,790,242,2025-09-24,Goute très bon
MCC2821,862,842,2025-10-09,Goute très bon
MCB6221,809,818,2025-08-25,Goute très bon
MCB6221,699,940,2025-09-24,Plante un peu croche
MCB6221,630,431,2025-11-12,Un chevreuil est passé par là
MCB6221,440,514,2025-10-19,Plante un peu croche
MCB6221,393,576,2025-10-29,Plante un peu croche
MCB2854,374,29,2025-09-19,Plante un peu croche
MCB2854,125,336,2025-10-02,Super belle plante
MCB2854,353,318,2025-08-24,Super belle plante
MCB2854,22,504,2025-06-13,Belle forme pour celle-ci!
MCB2854,455,585,2025-08-04,Belle forme pour celle-ci!
MCB6506,118,591,2025-07-23,Un chevreuil est passé par là
MCB6506,704,747,2025-07-25,Plante un peu croche
MCB6506,551,731,2025-11-07,Plante un peu croche
MCB6506,864,952,2025-06-03,Super belle plante
MCB6506,783,914,2025-06-30,Un chevreuil est passé par là
MCB4956,744,523,2025-09-02,Super belle plante
MCB4956,211,328,2025-07-06,Plante un peu croche
MCB4956,247,632,2025-06-24,Un chevreuil est passé par là
MCB4956,780,500,2025-08-01,Goute très bon
MCA7542,642,733,2025-08-09,Goute très bon
MCA7542,96,312,2025-09-20,Super belle plante
MCA7542,571,333,2025-06-29,Belle forme pour celle-ci!
MCB2897,550,164,2025-08-01,Plante un peu croche
MCB2897,115,667,2025-12-04,Plante un peu croche
MCC0568,808,586,2025-06-04,Un chevreuil est passé par là
MCC5431,276,177,2025-12-25,Belle forme pour celle-ci!
MCA7921,232,902,2025-08-10,Goute très bon
MCA7921,329,182,2025-11-08,Un chevreuil est passé par là
MCA7921,698,606,2025-07-02,Goute très bon
MCA7921,318,882,2025-11-19,Goute très bon
MCB7171,471,246,2025-06-04,Belle forme pour celle-ci!
MCB7171,492,123,2025-06-17,Super belle plante
MCB7171,290,821,2025-06-16,Plante un peu croche
MCB7171,354,135,2025-08-27,Un chevreuil est passé par là
MCB7171,703,573,2025-09-21,Un chevreuil est passé par là
MCB7171,91,922,2025-11-17,Super belle plante
MCB7171,770,345,2025-07-01,Belle forme pour celle-ci!
MCA4734,539,709,2025-09-04,Un chevreuil est passé par là
MCA4734,776,952,2025-11-20,Goute très bon
MCA4734,750,606,2025-12-08,Goute très bon
MCA4734,153,91,2025-12-06,Plante un peu croche
MCA4734,743,667,2025-11-14,Super belle plante
MCA4734,473,853,2025-08-19,Belle forme pour celle-ci!
MCA4734,112,340,2025-09-19,Plante un peu croche
MCA3046,166,523,2025-12-23,Super belle plante
MCA3046,650,949,2025-07-03,Plante un peu croche
MCA3046,370,534,2025-08-29,Un chevreuil est passé par là
MCC0728,791,922,2025-10-18,Un chevreuil est passé par là
MCC0728,363,177,2025-09-01,Goute très bon
MCC0728,173,956,2025-07-31,Un chevreuil est passé par là
MCB0381,769,163,2025-11-08,Plante un peu croche
MCB0381,551,800,2025-11-01,Un chevreuil est passé par là
MCB0381,302,635,2025-11-28,Belle forme pour celle-ci!
MCB0381,262,159,2025-07-10,Un chevreuil est passé par là
MCB0381,842,54,2025-08-15,Belle forme pour celle-ci!
MCB0381,239,157,2025-10-24,Belle forme pour celle-ci!
MCB2332,571,416,2025-06-10,Belle forme pour celle-ci!
MCC2842,246,695,2025-11-30,Super belle plante
MCC2842,247,560,2025-06-17,Goute très bon
MCC2842,189,933,2025-10-18,Plante un peu croche
MCC2842,891,875,2025-06-16,Goute très bon
MCC2842,499,478,2025-10-09,Plante un peu croche
MCC2842,441,364,2025-09-01,Un chevreuil est passé par là
MCB7303,124,388,2025-10-20,Belle forme pour celle-ci!
MCB7303,62,734,2025-11-18,Goute très bon
MCB7303,315,209,2025-09-27,Belle forme pour celle-ci!
MCB7303,247,881,2025-12-28,Goute très bon
MCB7303,72,162,2025-10-31,Belle forme pour celle-ci!
MCB7303,899,975,2025-07-12,Plante un peu croche
MCB7303,860,880,2025-09-25,Un chevreuil est passé par là
MCB6858,210,799,2025-07-02,Super belle plante
MCB6858,64,61,2025-08-20,Plante un peu croche
MCB6858,169,937,2025-09-30,Un chevreuil est passé par là
MCB6858,113,803,2025-10-28,Un chevreuil est passé par là
MCB6858,190,160,2025-06-25,Belle forme pour celle-ci!
MCC9245,983,838,2025-11-17,Belle forme pour celle-ci!
MCC9245,171,603,2025-07-21,Super belle plante
MCC9245,965,177,2025-09-07,Goute très bon
MCC9245,302,769,2025-09-09,Un chevreuil est passé par là
MCC9245,416,232,2025-11-30,Super belle plante
MCC9245,975,622,2025-08-30,Super belle plante
MCC9245,818,233,2025-06-15,Plante un peu croche
MCA8424,549,754,2025-07-07,Belle forme pour celle-ci!
MCA8424,301,719,2025-08-09,Belle forme pour celle-ci!
MCA8424,929,826,2025-12-09,Goute très bon
MCC6900,283,199,2025-11-12,Super belle plante
MCC6900,746,322,2025-08-31,Goute très bon
MCC6900,557,367,2025-11-07,Un chevreuil est passé par là
MCC6900,476,769,2025-10-19,Super belle plante
MCC6900,237,173,2025-08-01,Belle forme pour celle-ci!
MCA7850,633,792,2025-06-20,Goute très bon
MCA7850,562,247,2025-11-06,Super belle plante
MCA7850,833,460,2025-07-31,Goute très bon
MCA7850,283,626,2025-09-06,Plante un peu croche
MCA7850,662,780,2025-07-29,Un chevreuil est passé par là
