id,etat,date_eco,note
MCC4129,A,2025-08-12,Observation automatique
MCC4129,A,2025-08-29,Observation automatique
MCC4129,D,2025-09-05,Observation automatique
MCC4841,B,2025-11-14,Observation automatique
MCC4841,E,2025-12-09,Observation automatique
MCC4841,B,2025-09-04,Observation automatique
MCC4841,E,2025-09-08,Observation automatique
MCC4841,E,2025-10-28,Observation automatique
MCC4841,A,2025-11-28,Observation automatique
MCC4841,E,2025-08-16,Observation automatique
MCA0268,A,2025-12-02,Observation automatique
MCA0268,E,2025-10-25,Observation automatique
MCA0268,E,2025-10-19,Observation automatique
MCA0268,B,2025-10-01,Observation automatique
MCA0268,B,2025-12-07,Observation automatique
MCC9519,A,2025-10-25,Observation automatique
MCC9519,C,2025-10-27,Observation automatique
MCC9519,D,2025-09-06,Observation automatique
MCC9519,D,2025-09-29,Observation automatique
MCC9519,B,2025-12-05,Observation automatique
MCA6765,E,2025-07-24,Observation automatique
MCA6765,D,2025-12-09,Observation automatique
MCC3441,A,2025-09-27,Observation automatique
MCC3441,B,2025-06-09,Observation automatique
MCC5331,A,2025-08-18,Observation automatique
MCC5331,C,2025-10-26,Observation automatique
MCC5331,A,2025-09-28,Observation automatique
MCC5331,C,2025-07-26,Observation automatique
MCB0835,A,2025-10-15,Observation automatique
MCB0835,A,2025-12-17,Observation automatique
MCB0835,B,2025-08-05,Observation automatique
MCB0835,D,2025-06-21,Observation automatique
MCB0835,D,2025-07-14,Observation automatique
MCB0835,D,2025-12-04,Observation automatique
MCA1247,B,2025-08-08,Observation automatique
MCA1247,A,2025-06-25,Observation automatique
MCA1247,E,2025-09-16,Observation automatique
MCA1247,B,2025-09-17,Observation automatique
MCA1247,E,2025-10-02,Observation automatique
MCC0459,A,2025-06-06,Observation automatique
MCC0459,A,2025-10-03,Observation automatique
MCC0510,B,2025-09-05,Observation automatique
MCC0510,E,2025-09-06,Observation automatique
MCC0510,C,2025-08-03,Observation automatique
MCC0510,C,2025-06-05,Observation automatique
MCC0510,A,2025-11-26,Observation automatique
MCC0510,B,2025-06-10,Observation automatique
MCC0510,C,2025-07-25,Observation automatique
MCA2087,B,2025-10-09,Observation automatique
MCA2087,E,2025-11-05,Observation automatique
MCA2087,C,2025-06-11,Observation automatique
MCB6653,E,2025-11-06,Observation automatique
MCB6653,D,2025-06-24,Observation automatique
MCB6653,C,2025-06-11,Observation automatique
MCB6653,B,2025-09-12,Observation automatique
MCB6653,E,2025-08-09,Observation automatique
MCB6653,C,2025-09-30,Observation automatique
MCB8266,B,2025-08-23,Observation automatique
MCB8266,D,2025-10-01,Observation automatique
MCB8266,C,2025-08-20,Observation automatique
MCB8266,B,2025-07-11,Observation automatique
MCB8266,A,2025-10-25,Observation automatique
MCB8266,E,2025-08-16,Observation automatique
MCB8266,C,2025-07-25,Observation automatique
MCA5646,C,2025-10-24,Observation automatique
MCB7929,A,2025-07-13,Observation automatique
MCB7929,A,2025-06-01,Observation automatique
MCB7929,C,2025-10-21,Observation automatique
MCB7929,E,2025-06-02,Observation automatique
MCB7929,A,2025-12-26,Observation automatique
MCB7929,A,2025-09-22,Observation automatique
MCB7929,D,2025-09-25,Observation automatique
MCB9275,E,2025-11-12,Observation automatique
MCB9275,D,2025-07-17,Observation automatique
MCB9275,D,2025-10-20,Observation automatique
MCB7404,D,2025-10-01,Observation automatique
MCB7404,D,2025-10-15,Observation automatique
MCB7404,C,2025-12-11,Observation automatique
MCB7404,B,2025-10-20,Observation automatique
MCB7404,E,2025-06-04,Observation automatique
MCB7404,A,2025-12-22,Observation automatique
MCC3893,D,2025-09-14,Observation automatique
MCA0458,D,2025-11-19,Observation automatique
MCA0458,B,2025-09-22,Observation automatique
MCA0458,E,2025-06-16,Observation automatique
MCA0458,C,2025-10-17,Observation automatique
MCB5117,B,2025-12-06,Observation automatique
MCB5117,D,2025-11-11,Observation automatique
MCA5557,B,2025-09-02,Observation automatique
MCA5557,C,2025-09-09,Observation automatique
MCA5557,D,2025-07-09,Observation automatique
MCA5557,A,2025-07-08,Observation automatique
MCA5557,E,2025-10-12,Observation automatique
MCC8382,A,2025-08-07,Observation automatique
MCC6193,C,2025-11-18,Observation automatique
MCC6193,D,2025-06-13,Observation automatique
MCC6193,D,2025-09-23,Observation automatique
MCC6193,E,2025-11-03,Observation automatique
MCA2405,B,2025-06-26,Observation automatique
MCA7331,E,2025-11-27,Observation automatique
MCA7331,D,2025-06-29,Observation automatique
MCA7331,A,2025-12-05,Observation automatique
MCA7331,A,2025-06-07,Observation automatique
MCA7331,B,2025-11-01,Observation automatique
MCA7331,B,2025-09-07,Observation automatique
MCA7946,B,2025-12-19,Observation automatique
MCA7946,D,2025-11-13,Observation automatique
MCA7946,A,2025-08-21,Observation automatique
MCA7946,A,2025-07-28,Observation automatique
MCA7946,A,2025-06-04,Observation automatique
MCA7946,B,2025-07-06,Observation automatique
MCB8927,B,2025-11-16,Observation automatique
MCB8927,C,2025-08-17,Observation automatique
MCB8927,D,2025-12-03,Observation automatique
MCB8927,B,2025-10-11,Observation automatique
MCB8927,A,2025-07-26,Observation automatique
MCA7966,E,2025-08-02,Observation automatique
MCC5388,D,2025-10-12,Observation automatique
MCC5388,E,2025-12-10,Observation automatique
MCB5497,E,2025-07-16,Observation automatique
MCB5497,D,2025-10-25,Observation automatique
MCB5497,B,2025-06-28,Observation automatique
MCC0436,C,2025-08-12,Observation automatique
MCA6109,E,2025-06-27,Observation automatique
MCA6109,B,2025-09-05,Observation automatique
MCA6109,D,2025-08-06,Observation automatique
MCA6109,C,2025-09-11,Observation automatique
MCA6109,C,2025-12-18,Observation automatique
MCB6839,C,2025-09-13,Observation automatique
MCB6839,A,2025-09-14,Observation automatique
MCB6839,E,2025-09-19,Observation automatique
MCB6839,E,2025-12-17,Observation automatique
MCB6839,B,2025-08-13,Observation automatique
MCB0635,B,2025-06-13,Observation automatique
MCB0635,C,2025-11-10,Observation automatique
MCB0635,C,2025-11-17,Observation automatique
MCB0869,D,2025-12-12,Observation automatique
MCB0869,B,2025-11-18,Observation automatique
MCB0869,D,2025-10-13,Observation automatique
MCB0869,E,2025-09-22,Observation automatique
MCB0869,E,2025-12-23,Observation automatique
MCB0869,A,2025-08-23,Observation automatique
MCB9941,A,2025-09-06,Observation automatique
MCB9941,D,2025-11-17,Observation automatique
MCB9941,E,2025-11-14,Observation automatique
MCB9941,A,2025-07-18,Observation automatique
MCB9941,D,2025-09-26,Observation automatique
MCB9941,D,2025-10-18,Observation automatique
MCB9941,B,2025-07-24,Observation automatique
MCA0380,D,2025-12-29,Observation automatique
MCB0263,D,2025-09-10,Observation automatique
MCB0263,E,2025-10-24,Observation automatique
MCB0263,B,2025-06-24,Observation automatique
MCA8688,E,2025-07-27,Observation automatique
MCA8688,B,2025-09-27,Observation automatique
MCA8688,A,2025-08-30,Observation automatique
MCA8688,C,2025-08-22,Observation automatique
MCA8688,B,2025-11-08,Observation automatique
MCC4049,D,2025-07-28,Observation automatique
MCC4049,D,2025-06-28,Observation automatique
MCC4049,C,2025-10-29,Observation automatique
MCC4049,C,2025-11-19,Observation automatique
MCC4049,C,2025-10-19,Observation automatique
MCC4049,C,2025-12-15,Observation automatique
MCB9637,D,2025-07-15,Observation automatique
MCB9637,C,2025-07-25,Observation automatique
MCB9637,B,2025-08-04,Observation automatique
MCB9637,A,2025-12-08,Observation automatique
MCC4048,C,2025-10-26,Observation automatique
MCC4048,C,2025-08-25,Observation automatique
MCC4048,E,2025-12-16,Observation automatique
MCC4048,A,2025-07-22,Observation automatique
MCC4048,D,2025-06-06,Observation automatique
MCA2429,D,2025-06-26,Observation automatique
MCA2429,B,2025-11-06,Observation automatique
MCA2429,D,2025-10-28,Observation automatique
MCA2429,D,2025-09-11,Observation automatique
MCA2429,D,2025-08-26,Observation automatique
MCA2429,C,2025-11-03,Observation automatique
MCC3469,B,2025-12-13,Observation automatique
MCA0271,B,2025-07-05,Observation automatique
MCA0271,A,2025-06-04,Observation automatique
MCA0271,C,2025-11-27,Observation automatique
MCA0271,C,2025-07-20,Observation automatique
MCC3107,E,2025-08-16,Observation automatique
MCC3107,C,2025-12-10,Observation automatique
MCC3107,C,2025-09-08,Observation automatique
MCC3107,E,2025-11-18,Observation automatique
MCC6240,A,2025-11-15,Observation automatique
MCC6240,C,2025-11-17,Observation automatique
MCC2114,D,2025-08-19,Observation automatique
MCC2114,A,2025-10-26,Observation automatique
MCB1587,D,2025-08-14,Observation automatique
MCB1587,E,2025-10-02,Observation automatique
MCB1587,A,2025-07-01,Observation automatique
MCB1587,E,2025-09-03,Observation automatique
MCB1587,E,2025-08-04,Observation automatique
MCC4834,A,2025-08-18,Observation automatique
MCC4834,A,2025-06-11,Observation automatique
MCC4834,C,2025-12-27,Observation automatique
MCC4834,B,2025-07-12,Observation automatique
MCC4834,A,2025-06-22,Observation automatique
MCC4834,B,2025-11-04,Observation automatique
MCC4834,C,2025-11-03,Observation automatique
MCC0546,B,2025-06-12,Observation automatique
MCC0546,D,2025-11-03,Observation automatique
MCC0546,B,2025-12-26,Observation automatique
MCC0546,C,2025-11-04,Observation automatique
MCA5744,E,2025-09-06,Observation automatique
MCA5744,E,2025-08-27,Observation automatique
MCA5744,C,2025-10-12,Observation automatique
MCA5744,C,2025-06-14,Observation automatique
MCA7285,E,2025-12-30,Observation automatique
MCA7285,B,2025-10-15,Observation automatique
MCA7285,A,2025-12-10,Observation automatique
MCC8602,E,2025-08-05,Observation automatique
MCC8602,D,2025-12-16,Observation automatique
MCC8602,D,2025-06-14,Observation automatique
MCC8602,B,2025-12-27,Observation automatique
MCB2789,D,2025-09-28,Observation automatique
MCB2789,C,2025-07-12,Observation automatique
MCB2789,C,2025-11-26,Observation automatique
MCB2789,B,2025-10-27,Observation automatique
MCC0896,B,2025-12-20,Observation automatique
MCC0896,C,2025-10-06,Observation automatique
MCC0896,D,2025-12-16,Observation automatique
MCC0896,A,2025-07-11,Observation automatique
MCC0896,A,2025-10-18,Observation automatique
MCC0896,E,2025-10-04,Observation automatique
MCC2291,B,2025-06-11,Observation automatique
MCC2291,B,2025-07-06,Observation automatique
MCC2291,E,2025-09-07,Observation automatique
MCB0025,E,2025-10-04,Observation automatique
MCB0025,E,2025-10-01,Observation automatique
MCB0025,D,2025-11-10,Observation automatique
MCB0025,D,2025-12-14,Observation automatique
MCA9919,A,2025-10-01,Observation automatique
MCA9919,D,2025-06-02,Observation automatique
MCA9919,A,2025-06-20,Observation automatique
MCC4038,B,2025-09-02,Observation automatique
MCC4038,B,2025-11-07,Observation automatique
MCC4038,E,2025-10-08,Observation automatique
MCC2544,E,2025-10-29,Observation automatique
MCC2544,E,2025-11-23,Observation automatique
MCC2544,D,2025-07-07,Observation automatique
MCC2544,D,2025-08-27,Observation automatique
MCC2544,D,2025-07-18,Observation automatique
MCC2544,B,2025-07-31,Observation automatique
MCA1298,B,2025-09-02,Observation automatique
MCA1298,B,2025-10-22,Observation automatique
MCA1298,C,2025-06-14,Observation automatique
MCA1298,E,2025-09-28,Observation automatique
MCA1298,B,2025-12-24,Observation automatique
MCA1298,A,2025-11-13,Observation automatique
MCA1298,B,2025-12-25,Observation automatique
MCC4194,A,2025-08-29,Observation automatique
MCC4194,B,2025-10-24,Observation automatique
MCA1429,B,2025-08-03,Observation automatique
MCA1429,A,2025-10-07,Observation automatique
MCA1429,B,2025-06-03,Observation automatique
MCA1429,A,2025-07-09,Observation automatique
MCA1429,C,2025-11-11,Observation automatique
MCB8222,E,2025-07-24,Observation automatique
MCB8222,E,2025-10-23,Observation automatique
MCB8222,D,2025-11-15,Observation automatique
MCB8222,C,2025-11-26,Observation automatique
MCC7650,C,2025-12-13,Observation automatique
MCC7650,E,2025-09-29,Observation automatique
MCC7650,B,2025-10-30,Observation automatique
MCC7650,A,2025-10-15,Observation automatique
MCC7650,C,2025-09-27,Observation automatique
MCC3680,A,2025-08-22,Observation automatique
MCC3680,E,2025-08-29,Observation automatique
MCC3680,E,2025-06-14,Observation automatique
MCC3680,C,2025-09-04,Observation automatique
MCA6840,E,2025-08-03,Observation automatique
MCA6840,D,2025-11-14,Observation automatique
MCA6840,C,2025-06-28,Observation automatique
MCA6840,B,2025-07-03,Observation automatique
MCA6840,B,2025-06-20,Observation automatique
MCA6840,C,2025-07-09,Observation automatique
MCB0521,D,2025-08-19,Observation automatique
MCB0521,C,2025-12-26,Observation automatique
MCB3999,C,2025-11-05,Observation automatique
MCB3999,E,2025-09-30,Observation automatique
MCB3999,A,2025-12-19,Observation automatique
MCB3999,E,2025-08-09,Observation automatique
MCB3999,E,2025-08-17,Observation automatique
MCA9565,A,2025-07-16,Observation automatique
MCA9565,A,2025-11-07,Observation automatique
MCA9565,B,2025-09-21,Observation automatique
MCA9565,A,2025-08-13,Observation automatique
MCA9565,C,2025-07-26,Observation automatique
MCA9565,C,2025-08-06,Observation automatique
MCC7514,C,2025-07-18,Observation automatique
MCC7514,E,2025-07-20,Observation automatique
MCC7514,D,2025-09-19,Observation automatique
MCC7514,D,2025-09-30,Observation automatique
MCC7514,D,2025-12-05,Observation automatique
MCA0314,A,2025-08-20,Observation automatique
MCA0314,A,2025-10-21,Observation automatique
MCA0314,D,2025-06-05,Observation automatique
MCA0314,E,2025-08-23,Observation automatique
MCA0314,D,2025-09-11,Observation automatique
MCB4583,C,2025-12-17,Observation automatique
MCB4583,C,2025-07-23,Observation automatique
MCB4583,B,2025-07-20,Observation automatique
MCB4583,B,2025-06-04,Observation automatique
MCB4583,C,2025-11-22,Observation automatique
MCB4583,E,2025-06-27,Observation automatique
MCB4583,D,2025-12-01,Observation automatique
MCC7303,E,2025-08-11,Observation automatique
MCC7303,B,2025-09-29,Observation automatique
MCC7303,C,2025-06-04,Observation automatique
MCC7303,E,2025-09-05,Observation automatique
MCC0276,A,2025-07-04,Observation automatique
MCC0276,E,2025-10-12,Observation automatique
MCC0276,C,2025-11-25,Observation automatique
MCC0276,C,2025-08-27,Observation automatique
MCC0276,D,2025-12-28,Observation automatique
MCC0276,A,2025-08-15,Observation automatique
MCA4213,A,2025-06-26,Observation automatique
MCA4213,E,2025-11-02,Observation automatique
MCA4213,A,2025-08-04,Observation automatique
MCA4213,A,2025-07-20,Observation automatique
MCC6764,A,2025-11-27,Observation automatique
MCC6764,A,2025-09-21,Observation automatique
MCC6764,A,2025-12-10,Observation automatique
MCC6764,A,2025-09-14,Observation automatique
MCC6764,A,2025-07-09,Observation automatique
MCC6764,E,2025-11-05,Observation automatique
MCB0595,B,2025-08-07,Observation automatique
MCB0595,E,2025-12-24,Observation automatique
MCB0595,D,2025-06-27,Observation automatique
MCB0595,A,2025-12-09,Observation automatique
MCB7997,C,2025-06-15,Observation automatique
MCB7997,E,2025-06-16,Observation automatique
MCB7997,B,2025-12-29,Observation automatique
MCB7997,B,2025-09-24,Observation automatique
MCA2167,B,2025-07-05,Observation automatique
MCA2167,A,2025-11-28,Observation automatique
MCA2167,C,2025-07-01,Observation automatique
MCA2167,A,2025-08-09,Observation automatique
MCA2167,A,2025-09-12,Observation automatique
MCB1790,D,2025-12-27,Observation automatique
MCB1790,A,2025-08-31,Observation automatique
MCB1790,B,2025-06-08,Observation automatique
MCA5183,C,2025-10-03,Observation automatique
MCA5183,B,2025-06-06,Observation automatique
MCA5183,D,2025-06-24,Observation automatique
MCA5183,A,2025-09-16,Observation automatique
MCA5183,E,2025-06-10,Observation automatique
MCA5183,C,2025-11-20,Observation automatique
MCA1797,D,2025-12-07,Observation automatique
MCA1797,E,2025-10-24,Observation automatique
MCA1797,E,2025-09-23,Observation automatique
MCA1797,D,2025-10-28,Observation automatique
MCC6697,A,2025-11-05,Observation automatique
MCC6697,B,2025-08-18,Observation automatique
MCC6697,D,2025-10-01,Observation automatique
MCC6697,E,2025-09-27,Observation automatique
MCC6697,E,2025-11-29,Observation automatique
MCC3634,A,2025-06-17,Observation automatique
MCC3634,C,2025-11-15,Observation automatique
MCC3634,A,2025-08-29,Observation automatique
MCC3634,E,2025-12-27,Observation automatique
MCA7266,C,2025-12-10,Observation automatique
MCA7266,B,2025-09-01,Observation automatique
MCA7266,D,2025-10-29,Observation automatique
MCA7266,E,2025-08-21,Observation automatique
MCA7266,E,2025-10-03,Observation automatique
MCA7266,B,2025-07-13,Observation automatique
MCA7266,E,2025-12-29,Observation automatique
MCC9868,D,2025-10-31,Observation automatique
MCC9868,C,2025-07-13,Observation automatique
MCC9868,E,2025-06-01,Observation automatique
MCC9868,A,2025-08-03,Observation automatique
MCA5829,E,2025-08-20,Observation automatique
MCA5829,E,2025-09-26,Observation automatique
MCA5829,D,2025-07-21,Observation automatique
MCA5829,D,2025-06-18,Observation automatique
MCA5829,C,2025-12-22,Observation automatique
MCA5829,E,2025-12-17,Observation automatique
MCA5829,E,2025-07-01,Observation automatique
MCB4768,E,2025-10-27,Observation automatique
MCB4768,C,2025-09-14,Observation automatique
MCB4768,E,2025-08-20,Observation automatique
MCB4768,E,2025-10-11,Observation automatique
MCA0055,C,2025-08-03,Observation automatique
MCB4364,E,2025-09-18,Observation automatique
MCB4364,B,2025-12-01,Observation automatique
MCB4364,B,2025-09-10,Observation automatique
MCB4364,B,2025-09-15,Observation automatique
MCB4364,D,2025-07-01,Observation automatique
MCB4364,A,2025-12-25,Observation automatique
MCB7508,B,2025-08-28,Observation automatique
MCC9340,B,2025-06-06,Observation automatique
MCC9340,E,2025-09-11,Observation automatique
MCC9340,C,2025-12-17,Observation automatique
MCB3504,D,2025-08-25,Observation automatique
MCB3504,B,2025-08-13,Observation automatique
MCB3504,C,2025-09-12,Observation automatique
MCB3504,C,2025-06-19,Observation automatique
MCC4251,B,2025-06-05,Observation automatique
MCC4251,A,2025-10-20,Observation automatique
MCC4251,A,2025-10-16,Observation automatique
MCC4251,A,2025-09-14,Observation automatique
MCC5519,C,2025-06-28,Observation automatique
MCC5519,B,2025-06-05,Observation automatique
MCA1538,D,2025-12-03,Observation automatique
MCA1538,C,2025-06-21,Observation automatique
MCA1538,E,2025-12-19,Observation automatique
MCA1538,A,2025-08-12,Observation automatique
MCA1538,C,2025-09-26,Observation automatique
MCA1538,D,2025-12-18,Observation automatique
MCA9259,D,2025-12-21,Observation automatique
MCA9259,A,2025-07-06,Observation automatique
MCA9259,E,2025-12-02,Observation automatique
MCA9259,B,2025-12-19,Observation automatique
MCA9259,E,2025-06-02,Observation automatique
MCA9259,E,2025-10-02,Observation automatique
MCA9259,C,2025-07-05,Observation automatique
MCC0153,B,2025-09-18,Observation automatique
MCC0153,C,2025-07-26,Observation automatique
MCC0153,C,2025-09-22,Observation automatique
MCC0153,E,2025-10-02,Observation automatique
MCB5159,D,2025-06-13,Observation automatique
MCB5159,A,2025-11-18,Observation automatique
MCB5159,D,2025-08-18,Observation automatique
MCB6952,E,2025-08-21,Observation automatique
MCB6952,C,2025-08-15,Observation automatique
MCB6952,A,2025-12-28,Observation automatique
MCB6952,E,2025-12-19,Observation automatique
MCB6952,A,2025-12-17,Observation automatique
MCB6952,D,2025-08-31,Observation automatique
MCA6922,E,2025-06-20,Observation automatique
MCA6922,D,2025-06-25,Observation automatique
MCB7618,E,2025-12-11,Observation automatique
MCB7618,B,2025-06-18,Observation automatique
MCB7618,A,2025-09-30,Observation automatique
MCB7618,C,2025-09-28,Observation automatique
MCB7618,D,2025-10-19,Observation automatique
MCB7618,B,2025-07-21,Observation automatique
MCB7618,B,2025-12-18,Observation automatique
MCA6040,A,2025-10-07,Observation automatique
MCA6040,D,2025-08-11,Observation automatique
MCC9511,D,2025-07-28,Observation automatique
MCC9511,B,2025-08-01,Observation automatique
MCC9511,D,2025-12-20,Observation automatique
MCB9977,E,2025-10-15,Observation automatique
MCB9977,C,2025-06-21,Observation automatique
MCB9977,D,2025-09-07,Observation automatique
MCB9977,C,2025-12-17,Observation automatique
MCC0605,A,2025-10-06,Observation automatique
MCC0605,E,2025-06-12,Observation automatique
MCC0605,B,2025-12-16,Observation automatique
MCC0605,D,2025-10-15,Observation automatique
MCC0605,A,2025-06-16,Observation automatique
MCC0605,B,2025-09-17,Observation automatique
MCC0605,C,2025-10-07,Observation automatique
MCC3094,A,2025-10-25,Observation automatique
MCC3094,E,2025-11-20,Observation automatique
MCC3094,D,2025-12-24,Observation automatique
MCC3094,B,2025-06-07,Observation automatique
MCC3094,E,2025-12-25,Observation automatique
MCC3094,C,2025-10-02,Observation automatique
MCA8196,D,2025-06-26,Observation automatique
MCA8196,C,2025-12-23,Observation automatique
MCA8196,B,2025-10-31,Observation automatique
MCA8196,D,2025-09-26,Observation automatique
MCC8486,E,2025-12-21,Observation automatique
MCC8486,A,2025-08-28,Observation automatique
MCC8486,D,2025-08-01,Observation automatique
MCC8486,B,2025-11-17,Observation automatique
MCC8486,E,2025-06-15,Observation automatique
MCC8486,D,2025-11-14,Observation automatique
MCA2551,C,2025-07-27,Observation automatique
MCA2551,B,2025-07-28,Observation automatique
MCA2551,C,2025-11-27,Observation automatique
MCC3356,C,2025-08-24,Observation automatique
MCC3356,E,2025-09-08,Observation automatique
MCC3356,C,2025-12-13,Observation automatique
MCA6232,A,2025-12-25,Observation automatique
MCA6232,C,2025-06-13,Observation automatique
MCB8021,D,2025-07-13,Observation automatique
MCB5781,A,2025-11-06,Observation automatique
MCB5781,A,2025-10-31,Observation automatique
MCB5781,C,2025-12-08,Observation automatique
MCB5781,D,2025-11-26,Observation automatique
MCB5781,E,2025-07-18,Observation automatique
MCB5781,E,2025-09-07,Observation automatique
MCB4841,E,2025-12-30,Observation automatique
MCB4841,C,2025-07-15,Observation automatique
MCB4841,D,2025-07-27,Observation automatique
MCB4841,E,2025-09-17,Observation automatique
MCB4841,C,2025-09-26,Observation automatique
MCB6464,B,2025-06-22,Observation automatique
MCB6464,B,2025-06-20,Observation automatique
MCB6464,E,2025-06-29,Observation automatique
MCB9072,D,2025-09-28,Observation automatique
MCB9072,A,2025-09-14,Observation automatique
MCB9072,D,2025-12-13,Observation automatique
MCB9072,A,2025-10-25,Observation automatique
MCC4810,B,2025-08-31,Observation automatique
MCC8915,C,2025-06-01,Observation automatique
MCC8915,B,2025-11-01,Observation automatique
MCC8915,E,2025-06-16,Observation automatique
MCC8915,E,2025-12-17,Observation automatique
MCC8915,B,2025-11-20,Observation automatique
MCC8915,E,2025-06-04,Observation automatique
MCA9756,C,2025-11-01,Observation automatique
MCA9756,A,2025-06-17,Observation automatique
MCA9756,A,2025-10-10,Observation automatique
MCA9756,E,2025-09-06,Observation automatique
MCA9756,A,2025-06-01,Observation automatique
MCA9756,A,2025-07-28,Observation automatique
MCB1219,C,2025-09-08,Observation automatique
MCB1219,D,2025-11-09,Observation automatique
MCA9307,E,2025-12-23,Observation automatique
MCA7287,B,2025-11-04,Observation automatique
MCC9739,C,2025-11-26,Observation automatique
MCC9739,E,2025-08-03,Observation automatique
MCC9739,B,2025-11-30,Observation automatique
MCC9739,A,2025-09-17,Observation automatique
MCA0707,D,2025-06-25,Observation automatique
MCA0707,B,2025-11-23,Observation automatique
MCA0707,C,2025-10-12,Observation automatique
MCA0707,C,2025-12-11,Observation automatique
MCA0707,A,2025-12-17,Observation automatique
MCA0707,A,2025-10-15,Observation automatique
MCA0707,C,2025-06-02,Observation automatique
MCB0662,D,2025-06-10,Observation automatique
MCB6171,D,2025-08-05,Observation automatique
MCB6171,A,2025-07-27,Observation automatique
MCB6171,A,2025-11-10,Observation automatique
MCB6346,B,2025-08-05,Observation automatique
MCB6346,B,2025-07-15,Observation automatique
MCB6346,D,2025-12-12,Observation automatique
MCB6346,C,2025-06-10,Observation automatique
MCB6346,D,2025-11-08,Observation automatique
MCB6346,A,2025-09-02,Observation automatique
MCA8353,A,2025-10-24,Observation automatique
MCA8353,D,2025-07-30,Observation automatique
MCA8353,E,2025-09-08,Observation automatique
MCA8353,B,2025-11-24,Observation automatique
MCA8353,A,2025-11-23,Observation automatique
MCA8353,D,2025-11-13,Observation automatique
MCA6516,A,2025-11-03,Observation automatique
MCA7526,D,2025-08-12,Observation automatique
MCA7526,B,2025-11-28,Observation automatique
MCA7526,C,2025-09-15,Observation automatique
MCA7526,C,2025-08-23,Observation automatique
MCA7526,E,2025-10-23,Observation automatique
MCA7526,E,2025-06-10,Observation automatique
MCC9450,E,2025-11-28,Observation automatique
MCC9450,D,2025-08-06,Observation automatique
MCC9450,D,2025-12-29,Observation automatique
MCC9450,D,2025-11-17,Observation automatique
MCC9450,B,2025-07-24,Observation automatique
MCC4116,D,2025-07-03,Observation automatique
MCC4116,D,2025-09-11,Observation automatique
MCA2856,A,2025-07-10,Observation automatique
MCA2856,B,2025-09-21,Observation automatique
MCB2907,E,2025-07-12,Observation automatique
MCB2907,B,2025-12-19,Observation automatique
MCB2907,C,2025-06-14,Observation automatique
MCB2907,A,2025-12-02,Observation automatique
MCC6986,E,2025-11-14,Observation automatique
MCC6986,A,2025-12-27,Observation automatique
MCC6986,B,2025-11-16,Observation automatique
MCC6986,C,2025-10-21,Observation automatique
MCC6986,B,2025-07-29,Observation automatique
MCC8808,D,2025-08-13,Observation automatique
MCC8808,A,2025-07-04,Observation automatique
MCC4869,B,2025-07-04,Observation automatique
MCC4869,A,2025-09-30,Observation automatique
MCC4869,B,2025-12-03,Observation automatique
MCC4869,C,2025-07-07,Observation automatique
MCC4869,D,2025-12-21,Observation automatique
MCC4869,C,2025-11-27,Observation automatique
MCC4869,B,2025-12-16,Observation automatique
MCC1340,D,2025-09-01,Observation automatique
MCC1340,E,2025-10-07,Observation automatique
MCC1340,C,2025-09-13,Observation automatique
MCC1340,E,2025-11-27,Observation automatique
MCC1340,E,2025-09-15,Observation automatique
MCC1340,A,2025-07-11,Observation automatique
MCC1340,A,2025-08-29,Observation automatique
MCA6914,B,2025-11-18,Observation automatique
MCA6914,B,2025-11-07,Observation automatique
MCA6914,B,2025-11-03,Observation automatique
MCC1714,B,2025-10-23,Observation automatique
MCC0749,A,2025-11-26,Observation automatique
MCC0749,C,2025-08-13,Observation automatique
MCC0749,D,2025-12-22,Observation automatique
MCC5385,B,2025-09-01,Observation automatique
MCC5385,D,2025-06-16,Observation automatique
MCC5385,E,2025-06-06,Observation automatique
MCC3283,B,2025-11-19,Observation automatique
MCC3283,A,2025-11-02,Observation automatique
MCC3283,E,2025-12-07,Observation automatique
MCB4095,A,2025-08-10,Observation automatique
MCB4095,D,2025-07-19,Observation automatique
MCB4095,D,2025-06-30,Observation automatique
MCC0105,E,2025-09-20,Observation automatique
MCC0105,E,2025-10-10,Observation automatique
MCC0105,A,2025-07-31,Observation automatique
MCC0105,B,2025-10-05,Observation automatique
MCB0300,A,2025-10-03,Observation automatique
MCA5092,C,2025-08-23,Observation automatique
MCA6753,E,2025-12-06,Observation automatique
MCA8740,D,2025-10-30,Observation automatique
MCA8740,B,2025-09-03,Observation automatique
MCA8740,C,2025-12-26,Observation automatique
MCA8740,E,2025-11-09,Observation automatique
MCB7333,B,2025-11-23,Observation automatique
MCB7333,D,2025-10-18,Observation automatique
MCB7333,D,2025-12-03,Observation automatique
MCA5299,A,2025-07-30,Observation automatique
MCA5299,A,2025-11-05,Observation automatique
MCA5299,A,2025-11-29,Observation automatique
MCC3251,B,2025-06-03,Observation automatique
MCC3251,D,2025-08-18,Observation automatique
MCC3251,E,2025-11-27,Observation automatique
MCC3251,C,2025-10-09,Observation automatique
MCC3251,A,2025-12-03,Observation automatique
MCC3251,E,2025-06-01,Observation automatique
MCA2486,B,2025-12-23,Observation automatique
MCA2486,A,2025-12-03,Observation automatique
MCA2486,B,2025-06-25,Observation automatique
MCB5439,E,2025-09-13,Observation automatique
MCB5439,C,2025-06-20,Observation automatique
MCB5439,A,2025-08-02,Observation automatique
MCB5439,D,2025-09-12,Observation automatique
MCB5439,B,2025-07-08,Observation automatique
MCB5439,B,2025-08-09,Observation automatique
MCB9178,A,2025-09-30,Observation automatique
MCB9178,A,2025-06-19,Observation automatique
MCB9178,B,2025-10-04,Observation automatique
MCB9178,B,2025-11-08,Observation automatique
MCB9178,B,2025-07-16,Observation automatique
MCB9178,E,2025-11-10,Observation automatique
MCB9178,A,2025-10-27,Observation automatique
MCC9485,D,2025-08-23,Observation automatique
MCC9485,B,2025-08-28,Observation automatique
MCC9485,D,2025-12-11,Observation automatique
MCC9485,A,2025-07-26,Observation automatique
MCC9485,A,2025-09-21,Observation automatique
MCC9485,E,2025-10-20,Observation automatique
MCC9485,C,2025-10-24,Observation automatique
MCB9471,C,2025-12-24,Observation automatique
MCB9471,C,2025-06-10,Observation automatique
MCB9471,E,2025-11-21,Observation automatique
MCC8645,B,2025-12-14,Observation automatique
MCC8645,B,2025-08-06,Observation automatique
MCC8645,C,2025-12-03,Observation automatique
MCC8645,A,2025-07-31,Observation automatique
MCC8645,A,2025-12-11,Observation automatique
MCC8645,D,2025-11-05,Observation automatique
MCA1724,D,2025-07-09,Observation automatique
MCA1724,B,2025-09-03,Observation automatique
MCC3774,D,2025-09-14,Observation automatique
MCC3774,C,2025-09-09,Observation automatique
MCC3774,B,2025-09-12,Observation automatique
MCC3774,E,2025-09-07,Observation automatique
MCB9969,D,2025-12-13,Observation automatique
MCB9969,A,2025-08-01,Observation automatique
MCB9969,D,2025-11-29,Observation automatique
MCB9969,A,2025-09-07,Observation automatique
MCB9969,C,2025-11-23,Observation automatique
MCB9969,B,2025-12-24,Observation automatique
MCB9969,B,2025-11-17,Observation automatique
MCA4590,B,2025-12-19,Observation automatique
MCA4590,B,2025-11-13,Observation automatique
MCA4590,A,2025-06-24,Observation automatique
MCA4590,E,2025-10-22,Observation automatique
MCA1687,A,2025-08-09,Observation automatique
MCA1687,B,2025-11-14,Observation automatique
MCA1687,E,2025-09-07,Observation automatique
MCA1687,E,2025-10-16,Observation automatique
MCA1687,A,2025-09-10,Observation automatique
MCA4932,E,2025-11-21,Observation automatique
MCA4932,A,2025-09-02,Observation automatique
MCA4932,D,2025-11-07,Observation automatique
MCB9373,E,2025-06-16,Observation automatique
MCB9373,D,2025-08-27,Observation automatique
MCB9373,C,2025-08-26,Observation automatique
MCA7866,B,2025-10-09,Observation automatique
MCA7866,D,2025-09-24,Observation automatique
MCA7866,B,2025-11-27,Observation automatique
MCA1821,C,2025-06-19,Observation automatique
MCA1821,E,2025-06-24,Observation automatique
MCA1821,A,2025-12-20,Observation automatique
MCA1821,D,2025-10-31,Observation automatique
MCA1821,D,2025-09-13,Observation automatique
MCB3534,A,2025-08-24,Observation automatique
MCA3247,E,2025-10-16,Observation automatique
MCA3247,A,2025-10-15,Observation automatique
MCA3247,B,2025-09-24,Observation automatique
MCA3247,E,2025-09-03,Observation automatique
MCA3247,A,2025-11-21,Observation automatique
MCA3247,C,2025-11-27,Observation automatique
MCA3247,C,2025-06-07,Observation automatique
MCB8718,B,2025-06-11,Observation automatique
MCB8718,D,2025-07-20,Observation automatique
MCB8718,C,2025-10-07,Observation automatique
MCB8718,D,2025-10-30,Observation automatique
MCB8718,C,2025-08-21,Observation automatique
MCB8718,C,2025-11-13,Observation automatique
MCB8718,D,2025-11-30,Observation automatique
MCC8181,C,2025-07-01,Observation automatique
MCC8181,A,2025-10-08,Observation automatique
MCC8181,D,2025-08-15,Observation automatique
MCC8181,B,2025-07-03,Observation automatique
MCC8181,C,2025-11-24,Observation automatique
MCC8181,E,2025-12-02,Observation automatique
MCC8181,C,2025-10-31,Observation automatique
MCA2289,C,2025-09-18,Observation automatique
MCA2289,C,2025-08-13,Observation automatique
MCA2289,E,2025-06-12,Observation automatique
MCA2289,B,2025-10-20,Observation automatique
MCA2289,B,2025-08-22,Observation automatique
MCA2289,C,2025-06-27,Observation automatique
MCB1033,A,2025-08-07,Observation automatique
MCB1033,E,2025-09-21,Observation automatique
MCB1033,D,2025-07-19,Observation automatique
MCB1033,C,2025-06-17,Observation automatique
MCB1033,C,2025-08-27,Observation automatique
MCC3433,C,2025-10-17,Observation automatique
MCC3433,B,2025-09-05,Observation automatique
MCC3433,D,2025-11-17,Observation automatique
MCC3433,C,2025-12-20,Observation automatique
MCC3433,C,2025-12-30,Observation automatique
MCC0461,A,2025-06-26,Observation automatique
MCC0461,D,2025-06-05,Observation automatique
MCC0461,B,2025-11-09,Observation automatique
MCC0461,A,2025-09-23,Observation automatique
MCB6868,D,2025-12-10,Observation automatique
MCB6868,B,2025-10-30,Observation automatique
MCB6868,E,2025-07-24,Observation automatique
MCB6868,D,2025-06-15,Observation automatique
MCB6868,E,2025-10-27,Observation automatique
MCB6868,E,2025-07-23,Observation automatique
MCA8853,E,2025-11-02,Observation automatique
MCA8853,C,2025-07-15,Observation automatique
MCA3474,D,2025-12-20,Observation automatique
MCA3474,E,2025-11-08,Observation automatique
MCA3474,E,2025-09-28,Observation automatique
MCA3474,E,2025-07-21,Observation automatique
MCA3474,E,2025-06-27,Observation automatique
MCC3415,D,2025-07-25,Observation automatique
MCC3415,E,2025-09-04,Observation automatique
MCC3415,D,2025-12-08,Observation automatique
MCC3415,C,2025-12-29,Observation automatique
MCC5870,E,2025-09-18,Observation automatique
MCC5870,A,2025-11-18,Observation automatique
MCC5870,B,2025-06-19,Observation automatique
MCC5870,E,2025-07-04,Observation automatique
MCC5870,C,2025-07-02,Observation automatique
MCC0180,B,2025-11-26,Observation automatique
MCC0180,A,2025-07-31,Observation automatique
MCC0180,E,2025-07-15,Observation automatique
MCC0180,B,2025-07-05,Observation automatique
MCC0180,C,2025-11-19,Observation automatique
MCC0180,A,2025-08-25,Observation automatique
MCA5358,D,2025-08-01,Observation automatique
MCB6465,A,2025-11-22,Observation automatique
MCB6465,B,2025-10-19,Observation automatique
MCB6465,A,2025-07-31,Observation automatique
MCB6465,E,2025-11-28,Observation automatique
MCB0757,D,2025-08-14,Observation automatique
MCB7317,D,2025-08-11,Observation automatique
MCB7317,C,2025-10-12,Observation automatique
MCB7317,C,2025-09-19,Observation automatique
MCB7317,B,2025-09-01,Observation automatique
MCB0368,A,2025-11-19,Observation automatique
MCB0368,E,2025-09-06,Observation automatique
MCB0368,A,2025-08-15,Observation automatique
MCB0368,A,2025-12-10,Observation automatique
MCB0368,C,2025-08-01,Observation automatique
MCB0368,A,2025-06-05,Observation automatique
MCB0368,B,2025-06-25,Observation automatique
MCA4752,C,2025-12-14,Observation automatique
MCA4752,D,2025-09-22,Observation automatique
MCA4752,A,2025-12-03,Observation automatique
MCA4752,C,2025-06-24,Observation automatique
MCA4752,D,2025-09-17,Observation automatique
MCC3338,B,2025-10-18,Observation automatique
MCC3338,B,2025-10-09,Observation automatique
MCC3338,B,2025-12-11,Observation automatique
MCC3338,E,2025-09-11,Observation automatique
MCC3338,D,2025-07-09,Observation automatique
MCC3338,B,2025-10-01,Observation automatique
MCB6454,A,2025-07-29,Observation automatique
MCB6454,C,2025-06-29,Observation automatique
MCB6454,A,2025-12-15,Observation automatique
MCB6454,A,2025-07-15,Observation automatique
MCB6454,D,2025-09-01,Observation automatique
MCB6454,E,2025-10-11,Observation automatique
MCB6454,B,2025-08-01,Observation automatique
MCC9647,D,2025-09-01,Observation automatique
MCC9647,C,2025-11-13,Observation automatique
MCC9647,D,2025-10-14,Observation automatique
MCC9647,B,2025-09-12,Observation automatique
MCC9647,B,2025-11-15,Observation automatique
MCC9647,C,2025-06-30,Observation automatique
MCC9647,C,2025-12-09,Observation automatique
MCA0491,E,2025-06-06,Observation automatique
MCA0491,E,2025-12-14,Observation automatique
MCA0491,E,2025-07-08,Observation automatique
MCA0491,A,2025-11-04,Observation automatique
MCA0491,A,2025-10-28,Observation automatique
MCB5215,E,2025-09-17,Observation automatique
MCC8311,E,2025-07-26,Observation automatique
MCC8311,A,2025-12-06,Observation automatique
MCC8311,A,2025-09-29,Observation automatique
MCC8311,B,2025-06-16,Observation automatique
MCC8311,E,2025-08-05,Observation automatique
MCC8311,E,2025-10-06,Observation automatique
MCB7645,C,2025-07-02,Observation automatique
MCB7645,C,2025-07-09,Observation automatique
MCB7645,B,2025-12-08,Observation automatique
MCB7645,C,2025-07-19,Observation automatique
MCB7645,E,2025-08-13,Observation automatique
MCB7645,D,2025-11-28,Observation automatique
MCB3112,C,2025-11-11,Observation automatique
MCB3112,D,2025-12-06,Observation automatique
MCA4284,D,2025-08-13,Observation automatique
MCA4284,E,2025-08-03,Observation automatique
MCA4284,B,2025-06-24,Observation automatique
MCA4284,B,2025-11-22,Observation automatique
MCC7659,A,2025-07-01,Observation automatique
MCC7659,C,2025-11-16,Observation automatique
MCC7659,C,2025-06-23,Observation automatique
MCC7659,C,2025-08-09,Observation automatique
MCB1932,D,2025-11-10,Observation automatique
MCB1932,C,2025-10-22,Observation automatique
MCB1932,E,2025-10-03,Observation automatique
MCB1932,A,2025-10-13,Observation automatique
MCB1932,D,2025-08-08,Observation automatique
MCC2923,A,2025-07-17,Observation automatique
MCC2923,C,2025-11-04,Observation automatique
MCC2923,B,2025-08-05,Observation automatique
MCC2923,C,2025-09-11,Observation automatique
MCC2923,E,2025-08-17,Observation automatique
MCB5441,A,2025-11-29,Observation automatique
MCB5441,A,2025-09-10,Observation automatique
MCB5441,C,2025-12-24,Observation automatique
MCB5441,A,2025-09-13,Observation automatique
MCA6892,A,2025-08-19,Observation automatique
MCA6892,C,2025-09-29,Observation automatique
MCA6892,E,2025-08-05,Observation automatique
MCA6892,E,2025-12-18,Observation automatique
MCA6892,E,2025-12-23,Observation automatique
MCC0207,B,2025-07-07,Observation automatique
MCA4796,D,2025-11-02,Observation automatique
MCB1214,D,2025-11-10,Observation automatique
MCB1214,E,2025-10-08,Observation automatique
MCC9676,B,2025-08-23,Observation automatique
MCC9676,D,2025-11-17,Observation automatique
MCC9676,D,2025-06-03,Observation automatique
MCC9676,B,2025-07-02,Observation automatique
MCC9676,A,2025-10-21,Observation automatique
MCC9676,C,2025-09-10,Observation automatique
MCC9676,D,2025-11-15,Observation automatique
MCA1401,A,2025-08-21,Observation automatique
MCA1401,B,2025-12-28,Observation automatique
MCA1401,C,2025-11-01,Observation automatique
MCA1401,E,2025-10-31,Observation automatique
MCA1401,C,2025-11-02,Observation automatique
MCA1401,E,2025-11-25,Observation automatique
MCA1401,A,2025-09-01,Observation automatique
MCC5661,D,2025-08-14,Observation automatique
MCC5661,C,2025-07-02,Observation automatique
MCC5661,D,2025-06-17,Observation automatique
MCC0827,B,2025-07-09,Observation automatique
MCC0827,A,2025-09-05,Observation automatique
MCC8719,D,2025-10-30,Observation automatique
MCC8719,C,2025-09-30,Observation automatique
MCC8719,A,2025-06-23,Observation automatique
MCC8719,A,2025-11-03,Observation automatique
MCC8719,A,2025-10-07,Observation automatique
MCC8719,C,2025-11-24,Observation automatique
MCC8719,B,2025-11-30,Observation automatique
MCC7220,A,2025-08-13,Observation automatique
MCC7220,C,2025-06-27,Observation automatique
MCC7220,E,2025-12-19,Observation automatique
MCC7220,B,2025-11-02,Observation automatique
MCC7220,A,2025-11-28,Observation automatique
MCC7220,E,2025-07-03,Observation automatique
MCB2520,A,2025-09-27,Observation automatique
MCB2520,E,2025-07-11,Observation automatique
MCB2520,B,2025-12-05,Observation automatique
MCB2520,D,2025-09-01,Observation automatique
MCB2520,E,2025-06-09,Observation automatique
MCB2520,D,2025-08-16,Observation automatique
MCB2520,A,2025-10-30,Observation automatique
MCA7833,D,2025-06-14,Observation automatique
MCC7701,B,2025-10-07,Observation automatique
MCC7701,D,2025-07-17,Observation automatique
MCC7701,E,2025-08-12,Observation automatique
MCC7865,E,2025-09-28,Observation automatique
MCC7865,D,2025-07-05,Observation automatique
MCC7865,E,2025-10-01,Observation automatique
MCB6360,A,2025-09-11,Observation automatique
MCB6360,A,2025-08-24,Observation automatique
MCB6360,D,2025-07-13,Observation automatique
MCB6360,C,2025-08-14,Observation automatique
MCB6360,E,2025-10-24,Observation automatique
MCB6360,E,2025-08-08,Observation automatique
MCB6360,B,2025-12-24,Observation automatique
MCB1168,C,2025-06-06,Observation automatique
MCB1168,C,2025-08-14,Observation automatique
MCB1168,E,2025-10-12,Observation automatique
MCB1168,E,2025-12-08,Observation automatique
MCB1168,C,2025-06-27,Observation automatique
MCA8625,D,2025-08-06,Observation automatique
MCA8625,D,2025-08-02,Observation automatique
MCA8625,D,2025-08-09,Observation automatique
MCC4229,E,2025-08-04,Observation automatique
MCC4229,B,2025-06-05,Observation automatique
MCC4229,E,2025-08-05,Observation automatique
MCC4229,D,2025-08-14,Observation automatique
MCC4229,E,2025-10-01,Observation automatique
MCB9568,A,2025-07-05,Observation automatique
MCB9568,B,2025-10-29,Observation automatique
MCB9568,C,2025-12-08,Observation automatique
MCB9568,E,2025-09-01,Observation automatique
MCC0263,A,2025-06-01,Observation automatique
MCC0263,C,2025-11-20,Observation automatique
MCC0263,A,2025-09-30,Observation automatique
MCC0263,C,2025-12-07,Observation automatique
MCC0263,E,2025-10-28,Observation automatique
MCC0263,A,2025-10-01,Observation automatique
MCA8298,B,2025-11-20,Observation automatique
MCA8298,B,2025-06-27,Observation automatique
MCA8298,E,2025-08-18,Observation automatique
MCA8298,C,2025-10-02,Observation automatique
MCA5102,A,2025-10-04,Observation automatique
MCA5102,D,2025-08-28,Observation automatique
MCA5102,A,2025-10-05,Observation automatique
MCA7575,B,2025-09-21,Observation automatique
MCA7575,B,2025-07-06,Observation automatique
MCA7575,E,2025-06-08,Observation automatique
MCA7575,E,2025-12-04,Observation automatique
MCA7575,A,2025-08-26,Observation automatique
MCC8417,B,2025-06-29,Observation automatique
MCC8417,C,2025-07-25,Observation automatique
MCC8417,C,2025-08-29,Observation automatique
MCC8417,D,2025-08-19,Observation automatique
MCC8417,B,2025-09-15,Observation automatique
MCC3099,B,2025-07-25,Observation automatique
MCC3099,A,2025-06-21,Observation automatique
MCC3099,D,2025-08-07,Observation automatique
MCC3099,C,2025-11-27,Observation automatique
MCC3099,E,2025-08-11,Observation automatique
MCA6546,B,2025-09-22,Observation automatique
MCA6546,C,2025-11-02,Observation automatique
MCA6546,E,2025-11-28,Observation automatique
MCA6546,E,2025-12-02,Observation automatique
MCA6546,E,2025-06-22,Observation automatique
MCA6054,A,2025-08-06,Observation automatique
MCA6054,D,2025-08-31,Observation automatique
MCA6054,C,2025-08-07,Observation automatique
MCA6054,C,2025-06-13,Observation automatique
MCB6177,D,2025-12-21,Observation automatique
MCB6177,E,2025-07-02,Observation automatique
MCB6177,E,2025-10-21,Observation automatique
MCB6177,E,2025-11-28,Observation automatique
MCA9489,E,2025-07-04,Observation automatique
MCA2888,E,2025-07-06,Observation automatique
MCC0477,D,2025-11-21,Observation automatique
MCC0477,D,2025-12-19,Observation automatique
MCC0477,D,2025-08-07,Observation automatique
MCC0477,E,2025-07-22,Observation automatique
MCC0477,A,2025-09-19,Observation automatique
MCC1874,B,2025-10-11,Observation automatique
MCC1874,E,2025-11-19,Observation automatique
MCC6444,B,2025-09-30,Observation automatique
MCC6444,C,2025-10-05,Observation automatique
MCC6444,A,2025-12-14,Observation automatique
MCA9470,C,2025-09-18,Observation automatique
MCA9470,E,2025-10-29,Observation automatique
MCC2201,B,2025-12-24,Observation automatique
MCC2201,E,2025-06-26,Observation automatique
MCC2201,C,2025-09-03,Observation automatique
MCC2201,D,2025-07-25,Observation automatique
MCC2201,A,2025-08-03,Observation automatique
MCC2201,B,2025-07-24,Observation automatique
MCC1968,B,2025-11-14,Observation automatique
MCC1968,E,2025-12-19,Observation automatique
MCC1968,D,2025-10-14,Observation automatique
MCB8678,A,2025-09-10,Observation automatique
MCB8678,C,2025-12-19,Observation automatique
MCA6586,D,2025-07-28,Observation automatique
MCA6586,A,2025-07-05,Observation automatique
MCA6586,E,2025-06-28,Observation automatique
MCA6586,B,2025-12-05,Observation automatique
MCA6586,B,2025-07-01,Observation automatique
MCA6586,A,2025-10-28,Observation automatique
MCA6586,B,2025-09-24,Observation automatique
MCB8471,E,2025-12-14,Observation automatique
MCB8471,E,2025-09-29,Observation automatique
MCB8471,B,2025-12-15,Observation automatique
MCC1070,C,2025-07-01,Observation automatique
MCC1070,E,2025-10-16,Observation automatique
MCC1070,A,2025-06-11,Observation automatique
MCC1070,D,2025-10-30,Observation automatique
MCC8215,C,2025-08-26,Observation automatique
MCC8215,E,2025-07-11,Observation automatique
MCC8215,D,2025-10-10,Observation automatique
MCC8215,C,2025-09-06,Observation automatique
MCC8215,C,2025-10-01,Observation automatique
MCC8215,B,2025-07-05,Observation automatique
MCC8215,B,2025-11-19,Observation automatique
MCB1132,B,2025-07-11,Observation automatique
MCB1132,A,2025-08-09,Observation automatique
MCC1358,B,2025-12-01,Observation automatique
MCC1358,A,2025-07-03,Observation automatique
MCC1358,D,2025-11-08,Observation automatique
MCC1358,C,2025-12-26,Observation automatique
MCC6544,E,2025-09-18,Observation automatique
MCC6544,B,2025-12-09,Observation automatique
MCC6544,D,2025-09-30,Observation automatique
MCC6544,A,2025-08-11,Observation automatique
MCC6544,C,2025-07-12,Observation automatique
MCC6544,B,2025-11-10,Observation automatique
MCB0943,A,2025-07-18,Observation automatique
MCB0943,E,2025-08-25,Observation automatique
MCB6314,D,2025-12-22,Observation automatique
MCB6314,D,2025-08-05,Observation automatique
MCB6314,C,2025-09-02,Observation automatique
MCB6314,A,2025-12-13,Observation automatique
MCB6314,E,2025-12-03,Observation automatique
MCB6314,E,2025-08-08,Observation automatique
MCB6314,C,2025-07-23,Observation automatique
MCA2221,C,2025-12-13,Observation automatique
MCB0623,A,2025-09-20,Observation automatique
MCB0623,A,2025-10-13,Observation automatique
MCB0623,E,2025-12-05,Observation automatique
MCB0623,B,2025-11-30,Observation automatique
MCB0623,D,2025-10-01,Observation automatique
MCB4022,C,2025-07-24,Observation automatique
MCB4022,A,2025-09-11,Observation automatique
MCB4022,A,2025-11-06,Observation automatique
MCB4022,B,2025-09-15,Observation automatique
MCB4022,D,2025-11-12,Observation automatique
MCC6461,B,2025-06-14,Observation automatique
MCC6461,E,2025-12-17,Observation automatique
MCC6461,B,2025-09-19,Observation automatique
MCA3411,A,2025-08-04,Observation automatique
MCA3411,C,2025-08-15,Observation automatique
MCA3411,C,2025-06-25,Observation automatique
MCB9943,D,2025-07-08,Observation automatique
MCB5240,D,2025-07-26,Observation automatique
MCB5240,C,2025-09-24,Observation automatique
MCB5240,A,2025-09-06,Observation automatique
MCB5240,A,2025-06-30,Observation automatique
MCB5240,C,2025-10-30,Observation automatique
MCB5240,A,2025-10-14,Observation automatique
MCC4510,E,2025-06-01,Observation automatique
MCC4510,B,2025-09-21,Observation automatique
MCC4510,B,2025-08-06,Observation automatique
MCC4510,D,2025-11-02,Observation automatique
MCC4510,C,2025-09-10,Observation automatique
MCB2346,B,2025-09-08,Observation automatique
MCB2346,A,2025-06-06,Observation automatique
MCB2346,A,2025-09-11,Observation automatique
MCB2346,A,2025-11-17,Observation automatique
MCB2346,B,2025-11-07,Observation automatique
MCB2346,A,2025-09-12,Observation automatique
MCB2346,E,2025-09-17,Observation automatique
MCB2241,E,2025-07-23,Observation automatique
MCB2241,B,2025-09-21,Observation automatique
MCB2241,A,2025-12-16,Observation automatique
MCA8384,E,2025-10-21,Observation automatique
MCA8384,C,2025-11-16,Observation automatique
MCA8384,D,2025-08-23,Observation automatique
MCB2565,B,2025-07-11,Observation automatique
MCB2565,A,2025-06-17,Observation automatique
MCB2565,E,2025-11-23,Observation automatique
MCB2565,D,2025-07-01,Observation automatique
MCB2565,C,2025-08-20,Observation automatique
MCB2565,B,2025-09-06,Observation automatique
MCC0331,A,2025-09-08,Observation automatique
MCC0331,C,2025-12-22,Observation automatique
MCC0331,B,2025-07-01,Observation automatique
MCC0331,D,2025-12-01,Observation automatique
MCC0331,E,2025-07-18,Observation automatique
MCC0331,B,2025-09-19,Observation automatique
MCA9707,A,2025-09-29,Observation automatique
MCA9707,E,2025-12-12,Observation automatique
MCA9707,B,2025-07-22,Observation automatique
MCA9707,B,2025-10-25,Observation automatique
MCA9707,D,2025-11-15,Observation automatique
MCA9707,B,2025-08-17,Observation automatique
MCC5056,A,2025-09-20,Observation automatique
MCC5056,D,2025-10-04,Observation automatique
MCC5056,E,2025-07-31,Observation automatique
MCC5056,C,2025-06-07,Observation automatique
MCC5056,E,2025-09-24,Observation automatique
MCC5486,D,2025-10-13,Observation automatique
MCC5486,B,2025-10-23,Observation automatique
MCC5486,A,2025-12-29,Observation automatique
MCC5486,D,2025-08-30,Observation automatique
MCA1517,D,2025-07-07,Observation automatique
MCA1517,D,2025-07-18,Observation automatique
MCA1517,C,2025-10-13,Observation automatique
MCC4162,D,2025-11-05,Observation automatique
MCC4162,D,2025-07-11,Observation automatique
MCC4162,E,2025-07-18,Observation automatique
MCC4162,B,2025-12-03,Observation automatique
MCC7968,C,2025-07-23,Observation automatique
MCC7968,C,2025-09-17,Observation automatique
MCC7968,C,2025-10-23,Observation automatique
MCC7968,D,2025-12-07,Observation automatique
MCC7968,A,2025-11-02,Observation automatique
MCC4138,D,2025-12-18,Observation automatique
MCC4138,B,2025-12-14,Observation automatique
MCC4138,B,2025-08-10,Observation automatique
MCC4138,E,2025-10-17,Observation automatique
MCA1063,B,2025-07-07,Observation automatique
MCA1063,E,2025-08-15,Observation automatique
MCA1063,B,2025-08-05,Observation automatique
MCA1063,A,2025-07-24,Observation automatique
MCA1063,D,2025-06-08,Observation automatique
MCA1063,E,2025-11-12,Observation automatique
MCA4491,D,2025-07-28,Observation automatique
MCA4491,C,2025-12-28,Observation automatique
MCA4491,D,2025-07-01,Observation automatique
MCA4491,C,2025-07-14,Observation automatique
MCC2980,C,2025-10-31,Observation automatique
MCC2980,A,2025-12-08,Observation automatique
MCC2980,A,2025-10-17,Observation automatique
MCC2980,E,2025-09-23,Observation automatique
MCC2980,D,2025-08-15,Observation automatique
MCC2980,A,2025-11-23,Observation automatique
MCB1565,A,2025-11-09,Observation automatique
MCB1565,A,2025-10-23,Observation automatique
MCB1565,E,2025-06-07,Observation automatique
MCB1565,E,2025-08-13,Observation automatique
MCA1161,E,2025-06-30,Observation automatique
MCA1161,E,2025-09-23,Observation automatique
MCB8437,D,2025-12-24,Observation automatique
MCB8437,B,2025-10-23,Observation automatique
MCB8437,A,2025-06-29,Observation automatique
MCB8437,C,2025-10-17,Observation automatique
MCB8437,C,2025-06-22,Observation automatique
MCB8437,C,2025-11-11,Observation automatique
MCB8437,C,2025-06-01,Observation automatique
MCC2134,D,2025-07-25,Observation automatique
MCC2134,E,2025-09-07,Observation automatique
MCC1224,E,2025-07-16,Observation automatique
MCC1224,E,2025-08-03,Observation automatique
MCC1224,B,2025-10-23,Observation automatique
MCC1224,B,2025-11-02,Observation automatique
MCC1224,B,2025-12-22,Observation automatique
MCC1224,D,2025-11-15,Observation automatique
MCB5904,D,2025-07-27,Observation automatique
MCB5904,C,2025-11-18,Observation automatique
MCC3174,B,2025-07-16,Observation automatique
MCC3174,B,2025-08-10,Observation automatique
MCC0427,D,2025-12-30,Observation automatique
MCC0427,B,2025-10-18,Observation automatique
MCC0427,A,2025-07-04,Observation automatique
MCB2339,B,2025-08-26,Observation automatique
MCB2339,E,2025-11-01,Observation automatique
MCC9443,E,2025-09-21,Observation automatique
MCC9443,C,2025-06-05,Observation automatique
MCC9443,B,2025-07-15,Observation automatique
MCC9443,B,2025-12-15,Observation automatique
MCB9038,D,2025-08-11,Observation automatique
MCB9038,A,2025-09-13,Observation automatique
MCB9038,A,2025-12-29,Observation automatique
MCB9038,A,2025-09-11,Observation automatique
MCB9038,A,2025-12-21,Observation automatique
MCB9038,A,2025-11-25,Observation automatique
MCB1789,D,2025-07-11,Observation automatique
MCB1789,B,2025-08-21,Observation automatique
MCA4336,D,2025-12-25,Observation automatique
MCA4336,E,2025-08-16,Observation automatique
MCA4336,B,2025-08-12,Observation automatique
MCA4336,E,2025-08-29,Observation automatique
MCA4336,D,2025-07-29,Observation automatique
MCA4818,E,2025-11-10,Observation automatique
MCA4818,C,2025-11-06,Observation automatique
MCA4818,D,2025-10-14,Observation automatique
MCA4818,C,2025-11-08,Observation automatique
MCB9528,A,2025-10-06,Observation automatique
MCB9528,E,2025-06-10,Observation automatique
MCB9528,B,2025-08-16,Observation automatique
MCB9528,B,2025-11-02,Observation automatique
MCB9528,E,2025-07-18,Observation automatique
MCB9528,C,2025-12-30,Observation automatique
MCB4091,A,2025-07-22,Observation automatique
MCB4091,B,2025-12-15,Observation automatique
MCB4091,C,2025-06-10,Observation automatique
MCB4091,C,2025-08-28,Observation automatique
MCB4091,C,2025-08-04,Observation automatique
MCB4091,C,2025-11-25,Observation automatique
MCC0809,E,2025-08-18,Observation automatique
MCC0809,E,2025-12-23,Observation automatique
MCC0809,E,2025-06-29,Observation automatique
MCC0809,E,2025-06-09,Observation automatique
MCC0809,E,2025-06-01,Observation automatique
MCC2734,A,2025-08-01,Observation automatique
MCC2734,B,2025-11-03,Observation automatique
MCC2734,C,2025-12-29,Observation automatique
MCC2734,C,2025-11-22,Observation automatique
MCC2734,D,2025-09-03,Observation automatique
MCA9388,D,2025-11-13,Observation automatique
MCA9388,C,2025-12-10,Observation automatique
MCA9388,D,2025-08-05,Observation automatique
MCA9388,E,2025-07-04,Observation automatique
MCA9388,B,2025-06-03,Observation automatique
MCA9388,D,2025-07-10,Observation automatique
MCA9388,B,2025-07-15,Observation automatique
MCA5286,B,2025-08-10,Observation automatique
MCA5286,D,2025-06-13,Observation automatique
MCA5286,B,2025-06-04,Observation automatique
MCA5286,E,2025-06-29,Observation automatique
MCA5286,D,2025-09-25,Observation automatique
MCA5286,D,2025-11-23,Observation automatique
MCA5286,E,2025-11-25,Observation automatique
MCA9989,C,2025-11-19,Observation automatique
MCB0106,D,2025-10-12,Observation automatique
MCB2857,B,2025-07-24,Observation automatique
MCB2857,B,2025-09-14,Observation automatique
MCB2857,A,2025-12-05,Observation automatique
MCC9032,A,2025-07-04,Observation automatique
MCC9032,A,2025-07-13,Observation automatique
MCC9032,D,2025-09-23,Observation automatique
MCC9032,B,2025-08-04,Observation automatique
MCC9032,D,2025-09-21,Observation automatique
MCB2555,D,2025-11-29,Observation automatique
MCB2555,E,2025-08-23,Observation automatique
MCB2555,B,2025-06-07,Observation automatique
MCC0407,B,2025-10-08,Observation automatique
MCC0407,D,2025-12-23,Observation automatique
MCC0407,D,2025-10-15,Observation automatique
MCC0407,D,2025-07-10,Observation automatique
MCC0407,A,2025-10-31,Observation automatique
MCC0407,B,2025-12-21,Observation automatique
MCC3025,D,2025-09-05,Observation automatique
MCC3025,D,2025-12-06,Observation automatique
MCC3025,E,2025-07-17,Observation automatique
MCC3025,A,2025-08-25,Observation automatique
MCC4898,E,2025-10-19,Observation automatique
MCC4898,B,2025-11-27,Observation automatique
MCC0340,A,2025-10-03,Observation automatique
MCC0340,E,2025-06-25,Observation automatique
MCB8245,E,2025-10-07,Observation automatique
MCB8245,E,2025-11-09,Observation automatique
MCB8245,D,2025-07-01,Observation automatique
MCB8245,B,2025-09-12,Observation automatique
MCB8245,C,2025-07-17,Observation automatique
MCB8245,B,2025-07-03,Observation automatique
MCB8245,D,2025-12-23,Observation automatique
MCC7951,A,2025-11-15,Observation automatique
MCC7951,A,2025-12-27,Observation automatique
MCC7951,C,2025-06-03,Observation automatique
MCC7951,B,2025-11-16,Observation automatique
MCA1926,A,2025-09-26,Observation automatique
MCA1926,B,2025-06-22,Observation automatique
MCA1926,E,2025-12-06,Observation automatique
MCC3572,B,2025-07-12,Observation automatique
MCC3572,E,2025-07-22,Observation automatique
MCC3572,E,2025-11-20,Observation automatique
MCC3572,A,2025-08-30,Observation automatique
MCC3572,D,2025-12-01,Observation automatique
MCC6017,E,2025-10-08,Observation automatique
MCC6017,E,2025-09-01,Observation automatique
MCC6017,D,2025-11-16,Observation automatique
MCC6017,C,2025-11-28,Observation automatique
MCC6017,E,2025-08-23,Observation automatique
MCC6017,E,2025-08-09,Observation automatique
MCA2524,B,2025-09-09,Observation automatique
MCA2524,C,2025-10-31,Observation automatique
MCA2524,C,2025-11-30,Observation automatique
MCA2524,C,2025-12-05,Observation automatique
MCC2169,B,2025-10-28,Observation automatique
MCC2169,D,2025-11-02,Observation automatique
MCB0816,B,2025-07-17,Observation automatique
MCB0816,A,2025-06-18,Observation automatique
MCB0816,D,2025-12-13,Observation automatique
MCB0816,C,2025-11-28,Observation automatique
MCA3573,E,2025-11-02,Observation automatique
MCA3573,E,2025-11-09,Observation automatique
MCA3573,B,2025-07-29,Observation automatique
MCA3573,E,2025-10-05,Observation automatique
MCA3573,A,2025-06-06,Observation automatique
MCA3573,B,2025-12-30,Observation automatique
MCA3573,D,2025-06-26,Observation automatique
MCB9351,E,2025-06-20,Observation automatique
MCB7867,E,2025-12-26,Observation automatique
MCB7867,B,2025-11-11,Observation automatique
MCB0525,A,2025-06-06,Observation automatique
MCB0525,B,2025-12-21,Observation automatique
MCB0525,C,2025-09-22,Observation automatique
MCB0525,D,2025-07-30,Observation automatique
MCB0525,D,2025-06-12,Observation automatique
MCA5032,A,2025-08-19,Observation automatique
MCB8003,E,2025-06-11,Observation automatique
MCB8003,B,2025-12-18,Observation automatique
MCB8003,A,2025-06-01,Observation automatique
MCB0622,E,2025-07-25,Observation automatique
MCB0622,E,2025-08-11,Observation automatique
MCB0622,A,2025-12-20,Observation automatique
MCB0622,C,2025-06-30,Observation automatique
MCC6060,C,2025-11-14,Observation automatique
MCC6060,A,2025-12-17,Observation automatique
MCC7729,C,2025-10-10,Observation automatique
MCC7729,B,2025-06-20,Observation automatique
MCC7729,E,2025-08-21,Observation automatique
MCC7729,A,2025-06-28,Observation automatique
MCC7729,C,2025-07-07,Observation automatique
MCB7154,A,2025-10-14,Observation automatique
MCB7154,D,2025-11-26,Observation automatique
MCB7154,E,2025-07-17,Observation automatique
MCB7154,B,2025-12-02,Observation automatique
MCB7154,B,2025-10-18,Observation automatique
MCB7154,C,2025-07-21,Observation automatique
MCB7154,E,2025-12-07,Observation automatique
MCB6498,E,2025-06-09,Observation automatique
MCC4109,B,2025-11-19,Observation automatique
MCC4109,B,2025-10-22,Observation automatique
MCA4592,E,2025-12-27,Observation automatique
MCA4592,E,2025-11-14,Observation automatique
MCA0666,B,2025-08-10,Observation automatique
MCA0666,A,2025-08-07,Observation automatique
MCA0666,D,2025-10-29,Observation automatique
MCA0666,C,2025-07-08,Observation automatique
MCA0666,E,2025-09-28,Observation automatique
MCA0666,C,2025-06-29,Observation automatique
MCB2410,D,2025-06-28,Observation automatique
MCB2410,E,2025-11-23,Observation automatique
MCB2410,A,2025-10-29,Observation automatique
MCB2410,A,2025-09-06,Observation automatique
MCB2410,B,2025-10-16,Observation automatique
MCB2410,E,2025-11-26,Observation automatique
MCB2410,B,2025-12-25,Observation automatique
MCA7121,B,2025-08-22,Observation automatique
MCA7121,A,2025-09-15,Observation automatique
MCA1931,A,2025-11-09,Observation automatique
MCA1931,B,2025-09-04,Observation automatique
MCA1931,B,2025-12-18,Observation automatique
MCA1931,E,2025-12-25,Observation automatique
MCA1931,C,2025-11-18,Observation automatique
MCA1931,B,2025-07-10,Observation automatique
MCC0530,C,2025-12-20,Observation automatique
MCC0530,E,2025-09-30,Observation automatique
MCC0530,C,2025-07-18,Observation automatique
MCC0530,A,2025-09-04,Observation automatique
MCC0530,B,2025-06-04,Observation automatique
MCC0530,D,2025-10-23,Observation automatique
MCC0530,C,2025-11-02,Observation automatique
MCB0305,D,2025-07-18,Observation automatique
MCB0305,D,2025-06-28,Observation automatique
MCB0305,B,2025-11-06,Observation automatique
MCA3394,A,2025-08-18,Observation automatique
MCA3394,A,2025-07-19,Observation automatique
MCA3394,D,2025-11-04,Observation automatique
MCB9660,C,2025-08-22,Observation automatique
MCB9660,A,2025-07-30,Observation automatique
MCB9660,C,2025-09-03,Observation automatique
MCB6954,B,2025-07-06,Observation automatique
MCB6954,E,2025-12-03,Observation automatique
MCB6954,A,2025-08-08,Observation automatique
MCB6954,B,2025-09-15,Observation automatique
MCB1749,C,2025-06-10,Observation automatique
MCB1749,D,2025-11-15,Observation automatique
MCB1749,C,2025-10-03,Observation automatique
MCB1749,C,2025-11-12,Observation automatique
MCB1749,B,2025-12-14,Observation automatique
MCB1749,E,2025-10-26,Observation automatique
MCA0649,E,2025-08-29,Observation automatique
MCA0649,E,2025-09-09,Observation automatique
MCA0649,B,2025-06-20,Observation automatique
MCA0649,B,2025-09-01,Observation automatique
MCA0649,A,2025-12-24,Observation automatique
MCA8918,E,2025-09-15,Observation automatique
MCB5539,C,2025-06-15,Observation automatique
MCA4064,E,2025-12-02,Observation automatique
MCA6259,A,2025-07-14,Observation automatique
MCA6259,A,2025-07-19,Observation automatique
MCA6259,E,2025-11-26,Observation automatique
MCA6259,B,2025-09-04,Observation automatique
MCC6144,B,2025-12-30,Observation automatique
MCC6144,E,2025-07-23,Observation automatique
MCC6144,B,2025-07-01,Observation automatique
MCA9599,D,2025-09-20,Observation automatique
MCB6490,C,2025-10-01,Observation automatique
MCB6490,C,2025-10-17,Observation automatique
MCB6490,A,2025-12-09,Observation automatique
MCB6490,A,2025-10-03,Observation automatique
MCB6490,B,2025-09-04,Observation automatique
MCB3174,B,2025-06-29,Observation automatique
MCB3174,A,2025-06-22,Observation automatique
MCA1731,D,2025-06-07,Observation automatique
MCA1731,E,2025-11-09,Observation automatique
MCA1731,A,2025-11-13,Observation automatique
MCA1731,A,2025-12-30,Observation automatique
MCA8583,E,2025-10-24,Observation automatique
MCA8583,B,2025-09-22,Observation automatique
MCB6698,A,2025-07-03,Observation automatique
MCB6698,B,2025-11-19,Observation automatique
MCB6698,E,2025-06-11,Observation automatique
MCB6698,B,2025-10-06,Observation automatique
MCB6698,D,2025-06-30,Observation automatique
MCB5963,A,2025-09-08,Observation automatique
MCB5963,E,2025-06-15,Observation automatique
MCB5963,A,2025-12-28,Observation automatique
MCB5963,A,2025-08-29,Observation automatique
MCB5963,A,2025-07-23,Observation automatique
MCB5963,A,2025-11-06,Observation automatique
MCA7782,A,2025-11-03,Observation automatique
MCA7782,D,2025-11-20,Observation automatique
MCA7782,D,2025-11-19,Observation automatique
MCA7782,B,2025-10-28,Observation automatique
MCA7782,A,2025-06-30,Observation automatique
MCA7782,E,2025-08-10,Observation automatique
MCA7782,A,2025-10-17,Observation automatique
MCA1431,D,2025-08-03,Observation automatique
MCA1431,A,2025-09-10,Observation automatique
MCA0705,B,2025-07-04,Observation automatique
MCA0705,B,2025-07-23,Observation automatique
MCC2254,B,2025-06-15,Observation automatique
MCC2254,B,2025-11-13,Observation automatique
MCB5121,B,2025-12-12,Observation automatique
MCB5121,A,2025-11-08,Observation automatique
MCB5121,C,2025-07-04,Observation automatique
MCC3057,D,2025-08-15,Observation automatique
MCC3057,B,2025-07-02,Observation automatique
MCC3057,A,2025-12-07,Observation automatique
MCC3057,E,2025-09-02,Observation automatique
MCC3057,A,2025-10-17,Observation automatique
MCA8034,E,2025-12-26,Observation automatique
MCA8034,C,2025-07-29,Observation automatique
MCA8034,B,2025-10-13,Observation automatique
MCA8034,D,2025-11-17,Observation automatique
MCC2049,E,2025-06-24,Observation automatique
MCB0545,E,2025-10-28,Observation automatique
MCB0545,C,2025-08-26,Observation automatique
MCB0545,D,2025-12-28,Observation automatique
MCA1309,C,2025-11-09,Observation automatique
MCA1309,C,2025-08-13,Observation automatique
MCA1309,B,2025-10-19,Observation automatique
MCA1309,E,2025-12-22,Observation automatique
MCA1309,C,2025-10-14,Observation automatique
MCC2297,A,2025-09-03,Observation automatique
MCC2297,B,2025-08-23,Observation automatique
MCC2297,B,2025-08-22,Observation automatique
MCC2297,E,2025-08-29,Observation automatique
MCC2297,A,2025-11-24,Observation automatique
MCC2297,D,2025-11-16,Observation automatique
MCB9464,B,2025-10-08,Observation automatique
MCB9464,D,2025-10-16,Observation automatique
MCB9464,A,2025-12-05,Observation automatique
MCB9464,B,2025-07-19,Observation automatique
MCB9464,C,2025-09-29,Observation automatique
MCB9464,C,2025-07-24,Observation automatique
MCC2638,D,2025-06-07,Observation automatique
MCC2638,B,2025-10-19,Observation automatique
MCC2638,C,2025-06-13,Observation automatique
MCA1213,E,2025-07-12,Observation automatique
MCA1213,D,2025-06-28,Observation automatique
MCA1213,D,2025-07-13,Observation automatique
MCA1213,D,2025-10-27,Observation automatique
MCA1213,E,2025-10-05,Observation automatique
MCC6087,D,2025-10-13,Observation automatique
MCC6087,B,2025-10-02,Observation automatique
MCC6087,D,2025-10-24,Observation automatique
MCC6087,E,2025-06-08,Observation automatique
MCC6087,E,2025-08-20,Observation automatique
MCC6087,B,2025-09-10,Observation automatique
MCC8521,C,2025-10-25,Observation automatique
MCC2101,E,2025-06-03,Observation automatique
MCC2101,D,2025-11-19,Observation automatique
MCC2101,D,2025-06-17,Observation automatique
MCC2101,D,2025-07-01,Observation automatique
MCC2101,A,2025-11-28,Observation automatique
MCC2101,D,2025-07-13,Observation automatique
MCC2101,C,2025-07-11,Observation automatique
MCC8609,B,2025-06-20,Observation automatique
MCC8609,D,2025-09-09,Observation automatique
MCC8609,C,2025-07-07,Observation automatique
MCC8609,A,2025-11-08,Observation automatique
MCC8609,D,2025-11-27,Observation automatique
MCC8609,B,2025-06-22,Observation automatique
MCC8609,D,2025-10-19,Observation automatique
MCA0077,A,2025-09-09,Observation automatique
MCA0077,D,2025-07-25,Observation automatique
MCA0077,D,2025-10-08,Observation automatique
MCA0077,B,2025-10-19,Observation automatique
MCB5625,C,2025-10-02,Observation automatique
MCC0904,D,2025-07-22,Observation automatique
MCC0904,E,2025-11-19,Observation automatique
MCC8039,A,2025-08-07,Observation automatique
MCC8039,D,2025-07-20,Observation automatique
MCC8039,D,2025-08-15,Observation automatique
MCC8039,C,2025-09-30,Observation automatique
MCC8039,C,2025-12-18,Observation automatique
MCA7532,C,2025-08-13,Observation automatique
MCA7532,D,2025-09-26,Observation automatique
MCA7532,C,2025-08-28,Observation automatique
MCA7532,B,2025-08-19,Observation automatique
MCC9589,D,2025-09-25,Observation automatique
MCC9589,D,2025-10-09,Observation automatique
MCC9589,B,2025-12-26,Observation automatique
MCC9589,B,2025-11-25,Observation automatique
MCC9589,C,2025-12-04,Observation automatique
MCC9589,A,2025-08-31,Observation automatique
MCA7421,B,2025-06-13,Observation automatique
MCC7574,E,2025-12-24,Observation automatique
MCC7574,C,2025-09-10,Observation automatique
MCC7574,E,2025-07-13,Observation automatique
MCC7574,C,2025-09-02,Observation automatique
MCC7574,E,2025-11-16,Observation automatique
MCC7574,E,2025-08-29,Observation automatique
MCC7574,D,2025-09-05,Observation automatique
MCC9174,D,2025-10-15,Observation automatique
MCC9174,B,2025-12-20,Observation automatique
MCC9174,D,2025-10-10,Observation automatique
MCC9174,C,2025-10-25,Observation automatique
MCC0146,B,2025-09-04,Observation automatique
MCC0146,C,2025-09-02,Observation automatique
MCB1328,A,2025-10-20,Observation automatique
MCB1328,B,2025-07-14,Observation automatique
MCB1328,C,2025-12-08,Observation automatique
MCB1328,A,2025-12-18,Observation automatique
MCB1328,B,2025-07-26,Observation automatique
MCA7580,A,2025-10-19,Observation automatique
MCA7580,D,2025-06-16,Observation automatique
MCA7580,C,2025-07-02,Observation automatique
MCA7580,E,2025-09-18,Observation automatique
MCA7580,D,2025-11-17,Observation automatique
MCA7580,B,2025-06-08,Observation automatique
MCA7580,C,2025-10-29,Observation automatique
MCA6272,B,2025-06-17,Observation automatique
MCA6272,A,2025-12-30,Observation automatique
MCA6272,E,2025-07-08,Observation automatique
MCA2491,C,2025-10-13,Observation automatique
MCA2491,E,2025-06-08,Observation automatique
MCA2491,A,2025-07-26,Observation automatique
MCA2491,D,2025-10-14,Observation automatique
MCA2491,A,2025-08-14,Observation automatique
MCA2491,C,2025-06-10,Observation automatique
MCC9390,A,2025-10-31,Observation automatique
MCC9390,E,2025-12-24,Observation automatique
MCC9390,B,2025-08-29,Observation automatique
MCC9390,D,2025-11-07,Observation automatique
MCC9390,A,2025-08-28,Observation automatique
MCC9390,A,2025-10-30,Observation automatique
MCC7221,C,2025-08-29,Observation automatique
MCC7221,D,2025-06-08,Observation automatique
MCC7221,D,2025-08-24,Observation automatique
MCC7221,B,2025-08-16,Observation automatique
MCC7221,B,2025-11-17,Observation automatique
MCC7221,B,2025-07-03,Observation automatique
MCC7221,B,2025-09-03,Observation automatique
MCA7818,B,2025-06-06,Observation automatique
MCA7818,C,2025-06-27,Observation automatique
MCA7818,C,2025-12-03,Observation automatique
MCA7818,A,2025-08-11,Observation automatique
MCB1814,B,2025-06-24,Observation automatique
MCB1814,D,2025-06-25,Observation automatique
MCB1814,E,2025-07-23,Observation automatique
MCB1814,C,2025-10-08,Observation automatique
MCB6884,A,2025-06-17,Observation automatique
MCB2487,A,2025-08-06,Observation automatique
MCB2487,D,2025-07-26,Observation automatique
MCB8783,E,2025-11-03,Observation automatique
MCB8783,D,2025-06-10,Observation automatique
MCB8783,B,2025-06-04,Observation automatique
MCB8783,B,2025-08-27,Observation automatique
MCB8783,C,2025-10-06,Observation automatique
MCA8744,B,2025-08-02,Observation automatique
MCA8744,E,2025-06-23,Observation automatique
MCA8744,A,2025-07-29,Observation automatique
MCA8744,A,2025-11-08,Observation automatique
MCA8744,E,2025-07-21,Observation automatique
MCA8744,E,2025-08-26,Observation automatique
MCC2653,D,2025-12-02,Observation automatique
MCC2653,B,2025-06-25,Observation automatique
MCC2653,A,2025-12-20,Observation automatique
MCC2653,E,2025-09-17,Observation automatique
MCC2653,C,2025-06-16,Observation automatique
MCC2653,D,2025-08-27,Observation automatique
MCB3632,C,2025-08-05,Observation automatique
MCB1519,A,2025-07-10,Observation automatique
MCB1519,C,2025-11-11,Observation automatique
MCC7699,D,2025-10-07,Observation automatique
MCC7699,C,2025-08-06,Observation automatique
MCC7513,A,2025-08-11,Observation automatique
MCC7513,E,2025-08-16,Observation automatique
MCC7513,E,2025-08-13,Observation automatique
MCC7513,B,2025-06-13,Observation automatique
MCC7513,D,2025-07-31,Observation automatique
MCC1310,E,2025-10-23,Observation automatique
MCC1310,D,2025-08-23,Observation automatique
MCC1310,D,2025-11-29,Observation automatique
MCB7913,E,2025-11-12,Observation automatique
MCB7913,E,2025-12-20,Observation automatique
MCB7913,D,2025-09-11,Observation automatique
MCB7065,D,2025-10-10,Observation automatique
MCC0389,D,2025-06-21,Observation automatique
MCC0389,D,2025-07-13,Observation automatique
MCC0389,E,2025-09-03,Observation automatique
MCC0389,A,2025-09-28,Observation automatique
MCC0389,A,2025-10-03,Observation automatique
MCC9522,A,2025-10-15,Observation automatique
MCC9522,D,2025-10-16,Observation automatique
MCC9522,D,2025-08-29,Observation automatique
MCC9522,A,2025-12-11,Observation automatique
MCC8662,D,2025-11-27,Observation automatique
MCC1294,A,2025-06-14,Observation automatique
MCC1294,A,2025-11-23,Observation automatique
MCC1294,E,2025-11-06,Observation automatique
MCA1458,A,2025-11-23,Observation automatique
MCB0077,B,2025-06-14,Observation automatique
MCB0077,D,2025-08-11,Observation automatique
MCB0077,B,2025-07-21,Observation automatique
MCB0077,A,2025-08-22,Observation automatique
MCB0077,A,2025-10-09,Observation automatique
MCB0077,B,2025-12-05,Observation automatique
MCB0077,E,2025-11-12,Observation automatique
MCB8451,D,2025-11-21,Observation automatique
MCB8451,A,2025-10-10,Observation automatique
MCB8451,E,2025-08-05,Observation automatique
MCB8451,C,2025-08-02,Observation automatique
MCB8451,D,2025-07-12,Observation automatique
MCB1979,B,2025-07-20,Observation automatique
MCB1979,A,2025-10-28,Observation automatique
MCB1979,A,2025-12-26,Observation automatique
MCB1979,D,2025-12-19,Observation automatique
MCB1979,B,2025-07-13,Observation automatique
MCB1979,B,2025-12-28,Observation automatique
MCB2326,D,2025-11-20,Observation automatique
MCB2326,E,2025-11-14,Observation automatique
MCB2326,B,2025-10-27,Observation automatique
MCB2326,B,2025-12-19,Observation automatique
MCB2326,C,2025-12-02,Observation automatique
MCB2326,A,2025-11-23,Observation automatique
MCB2326,C,2025-08-03,Observation automatique
MCA8037,B,2025-12-22,Observation automatique
MCA8037,D,2025-11-05,Observation automatique
MCA8037,C,2025-07-23,Observation automatique
MCA8037,B,2025-09-05,Observation automatique
MCA8037,A,2025-06-19,Observation automatique
MCB2572,C,2025-12-29,Observation automatique
MCB2572,D,2025-10-07,Observation automatique
MCB2572,D,2025-10-25,Observation automatique
MCB7998,C,2025-07-23,Observation automatique
MCB7998,A,2025-08-28,Observation automatique
MCB7998,D,2025-07-04,Observation automatique
MCC0152,A,2025-09-25,Observation automatique
MCC0152,B,2025-08-09,Observation automatique
MCC0152,D,2025-11-27,Observation automatique
MCC0152,E,2025-07-13,Observation automatique
MCC0152,E,2025-10-15,Observation automatique
MCC0152,C,2025-12-27,Observation automatique
MCA5946,C,2025-07-17,Observation automatique
MCA5946,E,2025-06-09,Observation automatique
MCA5946,C,2025-06-02,Observation automatique
MCB0676,C,2025-11-26,Observation automatique
MCB0676,E,2025-12-05,Observation automatique
MCB0676,C,2025-08-04,Observation automatique
MCB4847,C,2025-12-25,Observation automatique
MCB4847,E,2025-12-08,Observation automatique
MCB4847,E,2025-08-30,Observation automatique
MCB4847,A,2025-11-27,Observation automatique
MCB4847,C,2025-08-07,Observation automatique
MCA2291,C,2025-09-06,Observation automatique
MCA2291,B,2025-06-15,Observation automatique
MCA2291,B,2025-12-05,Observation automatique
MCA2291,E,2025-11-11,Observation automatique
MCA2373,B,2025-10-25,Observation automatique
MCA2373,B,2025-09-29,Observation automatique
MCA2373,A,2025-09-13,Observation automatique
MCB5525,B,2025-09-10,Observation automatique
MCB5525,D,2025-11-28,Observation automatique
MCB5525,D,2025-08-30,Observation automatique
MCB5525,E,2025-10-28,Observation automatique
MCC9057,D,2025-12-19,Observation automatique
MCC9057,E,2025-12-14,Observation automatique
MCC9057,E,2025-09-19,Observation automatique
MCC9057,D,2025-07-30,Observation automatique
MCC9057,D,2025-07-07,Observation automatique
MCB2974,D,2025-08-23,Observation automatique
MCB2974,A,2025-09-12,Observation automatique
MCB2974,D,2025-08-10,Observation automatique
MCB4328,B,2025-08-11,Observation automatique
MCB4328,B,2025-08-23,Observation automatique
MCB4328,D,2025-12-22,Observation automatique
MCC1704,C,2025-11-17,Observation automatique
MCC1704,C,2025-08-18,Observation automatique
MCC1704,A,2025-07-20,Observation automatique
MCC1704,A,2025-08-15,Observation automatique
MCC1704,D,2025-06-26,Observation automatique
MCC1704,A,2025-10-14,Observation automatique
MCA6740,A,2025-08-11,Observation automatique
MCA6740,C,2025-08-26,Observation automatique
MCA6740,C,2025-12-13,Observation automatique
MCA6740,C,2025-07-27,Observation automatique
MCA6740,A,2025-10-07,Observation automatique
MCA6740,A,2025-10-20,Observation automatique
MCA6740,B,2025-12-18,Observation automatique
MCA5362,C,2025-09-27,Observation automatique
MCA5362,A,2025-10-21,Observation automatique
MCA5362,D,2025-12-30,Observation automatique
MCA5362,E,2025-09-17,Observation automatique
MCB5832,C,2025-07-07,Observation automatique
MCB5611,A,2025-09-05,Observation automatique
MCB5611,D,2025-09-07,Observation automatique
MCB5611,B,2025-10-08,Observation automatique
MCB5611,B,2025-09-23,Observation automatique
MCB5611,E,2025-09-15,Observation automatique
MCA6300,C,2025-09-22,Observation automatique
MCA6300,C,2025-06-07,Observation automatique
MCA6300,A,2025-11-08,Observation automatique
MCC7696,E,2025-06-28,Observation automatique
MCC7696,B,2025-07-13,Observation automatique
MCC7696,D,2025-12-30,Observation automatique
MCC7696,E,2025-06-22,Observation automatique
MCC7696,D,2025-12-28,Observation automatique
MCC7696,D,2025-06-02,Observation automatique
MCC3698,E,2025-07-26,Observation automatique
MCC3698,D,2025-06-11,Observation automatique
MCA9266,D,2025-09-28,Observation automatique
MCC2831,A,2025-08-14,Observation automatique
MCC2831,B,2025-12-01,Observation automatique
MCC3337,E,2025-09-21,Observation automatique
MCC3337,C,2025-12-17,Observation automatique
MCC3337,E,2025-11-02,Observation automatique
MCC3337,B,2025-12-24,Observation automatique
MCC3337,C,2025-07-21,Observation automatique
MCC3337,E,2025-07-20,Observation automatique
MCC9549,A,2025-09-18,Observation automatique
MCC9549,E,2025-06-28,Observation automatique
MCC9549,A,2025-11-19,Observation automatique
MCC9549,B,2025-06-25,Observation automatique
MCC9549,B,2025-08-11,Observation automatique
MCC3406,B,2025-12-21,Observation automatique
MCC3406,C,2025-08-06,Observation automatique
MCC3406,E,2025-10-08,Observation automatique
MCC3406,E,2025-07-19,Observation automatique
MCC3406,A,2025-08-08,Observation automatique
MCC3406,D,2025-11-22,Observation automatique
MCC3406,E,2025-11-05,Observation automatique
MCA5227,A,2025-11-10,Observation automatique
MCA5227,A,2025-07-28,Observation automatique
MCA5227,D,2025-09-23,Observation automatique
MCA5227,B,2025-12-02,Observation automatique
MCA5227,A,2025-09-08,Observation automatique
MCA5227,C,2025-08-11,Observation automatique
MCA2402,D,2025-06-18,Observation automatique
MCA2402,C,2025-11-16,Observation automatique
MCA2402,C,2025-10-15,Observation automatique
MCA2402,D,2025-08-31,Observation automatique
MCA2402,C,2025-09-04,Observation automatique
MCA2402,D,2025-09-29,Observation automatique
MCC5070,B,2025-06-28,Observation automatique
MCC5070,D,2025-12-05,Observation automatique
MCC5070,E,2025-11-13,Observation automatique
MCC5070,C,2025-08-15,Observation automatique
MCC5070,C,2025-12-10,Observation automatique
MCC5070,A,2025-12-16,Observation automatique
MCB8530,D,2025-09-27,Observation automatique
MCB8530,E,2025-12-02,Observation automatique
MCB8530,A,2025-10-11,Observation automatique
MCC6279,A,2025-09-17,Observation automatique
MCC6279,E,2025-10-27,Observation automatique
MCC6279,B,2025-10-31,Observation automatique
MCC6279,C,2025-08-25,Observation automatique
MCB8758,E,2025-10-02,Observation automatique
MCB8758,B,2025-12-01,Observation automatique
MCB8758,B,2025-06-28,Observation automatique
MCC6479,E,2025-10-25,Observation automatique
MCC6479,D,2025-06-05,Observation automatique
MCC6479,D,2025-06-22,Observation automatique
MCC6479,B,2025-08-23,Observation automatique
MCC6479,B,2025-10-21,Observation automatique
MCC6479,A,2025-09-25,Observation automatique
MCC6479,E,2025-09-24,Observation automatique
MCC4787,E,2025-08-10,Observation automatique
MCC4787,D,2025-06-10,Observation automatique
MCB9947,D,2025-07-29,Observation automatique
MCB9947,B,2025-07-21,Observation automatique
MCB9947,D,2025-09-02,Observation automatique
MCB9947,E,2025-06-26,Observation automatique
MCC2786,D,2025-09-17,Observation automatique
MCC2786,B,2025-06-04,Observation automatique
MCC2786,C,2025-07-16,Observation automatique
MCC2786,C,2025-11-25,Observation automatique
MCC2786,B,2025-09-29,Observation automatique
MCC2786,C,2025-06-21,Observation automatique
MCA8708,D,2025-09-23,Observation automatique
MCC2554,C,2025-11-29,Observation automatique
MCC2554,B,2025-10-05,Observation automatique
MCC2554,D,2025-09-11,Observation automatique
MCC2554,A,2025-08-29,Observation automatique
MCC2554,A,2025-10-07,Observation automatique
MCC2554,B,2025-07-26,Observation automatique
MCA7422,C,2025-09-09,Observation automatique
MCA7422,C,2025-06-26,Observation automatique
MCC5833,B,2025-11-25,Observation automatique
MCC5833,B,2025-09-25,Observation automatique
MCC5833,C,2025-06-02,Observation automatique
MCC5833,D,2025-10-06,Observation automatique
MCA4046,B,2025-12-26,Observation automatique
MCA4046,D,2025-06-11,Observation automatique
MCA4046,D,2025-11-28,Observation automatique
MCA4046,E,2025-10-07,Observation automatique
MCA4046,E,2025-09-21,Observation automatique
MCA4046,B,2025-07-21,Observation automatique
MCB7047,E,2025-11-20,Observation automatique
MCB7047,C,2025-08-05,Observation automatique
MCB7047,C,2025-06-11,Observation automatique
MCB7047,D,2025-07-11,Observation automatique
MCB7047,D,2025-09-11,Observation automatique
MCB7047,B,2025-06-30,Observation automatique
MCB9842,C,2025-06-15,Observation automatique
MCB9842,B,2025-07-25,Observation automatique
MCB9842,C,2025-10-19,Observation automatique
MCC4088,B,2025-09-28,Observation automatique
MCC4088,A,2025-11-16,Observation automatique
MCC4088,C,2025-12-03,Observation automatique
MCC5337,E,2025-08-11,Observation automatique
MCC5337,B,2025-10-05,Observation automatique
MCC5337,D,2025-09-14,Observation automatique
MCC5337,D,2025-10-31,Observation automatique
MCC5337,B,2025-10-19,Observation automatique
MCC2288,D,2025-09-25,Observation automatique
MCC2288,A,2025-10-12,Observation automatique
MCC2288,B,2025-12-02,Observation automatique
MCC2288,A,2025-11-30,Observation automatique
MCA6959,E,2025-07-27,Observation automatique
MCA6959,A,2025-10-11,Observation automatique
MCA6959,A,2025-08-26,Observation automatique
MCA6959,C,2025-07-09,Observation automatique
MCA6959,A,2025-09-02,Observation automatique
MCB2928,B,2025-10-31,Observation automatique
MCB2928,B,2025-11-23,Observation automatique
MCB2928,E,2025-10-17,Observation automatique
MCB2928,E,2025-06-19,Observation automatique
MCB2928,A,2025-07-06,Observation automatique
MCB2928,B,2025-11-01,Observation automatique
MCC1671,A,2025-08-30,Observation automatique
MCC1671,D,2025-12-09,Observation automatique
MCC1671,C,2025-09-12,Observation automatique
MCA1346,A,2025-12-30,Observation automatique
MCA1346,C,2025-08-31,Observation automatique
MCA1346,E,2025-08-23,Observation automatique
MCA2430,A,2025-09-07,Observation automatique
MCA2430,B,2025-09-02,Observation automatique
MCA2430,C,2025-12-18,Observation automatique
MCA2430,A,2025-10-22,Observation automatique
MCA2430,E,2025-12-04,Observation automatique
MCA1375,D,2025-10-01,Observation automatique
MCA1375,E,2025-07-18,Observation automatique
MCA1375,A,2025-09-20,Observation automatique
MCA1375,A,2025-06-05,Observation automatique
MCA1375,D,2025-07-14,Observation automatique
MCA1375,D,2025-10-02,Observation automatique
MCA1375,B,2025-12-27,Observation automatique
MCC1235,B,2025-10-05,Observation automatique
MCB9501,A,2025-11-09,Observation automatique
MCB9501,A,2025-08-04,Observation automatique
MCA6238,E,2025-07-13,Observation automatique
MCA6238,D,2025-12-10,Observation automatique
MCA6238,D,2025-07-29,Observation automatique
MCA6238,A,2025-12-28,Observation automatique
MCA6238,B,2025-11-14,Observation automatique
MCB6600,D,2025-11-02,Observation automatique
MCA0579,B,2025-11-17,Observation automatique
MCA2109,D,2025-11-08,Observation automatique
MCA2109,C,2025-08-03,Observation automatique
MCA2109,B,2025-07-04,Observation automatique
MCA2109,A,2025-07-05,Observation automatique
MCA2109,C,2025-08-17,Observation automatique
MCA2109,D,2025-12-02,Observation automatique
MCB8990,B,2025-09-26,Observation automatique
MCB8990,D,2025-07-23,Observation automatique
MCB8990,C,2025-09-02,Observation automatique
MCB8990,E,2025-06-23,Observation automatique
MCB8990,A,2025-11-27,Observation automatique
MCC5430,D,2025-11-02,Observation automatique
MCC5430,D,2025-07-13,Observation automatique
MCC5430,A,2025-07-24,Observation automatique
MCC5430,D,2025-08-12,Observation automatique
MCC5430,E,2025-12-04,Observation automatique
MCC5292,A,2025-12-14,Observation automatique
MCC5292,B,2025-12-02,Observation automatique
MCC5292,C,2025-08-31,Observation automatique
MCC5292,D,2025-06-21,Observation automatique
MCC5292,D,2025-07-12,Observation automatique
MCC5292,E,2025-11-08,Observation automatique
MCC5292,B,2025-07-10,Observation automatique
MCA0210,C,2025-11-17,Observation automatique
MCA0210,A,2025-10-10,Observation automatique
MCA0210,C,2025-06-04,Observation automatique
MCA0210,C,2025-06-27,Observation automatique
MCA0210,A,2025-11-21,Observation automatique
MCA0210,D,2025-08-02,Observation automatique
MCA0210,E,2025-11-01,Observation automatique
MCB3252,A,2025-11-07,Observation automatique
MCB3252,C,2025-12-12,Observation automatique
MCB3252,D,2025-11-03,Observation automatique
MCB3252,C,2025-07-08,Observation automatique
MCB3252,E,2025-11-29,Observation automatique
MCB3252,B,2025-07-27,Observation automatique
MCA4695,D,2025-06-10,Observation automatique
MCA4695,B,2025-12-18,Observation automatique
MCA4695,D,2025-10-13,Observation automatique
MCA4695,E,2025-10-09,Observation automatique
MCA4695,A,2025-11-21,Observation automatique
MCA4695,A,2025-06-27,Observation automatique
MCB9620,C,2025-10-01,Observation automatique
MCB9620,A,2025-08-08,Observation automatique
MCB9620,B,2025-09-14,Observation automatique
MCB9620,A,2025-06-19,Observation automatique
MCB9620,A,2025-12-05,Observation automatique
MCC1900,B,2025-11-19,Observation automatique
MCC1900,C,2025-10-04,Observation automatique
MCC1900,B,2025-11-11,Observation automatique
MCC1900,B,2025-09-01,Observation automatique
MCC1900,B,2025-12-24,Observation automatique
MCC1900,D,2025-07-17,Observation automatique
MCB7029,E,2025-09-01,Observation automatique
MCB7029,C,2025-09-19,Observation automatique
MCB7029,E,2025-11-19,Observation automatique
MCB7029,E,2025-07-29,Observation automatique
MCB7029,E,2025-09-16,Observation automatique
MCB7029,E,2025-11-09,Observation automatique
MCB7029,C,2025-10-30,Observation automatique
MCB2531,C,2025-11-16,Observation automatique
MCB3743,C,2025-09-02,Observation automatique
MCB3743,D,2025-09-05,Observation automatique
MCB3743,D,2025-10-14,Observation automatique
MCA0245,D,2025-07-15,Observation automatique
MCA0245,E,2025-08-08,Observation automatique
MCA0245,D,2025-08-09,Observation automatique
MCA0245,C,2025-10-11,Observation automatique
MCA0245,D,2025-06-30,Observation automatique
MCA0245,D,2025-09-10,Observation automatique
MCC8476,D,2025-08-31,Observation automatique
MCC8476,D,2025-11-12,Observation automatique
MCA2146,C,2025-11-07,Observation automatique
MCA2146,E,2025-06-04,Observation automatique
MCA2146,C,2025-06-25,Observation automatique
MCB6324,A,2025-12-16,Observation automatique
MCB6324,B,2025-12-03,Observation automatique
MCB6324,E,2025-08-30,Observation automatique
MCB6324,C,2025-07-16,Observation automatique
MCA6035,E,2025-09-21,Observation automatique
MCA6035,D,2025-06-28,Observation automatique
MCA6035,A,2025-11-11,Observation automatique
MCA3138,E,2025-08-07,Observation automatique
MCA3138,D,2025-08-21,Observation automatique
MCA3138,D,2025-11-16,Observation automatique
MCA3138,B,2025-09-03,Observation automatique
MCB1062,C,2025-09-11,Observation automatique
MCB1062,D,2025-07-18,Observation automatique
MCB1062,E,2025-09-06,Observation automatique
MCB1062,C,2025-12-09,Observation automatique
MCB1062,A,2025-08-19,Observation automatique
MCB6238,A,2025-10-08,Observation automatique
MCB6238,B,2025-10-17,Observation automatique
MCC1954,B,2025-11-28,Observation automatique
MCC1954,E,2025-06-20,Observation automatique
MCC1954,E,2025-11-14,Observation automatique
MCC2384,C,2025-12-01,Observation automatique
MCC2384,B,2025-09-23,Observation automatique
MCB2310,A,2025-12-20,Observation automatique
MCC5516,D,2025-12-09,Observation automatique
MCC5516,D,2025-10-18,Observation automatique
MCC5516,A,2025-10-20,Observation automatique
MCA8528,D,2025-08-15,Observation automatique
MCA8528,E,2025-09-16,Observation automatique
MCA8528,D,2025-06-14,Observation automatique
MCA8528,B,2025-09-15,Observation automatique
MCA8528,C,2025-11-05,Observation automatique
MCA8528,A,2025-08-04,Observation automatique
MCA8528,C,2025-12-25,Observation automatique
MCB4096,A,2025-06-28,Observation automatique
MCB4096,C,2025-07-16,Observation automatique
MCB4096,A,2025-10-26,Observation automatique
MCB4096,B,2025-08-28,Observation automatique
MCC5958,C,2025-08-23,Observation automatique
MCC5958,A,2025-11-30,Observation automatique
MCC5958,E,2025-06-29,Observation automatique
MCC5958,A,2025-11-09,Observation automatique
MCB1341,D,2025-11-15,Observation automatique
MCB1341,C,2025-08-05,Observation automatique
MCB1341,A,2025-07-22,Observation automatique
MCB1341,E,2025-12-17,Observation automatique
MCB1341,D,2025-07-02,Observation automatique
MCB1341,E,2025-06-01,Observation automatique
MCB1341,D,2025-07-23,Observation automatique
MCA8951,C,2025-12-24,Observation automatique
MCA8951,D,2025-12-07,Observation automatique
MCA8951,D,2025-11-24,Observation automatique
MCA8951,C,2025-09-24,Observation automatique
MCA8951,D,2025-12-25,Observation automatique
MCA8951,C,2025-07-28,Observation automatique
MCA8951,C,2025-11-16,Observation automatique
MCC8982,A,2025-07-21,Observation automatique
MCC8982,A,2025-11-13,Observation automatique
MCC8982,E,2025-10-12,Observation automatique
MCC8982,E,2025-10-02,Observation automatique
MCA8491,E,2025-08-09,Observation automatique
MCA8491,E,2025-06-10,Observation automatique
MCA8491,E,2025-07-22,Observation automatique
MCA8491,A,2025-07-20,Observation automatique
MCA8491,D,2025-10-12,Observation automatique
MCA8491,E,2025-09-02,Observation automatique
MCA8491,A,2025-06-27,Observation automatique
MCC6486,B,2025-07-28,Observation automatique
MCC6486,C,2025-10-17,Observation automatique
MCB8940,B,2025-10-28,Observation automatique
MCB8940,C,2025-10-14,Observation automatique
MCC5308,B,2025-11-27,Observation automatique
MCC2089,C,2025-12-04,Observation automatique
MCC2089,E,2025-10-30,Observation automatique
MCC2089,A,2025-09-23,Observation automatique
MCC2089,A,2025-10-10,Observation automatique
MCC2089,A,2025-09-01,Observation automatique
MCC2089,B,2025-11-10,Observation automatique
MCA8664,E,2025-06-06,Observation automatique
MCA8664,A,2025-09-08,Observation automatique
MCC7620,C,2025-09-06,Observation automatique
MCB6039,E,2025-10-15,Observation automatique
MCB6039,B,2025-12-18,Observation automatique
MCB6039,D,2025-09-16,Observation automatique
MCB6039,A,2025-08-28,Observation automatique
MCB6039,E,2025-08-25,Observation automatique
MCC5186,B,2025-12-22,Observation automatique
MCC5186,E,2025-11-05,Observation automatique
MCC5186,C,2025-07-19,Observation automatique
MCC5186,C,2025-06-03,Observation automatique
MCC5186,C,2025-11-13,Observation automatique
MCC5186,B,2025-07-17,Observation automatique
MCC5186,E,2025-07-04,Observation automatique
MCC2433,D,2025-07-12,Observation automatique
MCA6435,D,2025-10-27,Observation automatique
MCA6435,A,2025-10-05,Observation automatique
MCA6435,B,2025-07-26,Observation automatique
MCC8002,B,2025-11-11,Observation automatique
MCC8002,E,2025-10-18,Observation automatique
MCC8002,D,2025-06-30,Observation automatique
MCC8002,A,2025-12-25,Observation automatique
MCC8002,D,2025-07-06,Observation automatique
MCC8002,D,2025-08-10,Observation automatique
MCC8002,D,2025-10-07,Observation automatique
MCB4750,D,2025-08-09,Observation automatique
MCB4750,A,2025-11-01,Observation automatique
MCB4750,D,2025-09-05,Observation automatique
MCB4750,A,2025-12-15,Observation automatique
MCC6632,C,2025-09-19,Observation automatique
MCC6632,D,2025-09-11,Observation automatique
MCB6878,B,2025-09-18,Observation automatique
MCB6878,A,2025-12-02,Observation automatique
MCB6878,D,2025-08-27,Observation automatique
MCB6878,A,2025-11-07,Observation automatique
MCB6878,E,2025-10-23,Observation automatique
MCB6878,B,2025-10-21,Observation automatique
MCA7520,B,2025-11-12,Observation automatique
MCA7520,C,2025-06-18,Observation automatique
MCA7520,E,2025-11-23,Observation automatique
MCA7520,B,2025-09-26,Observation automatique
MCA7520,C,2025-06-15,Observation automatique
MCA7520,B,2025-06-25,Observation automatique
MCA7520,D,2025-08-21,Observation automatique
MCC2157,E,2025-12-24,Observation automatique
MCC2157,E,2025-07-07,Observation automatique
MCC0574,C,2025-06-15,Observation automatique
MCC0574,E,2025-10-22,Observation automatique
MCB2140,D,2025-08-05,Observation automatique
MCB2140,A,2025-12-06,Observation automatique
MCB2140,A,2025-06-02,Observation automatique
MCA3957,B,2025-09-29,Observation automatique
MCA3957,D,2025-06-30,Observation automatique
MCA3957,C,2025-10-29,Observation automatique
MCA3957,D,2025-12-17,Observation automatique
MCA3957,C,2025-10-06,Observation automatique
MCA3957,A,2025-07-21,Observation automatique
MCA3957,A,2025-11-04,Observation automatique
MCB0162,A,2025-10-14,Observation automatique
MCC5370,A,2025-10-12,Observation automatique
MCC5370,E,2025-06-13,Observation automatique
MCC5370,E,2025-11-09,Observation automatique
MCB0680,E,2025-07-23,Observation automatique
MCB0680,A,2025-10-13,Observation automatique
MCB0680,C,2025-08-08,Observation automatique
MCB0680,C,2025-07-24,Observation automatique
MCB0680,B,2025-12-28,Observation automatique
MCB0680,B,2025-07-10,Observation automatique
MCC8594,A,2025-10-10,Observation automatique
MCA3364,E,2025-11-19,Observation automatique
MCA3364,D,2025-06-10,Observation automatique
MCB7824,A,2025-07-20,Observation automatique
MCB7824,B,2025-11-04,Observation automatique
MCB7824,B,2025-09-23,Observation automatique
MCA9412,A,2025-12-10,Observation automatique
MCA9412,C,2025-06-18,Observation automatique
MCA9412,E,2025-12-26,Observation automatique
MCA9412,B,2025-12-01,Observation automatique
MCC1650,B,2025-07-04,Observation automatique
MCC1650,C,2025-06-29,Observation automatique
MCC1650,E,2025-06-18,Observation automatique
MCC1650,E,2025-09-02,Observation automatique
MCC1650,E,2025-08-21,Observation automatique
MCC1650,E,2025-10-09,Observation automatique
MCC1650,A,2025-11-13,Observation automatique
MCB9673,B,2025-10-21,Observation automatique
MCB9673,B,2025-12-11,Observation automatique
MCB9673,D,2025-06-13,Observation automatique
MCB9673,B,2025-08-12,Observation automatique
MCB9673,D,2025-12-19,Observation automatique
MCB9673,A,2025-06-04,Observation automatique
MCB8866,A,2025-08-03,Observation automatique
MCB8866,C,2025-07-16,Observation automatique
MCB8866,B,2025-08-26,Observation automatique
MCB8866,A,2025-09-19,Observation automatique
MCB8866,E,2025-11-23,Observation automatique
MCA3182,E,2025-07-29,Observation automatique
MCA3182,A,2025-07-08,Observation automatique
MCB3799,C,2025-11-15,Observation automatique
MCB2619,D,2025-07-07,Observation automatique
MCB2619,C,2025-07-29,Observation automatique
MCB2619,E,2025-10-04,Observation automatique
MCB2619,B,2025-09-19,Observation automatique
MCB2619,A,2025-06-22,Observation automatique
MCB2619,A,2025-11-05,Observation automatique
MCA0040,C,2025-09-12,Observation automatique
MCA0040,E,2025-09-14,Observation automatique
MCA0040,C,2025-10-14,Observation automatique
MCA0040,E,2025-11-15,Observation automatique
MCA1011,A,2025-08-05,Observation automatique
MCA1011,D,2025-08-16,Observation automatique
MCA1011,B,2025-06-28,Observation automatique
MCA1011,B,2025-08-03,Observation automatique
MCA3189,A,2025-08-07,Observation automatique
MCA3189,E,2025-09-05,Observation automatique
MCA3189,E,2025-09-19,Observation automatique
MCA9248,B,2025-08-27,Observation automatique
MCA9248,B,2025-09-27,Observation automatique
MCA9248,B,2025-07-18,Observation automatique
MCA9248,D,2025-11-01,Observation automatique
MCB0717,A,2025-08-21,Observation automatique
MCB0717,A,2025-08-03,Observation automatique
MCB0717,C,2025-06-21,Observation automatique
MCC9221,A,2025-10-24,Observation automatique
MCB9886,D,2025-06-18,Observation automatique
MCB9886,A,2025-08-30,Observation automatique
MCB9886,E,2025-07-15,Observation automatique
MCB9886,D,2025-09-30,Observation automatique
MCB9886,C,2025-11-09,Observation automatique
MCB9886,E,2025-06-14,Observation automatique
MCB9886,B,2025-07-21,Observation automatique
MCA3329,B,2025-08-10,Observation automatique
MCA3329,C,2025-09-01,Observation automatique
MCA3329,A,2025-11-17,Observation automatique
MCA3329,E,2025-10-27,Observation automatique
MCA2822,B,2025-06-03,Observation automatique
MCA2822,B,2025-07-25,Observation automatique
MCA2822,B,2025-07-15,Observation automatique
MCA2822,D,2025-10-02,Observation automatique
MCA2822,E,2025-11-12,Observation automatique
MCA2822,E,2025-07-09,Observation automatique
MCA2822,C,2025-06-24,Observation automatique
MCA6289,B,2025-12-11,Observation automatique
MCA6289,C,2025-11-27,Observation automatique
MCA6289,A,2025-08-20,Observation automatique
MCA6289,C,2025-06-22,Observation automatique
MCA6289,C,2025-12-08,Observation automatique
MCB2666,A,2025-11-06,Observation automatique
MCB2666,D,2025-12-19,Observation automatique
MCB2666,B,2025-06-18,Observation automatique
MCB2666,E,2025-10-16,Observation automatique
MCB2666,A,2025-08-22,Observation automatique
MCB2666,B,2025-08-15,Observation automatique
MCB2666,E,2025-10-27,Observation automatique
MCC1964,E,2025-06-20,Observation automatique
MCC1964,B,2025-06-19,Observation automatique
MCC1964,C,2025-11-17,Observation automatique
MCC1964,C,2025-12-06,Observation automatique
MCB5200,B,2025-12-10,Observation automatique
MCB5200,E,2025-12-01,Observation automatique
MCB5200,A,2025-07-14,Observation automatique
MCB5200,D,2025-07-21,Observation automatique
MCB5200,C,2025-06-17,Observation automatique
MCB5200,E,2025-09-14,Observation automatique
MCB2570,E,2025-09-27,Observation automatique
MCA9859,E,2025-11-02,Observation automatique
MCA9859,D,2025-08-11,Observation automatique
MCA6595,B,2025-06-08,Observation automatique
MCA6595,E,2025-06-15,Observation automatique
MCA6595,E,2025-07-07,Observation automatique
MCA6595,A,2025-07-03,Observation automatique
MCB3369,C,2025-07-25,Observation automatique
MCA3765,C,2025-08-19,Observation automatique
MCC1200,C,2025-09-24,Observation automatique
MCC1200,C,2025-06-17,Observation automatique
MCA0371,A,2025-10-18,Observation automatique
MCA0371,A,2025-07-10,Observation automatique
MCA0371,A,2025-11-19,Observation automatique
MCA0371,B,2025-11-30,Observation automatique
MCA2343,C,2025-08-24,Observation automatique
MCA2343,A,2025-09-27,Observation automatique
MCA2343,C,2025-11-24,Observation automatique
MCA2343,C,2025-11-21,Observation automatique
MCA2343,B,2025-12-02,Observation automatique
MCA2343,A,2025-10-24,Observation automatique
MCA2343,E,2025-07-31,Observation automatique
MCB9768,A,2025-12-05,Observation automatique
MCB9768,B,2025-12-26,Observation automatique
MCB9768,A,2025-09-20,Observation automatique
MCB9768,B,2025-08-31,Observation automatique
MCB9768,A,2025-07-08,Observation automatique
MCB9768,B,2025-12-10,Observation automatique
MCB6529,A,2025-06-04,Observation automatique
MCB6529,B,2025-12-26,Observation automatique
MCB1154,C,2025-07-03,Observation automatique
MCB1154,E,2025-10-02,Observation automatique
MCB1154,D,2025-06-17,Observation automatique
MCB1154,C,2025-10-26,Observation automatique
MCA2324,C,2025-07-14,Observation automatique
MCA2324,A,2025-06-04,Observation automatique
MCA2324,C,2025-06-23,Observation automatique
MCA2324,E,2025-12-29,Observation automatique
MCA2324,D,2025-10-02,Observation automatique
MCA2324,B,2025-07-02,Observation automatique
MCB3483,C,2025-12-17,Observation automatique
MCB3483,B,2025-12-26,Observation automatique
MCB3483,B,2025-09-12,Observation automatique
MCB5193,C,2025-08-05,Observation automatique
MCB5193,B,2025-10-27,Observation automatique
MCB5193,D,2025-09-14,Observation automatique
MCB5193,A,2025-11-12,Observation automatique
MCB5193,D,2025-07-17,Observation automatique
MCB5193,E,2025-07-02,Observation automatique
MCC6039,D,2025-07-27,Observation automatique
MCC6039,D,2025-08-02,Observation automatique
MCA2202,C,2025-07-13,Observation automatique
MCA2202,D,2025-12-30,Observation automatique
MCA2202,D,2025-10-11,Observation automatique
MCA2202,A,2025-07-09,Observation automatique
MCB8575,B,2025-07-17,Observation automatique
MCB8575,E,2025-06-18,Observation automatique
MCB8575,E,2025-10-13,Observation automatique
MCB8575,D,2025-09-06,Observation automatique
MCB8575,E,2025-09-03,Observation automatique
MCB4425,A,2025-11-12,Observation automatique
MCB6448,C,2025-11-06,Observation automatique
MCB6448,A,2025-11-27,Observation automatique
MCB6448,C,2025-12-24,Observation automatique
MCB6448,D,2025-07-02,Observation automatique
MCB6448,C,2025-09-02,Observation automatique
MCB6448,C,2025-06-14,Observation automatique
MCB6448,E,2025-12-10,Observation automatique
MCC4173,D,2025-10-29,Observation automatique
MCC4173,D,2025-09-04,Observation automatique
MCC4173,E,2025-06-08,Observation automatique
MCC4173,B,2025-10-22,Observation automatique
MCC4173,D,2025-10-26,Observation automatique
MCC4173,C,2025-08-28,Observation automatique
MCC3654,E,2025-11-30,Observation automatique
MCB7370,D,2025-09-14,Observation automatique
MCB7370,C,2025-09-15,Observation automatique
MCB7370,E,2025-12-30,Observation automatique
MCB7124,B,2025-07-20,Observation automatique
MCA8978,C,2025-11-02,Observation automatique
MCA8978,A,2025-07-13,Observation automatique
MCA8978,B,2025-06-13,Observation automatique
MCC3591,D,2025-12-24,Observation automatique
MCC3591,B,2025-06-07,Observation automatique
MCC3591,D,2025-06-24,Observation automatique
MCC3591,A,2025-09-30,Observation automatique
MCC3591,A,2025-07-26,Observation automatique
MCC3591,E,2025-12-20,Observation automatique
MCC3591,A,2025-11-03,Observation automatique
MCB5264,E,2025-07-09,Observation automatique
MCB5264,C,2025-07-11,Observation automatique
MCB5264,B,2025-12-18,Observation automatique
MCB5264,E,2025-10-02,Observation automatique
MCB5264,D,2025-07-28,Observation automatique
MCB5264,C,2025-06-21,Observation automatique
MCB5264,C,2025-12-25,Observation automatique
MCC9125,A,2025-10-29,Observation automatique
MCC9125,B,2025-08-20,Observation automatique
MCC9125,E,2025-08-02,Observation automatique
MCC9125,B,2025-10-24,Observation automatique
MCC9125,E,2025-06-27,Observation automatique
MCC9125,A,2025-11-02,Observation automatique
MCC9125,E,2025-07-22,Observation automatique
MCB2639,D,2025-07-27,Observation automatique
MCB2639,A,2025-08-05,Observation automatique
MCB2639,E,2025-11-23,Observation automatique
MCA9906,D,2025-12-27,Observation automatique
MCA9906,A,2025-11-27,Observation automatique
MCA9906,E,2025-08-08,Observation automatique
MCA9906,E,2025-06-16,Observation automatique
MCA9906,C,2025-07-20,Observation automatique
MCA9906,C,2025-10-01,Observation automatique
MCB3351,A,2025-12-18,Observation automatique
MCB3351,E,2025-06-25,Observation automatique
MCB3351,D,2025-10-11,Observation automatique
MCB3351,E,2025-12-02,Observation automatique
MCB3351,B,2025-09-14,Observation automatique
MCB3351,B,2025-09-09,Observation automatique
MCA1226,D,2025-12-18,Observation automatique
MCA1226,B,2025-10-03,Observation automatique
MCA1226,A,2025-09-20,Observation automatique
MCA1226,E,2025-08-03,Observation automatique
MCC8369,D,2025-12-07,Observation automatique
MCC8369,C,2025-11-23,Observation automatique
MCC8369,B,2025-08-02,Observation automatique
MCC8369,C,2025-06-02,Observation automatique
MCB5070,B,2025-12-09,Observation automatique
MCB5070,A,2025-10-05,Observation automatique
MCB5070,D,2025-12-06,Observation automatique
MCB5070,C,2025-09-19,Observation automatique
MCB5070,B,2025-12-23,Observation automatique
MCB5070,E,2025-10-11,Observation automatique
MCB5070,D,2025-06-24,Observation automatique
MCC1544,D,2025-12-17,Observation automatique
MCC1544,E,2025-12-30,Observation automatique
MCC1544,E,2025-06-11,Observation automatique
MCC1544,B,2025-09-23,Observation automatique
MCC1544,E,2025-07-31,Observation automatique
MCC1544,A,2025-09-01,Observation automatique
MCC9916,B,2025-08-30,Observation automatique
MCC9916,D,2025-06-08,Observation automatique
MCC9916,C,2025-06-05,Observation automatique
MCC9916,C,2025-11-03,Observation automatique
MCC9916,D,2025-10-25,Observation automatique
MCC9916,E,2025-09-05,Observation automatique
MCC9916,E,2025-12-10,Observation automatique
MCC9255,C,2025-06-05,Observation automatique
MCC9255,A,2025-09-29,Observation automatique
MCC9255,C,2025-07-01,Observation automatique
MCC9255,D,2025-12-19,Observation automatique
MCB4211,D,2025-09-07,Observation automatique
MCB4211,C,2025-09-01,Observation automatique
MCB4211,D,2025-07-19,Observation automatique
MCC1789,B,2025-09-08,Observation automatique
MCA9815,C,2025-08-19,Observation automatique
MCA9815,E,2025-09-26,Observation automatique
MCA9815,C,2025-07-09,Observation automatique
MCA9815,B,2025-09-10,Observation automatique
MCA9815,B,2025-07-02,Observation automatique
MCA9815,D,2025-06-20,Observation automatique
MCA9815,A,2025-06-18,Observation automatique
MCA0207,D,2025-06-06,Observation automatique
MCA0207,A,2025-07-05,Observation automatique
MCA0207,A,2025-09-22,Observation automatique
MCA0207,B,2025-06-29,Observation automatique
MCC8644,E,2025-06-16,Observation automatique
MCC8644,D,2025-07-22,Observation automatique
MCC8644,E,2025-11-27,Observation automatique
MCC8644,C,2025-12-07,Observation automatique
MCC8644,D,2025-10-04,Observation automatique
MCC8644,C,2025-07-10,Observation automatique
MCC8644,B,2025-08-24,Observation automatique
MCB2188,E,2025-11-03,Observation automatique
MCB4007,B,2025-11-01,Observation automatique
MCB4007,E,2025-10-11,Observation automatique
MCB4007,E,2025-11-02,Observation automatique
MCB4007,D,2025-06-11,Observation automatique
MCA3006,E,2025-12-17,Observation automatique
MCA3006,C,2025-08-20,Observation automatique
MCA2711,A,2025-09-29,Observation automatique
MCA2711,A,2025-11-12,Observation automatique
MCA4057,D,2025-10-28,Observation automatique
MCB6927,E,2025-06-21,Observation automatique
MCB6927,D,2025-11-27,Observation automatique
MCA1626,E,2025-12-26,Observation automatique
MCA1626,D,2025-12-19,Observation automatique
MCA1626,D,2025-09-10,Observation automatique
MCA1626,C,2025-10-31,Observation automatique
MCA1626,A,2025-06-28,Observation automatique
MCA9868,B,2025-12-10,Observation automatique
MCB0774,C,2025-06-13,Observation automatique
MCB0774,D,2025-11-27,Observation automatique
MCB0774,D,2025-10-26,Observation automatique
MCB0774,E,2025-07-29,Observation automatique
MCB0774,B,2025-09-25,Observation automatique
MCB0774,A,2025-06-07,Observation automatique
MCB0774,D,2025-10-25,Observation automatique
MCC6359,E,2025-06-25,Observation automatique
MCC6359,E,2025-07-02,Observation automatique
MCC6359,B,2025-10-02,Observation automatique
MCA1690,E,2025-09-29,Observation automatique
MCA1690,A,2025-10-01,Observation automatique
MCA1690,A,2025-09-11,Observation automatique
MCA1690,D,2025-08-18,Observation automatique
MCA1690,D,2025-11-15,Observation automatique
MCA1690,B,2025-12-03,Observation automatique
MCB3513,D,2025-08-11,Observation automatique
MCB3513,C,2025-07-17,Observation automatique
MCA2725,E,2025-12-22,Observation automatique
MCA2725,B,2025-08-15,Observation automatique
MCC8461,A,2025-08-15,Observation automatique
MCB3782,D,2025-11-27,Observation automatique
MCA0362,B,2025-12-09,Observation automatique
MCA0362,C,2025-07-25,Observation automatique
MCA0362,E,2025-06-16,Observation automatique
MCA0362,B,2025-12-16,Observation automatique
MCB8620,D,2025-09-18,Observation automatique
MCB8620,E,2025-12-04,Observation automatique
MCB8620,C,2025-11-25,Observation automatique
MCA3760,B,2025-12-24,Observation automatique
MCA3760,D,2025-09-08,Observation automatique
MCA3760,C,2025-06-29,Observation automatique
MCA3760,B,2025-07-16,Observation automatique
MCA3760,D,2025-11-27,Observation automatique
MCA3760,B,2025-09-01,Observation automatique
MCA3760,C,2025-10-13,Observation automatique
MCC9788,E,2025-07-28,Observation automatique
MCC9788,B,2025-07-05,Observation automatique
MCB7523,B,2025-10-29,Observation automatique
MCB7523,B,2025-08-21,Observation automatique
MCB7355,C,2025-09-30,Observation automatique
MCB7355,C,2025-07-08,Observation automatique
MCB7355,E,2025-08-13,Observation automatique
MCB6614,A,2025-10-20,Observation automatique
MCB6614,A,2025-12-29,Observation automatique
MCB6614,D,2025-10-11,Observation automatique
MCB6614,E,2025-09-17,Observation automatique
MCB6614,A,2025-12-02,Observation automatique
MCB6614,A,2025-06-11,Observation automatique
MCB4313,A,2025-06-29,Observation automatique
MCB4313,E,2025-08-02,Observation automatique
MCC1411,D,2025-06-01,Observation automatique
MCC1411,E,2025-07-03,Observation automatique
MCC1411,D,2025-10-02,Observation automatique
MCC1411,B,2025-10-24,Observation automatique
MCC2381,A,2025-10-24,Observation automatique
MCC2381,B,2025-06-05,Observation automatique
MCC2381,B,2025-08-06,Observation automatique
MCB4212,D,2025-12-09,Observation automatique
MCB4212,A,2025-07-07,Observation automatique
MCC1324,B,2025-08-10,Observation automatique
MCC1324,D,2025-11-23,Observation automatique
MCC1324,D,2025-06-16,Observation automatique
MCC1324,B,2025-06-20,Observation automatique
MCC1324,B,2025-07-31,Observation automatique
MCB3779,B,2025-12-27,Observation automatique
MCA9683,A,2025-07-28,Observation automatique
MCC8269,B,2025-10-09,Observation automatique
MCC8269,B,2025-09-16,Observation automatique
MCC8269,B,2025-12-27,Observation automatique
MCC8269,B,2025-10-14,Observation automatique
MCC8269,D,2025-06-11,Observation automatique
MCC8269,C,2025-06-02,Observation automatique
MCC8269,E,2025-08-13,Observation automatique
MCB8897,A,2025-09-15,Observation automatique
MCB8897,D,2025-11-13,Observation automatique
MCB8897,D,2025-06-20,Observation automatique
MCB8897,D,2025-06-22,Observation automatique
MCB8897,D,2025-10-06,Observation automatique
MCA7074,D,2025-11-16,Observation automatique
MCA7074,B,2025-12-18,Observation automatique
MCA7074,B,2025-11-28,Observation automatique
MCA7074,D,2025-12-26,Observation automatique
MCA7074,B,2025-09-10,Observation automatique
MCA7074,A,2025-10-07,Observation automatique
MCA7074,E,2025-12-09,Observation automatique
MCA3966,A,2025-08-27,Observation automatique
MCA3966,E,2025-12-07,Observation automatique
MCA3966,B,2025-07-17,Observation automatique
MCA9818,E,2025-09-20,Observation automatique
MCA9818,D,2025-10-31,Observation automatique
MCA9818,A,2025-06-02,Observation automatique
MCB0148,D,2025-09-26,Observation automatique
MCB0148,A,2025-10-11,Observation automatique
MCB0148,B,2025-06-28,Observation automatique
MCB0148,B,2025-12-26,Observation automatique
MCC5857,A,2025-06-08,Observation automatique
MCC5857,C,2025-11-08,Observation automatique
MCC4391,B,2025-08-30,Observation automatique
MCC4391,B,2025-07-06,Observation automatique
MCC4391,E,2025-09-11,Observation automatique
MCC4391,C,2025-09-15,Observation automatique
MCC4391,B,2025-09-19,Observation automatique
MCC4391,D,2025-12-26,Observation automatique
MCA0466,C,2025-10-18,Observation automatique
MCA0466,B,2025-08-16,Observation automatique
MCA3741,D,2025-12-08,Observation automatique
MCA3741,B,2025-12-27,Observation automatique
MCA3741,A,2025-12-25,Observation automatique
MCA3741,E,2025-08-08,Observation automatique
MCA3741,A,2025-11-11,Observation automatique
MCA6571,C,2025-11-25,Observation automatique
MCA6571,D,2025-12-17,Observation automatique
MCA6571,E,2025-08-26,Observation automatique
MCA6571,D,2025-10-31,Observation automatique
MCA6571,B,2025-08-13,Observation automatique
MCA6571,D,2025-09-13,Observation automatique
MCA6571,E,2025-11-30,Observation automatique
MCB9239,A,2025-07-27,Observation automatique
MCB9239,A,2025-11-19,Observation automatique
MCB9239,E,2025-09-04,Observation automatique
MCB9239,A,2025-11-17,Observation automatique
MCA4113,A,2025-11-29,Observation automatique
MCA4113,E,2025-12-26,Observation automatique
MCA4113,D,2025-09-26,Observation automatique
MCA4113,E,2025-09-03,Observation automatique
MCA4113,C,2025-07-07,Observation automatique
MCA8272,E,2025-11-10,Observation automatique
MCA8272,C,2025-06-15,Observation automatique
MCA8272,A,2025-09-27,Observation automatique
MCB6980,A,2025-12-18,Observation automatique
MCB6980,D,2025-10-09,Observation automatique
MCB6980,B,2025-11-15,Observation automatique
MCB6980,C,2025-06-27,Observation automatique
MCB6980,B,2025-06-30,Observation automatique
MCC5564,C,2025-12-27,Observation automatique
MCC5564,B,2025-12-01,Observation automatique
MCA0992,E,2025-11-28,Observation automatique
MCA0992,D,2025-10-07,Observation automatique
MCC5939,B,2025-07-16,Observation automatique
MCC5939,B,2025-07-15,Observation automatique
MCC3187,D,2025-06-18,Observation automatique
MCC3187,C,2025-12-03,Observation automatique
MCC3187,E,2025-11-29,Observation automatique
MCC3187,B,2025-07-23,Observation automatique
MCC3187,E,2025-08-04,Observation automatique
MCC2257,A,2025-11-03,Observation automatique
MCC2257,D,2025-10-27,Observation automatique
MCC2257,C,2025-07-31,Observation automatique
MCC3911,A,2025-12-29,Observation automatique
MCB0276,D,2025-06-30,Observation automatique
MCB0276,E,2025-07-27,Observation automatique
MCB0276,E,2025-12-29,Observation automatique
MCC6612,A,2025-09-06,Observation automatique
MCC6612,B,2025-08-05,Observation automatique
MCC6612,D,2025-09-11,Observation automatique
MCC6612,C,2025-09-18,Observation automatique
MCC6612,B,2025-10-17,Observation automatique
MCA8921,E,2025-07-10,Observation automatique
MCB7057,D,2025-11-17,Observation automatique
MCB7057,B,2025-12-19,Observation automatique
MCB7057,A,2025-06-13,Observation automatique
MCB7057,C,2025-10-25,Observation automatique
MCB7057,A,2025-12-18,Observation automatique
MCB7057,A,2025-10-24,Observation automatique
MCB7057,B,2025-10-03,Observation automatique
MCC9698,E,2025-12-02,Observation automatique
MCC9698,D,2025-06-28,Observation automatique
MCC9698,E,2025-07-25,Observation automatique
MCC9698,E,2025-10-24,Observation automatique
MCA3878,A,2025-08-25,Observation automatique
MCA3878,C,2025-08-10,Observation automatique
MCA3878,C,2025-07-10,Observation automatique
MCA3878,D,2025-07-29,Observation automatique
MCA3878,A,2025-08-12,Observation automatique
MCA3878,B,2025-06-16,Observation automatique
MCB1560,B,2025-06-29,Observation automatique
MCB1560,A,2025-09-02,Observation automatique
MCC3756,B,2025-10-11,Observation automatique
MCC3756,C,2025-06-24,Observation automatique
MCC3756,A,2025-12-06,Observation automatique
MCC3756,D,2025-08-08,Observation automatique
MCC3756,D,2025-08-13,Observation automatique
MCC3756,B,2025-12-07,Observation automatique
MCC3756,E,2025-07-04,Observation automatique
MCA6972,C,2025-11-07,Observation automatique
MCA6972,C,2025-09-26,Observation automatique
MCA6972,C,2025-07-29,Observation automatique
MCA6972,C,2025-10-11,Observation automatique
MCA6972,A,2025-07-28,Observation automatique
MCA6972,D,2025-12-13,Observation automatique
MCA6972,C,2025-06-27,Observation automatique
MCB3961,A,2025-08-23,Observation automatique
MCB3961,A,2025-07-19,Observation automatique
MCB3961,B,2025-07-25,Observation automatique
MCB3961,B,2025-11-19,Observation automatique
MCB3961,B,2025-12-29,Observation automatique
MCB3961,A,2025-07-08,Observation automatique
MCA9244,D,2025-08-16,Observation automatique
MCA9244,B,2025-06-25,Observation automatique
MCA9244,E,2025-11-10,Observation automatique
MCA9244,D,2025-09-03,Observation automatique
MCA9244,A,2025-10-10,Observation automatique
MCA7869,E,2025-08-17,Observation automatique
MCA7869,C,2025-06-22,Observation automatique
MCA7869,B,2025-11-15,Observation automatique
MCA7869,B,2025-11-16,Observation automatique
MCA7869,E,2025-10-04,Observation automatique
MCA7869,C,2025-07-09,Observation automatique
MCA7869,C,2025-07-31,Observation automatique
MCB2998,C,2025-10-21,Observation automatique
MCA2496,A,2025-10-17,Observation automatique
MCA2496,D,2025-11-13,Observation automatique
MCA2496,D,2025-11-21,Observation automatique
MCA2496,B,2025-08-23,Observation automatique
MCA2496,E,2025-07-17,Observation automatique
MCA2496,D,2025-07-18,Observation automatique
MCC1965,D,2025-09-29,Observation automatique
MCC1965,E,2025-07-05,Observation automatique
MCC1965,D,2025-07-22,Observation automatique
MCC1965,C,2025-09-15,Observation automatique
MCC7695,A,2025-07-31,Observation automatique
MCC7695,A,2025-07-06,Observation automatique
MCC7695,A,2025-11-25,Observation automatique
MCC7695,E,2025-11-14,Observation automatique
MCC7695,B,2025-12-12,Observation automatique
MCC7695,C,2025-11-13,Observation automatique
MCA2724,B,2025-12-04,Observation automatique
MCA2724,E,2025-07-23,Observation automatique
MCA2724,B,2025-08-18,Observation automatique
MCA2724,C,2025-11-28,Observation automatique
MCA2724,A,2025-10-02,Observation automatique
MCA2724,B,2025-12-08,Observation automatique
MCC8866,B,2025-07-26,Observation automatique
MCC8866,C,2025-06-18,Observation automatique
MCC8866,E,2025-09-22,Observation automatique
MCC8866,A,2025-10-20,Observation automatique
MCC8866,C,2025-08-12,Observation automatique
MCC8866,E,2025-06-19,Observation automatique
MCC8866,A,2025-09-18,Observation automatique
MCB9345,D,2025-06-10,Observation automatique
MCB9345,A,2025-07-31,Observation automatique
MCB9345,E,2025-06-08,Observation automatique
MCB9345,C,2025-08-09,Observation automatique
MCB9345,C,2025-10-30,Observation automatique
MCA5574,B,2025-09-10,Observation automatique
MCA5574,E,2025-10-26,Observation automatique
MCB9925,E,2025-06-15,Observation automatique
MCB9925,B,2025-06-16,Observation automatique
MCB9925,D,2025-09-09,Observation automatique
MCB9925,C,2025-07-09,Observation automatique
MCB9925,A,2025-10-03,Observation automatique
MCB9925,A,2025-10-01,Observation automatique
MCB9925,D,2025-10-28,Observation automatique
MCA2915,C,2025-12-22,Observation automatique
MCA2915,E,2025-12-30,Observation automatique
MCA2915,E,2025-08-25,Observation automatique
MCA2915,C,2025-08-16,Observation automatique
MCA2915,A,2025-08-03,Observation automatique
MCC7641,E,2025-12-16,Observation automatique
MCC7641,A,2025-12-02,Observation automatique
MCC7641,D,2025-10-23,Observation automatique
MCC7641,B,2025-10-14,Observation automatique
MCC7641,B,2025-06-01,Observation automatique
MCC7641,B,2025-07-31,Observation automatique
MCC7641,D,2025-09-22,Observation automatique
MCA1570,C,2025-09-12,Observation automatique
MCA1570,B,2025-09-24,Observation automatique
MCA1570,C,2025-10-14,Observation automatique
MCB7026,B,2025-09-22,Observation automatique
MCB7026,D,2025-11-11,Observation automatique
MCB8390,C,2025-07-08,Observation automatique
MCB8390,C,2025-10-16,Observation automatique
MCB8390,D,2025-08-05,Observation automatique
MCB8390,B,2025-08-02,Observation automatique
MCB2813,B,2025-10-08,Observation automatique
MCB2813,D,2025-12-16,Observation automatique
MCA7706,B,2025-09-23,Observation automatique
MCB2309,A,2025-08-09,Observation automatique
MCB2309,D,2025-09-15,Observation automatique
MCB2309,B,2025-07-09,Observation automatique
MCB2309,D,2025-10-25,Observation automatique
MCB2309,D,2025-11-13,Observation automatique
MCB4054,E,2025-09-19,Observation automatique
MCB4054,D,2025-11-02,Observation automatique
MCB4054,C,2025-10-11,Observation automatique
MCB4054,B,2025-07-31,Observation automatique
MCA1696,C,2025-08-09,Observation automatique
MCA1696,C,2025-12-30,Observation automatique
MCA1696,C,2025-09-03,Observation automatique
MCA1696,E,2025-11-25,Observation automatique
MCC6586,E,2025-12-01,Observation automatique
MCC6586,E,2025-08-01,Observation automatique
MCC6586,A,2025-06-21,Observation automatique
MCC6586,D,2025-06-03,Observation automatique
MCC6586,D,2025-09-04,Observation automatique
MCB9060,B,2025-08-06,Observation automatique
MCB9060,E,2025-08-25,Observation automatique
MCB9060,A,2025-11-13,Observation automatique
MCB9060,E,2025-12-26,Observation automatique
MCB9060,D,2025-11-22,Observation automatique
MCB9060,E,2025-11-29,Observation automatique
MCB9060,A,2025-06-06,Observation automatique
MCB3550,A,2025-07-17,Observation automatique
MCB3550,E,2025-07-22,Observation automatique
MCB3550,D,2025-11-16,Observation automatique
MCB3550,A,2025-10-17,Observation automatique
MCB3550,C,2025-12-20,Observation automatique
MCB2274,B,2025-12-07,Observation automatique
MCB2274,E,2025-07-12,Observation automatique
MCA9510,D,2025-08-09,Observation automatique
MCB8770,E,2025-10-26,Observation automatique
MCC8467,B,2025-11-01,Observation automatique
MCC8467,D,2025-09-27,Observation automatique
MCC8467,D,2025-07-05,Observation automatique
MCC8467,B,2025-08-26,Observation automatique
MCC8467,A,2025-06-04,Observation automatique
MCC8467,E,2025-10-21,Observation automatique
MCC8467,D,2025-06-08,Observation automatique
MCA9886,D,2025-11-29,Observation automatique
MCA9886,E,2025-12-14,Observation automatique
MCA9886,C,2025-07-16,Observation automatique
MCA9886,D,2025-08-29,Observation automatique
MCC2395,A,2025-06-05,Observation automatique
MCC2395,D,2025-12-22,Observation automatique
MCC2395,C,2025-08-13,Observation automatique
MCC2395,E,2025-08-22,Observation automatique
MCC9499,D,2025-06-30,Observation automatique
MCC9499,B,2025-08-08,Observation automatique
MCC9499,C,2025-07-28,Observation automatique
MCC9499,B,2025-11-28,Observation automatique
MCC9499,C,2025-07-02,Observation automatique
MCC9499,E,2025-11-21,Observation automatique
MCC9499,A,2025-10-30,Observation automatique
MCA7434,D,2025-08-01,Observation automatique
MCC3795,B,2025-09-20,Observation automatique
MCC3795,A,2025-08-05,Observation automatique
MCC3795,C,2025-12-05,Observation automatique
MCC3795,A,2025-08-28,Observation automatique
MCC3795,B,2025-10-18,Observation automatique
MCC3795,D,2025-07-18,Observation automatique
MCC3795,D,2025-11-25,Observation automatique
MCB7077,B,2025-06-23,Observation automatique
MCB7077,A,2025-10-13,Observation automatique
MCA0650,D,2025-06-14,Observation automatique
MCB9572,A,2025-09-26,Observation automatique
MCB9572,E,2025-08-26,Observation automatique
MCB9572,B,2025-09-25,Observation automatique
MCB9572,A,2025-09-03,Observation automatique
MCB9572,E,2025-10-08,Observation automatique
MCB8667,C,2025-10-17,Observation automatique
MCB8667,E,2025-07-21,Observation automatique
MCB8667,A,2025-08-01,Observation automatique
MCB8667,D,2025-11-24,Observation automatique
MCB8667,E,2025-10-07,Observation automatique
MCB8667,B,2025-12-11,Observation automatique
MCB8667,A,2025-06-12,Observation automatique
MCB5461,A,2025-10-20,Observation automatique
MCB5461,A,2025-06-03,Observation automatique
MCB5461,B,2025-07-28,Observation automatique
MCB5461,B,2025-09-09,Observation automatique
MCB5461,B,2025-07-09,Observation automatique
MCC7349,B,2025-12-10,Observation automatique
MCC7349,C,2025-09-19,Observation automatique
MCC7349,E,2025-10-15,Observation automatique
MCC7349,B,2025-11-04,Observation automatique
MCC7349,A,2025-10-23,Observation automatique
MCC7349,E,2025-10-17,Observation automatique
MCC4130,C,2025-07-25,Observation automatique
MCC4130,D,2025-07-01,Observation automatique
MCA8417,E,2025-08-17,Observation automatique
MCA8417,A,2025-09-10,Observation automatique
MCA8417,B,2025-08-14,Observation automatique
MCA8417,B,2025-08-20,Observation automatique
MCA8417,B,2025-11-14,Observation automatique
MCA8417,E,2025-12-06,Observation automatique
MCA6767,A,2025-07-29,Observation automatique
MCA6767,B,2025-09-01,Observation automatique
MCA6767,A,2025-12-12,Observation automatique
MCA6767,A,2025-12-16,Observation automatique
MCA6767,D,2025-09-30,Observation automatique
MCA6767,D,2025-12-23,Observation automatique
MCC2019,C,2025-10-16,Observation automatique
MCC2019,A,2025-10-04,Observation automatique
MCB0968,A,2025-08-24,Observation automatique
MCB0968,B,2025-10-07,Observation automatique
MCB0968,A,2025-09-30,Observation automatique
MCB0968,D,2025-08-22,Observation automatique
MCB0968,E,2025-09-26,Observation automatique
MCA2239,E,2025-09-30,Observation automatique
MCA2239,D,2025-08-15,Observation automatique
MCA2239,E,2025-07-14,Observation automatique
MCA2239,B,2025-06-06,Observation automatique
MCA2239,C,2025-12-20,Observation automatique
MCA2239,B,2025-11-02,Observation automatique
MCA8305,B,2025-10-14,Observation automatique
MCA8305,D,2025-08-04,Observation automatique
MCA8305,E,2025-07-19,Observation automatique
MCA8305,A,2025-12-25,Observation automatique
MCC8551,E,2025-10-02,Observation automatique
MCC8551,D,2025-08-07,Observation automatique
MCA3198,E,2025-09-04,Observation automatique
MCA3198,D,2025-09-17,Observation automatique
MCA3198,D,2025-06-20,Observation automatique
MCB3937,B,2025-07-12,Observation automatique
MCB3937,C,2025-06-11,Observation automatique
MCB3937,C,2025-07-21,Observation automatique
MCB3937,B,2025-09-29,Observation automatique
MCB3937,C,2025-10-01,Observation automatique
MCB3937,A,2025-06-18,Observation automatique
MCB3937,C,2025-10-17,Observation automatique
MCC4335,E,2025-06-09,Observation automatique
MCC4335,B,2025-11-03,Observation automatique
MCC4335,D,2025-12-11,Observation automatique
MCC4335,D,2025-08-31,Observation automatique
MCC4335,C,2025-11-01,Observation automatique
MCC4335,B,2025-09-09,Observation automatique
MCC4335,A,2025-07-08,Observation automatique
MCB9484,E,2025-08-11,Observation automatique
MCB9484,B,2025-08-07,Observation automatique
MCC8462,A,2025-06-01,Observation automatique
MCC8462,A,2025-06-18,Observation automatique
MCC8462,E,2025-09-27,Observation automatique
MCC8462,D,2025-10-07,Observation automatique
MCA2317,D,2025-06-13,Observation automatique
MCA2317,B,2025-12-18,Observation automatique
MCA2317,E,2025-07-09,Observation automatique
MCB3166,E,2025-06-21,Observation automatique
MCB3166,B,2025-06-20,Observation automatique
MCB3166,A,2025-09-15,Observation automatique
MCB6870,D,2025-09-14,Observation automatique
MCB6870,E,2025-08-04,Observation automatique
MCB6870,E,2025-06-15,Observation automatique
MCC3586,B,2025-06-25,Observation automatique
MCC3586,C,2025-06-09,Observation automatique
MCC3586,D,2025-11-02,Observation automatique
MCC3586,D,2025-10-29,Observation automatique
MCC3586,C,2025-08-21,Observation automatique
MCA4258,E,2025-08-13,Observation automatique
MCA4258,E,2025-09-03,Observation automatique
MCA9958,D,2025-11-14,Observation automatique
MCA9958,C,2025-06-11,Observation automatique
MCB0624,E,2025-07-08,Observation automatique
MCB0624,A,2025-10-28,Observation automatique
MCB0624,B,2025-11-14,Observation automatique
MCC8408,E,2025-11-25,Observation automatique
MCC8408,E,2025-10-20,Observation automatique
MCB4519,A,2025-09-02,Observation automatique
MCB2143,D,2025-10-14,Observation automatique
MCB2143,D,2025-06-02,Observation automatique
MCB2143,B,2025-10-07,Observation automatique
MCB2143,B,2025-08-30,Observation automatique
MCB2143,E,2025-06-21,Observation automatique
MCB2143,A,2025-12-09,Observation automatique
MCB2143,E,2025-11-09,Observation automatique
MCB2194,B,2025-09-08,Observation automatique
MCB2194,D,2025-12-07,Observation automatique
MCB2194,E,2025-10-04,Observation automatique
MCA8564,D,2025-10-08,Observation automatique
MCA8564,E,2025-09-26,Observation automatique
MCA8564,D,2025-06-14,Observation automatique
MCA8564,A,2025-07-06,Observation automatique
MCA8564,B,2025-06-21,Observation automatique
MCB8282,A,2025-08-11,Observation automatique
MCB8282,C,2025-11-08,Observation automatique
MCB5818,C,2025-10-18,Observation automatique
MCB5818,A,2025-10-10,Observation automatique
MCB5818,D,2025-07-29,Observation automatique
MCB5818,B,2025-08-16,Observation automatique
MCB5818,B,2025-12-03,Observation automatique
MCA0676,A,2025-10-23,Observation automatique
MCA0676,A,2025-07-14,Observation automatique
MCA5596,C,2025-12-09,Observation automatique
MCA5596,A,2025-09-02,Observation automatique
MCA5596,E,2025-06-17,Observation automatique
MCA5596,B,2025-11-08,Observation automatique
MCA5596,C,2025-09-19,Observation automatique
MCA5596,C,2025-07-29,Observation automatique
MCB4128,B,2025-08-23,Observation automatique
MCB4128,A,2025-09-26,Observation automatique
MCB4128,A,2025-07-23,Observation automatique
MCB4128,B,2025-08-18,Observation automatique
MCB4128,C,2025-07-14,Observation automatique
MCB6677,A,2025-11-27,Observation automatique
MCB6677,D,2025-06-19,Observation automatique
MCB6677,B,2025-12-13,Observation automatique
MCB6677,B,2025-12-23,Observation automatique
MCB6677,E,2025-12-27,Observation automatique
MCB6677,B,2025-06-07,Observation automatique
MCB7892,B,2025-06-28,Observation automatique
MCB7892,A,2025-07-04,Observation automatique
MCB1102,A,2025-08-22,Observation automatique
MCB1102,E,2025-08-25,Observation automatique
MCB1102,E,2025-06-24,Observation automatique
MCB1102,D,2025-11-13,Observation automatique
MCA9350,D,2025-08-19,Observation automatique
MCA9350,C,2025-07-21,Observation automatique
MCC0653,A,2025-11-29,Observation automatique
MCC4521,C,2025-09-05,Observation automatique
MCC4521,D,2025-12-18,Observation automatique
MCC4521,B,2025-12-15,Observation automatique
MCC4521,C,2025-09-23,Observation automatique
MCC4521,E,2025-06-23,Observation automatique
MCC4521,A,2025-08-21,Observation automatique
MCC5291,C,2025-12-23,Observation automatique
MCC5291,B,2025-09-16,Observation automatique
MCC5291,D,2025-06-08,Observation automatique
MCC5291,C,2025-12-09,Observation automatique
MCC5291,C,2025-09-02,Observation automatique
MCC5291,A,2025-10-13,Observation automatique
MCB1517,E,2025-09-29,Observation automatique
MCC6509,C,2025-06-14,Observation automatique
MCC6509,A,2025-10-20,Observation automatique
MCC6509,E,2025-12-26,Observation automatique
MCC5252,C,2025-12-15,Observation automatique
MCC5252,A,2025-06-27,Observation automatique
MCC5252,C,2025-10-12,Observation automatique
MCB0497,D,2025-07-03,Observation automatique
MCB0497,B,2025-06-10,Observation automatique
MCB0497,E,2025-11-28,Observation automatique
MCB0497,B,2025-12-03,Observation automatique
MCB0497,D,2025-11-05,Observation automatique
MCB6589,B,2025-07-11,Observation automatique
MCB6589,D,2025-09-17,Observation automatique
MCB6589,B,2025-11-09,Observation automatique
MCA9602,D,2025-11-19,Observation automatique
MCA9602,A,2025-06-09,Observation automatique
MCC6342,A,2025-11-23,Observation automatique
MCC6342,C,2025-06-20,Observation automatique
MCC6342,A,2025-11-12,Observation automatique
MCC6342,B,2025-07-18,Observation automatique
MCC6342,C,2025-06-14,Observation automatique
MCC6342,A,2025-12-21,Observation automatique
MCC6342,A,2025-06-13,Observation automatique
MCC5035,B,2025-07-13,Observation automatique
MCC8325,C,2025-11-14,Observation automatique
MCB0647,D,2025-11-23,Observation automatique
MCC0347,C,2025-07-01,Observation automatique
MCC0347,A,2025-06-18,Observation automatique
MCC0347,A,2025-10-29,Observation automatique
MCC1447,B,2025-10-30,Observation automatique
MCC1447,B,2025-09-24,Observation automatique
MCC1447,A,2025-06-29,Observation automatique
MCC8264,C,2025-11-18,Observation automatique
MCA7095,C,2025-09-29,Observation automatique
MCB3933,B,2025-06-11,Observation automatique
MCB3933,D,2025-06-15,Observation automatique
MCB3933,E,2025-12-19,Observation automatique
MCB3933,B,2025-12-09,Observation automatique
MCB3933,E,2025-08-10,Observation automatique
MCB3933,B,2025-11-18,Observation automatique
MCC5961,C,2025-09-03,Observation automatique
MCC5961,B,2025-10-06,Observation automatique
MCC5961,E,2025-11-29,Observation automatique
MCA2013,A,2025-12-16,Observation automatique
MCA2013,B,2025-09-13,Observation automatique
MCA6469,B,2025-07-19,Observation automatique
MCA6469,C,2025-12-05,Observation automatique
MCA6469,B,2025-08-19,Observation automatique
MCA6469,A,2025-11-23,Observation automatique
MCB1846,C,2025-12-10,Observation automatique
MCB1846,E,2025-08-04,Observation automatique
MCB1846,B,2025-08-09,Observation automatique
MCA8099,A,2025-11-01,Observation automatique
MCA8099,C,2025-09-06,Observation automatique
MCA8099,C,2025-09-18,Observation automatique
MCA8099,A,2025-08-04,Observation automatique
MCA8099,E,2025-11-15,Observation automatique
MCA8099,E,2025-10-04,Observation automatique
MCA8099,C,2025-07-26,Observation automatique
MCC6648,E,2025-12-26,Observation automatique
MCC6648,B,2025-12-16,Observation automatique
MCC6648,B,2025-10-12,Observation automatique
MCC6648,D,2025-07-29,Observation automatique
MCC6648,C,2025-12-19,Observation automatique
MCC6648,D,2025-10-02,Observation automatique
MCA1491,C,2025-11-19,Observation automatique
MCA1491,B,2025-11-06,Observation automatique
MCA1491,B,2025-08-21,Observation automatique
MCA1491,E,2025-11-21,Observation automatique
MCA1491,C,2025-11-18,Observation automatique
MCA1491,D,2025-12-01,Observation automatique
MCA1491,A,2025-11-05,Observation automatique
MCA9536,E,2025-11-11,Observation automatique
MCA9536,B,2025-12-17,Observation automatique
MCA9536,C,2025-12-14,Observation automatique
MCA9536,C,2025-11-29,Observation automatique
MCA9536,D,2025-09-08,Observation automatique
MCA9536,E,2025-12-05,Observation automatique
MCA9536,B,2025-11-21,Observation automatique
MCB2683,C,2025-06-13,Observation automatique
MCB2683,C,2025-08-10,Observation automatique
MCB2683,C,2025-07-14,Observation automatique
MCC7745,E,2025-09-30,Observation automatique
MCC7745,B,2025-08-29,Observation automatique
MCC7745,B,2025-07-05,Observation automatique
MCC7745,A,2025-08-07,Observation automatique
MCC7745,A,2025-12-23,Observation automatique
MCC7745,E,2025-07-19,Observation automatique
MCC2018,C,2025-09-02,Observation automatique
MCC2018,C,2025-11-29,Observation automatique
MCC2018,C,2025-09-30,Observation automatique
MCC2018,E,2025-11-22,Observation automatique
MCC2018,D,2025-09-07,Observation automatique
MCC2018,B,2025-11-05,Observation automatique
MCC7673,D,2025-11-09,Observation automatique
MCC7673,A,2025-11-10,Observation automatique
MCC7673,C,2025-12-01,Observation automatique
MCA0743,B,2025-12-11,Observation automatique
MCA9620,A,2025-06-28,Observation automatique
MCA9620,D,2025-06-19,Observation automatique
MCA9620,E,2025-08-17,Observation automatique
MCA9620,E,2025-10-05,Observation automatique
MCA9620,E,2025-09-15,Observation automatique
MCA9620,D,2025-10-01,Observation automatique
MCA9620,A,2025-11-02,Observation automatique
MCB2959,B,2025-12-07,Observation automatique
MCB2959,C,2025-10-22,Observation automatique
MCB5809,B,2025-06-23,Observation automatique
MCB5809,A,2025-10-24,Observation automatique
MCA8088,B,2025-09-15,Observation automatique
MCA8088,E,2025-12-14,Observation automatique
MCB3214,E,2025-10-11,Observation automatique
MCB3214,D,2025-12-23,Observation automatique
MCB3214,B,2025-06-08,Observation automatique
MCB3214,C,2025-11-13,Observation automatique
MCB7003,B,2025-12-26,Observation automatique
MCB7003,B,2025-07-17,Observation automatique
MCB7003,B,2025-12-25,Observation automatique
MCB7003,C,2025-11-03,Observation automatique
MCB7003,E,2025-09-05,Observation automatique
MCB7003,C,2025-07-12,Observation automatique
MCC8313,B,2025-09-25,Observation automatique
MCC8313,B,2025-10-20,Observation automatique
MCC8313,D,2025-09-21,Observation automatique
MCC8313,D,2025-11-24,Observation automatique
MCC8313,C,2025-12-23,Observation automatique
MCA4360,B,2025-08-23,Observation automatique
MCA4360,A,2025-08-04,Observation automatique
MCA4360,B,2025-06-14,Observation automatique
MCA4360,C,2025-08-17,Observation automatique
MCC5736,A,2025-09-20,Observation automatique
MCC9639,E,2025-09-02,Observation automatique
MCC9639,A,2025-11-17,Observation automatique
MCC9639,B,2025-06-12,Observation automatique
MCC9639,E,2025-07-21,Observation automatique
MCC9639,B,2025-11-15,Observation automatique
MCC9639,D,2025-06-19,Observation automatique
MCB0295,A,2025-06-30,Observation automatique
MCB0295,C,2025-07-20,Observation automatique
MCB0295,A,2025-08-23,Observation automatique
MCB0295,C,2025-08-28,Observation automatique
MCB8916,A,2025-09-11,Observation automatique
MCB8916,E,2025-12-21,Observation automatique
MCB8916,D,2025-11-27,Observation automatique
MCB8916,A,2025-06-17,Observation automatique
MCB8916,B,2025-08-09,Observation automatique
MCB8916,D,2025-09-25,Observation automatique
MCB3398,A,2025-09-28,Observation automatique
MCB3398,E,2025-06-09,Observation automatique
MCB3398,A,2025-10-05,Observation automatique
MCB3398,C,2025-12-16,Observation automatique
MCB3398,A,2025-09-22,Observation automatique
MCB3398,E,2025-07-10,Observation automatique
MCC8886,E,2025-07-03,Observation automatique
MCC8886,C,2025-06-03,Observation automatique
MCC8886,D,2025-07-26,Observation automatique
MCC8886,E,2025-08-01,Observation automatique
MCC8886,C,2025-06-01,Observation automatique
MCC8886,A,2025-06-20,Observation automatique
MCB1689,D,2025-10-02,Observation automatique
MCB1689,C,2025-07-19,Observation automatique
MCB1689,C,2025-08-09,Observation automatique
MCB1689,B,2025-12-21,Observation automatique
MCC7915,A,2025-06-27,Observation automatique
MCC7915,B,2025-09-05,Observation automatique
MCB5093,C,2025-12-25,Observation automatique
MCB5093,D,2025-06-03,Observation automatique
MCB5093,D,2025-08-19,Observation automatique
MCC1796,E,2025-12-01,Observation automatique
MCC1796,D,2025-06-10,Observation automatique
MCC1796,C,2025-06-12,Observation automatique
MCC0878,D,2025-10-02,Observation automatique
MCC0878,B,2025-11-11,Observation automatique
MCC0878,D,2025-10-21,Observation automatique
MCC0878,D,2025-09-15,Observation automatique
MCC0878,E,2025-06-10,Observation automatique
MCC0878,C,2025-07-26,Observation automatique
MCC0878,C,2025-06-03,Observation automatique
MCB1064,D,2025-09-01,Observation automatique
MCA6551,D,2025-12-11,Observation automatique
MCA6551,A,2025-08-05,Observation automatique
MCA6551,E,2025-09-16,Observation automatique
MCA6551,C,2025-10-04,Observation automatique
MCA6551,C,2025-06-11,Observation automatique
MCC3287,D,2025-11-14,Observation automatique
MCC3287,C,2025-11-05,Observation automatique
MCC3287,D,2025-12-22,Observation automatique
MCC3287,C,2025-12-16,Observation automatique
MCC3287,A,2025-07-25,Observation automatique
MCC3287,E,2025-08-04,Observation automatique
MCC4210,A,2025-10-05,Observation automatique
MCC4210,D,2025-10-25,Observation automatique
MCC4210,A,2025-07-18,Observation automatique
MCC4210,B,2025-11-18,Observation automatique
MCC4210,E,2025-11-15,Observation automatique
MCC4210,D,2025-08-28,Observation automatique
MCB1809,D,2025-09-12,Observation automatique
MCB1809,B,2025-11-12,Observation automatique
MCB1809,A,2025-12-24,Observation automatique
MCB1809,C,2025-08-05,Observation automatique
MCB8117,C,2025-07-24,Observation automatique
MCB8117,A,2025-10-02,Observation automatique
MCB8117,B,2025-08-01,Observation automatique
MCB8117,D,2025-06-02,Observation automatique
MCA3325,B,2025-07-28,Observation automatique
MCA3325,A,2025-06-28,Observation automatique
MCA3325,A,2025-10-03,Observation automatique
MCB5248,C,2025-12-22,Observation automatique
MCB5248,E,2025-12-09,Observation automatique
MCB5248,B,2025-11-16,Observation automatique
MCB8420,B,2025-07-22,Observation automatique
MCB8420,A,2025-06-13,Observation automatique
MCB8420,E,2025-09-30,Observation automatique
MCB8420,D,2025-06-15,Observation automatique
MCA8665,C,2025-09-25,Observation automatique
MCA8665,D,2025-08-15,Observation automatique
MCA8665,C,2025-06-03,Observation automatique
MCA8665,A,2025-06-19,Observation automatique
MCA8665,C,2025-06-04,Observation automatique
MCA8665,B,2025-11-07,Observation automatique
MCA8665,E,2025-06-07,Observation automatique
MCC6190,C,2025-06-17,Observation automatique
MCC6190,C,2025-09-20,Observation automatique
MCC6190,C,2025-06-30,Observation automatique
MCC6190,E,2025-07-18,Observation automatique
MCC6190,C,2025-07-29,Observation automatique
MCC6190,D,2025-09-17,Observation automatique
MCC6190,A,2025-08-31,Observation automatique
MCC4565,B,2025-12-12,Observation automatique
MCC4565,A,2025-07-15,Observation automatique
MCA6794,A,2025-12-12,Observation automatique
MCA6794,C,2025-07-24,Observation automatique
MCA6794,B,2025-09-07,Observation automatique
MCA6794,A,2025-12-19,Observation automatique
MCA4574,A,2025-08-12,Observation automatique
MCA4207,C,2025-07-03,Observation automatique
MCA4207,D,2025-10-16,Observation automatique
MCA4207,D,2025-12-13,Observation automatique
MCA4207,D,2025-09-15,Observation automatique
MCA4207,A,2025-11-18,Observation automatique
MCA4207,B,2025-09-29,Observation automatique
MCB5977,E,2025-10-12,Observation automatique
MCB5977,A,2025-12-14,Observation automatique
MCB5977,D,2025-12-30,Observation automatique
MCB5977,D,2025-08-29,Observation automatique
MCB5977,A,2025-08-26,Observation automatique
MCB5977,E,2025-08-03,Observation automatique
MCB5977,C,2025-09-09,Observation automatique
MCC7633,B,2025-12-17,Observation automatique
MCC7633,C,2025-11-18,Observation automatique
MCC7633,E,2025-09-03,Observation automatique
MCC6467,C,2025-11-06,Observation automatique
MCC6467,D,2025-12-10,Observation automatique
MCC6467,E,2025-07-22,Observation automatique
MCC6467,A,2025-10-13,Observation automatique
MCC6467,E,2025-07-24,Observation automatique
MCC6467,A,2025-12-27,Observation automatique
MCC6467,B,2025-09-22,Observation automatique
MCA2068,E,2025-06-23,Observation automatique
MCA2068,C,2025-12-17,Observation automatique
MCA2068,C,2025-09-07,Observation automatique
MCA2068,D,2025-10-26,Observation automatique
MCA2068,A,2025-07-07,Observation automatique
MCB1400,C,2025-11-25,Observation automatique
MCB1400,E,2025-08-20,Observation automatique
MCB1400,E,2025-08-17,Observation automatique
MCB5066,B,2025-07-31,Observation automatique
MCB5066,A,2025-08-06,Observation automatique
MCB5066,D,2025-08-08,Observation automatique
MCA2626,E,2025-06-17,Observation automatique
MCA2626,A,2025-06-19,Observation automatique
MCC3927,E,2025-06-28,Observation automatique
MCC3927,B,2025-10-26,Observation automatique
MCC3927,B,2025-09-15,Observation automatique
MCB8752,E,2025-07-16,Observation automatique
MCB8752,B,2025-07-20,Observation automatique
MCB8752,D,2025-12-25,Observation automatique
MCB8752,D,2025-11-01,Observation automatique
MCB8752,C,2025-12-08,Observation automatique
MCB8752,B,2025-11-06,Observation automatique
MCB9537,E,2025-10-07,Observation automatique
MCB9537,A,2025-09-06,Observation automatique
MCB1355,E,2025-12-30,Observation automatique
MCB7318,C,2025-11-30,Observation automatique
MCB7318,B,2025-09-15,Observation automatique
MCB7318,D,2025-10-13,Observation automatique
MCB7318,E,2025-06-09,Observation automatique
MCB7318,B,2025-10-30,Observation automatique
MCC5718,A,2025-07-08,Observation automatique
MCC5718,D,2025-10-18,Observation automatique
MCC5718,E,2025-12-29,Observation automatique
MCC5718,E,2025-09-07,Observation automatique
MCC1698,E,2025-11-09,Observation automatique
MCA0322,A,2025-07-10,Observation automatique
MCA0322,D,2025-10-05,Observation automatique
MCA0322,C,2025-11-20,Observation automatique
MCA0322,B,2025-08-17,Observation automatique
MCA0322,C,2025-09-07,Observation automatique
MCA9799,E,2025-08-14,Observation automatique
MCA9799,A,2025-10-16,Observation automatique
MCA9799,A,2025-07-20,Observation automatique
MCA9799,A,2025-10-08,Observation automatique
MCA9799,C,2025-07-23,Observation automatique
MCA9799,D,2025-11-16,Observation automatique
MCA9799,B,2025-11-21,Observation automatique
MCA5110,A,2025-10-17,Observation automatique
MCA5110,C,2025-08-20,Observation automatique
MCA5110,D,2025-10-11,Observation automatique
MCA5110,E,2025-07-21,Observation automatique
MCA5110,C,2025-06-21,Observation automatique
MCA5110,E,2025-06-15,Observation automatique
MCC5402,B,2025-07-25,Observation automatique
MCA8526,C,2025-08-15,Observation automatique
MCA8526,D,2025-07-10,Observation automatique
MCA8526,C,2025-06-18,Observation automatique
MCA8526,B,2025-06-25,Observation automatique
MCA8526,D,2025-12-18,Observation automatique
MCA8526,B,2025-07-31,Observation automatique
MCA5749,A,2025-07-05,Observation automatique
MCA5749,C,2025-06-08,Observation automatique
MCA5749,A,2025-10-16,Observation automatique
MCA5749,C,2025-06-09,Observation automatique
MCA5749,E,2025-10-11,Observation automatique
MCA5749,B,2025-06-06,Observation automatique
MCA5749,B,2025-06-23,Observation automatique
MCA9200,D,2025-10-18,Observation automatique
MCA9200,B,2025-11-25,Observation automatique
MCA9200,D,2025-12-13,Observation automatique
MCA9200,D,2025-09-26,Observation automatique
MCA9200,B,2025-06-11,Observation automatique
MCA9200,B,2025-12-27,Observation automatique
MCB3713,A,2025-12-05,Observation automatique
MCB0846,E,2025-07-17,Observation automatique
MCB0846,C,2025-08-24,Observation automatique
MCB0846,A,2025-07-09,Observation automatique
MCC8247,B,2025-08-30,Observation automatique
MCC8247,A,2025-11-05,Observation automatique
MCC8247,C,2025-09-08,Observation automatique
MCA1861,D,2025-12-29,Observation automatique
MCC2838,A,2025-06-18,Observation automatique
MCC2838,C,2025-11-24,Observation automatique
MCC2838,B,2025-06-01,Observation automatique
MCC2838,C,2025-07-07,Observation automatique
MCC2838,B,2025-11-02,Observation automatique
MCC2838,A,2025-09-30,Observation automatique
MCC2838,C,2025-10-10,Observation automatique
MCA4678,C,2025-08-17,Observation automatique
MCA4678,C,2025-11-07,Observation automatique
MCA4678,D,2025-12-25,Observation automatique
MCA4678,A,2025-07-28,Observation automatique
MCC8034,D,2025-09-28,Observation automatique
MCC8034,E,2025-10-20,Observation automatique
MCC8034,C,2025-10-01,Observation automatique
MCC8034,E,2025-10-18,Observation automatique
MCC9129,A,2025-09-24,Observation automatique
MCC9129,C,2025-09-07,Observation automatique
MCC9129,E,2025-11-20,Observation automatique
MCA1440,E,2025-12-19,Observation automatique
MCA7157,A,2025-11-26,Observation automatique
MCA7157,E,2025-09-24,Observation automatique
MCB6275,A,2025-07-10,Observation automatique
MCB6275,C,2025-09-30,Observation automatique
MCB6275,A,2025-11-04,Observation automatique
MCB6275,A,2025-10-16,Observation automatique
MCB6275,E,2025-06-20,Observation automatique
MCB6275,D,2025-07-20,Observation automatique
MCB6275,C,2025-10-17,Observation automatique
MCA5354,D,2025-10-10,Observation automatique
MCA5354,B,2025-06-24,Observation automatique
MCA5354,C,2025-12-24,Observation automatique
MCC1185,A,2025-09-13,Observation automatique
MCC1185,B,2025-11-25,Observation automatique
MCC1185,B,2025-09-12,Observation automatique
MCC1185,E,2025-11-13,Observation automatique
MCC1185,E,2025-07-30,Observation automatique
MCC1185,D,2025-11-18,Observation automatique
MCC1185,D,2025-09-02,Observation automatique
MCB7363,D,2025-08-07,Observation automatique
MCB7363,B,2025-06-13,Observation automatique
MCB0803,A,2025-07-23,Observation automatique
MCB0803,C,2025-08-16,Observation automatique
MCB0803,E,2025-11-19,Observation automatique
MCB4971,A,2025-08-30,Observation automatique
MCB4971,B,2025-06-25,Observation automatique
MCB4971,C,2025-11-15,Observation automatique
MCB4971,A,2025-09-29,Observation automatique
MCA7867,A,2025-12-26,Observation automatique
MCA7867,C,2025-09-28,Observation automatique
MCA7867,A,2025-06-12,Observation automatique
MCA7867,B,2025-12-30,Observation automatique
MCA7867,A,2025-11-02,Observation automatique
MCA4865,D,2025-09-28,Observation automatique
MCA4865,A,2025-10-07,Observation automatique
MCA4865,A,2025-12-25,Observation automatique
MCA4865,D,2025-07-20,Observation automatique
MCC2887,E,2025-09-26,Observation automatique
MCC2887,D,2025-09-11,Observation automatique
MCC2887,B,2025-12-09,Observation automatique
MCC2887,D,2025-07-10,Observation automatique
MCC2887,C,2025-08-18,Observation automatique
MCB6406,D,2025-06-23,Observation automatique
MCB6406,B,2025-08-24,Observation automatique
MCB6406,D,2025-10-27,Observation automatique
MCB6245,A,2025-12-09,Observation automatique
MCC4564,A,2025-09-14,Observation automatique
MCB1802,A,2025-08-26,Observation automatique
MCB1802,C,2025-10-16,Observation automatique
MCB1802,E,2025-06-15,Observation automatique
MCB1802,E,2025-12-18,Observation automatique
MCB1802,C,2025-10-06,Observation automatique
MCC7901,A,2025-06-02,Observation automatique
MCC6201,B,2025-09-07,Observation automatique
MCC6201,B,2025-12-02,Observation automatique
MCC6201,A,2025-07-06,Observation automatique
MCC6201,B,2025-07-05,Observation automatique
MCC6201,C,2025-12-29,Observation automatique
MCC6201,B,2025-12-20,Observation automatique
MCC0833,E,2025-07-17,Observation automatique
MCC0833,D,2025-06-30,Observation automatique
MCA5839,E,2025-07-18,Observation automatique
MCA5839,A,2025-10-08,Observation automatique
MCA5839,A,2025-12-30,Observation automatique
MCA5839,D,2025-09-19,Observation automatique
MCB8459,D,2025-09-24,Observation automatique
MCB8459,D,2025-10-19,Observation automatique
MCB8459,C,2025-12-27,Observation automatique
MCB8459,E,2025-09-10,Observation automatique
MCB8459,B,2025-12-21,Observation automatique
MCB3520,B,2025-11-07,Observation automatique
MCB3520,B,2025-06-02,Observation automatique
MCB3520,D,2025-08-22,Observation automatique
MCB3520,C,2025-12-24,Observation automatique
MCA1142,B,2025-08-10,Observation automatique
MCA1142,E,2025-12-22,Observation automatique
MCA1142,B,2025-11-20,Observation automatique
MCA1142,A,2025-08-31,Observation automatique
MCA1142,C,2025-12-20,Observation automatique
MCB9981,B,2025-06-17,Observation automatique
MCB9981,E,2025-12-11,Observation automatique
MCB9981,D,2025-11-20,Observation automatique
MCB9981,B,2025-09-03,Observation automatique
MCB9981,D,2025-10-20,Observation automatique
MCB9981,C,2025-08-08,Observation automatique
MCA4087,D,2025-06-06,Observation automatique
MCA4087,A,2025-09-17,Observation automatique
MCA4087,A,2025-06-13,Observation automatique
MCA4087,B,2025-11-14,Observation automatique
MCA4087,A,2025-06-23,Observation automatique
MCA4087,B,2025-06-12,Observation automatique
MCA4087,A,2025-09-14,Observation automatique
MCA6716,A,2025-06-30,Observation automatique
MCA6716,B,2025-11-26,Observation automatique
MCA6716,E,2025-08-25,Observation automatique
MCA6716,D,2025-11-21,Observation automatique
MCA6716,D,2025-09-25,Observation automatique
MCA9239,B,2025-12-01,Observation automatique
MCA9239,D,2025-06-03,Observation automatique
MCA9239,E,2025-11-02,Observation automatique
MCA9239,A,2025-10-07,Observation automatique
MCC2964,B,2025-08-17,Observation automatique
MCC2964,A,2025-07-06,Observation automatique
MCC2964,B,2025-10-16,Observation automatique
MCC2964,E,2025-09-17,Observation automatique
MCC2964,C,2025-10-27,Observation automatique
MCC2964,B,2025-11-27,Observation automatique
MCC2964,C,2025-08-02,Observation automatique
MCA9365,A,2025-08-21,Observation automatique
MCA9365,C,2025-06-18,Observation automatique
MCC8921,C,2025-10-31,Observation automatique
MCC8921,C,2025-10-17,Observation automatique
MCC8921,C,2025-11-29,Observation automatique
MCC8921,A,2025-11-07,Observation automatique
MCC8921,B,2025-06-07,Observation automatique
MCC8921,D,2025-06-23,Observation automatique
MCC8921,E,2025-08-30,Observation automatique
MCC3585,E,2025-11-07,Observation automatique
MCA4210,B,2025-08-11,Observation automatique
MCB7931,A,2025-11-25,Observation automatique
MCB7931,B,2025-11-17,Observation automatique
MCC8908,A,2025-09-29,Observation automatique
MCC8908,C,2025-11-03,Observation automatique
MCC8908,D,2025-07-13,Observation automatique
MCA9301,B,2025-10-15,Observation automatique
MCA9301,B,2025-08-14,Observation automatique
MCA9301,C,2025-09-08,Observation automatique
MCA9301,C,2025-08-03,Observation automatique
MCB5432,B,2025-12-11,Observation automatique
MCB5432,E,2025-09-18,Observation automatique
MCB7660,B,2025-06-10,Observation automatique
MCB7660,D,2025-07-10,Observation automatique
MCB7660,E,2025-10-29,Observation automatique
MCC3527,A,2025-07-08,Observation automatique
MCC3527,B,2025-08-10,Observation automatique
MCC3527,C,2025-07-04,Observation automatique
MCC3527,D,2025-09-14,Observation automatique
MCC3527,D,2025-06-03,Observation automatique
MCA4263,E,2025-06-15,Observation automatique
MCA4263,E,2025-11-06,Observation automatique
MCA4263,E,2025-10-29,Observation automatique
MCA4263,A,2025-06-05,Observation automatique
MCA4263,D,2025-11-18,Observation automatique
MCA4263,B,2025-11-19,Observation automatique
MCA4263,A,2025-08-22,Observation automatique
MCB9339,B,2025-12-13,Observation automatique
MCB9339,D,2025-11-18,Observation automatique
MCB9339,D,2025-09-11,Observation automatique
MCB9339,A,2025-08-04,Observation automatique
MCB9339,A,2025-11-10,Observation automatique
MCB9339,A,2025-09-15,Observation automatique
MCB9339,B,2025-08-17,Observation automatique
MCC9911,D,2025-11-29,Observation automatique
MCC9911,C,2025-07-07,Observation automatique
MCC9911,E,2025-06-03,Observation automatique
MCC9911,A,2025-06-29,Observation automatique
MCC9911,B,2025-10-16,Observation automatique
MCC9911,B,2025-11-17,Observation automatique
MCC9911,D,2025-08-18,Observation automatique
MCC0144,D,2025-10-28,Observation automatique
MCC0144,E,2025-09-24,Observation automatique
MCC0144,C,2025-11-21,Observation automatique
MCC0144,E,2025-10-25,Observation automatique
MCC2329,E,2025-10-20,Observation automatique
MCC2329,D,2025-11-22,Observation automatique
MCC1035,B,2025-06-27,Observation automatique
MCC1035,B,2025-12-07,Observation automatique
MCC1035,D,2025-12-18,Observation automatique
MCC1035,A,2025-11-11,Observation automatique
MCA3365,D,2025-12-02,Observation automatique
MCA3365,A,2025-07-20,Observation automatique
MCA3365,C,2025-08-03,Observation automatique
MCA3365,D,2025-12-09,Observation automatique
MCA3365,D,2025-08-26,Observation automatique
MCA3365,B,2025-07-14,Observation automatique
MCB7815,A,2025-10-27,Observation automatique
MCC7536,C,2025-11-04,Observation automatique
MCC7536,C,2025-08-24,Observation automatique
MCC7536,C,2025-08-22,Observation automatique
MCC7536,A,2025-09-11,Observation automatique
MCC7536,C,2025-07-16,Observation automatique
MCC9013,E,2025-06-14,Observation automatique
MCC9013,B,2025-12-26,Observation automatique
MCC9013,C,2025-06-17,Observation automatique
MCC9013,A,2025-10-16,Observation automatique
MCB6144,E,2025-08-27,Observation automatique
MCB6144,E,2025-08-22,Observation automatique
MCB6144,E,2025-07-15,Observation automatique
MCB6144,A,2025-12-13,Observation automatique
MCB6144,E,2025-07-22,Observation automatique
MCB6144,C,2025-07-29,Observation automatique
MCB6144,C,2025-06-15,Observation automatique
MCC3879,B,2025-08-14,Observation automatique
MCC3879,B,2025-07-22,Observation automatique
MCC3879,B,2025-07-17,Observation automatique
MCB5175,A,2025-06-10,Observation automatique
MCB5175,E,2025-10-27,Observation automatique
MCB5175,A,2025-07-24,Observation automatique
MCB5175,E,2025-09-08,Observation automatique
MCB5175,A,2025-06-26,Observation automatique
MCB5175,B,2025-09-27,Observation automatique
MCB0416,C,2025-12-29,Observation automatique
MCB0416,E,2025-11-12,Observation automatique
MCB0416,E,2025-11-27,Observation automatique
MCA2821,D,2025-06-10,Observation automatique
MCA2821,E,2025-07-28,Observation automatique
MCA2821,B,2025-11-10,Observation automatique
MCA2821,E,2025-09-20,Observation automatique
MCA2821,E,2025-10-25,Observation automatique
MCA2821,C,2025-10-21,Observation automatique
MCB1198,C,2025-12-09,Observation automatique
MCB1198,A,2025-08-27,Observation automatique
MCB1198,A,2025-09-07,Observation automatique
MCB1198,D,2025-08-26,Observation automatique
MCB1198,C,2025-11-09,Observation automatique
MCB1198,C,2025-07-17,Observation automatique
MCB1198,D,2025-12-05,Observation automatique
MCB2391,D,2025-08-01,Observation automatique
MCC8306,B,2025-08-27,Observation automatique
MCC8306,E,2025-11-09,Observation automatique
MCC8852,A,2025-10-21,Observation automatique
MCC8852,C,2025-07-04,Observation automatique
MCB6447,D,2025-12-25,Observation automatique
MCB6447,D,2025-07-07,Observation automatique
MCB6447,A,2025-07-09,Observation automatique
MCB6447,C,2025-06-22,Observation automatique
MCB6447,D,2025-10-15,Observation automatique
MCB6447,A,2025-12-13,Observation automatique
MCB6447,E,2025-11-12,Observation automatique
MCB6507,C,2025-10-30,Observation automatique
MCB6507,B,2025-12-10,Observation automatique
MCB6507,B,2025-06-16,Observation automatique
MCB6507,C,2025-10-19,Observation automatique
MCB6507,C,2025-06-07,Observation automatique
MCB6507,E,2025-10-24,Observation automatique
MCB6507,B,2025-08-30,Observation automatique
MCA0970,C,2025-12-30,Observation automatique
MCA0970,C,2025-09-30,Observation automatique
MCA0970,B,2025-07-16,Observation automatique
MCA0970,A,2025-12-19,Observation automatique
MCA9938,A,2025-11-14,Observation automatique
MCA9938,C,2025-09-25,Observation automatique
MCA9938,D,2025-10-04,Observation automatique
MCA9938,C,2025-07-15,Observation automatique
MCA9938,E,2025-08-28,Observation automatique
MCA9938,E,2025-06-10,Observation automatique
MCA9938,D,2025-10-09,Observation automatique
MCC9070,D,2025-08-16,Observation automatique
MCC9070,D,2025-09-07,Observation automatique
MCC9070,B,2025-07-02,Observation automatique
MCC9070,C,2025-10-11,Observation automatique
MCB5854,B,2025-07-28,Observation automatique
MCB5854,D,2025-12-24,Observation automatique
MCB5854,C,2025-08-26,Observation automatique
MCA4152,B,2025-11-13,Observation automatique
MCA4152,E,2025-07-18,Observation automatique
MCC9799,B,2025-07-26,Observation automatique
MCC9799,C,2025-09-30,Observation automatique
MCC9799,B,2025-07-18,Observation automatique
MCC9799,B,2025-12-25,Observation automatique
MCC9799,E,2025-10-13,Observation automatique
MCC9799,D,2025-06-18,Observation automatique
MCC9799,A,2025-06-06,Observation automatique
MCA4653,E,2025-07-22,Observation automatique
MCA4653,B,2025-07-31,Observation automatique
MCA4653,C,2025-10-21,Observation automatique
MCA4653,E,2025-12-01,Observation automatique
MCA4653,B,2025-09-13,Observation automatique
MCA4653,B,2025-08-17,Observation automatique
MCA8772,E,2025-11-25,Observation automatique
MCA8772,B,2025-09-30,Observation automatique
MCA8772,E,2025-09-24,Observation automatique
MCA8772,A,2025-08-09,Observation automatique
MCA8772,B,2025-08-13,Observation automatique
MCA8772,D,2025-07-12,Observation automatique
MCB8574,A,2025-06-14,Observation automatique
MCB8574,D,2025-11-13,Observation automatique
MCB8574,B,2025-09-25,Observation automatique
MCB8574,C,2025-06-17,Observation automatique
MCA7714,A,2025-09-09,Observation automatique
MCA7714,D,2025-12-14,Observation automatique
MCA7714,D,2025-11-21,Observation automatique
MCA7714,B,2025-11-29,Observation automatique
MCA7714,E,2025-07-05,Observation automatique
MCA7714,A,2025-08-24,Observation automatique
MCA7714,D,2025-06-09,Observation automatique
MCC9826,B,2025-06-06,Observation automatique
MCC9826,A,2025-09-09,Observation automatique
MCC9826,D,2025-07-31,Observation automatique
MCC9826,E,2025-12-21,Observation automatique
MCC9826,B,2025-09-13,Observation automatique
MCA5075,D,2025-07-28,Observation automatique
MCA5075,C,2025-10-17,Observation automatique
MCA6096,E,2025-07-06,Observation automatique
MCA6096,B,2025-06-06,Observation automatique
MCA5835,A,2025-09-26,Observation automatique
MCA5835,E,2025-06-15,Observation automatique
MCA5835,D,2025-06-04,Observation automatique
MCA5835,D,2025-09-08,Observation automatique
MCA2685,A,2025-11-07,Observation automatique
MCA2685,D,2025-09-17,Observation automatique
MCA2685,C,2025-11-01,Observation automatique
MCA2685,D,2025-06-02,Observation automatique
MCA2685,C,2025-09-01,Observation automatique
MCA2685,B,2025-06-10,Observation automatique
MCA2685,D,2025-11-12,Observation automatique
MCC3230,E,2025-11-11,Observation automatique
MCC3230,B,2025-06-20,Observation automatique
MCC3230,E,2025-07-14,Observation automatique
MCC3230,C,2025-07-12,Observation automatique
MCC3230,A,2025-06-29,Observation automatique
MCC3230,E,2025-09-28,Observation automatique
MCC3230,B,2025-10-25,Observation automatique
MCA6162,E,2025-09-12,Observation automatique
MCA6162,E,2025-09-30,Observation automatique
MCA6162,A,2025-06-09,Observation automatique
MCA6162,B,2025-11-01,Observation automatique
MCA6162,A,2025-07-20,Observation automatique
MCA6162,B,2025-07-06,Observation automatique
MCB1222,A,2025-07-11,Observation automatique
MCB1222,B,2025-12-05,Observation automatique
MCB0689,D,2025-06-15,Observation automatique
MCB0689,A,2025-07-31,Observation automatique
MCC6716,C,2025-10-09,Observation automatique
MCC6716,A,2025-10-05,Observation automatique
MCC6716,A,2025-10-19,Observation automatique
MCC6716,D,2025-09-07,Observation automatique
MCC6716,B,2025-06-19,Observation automatique
MCC6716,B,2025-09-23,Observation automatique
MCC6716,C,2025-11-02,Observation automatique
MCB9726,C,2025-07-25,Observation automatique
MCB9726,C,2025-08-24,Observation automatique
MCB9726,A,2025-11-20,Observation automatique
MCB9726,C,2025-12-03,Observation automatique
MCB9726,E,2025-07-06,Observation automatique
MCB8979,A,2025-07-14,Observation automatique
MCB8979,E,2025-11-21,Observation automatique
MCB8979,E,2025-11-03,Observation automatique
MCB2568,A,2025-07-28,Observation automatique
MCB2568,E,2025-08-01,Observation automatique
MCB2568,A,2025-06-23,Observation automatique
MCB2568,A,2025-10-07,Observation automatique
MCB2568,A,2025-10-01,Observation automatique
MCA0078,E,2025-12-15,Observation automatique
MCA0078,A,2025-10-25,Observation automatique
MCA0078,B,2025-09-26,Observation automatique
MCA0078,E,2025-07-02,Observation automatique
MCA0078,E,2025-06-05,Observation automatique
MCA0078,B,2025-11-01,Observation automatique
MCA0078,B,2025-10-11,Observation automatique
MCA0237,D,2025-12-21,Observation automatique
MCC2694,B,2025-08-20,Observation automatique
MCC2694,A,2025-07-17,Observation automatique
MCB2045,C,2025-11-27,Observation automatique
MCA3997,E,2025-10-12,Observation automatique
MCA3997,B,2025-09-07,Observation automatique
MCB9415,D,2025-08-02,Observation automatique
MCB9415,B,2025-06-17,Observation automatique
MCB9415,A,2025-11-10,Observation automatique
MCB9415,B,2025-09-11,Observation automatique
MCB9429,A,2025-11-15,Observation automatique
MCB9429,A,2025-07-22,Observation automatique
MCB9429,D,2025-09-10,Observation automatique
MCB9429,E,2025-10-25,Observation automatique
MCB9429,E,2025-12-19,Observation automatique
MCA6186,C,2025-08-17,Observation automatique
MCA6186,B,2025-10-21,Observation automatique
MCA6186,B,2025-11-01,Observation automatique
MCA6186,E,2025-10-29,Observation automatique
MCA6186,E,2025-08-10,Observation automatique
MCA6186,B,2025-10-28,Observation automatique
MCA6186,A,2025-12-17,Observation automatique
MCB9197,B,2025-07-21,Observation automatique
MCA6589,A,2025-06-19,Observation automatique
MCA6589,B,2025-09-11,Observation automatique
MCA6589,D,2025-12-27,Observation automatique
MCA6589,D,2025-08-03,Observation automatique
MCA6589,C,2025-07-04,Observation automatique
MCC7952,D,2025-11-27,Observation automatique
MCC7952,C,2025-06-06,Observation automatique
MCC7952,C,2025-07-28,Observation automatique
MCA5626,E,2025-07-29,Observation automatique
MCA5626,C,2025-08-11,Observation automatique
MCA1489,B,2025-07-20,Observation automatique
MCA1489,B,2025-06-29,Observation automatique
MCA1489,C,2025-12-07,Observation automatique
MCA1489,B,2025-08-25,Observation automatique
MCA5867,B,2025-09-14,Observation automatique
MCA5867,B,2025-09-16,Observation automatique
MCB7169,D,2025-06-13,Observation automatique
MCB7169,B,2025-07-11,Observation automatique
MCB7169,C,2025-11-05,Observation automatique
MCB7169,A,2025-12-29,Observation automatique
MCB7169,E,2025-11-24,Observation automatique
MCB7169,A,2025-12-13,Observation automatique
MCC6378,E,2025-09-15,Observation automatique
MCC6378,E,2025-07-14,Observation automatique
MCC6378,D,2025-12-27,Observation automatique
MCC6378,C,2025-10-08,Observation automatique
MCC6378,E,2025-06-22,Observation automatique
MCC6378,E,2025-07-02,Observation automatique
MCC6378,B,2025-06-24,Observation automatique
MCA7633,C,2025-07-10,Observation automatique
MCB2407,C,2025-07-12,Observation automatique
MCB2407,E,2025-08-31,Observation automatique
MCA3087,B,2025-08-07,Observation automatique
MCA3087,E,2025-06-16,Observation automatique
MCA3087,B,2025-07-07,Observation automatique
MCA3087,C,2025-08-09,Observation automatique
MCA3087,D,2025-09-02,Observation automatique
MCA0607,E,2025-12-03,Observation automatique
MCA0607,C,2025-10-15,Observation automatique
MCA0607,A,2025-08-01,Observation automatique
MCA0607,B,2025-10-23,Observation automatique
MCA0607,B,2025-11-27,Observation automatique
MCA8864,E,2025-08-29,Observation automatique
MCA8864,B,2025-09-27,Observation automatique
MCA8864,D,2025-10-16,Observation automatique
MCA8864,E,2025-10-30,Observation automatique
MCA8864,D,2025-08-14,Observation automatique
MCA8864,E,2025-10-13,Observation automatique
MCA8864,C,2025-09-10,Observation automatique
MCB5547,D,2025-12-06,Observation automatique
MCB0494,D,2025-06-07,Observation automatique
MCB0494,C,2025-12-08,Observation automatique
MCC0961,A,2025-09-07,Observation automatique
MCC0961,A,2025-08-20,Observation automatique
MCC0961,C,2025-12-04,Observation automatique
MCC0961,C,2025-06-05,Observation automatique
MCC0961,C,2025-07-09,Observation automatique
MCC0961,C,2025-09-12,Observation automatique
MCC0961,C,2025-06-09,Observation automatique
MCC7099,C,2025-10-11,Observation automatique
MCC7099,C,2025-10-15,Observation automatique
MCC7099,B,2025-07-30,Observation automatique
MCC7099,A,2025-08-20,Observation automatique
MCC7099,A,2025-09-25,Observation automatique
MCA7919,D,2025-10-09,Observation automatique
MCA7919,E,2025-07-13,Observation automatique
MCC6947,C,2025-07-07,Observation automatique
MCC6947,A,2025-08-23,Observation automatique
MCC6947,D,2025-07-23,Observation automatique
MCC6947,B,2025-10-29,Observation automatique
MCC6947,E,2025-06-09,Observation automatique
MCC6947,C,2025-07-03,Observation automatique
MCC6947,A,2025-07-04,Observation automatique
MCB0331,E,2025-10-03,Observation automatique
MCB0331,A,2025-08-12,Observation automatique
MCB0331,C,2025-06-09,Observation automatique
MCB0331,B,2025-11-09,Observation automatique
MCA1494,D,2025-12-18,Observation automatique
MCC3781,C,2025-06-10,Observation automatique
MCC3781,C,2025-11-12,Observation automatique
MCB0823,E,2025-10-25,Observation automatique
MCC0278,E,2025-08-06,Observation automatique
MCC0278,B,2025-12-22,Observation automatique
MCC0278,B,2025-08-24,Observation automatique
MCC0278,E,2025-09-18,Observation automatique
MCC0278,A,2025-09-11,Observation automatique
MCA5426,C,2025-09-27,Observation automatique
MCA5426,D,2025-11-24,Observation automatique
MCA5426,C,2025-08-24,Observation automatique
MCA5426,E,2025-08-06,Observation automatique
MCA5426,C,2025-07-08,Observation automatique
MCA5426,A,2025-12-06,Observation automatique
MCA0476,A,2025-12-24,Observation automatique
MCA0476,A,2025-08-14,Observation automatique
MCA0476,C,2025-07-29,Observation automatique
MCA2240,E,2025-08-14,Observation automatique
MCB5333,D,2025-08-14,Observation automatique
MCB5333,D,2025-11-13,Observation automatique
MCB5333,B,2025-12-30,Observation automatique
MCB5333,A,2025-12-08,Observation automatique
MCB5333,E,2025-10-10,Observation automatique
MCB5333,A,2025-09-21,Observation automatique
MCB5333,C,2025-06-29,Observation automatique
MCC5852,B,2025-12-26,Observation automatique
MCC5852,A,2025-07-13,Observation automatique
MCC5852,B,2025-08-08,Observation automatique
MCC0071,E,2025-07-14,Observation automatique
MCC0071,A,2025-06-15,Observation automatique
MCC0071,C,2025-12-15,Observation automatique
MCC0071,A,2025-09-19,Observation automatique
MCC0071,A,2025-10-02,Observation automatique
MCC0071,B,2025-11-03,Observation automatique
MCC0071,B,2025-11-10,Observation automatique
MCA4906,E,2025-07-30,Observation automatique
MCA4906,A,2025-11-11,Observation automatique
MCA4906,D,2025-12-17,Observation automatique
MCA4906,A,2025-07-03,Observation automatique
MCA4906,C,2025-07-15,Observation automatique
MCA4906,D,2025-10-19,Observation automatique
MCA4906,C,2025-06-23,Observation automatique
MCC1834,B,2025-07-23,Observation automatique
MCC1834,E,2025-06-08,Observation automatique
MCC1834,D,2025-08-19,Observation automatique
MCC1834,A,2025-06-13,Observation automatique
MCC1834,C,2025-10-18,Observation automatique
MCC1834,B,2025-09-30,Observation automatique
MCC1834,A,2025-08-21,Observation automatique
MCA3081,A,2025-10-26,Observation automatique
MCA3081,C,2025-06-21,Observation automatique
MCC7455,B,2025-11-06,Observation automatique
MCC7455,A,2025-09-19,Observation automatique
MCC7455,E,2025-06-30,Observation automatique
MCC7455,E,2025-08-11,Observation automatique
MCC7455,A,2025-08-26,Observation automatique
MCC7455,A,2025-06-16,Observation automatique
MCC7455,C,2025-07-15,Observation automatique
MCC6346,B,2025-10-27,Observation automatique
MCC6346,B,2025-08-20,Observation automatique
MCC6346,B,2025-11-20,Observation automatique
MCC6346,D,2025-07-20,Observation automatique
MCC6346,A,2025-11-19,Observation automatique
MCC6346,C,2025-07-14,Observation automatique
MCC4881,C,2025-08-26,Observation automatique
MCC8692,D,2025-09-06,Observation automatique
MCC8692,B,2025-08-30,Observation automatique
MCC8692,A,2025-09-22,Observation automatique
MCA3086,A,2025-07-08,Observation automatique
MCA3086,B,2025-09-28,Observation automatique
MCA3086,A,2025-06-29,Observation automatique
MCA3086,B,2025-12-25,Observation automatique
MCA9435,B,2025-11-02,Observation automatique
MCA9435,D,2025-07-01,Observation automatique
MCB1375,E,2025-08-27,Observation automatique
MCB1375,E,2025-07-20,Observation automatique
MCB1375,E,2025-10-13,Observation automatique
MCB1375,C,2025-08-03,Observation automatique
MCB1375,A,2025-06-03,Observation automatique
MCC6983,E,2025-11-19,Observation automatique
MCC6983,D,2025-10-24,Observation automatique
MCC7096,C,2025-09-12,Observation automatique
MCC7096,E,2025-07-22,Observation automatique
MCC7096,B,2025-08-07,Observation automatique
MCC7096,A,2025-10-07,Observation automatique
MCC7096,B,2025-07-06,Observation automatique
MCC7096,C,2025-08-01,Observation automatique
MCC7096,C,2025-07-23,Observation automatique
MCB1851,A,2025-10-25,Observation automatique
MCB1851,B,2025-07-17,Observation automatique
MCB1851,C,2025-09-13,Observation automatique
MCC1044,B,2025-06-12,Observation automatique
MCC1044,B,2025-09-25,Observation automatique
MCC1044,A,2025-10-06,Observation automatique
MCC1317,E,2025-06-15,Observation automatique
MCC1317,E,2025-07-10,Observation automatique
MCC1317,B,2025-12-23,Observation automatique
MCC1317,D,2025-11-02,Observation automatique
MCC1317,D,2025-10-15,Observation automatique
MCC1317,C,2025-11-28,Observation automatique
MCA4410,C,2025-08-01,Observation automatique
MCA4410,B,2025-11-21,Observation automatique
MCA4410,C,2025-08-26,Observation automatique
MCB2324,D,2025-08-21,Observation automatique
MCA9719,E,2025-10-11,Observation automatique
MCA9719,A,2025-08-31,Observation automatique
MCA7685,A,2025-07-21,Observation automatique
MCA7685,A,2025-11-02,Observation automatique
MCA7685,D,2025-12-30,Observation automatique
MCA7685,E,2025-07-15,Observation automatique
MCA7685,E,2025-11-19,Observation automatique
MCA7685,C,2025-08-21,Observation automatique
MCC3867,A,2025-11-03,Observation automatique
MCC3867,E,2025-12-16,Observation automatique
MCC3867,D,2025-10-31,Observation automatique
MCC3867,D,2025-08-12,Observation automatique
MCA4831,C,2025-12-30,Observation automatique
MCA4831,A,2025-09-26,Observation automatique
MCA4831,A,2025-08-13,Observation automatique
MCA4831,C,2025-08-23,Observation automatique
MCA4831,C,2025-09-22,Observation automatique
MCA4831,D,2025-10-02,Observation automatique
MCA4831,C,2025-09-20,Observation automatique
MCB8030,C,2025-07-17,Observation automatique
MCB8030,A,2025-12-30,Observation automatique
MCB8030,B,2025-06-23,Observation automatique
MCB0608,B,2025-09-13,Observation automatique
MCB0608,C,2025-11-17,Observation automatique
MCB0608,B,2025-07-25,Observation automatique
MCB0608,A,2025-06-13,Observation automatique
MCB0608,B,2025-11-16,Observation automatique
MCB3899,A,2025-09-21,Observation automatique
MCB3899,A,2025-11-23,Observation automatique
MCB3899,B,2025-08-23,Observation automatique
MCC1649,B,2025-09-28,Observation automatique
MCC1649,A,2025-07-02,Observation automatique
MCC1649,C,2025-06-23,Observation automatique
MCC1649,B,2025-08-12,Observation automatique
MCC1649,C,2025-11-09,Observation automatique
MCC1649,E,2025-09-01,Observation automatique
MCC5876,B,2025-12-13,Observation automatique
MCC5876,C,2025-09-13,Observation automatique
MCC5876,E,2025-08-03,Observation automatique
MCC5876,E,2025-11-01,Observation automatique
MCC4441,B,2025-07-25,Observation automatique
MCC4441,E,2025-12-23,Observation automatique
MCA8635,D,2025-06-12,Observation automatique
MCA8635,B,2025-10-04,Observation automatique
MCA8635,C,2025-12-22,Observation automatique
MCA8635,C,2025-07-22,Observation automatique
MCA8635,A,2025-11-06,Observation automatique
MCB2868,B,2025-09-01,Observation automatique
MCB2868,A,2025-07-08,Observation automatique
MCC4937,B,2025-11-20,Observation automatique
MCC4937,A,2025-10-06,Observation automatique
MCC4937,E,2025-11-24,Observation automatique
MCC4937,B,2025-11-08,Observation automatique
MCC4937,E,2025-07-08,Observation automatique
MCC4937,E,2025-06-16,Observation automatique
MCC2534,C,2025-08-03,Observation automatique
MCC2534,B,2025-06-23,Observation automatique
MCC2534,B,2025-07-22,Observation automatique
MCC0429,C,2025-08-29,Observation automatique
MCC0429,E,2025-06-07,Observation automatique
MCC0429,E,2025-11-12,Observation automatique
MCC0429,B,2025-06-08,Observation automatique
MCC0429,B,2025-09-23,Observation automatique
MCC0429,D,2025-09-06,Observation automatique
MCC0429,D,2025-06-13,Observation automatique
MCC5775,D,2025-07-02,Observation automatique
MCC5775,D,2025-12-27,Observation automatique
MCC5775,B,2025-09-03,Observation automatique
MCC5775,B,2025-10-20,Observation automatique
MCC5775,A,2025-11-24,Observation automatique
MCC7637,D,2025-10-27,Observation automatique
MCC7637,D,2025-06-24,Observation automatique
MCC7637,C,2025-07-08,Observation automatique
MCC7637,D,2025-10-10,Observation automatique
MCC7637,A,2025-06-02,Observation automatique
MCC7637,A,2025-08-31,Observation automatique
MCC7637,B,2025-09-02,Observation automatique
MCC2912,A,2025-10-08,Observation automatique
MCC2912,A,2025-08-13,Observation automatique
MCC2912,E,2025-07-29,Observation automatique
MCC2912,C,2025-10-06,Observation automatique
MCC2912,C,2025-09-25,Observation automatique
MCC2912,D,2025-09-21,Observation automatique
MCC2912,E,2025-06-24,Observation automatique
MCB4670,C,2025-08-22,Observation automatique
MCC7547,E,2025-08-18,Observation automatique
MCC7547,C,2025-07-30,Observation automatique
MCC7547,C,2025-10-21,Observation automatique
MCC7547,D,2025-09-17,Observation automatique
MCC7547,E,2025-07-29,Observation automatique
MCC7547,A,2025-12-14,Observation automatique
MCA3178,A,2025-10-09,Observation automatique
MCA3178,C,2025-11-12,Observation automatique
MCA3178,C,2025-06-04,Observation automatique
MCA3178,E,2025-06-19,Observation automatique
MCB1810,D,2025-10-05,Observation automatique
MCB1810,D,2025-09-07,Observation automatique
MCB1810,B,2025-07-12,Observation automatique
MCB1810,B,2025-12-02,Observation automatique
MCB1810,B,2025-10-09,Observation automatique
MCA4466,E,2025-11-15,Observation automatique
MCB7729,B,2025-11-27,Observation automatique
MCB7729,E,2025-06-13,Observation automatique
MCB7729,C,2025-10-13,Observation automatique
MCB7729,A,2025-07-27,Observation automatique
MCB7729,E,2025-07-19,Observation automatique
MCB7729,D,2025-08-10,Observation automatique
MCC8993,E,2025-11-28,Observation automatique
MCC8993,C,2025-07-03,Observation automatique
MCC8993,C,2025-06-01,Observation automatique
MCC8993,B,2025-08-06,Observation automatique
MCC8993,B,2025-07-04,Observation automatique
MCA5490,E,2025-07-21,Observation automatique
MCA5490,C,2025-09-18,Observation automatique
MCA5490,B,2025-06-28,Observation automatique
MCA5490,B,2025-11-28,Observation automatique
MCA4479,A,2025-07-09,Observation automatique
MCA4479,B,2025-07-07,Observation automatique
MCA4479,D,2025-11-13,Observation automatique
MCA4479,A,2025-12-20,Observation automatique
MCA4479,C,2025-10-31,Observation automatique
MCA4479,E,2025-11-20,Observation automatique
MCA5523,B,2025-09-02,Observation automatique
MCA5523,E,2025-12-20,Observation automatique
MCA5523,B,2025-07-09,Observation automatique
MCC1292,B,2025-11-27,Observation automatique
MCC1292,A,2025-10-12,Observation automatique
MCC1292,C,2025-06-20,Observation automatique
MCC1292,E,2025-08-12,Observation automatique
MCC1292,A,2025-07-07,Observation automatique
MCA2400,E,2025-10-10,Observation automatique
MCA2400,E,2025-09-03,Observation automatique
MCC6419,C,2025-07-26,Observation automatique
MCC6419,B,2025-09-25,Observation automatique
MCC6419,D,2025-11-12,Observation automatique
MCC6419,E,2025-09-20,Observation automatique
MCC3951,E,2025-08-17,Observation automatique
MCC3951,E,2025-09-24,Observation automatique
MCB1985,C,2025-07-06,Observation automatique
MCB5996,D,2025-08-18,Observation automatique
MCB5996,A,2025-12-08,Observation automatique
MCB5996,A,2025-11-10,Observation automatique
MCC1021,E,2025-08-03,Observation automatique
MCC1021,D,2025-06-08,Observation automatique
MCC1021,A,2025-08-23,Observation automatique
MCB1499,A,2025-07-20,Observation automatique
MCC6906,B,2025-07-09,Observation automatique
MCC6906,D,2025-07-25,Observation automatique
MCA3024,E,2025-09-18,Observation automatique
MCB3424,E,2025-08-13,Observation automatique
MCB3424,E,2025-07-10,Observation automatique
MCB3424,D,2025-12-16,Observation automatique
MCB3424,E,2025-12-29,Observation automatique
MCB3424,A,2025-08-16,Observation automatique
MCB3424,A,2025-06-12,Observation automatique
MCB4693,E,2025-10-21,Observation automatique
MCB4693,A,2025-08-31,Observation automatique
MCB4693,D,2025-11-25,Observation automatique
MCB3090,E,2025-07-04,Observation automatique
MCB3090,E,2025-09-21,Observation automatique
MCC4337,B,2025-09-02,Observation automatique
MCC4337,B,2025-09-13,Observation automatique
MCC4337,C,2025-07-25,Observation automatique
MCC4337,D,2025-12-09,Observation automatique
MCC4337,D,2025-10-25,Observation automatique
MCC7730,E,2025-08-21,Observation automatique
MCC7730,E,2025-10-08,Observation automatique
MCC7730,B,2025-12-27,Observation automatique
MCC7730,A,2025-12-15,Observation automatique
MCC7730,E,2025-06-23,Observation automatique
MCA2111,C,2025-11-22,Observation automatique
MCC6596,E,2025-12-22,Observation automatique
MCA6146,D,2025-08-08,Observation automatique
MCA6146,A,2025-10-31,Observation automatique
MCA6146,D,2025-12-19,Observation automatique
MCC0283,A,2025-10-07,Observation automatique
MCC0283,C,2025-11-30,Observation automatique
MCC0283,D,2025-11-28,Observation automatique
MCC0283,B,2025-11-13,Observation automatique
MCC0283,D,2025-09-24,Observation automatique
MCC0283,D,2025-07-02,Observation automatique
MCC0283,C,2025-08-12,Observation automatique
MCA5784,D,2025-06-14,Observation automatique
MCA5784,A,2025-06-24,Observation automatique
MCA5784,D,2025-08-01,Observation automatique
MCA5784,A,2025-08-13,Observation automatique
MCA5784,D,2025-08-22,Observation automatique
MCA5784,B,2025-12-05,Observation automatique
MCC1872,D,2025-11-21,Observation automatique
MCC1872,E,2025-11-20,Observation automatique
MCC1872,D,2025-06-12,Observation automatique
MCC1872,E,2025-06-01,Observation automatique
MCC1872,D,2025-09-18,Observation automatique
MCC1872,A,2025-07-01,Observation automatique
MCC1872,E,2025-10-30,Observation automatique
MCB3845,A,2025-11-12,Observation automatique
MCB3845,A,2025-11-13,Observation automatique
MCB9629,C,2025-07-30,Observation automatique
MCA5059,E,2025-12-26,Observation automatique
MCA5059,E,2025-07-29,Observation automatique
MCB1632,E,2025-08-05,Observation automatique
MCB1632,C,2025-10-16,Observation automatique
MCB7790,A,2025-11-30,Observation automatique
MCB7790,E,2025-10-17,Observation automatique
MCB7790,E,2025-11-24,Observation automatique
MCB7790,A,2025-07-20,Observation automatique
MCB7790,D,2025-07-22,Observation automatique
MCC5758,D,2025-08-20,Observation automatique
MCC5758,E,2025-11-04,Observation automatique
MCC5758,B,2025-08-05,Observation automatique
MCC5758,A,2025-11-24,Observation automatique
MCC5758,A,2025-11-06,Observation automatique
MCA2809,B,2025-07-08,Observation automatique
MCA2809,D,2025-11-20,Observation automatique
MCA2809,E,2025-10-29,Observation automatique
MCA2809,D,2025-12-25,Observation automatique
MCB4878,C,2025-11-25,Observation automatique
MCA0629,C,2025-10-31,Observation automatique
MCA0629,E,2025-12-06,Observation automatique
MCA0629,C,2025-08-21,Observation automatique
MCA0629,E,2025-07-10,Observation automatique
MCA0629,D,2025-09-09,Observation automatique
MCC6499,C,2025-09-01,Observation automatique
MCC6169,E,2025-06-03,Observation automatique
MCC6169,A,2025-10-22,Observation automatique
MCC6169,A,2025-11-25,Observation automatique
MCC6169,B,2025-07-02,Observation automatique
MCC6169,A,2025-09-30,Observation automatique
MCB7823,D,2025-06-08,Observation automatique
MCB7823,C,2025-07-08,Observation automatique
MCB7823,D,2025-08-04,Observation automatique
MCB7823,C,2025-09-08,Observation automatique
MCB7823,E,2025-07-10,Observation automatique
MCB7823,E,2025-10-31,Observation automatique
MCB7823,D,2025-10-04,Observation automatique
MCC2174,A,2025-08-28,Observation automatique
MCA9206,C,2025-06-22,Observation automatique
MCB3613,D,2025-10-11,Observation automatique
MCB3613,E,2025-11-22,Observation automatique
MCB3613,C,2025-12-23,Observation automatique
MCB3613,C,2025-08-15,Observation automatique
MCB3613,D,2025-09-04,Observation automatique
MCB3613,A,2025-10-01,Observation automatique
MCB6890,C,2025-12-02,Observation automatique
MCB6890,E,2025-09-09,Observation automatique
MCB3712,A,2025-08-19,Observation automatique
MCB3712,C,2025-11-25,Observation automatique
MCB3712,E,2025-12-28,Observation automatique
MCB3712,C,2025-09-27,Observation automatique
MCB3712,D,2025-11-26,Observation automatique
MCB3712,E,2025-07-03,Observation automatique
MCB8944,C,2025-08-22,Observation automatique
MCB8944,A,2025-11-05,Observation automatique
MCB8944,D,2025-11-02,Observation automatique
MCB8944,A,2025-10-10,Observation automatique
MCB8944,B,2025-09-08,Observation automatique
MCB8944,C,2025-11-09,Observation automatique
MCB9192,D,2025-06-18,Observation automatique
MCB9192,A,2025-07-25,Observation automatique
MCB9192,C,2025-06-14,Observation automatique
MCB9192,D,2025-06-09,Observation automatique
MCB9192,B,2025-10-04,Observation automatique
MCB9192,B,2025-12-06,Observation automatique
MCB9192,D,2025-10-31,Observation automatique
MCB4423,D,2025-11-01,Observation automatique
MCB4423,A,2025-10-16,Observation automatique
MCB4423,A,2025-06-16,Observation automatique
MCB5486,C,2025-11-20,Observation automatique
MCB5486,B,2025-11-10,Observation automatique
MCB5486,E,2025-08-22,Observation automatique
MCB5486,A,2025-12-07,Observation automatique
MCC2563,B,2025-10-29,Observation automatique
MCC2563,D,2025-11-28,Observation automatique
MCC2563,B,2025-11-20,Observation automatique
MCC2563,B,2025-09-28,Observation automatique
MCA8697,A,2025-06-09,Observation automatique
MCA8697,A,2025-06-07,Observation automatique
MCA8697,E,2025-09-11,Observation automatique
MCA8697,A,2025-06-25,Observation automatique
MCA8697,C,2025-07-27,Observation automatique
MCC0734,C,2025-06-15,Observation automatique
MCC0734,C,2025-11-03,Observation automatique
MCA2407,E,2025-08-16,Observation automatique
MCA2407,B,2025-08-04,Observation automatique
MCA2407,C,2025-12-30,Observation automatique
MCA2407,D,2025-06-18,Observation automatique
MCA2407,A,2025-08-11,Observation automatique
MCA2407,D,2025-11-18,Observation automatique
MCA2407,D,2025-06-17,Observation automatique
MCC1481,C,2025-12-03,Observation automatique
MCC1481,B,2025-11-21,Observation automatique
MCC1481,D,2025-09-07,Observation automatique
MCC1481,A,2025-06-21,Observation automatique
MCA0441,C,2025-09-01,Observation automatique
MCA0441,C,2025-11-27,Observation automatique
MCA0441,C,2025-11-25,Observation automatique
MCA0441,A,2025-11-26,Observation automatique
MCB5615,A,2025-06-17,Observation automatique
MCB5615,E,2025-10-18,Observation automatique
MCB5615,A,2025-10-26,Observation automatique
MCB5615,C,2025-11-01,Observation automatique
MCB5615,B,2025-08-03,Observation automatique
MCB5615,C,2025-06-16,Observation automatique
MCB5615,D,2025-10-28,Observation automatique
MCA8561,B,2025-09-09,Observation automatique
MCB6966,C,2025-09-08,Observation automatique
MCB6966,B,2025-08-11,Observation automatique
MCB6966,D,2025-10-02,Observation automatique
MCB6966,C,2025-10-27,Observation automatique
MCB6966,B,2025-07-09,Observation automatique
MCA0859,A,2025-12-26,Observation automatique
MCA0859,C,2025-11-15,Observation automatique
MCA0859,C,2025-11-09,Observation automatique
MCA0859,A,2025-10-24,Observation automatique
MCA0859,D,2025-08-03,Observation automatique
MCA0859,B,2025-08-22,Observation automatique
MCB3060,A,2025-07-24,Observation automatique
MCB3060,D,2025-06-23,Observation automatique
MCB3060,D,2025-06-27,Observation automatique
MCB3060,E,2025-06-07,Observation automatique
MCA3690,B,2025-11-13,Observation automatique
MCA3690,E,2025-09-17,Observation automatique
MCA3690,C,2025-06-06,Observation automatique
MCA3690,A,2025-12-02,Observation automatique
MCC9248,B,2025-12-02,Observation automatique
MCC9248,C,2025-07-05,Observation automatique
MCC9248,E,2025-06-15,Observation automatique
MCC9248,D,2025-12-29,Observation automatique
MCC9248,A,2025-08-03,Observation automatique
MCC9248,B,2025-08-22,Observation automatique
MCC9248,E,2025-07-24,Observation automatique
MCC2981,C,2025-06-08,Observation automatique
MCC2981,D,2025-06-02,Observation automatique
MCC2981,C,2025-08-28,Observation automatique
MCB3031,C,2025-07-29,Observation automatique
MCB3031,E,2025-07-06,Observation automatique
MCB2626,C,2025-11-10,Observation automatique
MCB2626,A,2025-10-21,Observation automatique
MCA2045,A,2025-09-22,Observation automatique
MCA2045,A,2025-09-20,Observation automatique
MCA2045,D,2025-11-01,Observation automatique
MCA2045,A,2025-09-27,Observation automatique
MCA2045,E,2025-08-21,Observation automatique
MCA2045,B,2025-11-26,Observation automatique
MCA2045,B,2025-10-04,Observation automatique
MCA9654,C,2025-11-19,Observation automatique
MCA4617,D,2025-10-21,Observation automatique
MCA4617,D,2025-07-09,Observation automatique
MCA4617,B,2025-12-12,Observation automatique
MCA4617,A,2025-06-04,Observation automatique
MCA4617,D,2025-12-09,Observation automatique
MCA4617,A,2025-10-26,Observation automatique
MCA4617,A,2025-11-20,Observation automatique
MCA9469,C,2025-11-24,Observation automatique
MCC4606,E,2025-12-01,Observation automatique
MCC4606,C,2025-12-04,Observation automatique
MCB2929,A,2025-09-09,Observation automatique
MCB2929,D,2025-11-19,Observation automatique
MCB2929,D,2025-09-01,Observation automatique
MCB2929,B,2025-11-04,Observation automatique
MCA9689,C,2025-12-26,Observation automatique
MCB9758,E,2025-08-29,Observation automatique
MCB9758,B,2025-07-17,Observation automatique
MCB9758,E,2025-06-21,Observation automatique
MCB9758,E,2025-10-17,Observation automatique
MCB9758,D,2025-11-17,Observation automatique
MCB9758,B,2025-09-27,Observation automatique
MCC7880,B,2025-10-19,Observation automatique
MCC7880,E,2025-12-01,Observation automatique
MCC7880,E,2025-08-11,Observation automatique
MCC7880,B,2025-11-17,Observation automatique
MCC7880,E,2025-07-31,Observation automatique
MCC7880,C,2025-07-21,Observation automatique
MCC7880,B,2025-07-14,Observation automatique
MCA8392,E,2025-11-08,Observation automatique
MCA0323,C,2025-11-17,Observation automatique
MCA0323,C,2025-08-24,Observation automatique
MCA0323,A,2025-11-03,Observation automatique
MCB6382,B,2025-12-29,Observation automatique
MCB6382,B,2025-08-21,Observation automatique
MCB6382,D,2025-12-16,Observation automatique
MCB6382,E,2025-12-03,Observation automatique
MCB6382,E,2025-06-06,Observation automatique
MCB6382,C,2025-08-28,Observation automatique
MCA0332,C,2025-08-01,Observation automatique
MCA0332,D,2025-09-14,Observation automatique
MCB4851,A,2025-07-29,Observation automatique
MCB1003,B,2025-06-12,Observation automatique
MCB1003,E,2025-11-25,Observation automatique
MCB1003,C,2025-08-19,Observation automatique
MCB1003,B,2025-12-05,Observation automatique
MCB1003,B,2025-10-09,Observation automatique
MCB1003,C,2025-07-24,Observation automatique
MCB1003,D,2025-08-05,Observation automatique
MCC0729,A,2025-07-03,Observation automatique
MCC0729,A,2025-08-11,Observation automatique
MCC0729,D,2025-06-20,Observation automatique
MCC0729,C,2025-11-12,Observation automatique
MCC0729,D,2025-07-29,Observation automatique
MCC0729,E,2025-11-30,Observation automatique
MCB8060,E,2025-10-24,Observation automatique
MCB8060,A,2025-07-01,Observation automatique
MCB8060,E,2025-11-02,Observation automatique
MCA4150,A,2025-10-09,Observation automatique
MCA4150,B,2025-10-27,Observation automatique
MCA4150,B,2025-09-18,Observation automatique
MCA4150,A,2025-11-10,Observation automatique
MCA4150,D,2025-08-20,Observation automatique
MCA4150,A,2025-08-01,Observation automatique
MCA4150,C,2025-09-25,Observation automatique
MCB2249,D,2025-07-22,Observation automatique
MCB2249,B,2025-12-06,Observation automatique
MCB2249,C,2025-12-04,Observation automatique
MCA5196,D,2025-08-30,Observation automatique
MCA5196,E,2025-10-16,Observation automatique
MCA5196,E,2025-11-19,Observation automatique
MCA5196,D,2025-11-12,Observation automatique
MCA5196,D,2025-08-15,Observation automatique
MCA5196,C,2025-06-27,Observation automatique
MCA5196,D,2025-12-11,Observation automatique
MCC0973,B,2025-11-20,Observation automatique
MCA3554,C,2025-08-12,Observation automatique
MCA3554,C,2025-06-04,Observation automatique
MCA3554,C,2025-08-31,Observation automatique
MCA3554,C,2025-10-05,Observation automatique
MCA5911,D,2025-09-28,Observation automatique
MCA5911,D,2025-10-12,Observation automatique
MCA5911,E,2025-08-25,Observation automatique
MCA5911,C,2025-08-15,Observation automatique
MCA5911,C,2025-07-22,Observation automatique
MCB2222,B,2025-11-12,Observation automatique
MCB2222,B,2025-07-19,Observation automatique
MCB2222,B,2025-09-16,Observation automatique
MCA8848,A,2025-10-27,Observation automatique
MCA8848,D,2025-12-22,Observation automatique
MCA8848,C,2025-10-15,Observation automatique
MCA8848,E,2025-09-08,Observation automatique
MCA3052,A,2025-10-07,Observation automatique
MCA3052,E,2025-10-21,Observation automatique
MCA3052,B,2025-07-06,Observation automatique
MCA3052,D,2025-09-22,Observation automatique
MCA3052,B,2025-09-16,Observation automatique
MCA3052,D,2025-06-21,Observation automatique
MCA7457,A,2025-10-05,Observation automatique
MCA7457,C,2025-12-13,Observation automatique
MCA7457,D,2025-11-26,Observation automatique
MCA7457,B,2025-12-30,Observation automatique
MCA2761,D,2025-10-18,Observation automatique
MCA2761,E,2025-06-19,Observation automatique
MCA2761,D,2025-11-13,Observation automatique
MCB4225,A,2025-06-12,Observation automatique
MCB4225,C,2025-11-02,Observation automatique
MCB4225,D,2025-09-29,Observation automatique
MCB4225,A,2025-10-13,Observation automatique
MCB4225,B,2025-11-03,Observation automatique
MCB0831,D,2025-12-21,Observation automatique
MCB0831,A,2025-10-28,Observation automatique
MCB0831,C,2025-11-02,Observation automatique
MCB0831,E,2025-10-11,Observation automatique
MCB0831,C,2025-07-01,Observation automatique
MCB0831,D,2025-08-17,Observation automatique
MCB0831,C,2025-06-15,Observation automatique
MCB4247,E,2025-07-13,Observation automatique
MCB4247,A,2025-09-06,Observation automatique
MCB4247,A,2025-11-20,Observation automatique
MCB4247,E,2025-10-27,Observation automatique
MCB4247,A,2025-10-08,Observation automatique
MCC9836,D,2025-11-11,Observation automatique
MCC9836,B,2025-11-13,Observation automatique
MCC9836,C,2025-10-03,Observation automatique
MCC9836,E,2025-07-22,Observation automatique
MCC9836,C,2025-09-07,Observation automatique
MCC9836,D,2025-12-04,Observation automatique
MCC9836,E,2025-06-02,Observation automatique
MCB9458,A,2025-11-12,Observation automatique
MCB9458,D,2025-11-19,Observation automatique
MCB9458,A,2025-11-01,Observation automatique
MCB9458,C,2025-09-14,Observation automatique
MCC6020,D,2025-10-04,Observation automatique
MCB8910,A,2025-10-17,Observation automatique
MCB8910,A,2025-07-20,Observation automatique
MCB8910,E,2025-12-08,Observation automatique
MCC9962,B,2025-09-16,Observation automatique
MCA9827,D,2025-06-21,Observation automatique
MCA9827,C,2025-09-11,Observation automatique
MCA9827,C,2025-12-30,Observation automatique
MCA9827,D,2025-08-06,Observation automatique
MCA9827,D,2025-07-18,Observation automatique
MCA9827,D,2025-06-24,Observation automatique
MCA0726,E,2025-07-13,Observation automatique
MCA0726,C,2025-10-03,Observation automatique
MCA0726,E,2025-08-19,Observation automatique
MCA6362,C,2025-06-20,Observation automatique
MCA6362,E,2025-10-23,Observation automatique
MCA6362,B,2025-12-17,Observation automatique
MCA6362,E,2025-10-10,Observation automatique
MCA6362,A,2025-10-25,Observation automatique
MCA2376,B,2025-08-25,Observation automatique
MCA2376,E,2025-06-02,Observation automatique
MCA2376,E,2025-11-01,Observation automatique
MCA2376,D,2025-07-28,Observation automatique
MCA2376,C,2025-09-23,Observation automatique
MCA2376,D,2025-10-22,Observation automatique
MCC3012,B,2025-09-25,Observation automatique
MCC3012,C,2025-09-05,Observation automatique
MCC3012,E,2025-08-26,Observation automatique
MCC3012,B,2025-12-25,Observation automatique
MCC3012,D,2025-12-30,Observation automatique
MCC3012,E,2025-12-06,Observation automatique
MCA8135,C,2025-09-16,Observation automatique
MCA8135,C,2025-11-26,Observation automatique
MCA8135,A,2025-11-14,Observation automatique
MCA8135,A,2025-11-21,Observation automatique
MCA8135,D,2025-09-15,Observation automatique
MCB8022,C,2025-08-28,Observation automatique
MCB8022,C,2025-08-23,Observation automatique
MCB0056,C,2025-10-16,Observation automatique
MCB0056,C,2025-07-28,Observation automatique
MCB0056,B,2025-07-25,Observation automatique
MCB0056,E,2025-07-08,Observation automatique
MCB0056,D,2025-10-07,Observation automatique
MCC2567,A,2025-12-21,Observation automatique
MCC2567,C,2025-08-22,Observation automatique
MCC2567,C,2025-08-03,Observation automatique
MCC2567,E,2025-10-25,Observation automatique
MCB2549,E,2025-09-21,Observation automatique
MCB2549,A,2025-10-23,Observation automatique
MCB2549,E,2025-12-26,Observation automatique
MCB2549,D,2025-11-20,Observation automatique
MCB7837,C,2025-11-18,Observation automatique
MCB7837,D,2025-09-17,Observation automatique
MCB7837,B,2025-10-28,Observation automatique
MCB7837,B,2025-10-22,Observation automatique
MCB8153,B,2025-12-21,Observation automatique
MCB8153,C,2025-08-23,Observation automatique
MCB8153,B,2025-06-04,Observation automatique
MCB8153,A,2025-08-22,Observation automatique
MCB8153,D,2025-08-04,Observation automatique
MCB4505,B,2025-09-22,Observation automatique
MCB4505,E,2025-12-05,Observation automatique
MCB5604,B,2025-06-04,Observation automatique
MCB5604,A,2025-07-14,Observation automatique
MCB5604,A,2025-07-23,Observation automatique
MCB5604,E,2025-07-19,Observation automatique
MCB5604,C,2025-06-02,Observation automatique
MCB5604,D,2025-08-14,Observation automatique
MCA9545,C,2025-08-22,Observation automatique
MCA9545,B,2025-06-11,Observation automatique
MCA9545,E,2025-07-25,Observation automatique
MCA9545,B,2025-12-08,Observation automatique
MCC0836,E,2025-09-20,Observation automatique
MCC0836,C,2025-07-11,Observation automatique
MCC0836,B,2025-12-14,Observation automatique
MCC3240,A,2025-10-11,Observation automatique
MCC3240,E,2025-08-02,Observation automatique
MCC3240,B,2025-08-11,Observation automatique
MCC3240,C,2025-11-09,Observation automatique
MCC3240,A,2025-08-28,Observation automatique
MCC3240,B,2025-10-17,Observation automatique
MCC3240,A,2025-08-15,Observation automatique
MCA5921,E,2025-06-21,Observation automatique
MCA5921,C,2025-09-12,Observation automatique
MCA5921,C,2025-06-12,Observation automatique
MCA5921,B,2025-12-24,Observation automatique
MCA5921,E,2025-10-16,Observation automatique
MCA5921,C,2025-10-23,Observation automatique
MCA5921,D,2025-07-29,Observation automatique
MCA6321,A,2025-10-16,Observation automatique
MCA6321,D,2025-10-11,Observation automatique
MCA6321,E,2025-10-29,Observation automatique
MCA6321,A,2025-06-01,Observation automatique
MCA6321,A,2025-12-22,Observation automatique
MCA6321,C,2025-09-20,Observation automatique
MCA6321,C,2025-08-19,Observation automatique
MCB2005,D,2025-10-22,Observation automatique
MCB2005,A,2025-11-14,Observation automatique
MCB2005,A,2025-12-21,Observation automatique
MCC8272,E,2025-11-07,Observation automatique
MCC8272,D,2025-07-28,Observation automatique
MCC8272,B,2025-06-14,Observation automatique
MCC8272,C,2025-11-08,Observation automatique
MCC9474,C,2025-09-06,Observation automatique
MCC9474,C,2025-08-09,Observation automatique
MCC9474,D,2025-12-26,Observation automatique
MCB1337,C,2025-09-30,Observation automatique
MCB1337,B,2025-12-27,Observation automatique
MCB1337,E,2025-09-27,Observation automatique
MCC3126,C,2025-11-27,Observation automatique
MCC8557,A,2025-08-13,Observation automatique
MCC8557,E,2025-06-09,Observation automatique
MCC8557,C,2025-10-05,Observation automatique
MCC0154,A,2025-09-13,Observation automatique
MCC0154,E,2025-12-02,Observation automatique
MCC0154,A,2025-12-22,Observation automatique
MCC0154,A,2025-10-27,Observation automatique
MCC0154,D,2025-06-27,Observation automatique
MCA5627,A,2025-08-07,Observation automatique
MCB1458,B,2025-10-06,Observation automatique
MCB1458,C,2025-07-29,Observation automatique
MCB1458,E,2025-09-11,Observation automatique
MCB1458,A,2025-12-09,Observation automatique
MCB1458,C,2025-10-11,Observation automatique
MCB1458,B,2025-06-26,Observation automatique
MCB1458,A,2025-06-18,Observation automatique
MCA7292,B,2025-11-12,Observation automatique
MCB0144,E,2025-10-17,Observation automatique
MCB0144,C,2025-10-02,Observation automatique
MCB0144,B,2025-08-07,Observation automatique
MCB0144,C,2025-10-13,Observation automatique
MCB0144,A,2025-08-30,Observation automatique
MCB0144,E,2025-12-03,Observation automatique
MCB0144,D,2025-07-05,Observation automatique
MCB4191,B,2025-07-10,Observation automatique
MCB4191,E,2025-07-29,Observation automatique
MCB4191,A,2025-06-26,Observation automatique
MCB6420,A,2025-11-03,Observation automatique
MCB6420,C,2025-07-08,Observation automatique
MCB6420,B,2025-09-22,Observation automatique
MCB6420,C,2025-09-24,Observation automatique
MCB6420,B,2025-09-25,Observation automatique
MCC2776,A,2025-09-07,Observation automatique
MCC2776,E,2025-06-07,Observation automatique
MCC2776,B,2025-08-31,Observation automatique
MCC2776,A,2025-06-08,Observation automatique
MCA4848,B,2025-10-23,Observation automatique
MCA4848,A,2025-08-13,Observation automatique
MCA4848,A,2025-06-17,Observation automatique
MCA4848,E,2025-06-18,Observation automatique
MCA4848,B,2025-06-05,Observation automatique
MCA8641,A,2025-07-17,Observation automatique
MCA8641,A,2025-08-14,Observation automatique
MCA8641,D,2025-11-27,Observation automatique
MCA8641,E,2025-07-23,Observation automatique
MCA8641,B,2025-08-12,Observation automatique
MCA8641,D,2025-10-26,Observation automatique
MCA8641,D,2025-09-17,Observation automatique
MCB5151,A,2025-10-14,Observation automatique
MCB5151,E,2025-08-07,Observation automatique
MCB5151,B,2025-09-09,Observation automatique
MCB5151,E,2025-12-01,Observation automatique
MCB5151,D,2025-07-05,Observation automatique
MCA2025,B,2025-07-15,Observation automatique
MCA2025,A,2025-12-27,Observation automatique
MCA2025,A,2025-10-21,Observation automatique
MCB9200,D,2025-07-12,Observation automatique
MCB9200,C,2025-08-26,Observation automatique
MCB9200,E,2025-11-03,Observation automatique
MCB9200,E,2025-10-26,Observation automatique
MCB9200,B,2025-12-25,Observation automatique
MCB9200,B,2025-12-01,Observation automatique
MCB9552,A,2025-10-17,Observation automatique
MCB9552,E,2025-06-11,Observation automatique
MCB9552,E,2025-08-20,Observation automatique
MCB9552,D,2025-09-09,Observation automatique
MCA6627,E,2025-08-24,Observation automatique
MCA6627,C,2025-09-17,Observation automatique
MCA9395,B,2025-10-11,Observation automatique
MCA9395,D,2025-09-20,Observation automatique
MCC0981,C,2025-07-04,Observation automatique
MCC0981,E,2025-07-17,Observation automatique
MCC0981,C,2025-08-05,Observation automatique
MCC0981,B,2025-06-27,Observation automatique
MCC0981,B,2025-07-23,Observation automatique
MCC0981,A,2025-10-28,Observation automatique
MCB2610,A,2025-08-24,Observation automatique
MCB2610,A,2025-07-07,Observation automatique
MCB2610,E,2025-06-07,Observation automatique
MCB2610,D,2025-12-27,Observation automatique
MCB2610,E,2025-10-09,Observation automatique
MCC6950,E,2025-06-04,Observation automatique
MCC6950,D,2025-10-07,Observation automatique
MCC6950,C,2025-08-12,Observation automatique
MCC6950,B,2025-11-11,Observation automatique
MCC6950,E,2025-07-14,Observation automatique
MCC6950,A,2025-08-04,Observation automatique
MCA9406,A,2025-08-25,Observation automatique
MCA9406,A,2025-09-10,Observation automatique
MCB3425,A,2025-06-17,Observation automatique
MCB3425,D,2025-07-07,Observation automatique
MCB3425,B,2025-10-29,Observation automatique
MCB9342,C,2025-07-03,Observation automatique
MCB0926,B,2025-08-08,Observation automatique
MCB0926,D,2025-10-05,Observation automatique
MCC3670,C,2025-12-12,Observation automatique
MCC3670,E,2025-12-21,Observation automatique
MCB6953,C,2025-06-16,Observation automatique
MCB6953,B,2025-08-30,Observation automatique
MCC6235,A,2025-11-05,Observation automatique
MCC6235,C,2025-07-24,Observation automatique
MCC6235,E,2025-06-02,Observation automatique
MCC6235,E,2025-06-03,Observation automatique
MCC6235,A,2025-11-01,Observation automatique
MCA3867,B,2025-07-13,Observation automatique
MCA3867,C,2025-09-09,Observation automatique
MCA3867,B,2025-12-08,Observation automatique
MCA3867,A,2025-09-28,Observation automatique
MCA3867,B,2025-07-28,Observation automatique
MCA3867,D,2025-09-18,Observation automatique
MCB2468,D,2025-08-01,Observation automatique
MCB2468,C,2025-11-16,Observation automatique
MCB2468,E,2025-08-26,Observation automatique
MCB2468,B,2025-11-10,Observation automatique
MCC2805,B,2025-09-14,Observation automatique
MCC2805,A,2025-06-28,Observation automatique
MCC2805,D,2025-09-26,Observation automatique
MCC2805,D,2025-06-13,Observation automatique
MCC2805,A,2025-06-04,Observation automatique
MCC2805,A,2025-08-08,Observation automatique
MCA7034,D,2025-06-11,Observation automatique
MCA5915,D,2025-09-26,Observation automatique
MCA5915,A,2025-07-15,Observation automatique
MCA5915,B,2025-08-28,Observation automatique
MCA5915,E,2025-06-29,Observation automatique
MCA5915,D,2025-12-30,Observation automatique
MCA5915,B,2025-08-07,Observation automatique
MCA5915,A,2025-12-21,Observation automatique
MCA1736,B,2025-06-04,Observation automatique
MCA1736,B,2025-08-19,Observation automatique
MCA1736,B,2025-06-05,Observation automatique
MCA1736,B,2025-09-26,Observation automatique
MCC6523,C,2025-12-19,Observation automatique
MCC6523,D,2025-06-24,Observation automatique
MCC6523,A,2025-09-26,Observation automatique
MCC6523,A,2025-12-23,Observation automatique
MCA6147,A,2025-06-14,Observation automatique
MCA6147,D,2025-10-17,Observation automatique
MCA6147,E,2025-11-21,Observation automatique
MCA6147,B,2025-08-22,Observation automatique
MCB3974,E,2025-12-18,Observation automatique
MCB3974,E,2025-08-06,Observation automatique
MCC3706,D,2025-08-07,Observation automatique
MCC3706,D,2025-12-17,Observation automatique
MCC3706,E,2025-11-20,Observation automatique
MCC3706,A,2025-06-09,Observation automatique
MCC3706,E,2025-10-02,Observation automatique
MCA4290,B,2025-09-04,Observation automatique
MCA4290,E,2025-06-27,Observation automatique
MCA4290,C,2025-08-15,Observation automatique
MCC2782,D,2025-11-19,Observation automatique
MCC2782,B,2025-07-02,Observation automatique
MCC2782,E,2025-09-23,Observation automatique
MCC2782,C,2025-09-27,Observation automatique
MCC1580,D,2025-10-20,Observation automatique
MCC1580,E,2025-09-17,Observation automatique
MCC1580,C,2025-07-21,Observation automatique
MCC1580,B,2025-11-21,Observation automatique
MCC1580,C,2025-06-29,Observation automatique
MCC9066,A,2025-06-06,Observation automatique
MCC9066,C,2025-06-04,Observation automatique
MCC9066,B,2025-10-10,Observation automatique
MCC9066,A,2025-10-27,Observation automatique
MCC9066,B,2025-08-23,Observation automatique
MCC9066,C,2025-07-19,Observation automatique
MCC9066,B,2025-12-22,Observation automatique
MCA8494,A,2025-10-18,Observation automatique
MCA8494,C,2025-09-11,Observation automatique
MCA8494,E,2025-07-15,Observation automatique
MCA8494,B,2025-06-29,Observation automatique
MCA8494,B,2025-12-17,Observation automatique
MCC4020,A,2025-10-22,Observation automatique
MCC4020,D,2025-09-06,Observation automatique
MCC4020,C,2025-06-16,Observation automatique
MCC4020,D,2025-07-13,Observation automatique
MCC4020,C,2025-11-10,Observation automatique
MCC4020,C,2025-07-20,Observation automatique
MCC6961,E,2025-10-14,Observation automatique
MCC6961,C,2025-10-16,Observation automatique
MCC6961,C,2025-06-01,Observation automatique
MCC6961,C,2025-10-30,Observation automatique
MCC6961,B,2025-12-03,Observation automatique
MCB7806,D,2025-10-06,Observation automatique
MCB7806,E,2025-07-25,Observation automatique
MCB7806,A,2025-08-21,Observation automatique
MCB7806,A,2025-11-14,Observation automatique
MCB7806,E,2025-06-29,Observation automatique
MCB1953,C,2025-11-04,Observation automatique
MCB1953,D,2025-09-08,Observation automatique
MCC4168,D,2025-06-13,Observation automatique
MCC4168,C,2025-10-26,Observation automatique
MCC4168,D,2025-12-08,Observation automatique
MCC4168,B,2025-07-03,Observation automatique
MCC4168,C,2025-11-15,Observation automatique
MCB5688,C,2025-09-17,Observation automatique
MCB5688,B,2025-08-28,Observation automatique
MCB5688,C,2025-12-05,Observation automatique
MCB5688,E,2025-11-14,Observation automatique
MCB5688,A,2025-12-30,Observation automatique
MCB5688,A,2025-07-04,Observation automatique
MCC7411,E,2025-06-16,Observation automatique
MCC7411,A,2025-08-14,Observation automatique
MCC7411,C,2025-09-10,Observation automatique
MCC8980,E,2025-10-10,Observation automatique
MCB2427,B,2025-10-01,Observation automatique
MCB2427,D,2025-08-07,Observation automatique
MCB2427,B,2025-08-29,Observation automatique
MCB2427,D,2025-06-16,Observation automatique
MCA3509,D,2025-10-01,Observation automatique
MCC2940,E,2025-07-16,Observation automatique
MCC2940,A,2025-08-03,Observation automatique
MCB1243,B,2025-09-18,Observation automatique
MCB1243,D,2025-07-03,Observation automatique
MCC6161,E,2025-12-20,Observation automatique
MCC6161,E,2025-11-03,Observation automatique
MCC6161,B,2025-07-11,Observation automatique
MCC6161,B,2025-07-01,Observation automatique
MCC6161,A,2025-06-13,Observation automatique
MCC4246,A,2025-07-19,Observation automatique
MCC4246,B,2025-06-18,Observation automatique
MCC4246,B,2025-11-14,Observation automatique
MCC4246,D,2025-06-22,Observation automatique
MCC4246,C,2025-11-01,Observation automatique
MCC8192,D,2025-06-11,Observation automatique
MCC8192,A,2025-06-24,Observation automatique
MCC3998,B,2025-12-16,Observation automatique
MCC3998,A,2025-07-28,Observation automatique
MCC3998,A,2025-08-03,Observation automatique
MCC3998,B,2025-06-04,Observation automatique
MCC3998,E,2025-06-30,Observation automatique
MCC3998,D,2025-09-05,Observation automatique
MCA9291,A,2025-10-04,Observation automatique
MCA9291,B,2025-06-30,Observation automatique
MCA9291,D,2025-12-11,Observation automatique
MCA9291,E,2025-08-31,Observation automatique
MCA9291,D,2025-08-20,Observation automatique
MCA2588,B,2025-12-25,Observation automatique
MCA2588,C,2025-10-05,Observation automatique
MCA2588,A,2025-12-02,Observation automatique
MCA2588,A,2025-10-13,Observation automatique
MCA2588,C,2025-06-03,Observation automatique
MCA2588,E,2025-06-25,Observation automatique
MCA2433,A,2025-08-29,Observation automatique
MCA2433,D,2025-12-08,Observation automatique
MCA2089,E,2025-11-21,Observation automatique
MCA2089,A,2025-12-30,Observation automatique
MCC3885,D,2025-12-26,Observation automatique
MCC3885,B,2025-09-05,Observation automatique
MCC3885,A,2025-07-23,Observation automatique
MCA5485,C,2025-09-18,Observation automatique
MCA5485,D,2025-11-03,Observation automatique
MCA5485,D,2025-09-16,Observation automatique
MCA5485,B,2025-12-11,Observation automatique
MCA5485,A,2025-08-26,Observation automatique
MCA5485,B,2025-12-04,Observation automatique
MCA7310,C,2025-08-02,Observation automatique
MCA7310,B,2025-10-17,Observation automatique
MCA7310,D,2025-08-16,Observation automatique
MCA7310,D,2025-10-31,Observation automatique
MCA7310,C,2025-06-17,Observation automatique
MCB1900,D,2025-09-27,Observation automatique
MCB1900,E,2025-09-02,Observation automatique
MCB1900,D,2025-06-14,Observation automatique
MCB1900,B,2025-12-23,Observation automatique
MCA4841,A,2025-11-04,Observation automatique
MCA4841,C,2025-12-30,Observation automatique
MCA4841,D,2025-07-04,Observation automatique
MCA4841,D,2025-07-12,Observation automatique
MCC9937,C,2025-10-26,Observation automatique
MCC9937,A,2025-12-15,Observation automatique
MCC9937,C,2025-12-09,Observation automatique
MCC9937,A,2025-06-13,Observation automatique
MCC9937,E,2025-09-19,Observation automatique
MCC9937,D,2025-08-01,Observation automatique
MCC9404,C,2025-06-12,Observation automatique
MCB7764,E,2025-12-20,Observation automatique
MCB7764,D,2025-12-12,Observation automatique
MCB7764,E,2025-08-17,Observation automatique
MCB7764,B,2025-09-26,Observation automatique
MCB7764,B,2025-08-25,Observation automatique
MCC2161,B,2025-12-04,Observation automatique
MCC2161,B,2025-08-28,Observation automatique
MCC2161,C,2025-08-18,Observation automatique
MCC2161,E,2025-12-09,Observation automatique
MCC2161,D,2025-10-11,Observation automatique
MCC2161,D,2025-06-24,Observation automatique
MCA6375,C,2025-10-07,Observation automatique
MCA6375,B,2025-07-23,Observation automatique
MCA6375,E,2025-12-07,Observation automatique
MCA6375,E,2025-10-30,Observation automatique
MCB3279,C,2025-06-02,Observation automatique
MCB2629,D,2025-08-24,Observation automatique
MCB2629,A,2025-10-23,Observation automatique
MCB2629,B,2025-10-21,Observation automatique
MCB2629,D,2025-10-13,Observation automatique
MCB2629,B,2025-06-17,Observation automatique
MCC6207,C,2025-11-15,Observation automatique
MCC6207,C,2025-06-22,Observation automatique
MCB0554,D,2025-11-27,Observation automatique
MCB0554,E,2025-08-06,Observation automatique
MCC3554,B,2025-12-16,Observation automatique
MCC3554,C,2025-09-02,Observation automatique
MCB5474,B,2025-06-30,Observation automatique
MCB5474,B,2025-12-14,Observation automatique
MCB5474,B,2025-06-14,Observation automatique
MCB0177,D,2025-09-30,Observation automatique
MCB0177,B,2025-12-20,Observation automatique
MCB0177,C,2025-09-03,Observation automatique
MCA7046,B,2025-11-13,Observation automatique
MCA7046,C,2025-08-02,Observation automatique
MCC4703,E,2025-12-17,Observation automatique
MCC4703,D,2025-12-11,Observation automatique
MCC4703,D,2025-09-23,Observation automatique
MCC4703,A,2025-12-25,Observation automatique
MCC4703,B,2025-11-23,Observation automatique
MCA0346,D,2025-09-20,Observation automatique
MCC2821,B,2025-11-06,Observation automatique
MCC2821,C,2025-10-03,Observation automatique
MCC2821,B,2025-07-23,Observation automatique
MCC2821,E,2025-12-13,Observation automatique
MCB6221,A,2025-08-09,Observation automatique
MCB6221,A,2025-08-06,Observation automatique
MCB6221,B,2025-08-26,Observation automatique
MCB6221,E,2025-09-09,Observation automatique
MCB2854,A,2025-08-23,Observation automatique
MCB2854,B,2025-06-16,Observation automatique
MCB2854,D,2025-07-02,Observation automatique
MCB2854,E,2025-10-02,Observation automatique
MCB2854,A,2025-11-06,Observation automatique
MCB2854,E,2025-08-27,Observation automatique
MCB6506,B,2025-08-20,Observation automatique
MCB6506,B,2025-06-02,Observation automatique
MCB6506,B,2025-11-18,Observation automatique
MCB4956,E,2025-12-29,Observation automatique
MCB4956,C,2025-07-03,Observation automatique
MCB4956,B,2025-06-05,Observation automatique
MCA7542,B,2025-09-09,Observation automatique
MCA7542,A,2025-12-07,Observation automatique
MCA7542,B,2025-08-06,Observation automatique
MCA7542,D,2025-08-08,Observation automatique
MCA7542,C,2025-09-06,Observation automatique
MCA7542,B,2025-10-14,Observation automatique
MCB2897,E,2025-06-02,Observation automatique
MCB2897,D,2025-06-05,Observation automatique
MCB2897,E,2025-06-12,Observation automatique
MCB2897,A,2025-06-07,Observation automatique
MCB2897,B,2025-06-11,Observation automatique
MCB2897,A,2025-11-19,Observation automatique
MCB2897,A,2025-07-22,Observation automatique
MCC0568,B,2025-08-29,Observation automatique
MCC0568,E,2025-08-04,Observation automatique
MCC0568,A,2025-12-14,Observation automatique
MCC0568,E,2025-08-30,Observation automatique
MCC0568,C,2025-09-05,Observation automatique
MCC0568,C,2025-09-28,Observation automatique
MCC5431,E,2025-11-12,Observation automatique
MCC5431,B,2025-08-23,Observation automatique
MCC5431,C,2025-12-15,Observation automatique
MCA7921,E,2025-12-01,Observation automatique
MCA7921,A,2025-09-19,Observation automatique
MCA7921,C,2025-06-02,Observation automatique
MCA7921,B,2025-11-04,Observation automatique
MCA7921,D,2025-12-29,Observation automatique
MCA7921,C,2025-06-29,Observation automatique
MCB7171,E,2025-09-27,Observation automatique
MCA4734,D,2025-09-03,Observation automatique
MCA4734,A,2025-08-07,Observation automatique
MCA4734,E,2025-12-15,Observation automatique
MCA3046,A,2025-07-04,Observation automatique
MCA3046,C,2025-10-01,Observation automatique
MCA3046,E,2025-07-19,Observation automatique
MCC0728,E,2025-10-17,Observation automatique
MCC0728,E,2025-08-01,Observation automatique
MCC0728,E,2025-10-10,Observation automatique
MCB0381,C,2025-06-18,Observation automatique
MCB0381,C,2025-11-05,Observation automatique
MCB2332,A,2025-11-21,Observation automatique
MCB2332,D,2025-07-10,Observation automatique
MCB2332,C,2025-08-16,Observation automatique
MCC2842,A,2025-12-28,Observation automatique
MCC2842,D,2025-06-22,Observation automatique
MCC2842,B,2025-09-11,Observation automatique
MCC2842,A,2025-10-01,Observation automatique
MCC2842,E,2025-06-29,Observation automatique
MCC2842,A,2025-06-11,Observation automatique
MCB7303,C,2025-11-13,Observation automatique
MCB7303,B,2025-09-06,Observation automatique
MCB7303,D,2025-12-22,Observation automatique
MCB7303,C,2025-11-20,Observation automatique
MCB7303,D,2025-12-27,Observation automatique
MCB7303,C,2025-11-04,Observation automatique
MCB6858,D,2025-12-06,Observation automatique
MCC9245,B,2025-08-07,Observation automatique
MCC9245,C,2025-09-12,Observation automatique
MCC9245,A,2025-07-06,Observation automatique
MCC9245,E,2025-10-28,Observation automatique
MCC9245,D,2025-06-02,Observation automatique
MCC9245,D,2025-08-29,Observation automatique
MCC9245,E,2025-07-04,Observation automatique
MCA8424,A,2025-09-03,Observation automatique
MCC6900,C,2025-12-01,Observation automatique
MCC6900,D,2025-09-25,Observation automatique
MCC6900,E,2025-12-10,Observation automatique
MCC6900,D,2025-07-07,Observation automatique
MCC6900,E,2025-12-11,Observation automatique
MCC6900,A,2025-10-12,Observation automatique
MCC6900,C,2025-06-06,Observation automatique
MCA7850,B,2025-09-26,Observation automatique
MCA7850,B,2025-09-05,Observation automatique
MCA7850,C,2025-07-11,Observation automatique
MCA7850,C,2025-07-01,Observation automatique
