id_interne_plant,date,etat,note
1482,2024-05-15,O,""
1482,2024-05-20,O,""
1482,2024-05-21,O,""
1482,2024-05-23,O,""
1482,2024-05-30,X,""
1482,2024-05-31,O,""
1482,2024-06-15,O,""
1482,2024-06-16,O,""
1482,2024-06-19,B,""
1482,2024-06-21,X,""
1482,2024-06-29,B,""
1482,2024-07-02,O,""
1482,2024-07-07,O,""
1482,2024-07-09,B,""
1482,2024-07-10,O,""
1482,2024-07-11,O,""
1482,2024-07-18,O,""
1482,2024-07-19,B,""
1482,2024-08-02,O,""
1482,2024-08-03,O,""
1482,2024-08-04,O,""
1482,2024-08-06,O,""
1482,2024-08-10,O,""
1482,2024-08-14,N,""
1482,2024-08-18,O,""
1482,2024-08-20,O,""
1482,2024-08-28,O,""
1699,2024-05-10,C,""
1699,2024-05-15,O,""
1699,2024-05-16,O,""
1699,2024-05-20,X,""
1699,2024-05-22,B,""
1699,2024-05-23,O,""
1699,2024-05-24,O,""
1699,2024-05-26,O,""
1699,2024-05-28,O,""
1699,2024-06-01,B,""
1699,2024-06-03,O,""
1699,2024-06-10,O,""
1699,2024-06-12,C,""
1699,2024-06-16,O,""
1699,2024-06-19,O,""
1699,2024-06-20,O,""
1699,2024-06-25,O,""
1699,2024-06-29,O,""
1699,2024-07-03,O,""
1699,2024-07-04,O,""
1699,2024-07-21,O,""
1699,2024-07-22,O,""
1699,2024-07-27,O,""
1699,2024-07-29,O,""
1699,2024-08-02,O,""
1699,2024-08-04,O,""
1699,2024-08-10,O,""
1699,2024-08-11,C,""
1699,2024-08-12,B,""
1699,2024-08-13,O,""
1699,2024-08-14,O,""
1699,2024-08-15,O,""
1699,2024-08-19,O,""
1699,2024-08-30,X,""
1699,2024-08-31,O,""
1699,2024-09-01,X,""
1307,2024-05-10,O,""
1307,2024-05-14,O,""
1307,2024-05-15,O,""
1307,2024-05-18,O,""
1307,2024-05-24,O,""
1307,2024-05-25,X,""
1307,2024-06-01,C,""
1307,2024-06-08,O,""
1307,2024-06-13,O,""
1307,2024-06-16,X,""
1307,2024-06-19,O,""
1307,2024-06-23,B,""
1307,2024-06-24,O,""
1307,2024-06-25,O,""
1307,2024-06-27,O,""
1307,2024-07-03,O,""
1307,2024-07-09,D,""
1307,2024-07-14,O,""
1307,2024-07-19,O,""
1307,2024-07-23,O,""
1307,2024-07-24,O,""
1307,2024-07-28,O,""
1307,2024-07-30,O,""
1780,2024-05-18,C,""
1780,2024-05-28,O,""
1780,2024-06-01,C,""
1780,2024-06-02,O,""
1780,2024-06-04,O,""
1780,2024-06-13,O,""
1780,2024-06-14,O,""
1780,2024-06-17,O,""
1780,2024-06-25,O,""
1780,2024-06-30,O,""
1780,2024-07-01,O,""
1780,2024-07-07,X,""
1780,2024-07-09,O,""
1780,2024-07-11,O,""
1780,2024-07-12,O,""
1345,2024-05-11,C,""
1345,2024-05-17,O,""
1345,2024-05-18,O,""
1345,2024-05-23,O,""
1345,2024-05-25,O,""
1345,2024-05-28,O,""
1345,2024-05-31,O,""
1345,2024-06-03,O,""
1345,2024-06-04,O,""
1345,2024-06-09,O,""
1345,2024-06-12,O,""
1345,2024-06-16,B,""
1345,2024-06-24,O,""
1345,2024-07-09,O,""
1345,2024-07-11,B,""
1345,2024-07-16,O,""
1345,2024-07-29,C,""
1345,2024-08-03,C,""
1345,2024-08-06,O,""
1345,2024-08-07,O,""
1345,2024-08-13,C,""
1345,2024-08-17,O,""
1345,2024-08-18,O,""
1345,2024-08-22,O,""
1750,2024-05-13,O,""
1750,2024-05-14,D,""
1750,2024-05-17,O,""
1750,2024-05-19,O,""
1750,2024-05-22,O,""
1750,2024-05-24,O,""
1750,2024-05-27,B,""
1750,2024-05-30,B,""
1750,2024-06-05,O,""
1750,2024-06-09,C,""
1750,2024-06-12,O,""
1750,2024-06-16,O,""
1750,2024-06-19,O,""
1750,2024-06-22,B,""
1750,2024-06-30,B,""
1750,2024-07-07,B,""
1750,2024-07-08,N,""
1750,2024-07-15,O,""
1750,2024-07-18,O,""
1750,2024-07-21,O,""
1750,2024-07-22,O,""
1750,2024-07-30,O,""
1750,2024-08-01,O,""
1750,2024-08-09,B,""
1750,2024-08-12,O,""
1750,2024-08-17,B,""
1750,2024-08-21,O,""
1750,2024-09-03,O,""
1750,2024-09-04,C,""
1750,2024-09-06,D,""
1750,2024-09-07,O,""
1750,2024-09-10,O,""
1750,2024-09-12,O,""
1750,2024-09-15,O,""
1750,2024-09-19,O,""
1750,2024-09-22,O,""
1750,2024-09-23,O,""
1750,2024-09-26,B,""
1750,2024-09-28,B,""
1750,2024-09-29,B,""
1295,2024-05-17,O,""
1295,2024-05-18,O,""
1295,2024-05-20,X,""
1295,2024-05-31,O,""
1295,2024-06-03,O,""
1295,2024-06-06,N,""
1295,2024-06-07,O,""
1295,2024-06-08,X,""
1295,2024-06-17,D,""
1295,2024-06-21,O,""
1295,2024-06-24,O,""
1295,2024-06-26,O,""
1417,2024-05-15,O,""
1417,2024-05-28,O,""
1417,2024-05-29,O,""
1417,2024-05-31,O,""
1417,2024-06-03,O,""
1417,2024-06-04,O,""
1417,2024-06-05,B,""
1417,2024-06-06,O,""
1417,2024-06-08,O,""
1417,2024-06-09,O,""
1417,2024-06-17,C,""
1417,2024-06-24,O,""
1417,2024-06-26,O,""
1417,2024-06-28,O,""
1417,2024-07-01,D,""
1417,2024-07-03,O,""
1417,2024-07-10,O,""
1417,2024-07-13,O,""
1417,2024-07-18,O,""
1417,2024-08-07,O,""
1417,2024-08-10,O,""
1417,2024-08-11,O,""
1417,2024-08-12,O,""
1417,2024-08-13,O,""
1417,2024-08-23,O,""
1442,2024-05-15,O,""
1442,2024-05-17,O,""
1442,2024-05-22,O,""
1442,2024-05-26,O,""
1442,2024-05-27,O,""
1442,2024-06-06,O,""
1442,2024-06-07,O,""
1442,2024-06-08,O,""
1442,2024-06-11,B,""
1442,2024-06-13,B,""
1442,2024-06-17,O,""
1442,2024-06-22,B,""
1442,2024-06-25,O,""
1442,2024-06-28,O,""
1442,2024-06-29,O,""
1442,2024-07-02,O,""
1442,2024-07-05,O,""
1442,2024-07-12,O,""
1442,2024-07-15,B,""
1442,2024-07-17,O,""
1442,2024-07-19,O,""
1442,2024-07-22,O,""
1442,2024-07-25,O,""
1442,2024-07-27,X,""
1442,2024-07-28,O,""
1442,2024-08-04,O,""
1442,2024-08-07,O,""
1442,2024-08-08,O,""
1442,2024-08-09,O,""
1442,2024-08-11,O,""
1442,2024-08-13,O,""
1757,2024-05-16,X,""
1757,2024-05-19,O,""
1757,2024-05-21,O,""
1757,2024-05-23,O,""
1757,2024-05-25,O,""
1757,2024-05-26,B,""
1757,2024-05-31,O,""
1757,2024-06-01,B,""
1757,2024-06-10,O,""
1757,2024-06-18,O,""
1757,2024-06-19,O,""
1757,2024-06-25,O,""
1757,2024-06-29,O,""
1757,2024-07-02,O,""
1757,2024-07-04,O,""
1757,2024-07-05,B,""
1757,2024-07-08,O,""
1757,2024-07-12,O,""
1757,2024-07-13,O,""
1757,2024-07-23,X,""
1757,2024-08-04,O,""
1757,2024-08-05,O,""
1757,2024-08-12,O,""
1757,2024-08-14,O,""
1757,2024-08-17,O,""
1757,2024-08-20,O,""
1757,2024-08-23,B,""
1757,2024-08-30,O,""
1757,2024-08-31,O,""
1757,2024-09-10,B,""
1658,2024-05-15,O,""
1658,2024-05-17,O,""
1658,2024-05-18,O,""
1658,2024-05-19,O,""
1658,2024-05-20,O,""
1658,2024-05-21,O,""
1658,2024-05-23,X,""
1658,2024-05-29,O,""
1658,2024-05-30,B,""
1658,2024-06-01,O,""
1658,2024-06-13,O,""
1658,2024-06-17,O,""
1658,2024-06-20,O,""
1658,2024-06-22,X,""
1658,2024-06-26,C,""
1658,2024-06-27,O,""
1658,2024-06-28,O,""
1658,2024-06-30,O,""
1658,2024-07-03,O,""
1658,2024-07-06,O,""
1658,2024-07-08,O,""
1658,2024-07-14,C,""
1658,2024-07-16,O,""
1658,2024-07-21,O,""
1658,2024-07-22,O,""
1658,2024-07-23,O,""
1658,2024-08-03,B,""
1658,2024-08-05,O,""
1658,2024-08-08,O,""
1658,2024-08-12,X,""
1658,2024-08-15,B,""
1658,2024-08-16,O,""
1658,2024-08-18,O,""
1658,2024-08-19,X,""
1658,2024-08-23,O,""
1658,2024-08-24,B,""
1209,2024-05-17,C,""
1209,2024-05-20,O,""
1209,2024-05-21,O,""
1209,2024-05-24,O,""
1209,2024-05-25,O,""
1209,2024-05-31,O,""
1209,2024-06-02,O,""
1209,2024-06-11,O,""
1209,2024-06-16,B,""
1209,2024-06-19,O,""
1209,2024-06-20,O,""
1209,2024-06-23,B,""
1209,2024-07-02,O,""
1209,2024-07-05,O,""
1209,2024-07-09,O,""
1209,2024-07-10,B,""
1209,2024-07-13,O,""
1209,2024-07-18,O,""
1209,2024-07-29,O,""
1209,2024-07-31,O,""
1209,2024-08-03,O,""
1209,2024-08-04,O,""
1209,2024-08-06,B,""
1209,2024-08-11,O,""
1209,2024-08-14,O,""
1209,2024-08-20,O,""
1209,2024-08-25,O,""
1209,2024-08-26,O,""
1209,2024-08-28,O,""
1209,2024-09-11,N,""
1209,2024-09-14,O,""
1209,2024-09-19,O,""
1209,2024-09-21,B,""
1229,2024-05-18,N,""
1229,2024-05-27,B,""
1229,2024-05-29,O,""
1229,2024-05-30,D,""
1229,2024-06-01,O,""
1229,2024-06-02,O,""
1229,2024-06-07,O,""
1229,2024-06-08,O,""
1229,2024-06-09,X,""
1229,2024-06-10,O,""
1229,2024-06-22,O,""
1229,2024-06-26,C,""
1229,2024-06-28,O,""
1229,2024-06-29,O,""
1233,2024-05-14,O,""
1233,2024-05-16,B,""
1233,2024-05-21,O,""
1233,2024-05-22,X,""
1233,2024-05-27,O,""
1233,2024-05-29,O,""
1233,2024-05-31,C,""
1233,2024-06-08,O,""
1233,2024-06-11,O,""
1233,2024-06-12,O,""
1233,2024-06-14,O,""
1233,2024-06-16,O,""
1233,2024-06-17,C,""
1233,2024-06-30,O,""
1233,2024-07-01,N,""
1233,2024-07-03,O,""
1233,2024-07-05,O,""
1233,2024-07-07,O,""
1233,2024-07-11,O,""
1233,2024-07-13,O,""
1233,2024-07-14,O,""
1374,2024-05-17,O,""
1374,2024-05-19,O,""
1374,2024-05-21,O,""
1374,2024-05-24,O,""
1374,2024-05-28,X,""
1374,2024-05-29,O,""
1374,2024-06-01,O,""
1374,2024-06-06,O,""
1374,2024-06-12,O,""
1374,2024-06-13,C,""
1374,2024-06-29,O,""
1374,2024-07-03,O,""
1374,2024-07-04,O,""
1374,2024-07-07,O,""
1374,2024-07-08,B,""
1374,2024-07-21,X,""
1374,2024-07-22,O,""
1374,2024-07-26,O,""
1374,2024-08-07,O,""
1374,2024-08-14,O,""
1374,2024-08-15,O,""
1374,2024-08-19,O,""
1374,2024-08-21,O,""
1374,2024-08-23,O,""
1374,2024-08-25,O,""
1374,2024-08-29,O,""
1374,2024-09-04,X,""
1374,2024-09-05,O,""
1374,2024-09-06,O,""
1622,2024-05-12,O,""
1622,2024-05-18,O,""
1622,2024-05-21,O,""
1622,2024-05-28,O,""
1622,2024-05-29,O,""
1622,2024-05-30,O,""
1622,2024-06-03,O,""
1622,2024-06-04,O,""
1622,2024-06-10,C,""
1622,2024-06-22,O,""
1622,2024-06-25,O,""
1622,2024-07-02,O,""
1622,2024-07-04,O,""
1622,2024-07-08,N,""
1622,2024-07-10,O,""
1622,2024-07-11,B,""
1622,2024-07-13,C,""
1622,2024-07-16,O,""
1622,2024-07-17,O,""
1622,2024-07-18,O,""
1622,2024-07-19,O,""
1622,2024-07-20,B,""
1622,2024-07-21,O,""
1622,2024-07-26,O,""
1622,2024-07-29,O,""
1622,2024-07-31,O,""
1622,2024-08-01,O,""
1622,2024-08-06,O,""
1622,2024-08-07,O,""
1622,2024-08-11,O,""
1622,2024-08-27,O,""
1387,2024-05-16,O,""
1387,2024-05-17,O,""
1387,2024-05-18,O,""
1387,2024-05-21,O,""
1387,2024-05-22,O,""
1387,2024-05-24,O,""
1387,2024-05-25,O,""
1387,2024-05-29,O,""
1387,2024-06-01,O,""
1387,2024-06-08,O,""
1387,2024-06-10,O,""
1387,2024-06-11,B,""
1387,2024-06-28,O,""
1387,2024-07-07,O,""
1387,2024-07-08,C,""
1387,2024-07-12,B,""
1387,2024-07-13,O,""
1387,2024-07-17,C,""
1387,2024-07-18,O,""
1387,2024-07-24,X,""
1387,2024-07-26,B,""
1387,2024-07-29,O,""
1387,2024-08-04,O,""
1387,2024-08-10,X,""
1387,2024-08-11,C,""
1550,2024-05-17,B,""
1550,2024-05-20,O,""
1550,2024-05-24,O,""
1550,2024-05-25,B,""
1550,2024-05-27,O,""
1550,2024-05-29,O,""
1550,2024-05-30,B,""
1550,2024-05-31,O,""
1550,2024-06-04,O,""
1550,2024-06-07,O,""
1550,2024-06-18,B,""
1550,2024-06-21,O,""
1550,2024-06-23,B,""
1550,2024-06-25,O,""
1550,2024-06-27,O,""
1550,2024-06-29,O,""
1550,2024-07-01,O,""
1550,2024-07-06,B,""
1550,2024-07-08,O,""
1550,2024-07-09,O,""
1550,2024-07-13,O,""
1550,2024-07-18,B,""
1550,2024-07-19,O,""
1550,2024-07-25,O,""
1525,2024-05-16,O,""
1525,2024-05-17,B,""
1525,2024-05-21,B,""
1525,2024-05-25,B,""
1525,2024-05-30,O,""
1525,2024-05-31,O,""
1525,2024-06-10,O,""
1525,2024-06-11,O,""
1525,2024-06-14,O,""
1525,2024-06-15,O,""
1525,2024-06-22,O,""
1525,2024-06-25,O,""
1525,2024-06-27,O,""
1525,2024-07-05,O,""
1525,2024-07-06,B,""
1525,2024-07-08,X,""
1525,2024-07-12,O,""
1525,2024-07-16,O,""
1525,2024-07-17,X,""
1525,2024-07-26,O,""
1525,2024-07-28,O,""
1525,2024-08-12,O,""
1525,2024-08-13,O,""
1525,2024-08-20,O,""
1525,2024-08-22,O,""
1525,2024-09-01,O,""
1525,2024-09-04,O,""
1683,2024-05-20,O,""
1683,2024-05-28,B,""
1683,2024-06-06,O,""
1683,2024-06-07,O,""
1683,2024-06-13,O,""
1683,2024-06-15,O,""
1683,2024-06-25,O,""
1683,2024-06-27,O,""
1683,2024-06-28,D,""
1683,2024-07-02,O,""
1683,2024-07-05,O,""
1683,2024-07-16,O,""
1683,2024-07-26,O,""
1683,2024-07-28,B,""
1683,2024-07-29,O,""
1683,2024-07-31,O,""
1683,2024-08-03,O,""
1683,2024-08-07,O,""
1683,2024-08-10,O,""
1683,2024-08-14,O,""
1683,2024-08-16,O,""
1683,2024-08-18,O,""
1647,2024-05-16,B,""
1647,2024-05-17,O,""
1647,2024-05-18,O,""
1647,2024-05-22,O,""
1647,2024-05-23,O,""
1647,2024-05-24,O,""
1647,2024-05-26,X,""
1647,2024-05-29,B,""
1647,2024-05-30,O,""
1647,2024-06-01,O,""
1647,2024-06-05,O,""
1647,2024-06-15,B,""
1647,2024-06-16,O,""
1647,2024-06-18,O,""
1647,2024-06-28,O,""
1647,2024-07-02,O,""
1647,2024-07-03,O,""
1647,2024-07-04,O,""
1647,2024-07-05,O,""
1647,2024-07-09,O,""
1647,2024-07-12,O,""
1647,2024-07-13,B,""
1647,2024-07-18,B,""
1647,2024-07-19,O,""
1647,2024-07-20,O,""
1647,2024-07-21,B,""
1647,2024-07-22,B,""
1647,2024-07-23,O,""
1602,2024-05-15,B,""
1602,2024-05-16,O,""
1602,2024-05-19,O,""
1602,2024-05-21,O,""
1602,2024-05-22,O,""
1602,2024-05-27,O,""
1602,2024-05-29,O,""
1602,2024-06-02,O,""
1602,2024-06-08,B,""
1602,2024-06-14,O,""
1602,2024-06-15,O,""
1602,2024-06-16,O,""
1602,2024-06-24,O,""
1602,2024-06-26,O,""
1602,2024-06-30,B,""
1602,2024-07-01,B,""
1602,2024-07-02,O,""
1602,2024-07-09,X,""
1602,2024-07-13,B,""
1552,2024-05-12,O,""
1552,2024-05-15,O,""
1552,2024-05-22,O,""
1552,2024-05-25,O,""
1552,2024-05-28,O,""
1552,2024-06-04,B,""
1552,2024-06-05,B,""
1552,2024-06-09,O,""
1726,2024-05-11,O,""
1726,2024-05-12,O,""
1726,2024-05-14,X,""
1726,2024-05-17,O,""
1726,2024-05-18,O,""
1726,2024-05-20,O,""
1726,2024-05-21,O,""
1726,2024-05-23,O,""
1726,2024-05-25,O,""
1726,2024-05-28,B,""
1726,2024-05-29,O,""
1726,2024-05-31,O,""
1726,2024-06-06,O,""
1726,2024-06-07,B,""
1792,2024-05-22,O,""
1792,2024-05-23,O,""
1792,2024-05-24,O,""
1792,2024-05-25,O,""
1792,2024-05-27,O,""
1792,2024-05-30,O,""
1792,2024-06-02,O,""
1792,2024-06-12,O,""
1792,2024-06-14,O,""
1792,2024-06-15,X,""
1792,2024-06-19,O,""
1792,2024-06-26,O,""
1792,2024-06-30,O,""
1792,2024-07-05,O,""
1792,2024-07-09,O,""
1792,2024-07-10,B,""
1792,2024-07-12,O,""
1792,2024-07-23,X,""
1792,2024-07-24,O,""
1792,2024-07-27,O,""
1792,2024-07-29,B,""
1507,2024-05-16,B,""
1507,2024-05-17,O,""
1507,2024-05-21,B,""
1507,2024-05-22,B,""
1507,2024-05-25,O,""
1507,2024-05-27,O,""
1507,2024-05-28,B,""
1507,2024-05-29,O,""
1507,2024-05-30,B,""
1507,2024-06-08,O,""
1507,2024-06-13,B,""
1507,2024-06-16,O,""
1507,2024-06-23,O,""
1507,2024-06-24,O,""
1507,2024-06-29,O,""
1507,2024-07-06,O,""
1507,2024-07-10,O,""
1507,2024-07-18,O,""
1507,2024-07-22,O,""
1507,2024-08-09,O,""
1507,2024-08-11,O,""
1507,2024-08-12,O,""
1507,2024-08-18,O,""
1507,2024-08-20,O,""
1507,2024-09-03,O,""
1507,2024-09-08,X,""
1507,2024-09-13,O,""
1507,2024-09-14,O,""
1507,2024-09-23,O,""
1507,2024-09-24,O,""
1507,2024-09-27,B,""
1710,2024-05-11,O,""
1710,2024-05-12,O,""
1710,2024-05-20,O,""
1710,2024-05-23,O,""
1710,2024-05-30,O,""
1710,2024-06-17,O,""
1710,2024-06-22,B,""
1710,2024-06-25,O,""
1710,2024-07-01,B,""
1710,2024-07-06,O,""
1710,2024-07-09,B,""
1710,2024-07-12,B,""
1710,2024-07-16,O,""
1710,2024-07-17,B,""
1275,2024-05-11,O,""
1275,2024-05-17,O,""
1275,2024-05-18,N,""
1275,2024-05-25,O,""
1275,2024-05-27,O,""
1275,2024-06-01,B,""
1275,2024-06-02,O,""
1275,2024-06-09,O,""
1275,2024-06-16,O,""
1275,2024-07-13,O,""
1275,2024-07-17,O,""
1275,2024-07-19,O,""
1275,2024-07-21,O,""
1275,2024-07-26,O,""
1275,2024-08-09,O,""
1275,2024-08-12,B,""
1275,2024-08-13,O,""
1275,2024-08-19,O,""
1275,2024-08-28,O,""
1275,2024-09-03,O,""
1275,2024-09-10,C,""
1275,2024-09-11,X,""
1275,2024-09-14,O,""
1275,2024-09-15,O,""
1275,2024-09-17,O,""
1275,2024-09-25,O,""
1275,2024-09-27,O,""
1275,2024-09-28,O,""
1275,2024-09-29,O,""
1606,2024-05-21,O,""
1606,2024-05-22,D,""
1606,2024-05-23,O,""
1606,2024-05-26,O,""
1606,2024-05-28,N,""
1606,2024-05-30,O,""
1606,2024-06-01,O,""
1606,2024-06-03,X,""
1606,2024-06-05,O,""
1606,2024-06-09,O,""
1606,2024-06-13,B,""
1606,2024-06-14,O,""
1606,2024-06-15,B,""
1606,2024-06-16,B,""
1606,2024-06-17,O,""
1606,2024-06-18,O,""
1606,2024-06-22,O,""
1606,2024-06-24,O,""
1606,2024-06-25,B,""
1311,2024-05-14,C,""
1311,2024-05-16,O,""
1311,2024-05-17,O,""
1311,2024-05-20,O,""
1311,2024-05-21,B,""
1311,2024-05-25,O,""
1311,2024-05-27,O,""
1311,2024-05-29,O,""
1311,2024-06-06,X,""
1311,2024-06-07,O,""
1311,2024-06-09,O,""
1311,2024-06-12,O,""
1311,2024-06-13,O,""
1311,2024-06-14,O,""
1311,2024-06-16,O,""
1311,2024-06-22,O,""
1311,2024-06-24,O,""
1311,2024-07-08,B,""
1311,2024-07-11,O,""
1311,2024-07-13,O,""
1311,2024-07-17,D,""
1311,2024-07-20,B,""
1311,2024-07-24,B,""
1311,2024-07-31,O,""
1311,2024-08-01,O,""
1311,2024-08-02,O,""
1311,2024-08-04,O,""
1311,2024-08-06,B,""
1311,2024-08-13,O,""
1311,2024-08-20,B,""
1311,2024-08-21,O,""
1311,2024-08-25,O,""
1311,2024-08-26,O,""
1311,2024-09-02,X,""
1311,2024-09-05,X,""
1311,2024-09-06,O,""
1311,2024-09-11,X,""
1311,2024-09-13,C,""
1311,2024-09-14,B,""
1521,2024-05-11,O,""
1521,2024-05-17,O,""
1521,2024-05-24,O,""
1521,2024-05-25,O,""
1521,2024-05-28,O,""
1521,2024-06-02,O,""
1521,2024-06-06,B,""
1521,2024-06-07,X,""
1521,2024-06-11,C,""
1521,2024-06-12,O,""
1521,2024-06-14,O,""
1521,2024-06-16,O,""
1521,2024-06-18,O,""
1521,2024-06-20,O,""
1521,2024-06-21,X,""
1521,2024-06-23,B,""
1521,2024-06-30,X,""
1521,2024-07-01,O,""
1521,2024-07-06,B,""
1521,2024-07-08,O,""
1521,2024-07-13,O,""
1521,2024-07-19,O,""
1604,2024-05-15,O,""
1604,2024-05-19,O,""
1604,2024-05-22,B,""
1604,2024-05-27,O,""
1604,2024-05-29,O,""
1604,2024-05-31,C,""
1604,2024-06-03,O,""
1604,2024-06-04,O,""
1604,2024-06-06,X,""
1604,2024-06-11,O,""
1604,2024-06-12,O,""
1604,2024-06-21,O,""
1604,2024-06-22,O,""
1604,2024-06-24,O,""
1604,2024-06-27,O,""
1604,2024-06-28,O,""
1604,2024-06-29,O,""
1604,2024-06-30,O,""
1604,2024-07-01,B,""
1604,2024-07-03,O,""
1604,2024-07-04,O,""
1604,2024-07-06,O,""
1604,2024-07-11,O,""
1604,2024-07-16,O,""
1604,2024-07-18,O,""
1604,2024-08-05,B,""
1604,2024-08-07,O,""
1604,2024-08-08,O,""
1604,2024-08-09,O,""
1604,2024-08-18,O,""
1604,2024-08-20,B,""
1604,2024-08-22,O,""
1604,2024-08-23,O,""
1284,2024-05-11,B,""
1284,2024-05-13,O,""
1284,2024-05-15,O,""
1284,2024-05-17,B,""
1284,2024-05-19,O,""
1284,2024-05-20,X,""
1284,2024-05-22,O,""
1284,2024-05-23,O,""
1284,2024-05-26,O,""
1284,2024-05-27,O,""
1284,2024-06-01,O,""
1284,2024-06-07,O,""
1284,2024-06-09,O,""
1284,2024-06-15,X,""
1284,2024-06-16,O,""
1284,2024-06-18,O,""
1594,2024-05-09,O,""
1594,2024-05-12,O,""
1594,2024-05-17,C,""
1594,2024-05-18,O,""
1594,2024-05-19,O,""
1594,2024-05-20,O,""
1594,2024-05-22,O,""
1594,2024-05-23,O,""
1594,2024-05-25,X,""
1594,2024-05-26,O,""
1594,2024-06-01,O,""
1594,2024-06-13,O,""
1594,2024-06-21,O,""
1594,2024-06-22,B,""
1594,2024-06-24,C,""
1594,2024-06-26,O,""
1594,2024-07-01,B,""
1594,2024-07-11,O,""
1594,2024-07-14,O,""
1594,2024-07-15,O,""
1594,2024-07-21,B,""
1594,2024-07-26,O,""
1594,2024-08-01,O,""
1594,2024-08-04,O,""
1594,2024-08-11,O,""
1594,2024-08-19,O,""
1594,2024-08-20,O,""
1594,2024-08-26,O,""
1594,2024-08-31,O,""
1594,2024-09-01,O,""
1594,2024-09-06,C,""
1594,2024-09-08,B,""
1594,2024-09-10,B,""
1338,2024-05-17,O,""
1338,2024-05-21,O,""
1338,2024-05-22,O,""
1338,2024-05-24,O,""
1338,2024-05-27,O,""
1338,2024-05-29,O,""
1338,2024-06-09,O,""
1338,2024-06-11,B,""
1338,2024-06-12,D,""
1338,2024-07-06,O,""
1338,2024-07-09,O,""
1338,2024-07-10,O,""
1338,2024-07-15,O,""
1338,2024-07-24,O,""
1338,2024-07-25,O,""
1338,2024-07-28,B,""
1338,2024-07-30,O,""
1338,2024-08-03,O,""
1338,2024-08-04,O,""
1338,2024-08-08,O,""
1338,2024-08-11,D,""
1338,2024-08-14,O,""
1338,2024-08-16,O,""
1338,2024-08-21,B,""
1338,2024-08-22,O,""
1338,2024-08-26,O,""
1338,2024-08-29,D,""
1338,2024-08-31,O,""
1338,2024-09-01,O,""
1338,2024-09-05,B,""
1338,2024-09-08,O,""
1583,2024-05-11,O,""
1583,2024-05-14,O,""
1583,2024-05-20,O,""
1583,2024-05-22,O,""
1583,2024-05-24,O,""
1583,2024-06-03,O,""
1583,2024-06-08,X,""
1583,2024-06-09,O,""
1583,2024-06-12,O,""
1583,2024-06-13,O,""
1583,2024-06-15,B,""
1583,2024-06-16,B,""
1583,2024-06-19,O,""
1583,2024-06-23,O,""
1583,2024-06-24,X,""
1583,2024-06-25,O,""
1583,2024-06-26,B,""
1583,2024-06-28,X,""
1583,2024-06-30,O,""
1583,2024-07-15,B,""
1583,2024-07-18,O,""
1583,2024-07-19,O,""
1583,2024-07-24,O,""
1583,2024-07-28,X,""
1583,2024-08-04,O,""
1261,2024-05-13,B,""
1261,2024-05-14,O,""
1261,2024-05-15,C,""
1261,2024-05-16,O,""
1261,2024-05-23,O,""
1261,2024-05-28,X,""
1261,2024-05-29,O,""
1261,2024-06-02,X,""
1261,2024-06-05,O,""
1261,2024-06-15,B,""
1261,2024-06-23,B,""
1261,2024-06-26,O,""
1261,2024-06-28,O,""
1261,2024-07-01,O,""
1261,2024-07-10,O,""
1261,2024-07-11,O,""
1261,2024-07-13,O,""
1261,2024-07-20,O,""
1261,2024-07-21,O,""
1261,2024-07-22,O,""
1261,2024-07-24,O,""
1261,2024-07-28,O,""
1261,2024-07-30,O,""
1261,2024-07-31,O,""
1261,2024-08-11,X,""
1261,2024-08-15,X,""
1261,2024-08-17,B,""
1261,2024-08-20,O,""
1261,2024-08-23,O,""
1261,2024-08-25,O,""
1261,2024-08-26,O,""
1261,2024-08-27,O,""
1261,2024-09-02,O,""
1261,2024-09-06,X,""
1261,2024-09-08,B,""
1457,2024-05-16,O,""
1457,2024-05-17,O,""
1457,2024-05-21,X,""
1457,2024-05-24,N,""
1457,2024-05-30,O,""
1457,2024-06-03,O,""
1457,2024-06-07,B,""
1457,2024-06-09,O,""
1457,2024-06-10,O,""
1457,2024-06-11,O,""
1457,2024-06-15,O,""
1457,2024-06-17,O,""
1457,2024-06-19,O,""
1457,2024-06-29,O,""
1457,2024-07-03,O,""
1457,2024-07-05,O,""
1457,2024-07-07,O,""
1457,2024-07-11,X,""
1494,2024-05-18,O,""
1494,2024-05-19,O,""
1494,2024-05-21,O,""
1494,2024-05-22,O,""
1494,2024-05-27,O,""
1494,2024-05-29,O,""
1494,2024-05-30,O,""
1494,2024-06-05,B,""
1494,2024-06-06,O,""
1494,2024-06-07,O,""
1494,2024-06-09,C,""
1494,2024-06-14,O,""
1494,2024-06-17,O,""
1494,2024-06-27,O,""
1494,2024-07-07,O,""
1494,2024-07-11,B,""
1494,2024-07-17,O,""
1494,2024-07-23,O,""
1494,2024-07-25,O,""
1494,2024-08-01,X,""
1494,2024-08-02,O,""
1494,2024-08-06,O,""
1494,2024-08-08,O,""
1494,2024-08-09,O,""
1494,2024-08-10,O,""
1494,2024-08-12,O,""
1494,2024-08-13,O,""
1494,2024-09-01,O,""
1494,2024-09-06,O,""
1494,2024-09-08,O,""
1494,2024-09-12,D,""
1494,2024-09-13,O,""
1494,2024-09-17,B,""
1494,2024-09-19,N,""
1494,2024-09-20,O,""
1494,2024-09-21,O,""
1494,2024-09-25,B,""
1465,2024-05-14,O,""
1465,2024-05-15,B,""
1465,2024-05-17,O,""
1465,2024-05-20,X,""
1465,2024-05-21,O,""
1465,2024-05-25,O,""
1465,2024-05-27,X,""
1465,2024-05-29,B,""
1465,2024-06-07,O,""
1465,2024-06-08,X,""
1465,2024-06-12,O,""
1465,2024-06-16,O,""
1443,2024-05-16,O,""
1443,2024-05-22,O,""
1443,2024-05-24,O,""
1443,2024-05-25,O,""
1443,2024-05-28,O,""
1443,2024-06-01,O,""
1443,2024-06-03,N,""
1443,2024-06-04,O,""
1443,2024-06-05,O,""
1443,2024-06-06,O,""
1443,2024-06-10,O,""
1443,2024-06-16,O,""
1443,2024-06-17,O,""
1443,2024-06-20,O,""
1443,2024-06-21,D,""
1443,2024-06-24,O,""
1443,2024-06-29,B,""
1443,2024-06-30,O,""
1443,2024-07-03,O,""
1443,2024-07-04,O,""
1443,2024-07-05,O,""
1443,2024-07-08,O,""
1443,2024-07-10,O,""
1443,2024-07-12,O,""
1443,2024-07-17,O,""
1443,2024-07-29,B,""
1443,2024-08-04,C,""
1443,2024-08-05,O,""
1303,2024-05-11,O,""
1303,2024-05-13,O,""
1303,2024-05-15,O,""
1303,2024-05-19,X,""
1303,2024-05-21,O,""
1303,2024-05-22,O,""
1303,2024-06-04,O,""
1303,2024-06-08,O,""
1303,2024-06-12,O,""
1303,2024-06-19,O,""
1303,2024-06-21,O,""
1762,2024-05-10,B,""
1762,2024-05-11,O,""
1762,2024-05-12,O,""
1762,2024-05-13,O,""
1762,2024-05-15,O,""
1762,2024-05-17,D,""
1762,2024-05-24,O,""
1762,2024-05-28,O,""
1762,2024-05-29,O,""
1762,2024-06-04,X,""
1762,2024-06-16,O,""
1762,2024-06-21,C,""
1762,2024-06-23,B,""
1650,2024-05-11,O,""
1650,2024-05-13,O,""
1650,2024-05-14,B,""
1650,2024-05-15,O,""
1650,2024-05-19,O,""
1650,2024-05-24,O,""
1650,2024-05-25,O,""
1650,2024-05-26,O,""
1650,2024-05-27,O,""
1650,2024-05-28,O,""
1650,2024-05-29,X,""
1650,2024-06-09,O,""
1650,2024-06-21,O,""
1650,2024-06-22,B,""
1650,2024-06-24,O,""
1650,2024-06-25,O,""
1650,2024-06-27,O,""
1650,2024-06-28,O,""
1650,2024-06-29,O,""
1650,2024-07-04,O,""
1650,2024-07-06,O,""
1679,2024-05-17,O,""
1679,2024-05-20,X,""
1679,2024-05-22,B,""
1679,2024-05-23,B,""
1679,2024-05-24,O,""
1679,2024-05-25,B,""
1679,2024-05-26,O,""
1679,2024-05-29,O,""
1679,2024-05-30,O,""
1679,2024-05-31,O,""
1679,2024-06-01,O,""
1679,2024-06-02,O,""
1679,2024-06-05,O,""
1679,2024-06-06,O,""
1679,2024-06-07,O,""
1679,2024-06-11,O,""
1679,2024-06-18,O,""
1679,2024-06-23,O,""
1679,2024-06-24,O,""
1679,2024-06-28,O,""
1679,2024-07-10,O,""
1679,2024-07-12,C,""
1679,2024-07-17,O,""
1476,2024-05-21,O,""
1476,2024-05-26,O,""
1476,2024-06-01,O,""
1476,2024-06-07,O,""
1476,2024-06-10,O,""
1476,2024-06-11,O,""
1476,2024-06-14,B,""
1476,2024-06-20,O,""
1476,2024-06-26,O,""
1476,2024-07-06,O,""
1476,2024-07-07,O,""
1476,2024-07-11,O,""
1476,2024-07-16,O,""
1476,2024-07-17,B,""
1476,2024-07-20,C,""
1476,2024-07-23,O,""
1476,2024-07-24,O,""
1476,2024-08-04,O,""
1476,2024-08-06,B,""
1476,2024-08-16,O,""
1476,2024-08-18,O,""
1476,2024-08-19,O,""
1476,2024-08-20,O,""
1476,2024-08-21,O,""
1286,2024-05-12,O,""
1286,2024-05-13,O,""
1286,2024-05-20,O,""
1286,2024-05-23,O,""
1286,2024-05-25,B,""
1286,2024-05-28,O,""
1286,2024-05-31,O,""
1286,2024-06-11,B,""
1286,2024-06-17,O,""
1286,2024-06-19,O,""
1286,2024-06-21,O,""
1286,2024-06-23,O,""
1286,2024-06-24,C,""
1286,2024-06-25,O,""
1286,2024-06-29,X,""
1286,2024-06-30,O,""
1286,2024-07-06,O,""
1286,2024-07-08,O,""
1286,2024-07-12,O,""
1286,2024-07-17,O,""
1286,2024-07-20,B,""
1286,2024-07-25,O,""
1413,2024-05-15,O,""
1413,2024-05-16,D,""
1413,2024-05-19,O,""
1413,2024-05-22,O,""
1413,2024-05-25,O,""
1413,2024-05-26,O,""
1413,2024-05-28,X,""
1413,2024-05-30,O,""
1413,2024-06-12,O,""
1413,2024-06-13,O,""
1413,2024-06-25,B,""
1413,2024-07-04,O,""
1414,2024-05-13,O,""
1414,2024-05-17,O,""
1414,2024-05-18,O,""
1414,2024-05-27,O,""
1414,2024-05-28,O,""
1414,2024-06-01,O,""
1414,2024-06-03,O,""
1414,2024-06-07,O,""
1414,2024-06-14,B,""
1414,2024-06-17,O,""
1414,2024-06-19,O,""
1414,2024-06-22,O,""
1414,2024-06-27,O,""
1414,2024-07-02,O,""
1414,2024-07-06,O,""
1414,2024-07-07,O,""
1414,2024-07-10,O,""
1414,2024-07-11,N,""
1414,2024-07-14,B,""
1414,2024-07-23,O,""
1414,2024-07-26,O,""
1414,2024-07-28,X,""
1414,2024-08-06,O,""
1414,2024-08-17,O,""
1414,2024-08-19,C,""
1414,2024-08-20,B,""
1414,2024-08-21,O,""
1414,2024-08-23,O,""
1414,2024-08-30,O,""
1414,2024-08-31,N,""
1224,2024-05-15,B,""
1224,2024-05-16,C,""
1224,2024-05-23,O,""
1224,2024-05-27,O,""
1224,2024-05-28,O,""
1224,2024-05-30,O,""
1224,2024-06-03,O,""
1224,2024-06-04,B,""
1224,2024-06-09,N,""
1224,2024-06-15,O,""
1224,2024-06-18,O,""
1224,2024-06-19,O,""
1224,2024-06-21,C,""
1224,2024-06-22,O,""
1224,2024-06-24,O,""
1224,2024-06-26,O,""
1224,2024-06-27,O,""
1224,2024-06-29,O,""
1224,2024-07-03,O,""
1224,2024-07-06,O,""
1224,2024-07-10,O,""
1224,2024-07-18,B,""
1224,2024-07-22,O,""
1224,2024-07-24,O,""
1224,2024-07-30,O,""
1224,2024-08-07,O,""
1640,2024-05-17,O,""
1640,2024-05-19,B,""
1640,2024-05-20,O,""
1640,2024-05-21,O,""
1640,2024-05-22,O,""
1640,2024-05-23,O,""
1640,2024-05-25,O,""
1640,2024-05-26,B,""
1640,2024-05-31,B,""
1640,2024-06-07,O,""
1640,2024-06-10,B,""
1640,2024-06-15,B,""
1640,2024-06-17,N,""
1640,2024-06-18,O,""
1640,2024-06-19,O,""
1640,2024-06-24,O,""
1640,2024-07-02,O,""
1640,2024-07-09,B,""
1640,2024-07-12,O,""
1640,2024-07-14,O,""
1640,2024-07-19,O,""
1640,2024-07-21,O,""
1640,2024-07-26,B,""
1640,2024-07-28,O,""
1640,2024-07-29,O,""
1640,2024-07-30,O,""
1640,2024-08-02,D,""
1640,2024-08-06,X,""
1640,2024-08-07,C,""
1640,2024-08-10,O,""
1640,2024-08-11,B,""
1640,2024-08-21,O,""
1640,2024-08-26,O,""
1640,2024-09-01,B,""
1640,2024-09-03,B,""
1640,2024-09-04,O,""
1640,2024-09-07,O,""
1640,2024-09-08,O,""
1640,2024-09-09,O,""
1640,2024-09-13,B,""
1640,2024-09-16,O,""
1640,2024-09-17,B,""
1640,2024-09-18,O,""
1640,2024-09-20,X,""
1640,2024-09-22,O,""
1640,2024-09-24,O,""
1640,2024-09-26,O,""
1569,2024-05-13,O,""
1569,2024-05-14,O,""
1569,2024-05-17,O,""
1569,2024-05-20,B,""
1569,2024-05-21,O,""
1569,2024-05-22,O,""
1569,2024-05-24,O,""
1569,2024-05-26,O,""
1569,2024-06-01,O,""
1569,2024-06-03,X,""
1569,2024-06-04,O,""
1569,2024-06-13,C,""
1569,2024-06-19,O,""
1569,2024-06-21,O,""
1569,2024-07-04,C,""
1569,2024-07-05,O,""
1569,2024-07-17,O,""
1569,2024-07-20,O,""
1569,2024-07-26,O,""
1569,2024-07-30,O,""
1569,2024-07-31,O,""
1569,2024-08-07,O,""
1569,2024-08-10,D,""
1569,2024-08-14,O,""
1569,2024-08-21,B,""
1569,2024-08-26,X,""
1569,2024-08-27,O,""
1569,2024-08-31,B,""
1569,2024-09-02,O,""
1215,2024-05-10,O,""
1215,2024-05-11,X,""
1215,2024-05-17,X,""
1215,2024-05-19,O,""
1215,2024-05-24,O,""
1215,2024-05-25,O,""
1215,2024-05-27,O,""
1215,2024-05-31,O,""
1215,2024-06-02,O,""
1215,2024-06-06,O,""
1215,2024-06-09,O,""
1215,2024-06-10,O,""
1215,2024-06-11,B,""
1215,2024-06-17,B,""
1215,2024-06-18,B,""
1215,2024-06-20,N,""
1215,2024-06-21,O,""
1215,2024-06-29,B,""
1215,2024-06-30,O,""
1608,2024-05-15,B,""
1608,2024-05-16,N,""
1608,2024-05-17,O,""
1608,2024-05-19,O,""
1608,2024-05-26,O,""
1608,2024-05-27,O,""
1608,2024-05-28,O,""
1608,2024-05-29,O,""
1608,2024-05-30,O,""
1608,2024-06-04,O,""
1608,2024-06-08,O,""
1608,2024-06-13,O,""
1608,2024-06-15,X,""
1608,2024-06-17,O,""
1608,2024-06-18,O,""
1789,2024-05-18,O,""
1789,2024-05-20,O,""
1789,2024-05-21,O,""
1789,2024-05-27,O,""
1789,2024-05-30,O,""
1789,2024-05-31,B,""
1789,2024-06-04,O,""
1789,2024-06-13,X,""
1789,2024-06-22,O,""
1789,2024-06-25,B,""
1789,2024-06-30,O,""
1789,2024-07-05,O,""
1789,2024-07-08,O,""
1789,2024-07-09,O,""
1789,2024-07-16,B,""
1789,2024-07-18,O,""
1789,2024-07-21,O,""
1789,2024-07-29,O,""
1789,2024-08-02,O,""
1789,2024-08-03,O,""
1789,2024-08-06,O,""
1789,2024-08-08,O,""
1789,2024-08-16,O,""
1789,2024-08-18,O,""
1789,2024-08-20,O,""
1789,2024-08-31,O,""
1789,2024-09-03,O,""
1789,2024-09-04,O,""
1789,2024-09-09,O,""
1789,2024-09-10,X,""
1789,2024-09-11,O,""
1223,2024-05-16,B,""
1223,2024-05-21,O,""
1223,2024-05-22,O,""
1223,2024-05-23,O,""
1223,2024-05-25,C,""
1223,2024-05-28,X,""
1223,2024-05-29,B,""
1223,2024-05-31,O,""
1223,2024-06-02,X,""
1223,2024-06-04,B,""
1223,2024-06-05,O,""
1223,2024-06-14,O,""
1223,2024-06-15,O,""
1223,2024-06-17,O,""
1223,2024-06-21,O,""
1223,2024-06-23,O,""
1223,2024-06-25,O,""
1223,2024-06-26,B,""
1223,2024-07-06,O,""
1223,2024-07-13,O,""
1558,2024-05-14,O,""
1558,2024-05-15,O,""
1558,2024-05-16,O,""
1558,2024-05-22,O,""
1558,2024-05-26,O,""
1558,2024-05-28,B,""
1558,2024-06-08,O,""
1558,2024-06-14,O,""
1558,2024-06-15,O,""
1558,2024-06-17,O,""
1558,2024-06-21,B,""
1558,2024-06-22,O,""
1558,2024-06-23,O,""
1558,2024-06-30,O,""
1777,2024-05-19,O,""
1777,2024-05-20,O,""
1777,2024-05-22,O,""
1777,2024-05-23,O,""
1777,2024-05-24,O,""
1777,2024-05-25,O,""
1777,2024-05-27,O,""
1777,2024-06-01,O,""
1777,2024-06-06,O,""
1777,2024-06-07,O,""
1777,2024-06-08,O,""
1777,2024-06-10,O,""
1777,2024-06-11,B,""
1777,2024-06-14,O,""
1777,2024-06-17,O,""
1777,2024-06-23,X,""
1777,2024-07-02,O,""
1777,2024-07-03,O,""
1777,2024-07-05,O,""
1777,2024-07-07,B,""
1777,2024-07-08,O,""
1777,2024-07-10,O,""
1777,2024-07-13,X,""
1777,2024-07-18,B,""
1777,2024-07-24,O,""
1777,2024-07-25,O,""
1777,2024-07-26,B,""
1777,2024-07-31,X,""
1777,2024-08-05,O,""
1777,2024-08-08,O,""
1777,2024-08-09,O,""
1777,2024-08-15,B,""
1777,2024-08-18,O,""
1777,2024-08-22,O,""
1777,2024-08-31,O,""
1777,2024-09-11,O,""
1777,2024-09-12,O,""
1777,2024-09-16,C,""
1777,2024-09-17,O,""
1777,2024-09-19,X,""
1777,2024-09-20,B,""
1777,2024-09-30,X,""
1361,2024-05-10,B,""
1361,2024-05-12,B,""
1361,2024-05-13,B,""
1361,2024-05-17,O,""
1361,2024-05-19,O,""
1361,2024-05-20,O,""
1361,2024-05-25,O,""
1361,2024-05-30,O,""
1361,2024-06-01,O,""
1361,2024-06-04,X,""
1361,2024-06-06,B,""
1361,2024-06-07,O,""
1361,2024-06-10,O,""
1361,2024-06-13,N,""
1361,2024-06-20,O,""
1361,2024-07-02,O,""
1361,2024-07-03,B,""
1361,2024-07-09,B,""
1361,2024-07-12,O,""
1361,2024-07-18,O,""
1715,2024-05-12,B,""
1715,2024-05-15,O,""
1715,2024-05-16,O,""
1715,2024-05-19,B,""
1715,2024-05-23,O,""
1715,2024-05-24,O,""
1715,2024-05-27,O,""
1715,2024-05-29,O,""
1715,2024-05-31,O,""
1715,2024-06-01,O,""
1715,2024-06-04,O,""
1715,2024-06-09,O,""
1715,2024-06-12,O,""
1715,2024-06-14,O,""
1715,2024-06-21,O,""
1715,2024-06-22,O,""
1715,2024-06-25,X,""
1715,2024-07-02,O,""
1715,2024-07-03,B,""
1715,2024-07-06,O,""
1715,2024-07-07,O,""
1715,2024-07-09,O,""
1715,2024-07-24,X,""
1715,2024-07-26,O,""
1715,2024-07-27,O,""
1715,2024-08-03,O,""
1715,2024-08-23,O,""
1715,2024-08-28,B,""
1715,2024-09-01,O,""
1715,2024-09-07,O,""
1715,2024-09-10,O,""
1715,2024-09-11,X,""
1715,2024-09-13,B,""
1715,2024-09-14,O,""
1715,2024-09-19,D,""
1715,2024-09-24,O,""
1362,2024-05-12,O,""
1362,2024-05-15,O,""
1362,2024-05-16,O,""
1362,2024-05-19,C,""
1362,2024-05-24,O,""
1362,2024-05-27,O,""
1362,2024-05-30,O,""
1362,2024-06-09,O,""
1362,2024-06-22,O,""
1362,2024-06-23,X,""
1362,2024-06-28,O,""
1362,2024-07-03,O,""
1362,2024-07-05,B,""
1362,2024-07-11,B,""
1362,2024-07-17,B,""
1362,2024-07-18,X,""
1362,2024-07-20,X,""
1362,2024-07-21,O,""
1362,2024-07-22,O,""
1362,2024-07-24,B,""
1362,2024-07-25,O,""
1362,2024-07-31,N,""
1362,2024-08-07,O,""
1728,2024-05-16,O,""
1728,2024-05-18,O,""
1728,2024-05-21,B,""
1728,2024-05-26,O,""
1728,2024-05-28,X,""
1728,2024-05-31,O,""
1728,2024-06-10,O,""
1728,2024-06-11,O,""
1728,2024-06-14,O,""
1728,2024-06-15,B,""
1728,2024-07-01,O,""
1728,2024-07-03,B,""
1728,2024-07-08,O,""
1728,2024-07-10,O,""
1728,2024-07-11,O,""
1728,2024-07-13,O,""
1728,2024-07-16,O,""
1657,2024-05-24,O,""
1657,2024-05-25,O,""
1657,2024-05-31,D,""
1657,2024-06-11,O,""
1367,2024-05-17,O,""
1367,2024-05-22,O,""
1367,2024-05-24,O,""
1367,2024-05-27,O,""
1367,2024-05-28,B,""
1367,2024-05-29,O,""
1367,2024-05-31,O,""
1367,2024-06-01,O,""
1367,2024-06-02,O,""
1367,2024-06-04,O,""
1367,2024-06-11,O,""
1367,2024-06-13,B,""
1367,2024-06-17,B,""
1753,2024-05-15,O,""
1753,2024-05-17,C,""
1753,2024-05-25,O,""
1753,2024-05-26,O,""
1753,2024-05-28,B,""
1753,2024-05-30,O,""
1753,2024-06-04,O,""
1753,2024-06-05,O,""
1753,2024-06-21,B,""
1753,2024-06-28,B,""
1753,2024-07-01,O,""
1753,2024-07-06,X,""
1753,2024-07-09,O,""
1753,2024-07-12,O,""
1753,2024-07-16,O,""
1753,2024-07-25,O,""
1753,2024-08-05,O,""
1753,2024-08-09,B,""
1753,2024-08-14,O,""
1753,2024-08-16,O,""
1753,2024-08-17,O,""
1753,2024-08-19,X,""
1753,2024-08-28,O,""
1753,2024-09-02,X,""
1753,2024-09-03,B,""
1753,2024-09-06,O,""
1753,2024-09-10,O,""
1483,2024-05-15,N,""
1483,2024-05-17,O,""
1483,2024-05-21,O,""
1483,2024-05-23,N,""
1483,2024-05-25,O,""
1483,2024-05-28,O,""
1483,2024-05-31,O,""
1483,2024-06-11,O,""
1483,2024-06-14,O,""
1483,2024-06-23,O,""
1483,2024-06-24,O,""
1483,2024-06-25,O,""
1483,2024-07-04,O,""
1483,2024-07-06,O,""
1483,2024-07-08,O,""
1483,2024-07-17,O,""
1483,2024-07-18,B,""
1483,2024-07-22,O,""
1483,2024-07-25,B,""
1483,2024-08-04,O,""
1483,2024-08-19,O,""
1483,2024-08-23,B,""
1483,2024-08-25,O,""
1483,2024-09-06,O,""
1593,2024-05-17,O,""
1593,2024-05-19,O,""
1593,2024-05-20,O,""
1593,2024-05-22,O,""
1593,2024-05-25,O,""
1593,2024-05-26,O,""
1593,2024-06-02,O,""
1593,2024-06-08,O,""
1593,2024-06-13,X,""
1593,2024-06-16,O,""
1593,2024-06-26,B,""
1593,2024-06-28,B,""
1593,2024-06-29,O,""
1593,2024-07-01,O,""
1593,2024-07-03,O,""
1593,2024-07-10,O,""
1593,2024-07-13,X,""
1593,2024-07-17,O,""
1593,2024-07-29,O,""
1593,2024-07-30,O,""
1593,2024-08-01,O,""
1593,2024-08-02,O,""
1593,2024-08-08,O,""
1593,2024-08-15,X,""
1593,2024-08-16,O,""
1593,2024-08-17,O,""
1593,2024-08-18,O,""
1593,2024-08-19,O,""
1593,2024-08-20,O,""
1593,2024-08-23,O,""
1593,2024-08-24,D,""
1593,2024-08-26,O,""
1593,2024-09-01,X,""
1593,2024-09-05,B,""
1593,2024-09-09,O,""
1593,2024-09-11,C,""
1593,2024-09-15,B,""
1593,2024-09-18,O,""
1302,2024-05-19,O,""
1302,2024-05-22,O,""
1302,2024-05-23,O,""
1302,2024-06-01,O,""
1302,2024-06-06,C,""
1302,2024-06-11,O,""
1302,2024-06-12,X,""
1302,2024-06-16,O,""
1302,2024-06-17,B,""
1302,2024-06-22,O,""
1302,2024-06-25,O,""
1302,2024-07-10,O,""
1302,2024-07-11,O,""
1302,2024-07-18,O,""
1302,2024-07-21,O,""
1302,2024-07-26,O,""
1302,2024-08-07,O,""
1302,2024-08-20,O,""
1302,2024-08-22,O,""
1302,2024-08-23,O,""
1302,2024-08-29,O,""
1302,2024-08-30,C,""
1321,2024-05-16,O,""
1321,2024-05-21,O,""
1321,2024-05-25,O,""
1321,2024-05-29,B,""
1321,2024-05-30,O,""
1321,2024-06-07,O,""
1321,2024-06-09,N,""
1321,2024-06-12,X,""
1321,2024-06-16,O,""
1321,2024-06-17,C,""
1321,2024-06-18,X,""
1321,2024-06-24,B,""
1321,2024-06-28,O,""
1321,2024-07-07,D,""
1321,2024-07-13,O,""
1321,2024-07-15,X,""
1321,2024-07-25,O,""
1321,2024-07-26,O,""
1321,2024-07-31,O,""
1321,2024-08-03,O,""
1321,2024-08-16,O,""
1321,2024-08-25,O,""
1321,2024-08-30,B,""
1321,2024-09-01,B,""
1321,2024-09-02,O,""
1321,2024-09-04,O,""
1321,2024-09-10,O,""
1321,2024-09-15,O,""
1321,2024-09-18,O,""
1321,2024-09-21,B,""
1321,2024-09-23,O,""
1321,2024-09-24,X,""
1321,2024-09-25,C,""
1556,2024-05-11,O,""
1556,2024-05-12,C,""
1556,2024-05-13,O,""
1556,2024-05-14,O,""
1556,2024-05-17,O,""
1556,2024-05-20,C,""
1556,2024-05-21,O,""
1556,2024-05-22,O,""
1556,2024-05-23,X,""
1556,2024-05-25,O,""
1556,2024-05-29,X,""
1556,2024-05-30,O,""
1556,2024-06-08,O,""
1556,2024-06-09,O,""
1556,2024-06-20,O,""
1556,2024-06-23,B,""
1556,2024-06-26,O,""
1556,2024-07-03,C,""
1556,2024-07-05,O,""
1556,2024-07-09,O,""
1556,2024-07-26,O,""
1556,2024-08-02,O,""
1556,2024-08-08,O,""
1556,2024-08-10,O,""
1556,2024-08-12,O,""
1556,2024-08-15,O,""
1556,2024-08-16,O,""
1556,2024-08-17,O,""
1556,2024-08-18,X,""
1556,2024-08-21,O,""
1556,2024-08-28,O,""
1214,2024-05-15,X,""
1214,2024-05-23,O,""
1214,2024-06-02,X,""
1214,2024-06-07,X,""
1214,2024-06-13,O,""
1214,2024-06-16,O,""
1214,2024-06-21,O,""
1214,2024-06-24,O,""
1214,2024-06-27,O,""
1214,2024-06-28,O,""
1214,2024-06-29,O,""
1214,2024-07-01,O,""
1784,2024-05-20,X,""
1784,2024-05-23,O,""
1784,2024-05-25,B,""
1784,2024-05-27,X,""
1784,2024-05-31,O,""
1784,2024-06-02,O,""
1784,2024-06-04,X,""
1784,2024-06-06,O,""
1784,2024-06-13,X,""
1784,2024-06-15,O,""
1784,2024-06-22,O,""
1784,2024-07-01,X,""
1784,2024-07-03,C,""
1784,2024-07-04,O,""
1208,2024-05-13,O,""
1208,2024-05-15,O,""
1208,2024-05-20,O,""
1208,2024-05-23,O,""
1208,2024-05-25,O,""
1208,2024-05-26,O,""
1208,2024-05-30,O,""
1208,2024-06-05,C,""
1208,2024-06-07,O,""
1208,2024-06-11,O,""
1208,2024-06-13,O,""
1208,2024-06-26,O,""
1208,2024-07-01,O,""
1208,2024-07-11,O,""
1208,2024-07-15,O,""
1208,2024-07-17,B,""
1208,2024-07-19,O,""
1208,2024-07-21,B,""
1208,2024-08-01,O,""
1208,2024-08-05,O,""
1208,2024-08-10,O,""
1208,2024-08-15,O,""
1208,2024-08-21,O,""
1208,2024-08-24,B,""
1208,2024-08-28,B,""
1208,2024-08-30,O,""
1208,2024-08-31,O,""
1208,2024-09-03,C,""
1208,2024-09-05,O,""
1308,2024-05-12,O,""
1308,2024-05-14,O,""
1308,2024-05-18,O,""
1308,2024-05-19,O,""
1308,2024-05-20,O,""
1308,2024-05-21,B,""
1308,2024-05-22,O,""
1308,2024-05-23,C,""
1308,2024-05-27,O,""
1308,2024-06-01,B,""
1308,2024-06-03,D,""
1308,2024-06-11,X,""
1308,2024-06-21,O,""
1308,2024-06-22,X,""
1308,2024-06-23,O,""
1308,2024-07-03,O,""
1308,2024-07-08,O,""
1308,2024-07-15,O,""
1308,2024-07-16,O,""
1464,2024-05-10,O,""
1464,2024-05-15,X,""
1464,2024-05-16,O,""
1464,2024-05-22,D,""
1464,2024-05-24,O,""
1464,2024-05-31,O,""
1464,2024-06-01,O,""
1464,2024-06-07,O,""
1464,2024-06-12,O,""
1464,2024-06-14,O,""
1464,2024-06-20,C,""
1464,2024-06-28,O,""
1464,2024-06-29,O,""
1464,2024-07-08,O,""
1464,2024-07-09,O,""
1464,2024-07-11,O,""
1464,2024-07-13,O,""
1464,2024-07-14,O,""
1464,2024-07-15,O,""
1464,2024-07-18,B,""
1464,2024-07-23,O,""
1464,2024-07-24,B,""
1464,2024-07-25,O,""
1464,2024-08-04,O,""
1464,2024-08-05,O,""
1464,2024-08-06,O,""
1464,2024-08-18,O,""
1464,2024-08-22,O,""
1464,2024-08-25,O,""
1464,2024-08-28,O,""
1464,2024-08-29,O,""
1446,2024-05-16,O,""
1446,2024-05-19,O,""
1446,2024-05-21,O,""
1446,2024-05-22,O,""
1446,2024-05-27,X,""
1446,2024-05-30,O,""
1446,2024-05-31,O,""
1446,2024-06-08,O,""
1446,2024-06-17,O,""
1446,2024-06-19,O,""
1446,2024-06-25,O,""
1446,2024-06-29,O,""
1446,2024-07-02,O,""
1446,2024-07-03,O,""
1446,2024-07-04,O,""
1446,2024-07-11,O,""
1446,2024-07-12,O,""
1446,2024-07-19,O,""
1446,2024-07-22,O,""
1446,2024-07-25,O,""
1446,2024-07-26,O,""
1446,2024-08-08,O,""
1446,2024-08-11,O,""
1446,2024-08-18,O,""
1446,2024-08-19,B,""
1446,2024-08-20,O,""
1446,2024-08-30,O,""
1446,2024-09-01,O,""
1446,2024-09-02,O,""
1446,2024-09-06,B,""
1446,2024-09-07,O,""
1446,2024-09-08,B,""
1446,2024-09-10,B,""
1446,2024-09-11,O,""
1579,2024-05-17,X,""
1579,2024-05-18,O,""
1579,2024-05-19,O,""
1579,2024-05-20,O,""
1579,2024-05-23,O,""
1579,2024-06-07,O,""
1579,2024-06-14,O,""
1579,2024-06-17,O,""
1579,2024-06-19,O,""
1579,2024-06-20,O,""
1579,2024-06-21,N,""
1579,2024-06-25,B,""
1579,2024-06-26,O,""
1579,2024-06-29,O,""
1579,2024-07-05,O,""
1579,2024-07-13,B,""
1579,2024-07-15,B,""
1579,2024-07-16,O,""
1579,2024-07-19,O,""
1579,2024-07-20,O,""
1579,2024-07-24,O,""
1579,2024-07-27,O,""
1579,2024-07-31,B,""
1579,2024-08-01,O,""
1579,2024-08-03,O,""
1579,2024-08-09,O,""
1579,2024-08-10,O,""
1579,2024-08-17,B,""
1579,2024-08-18,O,""
1579,2024-08-23,B,""
1663,2024-05-15,O,""
1663,2024-05-19,O,""
1663,2024-05-20,O,""
1663,2024-05-21,O,""
1663,2024-05-23,B,""
1663,2024-06-01,O,""
1663,2024-06-06,O,""
1663,2024-06-07,O,""
1663,2024-06-09,N,""
1663,2024-06-12,O,""
1663,2024-06-14,O,""
1663,2024-06-16,O,""
1663,2024-06-19,O,""
1663,2024-06-26,O,""
1431,2024-05-16,O,""
1431,2024-05-19,B,""
1431,2024-05-22,O,""
1431,2024-05-30,O,""
1431,2024-06-09,B,""
1431,2024-06-11,O,""
1431,2024-06-13,O,""
1431,2024-06-30,O,""
1431,2024-07-14,N,""
1431,2024-07-15,O,""
1431,2024-07-23,O,""
1431,2024-07-28,O,""
1639,2024-05-15,O,""
1639,2024-05-16,X,""
1639,2024-05-18,O,""
1639,2024-05-20,X,""
1639,2024-05-22,O,""
1639,2024-05-26,C,""
1639,2024-05-27,O,""
1639,2024-05-30,O,""
1639,2024-06-02,B,""
1639,2024-06-05,O,""
1639,2024-06-10,B,""
1639,2024-06-11,O,""
1639,2024-06-12,O,""
1639,2024-06-15,O,""
1639,2024-06-19,O,""
1639,2024-06-22,O,""
1639,2024-06-25,B,""
1639,2024-07-03,B,""
1639,2024-07-05,X,""
1639,2024-07-06,O,""
1639,2024-07-12,O,""
1639,2024-07-15,O,""
1639,2024-07-19,O,""
1639,2024-07-22,B,""
1639,2024-07-23,B,""
1639,2024-07-30,O,""
1639,2024-08-02,O,""
1639,2024-08-08,C,""
1639,2024-08-09,B,""
1639,2024-08-14,O,""
1639,2024-08-17,O,""
1639,2024-08-18,O,""
1639,2024-08-24,O,""
1639,2024-08-30,O,""
1639,2024-08-31,D,""
1639,2024-09-03,O,""
1639,2024-09-05,O,""
1639,2024-09-10,O,""
1639,2024-09-11,O,""
1639,2024-09-14,O,""
1639,2024-09-15,N,""
1639,2024-09-17,O,""
1639,2024-09-19,B,""
1639,2024-09-27,X,""
1639,2024-09-28,O,""
1639,2024-09-29,B,""
1203,2024-05-13,X,""
1203,2024-05-16,O,""
1203,2024-05-17,B,""
1203,2024-05-19,O,""
1203,2024-05-24,O,""
1203,2024-05-25,O,""
1203,2024-05-26,O,""
1203,2024-05-27,O,""
1203,2024-05-28,O,""
1203,2024-06-05,B,""
1203,2024-06-14,O,""
1203,2024-06-16,O,""
1203,2024-06-17,O,""
1203,2024-06-20,O,""
1203,2024-06-27,O,""
1203,2024-06-29,O,""
1203,2024-06-30,O,""
1203,2024-07-01,O,""
1203,2024-07-08,O,""
1203,2024-07-10,O,""
1203,2024-07-21,O,""
1203,2024-07-26,O,""
1203,2024-07-29,O,""
1203,2024-08-04,C,""
1203,2024-08-05,O,""
1203,2024-08-06,O,""
1203,2024-08-08,O,""
1203,2024-08-12,O,""
1203,2024-08-13,O,""
1203,2024-08-17,O,""
1203,2024-08-29,X,""
1203,2024-08-30,N,""
1763,2024-05-16,O,""
1763,2024-05-19,O,""
1763,2024-05-21,X,""
1763,2024-05-26,O,""
1763,2024-05-30,X,""
1763,2024-06-04,B,""
1763,2024-06-10,O,""
1763,2024-06-21,O,""
1763,2024-06-25,B,""
1763,2024-06-26,O,""
1763,2024-06-30,O,""
1763,2024-07-08,O,""
1763,2024-07-16,O,""
1763,2024-07-20,O,""
1763,2024-07-22,O,""
1763,2024-07-30,B,""
1763,2024-08-01,O,""
1763,2024-08-13,B,""
1763,2024-08-17,O,""
1763,2024-08-18,O,""
1763,2024-08-21,O,""
1763,2024-08-23,O,""
1763,2024-08-31,O,""
1763,2024-09-02,B,""
1763,2024-09-03,O,""
1763,2024-09-10,O,""
1763,2024-09-11,O,""
1763,2024-09-15,O,""
1763,2024-09-18,O,""
1763,2024-09-26,X,""
1763,2024-09-27,O,""
1763,2024-09-28,B,""
1524,2024-05-12,B,""
1524,2024-05-13,B,""
1524,2024-05-23,O,""
1524,2024-06-03,O,""
1524,2024-06-04,O,""
1524,2024-06-06,X,""
1524,2024-06-11,O,""
1524,2024-06-12,O,""
1524,2024-06-24,O,""
1524,2024-07-02,O,""
1524,2024-07-04,O,""
1524,2024-07-09,O,""
1370,2024-05-20,O,""
1370,2024-05-23,O,""
1370,2024-05-24,O,""
1370,2024-05-27,B,""
1370,2024-05-29,O,""
1370,2024-05-30,O,""
1370,2024-06-01,B,""
1370,2024-06-05,O,""
1370,2024-06-06,O,""
1370,2024-06-10,O,""
1370,2024-06-14,O,""
1370,2024-06-15,O,""
1370,2024-06-16,O,""
1370,2024-06-24,O,""
1370,2024-07-03,X,""
1370,2024-07-05,O,""
1370,2024-07-12,O,""
1370,2024-07-21,X,""
1370,2024-07-24,X,""
1370,2024-07-27,O,""
1370,2024-07-28,B,""
1370,2024-07-29,C,""
1370,2024-08-02,B,""
1370,2024-08-04,X,""
1370,2024-08-07,O,""
1370,2024-08-11,B,""
1370,2024-08-14,O,""
1370,2024-08-16,B,""
1370,2024-08-22,B,""
1370,2024-08-23,O,""
1370,2024-08-24,B,""
1370,2024-08-28,O,""
1714,2024-05-26,B,""
1714,2024-05-27,O,""
1714,2024-05-30,O,""
1714,2024-06-08,O,""
1714,2024-06-14,O,""
1714,2024-06-15,O,""
1714,2024-06-16,B,""
1714,2024-06-17,O,""
1714,2024-06-18,B,""
1714,2024-06-19,O,""
1678,2024-05-16,O,""
1678,2024-05-18,O,""
1678,2024-05-19,O,""
1678,2024-05-20,X,""
1678,2024-05-21,O,""
1678,2024-05-24,O,""
1678,2024-05-25,X,""
1678,2024-05-28,O,""
1678,2024-05-29,O,""
1678,2024-06-02,O,""
1678,2024-06-09,O,""
1678,2024-06-11,X,""
1678,2024-06-14,O,""
1678,2024-06-28,O,""
1678,2024-07-07,C,""
1678,2024-07-08,O,""
1678,2024-07-28,O,""
1678,2024-08-05,X,""
1536,2024-05-18,O,""
1536,2024-05-21,O,""
1536,2024-05-22,O,""
1536,2024-05-23,O,""
1536,2024-05-27,B,""
1536,2024-05-28,O,""
1536,2024-06-02,B,""
1536,2024-06-03,O,""
1536,2024-06-07,O,""
1536,2024-06-18,O,""
1536,2024-06-21,O,""
1536,2024-06-24,B,""
1536,2024-06-25,O,""
1536,2024-06-30,O,""
1536,2024-07-03,O,""
1536,2024-07-04,D,""
1536,2024-07-05,O,""
1536,2024-07-06,O,""
1536,2024-07-07,O,""
1536,2024-07-14,B,""
1536,2024-07-15,O,""
1536,2024-07-16,O,""
1536,2024-07-18,B,""
1536,2024-07-19,O,""
1536,2024-07-26,B,""
1536,2024-07-28,O,""
1536,2024-07-29,O,""
1536,2024-08-03,O,""
1536,2024-08-06,O,""
1536,2024-08-09,B,""
1536,2024-08-10,O,""
1536,2024-08-14,O,""
1536,2024-08-18,O,""
1536,2024-08-20,X,""
1536,2024-08-21,D,""
1536,2024-08-28,C,""
1536,2024-08-31,B,""
1536,2024-09-01,O,""
1536,2024-09-03,B,""
1536,2024-09-04,O,""
1536,2024-09-05,B,""
1264,2024-05-15,O,""
1264,2024-05-16,O,""
1264,2024-05-20,O,""
1264,2024-05-22,O,""
1264,2024-05-24,O,""
1264,2024-05-29,O,""
1264,2024-05-30,B,""
1264,2024-06-05,B,""
1264,2024-06-11,O,""
1264,2024-06-16,O,""
1264,2024-06-17,O,""
1264,2024-06-18,O,""
1264,2024-06-19,O,""
1264,2024-06-22,O,""
1264,2024-06-25,O,""
1264,2024-07-01,O,""
1264,2024-07-02,O,""
1264,2024-07-03,O,""
1264,2024-07-04,O,""
1264,2024-07-19,O,""
1264,2024-07-29,O,""
1264,2024-07-30,O,""
1264,2024-08-02,B,""
1264,2024-08-03,X,""
1264,2024-08-07,O,""
1264,2024-08-12,O,""
1264,2024-08-14,O,""
1397,2024-05-09,O,""
1397,2024-05-12,B,""
1397,2024-05-18,O,""
1397,2024-05-24,O,""
1700,2024-05-14,O,""
1700,2024-05-19,B,""
1700,2024-05-24,O,""
1700,2024-05-26,O,""
1700,2024-05-28,C,""
1700,2024-06-03,O,""
1700,2024-06-08,B,""
1700,2024-06-09,O,""
1700,2024-06-11,X,""
1700,2024-06-13,O,""
1700,2024-06-16,O,""
1700,2024-06-24,O,""
1700,2024-06-29,O,""
1700,2024-06-30,O,""
1700,2024-07-09,O,""
1700,2024-07-14,O,""
1700,2024-07-16,O,""
1700,2024-07-18,O,""
1700,2024-07-20,O,""
1700,2024-07-24,O,""
1700,2024-07-25,O,""
1700,2024-07-26,X,""
1700,2024-07-30,O,""
1700,2024-08-02,O,""
1700,2024-08-07,O,""
1700,2024-08-09,O,""
1700,2024-08-13,O,""
1700,2024-08-17,B,""
1700,2024-08-21,B,""
1700,2024-08-22,X,""
1700,2024-08-25,B,""
1700,2024-08-26,O,""
1700,2024-08-28,B,""
1700,2024-09-01,B,""
1700,2024-09-05,O,""
1700,2024-09-09,O,""
1700,2024-09-10,O,""
1700,2024-09-11,O,""
1700,2024-09-20,X,""
1700,2024-09-21,O,""
1700,2024-09-22,O,""
1700,2024-09-25,B,""
1700,2024-09-28,X,""
1423,2024-05-13,O,""
1423,2024-05-17,O,""
1423,2024-05-24,C,""
1423,2024-05-25,O,""
1423,2024-05-28,B,""
1423,2024-05-29,O,""
1423,2024-05-30,O,""
1423,2024-06-07,O,""
1423,2024-06-09,O,""
1423,2024-06-12,O,""
1423,2024-06-15,O,""
1423,2024-06-26,N,""
1423,2024-06-28,O,""
1423,2024-06-30,O,""
1423,2024-07-01,O,""
1423,2024-07-14,O,""
1423,2024-07-16,O,""
1423,2024-07-20,X,""
1423,2024-07-29,O,""
1423,2024-07-31,O,""
1423,2024-08-11,O,""
1774,2024-05-15,X,""
1774,2024-05-16,O,""
1774,2024-05-20,B,""
1774,2024-05-23,O,""
1774,2024-05-29,O,""
1774,2024-06-08,O,""
1774,2024-06-11,O,""
1774,2024-06-19,O,""
1774,2024-06-27,O,""
1774,2024-07-01,O,""
1774,2024-07-07,O,""
1774,2024-07-12,O,""
1774,2024-07-19,O,""
1774,2024-07-20,O,""
1774,2024-07-25,X,""
1774,2024-07-30,O,""
1774,2024-07-31,O,""
1774,2024-08-03,O,""
1774,2024-08-04,O,""
1774,2024-08-16,O,""
1774,2024-08-22,O,""
1774,2024-08-28,O,""
1774,2024-08-29,O,""
1774,2024-09-01,B,""
1774,2024-09-02,N,""
1774,2024-09-03,O,""
1774,2024-09-04,B,""
1774,2024-09-05,O,""
1774,2024-09-07,O,""
1774,2024-09-08,O,""
1774,2024-09-10,O,""
1774,2024-09-12,B,""
1774,2024-09-16,O,""
1774,2024-09-18,D,""
1774,2024-09-19,O,""
1475,2024-05-22,O,""
1475,2024-05-24,O,""
1475,2024-05-26,O,""
1475,2024-05-27,O,""
1475,2024-05-28,O,""
1475,2024-05-29,O,""
1475,2024-05-30,O,""
1475,2024-05-31,B,""
1475,2024-06-05,B,""
1475,2024-06-07,O,""
1475,2024-06-11,O,""
1475,2024-06-18,B,""
1475,2024-06-27,O,""
1475,2024-06-29,O,""
1475,2024-07-02,O,""
1475,2024-07-07,X,""
1475,2024-07-12,O,""
1475,2024-07-14,O,""
1475,2024-07-17,O,""
1475,2024-07-21,C,""
1475,2024-07-22,O,""
1475,2024-07-24,O,""
1475,2024-07-26,O,""
1475,2024-07-28,O,""
1222,2024-05-18,O,""
1222,2024-05-21,O,""
1222,2024-05-24,O,""
1222,2024-05-31,O,""
1222,2024-06-14,O,""
1222,2024-06-23,D,""
1222,2024-06-25,O,""
1222,2024-06-26,O,""
1222,2024-06-27,O,""
1222,2024-06-29,B,""
1222,2024-06-30,O,""
1222,2024-07-14,O,""
1222,2024-07-18,O,""
1222,2024-07-19,O,""
1222,2024-07-22,O,""
1222,2024-07-24,O,""
1702,2024-05-16,O,""
1702,2024-05-18,O,""
1702,2024-05-19,O,""
1702,2024-05-26,O,""
1702,2024-05-30,O,""
1702,2024-05-31,O,""
1702,2024-06-01,N,""
1702,2024-06-04,O,""
1702,2024-06-12,O,""
1702,2024-06-13,O,""
1702,2024-06-15,O,""
1702,2024-06-16,O,""
1702,2024-06-22,O,""
1702,2024-06-26,O,""
1702,2024-06-27,X,""
1702,2024-06-28,O,""
1702,2024-06-29,O,""
1702,2024-07-01,O,""
1702,2024-07-02,O,""
1702,2024-07-05,O,""
1702,2024-07-06,O,""
1702,2024-07-09,O,""
1702,2024-07-10,O,""
1702,2024-07-20,O,""
1702,2024-07-25,O,""
1702,2024-07-28,O,""
1702,2024-08-10,B,""
1702,2024-08-15,O,""
1702,2024-08-18,X,""
1702,2024-09-04,B,""
1702,2024-09-05,O,""
1702,2024-09-07,O,""
1702,2024-09-09,O,""
1702,2024-09-19,X,""
1702,2024-09-20,O,""
1702,2024-09-24,O,""
1549,2024-05-25,O,""
1549,2024-05-29,O,""
1549,2024-05-31,B,""
1549,2024-06-04,C,""
1549,2024-06-05,O,""
1549,2024-06-06,O,""
1549,2024-06-07,O,""
1549,2024-06-09,B,""
1549,2024-06-15,O,""
1549,2024-06-16,O,""
1549,2024-06-19,O,""
1549,2024-06-22,B,""
1549,2024-06-25,O,""
1549,2024-06-30,O,""
1549,2024-07-03,X,""
1549,2024-07-09,O,""
1549,2024-07-11,B,""
1549,2024-07-13,O,""
1549,2024-07-15,O,""
1549,2024-07-16,O,""
1659,2024-05-13,O,""
1659,2024-05-22,O,""
1659,2024-05-25,O,""
1659,2024-05-26,O,""
1659,2024-05-28,O,""
1659,2024-05-29,B,""
1659,2024-06-01,X,""
1659,2024-06-02,O,""
1659,2024-06-03,O,""
1659,2024-06-04,O,""
1659,2024-06-05,O,""
1659,2024-06-06,O,""
1659,2024-06-11,O,""
1659,2024-06-13,O,""
1659,2024-06-24,N,""
1659,2024-06-27,O,""
1659,2024-07-03,O,""
1659,2024-07-11,O,""
1659,2024-07-16,O,""
1659,2024-07-19,O,""
1659,2024-07-26,B,""
1659,2024-08-01,O,""
1532,2024-05-13,O,""
1532,2024-05-15,O,""
1532,2024-05-17,O,""
1532,2024-05-22,O,""
1532,2024-05-23,O,""
1532,2024-05-26,O,""
1532,2024-05-27,B,""
1532,2024-05-30,O,""
1532,2024-06-06,O,""
1532,2024-06-07,O,""
1532,2024-06-14,O,""
1532,2024-06-16,O,""
1532,2024-06-17,O,""
1532,2024-06-18,B,""
1532,2024-07-08,O,""
1532,2024-07-18,O,""
1532,2024-07-19,O,""
1532,2024-07-22,O,""
1532,2024-07-28,O,""
1532,2024-07-31,O,""
1532,2024-08-03,O,""
1532,2024-08-04,O,""
1532,2024-08-06,O,""
1532,2024-08-07,B,""
1532,2024-08-12,O,""
1532,2024-08-16,O,""
1532,2024-08-17,O,""
1532,2024-08-18,O,""
1532,2024-08-19,X,""
1532,2024-08-22,B,""
1532,2024-08-24,O,""
1532,2024-08-27,B,""
1532,2024-08-29,O,""
1532,2024-09-06,O,""
1532,2024-09-07,B,""
1532,2024-09-08,B,""
1532,2024-09-09,B,""
1532,2024-09-13,O,""
1532,2024-09-20,B,""
1532,2024-09-24,O,""
1532,2024-09-25,O,""
1532,2024-09-27,O,""
1532,2024-09-30,O,""
1247,2024-05-14,D,""
1247,2024-05-15,O,""
1247,2024-05-19,O,""
1247,2024-05-21,O,""
1247,2024-05-30,N,""
1247,2024-06-02,O,""
1247,2024-06-08,O,""
1247,2024-06-14,O,""
1247,2024-06-18,X,""
1247,2024-06-22,X,""
1247,2024-06-29,B,""
1247,2024-07-06,O,""
1247,2024-07-10,C,""
1247,2024-07-19,O,""
1247,2024-07-21,O,""
1247,2024-07-31,O,""
1247,2024-08-05,O,""
1247,2024-08-15,O,""
1247,2024-08-19,C,""
1247,2024-08-24,O,""
1247,2024-08-25,O,""
1247,2024-08-28,O,""
1247,2024-09-02,O,""
1247,2024-09-07,O,""
1247,2024-09-10,O,""
1247,2024-09-11,O,""
1247,2024-09-17,O,""
1237,2024-05-10,O,""
1237,2024-05-12,O,""
1237,2024-05-15,O,""
1237,2024-05-23,O,""
1237,2024-05-24,O,""
1237,2024-05-26,O,""
1237,2024-05-27,O,""
1237,2024-05-28,X,""
1237,2024-06-06,O,""
1237,2024-06-20,O,""
1237,2024-06-25,O,""
1237,2024-07-05,O,""
1237,2024-07-10,O,""
1237,2024-07-11,O,""
1237,2024-07-14,O,""
1237,2024-07-23,B,""
1237,2024-07-25,B,""
1237,2024-07-27,X,""
1237,2024-08-11,C,""
1237,2024-08-16,O,""
1237,2024-08-21,O,""
1237,2024-08-22,B,""
1237,2024-08-29,O,""
1237,2024-09-01,X,""
1237,2024-09-08,B,""
1237,2024-09-09,O,""
1237,2024-09-11,O,""
1237,2024-09-15,O,""
1237,2024-09-24,X,""
1237,2024-09-29,O,""
1474,2024-05-14,B,""
1474,2024-05-17,O,""
1474,2024-05-20,O,""
1474,2024-05-23,O,""
1474,2024-05-26,O,""
1474,2024-05-27,O,""
1474,2024-05-29,O,""
1474,2024-05-30,O,""
1474,2024-06-07,O,""
1474,2024-06-10,O,""
1474,2024-06-13,O,""
1474,2024-06-20,B,""
1474,2024-06-24,O,""
1474,2024-06-25,O,""
1474,2024-06-26,O,""
1474,2024-06-27,O,""
1474,2024-07-09,O,""
1474,2024-07-13,C,""
1474,2024-07-15,X,""
1474,2024-07-16,O,""
1474,2024-07-17,O,""
1474,2024-07-24,O,""
1474,2024-07-25,O,""
1474,2024-07-26,O,""
1474,2024-07-30,O,""
1474,2024-08-02,O,""
1327,2024-05-14,O,""
1327,2024-05-16,O,""
1327,2024-05-17,B,""
1327,2024-05-18,O,""
1327,2024-05-20,O,""
1327,2024-05-22,B,""
1327,2024-05-23,X,""
1327,2024-05-30,O,""
1327,2024-05-31,O,""
1327,2024-06-09,O,""
1327,2024-06-11,O,""
1327,2024-06-17,O,""
1327,2024-06-23,O,""
1327,2024-07-14,O,""
1327,2024-07-17,O,""
1327,2024-07-18,O,""
1327,2024-07-21,O,""
1327,2024-07-29,O,""
1327,2024-08-06,O,""
1433,2024-05-14,O,""
1433,2024-05-17,O,""
1433,2024-05-20,O,""
1433,2024-05-22,O,""
1433,2024-05-28,O,""
1433,2024-05-31,C,""
1433,2024-06-01,O,""
1433,2024-06-02,B,""
1433,2024-06-04,O,""
1433,2024-06-07,O,""
1433,2024-06-09,O,""
1433,2024-06-14,O,""
1433,2024-06-16,O,""
1433,2024-06-17,B,""
1433,2024-06-26,O,""
1433,2024-06-28,O,""
1433,2024-07-05,O,""
1433,2024-07-08,B,""
1433,2024-07-19,O,""
1433,2024-07-25,O,""
1433,2024-08-02,O,""
1334,2024-05-17,O,""
1334,2024-05-18,O,""
1334,2024-05-19,O,""
1334,2024-05-26,O,""
1334,2024-05-31,O,""
1334,2024-06-01,O,""
1334,2024-06-03,O,""
1334,2024-06-05,O,""
1334,2024-06-06,O,""
1334,2024-06-11,O,""
1334,2024-06-14,B,""
1334,2024-06-21,O,""
1334,2024-06-24,O,""
1334,2024-06-25,O,""
1334,2024-06-26,O,""
1334,2024-06-30,O,""
1334,2024-07-02,O,""
1334,2024-07-09,O,""
1334,2024-07-10,B,""
1334,2024-07-15,O,""
1334,2024-07-17,D,""
1334,2024-07-20,O,""
1334,2024-07-22,O,""
1334,2024-07-25,O,""
1334,2024-07-27,O,""
1334,2024-08-07,O,""
1334,2024-08-08,X,""
1334,2024-08-09,O,""
1565,2024-05-13,X,""
1565,2024-05-14,O,""
1565,2024-05-16,B,""
1565,2024-05-19,X,""
1565,2024-05-21,O,""
1565,2024-05-22,O,""
1565,2024-05-28,O,""
1565,2024-05-29,O,""
1565,2024-05-31,O,""
1565,2024-06-02,O,""
1565,2024-06-04,B,""
1565,2024-06-09,O,""
1565,2024-06-10,O,""
1565,2024-06-13,O,""
1274,2024-05-14,O,""
1274,2024-05-15,B,""
1274,2024-05-18,O,""
1274,2024-05-20,O,""
1274,2024-05-24,O,""
1274,2024-05-26,O,""
1274,2024-05-29,O,""
1274,2024-05-31,O,""
1274,2024-06-05,O,""
1274,2024-06-06,O,""
1274,2024-06-15,O,""
1274,2024-06-21,O,""
1274,2024-06-22,B,""
1274,2024-06-26,B,""
1274,2024-07-03,O,""
1274,2024-07-05,C,""
1274,2024-07-08,O,""
1274,2024-07-13,O,""
1274,2024-07-14,O,""
1274,2024-07-18,B,""
1274,2024-07-22,O,""
1274,2024-07-23,B,""
1274,2024-07-27,O,""
1274,2024-07-29,O,""
1274,2024-08-01,O,""
1274,2024-08-12,O,""
1274,2024-08-13,X,""
1274,2024-08-17,C,""
1274,2024-08-19,O,""
1274,2024-08-27,O,""
1274,2024-09-03,O,""
1274,2024-09-13,O,""
1274,2024-09-22,O,""
1274,2024-09-27,O,""
1274,2024-09-29,O,""
1673,2024-05-13,O,""
1673,2024-05-18,O,""
1673,2024-05-22,O,""
1673,2024-05-25,O,""
1673,2024-06-01,O,""
1673,2024-06-03,O,""
1673,2024-06-05,O,""
1673,2024-06-06,O,""
1673,2024-06-08,C,""
1673,2024-06-12,X,""
1673,2024-06-15,O,""
1673,2024-06-18,O,""
1673,2024-06-21,D,""
1673,2024-06-22,B,""
1673,2024-06-23,O,""
1673,2024-06-24,B,""
1673,2024-06-26,O,""
1272,2024-05-12,C,""
1272,2024-05-17,C,""
1272,2024-05-21,C,""
1272,2024-05-23,X,""
1272,2024-05-24,O,""
1272,2024-05-25,O,""
1272,2024-05-27,N,""
1272,2024-06-03,O,""
1272,2024-06-06,O,""
1272,2024-06-18,O,""
1272,2024-06-22,B,""
1272,2024-06-24,X,""
1272,2024-06-25,O,""
1272,2024-07-04,O,""
1272,2024-07-18,O,""
1272,2024-07-23,O,""
1272,2024-07-25,O,""
1272,2024-07-26,O,""
1272,2024-08-01,O,""
1272,2024-08-02,O,""
1272,2024-08-04,O,""
1272,2024-08-13,O,""
1272,2024-08-16,O,""
1272,2024-08-20,O,""
1272,2024-08-23,O,""
1504,2024-05-09,O,""
1504,2024-05-11,O,""
1504,2024-05-13,O,""
1504,2024-05-16,O,""
1504,2024-05-21,O,""
1504,2024-05-25,O,""
1504,2024-05-26,O,""
1504,2024-05-28,O,""
1504,2024-05-29,O,""
1504,2024-05-31,O,""
1504,2024-06-01,O,""
1504,2024-06-02,B,""
1504,2024-06-03,O,""
1504,2024-06-10,B,""
1504,2024-06-11,O,""
1504,2024-06-13,O,""
1504,2024-06-14,O,""
1504,2024-06-21,O,""
1504,2024-06-23,O,""
1504,2024-06-26,O,""
1504,2024-06-27,O,""
1504,2024-06-29,O,""
1504,2024-06-30,O,""
1504,2024-07-06,B,""
1504,2024-07-08,C,""
1504,2024-07-09,O,""
1504,2024-07-10,O,""
1504,2024-07-12,O,""
1504,2024-07-18,O,""
1504,2024-07-20,B,""
1504,2024-07-23,O,""
1504,2024-07-24,O,""
1504,2024-07-25,B,""
1504,2024-07-26,O,""
1504,2024-07-28,N,""
1504,2024-07-30,O,""
1504,2024-08-14,O,""
1504,2024-08-16,X,""
1504,2024-08-21,O,""
1504,2024-08-24,O,""
1504,2024-08-27,B,""
1504,2024-08-30,B,""
1504,2024-09-02,O,""
1504,2024-09-04,O,""
1504,2024-09-06,O,""
1504,2024-09-10,O,""
1504,2024-09-14,O,""
1265,2024-05-13,O,""
1265,2024-05-17,O,""
1265,2024-05-21,O,""
1265,2024-05-22,O,""
1265,2024-05-23,O,""
1265,2024-05-29,B,""
1265,2024-06-04,O,""
1265,2024-06-07,X,""
1265,2024-06-09,O,""
1265,2024-06-17,B,""
1265,2024-06-20,O,""
1265,2024-06-23,O,""
1265,2024-06-26,C,""
1265,2024-06-28,X,""
1265,2024-06-29,O,""
1265,2024-06-30,O,""
1265,2024-07-01,O,""
1265,2024-07-10,O,""
1265,2024-07-11,O,""
1265,2024-07-14,O,""
1265,2024-07-15,B,""
1265,2024-07-16,O,""
1265,2024-07-22,B,""
1265,2024-07-30,B,""
1265,2024-08-01,O,""
1265,2024-08-03,B,""
1265,2024-08-06,O,""
1265,2024-08-09,O,""
1265,2024-08-21,C,""
1265,2024-08-24,O,""
1265,2024-08-27,O,""
1265,2024-08-29,O,""
1265,2024-09-03,D,""
1265,2024-09-05,X,""
1265,2024-09-07,O,""
1265,2024-09-10,B,""
1265,2024-09-13,X,""
1265,2024-09-18,B,""
1265,2024-09-19,O,""
1265,2024-09-24,O,""
1449,2024-05-11,O,""
1449,2024-05-12,O,""
1449,2024-05-15,O,""
1449,2024-05-20,O,""
1449,2024-05-22,O,""
1449,2024-05-25,O,""
1449,2024-05-26,O,""
1449,2024-05-30,O,""
1449,2024-05-31,O,""
1449,2024-06-09,O,""
1449,2024-06-11,B,""
1449,2024-06-21,O,""
1449,2024-06-24,O,""
1449,2024-06-27,O,""
1449,2024-07-06,B,""
1449,2024-07-12,O,""
1449,2024-07-14,O,""
1449,2024-07-15,O,""
1449,2024-07-24,O,""
1449,2024-07-29,O,""
1449,2024-08-01,O,""
1449,2024-08-03,O,""
1449,2024-08-05,O,""
1449,2024-08-08,O,""
1449,2024-08-11,B,""
1543,2024-05-14,O,""
1543,2024-05-20,O,""
1543,2024-05-21,O,""
1543,2024-05-22,O,""
1543,2024-05-27,O,""
1543,2024-05-28,O,""
1543,2024-05-29,O,""
1543,2024-05-31,C,""
1543,2024-06-01,O,""
1543,2024-06-03,O,""
1543,2024-06-08,O,""
1543,2024-06-10,X,""
1543,2024-06-15,O,""
1543,2024-06-20,O,""
1543,2024-06-21,O,""
1543,2024-06-22,O,""
1543,2024-06-27,O,""
1543,2024-06-30,O,""
1543,2024-07-02,O,""
1543,2024-07-06,X,""
1543,2024-07-10,O,""
1543,2024-07-11,O,""
1543,2024-07-13,O,""
1543,2024-07-14,O,""
1543,2024-07-16,O,""
1543,2024-07-21,O,""
1543,2024-07-22,O,""
1543,2024-07-26,O,""
1543,2024-08-06,X,""
1543,2024-08-10,B,""
1543,2024-08-19,O,""
1543,2024-08-23,O,""
1543,2024-08-25,O,""
1543,2024-08-27,O,""
1276,2024-05-16,O,""
1276,2024-05-19,O,""
1276,2024-05-20,B,""
1276,2024-05-24,O,""
1276,2024-05-26,O,""
1276,2024-06-05,O,""
1276,2024-06-06,O,""
1276,2024-06-07,O,""
1276,2024-06-16,C,""
1276,2024-06-18,O,""
1276,2024-06-20,O,""
1276,2024-06-26,O,""
1276,2024-06-29,C,""
1276,2024-07-05,X,""
1276,2024-07-11,O,""
1276,2024-07-17,O,""
1276,2024-07-18,O,""
1276,2024-07-24,O,""
1276,2024-07-26,O,""
1276,2024-08-05,B,""
1276,2024-08-06,X,""
1276,2024-08-11,O,""
1276,2024-08-13,O,""
1276,2024-08-16,X,""
1276,2024-08-18,O,""
1276,2024-08-19,O,""
1276,2024-08-21,O,""
1276,2024-08-22,O,""
1276,2024-08-24,O,""
1276,2024-08-28,O,""
1276,2024-08-29,B,""
1216,2024-05-23,O,""
1216,2024-05-25,O,""
1216,2024-05-27,B,""
1216,2024-05-28,O,""
1216,2024-05-30,C,""
1216,2024-06-14,X,""
1216,2024-06-17,B,""
1216,2024-06-24,O,""
1216,2024-07-01,O,""
1216,2024-07-04,O,""
1216,2024-07-15,O,""
1216,2024-07-17,O,""
1216,2024-07-21,O,""
1216,2024-07-25,O,""
1216,2024-07-27,O,""
1216,2024-07-28,O,""
1216,2024-08-01,O,""
1216,2024-08-06,B,""
1216,2024-08-07,O,""
1571,2024-05-11,O,""
1571,2024-05-14,O,""
1571,2024-05-15,O,""
1571,2024-05-17,O,""
1571,2024-05-21,O,""
1571,2024-05-24,O,""
1571,2024-05-25,O,""
1571,2024-05-29,B,""
1571,2024-05-30,O,""
1571,2024-06-02,O,""
1571,2024-06-06,O,""
1571,2024-06-13,B,""
1571,2024-06-17,O,""
1571,2024-06-18,O,""
1571,2024-06-23,O,""
1571,2024-07-10,O,""
1571,2024-07-14,O,""
1571,2024-07-15,O,""
1571,2024-07-20,O,""
1571,2024-07-30,C,""
1571,2024-07-31,O,""
1571,2024-08-07,O,""
1571,2024-08-10,O,""
1571,2024-08-13,O,""
1571,2024-08-18,O,""
1571,2024-08-25,X,""
1571,2024-08-26,O,""
1571,2024-08-28,O,""
1571,2024-08-29,O,""
1571,2024-08-30,O,""
1571,2024-09-02,O,""
1571,2024-09-06,N,""
1571,2024-09-07,O,""
1571,2024-09-09,B,""
1571,2024-09-10,O,""
1481,2024-05-16,O,""
1481,2024-05-20,O,""
1481,2024-05-23,X,""
1481,2024-05-24,O,""
1481,2024-05-25,O,""
1481,2024-05-31,C,""
1481,2024-06-02,O,""
1481,2024-06-07,O,""
1481,2024-06-08,O,""
1481,2024-06-09,B,""
1481,2024-06-11,O,""
1481,2024-06-12,O,""
1481,2024-06-21,O,""
1481,2024-06-22,O,""
1481,2024-06-25,O,""
1481,2024-07-02,X,""
1481,2024-07-08,O,""
1481,2024-07-10,B,""
1481,2024-07-12,C,""
1481,2024-07-17,B,""
1481,2024-07-23,B,""
1481,2024-07-27,O,""
1481,2024-07-31,O,""
1481,2024-08-01,B,""
1481,2024-08-05,O,""
1481,2024-08-14,O,""
1481,2024-08-15,O,""
1481,2024-08-16,O,""
1481,2024-08-18,O,""
1481,2024-09-09,O,""
1481,2024-09-15,B,""
1481,2024-09-19,D,""
1481,2024-09-27,X,""
1481,2024-09-29,C,""
1634,2024-05-14,O,""
1634,2024-05-16,O,""
1634,2024-05-18,B,""
1634,2024-05-20,O,""
1634,2024-05-22,O,""
1634,2024-05-25,O,""
1634,2024-05-27,O,""
1634,2024-05-31,O,""
1634,2024-06-01,O,""
1634,2024-06-04,O,""
1634,2024-06-05,O,""
1634,2024-06-13,O,""
1634,2024-06-17,O,""
1634,2024-06-23,O,""
1634,2024-07-17,O,""
1634,2024-07-18,X,""
1634,2024-07-23,X,""
1634,2024-07-26,O,""
1634,2024-07-28,O,""
1634,2024-07-29,O,""
1206,2024-05-12,C,""
1206,2024-05-17,O,""
1206,2024-05-19,O,""
1206,2024-05-20,O,""
1206,2024-05-21,O,""
1206,2024-05-25,O,""
1206,2024-05-27,O,""
1206,2024-05-28,O,""
1206,2024-05-29,O,""
1206,2024-05-30,O,""
1206,2024-05-31,B,""
1206,2024-06-04,O,""
1206,2024-06-10,O,""
1206,2024-06-13,O,""
1206,2024-06-17,B,""
1206,2024-06-19,O,""
1206,2024-06-25,O,""
1206,2024-06-26,O,""
1206,2024-07-02,O,""
1206,2024-07-05,O,""
1206,2024-07-06,O,""
1206,2024-07-08,O,""
1206,2024-07-10,O,""
1206,2024-07-11,O,""
1206,2024-07-12,O,""
1206,2024-07-13,O,""
1206,2024-07-15,O,""
1206,2024-07-18,B,""
1206,2024-07-20,O,""
1206,2024-07-25,O,""
1206,2024-07-26,O,""
1206,2024-07-27,O,""
1206,2024-08-02,B,""
1206,2024-08-07,O,""
1206,2024-08-22,B,""
1472,2024-05-19,N,""
1472,2024-05-22,X,""
1472,2024-05-25,O,""
1472,2024-05-27,O,""
1472,2024-06-03,O,""
1472,2024-06-06,O,""
1472,2024-06-08,O,""
1472,2024-06-12,O,""
1472,2024-06-13,O,""
1472,2024-06-16,O,""
1472,2024-06-26,O,""
1472,2024-06-28,O,""
1472,2024-06-29,O,""
1472,2024-07-03,B,""
1472,2024-07-10,O,""
1472,2024-07-11,O,""
1472,2024-07-13,O,""
1472,2024-07-16,O,""
1472,2024-07-19,O,""
1472,2024-07-25,B,""
1472,2024-07-30,O,""
1472,2024-08-12,C,""
1472,2024-08-16,O,""
1472,2024-08-19,C,""
1472,2024-08-21,X,""
1472,2024-08-23,B,""
1472,2024-09-05,X,""
1472,2024-09-09,O,""
1472,2024-09-11,X,""
1472,2024-09-14,X,""
1472,2024-09-18,O,""
1472,2024-09-22,O,""
1333,2024-05-10,O,""
1333,2024-05-11,B,""
1333,2024-05-12,O,""
1333,2024-05-14,N,""
1333,2024-05-23,O,""
1333,2024-05-24,O,""
1333,2024-06-03,O,""
1333,2024-06-08,O,""
1333,2024-06-09,O,""
1333,2024-06-13,O,""
1357,2024-05-09,O,""
1357,2024-05-27,O,""
1357,2024-05-29,B,""
1357,2024-06-01,O,""
1357,2024-06-03,O,""
1357,2024-06-05,O,""
1357,2024-06-09,O,""
1357,2024-06-10,O,""
1357,2024-06-17,O,""
1557,2024-05-19,O,""
1557,2024-05-20,O,""
1557,2024-05-30,O,""
1557,2024-06-04,O,""
1557,2024-06-14,O,""
1557,2024-06-15,O,""
1557,2024-06-17,O,""
1557,2024-06-21,O,""
1557,2024-06-22,O,""
1557,2024-06-23,O,""
1557,2024-06-26,O,""
1557,2024-06-28,B,""
1557,2024-07-07,O,""
1557,2024-07-16,O,""
1557,2024-07-18,O,""
1557,2024-07-23,B,""
1557,2024-07-25,O,""
1557,2024-07-26,O,""
1557,2024-08-01,O,""
1557,2024-08-04,O,""
1557,2024-08-08,O,""
1557,2024-08-10,B,""
1557,2024-08-15,O,""
1557,2024-08-17,B,""
1527,2024-05-16,O,""
1527,2024-05-17,O,""
1527,2024-05-18,O,""
1527,2024-05-23,O,""
1527,2024-05-28,O,""
1527,2024-06-04,O,""
1527,2024-06-08,O,""
1527,2024-06-11,O,""
1527,2024-06-13,B,""
1527,2024-06-16,O,""
1527,2024-06-17,B,""
1527,2024-06-20,B,""
1527,2024-06-22,O,""
1527,2024-06-23,O,""
1527,2024-06-25,O,""
1527,2024-06-26,O,""
1527,2024-06-27,O,""
1527,2024-06-29,B,""
1527,2024-07-01,O,""
1527,2024-07-02,X,""
1527,2024-07-08,B,""
1527,2024-07-13,O,""
1527,2024-07-16,B,""
1527,2024-07-17,O,""
1527,2024-07-22,O,""
1527,2024-07-25,O,""
1527,2024-07-26,O,""
1527,2024-08-03,O,""
1527,2024-08-09,O,""
1527,2024-08-11,X,""
1527,2024-08-12,X,""
1527,2024-08-14,O,""
1527,2024-08-16,O,""
1527,2024-08-18,O,""
1527,2024-08-19,B,""
1527,2024-08-20,B,""
1527,2024-08-21,O,""
1527,2024-08-31,B,""
1527,2024-09-01,B,""
1527,2024-09-03,O,""
1527,2024-09-07,X,""
1527,2024-09-14,O,""
1527,2024-09-15,O,""
1486,2024-05-08,O,""
1486,2024-05-12,O,""
1486,2024-05-13,O,""
1486,2024-05-15,O,""
1486,2024-05-19,O,""
1486,2024-05-22,O,""
1486,2024-05-24,O,""
1486,2024-05-25,O,""
1486,2024-05-30,B,""
1486,2024-05-31,O,""
1486,2024-06-02,C,""
1486,2024-06-04,O,""
1486,2024-06-10,O,""
1486,2024-06-11,O,""
1486,2024-06-21,O,""
1486,2024-06-24,O,""
1486,2024-06-25,O,""
1486,2024-06-26,O,""
1486,2024-06-27,O,""
1486,2024-06-28,O,""
1486,2024-07-04,O,""
1486,2024-07-10,O,""
1486,2024-07-12,O,""
1486,2024-07-13,X,""
1486,2024-07-14,X,""
1486,2024-07-25,O,""
1486,2024-07-29,C,""
1486,2024-07-30,X,""
1486,2024-07-31,N,""
1486,2024-08-01,O,""
1486,2024-08-02,B,""
1486,2024-08-05,O,""
1486,2024-08-07,O,""
1486,2024-08-10,O,""
1486,2024-08-11,O,""
1486,2024-08-17,O,""
1486,2024-08-22,O,""
1245,2024-05-13,O,""
1245,2024-05-17,O,""
1245,2024-05-18,O,""
1245,2024-05-19,O,""
1245,2024-05-22,O,""
1245,2024-05-23,B,""
1245,2024-05-24,O,""
1245,2024-05-25,O,""
1245,2024-05-26,O,""
1245,2024-05-30,O,""
1245,2024-06-09,O,""
1245,2024-06-11,B,""
1245,2024-06-12,O,""
1245,2024-06-19,O,""
1245,2024-06-21,O,""
1245,2024-06-23,O,""
1245,2024-06-28,O,""
1245,2024-07-02,O,""
1245,2024-07-04,O,""
1245,2024-07-11,B,""
1436,2024-05-11,B,""
1436,2024-05-14,O,""
1436,2024-05-19,O,""
1436,2024-05-25,O,""
1436,2024-05-26,O,""
1436,2024-05-27,O,""
1436,2024-05-31,O,""
1436,2024-06-07,B,""
1436,2024-06-13,O,""
1436,2024-06-22,O,""
1436,2024-06-23,O,""
1436,2024-06-26,O,""
1436,2024-07-04,X,""
1436,2024-07-11,O,""
1436,2024-07-14,O,""
1436,2024-07-21,O,""
1436,2024-07-26,O,""
1436,2024-08-02,O,""
1436,2024-08-04,O,""
1436,2024-08-05,O,""
1436,2024-08-07,O,""
1436,2024-08-12,C,""
1436,2024-08-13,O,""
1436,2024-08-14,O,""
1436,2024-08-29,O,""
1480,2024-05-16,O,""
1480,2024-05-17,B,""
1480,2024-05-23,O,""
1480,2024-05-28,O,""
1480,2024-06-06,O,""
1480,2024-06-16,O,""
1480,2024-06-24,O,""
1480,2024-06-26,D,""
1480,2024-07-02,O,""
1480,2024-07-09,O,""
1480,2024-07-12,O,""
1480,2024-07-16,O,""
1480,2024-07-21,X,""
1480,2024-07-23,O,""
1480,2024-07-24,O,""
1480,2024-08-01,B,""
1480,2024-08-04,C,""
1480,2024-08-06,O,""
1480,2024-08-07,O,""
1480,2024-08-09,O,""
1377,2024-05-09,O,""
1377,2024-05-10,O,""
1377,2024-05-11,O,""
1377,2024-05-12,O,""
1377,2024-05-14,O,""
1377,2024-05-16,O,""
1377,2024-05-20,O,""
1377,2024-05-26,O,""
1377,2024-05-27,O,""
1377,2024-05-29,O,""
1377,2024-05-31,O,""
1377,2024-06-02,O,""
1377,2024-06-03,O,""
1377,2024-06-07,N,""
1377,2024-06-20,O,""
1377,2024-06-24,O,""
1377,2024-06-28,O,""
1377,2024-07-03,O,""
1377,2024-07-16,O,""
1377,2024-07-20,O,""
1377,2024-07-26,O,""
1377,2024-07-27,B,""
1377,2024-07-29,O,""
1377,2024-08-01,O,""
1377,2024-08-02,O,""
1377,2024-08-04,O,""
1377,2024-08-06,O,""
1377,2024-08-08,O,""
1377,2024-08-17,B,""
1377,2024-08-19,O,""
1377,2024-08-23,O,""
1377,2024-08-29,B,""
1377,2024-09-01,B,""
1377,2024-09-03,C,""
1377,2024-09-05,X,""
1377,2024-09-10,O,""
1377,2024-09-14,O,""
1377,2024-09-20,O,""
1377,2024-09-22,O,""
1377,2024-09-24,B,""
1310,2024-05-13,O,""
1310,2024-05-17,O,""
1310,2024-05-18,C,""
1310,2024-05-22,B,""
1310,2024-05-23,O,""
1310,2024-05-26,C,""
1310,2024-05-28,O,""
1310,2024-05-31,O,""
1310,2024-06-02,O,""
1310,2024-06-03,B,""
1310,2024-06-08,B,""
1310,2024-06-11,B,""
1310,2024-06-13,O,""
1310,2024-06-14,X,""
1310,2024-06-28,O,""
1310,2024-06-30,B,""
1310,2024-07-02,O,""
1310,2024-07-04,O,""
1310,2024-07-07,O,""
1310,2024-07-09,O,""
1310,2024-07-18,O,""
1310,2024-07-19,O,""
1310,2024-07-21,O,""
1310,2024-08-01,X,""
1310,2024-08-03,O,""
1310,2024-08-05,O,""
1310,2024-08-08,X,""
1310,2024-08-15,O,""
1310,2024-08-16,O,""
1310,2024-08-17,O,""
1310,2024-08-25,O,""
1310,2024-08-26,O,""
1310,2024-08-29,X,""
1310,2024-08-31,O,""
1310,2024-09-01,O,""
1364,2024-05-15,O,""
1364,2024-05-20,O,""
1364,2024-05-23,X,""
1364,2024-05-24,B,""
1364,2024-05-25,O,""
1364,2024-05-27,O,""
1364,2024-05-31,O,""
1364,2024-06-01,O,""
1364,2024-06-07,O,""
1364,2024-06-13,O,""
1364,2024-06-15,O,""
1364,2024-06-16,X,""
1364,2024-06-21,O,""
1364,2024-06-24,O,""
1364,2024-06-26,O,""
1364,2024-06-29,O,""
1364,2024-06-30,X,""
1364,2024-07-01,O,""
1364,2024-07-04,O,""
1364,2024-07-12,O,""
1364,2024-07-15,O,""
1364,2024-07-21,O,""
1364,2024-07-27,O,""
1364,2024-07-28,O,""
1213,2024-05-17,O,""
1213,2024-05-22,O,""
1213,2024-05-24,O,""
1213,2024-05-31,O,""
1213,2024-06-03,O,""
1213,2024-06-06,O,""
1213,2024-06-07,O,""
1213,2024-06-10,O,""
1213,2024-06-13,B,""
1213,2024-06-15,O,""
1213,2024-06-25,O,""
1213,2024-06-26,O,""
1213,2024-06-29,O,""
1213,2024-06-30,O,""
1220,2024-05-16,O,""
1220,2024-05-17,O,""
1220,2024-05-18,B,""
1220,2024-05-20,O,""
1220,2024-05-22,O,""
1220,2024-05-24,O,""
1220,2024-06-01,O,""
1220,2024-06-02,O,""
1220,2024-06-09,O,""
1220,2024-07-03,O,""
1220,2024-07-07,O,""
1220,2024-07-15,O,""
1220,2024-07-16,O,""
1220,2024-07-17,O,""
1220,2024-07-22,B,""
1220,2024-07-23,X,""
1220,2024-08-14,B,""
1220,2024-08-19,O,""
1220,2024-08-28,O,""
1220,2024-08-31,C,""
1220,2024-09-04,O,""
1595,2024-05-13,O,""
1595,2024-05-14,O,""
1595,2024-05-15,O,""
1595,2024-05-16,B,""
1595,2024-05-19,O,""
1595,2024-05-22,O,""
1595,2024-05-25,O,""
1595,2024-05-31,N,""
1595,2024-06-02,O,""
1595,2024-06-04,O,""
1595,2024-06-05,O,""
1595,2024-06-07,O,""
1595,2024-06-10,B,""
1320,2024-05-17,O,""
1320,2024-05-20,O,""
1320,2024-05-21,O,""
1320,2024-05-24,O,""
1320,2024-05-26,O,""
1320,2024-05-28,O,""
1320,2024-05-29,O,""
1320,2024-06-03,B,""
1320,2024-06-04,O,""
1320,2024-06-17,O,""
1320,2024-06-19,O,""
1320,2024-06-24,O,""
1320,2024-06-25,B,""
1534,2024-05-14,O,""
1534,2024-05-15,B,""
1534,2024-05-20,O,""
1534,2024-05-24,O,""
1534,2024-05-28,O,""
1534,2024-05-30,O,""
1534,2024-06-01,X,""
1534,2024-06-11,O,""
1534,2024-06-12,B,""
1534,2024-06-18,O,""
1534,2024-06-20,O,""
1534,2024-06-25,O,""
1534,2024-06-27,B,""
1534,2024-06-29,O,""
1534,2024-07-14,B,""
1534,2024-07-18,O,""
1534,2024-07-21,B,""
1534,2024-07-22,O,""
1534,2024-07-30,O,""
1534,2024-08-01,O,""
1534,2024-08-03,B,""
1534,2024-08-09,O,""
1495,2024-05-18,O,""
1495,2024-05-23,O,""
1495,2024-05-24,O,""
1495,2024-05-29,O,""
1495,2024-05-31,O,""
1495,2024-06-02,X,""
1495,2024-06-10,O,""
1495,2024-06-13,O,""
1244,2024-05-09,B,""
1244,2024-05-10,O,""
1244,2024-05-12,O,""
1244,2024-05-13,O,""
1244,2024-05-14,O,""
1244,2024-05-18,O,""
1244,2024-05-19,O,""
1244,2024-05-20,O,""
1244,2024-05-22,O,""
1244,2024-05-24,O,""
1244,2024-05-25,O,""
1244,2024-05-28,O,""
1244,2024-06-04,O,""
1244,2024-06-14,O,""
1244,2024-06-15,O,""
1244,2024-06-16,O,""
1244,2024-06-17,O,""
1244,2024-06-19,O,""
1675,2024-05-19,O,""
1675,2024-05-20,O,""
1675,2024-05-23,B,""
1675,2024-05-24,O,""
1675,2024-05-26,O,""
1675,2024-05-27,X,""
1675,2024-05-28,O,""
1675,2024-05-29,O,""
1675,2024-05-30,B,""
1675,2024-06-01,O,""
1675,2024-06-03,O,""
1675,2024-06-04,C,""
1675,2024-06-09,C,""
1675,2024-06-10,B,""
1675,2024-06-16,O,""
1675,2024-06-21,O,""
1675,2024-06-23,B,""
1675,2024-06-27,O,""
1675,2024-06-29,O,""
1675,2024-07-01,O,""
1675,2024-07-02,B,""
1675,2024-07-07,O,""
1675,2024-07-09,O,""
1564,2024-05-11,O,""
1564,2024-05-17,O,""
1564,2024-05-20,O,""
1564,2024-05-26,O,""
1564,2024-05-31,B,""
1564,2024-06-02,O,""
1564,2024-06-06,O,""
1564,2024-06-17,O,""
1564,2024-06-18,O,""
1564,2024-06-19,O,""
1564,2024-06-20,X,""
1564,2024-06-29,O,""
1564,2024-07-12,B,""
1564,2024-07-20,O,""
1564,2024-07-21,X,""
1564,2024-08-03,O,""
1564,2024-08-04,O,""
1564,2024-08-06,O,""
1564,2024-08-16,O,""
1564,2024-08-24,O,""
1564,2024-08-26,O,""
1564,2024-08-27,O,""
1564,2024-09-05,D,""
1564,2024-09-10,B,""
1564,2024-09-11,X,""
1564,2024-09-17,B,""
1564,2024-09-19,O,""
1564,2024-09-20,O,""
1564,2024-09-23,O,""
1791,2024-05-16,O,""
1791,2024-05-19,O,""
1791,2024-05-22,D,""
1791,2024-05-24,O,""
1791,2024-05-27,O,""
1791,2024-05-30,B,""
1791,2024-06-04,O,""
1791,2024-06-10,O,""
1791,2024-06-25,O,""
1791,2024-07-02,O,""
1791,2024-07-03,O,""
1791,2024-07-05,O,""
1791,2024-07-10,X,""
1791,2024-07-13,O,""
1791,2024-07-15,O,""
1791,2024-07-17,O,""
1791,2024-07-23,O,""
1791,2024-07-25,O,""
1791,2024-07-30,X,""
1791,2024-07-31,B,""
1791,2024-08-03,O,""
1791,2024-08-09,O,""
1791,2024-08-12,O,""
1791,2024-08-13,B,""
1791,2024-08-17,O,""
1791,2024-08-19,O,""
1791,2024-08-20,X,""
1791,2024-08-28,O,""
1791,2024-09-11,B,""
1791,2024-09-15,N,""
1791,2024-09-23,O,""
1773,2024-05-16,O,""
1773,2024-05-24,O,""
1773,2024-06-01,O,""
1773,2024-06-04,O,""
1773,2024-06-09,O,""
1773,2024-06-12,B,""
1773,2024-06-17,B,""
1773,2024-06-18,B,""
1773,2024-06-20,O,""
1773,2024-06-23,O,""
1773,2024-07-04,O,""
1773,2024-07-09,O,""
1773,2024-07-13,O,""
1773,2024-07-16,O,""
1773,2024-07-21,O,""
1773,2024-07-24,O,""
1773,2024-07-31,O,""
1773,2024-08-03,O,""
1773,2024-08-08,B,""
1773,2024-08-09,O,""
1773,2024-08-10,O,""
1773,2024-08-12,O,""
1773,2024-08-14,O,""
1773,2024-08-19,O,""
1773,2024-08-20,X,""
1773,2024-08-21,B,""
1773,2024-08-22,O,""
1773,2024-08-26,O,""
1773,2024-08-28,O,""
1666,2024-05-16,O,""
1666,2024-05-20,X,""
1666,2024-05-21,O,""
1666,2024-05-22,O,""
1666,2024-05-25,O,""
1666,2024-05-26,O,""
1666,2024-05-30,O,""
1666,2024-06-13,O,""
1666,2024-06-21,O,""
1646,2024-05-19,X,""
1646,2024-05-20,O,""
1646,2024-05-25,O,""
1646,2024-05-28,B,""
1646,2024-05-29,B,""
1646,2024-06-02,O,""
1562,2024-05-11,O,""
1562,2024-05-15,O,""
1562,2024-05-16,B,""
1562,2024-05-18,O,""
1562,2024-05-21,D,""
1562,2024-05-23,O,""
1562,2024-05-27,O,""
1562,2024-05-28,O,""
1562,2024-05-29,O,""
1562,2024-06-07,B,""
1562,2024-06-08,B,""
1562,2024-06-11,O,""
1562,2024-06-12,O,""
1562,2024-06-14,O,""
1562,2024-06-17,O,""
1562,2024-06-18,B,""
1562,2024-06-22,O,""
1562,2024-06-29,O,""
1562,2024-07-02,N,""
1562,2024-07-03,O,""
1562,2024-07-12,O,""
1562,2024-07-16,O,""
1562,2024-07-19,O,""
1562,2024-07-20,O,""
1562,2024-07-24,O,""
1562,2024-07-29,C,""
1562,2024-08-01,O,""
1562,2024-08-03,X,""
1562,2024-08-04,O,""
1562,2024-08-07,D,""
1562,2024-08-11,O,""
1562,2024-08-13,B,""
1562,2024-08-16,O,""
1562,2024-08-21,O,""
1562,2024-08-26,O,""
1562,2024-08-31,B,""
1562,2024-09-03,B,""
1562,2024-09-04,O,""
1562,2024-09-06,O,""
1562,2024-09-08,B,""
1562,2024-09-09,O,""
1562,2024-09-12,O,""
1562,2024-09-16,O,""
1562,2024-09-18,O,""
1562,2024-09-21,O,""
1313,2024-05-17,O,""
1313,2024-05-20,C,""
1313,2024-05-25,O,""
1313,2024-05-30,O,""
1313,2024-06-04,O,""
1313,2024-06-11,O,""
1313,2024-06-12,O,""
1313,2024-06-22,O,""
1313,2024-06-23,O,""
1313,2024-06-24,O,""
1708,2024-05-22,O,""
1708,2024-05-24,O,""
1708,2024-06-11,O,""
1708,2024-06-13,B,""
1708,2024-06-17,O,""
1708,2024-06-22,O,""
1708,2024-06-27,C,""
1708,2024-07-03,D,""
1708,2024-07-04,O,""
1708,2024-07-05,O,""
1344,2024-06-02,O,""
1344,2024-06-03,O,""
1344,2024-06-13,B,""
1344,2024-06-14,B,""
1344,2024-06-15,O,""
1344,2024-06-16,X,""
1344,2024-06-17,O,""
1344,2024-06-26,O,""
1344,2024-06-30,O,""
1344,2024-07-03,X,""
1344,2024-07-12,O,""
1344,2024-07-14,O,""
1344,2024-07-20,O,""
1344,2024-07-24,B,""
1344,2024-07-26,O,""
1344,2024-08-03,O,""
1344,2024-08-08,B,""
1344,2024-08-09,O,""
1344,2024-08-10,O,""
1344,2024-08-11,O,""
1344,2024-08-15,O,""
1344,2024-08-16,O,""
1344,2024-08-22,C,""
1344,2024-08-25,O,""
1344,2024-08-28,O,""
1698,2024-06-20,O,""
1698,2024-06-22,B,""
1698,2024-06-24,O,""
1698,2024-06-26,O,""
1698,2024-07-04,B,""
1698,2024-07-06,B,""
1711,2024-06-01,O,""
1711,2024-06-04,C,""
1711,2024-06-19,O,""
1711,2024-06-20,O,""
1711,2024-06-21,O,""
1711,2024-07-06,O,""
1711,2024-07-17,O,""
1711,2024-07-23,O,""
1711,2024-07-28,O,""
1711,2024-07-30,O,""
1711,2024-08-04,O,""
1711,2024-08-09,O,""
1711,2024-08-11,O,""
1711,2024-08-15,O,""
1711,2024-08-19,O,""
1711,2024-08-20,B,""
1711,2024-08-21,X,""
1711,2024-08-22,O,""
1711,2024-09-03,X,""
1711,2024-09-13,B,""
1711,2024-09-14,X,""
1711,2024-09-19,X,""
1555,2024-06-02,O,""
1555,2024-06-04,O,""
1555,2024-06-05,O,""
1555,2024-06-06,O,""
1555,2024-06-16,O,""
1555,2024-06-18,O,""
1555,2024-06-20,O,""
1555,2024-06-21,O,""
1555,2024-06-22,O,""
1555,2024-07-04,B,""
1555,2024-07-09,O,""
1555,2024-07-20,B,""
1555,2024-07-25,C,""
1555,2024-07-26,O,""
1555,2024-07-28,O,""
1555,2024-08-03,O,""
1555,2024-08-08,B,""
1555,2024-08-12,O,""
1555,2024-08-22,O,""
1555,2024-08-26,B,""
1555,2024-08-30,O,""
1555,2024-09-01,O,""
1555,2024-09-03,O,""
1555,2024-09-04,O,""
1555,2024-09-07,O,""
1555,2024-09-08,O,""
1555,2024-09-14,O,""
1555,2024-09-16,N,""
1555,2024-09-17,O,""
1555,2024-09-18,X,""
1555,2024-09-20,O,""
1555,2024-09-21,X,""
1555,2024-09-22,O,""
1555,2024-09-23,O,""
1555,2024-09-28,O,""
1555,2024-09-30,B,""
1755,2024-06-08,B,""
1755,2024-06-09,O,""
1755,2024-06-13,O,""
1755,2024-06-15,B,""
1755,2024-06-19,O,""
1755,2024-06-21,B,""
1755,2024-06-25,O,""
1755,2024-06-26,B,""
1755,2024-06-27,C,""
1755,2024-06-30,X,""
1755,2024-07-07,O,""
1755,2024-07-10,C,""
1755,2024-07-17,O,""
1755,2024-07-23,O,""
1755,2024-07-24,B,""
1755,2024-07-27,O,""
1755,2024-07-28,O,""
1755,2024-08-03,O,""
1755,2024-08-07,O,""
1755,2024-08-08,O,""
1755,2024-08-11,O,""
1755,2024-08-12,O,""
1746,2024-05-26,C,""
1746,2024-06-01,O,""
1746,2024-06-02,O,""
1746,2024-06-03,O,""
1746,2024-06-04,O,""
1746,2024-06-05,O,""
1746,2024-06-06,O,""
1746,2024-06-15,O,""
1746,2024-06-17,B,""
1746,2024-06-18,O,""
1746,2024-06-19,O,""
1746,2024-06-22,O,""
1746,2024-06-23,O,""
1746,2024-06-26,O,""
1746,2024-06-27,N,""
1746,2024-06-30,C,""
1746,2024-07-05,O,""
1746,2024-07-07,O,""
1746,2024-07-08,O,""
1746,2024-07-18,C,""
1746,2024-07-20,O,""
1746,2024-07-24,O,""
1746,2024-07-29,O,""
1746,2024-07-31,O,""
1746,2024-08-03,O,""
1746,2024-08-06,B,""
1746,2024-08-07,B,""
1335,2024-06-08,O,""
1335,2024-06-11,O,""
1335,2024-06-23,O,""
1335,2024-06-25,O,""
1335,2024-06-29,O,""
1335,2024-07-01,O,""
1335,2024-07-02,O,""
1335,2024-07-03,B,""
1335,2024-07-09,O,""
1335,2024-07-22,O,""
1335,2024-07-30,O,""
1335,2024-07-31,X,""
1335,2024-08-06,O,""
1335,2024-08-10,O,""
1335,2024-08-31,X,""
1335,2024-09-03,O,""
1335,2024-09-05,O,""
1335,2024-09-07,O,""
1335,2024-09-10,O,""
1335,2024-09-17,B,""
1335,2024-09-20,O,""
1335,2024-09-24,O,""
1335,2024-09-25,B,""
1335,2024-09-27,O,""
1785,2024-05-31,O,""
1785,2024-06-02,O,""
1785,2024-06-03,O,""
1785,2024-06-07,O,""
1785,2024-06-08,O,""
1785,2024-06-09,O,""
1785,2024-06-11,O,""
1785,2024-06-16,O,""
1785,2024-06-19,B,""
1785,2024-06-20,O,""
1785,2024-06-27,O,""
1785,2024-06-29,O,""
1785,2024-07-03,O,""
1785,2024-07-07,O,""
1785,2024-07-17,O,""
1785,2024-07-19,O,""
1785,2024-07-22,O,""
1785,2024-07-24,B,""
1785,2024-07-27,O,""
1785,2024-08-07,O,""
1785,2024-08-10,O,""
1785,2024-08-11,O,""
1785,2024-08-13,O,""
1785,2024-08-15,O,""
1785,2024-08-18,O,""
1785,2024-08-19,B,""
1522,2024-05-31,O,""
1522,2024-06-01,O,""
1522,2024-06-06,B,""
1522,2024-06-11,O,""
1522,2024-06-15,O,""
1522,2024-06-17,O,""
1522,2024-07-02,O,""
1522,2024-07-03,B,""
1522,2024-07-07,O,""
1522,2024-07-12,O,""
1611,2024-06-04,O,""
1611,2024-06-08,O,""
1611,2024-06-17,B,""
1611,2024-06-20,B,""
1611,2024-06-21,O,""
1611,2024-06-23,O,""
1611,2024-06-29,B,""
1611,2024-07-02,O,""
1611,2024-07-03,O,""
1611,2024-07-09,B,""
1611,2024-07-10,O,""
1611,2024-07-12,O,""
1611,2024-07-14,X,""
1611,2024-07-16,O,""
1611,2024-07-17,O,""
1611,2024-07-18,O,""
1611,2024-07-21,O,""
1611,2024-07-22,O,""
1611,2024-07-26,B,""
1611,2024-07-29,O,""
1611,2024-08-03,O,""
1611,2024-08-04,O,""
1611,2024-08-09,O,""
1611,2024-08-18,O,""
1568,2024-05-29,O,""
1568,2024-05-31,O,""
1568,2024-06-05,O,""
1568,2024-06-06,O,""
1568,2024-06-09,O,""
1568,2024-06-11,N,""
1568,2024-06-14,O,""
1568,2024-06-16,O,""
1568,2024-06-22,O,""
1568,2024-06-26,O,""
1568,2024-06-29,O,""
1568,2024-07-01,O,""
1568,2024-07-06,O,""
1568,2024-07-07,O,""
1568,2024-07-09,O,""
1568,2024-07-11,B,""
1568,2024-07-12,O,""
1568,2024-07-13,B,""
1568,2024-07-18,C,""
1568,2024-07-26,O,""
1568,2024-07-27,O,""
1568,2024-07-28,B,""
1568,2024-08-02,O,""
1568,2024-08-04,O,""
1309,2024-05-26,O,""
1309,2024-05-28,O,""
1309,2024-05-31,C,""
1309,2024-06-01,X,""
1309,2024-06-05,X,""
1309,2024-06-06,O,""
1309,2024-06-14,O,""
1309,2024-06-16,O,""
1309,2024-06-22,O,""
1309,2024-06-23,B,""
1309,2024-06-27,O,""
1309,2024-07-07,O,""
1309,2024-07-16,O,""
1309,2024-07-18,N,""
1309,2024-07-20,O,""
1309,2024-07-29,O,""
1309,2024-07-30,O,""
1309,2024-08-07,O,""
1309,2024-08-23,O,""
1309,2024-08-25,O,""
1309,2024-08-28,O,""
1309,2024-09-04,O,""
1309,2024-09-05,O,""
1309,2024-09-06,X,""
1309,2024-09-11,O,""
1309,2024-09-12,X,""
1309,2024-09-13,B,""
1309,2024-09-24,B,""
1309,2024-09-27,O,""
1351,2024-05-28,O,""
1351,2024-05-29,B,""
1351,2024-06-04,O,""
1351,2024-06-05,O,""
1351,2024-06-08,X,""
1351,2024-06-11,B,""
1351,2024-06-15,O,""
1351,2024-06-17,B,""
1351,2024-06-19,O,""
1351,2024-06-24,O,""
1351,2024-06-28,O,""
1351,2024-07-01,O,""
1351,2024-07-06,N,""
1351,2024-07-10,O,""
1351,2024-07-15,B,""
1351,2024-07-18,O,""
1351,2024-07-19,O,""
1351,2024-07-20,N,""
1351,2024-07-21,O,""
1351,2024-07-25,O,""
1351,2024-07-26,O,""
1351,2024-08-03,B,""
1192,2024-05-28,O,""
1192,2024-05-30,D,""
1192,2024-05-31,B,""
1192,2024-06-02,B,""
1192,2024-06-05,X,""
1192,2024-06-06,X,""
1192,2024-06-07,O,""
1192,2024-06-14,O,""
1192,2024-06-15,O,""
1192,2024-06-19,O,""
1192,2024-06-21,C,""
1192,2024-06-24,O,""
1192,2024-06-27,O,""
1192,2024-06-28,O,""
1192,2024-07-01,O,""
1192,2024-07-07,O,""
1192,2024-07-13,O,""
1192,2024-07-17,O,""
1192,2024-07-18,O,""
1192,2024-07-20,O,""
1192,2024-07-26,X,""
1192,2024-07-27,O,""
1192,2024-08-06,O,""
1192,2024-08-10,O,""
1192,2024-08-12,B,""
1192,2024-08-13,O,""
1192,2024-08-17,B,""
1192,2024-08-21,O,""
1192,2024-08-26,O,""
1719,2024-06-06,O,""
1719,2024-06-11,B,""
1719,2024-06-12,O,""
1719,2024-06-19,B,""
1719,2024-06-22,O,""
1719,2024-06-24,O,""
1719,2024-07-01,O,""
1719,2024-07-02,O,""
1719,2024-07-03,B,""
1719,2024-07-07,O,""
1719,2024-07-08,O,""
1719,2024-07-09,B,""
1719,2024-07-11,O,""
1719,2024-07-13,O,""
1719,2024-07-16,O,""
1719,2024-07-20,O,""
1719,2024-07-22,O,""
1719,2024-07-25,O,""
1491,2024-05-29,O,""
1491,2024-06-01,O,""
1491,2024-06-02,O,""
1491,2024-06-04,X,""
1491,2024-06-06,O,""
1491,2024-06-09,O,""
1491,2024-06-11,C,""
1491,2024-06-16,O,""
1491,2024-06-21,O,""
1491,2024-06-22,O,""
1491,2024-06-23,O,""
1491,2024-06-24,O,""
1491,2024-06-29,O,""
1491,2024-07-06,O,""
1491,2024-07-07,X,""
1366,2024-05-31,O,""
1366,2024-06-03,B,""
1366,2024-06-12,X,""
1366,2024-06-20,O,""
1366,2024-06-28,O,""
1366,2024-07-05,O,""
1366,2024-07-11,O,""
1366,2024-07-16,O,""
1366,2024-07-18,B,""
1366,2024-07-20,O,""
1366,2024-07-21,O,""
1366,2024-07-23,O,""
1366,2024-07-28,O,""
1366,2024-08-01,O,""
1366,2024-08-04,B,""
1366,2024-08-13,O,""
1366,2024-08-15,B,""
1366,2024-08-20,O,""
1366,2024-08-21,O,""
1366,2024-08-22,O,""
1366,2024-08-23,B,""
1366,2024-08-28,B,""
1366,2024-08-30,O,""
1366,2024-09-11,B,""
1366,2024-09-12,C,""
1366,2024-09-13,O,""
1366,2024-09-14,O,""
1366,2024-09-23,O,""
1366,2024-09-25,O,""
1366,2024-09-29,C,""
1458,2024-05-25,O,""
1458,2024-06-04,O,""
1458,2024-06-10,B,""
1458,2024-06-12,O,""
1458,2024-06-14,O,""
1458,2024-06-18,B,""
1458,2024-06-20,B,""
1458,2024-06-21,O,""
1458,2024-06-24,O,""
1458,2024-06-25,O,""
1458,2024-06-30,B,""
1458,2024-07-01,B,""
1458,2024-07-07,O,""
1458,2024-07-10,O,""
1458,2024-07-13,O,""
1458,2024-07-14,B,""
1458,2024-07-17,O,""
1458,2024-07-20,O,""
1458,2024-07-23,O,""
1458,2024-07-29,O,""
1458,2024-07-30,O,""
1458,2024-08-02,O,""
1458,2024-08-09,O,""
1458,2024-08-18,O,""
1458,2024-08-20,O,""
1458,2024-08-21,B,""
1458,2024-08-23,O,""
1458,2024-08-25,O,""
1458,2024-08-31,O,""
1458,2024-09-01,X,""
1458,2024-09-03,O,""
1458,2024-09-08,O,""
1458,2024-09-12,O,""
1458,2024-09-25,B,""
1458,2024-09-26,O,""
1458,2024-09-28,B,""
1597,2024-06-07,O,""
1597,2024-06-12,O,""
1597,2024-06-16,O,""
1597,2024-06-20,O,""
1597,2024-06-29,O,""
1597,2024-07-05,O,""
1597,2024-07-08,O,""
1597,2024-07-10,O,""
1597,2024-07-14,B,""
1597,2024-07-17,B,""
1597,2024-07-18,O,""
1597,2024-07-23,C,""
1597,2024-07-27,O,""
1597,2024-08-07,O,""
1597,2024-08-08,D,""
1597,2024-08-16,B,""
1597,2024-08-17,O,""
1597,2024-08-19,B,""
1597,2024-08-20,O,""
1597,2024-08-26,B,""
1597,2024-09-02,O,""
1597,2024-09-03,C,""
1597,2024-09-08,C,""
1597,2024-09-11,O,""
1597,2024-09-12,X,""
1597,2024-09-15,X,""
1597,2024-09-16,X,""
1597,2024-09-18,C,""
1597,2024-09-19,O,""
1597,2024-09-24,O,""
1597,2024-09-25,B,""
1597,2024-09-26,O,""
1597,2024-09-29,X,""
1597,2024-09-30,O,""
1793,2024-06-01,O,""
1793,2024-06-05,O,""
1793,2024-06-08,O,""
1793,2024-06-15,O,""
1793,2024-06-23,O,""
1793,2024-06-26,O,""
1793,2024-07-02,O,""
1793,2024-07-03,O,""
1793,2024-07-09,O,""
1793,2024-07-12,O,""
1793,2024-07-14,B,""
1793,2024-07-15,O,""
1793,2024-07-26,O,""
1793,2024-07-29,X,""
1793,2024-08-02,O,""
1793,2024-08-10,O,""
1793,2024-08-13,C,""
1793,2024-08-15,O,""
1793,2024-08-18,B,""
1793,2024-08-29,B,""
1793,2024-08-30,O,""
1322,2024-06-16,X,""
1322,2024-06-18,X,""
1322,2024-06-25,O,""
1322,2024-06-26,O,""
1322,2024-07-06,O,""
1322,2024-07-07,O,""
1322,2024-07-18,C,""
1353,2024-06-04,O,""
1353,2024-06-07,O,""
1353,2024-06-08,B,""
1353,2024-06-11,X,""
1353,2024-06-12,O,""
1353,2024-06-18,O,""
1353,2024-06-22,N,""
1353,2024-06-26,O,""
1353,2024-06-27,O,""
1353,2024-06-30,O,""
1353,2024-07-06,O,""
1353,2024-07-16,O,""
1353,2024-07-18,O,""
1353,2024-07-21,O,""
1353,2024-07-22,O,""
1353,2024-07-26,O,""
1353,2024-08-02,O,""
1353,2024-08-06,O,""
1353,2024-08-08,O,""
1353,2024-08-12,O,""
1353,2024-08-24,O,""
1353,2024-08-27,O,""
1353,2024-08-28,O,""
1353,2024-09-02,O,""
1353,2024-09-05,X,""
1353,2024-09-13,B,""
1353,2024-09-14,C,""
1353,2024-09-20,B,""
1353,2024-09-21,O,""
1353,2024-09-24,O,""
1386,2024-06-04,O,""
1386,2024-06-06,O,""
1386,2024-06-09,O,""
1386,2024-06-21,O,""
1386,2024-06-23,X,""
1386,2024-06-24,B,""
1386,2024-06-26,O,""
1386,2024-06-27,B,""
1386,2024-06-28,B,""
1386,2024-07-01,O,""
1386,2024-07-04,B,""
1386,2024-07-09,O,""
1386,2024-07-15,O,""
1386,2024-07-17,B,""
1386,2024-07-20,O,""
1386,2024-07-21,O,""
1386,2024-07-22,B,""
1386,2024-07-25,O,""
1386,2024-08-09,O,""
1386,2024-08-22,O,""
1386,2024-08-28,C,""
1386,2024-08-31,C,""
1386,2024-09-03,O,""
1386,2024-09-06,B,""
1386,2024-09-07,D,""
1386,2024-09-11,B,""
1386,2024-09-17,O,""
1386,2024-09-19,B,""
1386,2024-09-20,O,""
1651,2024-05-28,O,""
1651,2024-05-29,O,""
1651,2024-06-02,O,""
1651,2024-06-04,O,""
1651,2024-06-10,O,""
1651,2024-06-11,O,""
1651,2024-06-19,O,""
1651,2024-06-24,O,""
1651,2024-06-25,X,""
1651,2024-06-28,O,""
1651,2024-06-29,X,""
1651,2024-07-02,O,""
1651,2024-07-11,O,""
1651,2024-07-14,O,""
1440,2024-06-03,O,""
1440,2024-06-09,O,""
1440,2024-06-10,O,""
1440,2024-06-15,O,""
1440,2024-06-16,O,""
1440,2024-06-18,O,""
1440,2024-06-21,O,""
1440,2024-06-22,O,""
1440,2024-06-23,O,""
1440,2024-06-27,O,""
1440,2024-06-29,X,""
1440,2024-07-01,B,""
1440,2024-07-05,B,""
1440,2024-07-16,O,""
1440,2024-07-18,O,""
1440,2024-07-26,O,""
1440,2024-08-05,B,""
1440,2024-08-06,O,""
1440,2024-08-07,O,""
1440,2024-08-09,B,""
1440,2024-08-10,O,""
1440,2024-08-11,O,""
1440,2024-08-12,O,""
1440,2024-08-21,O,""
1440,2024-08-27,O,""
1440,2024-09-02,O,""
1440,2024-09-06,O,""
1440,2024-09-09,O,""
1440,2024-09-10,O,""
1779,2024-06-03,X,""
1779,2024-06-08,O,""
1779,2024-06-15,O,""
1779,2024-06-16,O,""
1779,2024-06-20,O,""
1779,2024-06-25,O,""
1779,2024-06-26,C,""
1779,2024-06-29,O,""
1779,2024-07-17,O,""
1779,2024-07-20,B,""
1779,2024-07-31,O,""
1528,2024-05-30,O,""
1528,2024-05-31,O,""
1528,2024-06-05,O,""
1528,2024-06-15,O,""
1528,2024-06-16,O,""
1528,2024-06-17,O,""
1528,2024-06-20,O,""
1528,2024-06-29,O,""
1528,2024-07-02,B,""
1528,2024-07-04,O,""
1528,2024-07-05,B,""
1528,2024-07-08,O,""
1528,2024-07-09,O,""
1528,2024-07-11,O,""
1528,2024-07-13,B,""
1528,2024-07-15,O,""
1528,2024-07-16,O,""
1528,2024-07-19,O,""
1528,2024-07-21,X,""
1528,2024-07-25,N,""
1528,2024-07-26,O,""
1528,2024-07-31,O,""
1528,2024-08-02,O,""
1528,2024-08-04,O,""
1528,2024-08-06,B,""
1528,2024-08-09,B,""
1528,2024-08-13,O,""
1528,2024-09-02,X,""
1528,2024-09-05,B,""
1528,2024-09-11,O,""
1528,2024-09-12,X,""
1412,2024-06-03,B,""
1412,2024-06-05,B,""
1412,2024-06-06,O,""
1412,2024-06-07,O,""
1412,2024-06-08,O,""
1412,2024-06-11,O,""
1412,2024-06-29,C,""
1412,2024-07-01,O,""
1412,2024-07-04,O,""
1269,2024-05-29,O,""
1269,2024-05-30,O,""
1269,2024-06-06,O,""
1269,2024-06-07,O,""
1269,2024-06-11,B,""
1269,2024-06-13,B,""
1269,2024-06-18,C,""
1269,2024-06-19,B,""
1269,2024-06-23,O,""
1269,2024-06-25,O,""
1269,2024-06-26,O,""
1269,2024-06-29,O,""
1269,2024-07-16,B,""
1269,2024-07-31,O,""
1269,2024-08-02,X,""
1269,2024-08-05,B,""
1269,2024-08-07,O,""
1269,2024-08-10,O,""
1269,2024-08-18,O,""
1269,2024-08-21,O,""
1269,2024-08-23,O,""
1269,2024-09-07,O,""
1269,2024-09-09,B,""
1269,2024-09-12,O,""
1269,2024-09-14,O,""
1269,2024-09-15,O,""
1269,2024-09-16,B,""
1269,2024-09-18,B,""
1269,2024-09-21,O,""
1269,2024-09-23,O,""
1269,2024-09-24,O,""
1269,2024-09-26,O,""
1269,2024-09-27,B,""
1269,2024-09-29,O,""
1269,2024-09-30,B,""
1241,2024-05-29,O,""
1241,2024-06-01,O,""
1241,2024-06-04,O,""
1241,2024-06-06,O,""
1241,2024-06-08,O,""
1241,2024-06-10,O,""
1241,2024-06-15,O,""
1241,2024-06-16,O,""
1241,2024-06-17,O,""
1241,2024-06-19,B,""
1241,2024-06-20,O,""
1241,2024-06-21,O,""
1241,2024-06-22,O,""
1241,2024-06-27,O,""
1241,2024-06-28,B,""
1241,2024-06-29,O,""
1241,2024-07-02,X,""
1241,2024-07-08,O,""
1241,2024-07-09,O,""
1241,2024-07-18,O,""
1241,2024-07-28,X,""
1241,2024-08-04,B,""
1241,2024-08-11,O,""
1642,2024-06-03,B,""
1642,2024-06-13,C,""
1642,2024-06-19,O,""
1642,2024-06-23,B,""
1642,2024-06-24,O,""
1642,2024-06-25,X,""
1642,2024-06-28,B,""
1642,2024-07-02,O,""
1642,2024-07-06,B,""
1642,2024-07-13,O,""
1642,2024-07-15,O,""
1642,2024-07-17,O,""
1642,2024-07-19,O,""
1642,2024-08-01,O,""
1642,2024-08-02,O,""
1642,2024-08-04,B,""
1642,2024-08-10,O,""
1642,2024-08-18,B,""
1642,2024-08-19,B,""
1642,2024-08-21,O,""
1642,2024-08-30,O,""
1642,2024-08-31,O,""
1642,2024-09-02,D,""
1642,2024-09-04,O,""
1642,2024-09-06,O,""
1642,2024-09-07,O,""
1642,2024-09-16,B,""
1642,2024-09-17,O,""
1707,2024-06-05,X,""
1707,2024-06-10,O,""
1707,2024-06-16,O,""
1707,2024-06-18,B,""
1707,2024-06-21,B,""
1707,2024-06-22,O,""
1707,2024-06-26,C,""
1707,2024-06-30,O,""
1707,2024-07-02,B,""
1707,2024-07-03,O,""
1707,2024-07-19,O,""
1707,2024-07-24,O,""
1508,2024-06-02,O,""
1508,2024-06-11,O,""
1508,2024-06-16,O,""
1508,2024-06-18,O,""
1508,2024-06-19,X,""
1508,2024-07-04,B,""
1411,2024-05-29,O,""
1411,2024-05-30,O,""
1411,2024-05-31,O,""
1411,2024-06-02,O,""
1411,2024-06-05,O,""
1411,2024-06-10,O,""
1411,2024-06-12,B,""
1411,2024-06-14,B,""
1411,2024-06-15,O,""
1411,2024-07-08,O,""
1411,2024-07-10,O,""
1411,2024-07-11,O,""
1411,2024-07-13,O,""
1411,2024-07-17,X,""
1411,2024-07-26,B,""
1411,2024-07-27,O,""
1411,2024-07-28,B,""
1541,2024-05-30,O,""
1541,2024-06-03,B,""
1541,2024-06-04,C,""
1541,2024-06-07,O,""
1541,2024-06-11,X,""
1541,2024-06-13,O,""
1541,2024-06-23,O,""
1541,2024-06-25,O,""
1541,2024-06-26,O,""
1541,2024-06-27,O,""
1541,2024-07-03,O,""
1541,2024-07-08,O,""
1541,2024-07-09,O,""
1541,2024-07-10,B,""
1541,2024-07-11,X,""
1541,2024-07-17,O,""
1541,2024-07-20,X,""
1541,2024-08-05,C,""
1541,2024-08-06,O,""
1541,2024-08-14,O,""
1541,2024-08-15,O,""
1541,2024-08-17,B,""
1541,2024-08-20,O,""
1541,2024-08-22,D,""
1541,2024-08-23,O,""
1541,2024-08-26,X,""
1541,2024-08-27,B,""
1541,2024-08-30,O,""
1541,2024-09-05,O,""
1541,2024-09-08,B,""
1541,2024-09-14,N,""
1541,2024-09-16,B,""
1541,2024-09-18,O,""
1489,2024-05-29,X,""
1489,2024-05-30,O,""
1489,2024-05-31,O,""
1489,2024-06-01,X,""
1489,2024-06-03,O,""
1489,2024-06-04,O,""
1489,2024-06-11,O,""
1489,2024-06-19,O,""
1489,2024-06-21,C,""
1489,2024-06-23,O,""
1489,2024-07-04,O,""
1489,2024-07-07,O,""
1489,2024-07-11,O,""
1489,2024-07-15,O,""
1489,2024-07-27,O,""
1489,2024-07-29,O,""
1741,2024-06-02,O,""
1741,2024-06-03,O,""
1741,2024-06-04,O,""
1741,2024-06-10,O,""
1741,2024-06-12,O,""
1741,2024-06-14,O,""
1741,2024-06-16,O,""
1741,2024-06-22,O,""
1741,2024-06-23,O,""
1741,2024-06-24,B,""
1741,2024-07-01,O,""
1471,2024-06-06,O,""
1471,2024-06-07,O,""
1471,2024-06-08,B,""
1471,2024-06-18,O,""
1471,2024-06-30,X,""
1471,2024-07-07,O,""
1471,2024-07-12,O,""
1471,2024-07-13,O,""
1471,2024-07-14,O,""
1471,2024-07-16,B,""
1471,2024-07-17,O,""
1471,2024-07-18,O,""
1471,2024-07-29,O,""
1471,2024-08-02,O,""
1471,2024-08-05,O,""
1471,2024-08-06,O,""
1471,2024-08-07,O,""
1200,2024-05-31,O,""
1200,2024-06-11,O,""
1200,2024-06-15,O,""
1200,2024-06-22,B,""
1200,2024-06-23,O,""
1200,2024-06-26,O,""
1200,2024-07-14,O,""
1200,2024-07-18,O,""
1200,2024-07-19,B,""
1200,2024-07-22,O,""
1200,2024-07-26,O,""
1200,2024-07-28,B,""
1200,2024-08-01,B,""
1200,2024-08-06,O,""
1200,2024-08-09,O,""
1200,2024-08-16,O,""
1200,2024-08-18,O,""
1200,2024-08-23,B,""
1200,2024-08-24,B,""
1200,2024-08-29,B,""
1759,2024-05-31,O,""
1759,2024-06-02,O,""
1759,2024-06-06,O,""
1759,2024-06-10,O,""
1759,2024-06-11,O,""
1759,2024-06-15,O,""
1759,2024-06-23,O,""
1759,2024-06-25,O,""
1759,2024-06-27,O,""
1759,2024-06-30,O,""
1759,2024-07-08,O,""
1759,2024-07-10,O,""
1759,2024-07-15,O,""
1759,2024-07-24,O,""
1545,2024-06-08,O,""
1545,2024-06-09,O,""
1545,2024-06-11,O,""
1545,2024-06-13,O,""
1545,2024-06-15,O,""
1545,2024-06-19,O,""
1545,2024-06-22,O,""
1545,2024-07-04,O,""
1545,2024-07-08,B,""
1545,2024-07-10,B,""
1545,2024-07-12,O,""
1545,2024-07-14,O,""
1545,2024-07-19,O,""
1545,2024-07-24,O,""
1545,2024-07-27,O,""
1545,2024-07-28,O,""
1545,2024-07-29,O,""
1545,2024-08-03,O,""
1665,2024-06-03,O,""
1665,2024-06-09,O,""
1665,2024-06-13,B,""
1665,2024-06-15,X,""
1665,2024-06-17,O,""
1665,2024-06-27,O,""
1665,2024-07-02,O,""
1665,2024-07-06,B,""
1665,2024-07-07,O,""
1665,2024-07-11,O,""
1271,2024-05-28,O,""
1271,2024-06-03,O,""
1271,2024-06-05,O,""
1271,2024-06-06,O,""
1271,2024-06-11,O,""
1271,2024-06-13,B,""
1271,2024-07-10,O,""
1271,2024-07-11,O,""
1271,2024-07-12,O,""
1271,2024-07-14,O,""
1271,2024-07-22,O,""
1271,2024-07-29,O,""
1271,2024-07-30,O,""
1271,2024-08-02,O,""
1271,2024-08-14,C,""
1271,2024-08-20,B,""
1271,2024-08-21,B,""
1578,2024-06-01,O,""
1578,2024-06-02,O,""
1578,2024-06-03,O,""
1578,2024-06-09,O,""
1578,2024-06-11,O,""
1578,2024-06-15,O,""
1578,2024-06-16,O,""
1578,2024-06-17,O,""
1578,2024-06-18,O,""
1578,2024-07-01,O,""
1578,2024-07-14,O,""
1744,2024-05-31,O,""
1744,2024-06-01,O,""
1744,2024-06-03,O,""
1744,2024-06-04,X,""
1744,2024-06-06,O,""
1744,2024-06-10,C,""
1744,2024-06-11,O,""
1744,2024-06-15,O,""
1744,2024-06-21,B,""
1744,2024-06-22,O,""
1744,2024-06-25,O,""
1744,2024-06-28,O,""
1744,2024-07-02,O,""
1744,2024-07-03,O,""
1744,2024-07-11,O,""
1744,2024-07-16,O,""
1744,2024-07-19,B,""
1736,2024-06-06,B,""
1736,2024-06-08,O,""
1736,2024-06-11,O,""
1736,2024-06-13,B,""
1736,2024-06-14,B,""
1736,2024-06-16,O,""
1736,2024-06-22,O,""
1736,2024-06-23,O,""
1736,2024-06-24,X,""
1736,2024-07-06,O,""
1736,2024-07-08,O,""
1736,2024-07-13,O,""
1736,2024-07-18,O,""
1736,2024-07-19,O,""
1736,2024-07-24,O,""
1736,2024-08-02,O,""
1736,2024-08-04,B,""
1722,2024-05-26,O,""
1722,2024-05-28,B,""
1722,2024-06-08,O,""
1722,2024-06-11,B,""
1722,2024-06-12,B,""
1722,2024-06-14,O,""
1722,2024-06-18,O,""
1722,2024-06-21,C,""
1722,2024-07-01,C,""
1722,2024-07-02,O,""
1722,2024-07-10,C,""
1722,2024-07-13,N,""
1722,2024-07-15,O,""
1722,2024-07-20,O,""
1722,2024-07-22,O,""
1312,2024-06-03,O,""
1312,2024-06-04,O,""
1312,2024-06-05,O,""
1312,2024-06-13,O,""
1312,2024-06-14,O,""
1312,2024-06-24,O,""
1312,2024-06-25,O,""
1312,2024-06-27,O,""
1312,2024-06-28,X,""
1312,2024-07-01,X,""
1312,2024-07-04,B,""
1312,2024-07-05,O,""
1312,2024-07-14,B,""
1312,2024-07-17,O,""
1312,2024-08-14,O,""
1312,2024-08-18,O,""
1312,2024-08-24,O,""
1312,2024-08-26,O,""
1312,2024-08-29,O,""
1312,2024-08-30,O,""
1312,2024-09-02,O,""
1312,2024-09-07,O,""
1312,2024-09-09,C,""
1668,2024-06-02,O,""
1668,2024-06-05,O,""
1668,2024-06-06,B,""
1668,2024-06-13,O,""
1668,2024-06-19,O,""
1668,2024-06-20,O,""
1668,2024-06-21,O,""
1668,2024-06-22,O,""
1668,2024-06-25,O,""
1668,2024-06-26,B,""
1668,2024-06-27,O,""
1668,2024-07-02,O,""
1668,2024-07-03,B,""
1668,2024-07-04,O,""
1668,2024-07-06,B,""
1668,2024-07-09,O,""
1668,2024-07-11,O,""
1668,2024-07-21,O,""
1668,2024-07-23,O,""
1668,2024-07-31,O,""
1668,2024-08-05,O,""
1668,2024-08-12,O,""
1668,2024-09-06,O,""
1668,2024-09-12,B,""
1668,2024-09-13,B,""
1668,2024-09-16,O,""
1668,2024-09-19,O,""
1668,2024-09-24,O,""
1668,2024-09-27,O,""
1668,2024-09-28,O,""
1575,2024-06-02,B,""
1575,2024-06-08,O,""
1575,2024-06-13,O,""
1575,2024-06-16,O,""
1575,2024-06-21,B,""
1575,2024-06-24,O,""
1575,2024-06-27,O,""
1575,2024-07-19,B,""
1575,2024-07-20,O,""
1575,2024-07-25,B,""
1575,2024-07-27,C,""
1575,2024-08-01,O,""
1575,2024-08-04,O,""
1575,2024-08-09,O,""
1575,2024-08-14,O,""
1575,2024-08-19,O,""
1575,2024-08-23,O,""
1575,2024-08-25,O,""
1575,2024-08-27,B,""
1575,2024-08-29,O,""
1575,2024-08-30,O,""
1575,2024-08-31,O,""
1575,2024-09-03,D,""
1575,2024-09-05,O,""
1575,2024-09-07,N,""
1575,2024-09-08,O,""
1575,2024-09-17,B,""
1575,2024-09-27,O,""
1575,2024-09-29,B,""
1575,2024-09-30,O,""
1637,2024-06-06,O,""
1637,2024-06-07,O,""
1637,2024-06-08,O,""
1637,2024-06-12,O,""
1637,2024-06-14,O,""
1637,2024-06-16,O,""
1637,2024-06-24,O,""
1637,2024-06-27,O,""
1637,2024-07-04,O,""
1637,2024-07-05,X,""
1637,2024-07-12,O,""
1637,2024-07-20,O,""
1637,2024-07-22,O,""
1637,2024-07-27,O,""
1637,2024-08-01,C,""
1637,2024-08-02,O,""
1637,2024-08-04,O,""
1637,2024-08-05,O,""
1637,2024-08-10,B,""
1637,2024-08-11,B,""
1769,2024-06-03,B,""
1769,2024-06-08,O,""
1769,2024-06-15,O,""
1769,2024-06-16,O,""
1769,2024-06-17,O,""
1769,2024-06-18,O,""
1769,2024-06-21,O,""
1769,2024-06-28,B,""
1769,2024-07-06,O,""
1769,2024-07-07,O,""
1769,2024-07-11,O,""
1769,2024-07-16,O,""
1769,2024-07-17,O,""
1769,2024-07-19,C,""
1769,2024-07-22,O,""
1769,2024-07-26,B,""
1769,2024-08-03,B,""
1769,2024-08-05,B,""
1505,2024-06-14,O,""
1505,2024-06-19,O,""
1505,2024-06-21,O,""
1505,2024-06-22,B,""
1505,2024-06-27,O,""
1505,2024-06-28,O,""
1505,2024-07-04,O,""
1505,2024-07-06,O,""
1505,2024-07-09,O,""
1505,2024-07-11,B,""
1505,2024-07-12,O,""
1505,2024-07-14,O,""
1505,2024-07-20,X,""
1505,2024-07-24,O,""
1505,2024-07-28,O,""
1505,2024-08-01,B,""
1505,2024-08-05,B,""
1505,2024-08-16,O,""
1505,2024-08-19,O,""
1505,2024-08-26,O,""
1505,2024-09-02,B,""
1505,2024-09-05,B,""
1505,2024-09-07,O,""
1505,2024-09-13,O,""
1505,2024-09-21,O,""
1505,2024-09-23,O,""
1505,2024-09-29,O,""
1505,2024-09-30,X,""
1376,2024-05-28,O,""
1376,2024-05-30,O,""
1376,2024-05-31,O,""
1376,2024-06-01,O,""
1376,2024-06-03,O,""
1376,2024-06-05,O,""
1376,2024-06-09,X,""
1376,2024-06-12,O,""
1376,2024-06-15,B,""
1376,2024-06-20,O,""
1376,2024-06-24,B,""
1376,2024-06-30,O,""
1376,2024-07-04,X,""
1376,2024-07-05,N,""
1376,2024-07-09,O,""
1376,2024-07-13,O,""
1376,2024-07-17,O,""
1376,2024-07-19,O,""
1376,2024-07-21,N,""
1376,2024-07-23,X,""
1376,2024-07-26,O,""
1376,2024-08-01,O,""
1376,2024-08-09,B,""
1376,2024-08-16,O,""
1376,2024-08-17,O,""
1376,2024-08-25,O,""
1376,2024-08-28,O,""
1376,2024-08-29,O,""
1376,2024-08-31,O,""
1376,2024-09-02,O,""
1376,2024-09-04,O,""
1376,2024-09-06,O,""
1376,2024-09-10,O,""
1376,2024-09-12,O,""
1376,2024-09-14,O,""
1653,2024-05-29,O,""
1653,2024-06-02,O,""
1653,2024-06-13,O,""
1653,2024-06-14,B,""
1653,2024-06-17,C,""
1653,2024-06-23,O,""
1653,2024-06-26,O,""
1653,2024-07-01,O,""
1653,2024-07-08,O,""
1653,2024-07-11,X,""
1653,2024-07-13,O,""
1653,2024-07-19,O,""
1653,2024-07-20,O,""
1653,2024-07-23,O,""
1653,2024-07-27,B,""
1653,2024-08-09,O,""
1653,2024-08-10,O,""
1653,2024-08-12,O,""
1653,2024-08-14,O,""
1653,2024-08-17,N,""
1653,2024-08-18,X,""
1653,2024-08-26,O,""
1653,2024-09-01,X,""
1653,2024-09-08,O,""
1735,2024-05-29,O,""
1735,2024-06-05,O,""
1735,2024-06-15,O,""
1735,2024-06-18,O,""
1735,2024-07-01,O,""
1735,2024-07-05,O,""
1735,2024-07-07,B,""
1735,2024-07-08,O,""
1735,2024-07-09,O,""
1735,2024-07-11,O,""
1263,2024-06-04,O,""
1263,2024-06-10,O,""
1263,2024-06-13,O,""
1263,2024-06-14,O,""
1263,2024-06-20,O,""
1263,2024-06-25,O,""
1263,2024-07-01,O,""
1263,2024-07-02,B,""
1263,2024-07-03,O,""
1263,2024-07-05,O,""
1263,2024-07-07,O,""
1263,2024-07-08,O,""
1263,2024-07-09,B,""
1263,2024-07-10,X,""
1263,2024-07-12,X,""
1739,2024-05-25,O,""
1739,2024-05-26,O,""
1739,2024-06-01,O,""
1739,2024-06-04,O,""
1739,2024-06-12,O,""
1739,2024-06-15,O,""
1739,2024-06-16,O,""
1739,2024-06-18,O,""
1739,2024-06-28,C,""
1739,2024-07-11,B,""
1739,2024-07-14,O,""
1739,2024-07-17,O,""
1739,2024-07-25,O,""
1739,2024-07-31,O,""
1739,2024-08-02,O,""
1739,2024-08-03,O,""
1739,2024-08-04,O,""
1739,2024-08-08,B,""
1739,2024-08-16,O,""
1739,2024-08-23,C,""
1739,2024-08-27,B,""
1739,2024-09-03,O,""
1739,2024-09-06,O,""
1739,2024-09-07,C,""
1739,2024-09-13,O,""
1739,2024-09-14,O,""
1739,2024-09-16,X,""
1739,2024-09-17,O,""
1739,2024-09-21,B,""
1739,2024-09-22,B,""
1739,2024-09-24,X,""
1592,2024-06-01,O,""
1592,2024-06-20,O,""
1592,2024-06-24,O,""
1592,2024-06-28,O,""
1592,2024-07-06,B,""
1592,2024-07-09,O,""
1592,2024-07-15,O,""
1592,2024-07-21,O,""
1592,2024-08-03,O,""
1592,2024-08-05,O,""
1592,2024-08-07,O,""
1758,2024-05-30,O,""
1758,2024-06-04,O,""
1758,2024-06-06,O,""
1758,2024-06-14,O,""
1758,2024-06-16,O,""
1758,2024-06-24,O,""
1758,2024-07-16,O,""
1758,2024-07-20,O,""
1758,2024-07-25,O,""
1758,2024-08-15,X,""
1758,2024-08-16,O,""
1758,2024-08-20,O,""
1758,2024-08-24,O,""
1758,2024-09-01,D,""
1758,2024-09-05,C,""
1758,2024-09-12,O,""
1758,2024-09-17,O,""
1758,2024-09-18,B,""
1758,2024-09-19,O,""
1758,2024-09-26,O,""
1721,2024-06-03,B,""
1721,2024-06-12,O,""
1721,2024-06-26,O,""
1721,2024-06-28,O,""
1721,2024-06-29,O,""
1721,2024-07-05,O,""
1721,2024-07-09,O,""
1721,2024-07-14,O,""
1721,2024-07-19,C,""
1721,2024-07-21,O,""
1721,2024-07-22,O,""
1721,2024-07-25,X,""
1721,2024-07-31,D,""
1721,2024-08-06,O,""
1721,2024-08-08,O,""
1721,2024-08-20,O,""
1721,2024-08-23,O,""
1721,2024-08-24,O,""
1721,2024-09-02,X,""
1721,2024-09-04,O,""
1721,2024-09-05,O,""
1721,2024-09-06,O,""
1721,2024-09-11,B,""
1721,2024-09-19,B,""
1721,2024-09-29,O,""
1721,2024-09-30,O,""
1729,2024-05-28,O,""
1729,2024-05-30,O,""
1729,2024-06-10,O,""
1729,2024-06-11,O,""
1729,2024-06-24,O,""
1729,2024-06-26,O,""
1729,2024-06-27,O,""
1729,2024-07-03,O,""
1729,2024-07-07,O,""
1729,2024-07-09,O,""
1421,2024-06-04,O,""
1421,2024-06-08,B,""
1421,2024-06-09,O,""
1421,2024-06-10,O,""
1421,2024-06-20,O,""
1421,2024-06-22,O,""
1421,2024-06-23,O,""
1421,2024-06-26,O,""
1421,2024-07-05,O,""
1421,2024-07-07,B,""
1421,2024-07-08,O,""
1421,2024-07-25,O,""
1421,2024-08-04,O,""
1421,2024-08-14,O,""
1421,2024-08-31,O,""
1421,2024-09-01,O,""
1421,2024-09-04,X,""
1421,2024-09-07,C,""
1421,2024-09-09,B,""
1249,2024-05-29,O,""
1249,2024-05-30,O,""
1249,2024-05-31,O,""
1249,2024-06-09,O,""
1249,2024-06-10,O,""
1249,2024-06-12,B,""
1249,2024-06-13,B,""
1249,2024-06-18,B,""
1249,2024-06-20,O,""
1249,2024-06-21,O,""
1249,2024-06-23,O,""
1249,2024-06-25,O,""
1249,2024-06-26,O,""
1249,2024-06-30,O,""
1249,2024-07-07,O,""
1249,2024-07-10,O,""
1249,2024-07-15,X,""
1249,2024-07-17,B,""
1249,2024-07-19,O,""
1249,2024-07-27,O,""
1249,2024-07-30,O,""
1249,2024-08-01,O,""
1249,2024-08-02,O,""
1249,2024-08-05,O,""
1249,2024-08-06,O,""
1292,2024-05-29,O,""
1292,2024-05-31,O,""
1292,2024-06-02,O,""
1292,2024-06-03,O,""
1292,2024-06-07,O,""
1292,2024-06-14,B,""
1292,2024-07-10,O,""
1292,2024-07-12,O,""
1292,2024-07-13,B,""
1292,2024-07-21,O,""
1292,2024-07-23,B,""
1292,2024-08-01,O,""
1292,2024-08-07,O,""
1292,2024-08-09,N,""
1292,2024-08-12,O,""
1292,2024-08-14,O,""
1292,2024-08-17,O,""
1292,2024-08-18,O,""
1260,2024-06-07,O,""
1260,2024-06-08,O,""
1260,2024-06-10,O,""
1260,2024-06-12,B,""
1260,2024-06-16,O,""
1260,2024-06-19,O,""
1260,2024-06-20,O,""
1260,2024-06-22,O,""
1260,2024-06-23,B,""
1260,2024-06-27,O,""
1260,2024-06-28,X,""
1260,2024-06-30,O,""
1260,2024-07-03,O,""
1260,2024-07-11,O,""
1260,2024-07-13,O,""
1260,2024-07-20,O,""
1260,2024-07-25,O,""
1260,2024-07-28,O,""
1260,2024-08-01,X,""
1260,2024-08-02,O,""
1260,2024-08-05,O,""
1424,2024-06-07,O,""
1424,2024-06-14,O,""
1424,2024-06-20,O,""
1424,2024-06-23,O,""
1424,2024-06-28,O,""
1424,2024-06-29,X,""
1424,2024-07-03,O,""
1424,2024-07-05,O,""
1424,2024-07-10,O,""
1424,2024-07-21,O,""
1424,2024-07-23,O,""
1424,2024-08-02,O,""
1424,2024-08-05,O,""
1424,2024-08-07,C,""
1424,2024-08-09,O,""
1424,2024-08-10,O,""
1424,2024-08-11,X,""
1424,2024-08-14,N,""
1424,2024-08-15,O,""
1424,2024-08-18,O,""
1424,2024-08-20,O,""
1644,2024-05-28,O,""
1644,2024-05-30,O,""
1644,2024-06-07,O,""
1644,2024-06-08,O,""
1644,2024-06-11,O,""
1644,2024-06-13,O,""
1644,2024-06-15,C,""
1644,2024-06-28,O,""
1644,2024-06-30,O,""
1644,2024-07-04,O,""
1470,2024-06-06,B,""
1470,2024-06-09,O,""
1470,2024-06-11,X,""
1470,2024-06-25,B,""
1470,2024-06-30,O,""
1470,2024-07-01,O,""
1470,2024-07-02,O,""
1470,2024-07-13,O,""
1470,2024-07-16,O,""
1470,2024-07-17,O,""
1470,2024-07-21,B,""
1470,2024-07-29,O,""
1470,2024-08-02,C,""
1470,2024-08-06,X,""
1470,2024-08-10,O,""
1470,2024-08-11,B,""
1470,2024-08-22,O,""
1470,2024-08-29,B,""
1352,2024-05-31,O,""
1352,2024-06-03,B,""
1352,2024-06-05,O,""
1352,2024-06-09,O,""
1352,2024-06-12,O,""
1352,2024-06-15,O,""
1352,2024-06-17,O,""
1352,2024-06-18,O,""
1352,2024-06-21,O,""
1352,2024-06-26,O,""
1352,2024-07-03,O,""
1352,2024-07-04,O,""
1352,2024-07-06,B,""
1352,2024-07-09,O,""
1352,2024-07-11,O,""
1352,2024-07-17,O,""
1352,2024-07-21,X,""
1352,2024-07-23,C,""
1352,2024-07-27,O,""
1352,2024-07-29,O,""
1352,2024-08-05,O,""
1352,2024-08-06,O,""
1352,2024-08-08,X,""
1352,2024-08-13,X,""
1352,2024-08-21,O,""
1352,2024-08-22,O,""
1352,2024-08-23,B,""
1589,2024-05-28,O,""
1589,2024-05-29,O,""
1589,2024-05-31,B,""
1589,2024-06-06,O,""
1589,2024-06-10,O,""
1589,2024-06-11,O,""
1589,2024-06-12,X,""
1589,2024-06-20,O,""
1589,2024-06-21,O,""
1589,2024-06-28,O,""
1589,2024-06-29,O,""
1589,2024-07-01,O,""
1589,2024-07-05,O,""
1589,2024-07-10,O,""
1589,2024-07-12,C,""
1589,2024-07-13,O,""
1589,2024-07-17,O,""
1589,2024-07-19,O,""
1589,2024-07-23,O,""
1589,2024-07-29,O,""
1589,2024-07-30,O,""
1589,2024-08-05,O,""
1709,2024-06-13,O,""
1709,2024-06-15,B,""
1709,2024-06-16,O,""
1709,2024-06-18,O,""
1709,2024-06-19,O,""
1709,2024-06-24,O,""
1709,2024-06-26,O,""
1709,2024-06-28,O,""
1709,2024-06-30,O,""
1709,2024-07-02,B,""
1709,2024-07-03,O,""
1709,2024-07-04,O,""
1709,2024-07-09,O,""
1709,2024-07-17,O,""
1709,2024-07-22,O,""
1709,2024-07-26,O,""
1709,2024-07-28,X,""
1709,2024-07-29,B,""
1709,2024-08-19,B,""
1709,2024-08-23,O,""
1709,2024-08-24,B,""
1709,2024-08-29,O,""
1709,2024-08-31,O,""
1709,2024-09-02,X,""
1709,2024-09-06,O,""
1709,2024-09-12,O,""
1709,2024-09-14,B,""
1709,2024-09-23,O,""
1350,2024-05-26,O,""
1350,2024-05-27,O,""
1350,2024-05-30,O,""
1350,2024-05-31,O,""
1350,2024-06-07,C,""
1350,2024-06-08,O,""
1350,2024-06-10,O,""
1350,2024-06-11,O,""
1350,2024-06-13,O,""
1350,2024-06-15,O,""
1350,2024-06-18,O,""
1350,2024-06-20,O,""
1350,2024-06-22,O,""
1350,2024-06-24,B,""
1350,2024-06-26,B,""
1350,2024-06-30,X,""
1350,2024-07-05,O,""
1350,2024-07-11,B,""
1350,2024-07-19,O,""
1350,2024-07-21,O,""
1448,2024-06-11,O,""
1448,2024-06-14,O,""
1448,2024-06-19,O,""
1448,2024-06-22,O,""
1448,2024-06-24,O,""
1448,2024-06-27,O,""
1448,2024-07-01,B,""
1448,2024-07-03,O,""
1448,2024-07-04,O,""
1448,2024-07-10,O,""
1448,2024-07-12,O,""
1448,2024-07-15,O,""
1448,2024-07-20,C,""
1448,2024-07-22,O,""
1448,2024-07-28,C,""
1448,2024-07-30,O,""
1448,2024-08-03,O,""
1448,2024-08-07,O,""
1448,2024-08-11,O,""
1448,2024-08-13,O,""
1448,2024-08-14,O,""
1448,2024-08-15,O,""
1448,2024-08-20,O,""
1448,2024-09-07,X,""
1448,2024-09-11,O,""
1713,2024-05-29,O,""
1713,2024-05-30,O,""
1713,2024-06-04,O,""
1713,2024-06-05,O,""
1713,2024-06-14,B,""
1713,2024-06-15,X,""
1713,2024-06-16,O,""
1713,2024-06-20,O,""
1713,2024-06-23,O,""
1713,2024-06-25,O,""
1713,2024-07-08,O,""
1713,2024-07-11,B,""
1713,2024-07-12,O,""
1713,2024-07-13,O,""
1713,2024-07-16,O,""
1713,2024-07-21,B,""
1713,2024-07-27,X,""
1713,2024-07-29,O,""
1713,2024-07-30,O,""
1713,2024-08-05,O,""
1713,2024-08-12,B,""
1713,2024-08-15,B,""
1713,2024-08-16,O,""
1713,2024-08-18,O,""
1713,2024-08-23,O,""
1713,2024-08-24,O,""
1713,2024-08-26,O,""
1713,2024-08-27,O,""
1713,2024-08-30,O,""
1713,2024-09-02,X,""
1713,2024-09-05,O,""
1713,2024-09-08,O,""
1713,2024-09-10,X,""
1713,2024-09-11,O,""
1713,2024-09-16,X,""
1713,2024-09-17,X,""
1713,2024-09-20,B,""
1713,2024-09-27,O,""
1360,2024-05-30,D,""
1360,2024-06-03,O,""
1360,2024-06-06,O,""
1360,2024-06-10,O,""
1360,2024-06-11,O,""
1360,2024-06-13,X,""
1360,2024-06-15,O,""
1360,2024-06-20,O,""
1360,2024-06-25,O,""
1360,2024-06-26,B,""
1360,2024-06-29,O,""
1360,2024-07-01,O,""
1360,2024-07-07,O,""
1360,2024-07-10,O,""
1360,2024-07-16,O,""
1360,2024-07-17,O,""
1360,2024-07-18,B,""
1360,2024-07-21,O,""
1360,2024-07-22,O,""
1360,2024-07-29,O,""
1360,2024-07-31,B,""
1360,2024-08-07,O,""
1360,2024-08-08,B,""
1360,2024-08-16,O,""
1656,2024-06-12,O,""
1656,2024-06-14,O,""
1656,2024-06-16,O,""
1656,2024-06-22,D,""
1656,2024-06-26,O,""
1656,2024-06-27,B,""
1656,2024-06-28,O,""
1656,2024-07-01,O,""
1656,2024-07-06,B,""
1656,2024-07-10,C,""
1656,2024-07-21,O,""
1656,2024-07-24,O,""
1331,2024-06-02,O,""
1331,2024-06-06,B,""
1331,2024-06-12,O,""
1331,2024-06-25,B,""
1331,2024-06-27,O,""
1331,2024-06-29,O,""
1331,2024-07-02,O,""
1331,2024-07-03,O,""
1331,2024-07-08,O,""
1331,2024-07-11,X,""
1331,2024-07-16,O,""
1331,2024-07-18,O,""
1331,2024-07-19,O,""
1331,2024-07-21,O,""
1331,2024-07-23,X,""
1331,2024-08-01,O,""
1331,2024-08-02,C,""
1331,2024-08-03,O,""
1331,2024-08-04,O,""
1331,2024-08-05,B,""
1331,2024-08-06,O,""
1331,2024-08-10,O,""
1331,2024-08-14,B,""
1331,2024-08-15,C,""
1331,2024-08-21,O,""
1331,2024-08-22,O,""
1331,2024-08-25,X,""
1331,2024-08-26,O,""
1331,2024-08-27,O,""
1331,2024-09-01,O,""
1331,2024-09-04,X,""
1623,2024-05-31,O,""
1623,2024-06-01,O,""
1623,2024-06-05,O,""
1623,2024-06-06,O,""
1623,2024-06-07,D,""
1623,2024-06-10,B,""
1623,2024-06-16,O,""
1623,2024-06-27,O,""
1623,2024-06-28,B,""
1623,2024-07-02,O,""
1623,2024-07-04,O,""
1742,2024-05-15,O,""
1742,2024-05-22,O,""
1742,2024-05-23,O,""
1742,2024-05-25,O,""
1742,2024-05-27,O,""
1742,2024-05-30,O,""
1742,2024-06-01,O,""
1742,2024-06-03,O,""
1742,2024-06-05,B,""
1742,2024-06-07,X,""
1742,2024-06-16,C,""
1742,2024-06-18,O,""
1742,2024-06-22,O,""
1742,2024-06-29,O,""
1742,2024-06-30,O,""
1742,2024-07-03,O,""
1742,2024-07-05,O,""
1742,2024-07-08,O,""
1742,2024-07-12,O,""
1742,2024-07-17,O,""
1742,2024-07-19,O,""
1742,2024-07-22,O,""
1742,2024-07-28,O,""
1742,2024-08-02,B,""
1742,2024-08-06,O,""
1742,2024-08-10,O,""
1742,2024-08-12,X,""
1742,2024-08-13,O,""
1742,2024-08-14,O,""
1742,2024-08-29,O,""
1742,2024-09-01,O,""
1742,2024-09-05,O,""
1742,2024-09-06,X,""
1742,2024-09-08,B,""
1617,2024-05-10,O,""
1617,2024-05-11,O,""
1617,2024-05-13,O,""
1617,2024-05-15,O,""
1617,2024-05-16,O,""
1617,2024-05-23,O,""
1617,2024-06-07,O,""
1617,2024-06-08,O,""
1617,2024-06-09,O,""
1617,2024-06-11,O,""
1617,2024-06-13,O,""
1617,2024-06-14,O,""
1617,2024-06-15,O,""
1336,2024-05-26,X,""
1336,2024-05-27,X,""
1336,2024-05-28,B,""
1336,2024-05-29,O,""
1336,2024-05-30,O,""
1336,2024-06-02,O,""
1336,2024-06-09,O,""
1336,2024-06-15,O,""
1336,2024-06-20,O,""
1336,2024-06-22,O,""
1336,2024-06-24,O,""
1336,2024-06-27,O,""
1336,2024-07-01,O,""
1336,2024-07-13,O,""
1336,2024-07-22,O,""
1336,2024-07-26,B,""
1336,2024-07-30,O,""
1336,2024-08-04,O,""
1336,2024-08-07,O,""
1336,2024-08-09,O,""
1336,2024-08-12,B,""
1336,2024-08-14,O,""
1278,2024-05-14,O,""
1278,2024-05-18,O,""
1278,2024-05-25,O,""
1278,2024-05-26,O,""
1278,2024-05-28,O,""
1278,2024-06-03,O,""
1278,2024-06-04,O,""
1278,2024-06-06,X,""
1278,2024-06-07,O,""
1278,2024-06-14,O,""
1278,2024-06-16,C,""
1278,2024-07-04,O,""
1278,2024-07-09,O,""
1278,2024-07-11,O,""
1278,2024-07-15,O,""
1278,2024-07-21,O,""
1278,2024-07-22,O,""
1278,2024-07-29,O,""
1278,2024-08-01,O,""
1278,2024-08-07,O,""
1278,2024-08-09,O,""
1278,2024-08-10,B,""
1278,2024-08-18,O,""
1278,2024-08-20,B,""
1278,2024-08-21,O,""
1278,2024-08-22,O,""
1278,2024-08-27,O,""
1278,2024-09-01,O,""
1278,2024-09-02,O,""
1278,2024-09-03,X,""
1278,2024-09-07,O,""
1278,2024-09-08,X,""
1278,2024-09-11,O,""
1278,2024-09-13,O,""
1278,2024-09-14,B,""
1278,2024-09-19,O,""
1278,2024-09-22,O,""
1278,2024-09-27,O,""
1355,2024-05-10,B,""
1355,2024-05-11,N,""
1355,2024-05-12,O,""
1355,2024-05-13,O,""
1355,2024-05-14,O,""
1355,2024-05-18,X,""
1355,2024-05-21,O,""
1355,2024-05-24,O,""
1355,2024-05-26,O,""
1355,2024-05-29,O,""
1355,2024-05-31,O,""
1355,2024-06-05,O,""
1355,2024-06-11,B,""
1355,2024-06-18,B,""
1355,2024-06-29,O,""
1355,2024-07-01,O,""
1355,2024-07-06,B,""
1355,2024-07-09,X,""
1355,2024-07-19,B,""
1355,2024-07-20,O,""
1355,2024-07-21,X,""
1355,2024-07-23,O,""
1355,2024-07-24,D,""
1355,2024-07-26,O,""
1355,2024-07-28,O,""
1445,2024-05-18,O,""
1445,2024-05-19,O,""
1445,2024-05-23,O,""
1445,2024-05-26,O,""
1445,2024-05-28,O,""
1445,2024-05-30,O,""
1445,2024-06-01,O,""
1445,2024-06-05,O,""
1445,2024-06-15,O,""
1445,2024-06-26,O,""
1445,2024-07-03,O,""
1445,2024-07-06,O,""
1445,2024-07-09,O,""
1445,2024-07-14,O,""
1445,2024-07-20,O,""
1445,2024-07-23,O,""
1445,2024-07-30,O,""
1445,2024-08-08,O,""
1513,2024-05-12,O,""
1513,2024-05-13,O,""
1513,2024-05-18,X,""
1513,2024-05-21,O,""
1513,2024-05-23,O,""
1513,2024-05-26,B,""
1513,2024-05-27,X,""
1513,2024-05-31,O,""
1513,2024-06-02,O,""
1513,2024-06-03,B,""
1513,2024-06-04,O,""
1513,2024-06-06,O,""
1513,2024-06-08,O,""
1513,2024-06-11,O,""
1513,2024-06-14,O,""
1513,2024-06-19,O,""
1513,2024-06-21,X,""
1513,2024-06-22,O,""
1513,2024-06-25,B,""
1513,2024-06-29,O,""
1513,2024-06-30,O,""
1513,2024-07-06,O,""
1513,2024-07-11,O,""
1513,2024-07-16,O,""
1513,2024-07-20,O,""
1513,2024-07-22,D,""
1513,2024-07-28,X,""
1513,2024-07-30,O,""
1513,2024-07-31,O,""
1513,2024-08-02,O,""
1513,2024-08-08,O,""
1513,2024-08-20,O,""
1513,2024-08-21,B,""
1513,2024-08-23,O,""
1513,2024-08-25,O,""
1513,2024-08-26,O,""
1513,2024-09-01,B,""
1513,2024-09-02,O,""
1513,2024-09-05,O,""
1513,2024-09-08,B,""
1513,2024-09-11,O,""
1513,2024-09-14,O,""
1430,2024-05-14,O,""
1430,2024-05-18,O,""
1430,2024-05-19,O,""
1430,2024-05-23,O,""
1430,2024-05-28,O,""
1430,2024-05-29,O,""
1430,2024-05-31,B,""
1430,2024-06-06,O,""
1430,2024-06-07,O,""
1430,2024-06-15,X,""
1430,2024-06-18,O,""
1430,2024-06-21,O,""
1430,2024-06-27,O,""
1354,2024-05-19,O,""
1354,2024-05-26,B,""
1354,2024-05-29,O,""
1354,2024-05-30,O,""
1354,2024-05-31,O,""
1354,2024-06-07,O,""
1354,2024-06-11,O,""
1354,2024-06-13,O,""
1354,2024-06-14,C,""
1354,2024-06-15,X,""
1354,2024-06-17,O,""
1354,2024-06-18,X,""
1354,2024-06-26,B,""
1354,2024-06-28,O,""
1354,2024-07-01,O,""
1354,2024-07-06,O,""
1354,2024-07-08,O,""
1354,2024-07-13,O,""
1354,2024-07-15,O,""
1354,2024-07-18,O,""
1354,2024-07-27,O,""
1354,2024-07-28,O,""
1354,2024-07-31,O,""
1354,2024-08-04,O,""
1354,2024-08-11,O,""
1354,2024-08-15,O,""
1354,2024-08-18,O,""
1354,2024-08-21,O,""
1354,2024-08-24,O,""
1354,2024-08-25,B,""
1354,2024-08-31,B,""
1354,2024-09-02,X,""
1354,2024-09-05,B,""
1354,2024-09-07,O,""
1354,2024-09-08,X,""
1354,2024-09-13,O,""
1332,2024-05-13,X,""
1332,2024-05-14,O,""
1332,2024-05-15,O,""
1332,2024-05-17,O,""
1332,2024-05-22,O,""
1332,2024-05-26,B,""
1332,2024-05-27,O,""
1332,2024-05-28,O,""
1332,2024-05-30,O,""
1332,2024-05-31,O,""
1332,2024-06-04,O,""
1332,2024-06-14,O,""
1332,2024-06-16,O,""
1332,2024-06-28,O,""
1332,2024-07-03,O,""
1332,2024-07-09,O,""
1332,2024-07-26,O,""
1332,2024-08-01,O,""
1696,2024-05-09,O,""
1696,2024-05-11,O,""
1696,2024-05-17,O,""
1696,2024-05-24,O,""
1696,2024-05-27,O,""
1696,2024-05-29,X,""
1696,2024-05-31,O,""
1696,2024-06-04,O,""
1696,2024-06-09,O,""
1696,2024-06-10,O,""
1696,2024-06-11,O,""
1696,2024-06-13,O,""
1696,2024-06-16,O,""
1696,2024-06-21,O,""
1696,2024-06-22,O,""
1662,2024-05-20,O,""
1662,2024-05-23,O,""
1662,2024-05-28,O,""
1662,2024-05-30,X,""
1662,2024-05-31,O,""
1662,2024-06-11,O,""
1662,2024-06-12,B,""
1662,2024-06-15,B,""
1662,2024-06-24,O,""
1662,2024-07-05,O,""
1662,2024-07-07,O,""
1662,2024-07-13,O,""
1662,2024-07-24,O,""
1662,2024-07-26,X,""
1662,2024-07-27,B,""
1662,2024-07-29,O,""
1662,2024-07-30,O,""
1662,2024-07-31,B,""
1662,2024-08-22,B,""
1662,2024-08-26,C,""
1662,2024-08-31,C,""
1662,2024-09-01,O,""
1662,2024-09-02,O,""
1662,2024-09-05,X,""
1662,2024-09-08,O,""
1662,2024-09-09,O,""
1662,2024-09-11,O,""
1662,2024-09-13,O,""
1662,2024-09-19,X,""
1662,2024-09-20,O,""
1662,2024-09-23,B,""
1662,2024-09-24,O,""
1706,2024-05-10,O,""
1706,2024-05-13,O,""
1706,2024-05-19,O,""
1706,2024-05-22,O,""
1706,2024-05-24,C,""
1706,2024-05-27,O,""
1706,2024-05-29,O,""
1706,2024-06-06,O,""
1706,2024-06-19,B,""
1706,2024-06-20,B,""
1706,2024-06-23,O,""
1706,2024-06-28,X,""
1462,2024-05-14,B,""
1462,2024-05-15,O,""
1462,2024-05-16,O,""
1462,2024-05-19,O,""
1462,2024-05-21,O,""
1462,2024-05-24,O,""
1462,2024-05-26,O,""
1462,2024-05-28,O,""
1462,2024-05-29,O,""
1462,2024-06-08,B,""
1462,2024-06-11,O,""
1462,2024-06-18,B,""
1462,2024-06-20,O,""
1462,2024-06-21,O,""
1462,2024-06-25,O,""
1462,2024-06-27,O,""
1462,2024-07-06,O,""
1462,2024-07-09,O,""
1462,2024-07-10,O,""
1462,2024-07-12,O,""
1462,2024-07-16,O,""
1462,2024-07-17,X,""
1462,2024-08-01,O,""
1462,2024-08-07,O,""
1462,2024-08-08,B,""
1410,2024-05-20,O,""
1410,2024-05-21,O,""
1410,2024-05-22,O,""
1410,2024-05-28,O,""
1410,2024-06-03,O,""
1410,2024-06-11,O,""
1410,2024-06-18,O,""
1410,2024-06-29,C,""
1410,2024-07-05,B,""
1410,2024-07-09,O,""
1410,2024-07-11,B,""
1410,2024-07-13,O,""
1410,2024-07-16,O,""
1410,2024-07-17,O,""
1410,2024-07-18,O,""
1410,2024-07-21,O,""
1410,2024-07-23,X,""
1410,2024-07-24,B,""
1410,2024-07-25,B,""
1410,2024-07-26,O,""
1410,2024-07-27,O,""
1410,2024-07-30,O,""
1410,2024-08-03,B,""
1410,2024-08-06,O,""
1410,2024-08-10,O,""
1410,2024-08-12,O,""
1410,2024-08-13,O,""
1410,2024-08-16,O,""
1410,2024-08-19,X,""
1410,2024-08-21,O,""
1410,2024-08-22,O,""
1346,2024-05-10,O,""
1346,2024-05-11,O,""
1346,2024-05-12,O,""
1346,2024-05-15,B,""
1346,2024-05-19,C,""
1346,2024-05-21,O,""
1346,2024-05-22,O,""
1346,2024-05-25,B,""
1346,2024-05-28,O,""
1346,2024-05-31,O,""
1346,2024-06-02,O,""
1346,2024-06-06,O,""
1346,2024-06-14,O,""
1346,2024-06-21,B,""
1346,2024-07-02,C,""
1346,2024-07-08,O,""
1346,2024-07-09,B,""
1346,2024-07-13,O,""
1346,2024-07-14,O,""
1346,2024-07-15,B,""
1346,2024-07-20,O,""
1346,2024-07-22,O,""
1346,2024-07-26,O,""
1346,2024-07-28,B,""
1346,2024-07-29,O,""
1346,2024-07-31,O,""
1346,2024-08-04,O,""
1346,2024-08-09,O,""
1346,2024-08-11,O,""
1346,2024-08-12,B,""
1346,2024-08-14,O,""
1340,2024-05-14,O,""
1340,2024-05-17,B,""
1340,2024-05-21,O,""
1340,2024-05-23,O,""
1340,2024-05-25,X,""
1340,2024-05-28,O,""
1340,2024-06-01,O,""
1340,2024-06-15,O,""
1340,2024-06-18,O,""
1340,2024-06-20,O,""
1340,2024-06-25,O,""
1340,2024-06-27,O,""
1340,2024-07-02,O,""
1340,2024-07-04,O,""
1340,2024-07-13,B,""
1317,2024-05-15,O,""
1317,2024-05-16,O,""
1317,2024-05-18,O,""
1317,2024-05-20,O,""
1317,2024-05-22,B,""
1317,2024-05-23,X,""
1317,2024-05-26,O,""
1317,2024-05-27,O,""
1317,2024-05-28,B,""
1317,2024-05-29,O,""
1317,2024-05-30,O,""
1317,2024-06-03,O,""
1317,2024-06-04,N,""
1317,2024-06-05,O,""
1317,2024-06-06,O,""
1317,2024-06-14,O,""
1317,2024-06-17,O,""
1317,2024-06-26,D,""
1317,2024-07-03,B,""
1317,2024-07-05,O,""
1317,2024-07-09,O,""
1317,2024-07-14,O,""
1533,2024-05-17,O,""
1533,2024-05-24,O,""
1533,2024-05-26,O,""
1533,2024-05-27,C,""
1533,2024-05-30,O,""
1533,2024-06-02,O,""
1533,2024-06-07,O,""
1533,2024-06-12,O,""
1687,2024-05-10,O,""
1687,2024-05-16,X,""
1687,2024-05-17,O,""
1687,2024-05-20,O,""
1687,2024-05-26,X,""
1687,2024-05-28,B,""
1687,2024-05-30,B,""
1687,2024-06-02,B,""
1687,2024-06-05,O,""
1687,2024-06-06,O,""
1687,2024-06-08,B,""
1687,2024-06-20,B,""
1687,2024-06-21,O,""
1687,2024-06-23,O,""
1687,2024-06-27,O,""
1687,2024-06-30,O,""
1687,2024-07-01,O,""
1687,2024-07-03,O,""
1687,2024-07-08,O,""
1687,2024-07-16,O,""
1687,2024-07-24,O,""
1687,2024-07-28,C,""
1687,2024-08-03,O,""
1687,2024-08-13,O,""
1687,2024-08-16,O,""
1687,2024-08-20,O,""
1687,2024-08-23,O,""
1745,2024-05-13,O,""
1745,2024-05-15,O,""
1745,2024-05-16,X,""
1745,2024-05-17,B,""
1745,2024-05-21,O,""
1745,2024-05-23,O,""
1745,2024-05-25,O,""
1745,2024-06-08,O,""
1745,2024-06-10,O,""
1745,2024-06-12,O,""
1745,2024-06-13,O,""
1745,2024-06-14,O,""
1745,2024-06-17,O,""
1745,2024-06-18,X,""
1745,2024-06-19,O,""
1745,2024-06-24,B,""
1745,2024-07-04,O,""
1745,2024-07-05,O,""
1745,2024-07-06,O,""
1745,2024-07-09,O,""
1745,2024-07-13,B,""
1745,2024-07-20,B,""
1745,2024-07-27,O,""
1745,2024-08-03,B,""
1745,2024-08-06,O,""
1745,2024-08-10,O,""
1745,2024-08-12,B,""
1745,2024-08-26,O,""
1745,2024-08-29,O,""
1456,2024-05-14,O,""
1456,2024-05-20,O,""
1456,2024-05-23,O,""
1456,2024-05-27,O,""
1456,2024-05-28,O,""
1456,2024-05-30,O,""
1456,2024-06-06,O,""
1456,2024-06-09,O,""
1456,2024-06-11,X,""
1456,2024-06-13,O,""
1456,2024-06-25,C,""
1456,2024-06-27,O,""
1456,2024-06-28,O,""
1456,2024-06-29,B,""
1456,2024-07-04,O,""
1456,2024-07-06,C,""
1456,2024-07-07,C,""
1456,2024-07-11,O,""
1456,2024-07-12,O,""
1456,2024-07-16,X,""
1456,2024-07-19,O,""
1456,2024-07-20,O,""
1456,2024-07-27,O,""
1456,2024-08-04,B,""
1456,2024-08-05,O,""
1456,2024-08-07,O,""
1456,2024-08-08,O,""
1456,2024-08-11,O,""
1456,2024-08-13,O,""
1712,2024-05-18,O,""
1712,2024-05-22,C,""
1712,2024-05-26,O,""
1712,2024-05-27,O,""
1712,2024-05-28,C,""
1712,2024-05-30,O,""
1712,2024-06-05,C,""
1712,2024-06-16,O,""
1712,2024-06-20,O,""
1712,2024-06-25,O,""
1535,2024-05-11,O,""
1535,2024-05-15,O,""
1535,2024-05-16,O,""
1535,2024-05-18,O,""
1535,2024-05-20,B,""
1535,2024-05-21,O,""
1535,2024-05-23,O,""
1535,2024-05-26,X,""
1535,2024-05-29,B,""
1535,2024-06-10,O,""
1535,2024-06-11,B,""
1535,2024-06-12,B,""
1535,2024-06-17,O,""
1243,2024-05-10,O,""
1243,2024-05-22,O,""
1243,2024-05-23,O,""
1243,2024-05-24,O,""
1243,2024-05-26,O,""
1243,2024-05-27,O,""
1243,2024-05-28,X,""
1243,2024-05-31,O,""
1243,2024-06-04,O,""
1243,2024-06-06,O,""
1243,2024-06-16,O,""
1243,2024-06-19,B,""
1243,2024-06-22,B,""
1243,2024-06-24,B,""
1243,2024-06-29,O,""
1243,2024-06-30,O,""
1243,2024-07-05,O,""
1243,2024-07-13,B,""
1243,2024-07-18,O,""
1243,2024-07-21,O,""
1243,2024-07-22,O,""
1454,2024-05-13,O,""
1454,2024-05-14,O,""
1454,2024-05-19,O,""
1454,2024-05-22,O,""
1454,2024-05-23,O,""
1454,2024-05-25,O,""
1454,2024-05-27,X,""
1454,2024-06-05,O,""
1454,2024-06-10,B,""
1454,2024-06-17,O,""
1454,2024-06-18,O,""
1454,2024-06-21,O,""
1454,2024-06-23,O,""
1454,2024-06-24,B,""
1454,2024-06-30,O,""
1454,2024-07-01,O,""
1454,2024-07-02,O,""
1454,2024-07-04,O,""
1454,2024-07-10,O,""
1454,2024-07-12,O,""
1454,2024-07-13,O,""
1454,2024-07-16,O,""
1454,2024-07-18,X,""
1454,2024-07-24,O,""
1454,2024-07-28,B,""
1454,2024-08-06,O,""
1454,2024-08-08,O,""
1454,2024-08-10,C,""
1454,2024-08-11,O,""
1454,2024-08-12,O,""
1454,2024-08-14,O,""
1454,2024-08-15,O,""
1454,2024-08-16,O,""
1454,2024-08-18,O,""
1454,2024-08-21,O,""
1454,2024-08-22,B,""
1454,2024-08-27,O,""
1454,2024-09-07,X,""
1454,2024-09-08,O,""
1454,2024-09-10,C,""
1454,2024-09-16,O,""
1454,2024-09-18,O,""
1454,2024-09-20,O,""
1454,2024-09-21,B,""
1288,2024-05-11,O,""
1288,2024-05-16,O,""
1288,2024-05-17,O,""
1288,2024-05-25,O,""
1288,2024-05-31,D,""
1288,2024-06-04,O,""
1288,2024-06-05,O,""
1288,2024-06-06,B,""
1288,2024-06-08,D,""
1288,2024-06-09,O,""
1288,2024-06-13,O,""
1288,2024-06-15,O,""
1288,2024-06-16,O,""
1288,2024-06-17,O,""
1288,2024-06-20,O,""
1288,2024-06-24,O,""
1288,2024-06-25,O,""
1288,2024-06-28,O,""
1288,2024-06-30,C,""
1288,2024-07-03,O,""
1288,2024-07-05,O,""
1288,2024-07-08,O,""
1288,2024-07-24,O,""
1288,2024-07-31,B,""
1288,2024-08-02,B,""
1298,2024-05-12,O,""
1298,2024-05-13,O,""
1298,2024-05-16,O,""
1298,2024-05-18,B,""
1298,2024-05-24,O,""
1298,2024-05-27,B,""
1298,2024-05-29,O,""
1298,2024-06-02,O,""
1298,2024-06-03,O,""
1298,2024-06-05,O,""
1298,2024-06-06,O,""
1298,2024-06-07,O,""
1298,2024-06-08,O,""
1298,2024-06-11,X,""
1298,2024-06-12,O,""
1298,2024-06-13,O,""
1298,2024-06-20,O,""
1298,2024-06-21,B,""
1298,2024-07-09,O,""
1298,2024-07-11,O,""
1298,2024-07-13,O,""
1298,2024-07-17,O,""
1298,2024-07-21,O,""
1298,2024-07-24,C,""
1298,2024-07-27,O,""
1298,2024-07-28,O,""
1298,2024-08-04,O,""
1298,2024-08-07,O,""
1298,2024-08-11,X,""
1298,2024-08-13,O,""
1298,2024-08-15,O,""
1298,2024-08-17,O,""
1298,2024-08-20,O,""
1298,2024-08-22,O,""
1298,2024-09-06,O,""
1298,2024-09-07,O,""
1554,2024-05-15,O,""
1554,2024-05-19,O,""
1554,2024-05-21,O,""
1554,2024-05-25,O,""
1554,2024-05-26,O,""
1554,2024-05-27,O,""
1554,2024-05-30,B,""
1554,2024-05-31,O,""
1554,2024-06-01,O,""
1554,2024-06-13,O,""
1554,2024-06-15,O,""
1554,2024-06-16,O,""
1554,2024-06-24,X,""
1554,2024-06-25,O,""
1554,2024-06-30,O,""
1554,2024-07-02,B,""
1554,2024-07-03,O,""
1554,2024-07-06,O,""
1554,2024-07-07,O,""
1554,2024-07-11,O,""
1554,2024-07-17,O,""
1554,2024-07-25,O,""
1554,2024-07-27,O,""
1554,2024-07-28,B,""
1554,2024-08-02,O,""
1554,2024-08-03,O,""
1554,2024-08-15,O,""
1554,2024-08-21,X,""
1554,2024-08-25,O,""
1554,2024-08-30,O,""
1554,2024-09-01,O,""
1554,2024-09-03,X,""
1554,2024-09-09,O,""
1554,2024-09-15,O,""
1554,2024-09-17,C,""
1554,2024-09-20,O,""
1554,2024-09-24,B,""
1554,2024-09-25,C,""
1554,2024-09-29,O,""
1641,2024-05-17,O,""
1641,2024-05-19,O,""
1641,2024-05-21,O,""
1641,2024-05-22,B,""
1641,2024-05-26,O,""
1641,2024-05-27,O,""
1641,2024-05-28,O,""
1641,2024-05-31,O,""
1641,2024-06-06,O,""
1641,2024-06-07,B,""
1641,2024-06-10,O,""
1641,2024-06-20,O,""
1641,2024-06-27,O,""
1641,2024-07-02,O,""
1641,2024-07-06,O,""
1641,2024-07-07,O,""
1641,2024-07-08,B,""
1641,2024-07-11,O,""
1641,2024-07-18,B,""
1641,2024-07-22,O,""
1641,2024-07-25,O,""
1641,2024-07-28,B,""
1641,2024-08-06,O,""
1641,2024-08-07,O,""
1641,2024-08-09,O,""
1641,2024-08-10,B,""
1641,2024-08-11,O,""
1282,2024-05-16,O,""
1282,2024-05-22,X,""
1282,2024-05-25,O,""
1282,2024-05-28,O,""
1282,2024-05-30,O,""
1282,2024-05-31,O,""
1282,2024-06-01,O,""
1282,2024-06-02,C,""
1282,2024-06-05,O,""
1282,2024-06-06,B,""
1282,2024-06-08,B,""
1282,2024-06-10,O,""
1282,2024-06-13,B,""
1282,2024-06-15,O,""
1282,2024-06-21,O,""
1282,2024-06-22,O,""
1282,2024-06-27,O,""
1282,2024-06-28,O,""
1282,2024-06-29,O,""
1282,2024-07-02,O,""
1282,2024-07-05,X,""
1282,2024-07-06,O,""
1282,2024-07-07,O,""
1282,2024-07-08,O,""
1282,2024-07-09,O,""
1282,2024-07-14,O,""
1282,2024-07-16,B,""
1282,2024-07-20,O,""
1282,2024-07-23,C,""
1282,2024-07-28,O,""
1282,2024-08-03,O,""
1282,2024-08-04,O,""
1282,2024-08-06,O,""
1282,2024-08-08,O,""
1282,2024-08-09,O,""
1282,2024-08-11,O,""
1282,2024-08-27,B,""
1775,2024-05-23,O,""
1775,2024-05-26,O,""
1775,2024-05-29,O,""
1775,2024-06-04,O,""
1775,2024-06-05,O,""
1775,2024-06-06,O,""
1775,2024-06-10,O,""
1775,2024-06-11,B,""
1775,2024-06-15,O,""
1775,2024-06-21,O,""
1775,2024-06-25,O,""
1775,2024-07-03,O,""
1775,2024-07-09,B,""
1775,2024-07-13,B,""
1775,2024-07-21,O,""
1775,2024-07-22,O,""
1775,2024-07-25,O,""
1775,2024-07-26,O,""
1775,2024-07-27,O,""
1775,2024-07-30,O,""
1775,2024-08-02,O,""
1775,2024-08-03,O,""
1775,2024-08-05,O,""
1775,2024-08-06,D,""
1775,2024-08-07,B,""
1775,2024-08-08,O,""
1287,2024-05-19,O,""
1287,2024-05-20,O,""
1287,2024-05-21,O,""
1287,2024-05-23,O,""
1287,2024-05-25,O,""
1287,2024-05-26,O,""
1287,2024-05-27,O,""
1287,2024-05-29,O,""
1287,2024-05-30,O,""
1287,2024-05-31,O,""
1287,2024-06-01,O,""
1287,2024-06-14,B,""
1287,2024-06-15,O,""
1287,2024-06-19,O,""
1287,2024-06-20,O,""
1287,2024-06-22,O,""
1287,2024-06-23,O,""
1287,2024-06-24,O,""
1287,2024-06-25,O,""
1287,2024-06-26,C,""
1287,2024-06-30,O,""
1287,2024-07-02,O,""
1287,2024-07-03,O,""
1287,2024-07-04,O,""
1287,2024-07-07,X,""
1287,2024-07-12,O,""
1287,2024-07-16,B,""
1287,2024-07-25,X,""
1287,2024-07-31,B,""
1287,2024-08-08,O,""
1287,2024-08-09,O,""
1197,2024-05-14,X,""
1197,2024-05-15,O,""
1197,2024-05-17,O,""
1197,2024-05-20,O,""
1197,2024-05-22,O,""
1197,2024-05-24,O,""
1197,2024-05-25,B,""
1197,2024-06-06,O,""
1197,2024-06-08,B,""
1197,2024-06-09,D,""
1197,2024-06-10,O,""
1197,2024-06-27,O,""
1197,2024-06-29,O,""
1197,2024-07-01,O,""
1197,2024-07-03,O,""
1197,2024-07-05,O,""
1197,2024-07-07,X,""
1197,2024-07-09,O,""
1197,2024-07-16,O,""
1197,2024-07-22,O,""
1197,2024-07-23,O,""
1197,2024-07-26,O,""
1197,2024-08-02,O,""
1197,2024-08-03,O,""
1197,2024-08-05,O,""
1197,2024-08-06,O,""
1197,2024-08-11,O,""
1197,2024-08-15,O,""
1197,2024-08-20,O,""
1603,2024-05-15,O,""
1603,2024-05-19,O,""
1603,2024-05-21,O,""
1603,2024-05-22,O,""
1603,2024-05-25,X,""
1603,2024-05-27,O,""
1603,2024-05-28,C,""
1603,2024-06-01,O,""
1603,2024-06-05,O,""
1603,2024-06-10,O,""
1603,2024-06-17,D,""
1603,2024-06-18,O,""
1603,2024-06-21,O,""
1603,2024-06-23,O,""
1603,2024-06-24,O,""
1603,2024-06-30,O,""
1603,2024-07-01,O,""
1603,2024-07-09,O,""
1603,2024-07-11,O,""
1603,2024-07-13,O,""
1603,2024-07-16,O,""
1603,2024-07-21,X,""
1603,2024-07-25,O,""
1603,2024-07-27,O,""
1603,2024-08-04,O,""
1603,2024-08-06,O,""
1603,2024-08-08,O,""
1603,2024-08-12,O,""
1603,2024-08-14,O,""
1603,2024-08-19,O,""
1603,2024-08-22,O,""
1603,2024-08-24,O,""
1603,2024-08-25,O,""
1603,2024-08-26,O,""
1603,2024-09-03,O,""
1603,2024-09-05,O,""
1603,2024-09-07,O,""
1603,2024-09-10,B,""
1603,2024-09-15,O,""
1603,2024-09-17,O,""
1603,2024-09-19,O,""
1603,2024-09-20,O,""
1603,2024-09-22,B,""
1603,2024-09-23,B,""
1603,2024-09-26,B,""
1603,2024-09-28,O,""
1479,2024-05-14,O,""
1479,2024-05-17,O,""
1479,2024-05-18,O,""
1479,2024-05-19,O,""
1479,2024-05-20,O,""
1479,2024-05-25,C,""
1479,2024-05-28,X,""
1479,2024-05-31,B,""
1479,2024-06-02,O,""
1479,2024-06-05,O,""
1479,2024-06-06,O,""
1479,2024-06-08,N,""
1479,2024-06-10,O,""
1479,2024-06-12,O,""
1479,2024-06-15,X,""
1479,2024-06-18,O,""
1479,2024-06-19,O,""
1479,2024-06-21,O,""
1479,2024-06-24,O,""
1479,2024-06-26,O,""
1479,2024-06-27,O,""
1479,2024-06-28,O,""
1479,2024-07-06,O,""
1760,2024-05-15,O,""
1760,2024-05-16,B,""
1760,2024-05-17,N,""
1760,2024-05-19,O,""
1760,2024-05-28,O,""
1760,2024-05-30,O,""
1760,2024-06-03,O,""
1760,2024-06-04,O,""
1760,2024-06-15,O,""
1760,2024-06-20,O,""
1760,2024-07-04,O,""
1760,2024-07-06,O,""
1760,2024-07-10,O,""
1760,2024-07-11,O,""
1760,2024-07-12,O,""
1760,2024-07-18,O,""
1760,2024-07-20,C,""
1760,2024-07-21,X,""
1760,2024-07-22,O,""
1760,2024-07-26,O,""
1760,2024-07-27,O,""
1760,2024-07-28,X,""
1760,2024-07-31,O,""
1693,2024-05-12,O,""
1693,2024-05-14,X,""
1693,2024-05-17,O,""
1693,2024-05-18,B,""
1693,2024-05-19,O,""
1693,2024-05-26,O,""
1693,2024-05-27,O,""
1693,2024-05-28,B,""
1693,2024-05-29,O,""
1693,2024-05-30,O,""
1693,2024-06-04,B,""
1693,2024-06-05,X,""
1693,2024-06-12,O,""
1693,2024-06-14,O,""
1693,2024-06-21,O,""
1693,2024-06-28,O,""
1693,2024-07-01,O,""
1693,2024-07-07,X,""
1693,2024-07-10,O,""
1693,2024-07-12,O,""
1693,2024-07-13,O,""
1693,2024-07-16,B,""
1693,2024-07-17,O,""
1693,2024-07-18,N,""
1693,2024-07-21,B,""
1693,2024-07-23,O,""
1204,2024-05-14,O,""
1204,2024-05-15,O,""
1204,2024-05-16,O,""
1204,2024-05-17,O,""
1204,2024-05-20,O,""
1204,2024-05-27,O,""
1204,2024-05-28,C,""
1204,2024-06-02,O,""
1204,2024-06-10,O,""
1204,2024-06-11,O,""
1204,2024-06-17,O,""
1204,2024-06-27,D,""
1204,2024-06-28,O,""
1204,2024-06-29,O,""
1204,2024-07-02,O,""
1204,2024-07-13,O,""
1204,2024-07-18,B,""
1204,2024-07-27,O,""
1204,2024-07-29,O,""
1204,2024-08-04,O,""
1204,2024-08-14,B,""
1204,2024-08-15,O,""
1204,2024-08-28,X,""
1204,2024-08-29,O,""
1523,2024-05-17,O,""
1523,2024-05-18,O,""
1523,2024-05-21,O,""
1523,2024-05-24,O,""
1523,2024-05-26,O,""
1523,2024-05-27,O,""
1523,2024-05-29,O,""
1523,2024-05-31,O,""
1523,2024-06-03,X,""
1523,2024-06-05,O,""
1523,2024-06-12,O,""
1523,2024-06-13,B,""
1523,2024-06-14,O,""
1523,2024-06-17,O,""
1523,2024-06-20,O,""
1523,2024-06-25,O,""
1523,2024-06-29,O,""
1523,2024-07-03,O,""
1523,2024-07-05,C,""
1314,2024-05-09,O,""
1314,2024-05-10,O,""
1314,2024-05-13,O,""
1314,2024-05-14,O,""
1314,2024-05-17,O,""
1314,2024-05-18,O,""
1314,2024-05-20,O,""
1314,2024-05-25,O,""
1314,2024-05-27,O,""
1314,2024-05-30,O,""
1314,2024-06-03,O,""
1314,2024-06-06,O,""
1314,2024-06-07,O,""
1314,2024-06-08,O,""
1314,2024-06-09,X,""
1314,2024-06-29,B,""
1314,2024-06-30,O,""
1314,2024-07-02,X,""
1314,2024-07-06,B,""
1314,2024-07-07,O,""
1314,2024-07-08,B,""
1314,2024-07-09,O,""
1314,2024-07-16,O,""
1314,2024-07-17,O,""
1314,2024-07-21,O,""
1314,2024-07-27,C,""
1314,2024-07-28,O,""
1314,2024-07-31,O,""
1314,2024-08-01,B,""
1314,2024-08-03,O,""
1314,2024-08-04,O,""
1314,2024-08-05,B,""
1314,2024-08-16,B,""
1633,2024-05-14,B,""
1633,2024-05-17,O,""
1633,2024-05-18,O,""
1633,2024-05-19,O,""
1633,2024-05-23,O,""
1633,2024-05-25,O,""
1633,2024-06-03,O,""
1633,2024-06-04,O,""
1633,2024-06-10,O,""
1633,2024-06-12,O,""
1633,2024-06-14,O,""
1633,2024-06-15,O,""
1633,2024-06-23,O,""
1633,2024-07-08,B,""
1633,2024-07-10,O,""
1633,2024-07-11,O,""
1633,2024-07-20,O,""
1633,2024-07-26,O,""
1633,2024-07-27,O,""
1633,2024-07-30,C,""
1633,2024-08-01,O,""
1633,2024-08-02,O,""
1304,2024-05-16,C,""
1304,2024-05-24,O,""
1304,2024-05-26,O,""
1304,2024-05-29,O,""
1304,2024-06-03,O,""
1304,2024-06-11,O,""
1304,2024-06-12,X,""
1304,2024-06-16,O,""
1304,2024-06-21,O,""
1304,2024-06-24,O,""
1304,2024-06-28,O,""
1304,2024-06-29,O,""
1304,2024-07-02,O,""
1304,2024-07-11,O,""
1304,2024-07-12,O,""
1304,2024-07-14,O,""
1304,2024-07-15,O,""
1304,2024-07-20,B,""
1304,2024-07-22,O,""
1304,2024-07-25,O,""
1304,2024-07-26,O,""
1304,2024-08-01,X,""
1304,2024-08-04,O,""
1304,2024-08-06,B,""
1439,2024-05-11,O,""
1439,2024-05-14,O,""
1439,2024-05-17,O,""
1439,2024-05-18,O,""
1439,2024-05-23,O,""
1439,2024-05-25,X,""
1439,2024-05-26,O,""
1439,2024-05-28,O,""
1439,2024-05-29,O,""
1439,2024-06-07,O,""
1439,2024-06-08,O,""
1439,2024-06-09,O,""
1439,2024-06-10,O,""
1439,2024-06-11,O,""
1439,2024-06-12,O,""
1439,2024-06-14,C,""
1439,2024-07-02,N,""
1439,2024-07-04,O,""
1439,2024-07-05,O,""
1439,2024-07-13,O,""
1529,2024-05-11,X,""
1529,2024-05-12,C,""
1529,2024-05-14,O,""
1529,2024-05-17,O,""
1529,2024-05-24,O,""
1529,2024-05-26,C,""
1529,2024-05-27,C,""
1529,2024-06-12,O,""
1529,2024-06-17,O,""
1270,2024-05-16,X,""
1270,2024-05-17,O,""
1270,2024-05-18,C,""
1270,2024-05-20,C,""
1270,2024-05-22,O,""
1270,2024-05-26,O,""
1270,2024-05-29,O,""
1270,2024-05-31,O,""
1270,2024-06-02,C,""
1270,2024-06-09,O,""
1270,2024-06-10,O,""
1270,2024-06-17,O,""
1270,2024-06-21,O,""
1270,2024-06-24,O,""
1270,2024-07-03,B,""
1270,2024-07-04,B,""
1270,2024-07-10,O,""
1270,2024-07-11,X,""
1270,2024-07-13,B,""
1270,2024-07-15,C,""
1270,2024-07-17,O,""
1270,2024-07-19,O,""
1270,2024-07-22,O,""
1270,2024-07-25,O,""
1270,2024-07-27,B,""
1270,2024-07-29,O,""
1270,2024-07-31,B,""
1270,2024-08-05,O,""
1270,2024-08-08,O,""
1270,2024-08-22,X,""
1270,2024-08-30,O,""
1270,2024-09-07,C,""
1270,2024-09-09,B,""
1270,2024-09-13,B,""
1270,2024-09-14,B,""
1270,2024-09-23,C,""
1270,2024-09-28,B,""
1270,2024-09-29,B,""
1270,2024-09-30,O,""
1441,2024-05-18,O,""
1441,2024-05-20,O,""
1441,2024-05-21,O,""
1441,2024-05-23,O,""
1441,2024-05-26,O,""
1441,2024-05-29,D,""
1441,2024-06-02,B,""
1441,2024-06-03,O,""
1441,2024-06-04,O,""
1441,2024-06-06,O,""
1441,2024-06-08,O,""
1441,2024-06-20,X,""
1441,2024-06-23,O,""
1441,2024-06-24,O,""
1441,2024-06-30,O,""
1441,2024-07-01,O,""
1441,2024-07-03,O,""
1441,2024-07-07,O,""
1441,2024-07-08,O,""
1441,2024-07-09,O,""
1441,2024-07-15,O,""
1441,2024-07-18,O,""
1441,2024-08-03,O,""
1441,2024-08-04,O,""
1441,2024-08-06,O,""
1441,2024-08-09,O,""
1441,2024-08-21,N,""
1441,2024-08-23,B,""
1441,2024-08-25,O,""
1441,2024-08-26,B,""
1441,2024-08-28,X,""
1441,2024-08-29,O,""
1441,2024-09-08,O,""
1441,2024-09-11,O,""
1441,2024-09-13,O,""
1441,2024-09-16,O,""
1452,2024-05-10,O,""
1452,2024-05-11,O,""
1452,2024-05-15,X,""
1452,2024-05-16,O,""
1452,2024-05-19,O,""
1452,2024-05-20,B,""
1452,2024-05-23,O,""
1452,2024-05-25,O,""
1452,2024-05-30,O,""
1452,2024-06-01,O,""
1452,2024-06-04,O,""
1452,2024-06-07,B,""
1452,2024-06-21,B,""
1452,2024-07-01,O,""
1452,2024-07-04,O,""
1452,2024-07-06,B,""
1452,2024-07-08,O,""
1452,2024-07-10,O,""
1452,2024-07-12,O,""
1452,2024-07-27,C,""
1452,2024-08-03,B,""
1239,2024-05-10,B,""
1239,2024-05-12,O,""
1239,2024-05-15,O,""
1239,2024-05-19,O,""
1239,2024-05-22,O,""
1239,2024-05-23,O,""
1239,2024-05-24,O,""
1239,2024-05-25,O,""
1239,2024-05-26,O,""
1239,2024-05-27,O,""
1239,2024-05-28,O,""
1239,2024-05-30,O,""
1239,2024-06-02,O,""
1239,2024-06-10,O,""
1239,2024-06-12,B,""
1239,2024-06-18,O,""
1239,2024-06-20,O,""
1239,2024-07-14,B,""
1239,2024-07-19,O,""
1239,2024-07-20,O,""
1239,2024-07-22,O,""
1239,2024-07-25,O,""
1239,2024-07-26,O,""
1239,2024-08-05,O,""
1239,2024-08-09,O,""
1239,2024-08-11,B,""
1239,2024-08-13,O,""
1239,2024-08-15,O,""
1239,2024-08-16,O,""
1239,2024-08-19,O,""
1239,2024-08-21,O,""
1239,2024-08-22,O,""
1767,2024-05-24,O,""
1767,2024-05-30,B,""
1767,2024-06-03,O,""
1767,2024-06-16,B,""
1402,2024-05-20,O,""
1402,2024-05-22,O,""
1402,2024-05-26,O,""
1402,2024-05-30,B,""
1402,2024-06-02,O,""
1402,2024-06-04,X,""
1402,2024-06-05,B,""
1402,2024-06-06,O,""
1402,2024-06-19,O,""
1402,2024-06-20,O,""
1402,2024-06-22,O,""
1402,2024-06-25,O,""
1402,2024-06-26,O,""
1402,2024-07-03,O,""
1402,2024-07-18,O,""
1402,2024-07-19,O,""
1402,2024-07-28,B,""
1402,2024-07-31,O,""
1402,2024-08-03,O,""
1402,2024-08-04,O,""
1402,2024-08-05,C,""
1727,2024-05-15,O,""
1727,2024-05-18,B,""
1727,2024-05-20,O,""
1727,2024-05-24,B,""
1727,2024-05-27,O,""
1727,2024-05-28,O,""
1727,2024-05-29,O,""
1727,2024-06-02,O,""
1727,2024-06-08,B,""
1727,2024-06-09,O,""
1727,2024-06-14,O,""
1727,2024-06-15,B,""
1727,2024-06-23,O,""
1727,2024-07-22,B,""
1727,2024-07-27,O,""
1727,2024-07-28,C,""
1727,2024-07-31,B,""
1727,2024-08-20,O,""
1727,2024-08-22,O,""
1727,2024-08-23,O,""
1727,2024-08-25,O,""
1727,2024-08-27,O,""
1727,2024-08-28,O,""
1727,2024-08-30,O,""
1727,2024-08-31,O,""
1727,2024-09-02,B,""
1727,2024-09-11,N,""
1727,2024-09-16,O,""
1727,2024-09-17,O,""
1727,2024-09-19,D,""
1694,2024-05-15,O,""
1694,2024-05-16,C,""
1694,2024-05-18,O,""
1694,2024-05-19,O,""
1694,2024-05-20,O,""
1694,2024-05-22,O,""
1694,2024-05-27,O,""
1694,2024-05-31,O,""
1694,2024-06-02,O,""
1694,2024-06-12,O,""
1694,2024-06-17,O,""
1694,2024-06-18,O,""
1694,2024-06-20,O,""
1694,2024-06-26,O,""
1694,2024-07-01,O,""
1694,2024-07-06,O,""
1694,2024-07-07,O,""
1694,2024-07-10,O,""
1694,2024-07-11,O,""
1694,2024-07-18,O,""
1694,2024-07-26,B,""
1694,2024-07-30,O,""
1694,2024-08-07,X,""
1694,2024-08-09,O,""
1694,2024-08-11,O,""
1694,2024-08-23,O,""
1694,2024-08-27,O,""
1694,2024-08-29,O,""
1408,2024-05-17,D,""
1408,2024-05-21,O,""
1408,2024-05-22,B,""
1408,2024-05-26,O,""
1408,2024-05-27,O,""
1408,2024-05-29,N,""
1408,2024-05-30,O,""
1408,2024-06-01,O,""
1408,2024-06-04,O,""
1408,2024-06-05,O,""
1408,2024-06-10,O,""
1408,2024-06-11,O,""
1408,2024-06-12,O,""
1408,2024-06-21,O,""
1408,2024-06-23,B,""
1408,2024-06-29,O,""
1408,2024-07-03,O,""
1408,2024-07-06,O,""
1408,2024-07-07,O,""
1408,2024-07-17,O,""
1408,2024-07-22,O,""
1408,2024-07-25,O,""
1408,2024-07-28,O,""
1408,2024-07-29,O,""
1408,2024-08-09,O,""
1408,2024-08-11,O,""
1408,2024-08-20,D,""
1408,2024-08-23,O,""
1408,2024-09-01,B,""
1408,2024-09-02,O,""
1408,2024-09-03,O,""
1408,2024-09-08,O,""
1408,2024-09-10,O,""
1514,2024-05-19,O,""
1514,2024-05-22,O,""
1514,2024-05-25,O,""
1514,2024-05-26,O,""
1514,2024-05-29,O,""
1514,2024-05-31,O,""
1514,2024-06-01,O,""
1514,2024-06-02,O,""
1514,2024-06-04,O,""
1514,2024-06-06,O,""
1514,2024-06-11,O,""
1514,2024-06-14,C,""
1514,2024-06-16,D,""
1514,2024-06-18,O,""
1514,2024-06-20,B,""
1514,2024-06-22,O,""
1514,2024-06-23,O,""
1514,2024-06-29,O,""
1514,2024-07-08,O,""
1514,2024-07-18,B,""
1514,2024-07-19,B,""
1514,2024-07-20,B,""
1514,2024-07-21,O,""
1514,2024-07-28,O,""
1514,2024-08-04,O,""
1514,2024-08-13,D,""
1514,2024-08-18,O,""
1514,2024-08-20,D,""
1514,2024-08-24,O,""
1514,2024-08-27,O,""
1514,2024-08-28,O,""
1514,2024-09-03,O,""
1514,2024-09-05,X,""
1514,2024-09-07,O,""
1514,2024-09-08,X,""
1514,2024-09-09,X,""
1514,2024-09-12,O,""
1514,2024-09-20,O,""
1612,2024-05-21,O,""
1612,2024-05-22,N,""
1612,2024-05-28,O,""
1612,2024-06-01,O,""
1612,2024-06-12,O,""
1612,2024-06-13,O,""
1612,2024-06-15,O,""
1612,2024-06-22,X,""
1612,2024-06-25,O,""
1612,2024-07-06,C,""
1612,2024-07-07,B,""
1612,2024-07-12,O,""
1612,2024-07-14,O,""
1612,2024-07-15,O,""
1612,2024-07-16,O,""
1612,2024-07-18,O,""
1612,2024-07-20,O,""
1612,2024-07-22,O,""
1612,2024-07-24,O,""
1612,2024-07-29,O,""
1612,2024-07-30,O,""
1612,2024-08-03,O,""
1612,2024-08-05,O,""
1612,2024-08-06,O,""
1612,2024-08-12,O,""
1612,2024-08-15,O,""
1195,2024-05-30,O,""
1195,2024-05-31,O,""
1195,2024-06-03,B,""
1195,2024-06-06,O,""
1195,2024-06-07,N,""
1195,2024-06-16,O,""
1195,2024-06-17,B,""
1195,2024-06-21,O,""
1195,2024-06-24,O,""
1195,2024-06-25,O,""
1195,2024-07-01,O,""
1195,2024-07-17,O,""
1195,2024-07-18,O,""
1689,2024-05-13,O,""
1689,2024-05-14,D,""
1689,2024-05-15,O,""
1689,2024-05-18,O,""
1689,2024-05-21,O,""
1689,2024-05-22,O,""
1689,2024-05-23,O,""
1689,2024-05-25,O,""
1689,2024-05-28,X,""
1689,2024-05-29,O,""
1689,2024-05-30,C,""
1689,2024-06-03,O,""
1689,2024-06-04,O,""
1689,2024-06-10,B,""
1689,2024-06-14,O,""
1689,2024-06-15,O,""
1689,2024-06-20,O,""
1689,2024-06-21,B,""
1689,2024-06-26,B,""
1689,2024-06-27,O,""
1689,2024-06-30,O,""
1689,2024-07-05,O,""
1689,2024-07-11,B,""
1689,2024-07-16,D,""
1689,2024-07-17,O,""
1689,2024-07-23,B,""
1689,2024-07-27,X,""
1689,2024-07-29,B,""
1689,2024-08-02,O,""
1689,2024-08-03,B,""
1689,2024-08-04,X,""
1689,2024-08-08,O,""
1689,2024-08-22,O,""
1692,2024-05-11,O,""
1692,2024-05-13,O,""
1692,2024-05-18,O,""
1692,2024-05-19,O,""
1692,2024-05-20,O,""
1692,2024-05-21,O,""
1692,2024-05-22,O,""
1692,2024-05-23,O,""
1692,2024-05-26,O,""
1692,2024-05-28,O,""
1692,2024-05-29,O,""
1692,2024-06-07,O,""
1692,2024-06-12,O,""
1692,2024-06-16,C,""
1692,2024-06-17,O,""
1692,2024-06-19,B,""
1692,2024-06-20,O,""
1692,2024-06-24,O,""
1692,2024-06-27,X,""
1685,2024-05-19,O,""
1685,2024-05-20,O,""
1685,2024-05-21,O,""
1685,2024-05-24,O,""
1685,2024-06-01,O,""
1685,2024-06-03,O,""
1685,2024-06-07,O,""
1685,2024-06-11,B,""
1685,2024-06-17,O,""
1685,2024-06-21,O,""
1685,2024-06-23,B,""
1349,2024-05-14,O,""
1349,2024-05-15,C,""
1349,2024-05-17,O,""
1349,2024-05-21,O,""
1349,2024-05-24,O,""
1349,2024-05-26,B,""
1349,2024-05-27,O,""
1349,2024-05-29,O,""
1349,2024-06-04,O,""
1349,2024-06-05,O,""
1349,2024-06-15,O,""
1349,2024-06-16,C,""
1349,2024-06-17,B,""
1349,2024-06-19,O,""
1349,2024-06-25,O,""
1349,2024-06-30,O,""
1349,2024-07-02,O,""
1349,2024-07-10,O,""
1349,2024-07-12,O,""
1349,2024-07-15,O,""
1349,2024-07-19,B,""
1349,2024-07-21,O,""
1349,2024-08-02,X,""
1349,2024-08-04,O,""
1349,2024-08-06,O,""
1349,2024-08-08,O,""
1349,2024-08-11,B,""
1349,2024-08-12,O,""
1329,2024-05-08,O,""
1329,2024-05-09,O,""
1329,2024-05-10,O,""
1329,2024-05-11,O,""
1329,2024-05-12,O,""
1329,2024-05-21,O,""
1329,2024-05-23,O,""
1329,2024-05-25,O,""
1329,2024-05-28,O,""
1329,2024-05-29,O,""
1329,2024-05-31,B,""
1329,2024-06-01,O,""
1329,2024-06-02,O,""
1329,2024-06-07,B,""
1329,2024-06-15,O,""
1329,2024-06-23,O,""
1329,2024-06-25,O,""
1329,2024-06-26,O,""
1329,2024-07-06,O,""
1329,2024-07-07,O,""
1329,2024-07-09,C,""
1329,2024-07-10,O,""
1329,2024-07-26,O,""
1329,2024-07-28,O,""
1329,2024-08-02,B,""
1329,2024-08-06,O,""
1329,2024-08-13,O,""
1329,2024-08-28,O,""
1329,2024-08-29,O,""
1329,2024-09-05,B,""
1329,2024-09-06,O,""
1329,2024-09-07,O,""
1329,2024-09-12,B,""
1329,2024-09-19,D,""
1329,2024-09-28,O,""
1329,2024-09-29,X,""
1570,2024-05-15,O,""
1570,2024-05-21,O,""
1570,2024-05-22,O,""
1570,2024-05-26,B,""
1570,2024-05-27,X,""
1570,2024-05-28,O,""
1570,2024-06-02,O,""
1570,2024-06-04,O,""
1570,2024-06-15,X,""
1570,2024-06-16,O,""
1570,2024-06-17,O,""
1570,2024-06-23,O,""
1570,2024-06-26,O,""
1570,2024-06-28,O,""
1570,2024-07-09,B,""
1570,2024-07-11,O,""
1570,2024-07-13,B,""
1570,2024-07-17,B,""
1394,2024-05-16,O,""
1394,2024-05-20,X,""
1394,2024-05-22,O,""
1394,2024-05-24,O,""
1394,2024-05-26,O,""
1394,2024-05-27,B,""
1394,2024-06-04,O,""
1394,2024-06-09,O,""
1394,2024-06-17,O,""
1394,2024-06-20,O,""
1394,2024-06-21,O,""
1394,2024-06-26,O,""
1394,2024-06-29,O,""
1394,2024-07-01,O,""
1394,2024-07-07,O,""
1394,2024-07-11,O,""
1394,2024-07-13,B,""
1394,2024-07-14,O,""
1394,2024-07-15,O,""
1394,2024-07-17,O,""
1394,2024-07-23,O,""
1394,2024-07-24,O,""
1394,2024-07-29,O,""
1394,2024-08-05,O,""
1394,2024-08-08,O,""
1394,2024-08-24,X,""
1394,2024-08-27,O,""
1394,2024-08-30,C,""
1394,2024-09-02,B,""
1394,2024-09-04,X,""
1394,2024-09-05,B,""
1394,2024-09-07,B,""
1394,2024-09-08,O,""
1394,2024-09-09,B,""
1648,2024-05-10,O,""
1648,2024-05-11,X,""
1648,2024-05-14,O,""
1648,2024-05-16,O,""
1648,2024-05-23,O,""
1648,2024-05-26,C,""
1648,2024-05-29,O,""
1648,2024-06-04,O,""
1648,2024-06-07,O,""
1648,2024-06-10,O,""
1648,2024-06-13,O,""
1648,2024-06-16,B,""
1648,2024-06-19,O,""
1648,2024-06-22,O,""
1648,2024-06-23,O,""
1648,2024-06-28,O,""
1648,2024-06-29,O,""
1648,2024-06-30,O,""
1648,2024-07-02,X,""
1648,2024-07-04,O,""
1648,2024-07-17,O,""
1648,2024-07-18,O,""
1648,2024-07-19,O,""
1648,2024-07-20,O,""
1648,2024-07-25,O,""
1648,2024-07-29,O,""
1648,2024-08-04,O,""
1648,2024-08-08,O,""
1648,2024-08-12,O,""
1648,2024-08-13,O,""
1648,2024-08-17,O,""
1648,2024-08-18,O,""
1648,2024-08-19,O,""
1648,2024-08-20,O,""
1648,2024-08-25,X,""
1648,2024-08-30,O,""
1648,2024-09-04,O,""
1648,2024-09-05,C,""
1648,2024-09-12,C,""
1427,2024-05-10,O,""
1427,2024-05-14,O,""
1427,2024-05-19,B,""
1427,2024-05-22,O,""
1427,2024-05-24,C,""
1427,2024-05-25,O,""
1427,2024-05-27,O,""
1427,2024-05-28,O,""
1427,2024-05-29,O,""
1427,2024-06-06,B,""
1427,2024-06-09,B,""
1427,2024-06-10,X,""
1427,2024-06-15,O,""
1427,2024-06-23,O,""
1427,2024-06-24,O,""
1427,2024-07-01,D,""
1427,2024-07-13,D,""
1319,2024-05-18,O,""
1319,2024-05-19,O,""
1319,2024-05-21,O,""
1319,2024-05-23,C,""
1319,2024-05-24,O,""
1319,2024-05-25,B,""
1319,2024-05-27,O,""
1319,2024-05-28,O,""
1319,2024-05-31,O,""
1319,2024-06-02,O,""
1319,2024-06-03,O,""
1319,2024-06-04,O,""
1319,2024-06-13,B,""
1319,2024-06-14,O,""
1319,2024-06-19,O,""
1319,2024-06-23,B,""
1319,2024-07-01,O,""
1319,2024-07-12,X,""
1319,2024-07-13,B,""
1319,2024-07-14,O,""
1539,2024-05-18,O,""
1539,2024-05-21,O,""
1539,2024-05-27,O,""
1539,2024-06-06,O,""
1539,2024-06-08,B,""
1539,2024-06-20,B,""
1539,2024-06-29,O,""
1539,2024-07-03,O,""
1539,2024-07-05,O,""
1539,2024-07-06,O,""
1539,2024-07-15,X,""
1539,2024-07-16,O,""
1539,2024-07-17,O,""
1539,2024-07-18,O,""
1539,2024-07-23,O,""
1539,2024-07-25,B,""
1539,2024-08-02,B,""
1539,2024-08-07,O,""
1539,2024-08-13,O,""
1228,2024-05-13,B,""
1228,2024-05-18,O,""
1228,2024-05-23,O,""
1228,2024-06-27,X,""
1228,2024-06-29,O,""
1228,2024-07-09,B,""
1228,2024-07-15,O,""
1228,2024-07-16,O,""
1228,2024-07-23,O,""
1228,2024-07-25,O,""
1228,2024-07-28,O,""
1228,2024-08-09,O,""
1228,2024-08-11,O,""
1228,2024-08-15,C,""
1228,2024-08-17,B,""
1228,2024-08-24,O,""
1228,2024-09-05,O,""
1228,2024-09-08,O,""
1228,2024-09-09,O,""
1228,2024-09-14,O,""
1228,2024-09-19,B,""
1718,2024-05-12,O,""
1718,2024-05-13,O,""
1718,2024-05-14,O,""
1718,2024-05-15,O,""
1718,2024-05-16,O,""
1718,2024-05-20,O,""
1718,2024-05-21,O,""
1718,2024-05-22,O,""
1718,2024-05-29,O,""
1718,2024-06-06,O,""
1718,2024-06-15,B,""
1718,2024-06-21,O,""
1718,2024-06-22,C,""
1718,2024-07-04,O,""
1718,2024-07-06,O,""
1718,2024-07-08,O,""
1718,2024-07-10,O,""
1487,2024-05-16,O,""
1487,2024-05-18,O,""
1487,2024-05-20,O,""
1487,2024-05-31,O,""
1487,2024-06-01,B,""
1487,2024-06-04,O,""
1487,2024-06-07,O,""
1487,2024-06-09,O,""
1487,2024-06-10,O,""
1487,2024-06-11,O,""
1487,2024-06-12,O,""
1487,2024-06-15,O,""
1487,2024-06-19,B,""
1487,2024-06-22,O,""
1487,2024-06-25,O,""
1487,2024-06-27,O,""
1487,2024-07-07,O,""
1487,2024-07-09,O,""
1487,2024-07-10,O,""
1487,2024-07-18,O,""
1487,2024-07-22,O,""
1487,2024-07-23,B,""
1487,2024-08-01,O,""
1487,2024-08-08,B,""
1487,2024-08-10,O,""
1487,2024-08-16,O,""
1487,2024-08-19,O,""
1391,2024-05-14,O,""
1391,2024-05-17,O,""
1391,2024-05-19,O,""
1391,2024-05-24,O,""
1391,2024-05-28,O,""
1391,2024-06-03,O,""
1391,2024-06-07,B,""
1391,2024-06-10,B,""
1391,2024-06-17,O,""
1391,2024-06-19,O,""
1391,2024-06-21,O,""
1391,2024-06-24,O,""
1391,2024-06-25,O,""
1391,2024-06-26,O,""
1391,2024-06-28,O,""
1391,2024-06-29,O,""
1391,2024-06-30,B,""
1391,2024-07-03,O,""
1391,2024-07-05,O,""
1391,2024-07-06,O,""
1391,2024-07-08,O,""
1391,2024-07-18,O,""
1391,2024-07-21,O,""
1391,2024-07-22,B,""
1391,2024-07-23,O,""
1391,2024-08-02,O,""
1391,2024-08-06,O,""
1391,2024-08-07,O,""
1391,2024-08-09,B,""
1391,2024-08-11,B,""
1391,2024-08-12,B,""
1391,2024-08-15,B,""
1391,2024-08-16,O,""
1391,2024-08-20,O,""
1391,2024-08-21,O,""
1391,2024-08-25,X,""
1391,2024-08-27,O,""
1391,2024-08-29,O,""
1391,2024-09-04,B,""
1391,2024-09-07,O,""
1391,2024-09-09,O,""
1391,2024-09-10,C,""
1391,2024-09-12,O,""
1391,2024-09-14,O,""
1391,2024-09-15,O,""
1391,2024-09-16,O,""
1231,2024-05-11,O,""
1231,2024-05-13,O,""
1231,2024-05-14,B,""
1231,2024-05-15,B,""
1231,2024-05-17,D,""
1231,2024-05-19,O,""
1231,2024-05-20,O,""
1231,2024-05-21,O,""
1231,2024-05-24,O,""
1231,2024-05-28,B,""
1231,2024-05-31,O,""
1231,2024-06-06,O,""
1231,2024-06-11,O,""
1231,2024-06-18,O,""
1231,2024-06-22,O,""
1231,2024-06-28,O,""
1231,2024-07-01,O,""
1231,2024-07-05,B,""
1231,2024-07-22,C,""
1231,2024-07-23,B,""
1231,2024-07-24,O,""
1231,2024-07-25,O,""
1231,2024-07-30,B,""
1231,2024-07-31,O,""
1231,2024-08-02,O,""
1231,2024-08-05,O,""
1231,2024-08-09,O,""
1231,2024-08-10,B,""
1613,2024-05-17,O,""
1613,2024-05-18,O,""
1613,2024-05-20,B,""
1613,2024-05-21,O,""
1613,2024-05-24,O,""
1613,2024-05-27,D,""
1613,2024-05-28,O,""
1613,2024-05-29,O,""
1613,2024-06-03,D,""
1613,2024-06-05,O,""
1613,2024-06-12,O,""
1613,2024-06-17,O,""
1613,2024-06-21,B,""
1613,2024-06-22,O,""
1613,2024-06-24,O,""
1613,2024-06-28,O,""
1613,2024-06-30,O,""
1613,2024-07-03,O,""
1613,2024-07-04,O,""
1613,2024-07-07,B,""
1613,2024-07-11,O,""
1613,2024-07-12,B,""
1613,2024-07-13,O,""
1613,2024-07-18,O,""
1613,2024-07-19,O,""
1613,2024-07-20,X,""
1613,2024-07-23,B,""
1613,2024-07-27,B,""
1613,2024-07-30,O,""
1613,2024-08-01,O,""
1613,2024-08-10,O,""
1613,2024-08-12,O,""
1613,2024-08-21,O,""
1613,2024-08-22,O,""
1613,2024-08-23,O,""
1624,2024-05-17,C,""
1624,2024-05-19,O,""
1624,2024-05-22,B,""
1624,2024-05-28,O,""
1624,2024-05-30,B,""
1624,2024-05-31,B,""
1624,2024-06-02,B,""
1624,2024-06-03,O,""
1624,2024-06-05,O,""
1624,2024-06-06,O,""
1624,2024-06-08,O,""
1624,2024-06-13,C,""
1624,2024-06-16,O,""
1624,2024-07-02,O,""
1624,2024-07-10,O,""
1624,2024-07-16,X,""
1624,2024-07-17,O,""
1624,2024-07-22,O,""
1624,2024-07-25,O,""
1624,2024-07-28,O,""
1624,2024-07-31,O,""
1624,2024-08-05,O,""
1624,2024-08-07,B,""
1624,2024-08-15,O,""
1624,2024-08-20,X,""
1624,2024-08-21,C,""
1624,2024-09-05,B,""
1734,2024-05-16,O,""
1734,2024-05-19,O,""
1734,2024-05-26,O,""
1734,2024-05-27,O,""
1734,2024-06-02,O,""
1734,2024-06-04,O,""
1734,2024-06-06,O,""
1734,2024-06-08,O,""
1734,2024-06-15,O,""
1734,2024-06-21,C,""
1734,2024-06-25,O,""
1734,2024-07-02,O,""
1734,2024-07-03,O,""
1734,2024-07-04,O,""
1734,2024-07-06,O,""
1734,2024-07-07,O,""
1734,2024-07-08,O,""
1734,2024-07-19,O,""
1734,2024-07-27,O,""
1734,2024-07-28,O,""
1559,2024-05-16,O,""
1559,2024-05-20,O,""
1559,2024-05-26,O,""
1559,2024-05-27,O,""
1559,2024-05-28,O,""
1559,2024-05-31,O,""
1559,2024-06-07,O,""
1559,2024-06-09,O,""
1559,2024-06-11,C,""
1559,2024-06-13,C,""
1559,2024-06-15,O,""
1559,2024-06-16,O,""
1559,2024-06-19,O,""
1559,2024-06-23,O,""
1559,2024-06-24,O,""
1559,2024-06-29,O,""
1559,2024-07-04,O,""
1559,2024-07-10,O,""
1559,2024-07-12,O,""
1559,2024-07-20,O,""
1559,2024-07-24,O,""
1559,2024-07-27,O,""
1559,2024-07-29,O,""
1559,2024-08-01,O,""
1559,2024-08-16,O,""
1559,2024-08-19,O,""
1559,2024-08-24,O,""
1559,2024-08-27,O,""
1559,2024-09-01,B,""
1559,2024-09-07,O,""
1704,2024-05-09,O,""
1704,2024-05-11,O,""
1704,2024-05-15,O,""
1704,2024-05-16,O,""
1704,2024-05-17,B,""
1704,2024-05-19,O,""
1704,2024-05-20,O,""
1704,2024-05-29,B,""
1704,2024-05-30,O,""
1704,2024-06-07,B,""
1704,2024-06-10,O,""
1704,2024-06-12,O,""
1704,2024-06-15,O,""
1704,2024-06-16,O,""
1704,2024-06-17,O,""
1704,2024-06-23,O,""
1704,2024-06-24,O,""
1704,2024-06-25,O,""
1704,2024-06-29,O,""
1704,2024-07-01,O,""
1704,2024-07-13,X,""
1704,2024-07-14,N,""
1704,2024-07-18,O,""
1704,2024-07-19,O,""
1704,2024-07-27,B,""
1704,2024-07-31,B,""
1704,2024-08-01,X,""
1704,2024-08-05,O,""
1704,2024-08-06,B,""
1704,2024-08-09,O,""
1506,2024-05-13,O,""
1506,2024-05-14,O,""
1506,2024-05-16,B,""
1506,2024-05-17,B,""
1506,2024-05-19,O,""
1506,2024-05-26,O,""
1506,2024-05-30,O,""
1506,2024-06-02,O,""
1506,2024-06-03,O,""
1506,2024-06-07,O,""
1506,2024-06-15,O,""
1506,2024-06-16,O,""
1506,2024-06-17,O,""
1506,2024-06-20,O,""
1506,2024-06-29,B,""
1506,2024-07-07,B,""
1506,2024-07-13,B,""
1506,2024-07-16,O,""
1506,2024-07-20,O,""
1506,2024-07-22,B,""
1506,2024-07-31,O,""
1506,2024-08-02,O,""
1506,2024-08-04,X,""
1506,2024-08-06,O,""
1506,2024-08-12,O,""
1506,2024-08-21,D,""
1506,2024-08-28,B,""
1506,2024-08-30,B,""
1506,2024-09-13,X,""
1506,2024-09-15,O,""
1506,2024-09-18,O,""
1506,2024-09-21,B,""
1506,2024-09-22,B,""
1506,2024-09-24,O,""
1506,2024-09-25,O,""
1636,2024-05-15,O,""
1636,2024-05-17,O,""
1636,2024-05-19,O,""
1636,2024-05-22,O,""
1636,2024-05-31,O,""
1636,2024-06-02,O,""
1636,2024-06-05,B,""
1636,2024-06-06,O,""
1636,2024-06-10,X,""
1636,2024-06-15,X,""
1636,2024-06-16,C,""
1636,2024-06-19,C,""
1636,2024-06-20,O,""
1636,2024-06-25,O,""
1636,2024-07-01,O,""
1636,2024-07-06,O,""
1636,2024-07-10,B,""
1636,2024-07-14,O,""
1636,2024-07-18,O,""
1636,2024-07-21,O,""
1636,2024-07-22,O,""
1636,2024-07-23,B,""
1636,2024-07-26,C,""
1636,2024-07-29,X,""
1636,2024-07-30,B,""
1636,2024-08-01,O,""
1636,2024-08-02,O,""
1636,2024-08-04,O,""
1636,2024-08-08,O,""
1636,2024-08-11,O,""
1636,2024-08-13,D,""
1636,2024-08-18,O,""
1636,2024-08-25,B,""
1636,2024-08-26,O,""
1636,2024-08-27,O,""
1636,2024-08-30,O,""
1636,2024-08-31,B,""
1435,2024-05-27,O,""
1435,2024-06-02,B,""
1435,2024-06-06,C,""
1435,2024-06-10,O,""
1435,2024-06-15,O,""
1435,2024-06-18,X,""
1435,2024-06-21,O,""
1435,2024-06-29,X,""
1435,2024-07-08,O,""
1435,2024-07-14,B,""
1435,2024-07-21,O,""
1435,2024-07-24,C,""
1435,2024-07-29,O,""
1435,2024-08-01,O,""
1435,2024-08-02,C,""
1563,2024-05-16,O,""
1563,2024-05-17,O,""
1563,2024-05-25,O,""
1563,2024-05-26,O,""
1563,2024-05-30,O,""
1563,2024-05-31,O,""
1563,2024-06-01,O,""
1563,2024-06-04,O,""
1563,2024-06-05,B,""
1563,2024-06-19,O,""
1563,2024-06-22,O,""
1563,2024-06-24,O,""
1563,2024-06-27,N,""
1563,2024-07-13,O,""
1563,2024-07-14,O,""
1563,2024-07-20,O,""
1563,2024-07-21,D,""
1563,2024-07-23,O,""
1563,2024-07-25,B,""
1563,2024-07-27,O,""
1563,2024-07-31,O,""
1563,2024-08-04,O,""
1563,2024-08-05,O,""
1563,2024-08-11,O,""
1369,2024-05-27,O,""
1369,2024-05-29,O,""
1369,2024-06-02,O,""
1369,2024-06-05,O,""
1369,2024-06-08,O,""
1369,2024-06-13,O,""
1369,2024-06-19,B,""
1369,2024-06-21,B,""
1369,2024-06-25,O,""
1369,2024-06-27,O,""
1369,2024-07-09,O,""
1369,2024-07-10,B,""
1369,2024-07-14,C,""
1369,2024-07-18,O,""
1369,2024-07-23,D,""
1588,2024-05-23,B,""
1588,2024-05-29,O,""
1588,2024-06-03,B,""
1588,2024-06-04,O,""
1588,2024-06-07,O,""
1588,2024-06-13,O,""
1588,2024-06-17,O,""
1588,2024-06-20,O,""
1588,2024-06-27,O,""
1588,2024-06-29,O,""
1588,2024-07-10,O,""
1588,2024-07-13,X,""
1588,2024-07-14,O,""
1588,2024-07-19,O,""
1588,2024-07-20,O,""
1588,2024-07-22,O,""
1588,2024-07-24,O,""
1588,2024-07-25,O,""
1588,2024-07-27,O,""
1588,2024-08-10,O,""
1266,2024-05-18,O,""
1266,2024-05-23,B,""
1266,2024-05-25,B,""
1266,2024-05-27,O,""
1266,2024-05-28,O,""
1266,2024-05-30,O,""
1266,2024-05-31,X,""
1266,2024-06-06,O,""
1266,2024-06-11,O,""
1266,2024-06-20,B,""
1266,2024-06-22,O,""
1266,2024-06-23,O,""
1266,2024-07-05,D,""
1266,2024-07-07,O,""
1266,2024-07-10,X,""
1266,2024-07-13,O,""
1266,2024-07-15,O,""
1743,2024-05-21,O,""
1743,2024-05-26,C,""
1743,2024-05-28,O,""
1743,2024-05-31,B,""
1743,2024-06-03,O,""
1743,2024-06-11,X,""
1743,2024-06-18,C,""
1743,2024-06-27,O,""
1743,2024-07-05,O,""
1743,2024-07-09,O,""
1743,2024-07-10,B,""
1392,2024-05-22,O,""
1392,2024-05-26,O,""
1392,2024-05-27,O,""
1392,2024-05-28,O,""
1392,2024-05-30,O,""
1392,2024-06-01,O,""
1392,2024-06-02,O,""
1392,2024-06-03,O,""
1392,2024-06-08,O,""
1392,2024-06-15,O,""
1392,2024-06-17,O,""
1392,2024-06-21,B,""
1392,2024-06-23,B,""
1392,2024-06-25,O,""
1392,2024-06-27,O,""
1392,2024-07-05,O,""
1392,2024-07-06,O,""
1392,2024-07-08,O,""
1392,2024-07-10,B,""
1392,2024-07-12,O,""
1392,2024-07-18,O,""
1392,2024-07-20,N,""
1392,2024-07-24,O,""
1392,2024-07-25,O,""
1392,2024-07-28,O,""
1392,2024-08-10,O,""
1392,2024-08-11,O,""
1392,2024-08-16,O,""
1392,2024-08-17,O,""
1392,2024-08-21,X,""
1392,2024-08-23,O,""
1392,2024-08-24,O,""
1392,2024-08-31,C,""
1392,2024-09-07,B,""
1392,2024-09-12,B,""
1392,2024-09-14,O,""
1392,2024-09-19,O,""
1392,2024-09-20,D,""
1392,2024-09-22,B,""
1392,2024-09-27,O,""
1406,2024-05-16,O,""
1406,2024-05-22,O,""
1406,2024-05-23,O,""
1406,2024-05-29,O,""
1406,2024-05-30,B,""
1406,2024-06-02,B,""
1406,2024-06-24,B,""
1406,2024-06-26,O,""
1406,2024-06-29,O,""
1406,2024-07-02,B,""
1406,2024-07-13,O,""
1406,2024-07-17,O,""
1406,2024-07-25,O,""
1406,2024-07-27,B,""
1406,2024-07-30,O,""
1406,2024-08-03,C,""
1406,2024-08-10,O,""
1406,2024-08-12,O,""
1406,2024-08-15,B,""
1406,2024-08-20,D,""
1406,2024-08-21,O,""
1406,2024-08-23,O,""
1406,2024-08-27,O,""
1406,2024-08-31,B,""
1406,2024-09-02,O,""
1406,2024-09-03,B,""
1406,2024-09-06,O,""
1406,2024-09-16,X,""
1385,2024-05-28,B,""
1385,2024-05-29,O,""
1385,2024-06-01,O,""
1385,2024-06-03,O,""
1385,2024-06-09,O,""
1385,2024-06-15,O,""
1385,2024-06-26,O,""
1385,2024-06-28,O,""
1385,2024-07-01,X,""
1385,2024-07-09,O,""
1385,2024-07-11,X,""
1385,2024-07-13,O,""
1385,2024-07-18,O,""
1385,2024-07-19,D,""
1385,2024-07-21,B,""
1385,2024-07-22,O,""
1385,2024-07-24,O,""
1385,2024-07-25,B,""
1385,2024-07-29,O,""
1385,2024-07-30,O,""
1645,2024-05-26,O,""
1645,2024-05-31,O,""
1645,2024-06-03,X,""
1645,2024-06-10,O,""
1645,2024-06-11,B,""
1645,2024-06-13,B,""
1645,2024-06-14,O,""
1645,2024-07-08,O,""
1645,2024-07-13,O,""
1645,2024-07-17,O,""
1645,2024-07-18,O,""
1645,2024-07-21,O,""
1645,2024-07-25,O,""
1645,2024-08-01,O,""
1645,2024-08-08,B,""
1788,2024-05-20,B,""
1788,2024-05-21,O,""
1788,2024-05-22,O,""
1788,2024-05-26,O,""
1788,2024-05-27,D,""
1788,2024-05-30,O,""
1788,2024-06-02,O,""
1788,2024-06-11,O,""
1788,2024-06-12,O,""
1788,2024-06-21,O,""
1788,2024-07-01,B,""
1788,2024-07-07,O,""
1788,2024-07-21,O,""
1788,2024-07-24,O,""
1788,2024-07-25,B,""
1788,2024-07-29,O,""
1788,2024-08-01,O,""
1788,2024-08-02,O,""
1788,2024-08-14,O,""
1788,2024-08-21,O,""
1788,2024-08-23,O,""
1788,2024-08-24,O,""
1788,2024-08-30,O,""
1788,2024-08-31,O,""
1788,2024-09-01,O,""
1788,2024-09-08,B,""
1290,2024-05-21,O,""
1290,2024-05-22,O,""
1290,2024-05-25,O,""
1290,2024-05-26,O,""
1290,2024-05-28,O,""
1290,2024-05-31,B,""
1290,2024-06-01,O,""
1290,2024-06-05,B,""
1290,2024-06-13,O,""
1290,2024-06-15,B,""
1290,2024-06-21,O,""
1290,2024-06-22,O,""
1290,2024-06-25,C,""
1290,2024-07-08,O,""
1290,2024-07-09,B,""
1290,2024-07-10,B,""
1290,2024-07-15,O,""
1290,2024-07-21,O,""
1290,2024-07-23,O,""
1290,2024-08-04,O,""
1290,2024-08-05,O,""
1290,2024-08-14,B,""
1290,2024-08-15,O,""
1290,2024-08-17,O,""
1290,2024-08-22,X,""
1290,2024-08-24,O,""
1290,2024-08-26,B,""
1290,2024-09-03,O,""
1290,2024-09-13,O,""
1290,2024-09-21,C,""
1290,2024-09-26,O,""
1290,2024-09-27,B,""
1290,2024-09-29,O,""
1290,2024-09-30,O,""
1492,2024-05-20,C,""
1492,2024-05-21,O,""
1492,2024-05-22,O,""
1492,2024-05-28,O,""
1492,2024-05-29,O,""
1492,2024-06-03,B,""
1492,2024-06-05,O,""
1492,2024-06-08,O,""
1492,2024-06-11,X,""
1492,2024-06-12,O,""
1492,2024-06-16,O,""
1492,2024-06-20,O,""
1492,2024-06-22,O,""
1492,2024-06-25,O,""
1492,2024-07-04,O,""
1492,2024-07-09,O,""
1492,2024-07-11,X,""
1492,2024-07-22,B,""
1492,2024-08-01,O,""
1492,2024-08-03,O,""
1492,2024-08-04,O,""
1492,2024-08-08,O,""
1492,2024-08-11,O,""
1492,2024-08-24,O,""
1250,2024-05-18,O,""
1250,2024-05-24,O,""
1250,2024-05-27,O,""
1250,2024-06-03,O,""
1250,2024-06-04,N,""
1250,2024-06-06,O,""
1250,2024-06-10,O,""
1250,2024-06-23,O,""
1250,2024-06-28,O,""
1250,2024-06-29,O,""
1250,2024-07-03,O,""
1250,2024-07-06,B,""
1250,2024-07-11,O,""
1250,2024-07-15,O,""
1250,2024-07-18,O,""
1250,2024-07-19,X,""
1250,2024-07-21,O,""
1250,2024-07-26,O,""
1250,2024-07-30,O,""
1250,2024-08-08,O,""
1250,2024-08-09,B,""
1250,2024-08-12,O,""
1250,2024-08-17,B,""
1240,2024-05-22,O,""
1240,2024-05-23,O,""
1240,2024-05-24,O,""
1240,2024-05-28,O,""
1240,2024-05-30,O,""
1240,2024-06-02,O,""
1240,2024-06-09,O,""
1240,2024-06-13,O,""
1240,2024-06-19,O,""
1240,2024-07-01,O,""
1240,2024-07-02,O,""
1240,2024-07-04,O,""
1240,2024-07-07,O,""
1240,2024-07-25,O,""
1240,2024-07-31,O,""
1240,2024-08-01,O,""
1240,2024-08-02,O,""
1240,2024-08-03,O,""
1240,2024-08-06,B,""
1240,2024-08-09,O,""
1240,2024-08-12,O,""
1240,2024-08-18,O,""
1240,2024-08-24,O,""
1240,2024-08-25,O,""
1240,2024-08-26,B,""
1240,2024-08-27,O,""
1240,2024-08-28,O,""
1240,2024-08-31,O,""
1240,2024-09-06,C,""
1240,2024-09-09,O,""
1240,2024-09-13,O,""
1240,2024-09-22,X,""
1240,2024-09-23,O,""
1240,2024-09-26,B,""
1577,2024-05-21,O,""
1577,2024-05-31,B,""
1577,2024-06-05,O,""
1577,2024-06-07,O,""
1577,2024-06-08,O,""
1577,2024-06-12,B,""
1577,2024-06-14,O,""
1577,2024-06-16,B,""
1577,2024-06-18,O,""
1577,2024-06-19,O,""
1577,2024-06-25,O,""
1577,2024-06-28,C,""
1577,2024-06-30,O,""
1577,2024-07-02,O,""
1577,2024-07-10,O,""
1577,2024-07-11,O,""
1577,2024-07-13,O,""
1577,2024-07-19,X,""
1577,2024-07-22,O,""
1577,2024-07-24,O,""
1577,2024-07-26,B,""
1577,2024-08-15,O,""
1577,2024-08-20,O,""
1577,2024-08-25,X,""
1577,2024-08-26,O,""
1577,2024-08-31,O,""
1577,2024-09-01,B,""
1577,2024-09-06,X,""
1577,2024-09-15,B,""
1754,2024-05-18,O,""
1754,2024-05-23,B,""
1754,2024-05-26,O,""
1754,2024-05-29,O,""
1754,2024-06-02,C,""
1754,2024-06-06,O,""
1754,2024-06-08,O,""
1754,2024-06-09,O,""
1754,2024-06-11,O,""
1754,2024-06-15,O,""
1754,2024-06-16,O,""
1754,2024-06-18,O,""
1754,2024-06-19,O,""
1754,2024-06-22,B,""
1754,2024-06-27,O,""
1754,2024-06-30,O,""
1754,2024-07-09,O,""
1754,2024-07-10,O,""
1754,2024-07-11,B,""
1754,2024-07-12,N,""
1754,2024-07-14,B,""
1754,2024-07-15,O,""
1754,2024-07-16,X,""
1754,2024-07-24,B,""
1754,2024-07-29,O,""
1754,2024-07-31,O,""
1754,2024-08-02,O,""
1754,2024-08-07,O,""
1754,2024-08-09,O,""
1754,2024-08-11,O,""
1754,2024-08-12,O,""
1754,2024-08-16,O,""
1754,2024-08-17,O,""
1754,2024-08-23,O,""
1754,2024-08-24,O,""
1754,2024-08-26,O,""
1754,2024-09-04,O,""
1754,2024-09-06,B,""
1754,2024-09-13,O,""
1754,2024-09-16,O,""
1754,2024-09-17,B,""
1754,2024-09-18,O,""
1754,2024-09-21,B,""
1754,2024-09-23,O,""
1294,2024-05-21,O,""
1294,2024-05-22,O,""
1294,2024-05-23,O,""
1294,2024-05-26,O,""
1294,2024-05-29,O,""
1294,2024-06-02,C,""
1294,2024-06-07,O,""
1294,2024-06-16,O,""
1294,2024-06-17,O,""
1294,2024-06-20,B,""
1294,2024-06-23,O,""
1294,2024-06-29,O,""
1294,2024-07-13,O,""
1294,2024-07-15,X,""
1294,2024-07-16,O,""
1294,2024-07-17,O,""
1294,2024-07-30,X,""
1294,2024-08-06,B,""
1294,2024-08-09,O,""
1546,2024-05-19,O,""
1546,2024-05-20,O,""
1546,2024-05-23,B,""
1546,2024-05-26,B,""
1546,2024-05-27,O,""
1546,2024-05-28,O,""
1546,2024-05-29,O,""
1546,2024-06-02,O,""
1546,2024-06-04,O,""
1546,2024-06-07,O,""
1546,2024-06-14,O,""
1546,2024-07-08,O,""
1546,2024-07-11,B,""
1546,2024-07-12,O,""
1546,2024-07-13,O,""
1546,2024-07-18,O,""
1546,2024-07-21,O,""
1546,2024-07-24,B,""
1546,2024-07-30,O,""
1546,2024-07-31,O,""
1546,2024-08-02,O,""
1546,2024-08-05,O,""
1409,2024-05-23,O,""
1409,2024-05-24,B,""
1409,2024-05-25,O,""
1409,2024-05-26,O,""
1409,2024-05-27,X,""
1409,2024-05-29,O,""
1409,2024-05-31,O,""
1409,2024-06-02,O,""
1409,2024-06-03,B,""
1409,2024-06-04,O,""
1409,2024-06-07,B,""
1409,2024-06-12,O,""
1409,2024-06-16,B,""
1409,2024-06-17,O,""
1409,2024-06-20,O,""
1409,2024-06-21,O,""
1409,2024-06-23,B,""
1409,2024-06-27,B,""
1409,2024-06-29,B,""
1409,2024-07-01,B,""
1409,2024-07-02,O,""
1409,2024-07-07,O,""
1409,2024-07-11,O,""
1409,2024-07-13,O,""
1409,2024-07-27,O,""
1409,2024-07-28,O,""
1409,2024-07-30,B,""
1409,2024-08-01,O,""
1409,2024-08-09,O,""
1409,2024-08-17,O,""
1409,2024-08-21,O,""
1409,2024-08-22,D,""
1409,2024-08-26,O,""
1409,2024-08-28,C,""
1409,2024-09-02,B,""
1409,2024-09-03,X,""
1409,2024-09-08,B,""
1409,2024-09-10,O,""
1409,2024-09-18,O,""
1409,2024-09-19,O,""
1409,2024-09-22,O,""
1409,2024-09-24,B,""
1409,2024-09-27,X,""
1196,2024-05-19,O,""
1196,2024-05-20,B,""
1196,2024-05-26,C,""
1196,2024-05-28,B,""
1196,2024-06-04,O,""
1196,2024-06-05,C,""
1196,2024-06-11,O,""
1196,2024-06-20,O,""
1196,2024-06-27,O,""
1196,2024-07-06,O,""
1196,2024-07-07,O,""
1196,2024-07-09,O,""
1196,2024-07-11,O,""
1196,2024-07-14,C,""
1196,2024-07-20,O,""
1196,2024-07-28,O,""
1196,2024-07-29,O,""
1196,2024-08-01,O,""
1196,2024-08-02,O,""
1196,2024-08-05,O,""
1196,2024-08-11,O,""
1196,2024-08-13,O,""
1196,2024-08-14,B,""
1293,2024-05-27,O,""
1293,2024-05-30,O,""
1293,2024-06-06,O,""
1293,2024-06-07,O,""
1293,2024-06-19,O,""
1293,2024-06-23,O,""
1293,2024-06-24,O,""
1293,2024-06-26,O,""
1293,2024-07-09,B,""
1293,2024-07-11,O,""
1293,2024-07-13,X,""
1293,2024-07-17,O,""
1293,2024-07-23,O,""
1293,2024-07-24,O,""
1293,2024-07-27,B,""
1293,2024-08-06,B,""
1293,2024-08-08,O,""
1293,2024-08-10,O,""
1293,2024-08-16,O,""
1293,2024-08-17,O,""
1293,2024-08-20,O,""
1293,2024-09-01,O,""
1293,2024-09-05,B,""
1293,2024-09-08,O,""
1293,2024-09-09,O,""
1293,2024-09-10,B,""
1379,2024-05-25,B,""
1379,2024-05-26,O,""
1379,2024-05-30,B,""
1379,2024-06-01,B,""
1379,2024-06-06,O,""
1379,2024-06-08,O,""
1379,2024-06-11,B,""
1379,2024-06-19,O,""
1379,2024-06-20,O,""
1379,2024-06-21,X,""
1379,2024-06-24,O,""
1379,2024-06-25,B,""
1379,2024-06-30,O,""
1379,2024-07-04,B,""
1379,2024-07-05,O,""
1379,2024-07-07,O,""
1379,2024-07-12,B,""
1379,2024-07-20,D,""
1379,2024-07-27,O,""
1379,2024-07-30,O,""
1235,2024-05-19,O,""
1235,2024-05-22,X,""
1235,2024-05-26,O,""
1235,2024-05-27,O,""
1235,2024-05-31,O,""
1235,2024-06-03,O,""
1235,2024-06-07,O,""
1235,2024-06-10,C,""
1235,2024-06-19,O,""
1235,2024-06-22,O,""
1235,2024-06-23,O,""
1235,2024-06-26,O,""
1235,2024-06-30,O,""
1618,2024-05-20,O,""
1618,2024-05-22,O,""
1618,2024-05-23,X,""
1618,2024-05-25,O,""
1618,2024-05-29,O,""
1618,2024-05-30,C,""
1618,2024-06-08,O,""
1618,2024-06-19,O,""
1691,2024-05-30,O,""
1691,2024-06-01,O,""
1691,2024-06-05,O,""
1691,2024-06-14,O,""
1691,2024-06-17,O,""
1691,2024-06-20,X,""
1691,2024-06-21,O,""
1691,2024-06-23,O,""
1691,2024-06-24,O,""
1691,2024-06-27,O,""
1691,2024-06-30,O,""
1691,2024-07-02,O,""
1426,2024-05-19,O,""
1426,2024-05-24,O,""
1426,2024-05-27,O,""
1426,2024-05-28,O,""
1426,2024-05-30,O,""
1426,2024-06-04,O,""
1426,2024-06-06,O,""
1426,2024-06-20,O,""
1426,2024-06-22,C,""
1426,2024-06-24,O,""
1426,2024-06-25,O,""
1426,2024-06-27,O,""
1426,2024-06-30,O,""
1426,2024-07-02,B,""
1426,2024-07-03,O,""
1426,2024-07-05,O,""
1426,2024-07-21,O,""
1426,2024-07-22,B,""
1426,2024-07-30,O,""
1426,2024-07-31,O,""
1426,2024-08-04,O,""
1426,2024-08-05,O,""
1426,2024-08-11,C,""
1426,2024-08-16,O,""
1426,2024-08-18,B,""
1426,2024-08-22,O,""
1426,2024-08-23,C,""
1426,2024-08-27,B,""
1426,2024-08-29,O,""
1426,2024-09-01,O,""
1426,2024-09-03,O,""
1426,2024-09-05,O,""
1426,2024-09-09,O,""
1426,2024-09-11,O,""
1426,2024-09-13,O,""
1426,2024-09-19,B,""
1426,2024-09-23,O,""
1426,2024-09-27,O,""
1572,2024-05-16,C,""
1572,2024-05-17,O,""
1572,2024-05-19,O,""
1572,2024-05-21,O,""
1572,2024-05-22,O,""
1572,2024-05-24,B,""
1572,2024-05-25,O,""
1572,2024-05-29,O,""
1572,2024-06-03,O,""
1572,2024-06-06,B,""
1572,2024-06-09,B,""
1572,2024-06-10,O,""
1572,2024-06-13,O,""
1572,2024-06-23,O,""
1572,2024-06-25,O,""
1572,2024-06-26,O,""
1572,2024-07-03,O,""
1572,2024-07-05,B,""
1572,2024-07-06,O,""
1572,2024-07-08,O,""
1572,2024-07-18,O,""
1572,2024-07-23,O,""
1572,2024-07-24,O,""
1572,2024-07-29,B,""
1416,2024-05-23,O,""
1416,2024-06-01,B,""
1416,2024-06-03,O,""
1416,2024-06-07,O,""
1416,2024-06-08,B,""
1416,2024-06-09,B,""
1416,2024-06-16,C,""
1416,2024-06-21,O,""
1416,2024-07-03,O,""
1416,2024-07-12,O,""
1416,2024-07-21,O,""
1416,2024-07-22,O,""
1416,2024-08-02,B,""
1416,2024-08-05,O,""
1416,2024-08-09,O,""
1416,2024-08-13,B,""
1416,2024-08-15,O,""
1373,2024-05-19,O,""
1373,2024-05-21,O,""
1373,2024-05-23,O,""
1373,2024-05-24,O,""
1373,2024-05-29,O,""
1373,2024-06-16,O,""
1373,2024-06-17,B,""
1373,2024-06-19,O,""
1497,2024-05-20,O,""
1497,2024-05-25,B,""
1497,2024-05-26,O,""
1497,2024-05-28,O,""
1497,2024-05-30,O,""
1497,2024-05-31,O,""
1497,2024-06-06,X,""
1497,2024-06-07,B,""
1497,2024-06-08,B,""
1497,2024-06-10,O,""
1497,2024-06-18,O,""
1497,2024-06-21,O,""
1497,2024-06-22,O,""
1497,2024-06-25,O,""
1497,2024-06-30,O,""
1497,2024-07-02,O,""
1497,2024-07-10,O,""
1497,2024-07-14,O,""
1497,2024-07-20,O,""
1497,2024-07-30,C,""
1497,2024-08-07,O,""
1497,2024-08-12,O,""
1497,2024-08-14,X,""
1497,2024-08-18,B,""
1497,2024-08-20,X,""
1497,2024-08-30,B,""
1497,2024-08-31,O,""
1497,2024-09-04,X,""
1497,2024-09-05,B,""
1497,2024-09-06,O,""
1497,2024-09-07,O,""
1497,2024-09-09,O,""
1497,2024-09-10,O,""
1497,2024-09-11,B,""
1672,2024-05-26,O,""
1672,2024-06-02,C,""
1672,2024-06-05,O,""
1672,2024-06-10,B,""
1672,2024-06-18,O,""
1672,2024-06-20,X,""
1672,2024-06-24,X,""
1672,2024-06-30,O,""
1672,2024-07-14,B,""
1672,2024-07-15,X,""
1672,2024-07-18,O,""
1672,2024-07-19,O,""
1672,2024-07-24,O,""
1672,2024-07-26,O,""
1672,2024-07-27,X,""
1672,2024-07-29,O,""
1672,2024-08-01,O,""
1258,2024-05-25,O,""
1258,2024-05-26,O,""
1258,2024-05-29,O,""
1258,2024-06-02,O,""
1258,2024-06-05,O,""
1258,2024-06-10,O,""
1258,2024-06-14,O,""
1258,2024-06-15,X,""
1258,2024-06-18,O,""
1258,2024-06-27,X,""
1258,2024-07-06,O,""
1258,2024-07-09,O,""
1258,2024-07-17,B,""
1258,2024-07-18,O,""
1258,2024-07-22,X,""
1749,2024-05-17,O,""
1749,2024-05-22,O,""
1749,2024-05-23,O,""
1749,2024-05-25,O,""
1749,2024-05-28,O,""
1749,2024-06-08,O,""
1749,2024-06-09,O,""
1749,2024-06-12,O,""
1749,2024-06-13,O,""
1749,2024-06-16,O,""
1749,2024-06-23,O,""
1749,2024-06-24,O,""
1607,2024-05-18,O,""
1607,2024-05-19,O,""
1607,2024-05-20,O,""
1607,2024-05-22,B,""
1607,2024-05-24,X,""
1607,2024-05-28,O,""
1607,2024-05-29,O,""
1607,2024-06-09,O,""
1607,2024-06-27,O,""
1607,2024-07-01,O,""
1607,2024-07-02,O,""
1607,2024-07-03,O,""
1607,2024-07-09,O,""
1607,2024-07-12,O,""
1607,2024-07-14,N,""
1690,2024-05-17,O,""
1690,2024-05-29,O,""
1690,2024-05-31,O,""
1690,2024-06-08,O,""
1690,2024-06-12,O,""
1690,2024-06-13,X,""
1690,2024-06-14,O,""
1690,2024-06-29,O,""
1690,2024-07-01,O,""
1690,2024-07-07,B,""
1690,2024-07-08,O,""
1690,2024-07-13,C,""
1690,2024-07-15,O,""
1690,2024-07-17,O,""
1690,2024-07-20,O,""
1690,2024-07-28,O,""
1690,2024-08-04,O,""
1690,2024-08-05,B,""
1690,2024-08-08,O,""
1690,2024-08-09,O,""
1690,2024-08-22,O,""
1690,2024-08-25,O,""
1705,2024-05-19,O,""
1705,2024-05-24,X,""
1705,2024-05-25,O,""
1705,2024-05-29,O,""
1705,2024-05-31,O,""
1705,2024-06-02,X,""
1705,2024-06-04,O,""
1705,2024-06-10,O,""
1705,2024-06-12,O,""
1705,2024-06-15,O,""
1705,2024-06-16,O,""
1705,2024-06-18,X,""
1705,2024-06-22,O,""
1705,2024-06-29,B,""
1705,2024-07-01,O,""
1283,2024-05-25,B,""
1283,2024-05-26,O,""
1283,2024-05-27,O,""
1283,2024-05-28,O,""
1283,2024-06-01,B,""
1283,2024-06-02,O,""
1283,2024-06-04,O,""
1283,2024-06-05,X,""
1283,2024-06-08,O,""
1283,2024-06-12,O,""
1283,2024-06-19,O,""
1283,2024-06-22,O,""
1283,2024-07-01,O,""
1283,2024-07-03,O,""
1283,2024-07-08,O,""
1283,2024-07-14,O,""
1283,2024-07-20,O,""
1283,2024-07-21,O,""
1283,2024-07-27,O,""
1283,2024-07-28,O,""
1283,2024-08-01,O,""
1283,2024-08-03,O,""
1283,2024-08-05,X,""
1283,2024-08-12,O,""
1283,2024-08-14,B,""
1283,2024-08-15,O,""
1283,2024-08-21,O,""
1283,2024-08-26,O,""
1283,2024-08-27,B,""
1283,2024-09-02,O,""
1283,2024-09-07,O,""
1787,2024-05-16,D,""
1787,2024-05-22,O,""
1787,2024-05-24,C,""
1787,2024-05-25,N,""
1787,2024-05-30,O,""
1787,2024-06-10,O,""
1787,2024-06-11,C,""
1787,2024-06-19,B,""
1787,2024-06-22,B,""
1787,2024-06-25,B,""
1787,2024-06-28,O,""
1787,2024-07-01,O,""
1787,2024-07-04,O,""
1451,2024-05-22,O,""
1451,2024-05-23,O,""
1451,2024-05-24,O,""
1451,2024-05-26,O,""
1451,2024-05-27,O,""
1451,2024-05-29,O,""
1451,2024-06-02,N,""
1451,2024-06-05,O,""
1451,2024-06-08,O,""
1451,2024-06-11,C,""
1451,2024-06-12,O,""
1451,2024-06-23,O,""
1451,2024-07-01,B,""
1652,2024-05-24,X,""
1652,2024-05-29,O,""
1652,2024-06-06,X,""
1652,2024-06-07,O,""
1652,2024-06-12,O,""
1652,2024-06-14,O,""
1652,2024-06-28,C,""
1652,2024-07-01,O,""
1652,2024-07-02,O,""
1652,2024-07-08,O,""
1652,2024-07-16,O,""
1652,2024-07-18,O,""
1652,2024-07-22,O,""
1652,2024-07-24,O,""
1574,2024-05-16,B,""
1574,2024-05-23,O,""
1574,2024-05-30,O,""
1574,2024-05-31,O,""
1574,2024-06-02,O,""
1574,2024-06-04,O,""
1574,2024-06-06,O,""
1574,2024-06-07,O,""
1574,2024-06-09,O,""
1574,2024-06-11,O,""
1574,2024-06-14,O,""
1574,2024-06-19,O,""
1375,2024-05-14,N,""
1375,2024-05-16,O,""
1375,2024-05-23,D,""
1375,2024-05-26,O,""
1375,2024-05-27,O,""
1375,2024-06-02,O,""
1375,2024-06-04,O,""
1375,2024-06-05,O,""
1375,2024-06-10,O,""
1375,2024-06-14,O,""
1375,2024-06-15,O,""
1375,2024-06-23,X,""
1375,2024-06-27,O,""
1375,2024-06-29,O,""
1375,2024-07-02,O,""
1375,2024-07-03,O,""
1375,2024-07-17,B,""
1375,2024-07-18,O,""
1375,2024-07-19,O,""
1375,2024-07-21,D,""
1375,2024-07-23,O,""
1375,2024-07-27,O,""
1375,2024-07-28,B,""
1375,2024-07-29,O,""
1375,2024-07-30,O,""
1375,2024-08-07,X,""
1375,2024-08-09,O,""
1375,2024-08-10,B,""
1375,2024-08-12,O,""
1375,2024-08-13,O,""
1375,2024-08-16,O,""
1375,2024-08-17,O,""
1375,2024-08-19,O,""
1375,2024-08-21,O,""
1375,2024-08-24,O,""
1375,2024-08-26,O,""
1375,2024-08-30,O,""
1375,2024-09-03,O,""
1375,2024-09-06,O,""
1375,2024-09-13,O,""
1375,2024-09-15,O,""
1375,2024-09-16,X,""
1375,2024-09-17,O,""
1375,2024-09-19,B,""
1375,2024-09-20,O,""
1277,2024-05-23,O,""
1277,2024-05-24,B,""
1277,2024-05-26,O,""
1277,2024-05-27,O,""
1277,2024-05-28,O,""
1277,2024-06-06,O,""
1277,2024-06-18,C,""
1277,2024-06-20,O,""
1277,2024-06-30,B,""
1625,2024-05-19,O,""
1625,2024-05-20,O,""
1625,2024-05-21,O,""
1625,2024-05-24,O,""
1625,2024-05-27,O,""
1625,2024-05-29,O,""
1625,2024-06-04,O,""
1625,2024-06-05,B,""
1625,2024-06-06,B,""
1625,2024-06-11,O,""
1625,2024-06-13,O,""
1625,2024-06-15,C,""
1625,2024-06-16,B,""
1625,2024-06-28,O,""
1625,2024-07-04,O,""
1625,2024-07-06,O,""
1625,2024-07-13,O,""
1625,2024-07-17,B,""
1625,2024-07-18,O,""
1625,2024-07-21,C,""
1625,2024-07-26,O,""
1625,2024-07-30,O,""
1625,2024-08-03,O,""
1625,2024-08-05,O,""
1625,2024-08-06,O,""
1625,2024-08-19,O,""
1625,2024-08-20,O,""
1625,2024-08-22,O,""
1625,2024-08-23,O,""
1625,2024-08-25,O,""
1460,2024-05-21,O,""
1460,2024-05-22,O,""
1460,2024-05-23,O,""
1460,2024-05-24,O,""
1460,2024-05-29,O,""
1460,2024-06-02,O,""
1460,2024-06-05,B,""
1460,2024-06-07,O,""
1460,2024-06-09,B,""
1460,2024-06-11,B,""
1460,2024-06-18,N,""
1460,2024-06-21,X,""
1460,2024-06-23,O,""
1460,2024-06-25,O,""
1460,2024-06-26,X,""
1460,2024-07-05,O,""
1460,2024-07-11,X,""
1460,2024-07-14,B,""
1460,2024-07-15,O,""
1460,2024-07-22,B,""
1460,2024-07-24,N,""
1460,2024-08-01,O,""
1460,2024-08-03,O,""
1460,2024-08-04,N,""
1460,2024-08-06,O,""
1460,2024-08-07,O,""
1460,2024-08-08,O,""
1460,2024-08-26,B,""
1460,2024-08-27,O,""
1460,2024-08-31,O,""
1460,2024-09-01,X,""
1460,2024-09-02,O,""
1460,2024-09-05,O,""
1460,2024-09-10,O,""
1460,2024-09-17,B,""
1460,2024-09-20,O,""
1460,2024-09-21,B,""
1460,2024-09-23,O,""
1460,2024-09-25,O,""
1460,2024-09-26,O,""
1460,2024-09-29,O,""
1384,2024-05-19,O,""
1384,2024-05-22,O,""
1384,2024-05-25,X,""
1384,2024-05-26,O,""
1384,2024-05-27,C,""
1384,2024-05-31,O,""
1384,2024-06-01,O,""
1384,2024-06-02,B,""
1384,2024-06-06,O,""
1384,2024-06-07,O,""
1384,2024-06-08,O,""
1384,2024-06-09,O,""
1384,2024-06-10,O,""
1384,2024-06-17,C,""
1384,2024-06-18,O,""
1384,2024-06-22,O,""
1384,2024-06-23,B,""
1384,2024-06-26,O,""
1384,2024-06-27,O,""
1384,2024-06-28,B,""
1384,2024-07-08,O,""
1384,2024-07-13,O,""
1384,2024-07-21,O,""
1384,2024-07-23,O,""
1384,2024-07-30,O,""
1384,2024-08-09,O,""
1384,2024-08-10,O,""
1384,2024-08-13,O,""
1384,2024-08-17,O,""
1384,2024-08-19,O,""
1384,2024-08-25,X,""
1384,2024-08-30,O,""
1384,2024-08-31,B,""
1384,2024-09-07,O,""
1262,2024-05-23,O,""
1262,2024-05-25,X,""
1262,2024-05-26,O,""
1262,2024-05-28,O,""
1262,2024-05-29,B,""
1262,2024-05-30,O,""
1262,2024-06-03,O,""
1262,2024-06-05,O,""
1262,2024-06-24,O,""
1262,2024-06-26,O,""
1262,2024-06-27,O,""
1262,2024-07-06,O,""
1262,2024-07-13,X,""
1262,2024-07-18,O,""
1262,2024-07-21,O,""
1262,2024-07-30,X,""
1262,2024-08-04,O,""
1262,2024-08-07,B,""
1262,2024-08-09,B,""
1262,2024-08-12,O,""
1262,2024-08-17,O,""
1262,2024-08-20,O,""
1262,2024-08-27,O,""
1262,2024-08-29,O,""
1262,2024-08-30,O,""
1262,2024-09-01,O,""
1262,2024-09-03,C,""
1262,2024-09-06,O,""
1262,2024-09-09,B,""
1262,2024-09-12,X,""
1262,2024-09-13,B,""
1262,2024-09-14,N,""
1262,2024-09-20,O,""
1262,2024-09-25,B,""
1262,2024-09-27,O,""
1262,2024-09-28,O,""
1262,2024-09-29,O,""
1199,2024-05-23,O,""
1199,2024-05-30,O,""
1199,2024-06-02,O,""
1199,2024-06-04,O,""
1199,2024-06-07,O,""
1199,2024-06-08,O,""
1199,2024-06-13,O,""
1199,2024-06-15,O,""
1199,2024-06-21,O,""
1199,2024-06-24,O,""
1199,2024-06-25,O,""
1199,2024-06-28,O,""
1199,2024-06-29,O,""
1199,2024-07-05,B,""
1199,2024-07-06,C,""
1199,2024-07-16,O,""
1199,2024-07-20,O,""
1199,2024-08-01,C,""
1199,2024-08-04,O,""
1199,2024-08-07,O,""
1301,2024-05-22,B,""
1301,2024-05-23,O,""
1301,2024-05-24,O,""
1301,2024-05-26,O,""
1301,2024-05-28,O,""
1301,2024-06-03,O,""
1301,2024-06-07,O,""
1301,2024-06-10,O,""
1301,2024-06-11,O,""
1301,2024-06-13,O,""
1301,2024-06-16,O,""
1301,2024-06-17,O,""
1301,2024-06-30,O,""
1301,2024-07-01,O,""
1301,2024-07-10,O,""
1301,2024-07-11,O,""
1301,2024-07-13,O,""
1301,2024-07-15,O,""
1301,2024-07-16,O,""
1301,2024-07-20,O,""
1301,2024-07-21,O,""
1301,2024-07-23,O,""
1301,2024-07-25,O,""
1301,2024-07-27,B,""
1301,2024-07-29,O,""
1301,2024-07-30,O,""
1301,2024-07-31,O,""
1301,2024-08-07,O,""
1301,2024-08-15,O,""
1301,2024-08-18,O,""
1561,2024-05-18,O,""
1561,2024-05-19,O,""
1561,2024-05-20,O,""
1561,2024-05-22,N,""
1561,2024-05-26,O,""
1561,2024-05-27,O,""
1561,2024-05-28,O,""
1561,2024-05-29,B,""
1561,2024-06-02,O,""
1561,2024-06-26,O,""
1561,2024-07-02,O,""
1561,2024-07-04,O,""
1561,2024-07-05,O,""
1561,2024-07-08,O,""
1561,2024-07-09,O,""
1561,2024-07-11,O,""
1561,2024-07-16,O,""
1561,2024-07-17,O,""
1526,2024-05-20,O,""
1526,2024-05-23,O,""
1526,2024-05-25,O,""
1526,2024-05-27,O,""
1526,2024-05-28,O,""
1526,2024-06-04,B,""
1526,2024-06-05,O,""
1526,2024-06-16,C,""
1526,2024-06-21,O,""
1526,2024-06-23,O,""
1526,2024-06-24,O,""
1526,2024-06-25,B,""
1526,2024-07-05,X,""
1526,2024-07-09,O,""
1526,2024-07-12,B,""
1526,2024-07-14,O,""
1526,2024-07-15,C,""
1526,2024-07-20,O,""
1526,2024-07-21,B,""
1776,2024-05-15,O,""
1776,2024-05-20,O,""
1776,2024-05-22,O,""
1776,2024-05-23,O,""
1776,2024-05-27,O,""
1776,2024-05-29,O,""
1776,2024-05-30,O,""
1776,2024-05-31,B,""
1776,2024-06-06,O,""
1776,2024-06-13,O,""
1776,2024-06-19,O,""
1776,2024-06-22,O,""
1776,2024-06-27,O,""
1776,2024-06-29,O,""
1776,2024-07-02,X,""
1776,2024-07-09,O,""
1776,2024-07-11,D,""
1776,2024-07-17,B,""
1776,2024-08-02,O,""
1776,2024-08-03,X,""
1776,2024-08-06,O,""
1776,2024-08-11,B,""
1776,2024-08-22,O,""
1776,2024-08-26,O,""
1776,2024-08-30,O,""
1776,2024-09-03,B,""
1776,2024-09-18,X,""
1776,2024-09-19,O,""
1776,2024-09-21,O,""
1610,2024-05-18,O,""
1610,2024-05-19,B,""
1610,2024-05-21,N,""
1610,2024-05-24,O,""
1610,2024-05-26,O,""
1610,2024-05-27,N,""
1610,2024-05-28,O,""
1610,2024-05-29,O,""
1610,2024-06-02,O,""
1610,2024-06-08,B,""
1610,2024-06-13,O,""
1610,2024-06-14,O,""
1610,2024-06-17,O,""
1610,2024-06-21,B,""
1610,2024-06-22,O,""
1610,2024-07-01,O,""
1610,2024-07-04,O,""
1610,2024-07-10,O,""
1610,2024-07-13,O,""
1610,2024-07-15,B,""
1610,2024-07-19,B,""
1610,2024-07-20,O,""
1610,2024-07-24,B,""
1610,2024-07-26,O,""
1610,2024-07-28,B,""
1610,2024-07-29,O,""
1610,2024-07-30,O,""
1610,2024-08-02,O,""
1610,2024-08-10,O,""
1610,2024-08-11,X,""
1610,2024-08-13,O,""
1610,2024-08-25,O,""
1610,2024-09-01,O,""
1610,2024-09-05,O,""
1610,2024-09-11,O,""
1610,2024-09-12,O,""
1610,2024-09-13,B,""
1610,2024-09-21,O,""
1610,2024-09-22,O,""
1610,2024-09-23,D,""
1610,2024-09-24,O,""
1610,2024-09-27,O,""
1217,2024-05-26,O,""
1217,2024-05-27,O,""
1217,2024-06-01,O,""
1217,2024-06-03,O,""
1217,2024-06-05,O,""
1217,2024-06-06,O,""
1217,2024-06-08,O,""
1217,2024-06-10,O,""
1217,2024-06-23,B,""
1217,2024-06-30,O,""
1217,2024-07-05,O,""
1217,2024-07-10,O,""
1428,2024-05-14,O,""
1428,2024-05-15,O,""
1428,2024-05-22,O,""
1428,2024-05-24,B,""
1428,2024-05-28,O,""
1428,2024-05-29,O,""
1428,2024-05-31,C,""
1428,2024-06-02,O,""
1428,2024-06-05,B,""
1428,2024-06-07,O,""
1428,2024-06-09,O,""
1428,2024-06-14,O,""
1428,2024-06-19,B,""
1428,2024-06-25,O,""
1428,2024-06-26,O,""
1428,2024-06-27,O,""
1428,2024-07-02,O,""
1428,2024-07-10,D,""
1359,2024-05-19,O,""
1359,2024-05-23,O,""
1359,2024-05-28,O,""
1359,2024-05-29,O,""
1359,2024-06-20,O,""
1359,2024-07-04,O,""
1359,2024-07-06,O,""
1359,2024-07-09,B,""
1359,2024-07-12,O,""
1359,2024-07-15,O,""
1359,2024-07-17,X,""
1359,2024-07-21,O,""
1359,2024-07-23,B,""
1359,2024-07-26,O,""
1359,2024-08-05,O,""
1359,2024-08-07,O,""
1359,2024-08-11,O,""
1359,2024-08-18,O,""
1359,2024-08-19,O,""
1359,2024-08-22,D,""
1359,2024-08-31,O,""
1359,2024-09-01,O,""
1359,2024-09-02,O,""
1359,2024-09-07,O,""
1359,2024-09-08,D,""
1359,2024-09-09,O,""
1359,2024-09-13,B,""
1359,2024-09-20,B,""
1359,2024-09-22,B,""
1359,2024-09-24,B,""
1790,2024-05-19,O,""
1790,2024-05-24,O,""
1790,2024-05-28,O,""
1790,2024-05-29,O,""
1790,2024-05-30,O,""
1790,2024-06-05,B,""
1790,2024-06-07,O,""
1790,2024-06-13,O,""
1790,2024-06-14,N,""
1790,2024-06-23,B,""
1790,2024-06-26,O,""
1790,2024-06-28,X,""
1790,2024-07-02,O,""
1790,2024-07-08,O,""
1790,2024-07-12,O,""
1790,2024-07-15,O,""
1790,2024-07-19,O,""
1790,2024-07-25,O,""
1790,2024-07-26,O,""
1790,2024-07-30,O,""
1790,2024-08-02,O,""
1790,2024-08-08,O,""
1790,2024-08-12,O,""
1783,2024-05-17,O,""
1783,2024-05-20,O,""
1783,2024-05-22,O,""
1783,2024-05-26,O,""
1783,2024-05-28,O,""
1783,2024-05-30,O,""
1783,2024-06-01,O,""
1783,2024-06-02,O,""
1783,2024-06-07,O,""
1783,2024-06-15,O,""
1783,2024-06-24,O,""
1783,2024-06-25,O,""
1783,2024-06-29,O,""
1783,2024-06-30,O,""
1783,2024-07-06,O,""
1783,2024-07-07,B,""
1783,2024-07-10,O,""
1783,2024-07-11,O,""
1783,2024-07-12,O,""
1783,2024-07-18,O,""
1783,2024-07-21,O,""
1783,2024-07-29,O,""
1783,2024-07-30,O,""
1783,2024-08-02,O,""
1783,2024-08-05,O,""
1783,2024-08-07,O,""
1358,2024-05-23,O,""
1358,2024-06-03,O,""
1358,2024-06-04,O,""
1358,2024-06-09,O,""
1358,2024-06-13,O,""
1358,2024-06-14,O,""
1358,2024-06-30,O,""
1358,2024-07-02,O,""
1358,2024-07-03,O,""
1358,2024-07-04,O,""
1358,2024-07-06,O,""
1358,2024-07-13,X,""
1358,2024-07-14,O,""
1358,2024-07-20,B,""
1358,2024-07-25,O,""
1382,2024-05-19,O,""
1382,2024-05-28,O,""
1382,2024-05-30,O,""
1382,2024-06-08,N,""
1382,2024-06-11,O,""
1382,2024-06-13,D,""
1382,2024-06-14,O,""
1382,2024-06-17,O,""
1382,2024-06-21,O,""
1382,2024-06-24,O,""
1382,2024-06-29,O,""
1382,2024-07-01,B,""
1382,2024-07-04,B,""
1382,2024-07-07,O,""
1382,2024-07-14,O,""
1382,2024-07-15,O,""
1382,2024-07-21,O,""
1382,2024-07-27,B,""
1382,2024-07-28,O,""
1382,2024-07-30,O,""
1382,2024-07-31,B,""
1661,2024-05-23,O,""
1661,2024-06-02,O,""
1661,2024-06-05,B,""
1661,2024-06-10,O,""
1661,2024-06-14,B,""
1661,2024-06-18,B,""
1661,2024-06-19,O,""
1661,2024-06-20,O,""
1661,2024-06-21,O,""
1661,2024-06-26,O,""
1661,2024-06-30,O,""
1661,2024-07-15,B,""
1661,2024-07-20,B,""
1661,2024-07-22,O,""
1661,2024-07-24,B,""
1661,2024-07-29,O,""
1661,2024-08-02,O,""
1661,2024-08-03,O,""
1661,2024-08-05,O,""
1661,2024-08-08,O,""
1661,2024-08-09,X,""
1661,2024-08-10,O,""
1661,2024-08-11,O,""
1661,2024-08-13,B,""
1661,2024-08-17,O,""
1661,2024-08-24,O,""
1661,2024-08-25,O,""
1661,2024-08-27,C,""
1661,2024-08-28,N,""
1661,2024-08-29,O,""
1661,2024-09-02,O,""
1661,2024-09-05,O,""
1661,2024-09-08,O,""
1661,2024-09-11,O,""
1661,2024-09-15,C,""
1661,2024-09-21,O,""
1661,2024-09-23,C,""
1661,2024-09-24,O,""
1661,2024-09-30,B,""
1509,2024-05-24,O,""
1509,2024-05-25,O,""
1509,2024-05-28,B,""
1509,2024-05-30,O,""
1509,2024-06-02,O,""
1509,2024-06-22,O,""
1509,2024-07-01,O,""
1509,2024-07-15,O,""
1509,2024-07-17,O,""
1509,2024-07-21,O,""
1509,2024-07-23,O,""
1509,2024-07-24,O,""
1509,2024-07-29,D,""
1509,2024-08-02,O,""
1509,2024-08-03,O,""
1509,2024-08-15,O,""
1509,2024-08-16,O,""
1509,2024-08-19,B,""
1509,2024-08-20,O,""
1509,2024-08-26,O,""
1509,2024-08-31,B,""
1509,2024-09-01,B,""
1509,2024-09-04,O,""
1509,2024-09-05,C,""
1509,2024-09-07,O,""
1509,2024-09-08,X,""
1509,2024-09-10,O,""
1509,2024-09-15,O,""
1509,2024-09-16,C,""
1509,2024-09-18,O,""
1509,2024-09-19,C,""
1733,2024-05-19,O,""
1733,2024-05-20,X,""
1733,2024-05-22,O,""
1733,2024-05-30,O,""
1733,2024-05-31,O,""
1733,2024-06-01,O,""
1733,2024-06-05,O,""
1733,2024-06-06,B,""
1733,2024-06-09,O,""
1733,2024-06-18,O,""
1733,2024-06-25,O,""
1733,2024-06-26,O,""
1733,2024-07-05,O,""
1733,2024-07-12,B,""
1733,2024-07-13,O,""
1733,2024-07-17,O,""
1733,2024-07-18,O,""
1733,2024-07-23,B,""
1733,2024-07-26,O,""
1733,2024-07-31,O,""
1733,2024-08-07,O,""
1733,2024-08-12,O,""
1733,2024-08-17,O,""
1733,2024-08-27,O,""
1733,2024-08-28,O,""
1733,2024-08-30,O,""
1733,2024-09-06,X,""
1733,2024-09-07,B,""
1733,2024-09-10,O,""
1733,2024-09-17,O,""
1733,2024-09-18,X,""
1733,2024-09-20,B,""
1733,2024-09-24,O,""
1733,2024-09-25,X,""
1733,2024-09-28,O,""
1584,2024-05-23,O,""
1584,2024-05-26,O,""
1584,2024-05-27,O,""
1584,2024-05-30,O,""
1584,2024-05-31,O,""
1584,2024-06-01,O,""
1584,2024-06-02,O,""
1584,2024-06-08,O,""
1584,2024-06-10,C,""
1584,2024-06-11,C,""
1584,2024-06-13,O,""
1584,2024-06-16,O,""
1584,2024-06-20,B,""
1584,2024-06-21,O,""
1584,2024-06-24,O,""
1584,2024-07-13,O,""
1584,2024-07-17,X,""
1584,2024-07-19,O,""
1584,2024-07-24,O,""
1584,2024-07-25,X,""
1584,2024-07-27,B,""
1467,2024-05-24,O,""
1467,2024-05-25,O,""
1467,2024-05-31,O,""
1467,2024-06-01,B,""
1467,2024-06-11,O,""
1467,2024-06-12,O,""
1467,2024-07-01,O,""
1467,2024-07-05,O,""
1467,2024-07-11,O,""
1467,2024-07-18,O,""
1372,2024-05-19,O,""
1372,2024-05-20,O,""
1372,2024-05-24,O,""
1372,2024-05-26,O,""
1372,2024-05-29,O,""
1372,2024-05-30,X,""
1372,2024-05-31,O,""
1372,2024-06-05,O,""
1372,2024-06-10,B,""
1372,2024-06-11,O,""
1372,2024-06-26,O,""
1372,2024-07-07,O,""
1372,2024-07-08,O,""
1372,2024-07-11,O,""
1372,2024-07-14,O,""
1372,2024-07-15,X,""
1372,2024-07-18,O,""
1372,2024-07-22,O,""
1372,2024-07-27,O,""
1372,2024-07-31,B,""
1372,2024-08-02,O,""
1372,2024-08-06,O,""
1372,2024-08-08,X,""
1372,2024-08-13,O,""
1372,2024-08-17,O,""
1372,2024-08-19,O,""
1372,2024-08-21,O,""
1372,2024-08-25,B,""
1372,2024-08-27,O,""
1372,2024-08-28,O,""
1372,2024-09-01,O,""
1372,2024-09-05,D,""
1372,2024-09-06,B,""
1372,2024-09-09,O,""
1372,2024-09-12,O,""
1372,2024-09-13,O,""
1372,2024-09-15,O,""
1372,2024-09-17,O,""
1438,2024-05-20,O,""
1438,2024-05-22,O,""
1438,2024-05-25,O,""
1438,2024-05-26,O,""
1438,2024-05-27,O,""
1438,2024-05-28,O,""
1438,2024-06-03,O,""
1438,2024-06-08,O,""
1438,2024-06-11,O,""
1438,2024-06-12,O,""
1438,2024-06-19,O,""
1438,2024-06-22,B,""
1438,2024-06-24,O,""
1438,2024-06-25,O,""
1438,2024-06-26,B,""
1438,2024-06-28,O,""
1738,2024-05-22,O,""
1738,2024-05-25,O,""
1738,2024-05-26,C,""
1738,2024-05-29,O,""
1738,2024-05-30,O,""
1738,2024-06-06,O,""
1738,2024-06-11,O,""
1738,2024-06-21,B,""
1738,2024-06-28,C,""
1253,2024-05-22,O,""
1253,2024-06-05,B,""
1253,2024-06-06,O,""
1253,2024-06-11,O,""
1253,2024-06-18,B,""
1253,2024-06-19,O,""
1253,2024-06-23,O,""
1253,2024-06-26,C,""
1253,2024-07-01,O,""
1253,2024-07-03,B,""
1253,2024-07-05,O,""
1253,2024-07-08,O,""
1253,2024-07-09,N,""
1253,2024-07-10,O,""
1253,2024-07-12,O,""
1253,2024-07-16,B,""
1253,2024-07-24,O,""
1253,2024-07-25,B,""
1253,2024-07-28,O,""
1253,2024-07-30,O,""
1253,2024-08-02,O,""
1253,2024-08-06,O,""
1253,2024-08-10,O,""
1253,2024-08-17,O,""
1253,2024-08-18,B,""
1253,2024-08-19,O,""
1253,2024-08-22,O,""
1253,2024-08-26,O,""
1253,2024-08-30,O,""
1253,2024-08-31,O,""
1253,2024-09-01,O,""
1253,2024-09-02,O,""
1253,2024-09-06,O,""
1253,2024-09-09,X,""
1253,2024-09-10,B,""
1253,2024-09-11,O,""
1253,2024-09-12,O,""
1253,2024-09-16,O,""
1253,2024-09-17,X,""
1253,2024-09-19,O,""
1253,2024-09-20,O,""
1253,2024-09-22,X,""
1253,2024-09-23,X,""
1253,2024-09-28,O,""
1540,2024-05-19,O,""
1540,2024-05-21,O,""
1540,2024-05-25,O,""
1540,2024-05-26,O,""
1540,2024-06-06,O,""
1540,2024-06-09,O,""
1540,2024-06-10,O,""
1540,2024-06-13,O,""
1540,2024-06-14,O,""
1540,2024-06-25,B,""
1540,2024-07-01,O,""
1540,2024-07-02,O,""
1246,2024-05-15,O,""
1246,2024-05-17,O,""
1246,2024-05-18,O,""
1246,2024-05-23,O,""
1246,2024-05-24,O,""
1246,2024-05-25,O,""
1246,2024-05-29,B,""
1246,2024-06-02,O,""
1246,2024-06-03,B,""
1246,2024-06-04,O,""
1246,2024-06-07,O,""
1246,2024-06-08,O,""
1246,2024-06-11,O,""
1246,2024-06-13,O,""
1246,2024-06-15,O,""
1246,2024-06-17,O,""
1246,2024-06-19,O,""
1246,2024-06-20,O,""
1246,2024-06-21,O,""
1246,2024-06-22,O,""
1246,2024-06-29,O,""
1510,2024-05-17,X,""
1510,2024-05-20,O,""
1510,2024-05-26,O,""
1510,2024-05-27,O,""
1510,2024-05-29,O,""
1510,2024-05-30,O,""
1510,2024-06-07,B,""
1510,2024-06-08,O,""
1510,2024-06-11,O,""
1510,2024-06-13,O,""
1510,2024-06-15,B,""
1510,2024-06-16,N,""
1510,2024-06-18,O,""
1510,2024-06-24,B,""
1510,2024-06-27,B,""
1510,2024-06-28,B,""
1510,2024-07-08,O,""
1510,2024-07-09,O,""
1510,2024-07-11,O,""
1510,2024-07-13,O,""
1510,2024-07-14,O,""
1510,2024-07-16,O,""
1510,2024-07-17,O,""
1510,2024-07-19,B,""
1510,2024-07-20,O,""
1510,2024-07-28,B,""
1510,2024-07-31,O,""
1510,2024-08-01,O,""
1510,2024-08-07,O,""
1499,2024-05-14,B,""
1499,2024-05-15,O,""
1499,2024-05-17,O,""
1499,2024-05-19,O,""
1499,2024-05-20,O,""
1499,2024-05-23,O,""
1499,2024-05-27,O,""
1499,2024-05-28,O,""
1499,2024-05-29,O,""
1499,2024-05-31,X,""
1499,2024-06-10,O,""
1499,2024-06-22,C,""
1499,2024-06-29,O,""
1499,2024-07-07,O,""
1499,2024-07-14,O,""
1499,2024-07-18,O,""
1499,2024-07-19,O,""
1499,2024-07-21,B,""
1499,2024-07-22,B,""
1499,2024-07-24,O,""
1499,2024-07-25,O,""
1499,2024-07-28,C,""
1499,2024-07-30,O,""
1499,2024-07-31,O,""
1499,2024-08-03,O,""
1499,2024-08-04,O,""
1499,2024-08-07,O,""
1499,2024-08-08,D,""
1499,2024-08-14,C,""
1499,2024-08-16,B,""
1499,2024-08-17,O,""
1499,2024-08-26,X,""
1499,2024-08-28,O,""
1499,2024-08-29,O,""
1499,2024-09-11,O,""
1499,2024-09-12,X,""
1499,2024-09-14,O,""
1499,2024-09-16,B,""
1499,2024-09-19,B,""
1629,2024-05-23,O,""
1629,2024-05-29,O,""
1629,2024-06-06,X,""
1629,2024-06-07,X,""
1629,2024-06-09,B,""
1629,2024-06-11,O,""
1629,2024-06-15,O,""
1629,2024-06-17,O,""
1629,2024-07-01,X,""
1629,2024-07-02,O,""
1629,2024-07-04,O,""
1629,2024-07-09,O,""
1629,2024-07-11,O,""
1629,2024-07-12,O,""
1629,2024-07-13,O,""
1629,2024-07-14,X,""
1629,2024-07-15,O,""
1629,2024-07-21,O,""
1629,2024-07-22,O,""
1629,2024-07-29,O,""
1629,2024-07-30,O,""
1629,2024-07-31,O,""
1629,2024-08-03,O,""
1629,2024-08-07,O,""
1629,2024-08-14,B,""
1629,2024-08-17,O,""
1629,2024-08-19,O,""
1629,2024-08-20,O,""
1629,2024-08-22,O,""
1629,2024-08-24,B,""
1629,2024-08-26,O,""
1629,2024-08-27,O,""
1629,2024-08-29,O,""
1629,2024-09-04,B,""
1629,2024-09-08,O,""
1629,2024-09-10,O,""
1629,2024-09-11,O,""
1629,2024-09-12,O,""
1629,2024-09-13,X,""
1503,2024-05-14,O,""
1503,2024-05-17,O,""
1503,2024-05-21,B,""
1503,2024-05-27,O,""
1503,2024-05-29,O,""
1503,2024-06-05,B,""
1503,2024-06-06,O,""
1503,2024-06-14,O,""
1503,2024-06-15,O,""
1503,2024-06-16,O,""
1503,2024-06-17,O,""
1503,2024-06-20,O,""
1503,2024-06-21,B,""
1503,2024-06-22,O,""
1503,2024-06-23,O,""
1503,2024-06-25,O,""
1291,2024-05-16,X,""
1291,2024-05-17,O,""
1291,2024-05-18,X,""
1291,2024-05-19,O,""
1291,2024-05-22,B,""
1291,2024-05-25,O,""
1291,2024-05-26,O,""
1291,2024-05-28,B,""
1291,2024-06-14,O,""
1291,2024-06-15,O,""
1291,2024-06-21,O,""
1615,2024-05-18,O,""
1615,2024-05-22,O,""
1615,2024-05-28,O,""
1615,2024-05-30,O,""
1615,2024-06-11,X,""
1615,2024-06-13,O,""
1615,2024-06-14,B,""
1615,2024-06-21,O,""
1615,2024-06-23,O,""
1615,2024-07-07,O,""
1615,2024-07-08,O,""
1615,2024-07-09,O,""
1615,2024-07-14,O,""
1615,2024-07-16,O,""
1615,2024-07-19,O,""
1615,2024-07-20,O,""
1615,2024-07-23,B,""
1615,2024-07-24,O,""
1615,2024-07-27,O,""
1615,2024-08-08,O,""
1615,2024-08-11,O,""
1615,2024-08-19,O,""
1615,2024-09-02,O,""
1615,2024-09-03,X,""
1615,2024-09-05,C,""
1615,2024-09-08,O,""
1615,2024-09-10,O,""
1615,2024-09-15,X,""
1198,2024-05-17,B,""
1198,2024-05-28,O,""
1198,2024-05-30,O,""
1198,2024-05-31,O,""
1198,2024-06-05,O,""
1198,2024-06-07,O,""
1198,2024-06-10,O,""
1198,2024-06-12,O,""
1198,2024-06-13,X,""
1198,2024-06-16,O,""
1198,2024-06-17,O,""
1198,2024-06-22,O,""
1198,2024-06-24,B,""
1198,2024-06-25,O,""
1198,2024-07-01,O,""
1198,2024-07-21,O,""
1198,2024-08-14,B,""
1198,2024-08-17,O,""
1198,2024-08-24,O,""
1198,2024-08-26,O,""
1198,2024-08-27,O,""
1198,2024-08-28,O,""
1198,2024-09-01,B,""
1198,2024-09-02,O,""
1198,2024-09-05,X,""
1198,2024-09-08,O,""
1198,2024-09-18,O,""
1198,2024-09-21,O,""
1242,2024-05-11,O,""
1242,2024-05-15,O,""
1242,2024-05-22,O,""
1242,2024-05-25,O,""
1242,2024-05-26,O,""
1242,2024-05-27,O,""
1242,2024-05-29,B,""
1242,2024-06-01,O,""
1242,2024-06-03,O,""
1242,2024-06-09,O,""
1242,2024-06-10,B,""
1242,2024-06-11,B,""
1242,2024-06-13,O,""
1242,2024-06-14,O,""
1242,2024-06-15,O,""
1242,2024-06-21,O,""
1242,2024-06-23,O,""
1242,2024-06-28,B,""
1242,2024-06-29,O,""
1242,2024-07-01,O,""
1242,2024-07-08,O,""
1242,2024-07-12,O,""
1242,2024-07-17,O,""
1242,2024-07-31,O,""
1242,2024-08-06,O,""
1242,2024-08-10,O,""
1242,2024-08-17,B,""
1205,2024-05-10,O,""
1205,2024-05-12,O,""
1205,2024-05-15,O,""
1205,2024-05-21,C,""
1205,2024-05-24,O,""
1205,2024-05-27,O,""
1205,2024-05-30,O,""
1205,2024-06-04,O,""
1205,2024-06-05,O,""
1205,2024-06-10,O,""
1205,2024-06-22,O,""
1205,2024-06-26,O,""
1205,2024-06-28,O,""
1205,2024-06-29,O,""
1205,2024-07-05,B,""
1205,2024-07-09,B,""
1205,2024-07-10,O,""
1205,2024-07-12,B,""
1205,2024-07-14,C,""
1205,2024-07-18,O,""
1205,2024-07-21,N,""
1205,2024-07-26,B,""
1205,2024-07-28,B,""
1205,2024-07-30,O,""
1205,2024-08-03,B,""
1205,2024-08-07,O,""
1205,2024-08-12,O,""
1205,2024-08-13,O,""
1205,2024-08-28,O,""
1205,2024-08-31,O,""
1205,2024-09-01,B,""
1205,2024-09-02,O,""
1205,2024-09-03,O,""
1205,2024-09-05,O,""
1205,2024-09-08,O,""
1205,2024-09-11,B,""
1205,2024-09-16,O,""
1205,2024-09-23,B,""
1383,2024-05-11,O,""
1383,2024-05-12,X,""
1383,2024-05-15,N,""
1383,2024-05-16,O,""
1383,2024-05-18,O,""
1383,2024-05-22,O,""
1383,2024-05-24,O,""
1383,2024-05-30,O,""
1383,2024-06-01,O,""
1383,2024-06-11,N,""
1383,2024-06-12,O,""
1383,2024-06-17,O,""
1383,2024-06-24,O,""
1383,2024-06-25,O,""
1383,2024-06-27,O,""
1403,2024-05-14,N,""
1403,2024-05-15,O,""
1403,2024-05-16,O,""
1403,2024-05-18,X,""
1403,2024-05-19,O,""
1403,2024-05-20,B,""
1403,2024-05-25,O,""
1403,2024-05-26,O,""
1403,2024-06-05,X,""
1403,2024-06-15,O,""
1403,2024-06-18,O,""
1403,2024-06-22,X,""
1403,2024-06-23,B,""
1403,2024-06-24,O,""
1403,2024-06-26,O,""
1403,2024-06-30,O,""
1403,2024-07-10,O,""
1403,2024-07-12,O,""
1403,2024-07-14,O,""
1403,2024-07-16,O,""
1403,2024-07-24,O,""
1403,2024-07-26,B,""
1316,2024-05-17,O,""
1316,2024-05-18,O,""
1316,2024-05-20,O,""
1316,2024-05-21,O,""
1316,2024-05-25,X,""
1316,2024-05-26,O,""
1316,2024-05-27,O,""
1316,2024-05-28,O,""
1316,2024-05-31,O,""
1316,2024-06-01,O,""
1316,2024-06-04,B,""
1316,2024-06-12,O,""
1316,2024-06-13,O,""
1316,2024-06-17,O,""
1316,2024-06-23,O,""
1316,2024-06-25,B,""
1316,2024-06-28,O,""
1316,2024-07-06,O,""
1316,2024-07-11,O,""
1686,2024-05-17,O,""
1686,2024-05-20,O,""
1686,2024-05-21,O,""
1686,2024-05-24,O,""
1686,2024-05-28,O,""
1686,2024-06-02,O,""
1686,2024-06-18,O,""
1686,2024-06-24,O,""
1686,2024-06-26,O,""
1686,2024-07-01,O,""
1740,2024-05-14,O,""
1740,2024-05-25,O,""
1740,2024-05-27,X,""
1740,2024-05-28,O,""
1740,2024-05-30,O,""
1740,2024-05-31,O,""
1740,2024-06-01,O,""
1740,2024-06-08,O,""
1740,2024-06-16,O,""
1447,2024-05-19,O,""
1447,2024-05-21,O,""
1447,2024-05-24,O,""
1447,2024-05-27,O,""
1447,2024-06-01,X,""
1447,2024-06-03,B,""
1447,2024-06-05,O,""
1447,2024-06-12,X,""
1447,2024-06-13,O,""
1447,2024-06-16,O,""
1447,2024-06-20,B,""
1447,2024-06-23,O,""
1447,2024-06-24,O,""
1447,2024-06-28,O,""
1447,2024-06-30,B,""
1447,2024-07-02,B,""
1447,2024-07-11,B,""
1447,2024-07-12,O,""
1447,2024-07-13,B,""
1447,2024-07-29,O,""
1447,2024-07-30,O,""
1447,2024-08-03,N,""
1447,2024-08-05,X,""
1447,2024-08-06,O,""
1447,2024-08-07,O,""
1447,2024-08-08,O,""
1447,2024-08-09,O,""
1447,2024-08-11,C,""
1447,2024-08-13,O,""
1447,2024-08-15,O,""
1447,2024-08-24,O,""
1447,2024-08-25,O,""
1447,2024-08-27,X,""
1447,2024-09-01,B,""
1447,2024-09-04,O,""
1447,2024-09-07,O,""
1447,2024-09-08,O,""
1447,2024-09-12,O,""
1447,2024-09-14,O,""
1447,2024-09-15,O,""
1447,2024-09-20,O,""
1447,2024-09-21,B,""
1447,2024-09-29,B,""
1447,2024-09-30,C,""
1590,2024-05-17,O,""
1590,2024-05-20,C,""
1590,2024-05-22,O,""
1590,2024-05-31,O,""
1590,2024-06-03,B,""
1590,2024-06-04,O,""
1590,2024-06-14,O,""
1590,2024-06-17,O,""
1590,2024-06-19,O,""
1590,2024-06-20,O,""
1590,2024-06-21,O,""
1590,2024-06-29,O,""
1590,2024-07-07,O,""
1590,2024-07-14,O,""
1590,2024-07-18,B,""
1590,2024-07-26,O,""
1590,2024-07-28,B,""
1590,2024-07-31,X,""
1590,2024-08-12,O,""
1590,2024-08-15,O,""
1590,2024-08-16,O,""
1590,2024-08-19,O,""
1590,2024-08-21,O,""
1590,2024-08-23,O,""
1590,2024-08-24,X,""
1590,2024-08-25,O,""
1590,2024-08-27,O,""
1590,2024-09-02,O,""
1590,2024-09-03,B,""
1590,2024-09-05,O,""
1537,2024-05-24,B,""
1537,2024-05-28,O,""
1537,2024-05-29,O,""
1537,2024-05-31,N,""
1537,2024-06-04,O,""
1537,2024-06-08,X,""
1537,2024-06-10,O,""
1537,2024-06-15,O,""
1537,2024-06-18,O,""
1537,2024-06-23,B,""
1537,2024-06-26,B,""
1537,2024-06-28,O,""
1537,2024-06-29,O,""
1537,2024-07-01,O,""
1537,2024-07-07,O,""
1537,2024-07-09,O,""
1537,2024-07-16,O,""
1537,2024-07-17,O,""
1537,2024-07-18,O,""
1537,2024-07-19,X,""
1537,2024-07-20,B,""
1537,2024-07-23,O,""
1537,2024-07-29,O,""
1537,2024-07-31,B,""
1236,2024-05-18,O,""
1236,2024-05-22,O,""
1236,2024-05-29,O,""
1236,2024-06-01,O,""
1236,2024-06-04,O,""
1236,2024-06-06,B,""
1236,2024-06-18,O,""
1236,2024-06-24,O,""
1236,2024-06-29,O,""
1236,2024-06-30,O,""
1236,2024-07-01,X,""
1236,2024-07-02,O,""
1236,2024-07-06,O,""
1236,2024-07-15,O,""
1219,2024-05-11,O,""
1219,2024-05-12,B,""
1219,2024-05-14,O,""
1219,2024-05-21,O,""
1219,2024-05-23,O,""
1219,2024-05-28,O,""
1219,2024-06-01,O,""
1219,2024-06-02,O,""
1219,2024-06-09,O,""
1219,2024-06-10,O,""
1219,2024-06-17,O,""
1219,2024-06-25,O,""
1219,2024-06-30,B,""
1219,2024-07-06,O,""
1219,2024-07-09,O,""
1219,2024-07-14,X,""
1219,2024-07-26,O,""
1219,2024-08-06,O,""
1219,2024-08-07,O,""
1219,2024-08-11,O,""
1219,2024-08-15,O,""
1219,2024-08-18,D,""
1219,2024-08-22,O,""
1219,2024-08-25,O,""
1219,2024-09-03,D,""
1219,2024-09-08,O,""
1219,2024-09-09,O,""
1219,2024-09-13,D,""
1782,2024-05-11,O,""
1782,2024-05-12,O,""
1782,2024-05-13,O,""
1782,2024-05-18,O,""
1782,2024-05-20,O,""
1782,2024-05-25,O,""
1782,2024-05-26,O,""
1782,2024-05-27,O,""
1782,2024-05-28,O,""
1782,2024-05-30,O,""
1782,2024-05-31,O,""
1782,2024-06-03,O,""
1782,2024-06-05,O,""
1782,2024-06-12,O,""
1782,2024-06-13,O,""
1782,2024-06-18,C,""
1782,2024-06-19,O,""
1782,2024-07-05,O,""
1782,2024-07-06,O,""
1782,2024-07-12,D,""
1782,2024-07-16,B,""
1782,2024-07-18,B,""
1782,2024-07-20,D,""
1782,2024-07-21,O,""
1782,2024-08-04,O,""
1782,2024-08-05,O,""
1782,2024-08-08,O,""
1782,2024-08-11,O,""
1782,2024-08-12,O,""
1782,2024-08-13,O,""
1782,2024-08-15,O,""
1782,2024-08-16,O,""
1782,2024-08-18,B,""
1782,2024-08-19,O,""
1782,2024-08-22,O,""
1496,2024-05-17,X,""
1496,2024-05-19,O,""
1496,2024-05-21,O,""
1496,2024-05-25,O,""
1496,2024-05-27,B,""
1496,2024-05-28,O,""
1496,2024-05-30,O,""
1496,2024-06-02,O,""
1496,2024-06-09,O,""
1496,2024-06-13,O,""
1496,2024-06-15,O,""
1496,2024-06-16,B,""
1496,2024-06-25,O,""
1496,2024-06-29,O,""
1496,2024-07-08,O,""
1496,2024-07-12,O,""
1496,2024-07-14,B,""
1496,2024-07-18,X,""
1496,2024-07-19,O,""
1496,2024-08-10,O,""
1496,2024-08-14,O,""
1496,2024-08-15,B,""
1496,2024-08-17,O,""
1496,2024-08-21,C,""
1496,2024-08-24,B,""
1496,2024-08-25,O,""
1496,2024-08-29,B,""
1496,2024-08-30,B,""
1496,2024-09-01,B,""
1496,2024-09-09,B,""
1496,2024-09-15,O,""
1496,2024-09-16,O,""
1496,2024-09-18,O,""
1496,2024-09-19,O,""
1496,2024-09-27,O,""
1496,2024-09-28,O,""
1496,2024-09-30,C,""
1519,2024-05-08,X,""
1519,2024-05-11,O,""
1519,2024-05-12,O,""
1519,2024-05-15,O,""
1519,2024-05-16,O,""
1519,2024-05-18,C,""
1519,2024-05-22,O,""
1519,2024-05-25,O,""
1519,2024-05-26,B,""
1519,2024-05-31,X,""
1519,2024-06-01,N,""
1519,2024-06-09,B,""
1519,2024-06-16,B,""
1519,2024-06-21,D,""
1519,2024-06-26,C,""
1519,2024-06-28,X,""
1519,2024-07-04,O,""
1519,2024-07-06,O,""
1519,2024-07-08,O,""
1519,2024-07-09,O,""
1519,2024-07-11,O,""
1519,2024-07-12,B,""
1519,2024-07-14,O,""
1519,2024-07-16,O,""
1519,2024-07-18,O,""
1519,2024-07-27,O,""
1519,2024-07-28,O,""
1519,2024-07-29,B,""
1519,2024-08-03,O,""
1519,2024-08-06,O,""
1519,2024-08-10,O,""
1519,2024-08-12,O,""
1519,2024-08-20,O,""
1519,2024-08-23,O,""
1519,2024-08-30,O,""
1519,2024-09-15,O,""
1519,2024-09-21,O,""
1519,2024-09-24,B,""
1339,2024-05-19,O,""
1339,2024-05-22,O,""
1339,2024-05-24,O,""
1339,2024-05-26,O,""
1339,2024-05-29,O,""
1339,2024-05-30,O,""
1339,2024-06-01,O,""
1339,2024-06-02,O,""
1339,2024-06-06,O,""
1339,2024-06-17,O,""
1339,2024-06-18,O,""
1339,2024-06-21,X,""
1339,2024-06-25,O,""
1339,2024-06-27,X,""
1339,2024-06-29,O,""
1339,2024-07-02,O,""
1339,2024-07-03,O,""
1339,2024-07-09,O,""
1339,2024-07-10,X,""
1339,2024-07-11,O,""
1339,2024-07-13,B,""
1339,2024-07-15,B,""
1339,2024-07-16,B,""
1339,2024-07-22,O,""
1339,2024-07-27,X,""
1339,2024-08-03,C,""
1339,2024-08-12,O,""
1339,2024-08-14,O,""
1339,2024-08-15,O,""
1339,2024-08-16,O,""
1339,2024-08-19,O,""
1339,2024-08-20,O,""
1339,2024-09-01,B,""
1339,2024-09-06,X,""
1339,2024-09-07,O,""
1339,2024-09-25,O,""
1339,2024-09-27,O,""
1339,2024-09-30,C,""
1516,2024-05-21,O,""
1516,2024-05-24,O,""
1516,2024-06-02,O,""
1516,2024-06-09,B,""
1516,2024-06-13,O,""
1516,2024-06-15,O,""
1516,2024-06-20,O,""
1194,2024-05-14,O,""
1194,2024-05-16,O,""
1194,2024-05-17,O,""
1194,2024-05-18,X,""
1194,2024-05-19,O,""
1194,2024-05-20,X,""
1194,2024-05-21,O,""
1194,2024-05-24,X,""
1194,2024-05-25,O,""
1194,2024-05-26,B,""
1194,2024-05-30,O,""
1194,2024-06-08,X,""
1194,2024-06-13,O,""
1194,2024-06-15,O,""
1194,2024-06-20,O,""
1194,2024-06-23,O,""
1194,2024-06-27,O,""
1194,2024-07-07,X,""
1194,2024-07-08,O,""
1194,2024-07-10,O,""
1194,2024-07-11,C,""
1194,2024-07-15,O,""
1194,2024-07-19,O,""
1194,2024-07-20,O,""
1194,2024-07-26,O,""
1194,2024-07-31,O,""
1194,2024-08-01,O,""
1194,2024-08-04,O,""
1194,2024-08-07,X,""
1194,2024-08-10,D,""
1194,2024-08-11,O,""
1194,2024-08-13,O,""
1194,2024-08-16,B,""
1194,2024-08-22,B,""
1194,2024-08-26,O,""
1194,2024-08-27,O,""
1207,2024-05-19,O,""
1207,2024-05-20,O,""
1207,2024-05-21,O,""
1207,2024-05-25,O,""
1207,2024-05-27,N,""
1207,2024-05-30,O,""
1207,2024-06-08,O,""
1207,2024-06-11,O,""
1207,2024-06-15,O,""
1207,2024-06-29,O,""
1207,2024-07-03,B,""
1207,2024-07-04,N,""
1207,2024-07-11,O,""
1207,2024-07-12,O,""
1530,2024-05-14,O,""
1530,2024-05-20,O,""
1530,2024-05-21,O,""
1530,2024-05-23,O,""
1530,2024-05-26,O,""
1530,2024-05-27,O,""
1530,2024-05-30,O,""
1530,2024-06-01,C,""
1530,2024-06-02,O,""
1530,2024-06-14,O,""
1530,2024-06-15,O,""
1530,2024-06-18,C,""
1530,2024-06-22,O,""
1530,2024-06-26,O,""
1530,2024-06-27,O,""
1530,2024-07-16,O,""
1530,2024-07-22,O,""
1530,2024-07-23,O,""
1530,2024-07-26,O,""
1530,2024-08-07,O,""
1530,2024-08-14,O,""
1530,2024-08-17,O,""
1530,2024-08-23,O,""
1530,2024-08-26,O,""
1530,2024-08-28,O,""
1530,2024-08-29,O,""
1530,2024-08-30,O,""
1530,2024-09-02,O,""
1530,2024-09-09,O,""
1530,2024-09-14,N,""
1530,2024-09-15,O,""
1530,2024-09-16,O,""
1530,2024-09-17,O,""
1530,2024-09-18,O,""
1530,2024-09-20,O,""
1530,2024-09-23,O,""
1530,2024-09-26,B,""
1530,2024-09-28,X,""
1530,2024-09-29,O,""
1620,2024-05-16,O,""
1620,2024-05-17,O,""
1620,2024-05-26,O,""
1620,2024-05-28,C,""
1620,2024-05-30,O,""
1620,2024-05-31,X,""
1620,2024-06-07,O,""
1620,2024-06-11,C,""
1620,2024-06-13,O,""
1620,2024-06-15,O,""
1620,2024-06-18,C,""
1620,2024-06-23,O,""
1620,2024-06-27,O,""
1620,2024-07-03,O,""
1620,2024-07-04,O,""
1638,2024-05-14,O,""
1638,2024-05-15,O,""
1638,2024-05-18,O,""
1638,2024-05-20,X,""
1638,2024-05-22,O,""
1638,2024-05-23,O,""
1638,2024-05-25,X,""
1638,2024-06-11,O,""
1638,2024-06-16,O,""
1405,2024-05-10,O,""
1405,2024-05-18,O,""
1405,2024-05-20,O,""
1405,2024-05-21,O,""
1405,2024-05-23,C,""
1405,2024-05-24,O,""
1405,2024-05-26,O,""
1405,2024-06-04,O,""
1405,2024-06-14,X,""
1405,2024-06-18,O,""
1405,2024-06-21,O,""
1405,2024-06-23,B,""
1405,2024-06-25,O,""
1405,2024-06-27,O,""
1405,2024-06-29,O,""
1405,2024-07-01,O,""
1405,2024-07-04,O,""
1405,2024-07-08,O,""
1405,2024-08-09,O,""
1405,2024-08-13,O,""
1405,2024-08-21,O,""
1405,2024-08-26,B,""
1405,2024-08-28,O,""
1405,2024-08-31,O,""
1405,2024-09-02,O,""
1405,2024-09-05,O,""
1405,2024-09-12,X,""
1405,2024-09-13,X,""
1405,2024-09-14,O,""
1315,2024-05-13,O,""
1315,2024-05-15,O,""
1315,2024-05-16,O,""
1315,2024-05-21,O,""
1315,2024-05-26,X,""
1315,2024-05-27,O,""
1315,2024-05-28,X,""
1315,2024-05-31,O,""
1315,2024-06-09,O,""
1315,2024-06-11,O,""
1315,2024-06-15,O,""
1315,2024-06-25,O,""
1315,2024-06-26,B,""
1315,2024-06-30,O,""
1315,2024-07-01,B,""
1315,2024-07-06,O,""
1315,2024-07-08,B,""
1315,2024-07-09,X,""
1461,2024-05-19,O,""
1461,2024-05-21,O,""
1461,2024-05-25,B,""
1461,2024-05-28,O,""
1461,2024-05-29,O,""
1461,2024-05-31,O,""
1461,2024-06-04,O,""
1461,2024-06-08,O,""
1461,2024-06-12,O,""
1461,2024-06-21,O,""
1461,2024-06-24,O,""
1461,2024-06-25,O,""
1461,2024-06-30,O,""
1461,2024-07-05,B,""
1461,2024-07-08,O,""
1461,2024-07-11,O,""
1461,2024-07-12,O,""
1461,2024-07-18,O,""
1461,2024-07-19,O,""
1461,2024-07-21,O,""
1461,2024-07-23,O,""
1488,2024-05-16,C,""
1488,2024-05-22,O,""
1488,2024-05-23,O,""
1488,2024-05-24,O,""
1488,2024-05-25,B,""
1488,2024-06-04,B,""
1488,2024-06-08,O,""
1488,2024-06-09,O,""
1488,2024-06-11,O,""
1488,2024-06-12,O,""
1488,2024-06-18,B,""
1488,2024-06-20,O,""
1488,2024-06-24,O,""
1488,2024-06-28,B,""
1488,2024-07-02,X,""
1488,2024-07-03,O,""
1488,2024-07-05,B,""
1488,2024-07-13,B,""
1488,2024-07-15,O,""
1488,2024-07-23,O,""
1488,2024-07-25,O,""
1488,2024-07-29,O,""
1488,2024-07-30,O,""
1488,2024-08-04,O,""
1488,2024-08-13,O,""
1488,2024-08-16,O,""
1488,2024-08-21,O,""
1488,2024-08-23,O,""
1488,2024-08-28,O,""
1488,2024-08-30,O,""
1488,2024-09-04,B,""
1488,2024-09-06,X,""
1488,2024-09-09,O,""
1488,2024-09-20,B,""
1488,2024-09-22,X,""
1488,2024-09-25,B,""
1488,2024-09-27,O,""
1488,2024-09-30,O,""
1601,2024-05-13,N,""
1601,2024-05-14,O,""
1601,2024-05-18,O,""
1601,2024-05-19,O,""
1601,2024-05-20,D,""
1601,2024-05-21,O,""
1601,2024-05-26,O,""
1601,2024-05-28,O,""
1601,2024-05-30,O,""
1601,2024-06-07,B,""
1601,2024-06-19,O,""
1601,2024-06-20,X,""
1601,2024-06-25,O,""
1601,2024-06-29,O,""
1601,2024-07-02,O,""
1601,2024-07-03,O,""
1601,2024-07-04,O,""
1601,2024-07-05,B,""
1601,2024-07-06,O,""
1601,2024-07-08,O,""
1601,2024-07-09,O,""
1601,2024-07-14,B,""
1601,2024-07-18,O,""
1601,2024-07-21,O,""
1601,2024-07-29,O,""
1601,2024-08-01,O,""
1601,2024-08-09,O,""
1601,2024-08-11,O,""
1601,2024-08-12,O,""
1601,2024-08-13,O,""
1601,2024-08-16,B,""
1601,2024-08-21,O,""
1601,2024-08-22,O,""
1601,2024-08-24,O,""
1601,2024-08-26,O,""
1601,2024-08-31,O,""
1210,2024-05-13,O,""
1210,2024-05-23,O,""
1210,2024-05-27,O,""
1210,2024-05-28,O,""
1210,2024-05-30,O,""
1210,2024-06-01,O,""
1210,2024-06-07,O,""
1210,2024-06-11,O,""
1210,2024-06-18,O,""
1210,2024-06-20,O,""
1485,2024-05-19,O,""
1485,2024-05-21,O,""
1485,2024-05-22,O,""
1485,2024-05-27,O,""
1485,2024-05-29,O,""
1485,2024-06-01,O,""
1485,2024-06-04,O,""
1485,2024-06-05,O,""
1485,2024-06-12,B,""
1485,2024-06-15,O,""
1485,2024-06-19,O,""
1485,2024-06-20,X,""
1485,2024-07-01,O,""
1485,2024-07-03,C,""
1485,2024-07-07,C,""
1485,2024-07-10,X,""
1348,2024-05-13,O,""
1348,2024-05-18,O,""
1348,2024-05-22,O,""
1348,2024-05-23,O,""
1348,2024-05-24,O,""
1348,2024-05-25,O,""
1348,2024-05-27,B,""
1348,2024-05-30,O,""
1348,2024-06-01,O,""
1348,2024-06-02,O,""
1348,2024-06-08,O,""
1348,2024-06-22,O,""
1348,2024-06-25,B,""
1348,2024-07-08,B,""
1348,2024-07-11,B,""
1348,2024-07-14,O,""
1348,2024-07-21,O,""
1348,2024-07-22,O,""
1348,2024-07-25,C,""
1348,2024-07-26,B,""
1348,2024-07-29,O,""
1348,2024-08-02,O,""
1348,2024-08-04,O,""
1348,2024-08-09,O,""
1348,2024-08-15,X,""
1348,2024-08-17,B,""
1348,2024-08-25,O,""
1348,2024-08-26,O,""
1348,2024-08-28,X,""
1348,2024-08-31,B,""
1432,2024-05-15,O,""
1432,2024-05-16,O,""
1432,2024-05-17,O,""
1432,2024-05-18,O,""
1432,2024-05-21,X,""
1432,2024-05-24,O,""
1432,2024-06-03,O,""
1432,2024-06-12,O,""
1432,2024-06-13,O,""
1432,2024-06-30,O,""
1432,2024-07-03,O,""
1512,2024-05-19,O,""
1512,2024-05-24,O,""
1512,2024-05-26,O,""
1512,2024-05-29,O,""
1512,2024-05-31,O,""
1512,2024-06-01,O,""
1512,2024-06-04,O,""
1512,2024-06-06,O,""
1512,2024-06-07,O,""
1512,2024-06-08,O,""
1512,2024-06-09,O,""
1512,2024-06-11,B,""
1512,2024-06-13,O,""
1512,2024-06-14,O,""
1512,2024-06-23,O,""
1512,2024-06-26,O,""
1512,2024-06-27,O,""
1512,2024-06-29,O,""
1512,2024-07-11,X,""
1512,2024-07-12,O,""
1512,2024-07-14,O,""
1512,2024-07-19,O,""
1512,2024-07-20,O,""
1512,2024-07-30,O,""
1512,2024-08-04,O,""
1512,2024-08-09,O,""
1512,2024-08-11,O,""
1512,2024-08-14,O,""
1365,2024-05-14,O,""
1365,2024-05-17,O,""
1365,2024-05-23,O,""
1365,2024-05-29,O,""
1365,2024-06-07,X,""
1365,2024-06-10,O,""
1365,2024-06-25,O,""
1365,2024-06-26,O,""
1365,2024-06-27,O,""
1365,2024-07-01,O,""
1365,2024-07-03,O,""
1365,2024-07-18,O,""
1365,2024-07-19,O,""
1365,2024-07-25,O,""
1630,2024-05-16,O,""
1630,2024-05-17,B,""
1630,2024-05-19,O,""
1630,2024-05-21,B,""
1630,2024-05-22,O,""
1630,2024-05-28,O,""
1630,2024-06-04,O,""
1630,2024-06-06,O,""
1630,2024-06-12,C,""
1630,2024-06-13,O,""
1630,2024-06-15,B,""
1630,2024-06-16,O,""
1630,2024-06-19,X,""
1630,2024-06-23,C,""
1630,2024-06-25,O,""
1630,2024-06-26,O,""
1630,2024-06-28,B,""
1630,2024-07-04,O,""
1630,2024-07-13,O,""
1630,2024-07-14,X,""
1630,2024-07-16,O,""
1630,2024-07-17,O,""
1630,2024-07-18,O,""
1630,2024-07-23,O,""
1630,2024-08-07,O,""
1630,2024-08-11,O,""
1630,2024-08-12,O,""
1630,2024-08-20,O,""
1630,2024-08-21,O,""
1630,2024-08-23,O,""
1630,2024-08-28,X,""
1630,2024-08-29,B,""
1630,2024-08-31,B,""
1630,2024-09-04,D,""
1630,2024-09-09,O,""
1630,2024-09-11,B,""
1630,2024-09-19,C,""
1630,2024-09-21,C,""
1630,2024-09-24,O,""
1630,2024-09-25,O,""
1630,2024-09-27,C,""
1630,2024-09-30,O,""
1399,2024-05-20,O,""
1399,2024-05-22,O,""
1399,2024-05-23,O,""
1399,2024-05-27,O,""
1399,2024-05-28,B,""
1399,2024-05-29,O,""
1399,2024-05-31,C,""
1399,2024-06-10,B,""
1399,2024-06-11,O,""
1399,2024-06-14,O,""
1399,2024-06-18,B,""
1399,2024-06-19,O,""
1399,2024-06-25,O,""
1399,2024-06-29,O,""
1399,2024-06-30,B,""
1399,2024-07-04,O,""
1399,2024-07-05,O,""
1399,2024-07-11,B,""
1399,2024-07-20,O,""
1399,2024-07-21,B,""
1399,2024-07-22,O,""
1399,2024-07-24,B,""
1399,2024-07-30,O,""
1730,2024-05-20,O,""
1730,2024-05-21,O,""
1730,2024-05-27,B,""
1730,2024-06-06,O,""
1730,2024-06-12,O,""
1730,2024-06-15,O,""
1730,2024-06-16,O,""
1730,2024-06-18,B,""
1730,2024-06-22,O,""
1730,2024-06-26,O,""
1730,2024-06-27,O,""
1730,2024-06-29,O,""
1730,2024-06-30,O,""
1730,2024-07-04,C,""
1730,2024-07-06,D,""
1730,2024-07-07,O,""
1730,2024-07-11,O,""
1730,2024-07-12,N,""
1730,2024-07-14,O,""
1730,2024-07-18,O,""
1730,2024-07-21,O,""
1730,2024-07-25,O,""
1730,2024-07-27,C,""
1730,2024-07-28,B,""
1730,2024-07-30,B,""
1730,2024-08-01,O,""
1730,2024-08-02,B,""
1730,2024-08-03,O,""
1730,2024-08-05,O,""
1730,2024-08-08,B,""
1730,2024-08-09,O,""
1730,2024-08-17,O,""
1730,2024-08-19,B,""
1730,2024-08-20,B,""
1422,2024-05-20,O,""
1422,2024-05-21,O,""
1422,2024-05-23,C,""
1422,2024-05-28,X,""
1422,2024-05-29,O,""
1422,2024-06-07,B,""
1422,2024-06-09,O,""
1422,2024-06-12,O,""
1422,2024-06-14,O,""
1422,2024-06-23,O,""
1422,2024-06-25,O,""
1422,2024-06-30,O,""
1422,2024-07-01,O,""
1422,2024-07-13,O,""
1422,2024-07-17,O,""
1422,2024-07-18,O,""
1422,2024-07-19,O,""
1422,2024-07-22,B,""
1422,2024-07-29,O,""
1422,2024-08-09,O,""
1422,2024-08-11,O,""
1422,2024-08-12,O,""
1422,2024-08-16,X,""
1422,2024-08-17,O,""
1422,2024-08-18,O,""
1422,2024-08-21,O,""
1422,2024-08-22,B,""
1422,2024-08-23,O,""
1422,2024-08-26,X,""
1422,2024-08-29,N,""
1422,2024-09-01,C,""
1422,2024-09-04,B,""
1422,2024-09-11,O,""
1422,2024-09-12,B,""
1422,2024-09-18,O,""
1422,2024-09-25,O,""
1422,2024-09-26,O,""
1422,2024-09-27,O,""
1560,2024-05-14,O,""
1560,2024-05-19,O,""
1560,2024-05-21,X,""
1560,2024-05-26,O,""
1560,2024-05-28,O,""
1560,2024-05-30,B,""
1560,2024-06-05,O,""
1560,2024-06-06,N,""
1560,2024-06-08,O,""
1560,2024-06-12,O,""
1560,2024-06-14,O,""
1560,2024-06-18,O,""
1560,2024-06-21,O,""
1560,2024-06-22,O,""
1560,2024-06-23,O,""
1560,2024-06-29,O,""
1560,2024-07-04,O,""
1560,2024-07-05,B,""
1560,2024-07-08,O,""
1560,2024-07-20,X,""
1560,2024-07-21,O,""
1560,2024-07-22,O,""
1560,2024-07-23,O,""
1560,2024-07-29,O,""
1560,2024-08-01,X,""
1560,2024-08-03,O,""
1560,2024-08-07,O,""
1560,2024-08-09,B,""
1560,2024-08-10,O,""
1560,2024-08-11,O,""
1560,2024-08-20,O,""
1560,2024-08-21,O,""
1560,2024-08-23,O,""
1560,2024-08-30,O,""
1560,2024-09-02,O,""
1560,2024-09-03,O,""
1671,2024-05-18,O,""
1671,2024-05-19,O,""
1671,2024-05-22,O,""
1671,2024-05-26,O,""
1671,2024-05-29,O,""
1671,2024-05-30,O,""
1671,2024-06-14,O,""
1671,2024-06-15,O,""
1671,2024-06-17,O,""
1671,2024-07-02,X,""
1671,2024-07-04,O,""
1326,2024-05-14,O,""
1326,2024-05-15,X,""
1326,2024-05-16,O,""
1326,2024-05-18,O,""
1326,2024-05-19,O,""
1326,2024-05-21,O,""
1326,2024-05-23,O,""
1326,2024-05-26,O,""
1326,2024-05-29,O,""
1326,2024-05-30,O,""
1326,2024-05-31,O,""
1326,2024-06-01,X,""
1326,2024-06-04,O,""
1326,2024-06-07,O,""
1326,2024-06-08,O,""
1326,2024-06-10,O,""
1326,2024-06-15,O,""
1326,2024-06-20,O,""
1326,2024-06-23,O,""
1326,2024-06-30,O,""
1326,2024-07-01,C,""
1326,2024-07-04,B,""
1326,2024-07-07,O,""
1670,2024-05-15,O,""
1670,2024-05-18,O,""
1670,2024-05-25,O,""
1670,2024-06-02,O,""
1670,2024-06-05,O,""
1670,2024-06-11,B,""
1670,2024-06-14,O,""
1670,2024-06-21,O,""
1670,2024-06-23,B,""
1670,2024-06-27,X,""
1670,2024-06-28,O,""
1670,2024-06-29,O,""
1450,2024-05-14,O,""
1450,2024-05-16,O,""
1450,2024-05-17,O,""
1450,2024-05-19,O,""
1450,2024-05-20,B,""
1450,2024-05-23,O,""
1450,2024-05-24,O,""
1450,2024-05-30,O,""
1450,2024-05-31,O,""
1450,2024-06-01,O,""
1450,2024-06-04,O,""
1450,2024-06-17,O,""
1450,2024-06-22,O,""
1450,2024-06-24,C,""
1450,2024-06-30,O,""
1450,2024-07-01,O,""
1450,2024-07-06,O,""
1450,2024-07-12,O,""
1450,2024-07-20,O,""
1450,2024-07-21,O,""
1450,2024-07-25,B,""
1450,2024-07-26,O,""
1450,2024-07-29,O,""
1450,2024-08-07,O,""
1450,2024-08-10,B,""
1450,2024-08-12,O,""
1450,2024-08-13,O,""
1289,2024-05-18,O,""
1289,2024-05-20,O,""
1289,2024-05-21,O,""
1289,2024-05-23,X,""
1289,2024-05-26,O,""
1289,2024-05-27,O,""
1289,2024-05-28,O,""
1289,2024-05-29,B,""
1289,2024-05-31,B,""
1289,2024-06-03,O,""
1289,2024-06-06,O,""
1289,2024-06-09,O,""
1289,2024-06-16,O,""
1289,2024-06-18,X,""
1289,2024-06-20,O,""
1289,2024-06-24,O,""
1289,2024-06-30,O,""
1289,2024-07-18,O,""
1289,2024-07-28,O,""
1289,2024-07-29,O,""
1289,2024-07-31,O,""
1289,2024-08-02,O,""
1289,2024-08-03,D,""
1289,2024-08-12,O,""
1289,2024-08-13,B,""
1289,2024-08-14,O,""
1289,2024-08-16,O,""
1289,2024-08-19,O,""
1289,2024-08-26,O,""
1325,2024-05-17,O,""
1325,2024-05-18,B,""
1325,2024-05-19,O,""
1325,2024-05-25,O,""
1325,2024-05-26,O,""
1325,2024-05-27,O,""
1325,2024-06-06,O,""
1325,2024-06-08,O,""
1325,2024-06-10,O,""
1325,2024-06-12,O,""
1325,2024-06-14,O,""
1325,2024-06-15,O,""
1325,2024-06-21,B,""
1325,2024-06-22,O,""
1325,2024-06-24,B,""
1325,2024-07-08,O,""
1325,2024-07-14,O,""
1325,2024-07-17,B,""
1325,2024-07-19,O,""
1325,2024-07-22,O,""
1325,2024-07-27,O,""
1325,2024-07-29,B,""
1463,2024-05-17,O,""
1463,2024-05-19,B,""
1463,2024-05-25,B,""
1463,2024-05-26,O,""
1463,2024-06-02,O,""
1463,2024-06-09,N,""
1463,2024-06-16,O,""
1463,2024-06-17,B,""
1463,2024-06-18,O,""
1463,2024-06-21,O,""
1463,2024-06-23,O,""
1463,2024-06-29,O,""
1463,2024-07-08,B,""
1463,2024-07-09,O,""
1463,2024-07-12,O,""
1463,2024-07-13,O,""
1415,2024-05-15,O,""
1415,2024-05-24,O,""
1415,2024-05-27,O,""
1415,2024-05-28,O,""
1415,2024-05-29,O,""
1415,2024-05-30,O,""
1415,2024-06-02,O,""
1415,2024-06-05,B,""
1415,2024-06-08,O,""
1415,2024-06-10,O,""
1415,2024-06-21,B,""
1415,2024-06-26,O,""
1415,2024-06-29,O,""
1415,2024-07-04,O,""
1415,2024-07-06,O,""
1415,2024-07-10,C,""
1415,2024-07-11,O,""
1415,2024-07-18,O,""
1415,2024-07-20,O,""
1415,2024-07-22,O,""
1415,2024-07-25,O,""
1415,2024-07-30,O,""
1415,2024-07-31,B,""
1415,2024-08-02,B,""
1415,2024-08-03,B,""
1415,2024-08-09,O,""
1415,2024-08-13,B,""
1415,2024-08-14,O,""
1415,2024-08-17,X,""
1415,2024-08-26,O,""
1415,2024-08-27,X,""
1415,2024-08-28,N,""
1415,2024-09-04,O,""
1415,2024-09-10,B,""
1415,2024-09-11,O,""
1415,2024-09-14,O,""
1404,2024-05-18,B,""
1404,2024-05-19,O,""
1404,2024-05-21,O,""
1404,2024-05-27,B,""
1404,2024-05-31,O,""
1404,2024-06-01,O,""
1404,2024-06-05,O,""
1404,2024-06-13,O,""
1404,2024-06-14,O,""
1404,2024-06-16,C,""
1404,2024-06-17,O,""
1404,2024-06-20,B,""
1404,2024-06-23,X,""
1404,2024-06-25,O,""
1404,2024-06-26,O,""
1404,2024-06-29,X,""
1404,2024-07-03,O,""
1404,2024-07-08,X,""
1404,2024-07-12,O,""
1404,2024-07-18,O,""
1404,2024-07-28,B,""
1404,2024-08-07,O,""
1404,2024-08-10,B,""
1404,2024-08-11,O,""
1404,2024-08-16,O,""
1404,2024-08-21,O,""
1404,2024-08-22,X,""
1404,2024-09-01,D,""
1330,2024-05-12,O,""
1330,2024-05-13,O,""
1330,2024-05-17,O,""
1330,2024-05-21,O,""
1330,2024-05-25,O,""
1330,2024-05-26,O,""
1330,2024-05-28,O,""
1330,2024-06-02,O,""
1330,2024-06-07,B,""
1330,2024-06-09,O,""
1330,2024-06-14,O,""
1330,2024-06-18,O,""
1330,2024-06-23,O,""
1330,2024-06-24,B,""
1330,2024-06-26,O,""
1330,2024-06-27,O,""
1330,2024-06-28,O,""
1330,2024-06-29,C,""
1330,2024-07-05,O,""
1330,2024-07-06,O,""
1330,2024-07-14,B,""
1330,2024-07-16,O,""
1330,2024-07-21,O,""
1330,2024-07-25,O,""
1330,2024-07-28,O,""
1330,2024-07-29,O,""
1330,2024-07-30,O,""
1330,2024-07-31,O,""
1330,2024-08-06,B,""
1330,2024-08-12,O,""
1330,2024-08-21,O,""
1330,2024-08-22,O,""
1330,2024-08-27,O,""
1330,2024-08-31,O,""
1330,2024-09-06,O,""
1330,2024-09-10,O,""
1330,2024-09-13,N,""
1330,2024-09-16,X,""
1330,2024-09-18,B,""
1330,2024-09-19,X,""
1330,2024-09-22,X,""
1330,2024-09-24,O,""
1330,2024-09-28,O,""
1654,2024-05-19,C,""
1654,2024-05-23,O,""
1654,2024-05-26,O,""
1654,2024-05-30,O,""
1654,2024-06-02,O,""
1654,2024-06-06,O,""
1654,2024-06-09,O,""
1654,2024-06-21,O,""
1654,2024-06-23,O,""
1654,2024-06-24,O,""
1654,2024-06-27,B,""
1654,2024-07-01,O,""
1654,2024-07-06,O,""
1654,2024-07-07,B,""
1654,2024-07-08,O,""
1654,2024-07-09,O,""
1654,2024-07-10,O,""
1654,2024-07-14,O,""
1654,2024-07-25,O,""
1654,2024-07-26,C,""
1654,2024-08-09,O,""
1654,2024-08-10,O,""
1654,2024-08-15,O,""
1654,2024-08-23,O,""
1654,2024-08-29,B,""
1654,2024-09-01,X,""
1654,2024-09-02,O,""
1654,2024-09-03,B,""
1654,2024-09-07,O,""
1654,2024-09-11,B,""
1654,2024-09-12,O,""
1654,2024-09-14,O,""
1654,2024-09-16,O,""
1484,2024-05-12,O,""
1484,2024-05-15,O,""
1484,2024-05-17,O,""
1484,2024-05-21,O,""
1484,2024-05-23,O,""
1484,2024-05-24,B,""
1484,2024-05-25,O,""
1484,2024-05-30,O,""
1484,2024-06-01,O,""
1484,2024-06-02,B,""
1484,2024-06-06,O,""
1484,2024-06-09,O,""
1484,2024-06-12,B,""
1484,2024-06-16,O,""
1484,2024-06-17,O,""
1484,2024-06-27,O,""
1484,2024-06-30,O,""
1484,2024-07-02,O,""
1484,2024-07-06,O,""
1484,2024-07-14,O,""
1484,2024-07-30,O,""
1484,2024-08-03,O,""
1381,2024-05-13,O,""
1381,2024-05-18,O,""
1381,2024-05-24,O,""
1381,2024-05-27,O,""
1381,2024-05-29,B,""
1381,2024-06-01,B,""
1381,2024-06-10,O,""
1381,2024-06-12,O,""
1381,2024-06-15,B,""
1381,2024-06-18,O,""
1381,2024-06-20,O,""
1381,2024-06-22,B,""
1381,2024-06-25,B,""
1381,2024-07-02,O,""
1381,2024-07-08,O,""
1795,2024-05-13,O,""
1795,2024-05-16,O,""
1795,2024-05-18,B,""
1795,2024-05-20,O,""
1795,2024-05-22,O,""
1795,2024-05-25,X,""
1795,2024-05-26,O,""
1795,2024-05-28,O,""
1795,2024-05-29,B,""
1795,2024-05-30,O,""
1795,2024-06-03,O,""
1795,2024-06-09,O,""
1795,2024-06-12,O,""
1599,2024-05-16,O,""
1599,2024-05-23,X,""
1599,2024-05-29,O,""
1599,2024-06-02,B,""
1599,2024-06-10,O,""
1599,2024-06-15,B,""
1599,2024-06-18,O,""
1599,2024-06-23,O,""
1599,2024-06-27,X,""
1599,2024-06-28,O,""
1599,2024-06-30,O,""
1599,2024-07-02,O,""
1599,2024-07-10,O,""
1599,2024-07-17,B,""
1599,2024-07-31,O,""
1599,2024-08-01,B,""
1599,2024-08-02,C,""
1599,2024-08-03,O,""
1599,2024-08-08,B,""
1599,2024-08-14,O,""
1599,2024-08-16,O,""
1599,2024-08-18,O,""
1599,2024-08-19,O,""
1599,2024-08-28,O,""
1599,2024-08-29,O,""
1599,2024-08-30,O,""
1599,2024-09-03,O,""
1542,2024-05-12,D,""
1542,2024-05-17,O,""
1542,2024-05-19,C,""
1542,2024-05-22,X,""
1542,2024-05-29,O,""
1542,2024-05-31,O,""
1542,2024-06-02,O,""
1542,2024-06-05,B,""
1542,2024-06-06,B,""
1542,2024-06-09,X,""
1542,2024-06-10,O,""
1542,2024-06-11,X,""
1542,2024-06-12,O,""
1542,2024-06-21,O,""
1542,2024-06-22,O,""
1542,2024-06-30,O,""
1542,2024-07-03,X,""
1542,2024-07-16,O,""
1542,2024-07-31,B,""
1542,2024-08-02,X,""
1542,2024-08-03,O,""
1542,2024-08-06,O,""
1542,2024-08-12,O,""
1542,2024-08-18,B,""
1542,2024-08-19,O,""
1542,2024-08-20,O,""
1542,2024-08-23,O,""
1542,2024-08-27,O,""
1542,2024-09-05,O,""
1542,2024-09-13,B,""
1542,2024-09-18,X,""
1542,2024-09-23,X,""
1256,2024-05-19,O,""
1256,2024-05-20,O,""
1256,2024-05-21,O,""
1256,2024-05-28,O,""
1256,2024-05-30,B,""
1256,2024-06-13,B,""
1256,2024-06-14,O,""
1256,2024-06-21,O,""
1256,2024-06-29,O,""
1256,2024-07-03,O,""
1256,2024-07-07,B,""
1256,2024-07-10,O,""
1256,2024-07-13,O,""
1256,2024-07-19,O,""
1256,2024-07-23,O,""
1256,2024-07-24,B,""
1256,2024-07-27,B,""
1256,2024-08-02,B,""
1256,2024-08-09,O,""
1256,2024-08-15,O,""
1256,2024-08-18,B,""
1256,2024-08-20,B,""
1256,2024-08-21,D,""
1256,2024-09-01,D,""
1256,2024-09-02,B,""
1256,2024-09-03,C,""
1256,2024-09-06,O,""
1256,2024-09-08,O,""
1256,2024-09-17,C,""
1256,2024-09-18,O,""
1256,2024-09-23,O,""
1256,2024-09-25,C,""
1256,2024-09-29,X,""
1256,2024-09-30,C,""
1478,2024-05-16,O,""
1478,2024-05-17,O,""
1478,2024-05-20,X,""
1478,2024-05-22,O,""
1478,2024-05-23,O,""
1478,2024-06-03,O,""
1478,2024-06-07,O,""
1478,2024-06-16,X,""
1478,2024-06-19,B,""
1478,2024-07-03,O,""
1478,2024-07-08,O,""
1478,2024-07-12,O,""
1477,2024-05-15,O,""
1477,2024-05-25,O,""
1477,2024-05-27,O,""
1477,2024-05-31,O,""
1477,2024-06-03,O,""
1477,2024-06-05,C,""
1477,2024-06-07,O,""
1477,2024-06-08,O,""
1477,2024-06-09,O,""
1477,2024-06-10,O,""
1477,2024-06-13,B,""
1477,2024-06-20,X,""
1600,2024-05-23,O,""
1600,2024-05-29,O,""
1600,2024-06-04,O,""
1600,2024-06-05,O,""
1600,2024-06-09,O,""
1600,2024-06-11,O,""
1600,2024-06-14,O,""
1600,2024-06-17,O,""
1600,2024-06-22,O,""
1600,2024-06-24,O,""
1600,2024-06-25,O,""
1600,2024-06-29,X,""
1600,2024-06-30,X,""
1600,2024-07-02,O,""
1600,2024-07-04,O,""
1600,2024-07-11,O,""
1600,2024-07-14,O,""
1600,2024-07-16,O,""
1600,2024-07-17,O,""
1600,2024-07-20,O,""
1600,2024-07-21,O,""
1600,2024-07-28,O,""
1600,2024-08-02,O,""
1600,2024-08-09,B,""
1600,2024-08-12,O,""
1600,2024-08-18,O,""
1600,2024-08-20,O,""
1600,2024-08-22,O,""
1600,2024-08-23,O,""
1600,2024-08-26,O,""
1600,2024-08-27,O,""
1748,2024-05-19,O,""
1748,2024-05-20,B,""
1748,2024-05-23,O,""
1748,2024-05-24,X,""
1748,2024-05-30,B,""
1748,2024-06-11,O,""
1748,2024-06-20,O,""
1748,2024-06-21,O,""
1748,2024-06-24,O,""
1748,2024-06-28,B,""
1748,2024-07-01,O,""
1748,2024-07-02,O,""
1748,2024-07-03,X,""
1748,2024-07-04,O,""
1748,2024-07-05,O,""
1748,2024-07-09,O,""
1748,2024-07-10,B,""
1748,2024-07-11,B,""
1748,2024-07-14,B,""
1748,2024-07-16,O,""
1748,2024-07-22,O,""
1748,2024-07-24,C,""
1748,2024-07-27,X,""
1748,2024-07-31,B,""
1748,2024-08-02,O,""
1748,2024-08-09,O,""
1748,2024-08-11,B,""
1748,2024-08-15,O,""
1748,2024-08-16,O,""
1748,2024-08-18,O,""
1748,2024-08-19,O,""
1748,2024-08-21,O,""
1748,2024-08-24,B,""
1748,2024-08-27,O,""
1390,2024-05-11,O,""
1390,2024-05-13,O,""
1390,2024-05-21,X,""
1390,2024-05-24,O,""
1390,2024-05-28,O,""
1390,2024-05-31,O,""
1390,2024-06-05,O,""
1390,2024-06-07,O,""
1390,2024-06-08,D,""
1390,2024-06-12,O,""
1390,2024-06-24,O,""
1390,2024-06-30,O,""
1390,2024-07-03,X,""
1390,2024-07-04,O,""
1390,2024-07-05,O,""
1390,2024-07-06,O,""
1390,2024-07-10,O,""
1390,2024-07-11,B,""
1390,2024-07-12,O,""
1390,2024-07-14,B,""
1390,2024-07-16,B,""
1390,2024-07-23,X,""
1390,2024-07-27,O,""
1390,2024-08-02,B,""
1390,2024-08-11,O,""
1390,2024-08-15,O,""
1390,2024-08-17,O,""
1390,2024-08-19,X,""
1390,2024-08-24,O,""
1390,2024-08-31,O,""
1380,2024-05-17,O,""
1380,2024-05-18,C,""
1380,2024-05-19,O,""
1380,2024-05-20,O,""
1380,2024-06-02,O,""
1380,2024-06-05,O,""
1380,2024-06-08,O,""
1380,2024-06-11,O,""
1380,2024-06-15,O,""
1380,2024-06-17,B,""
1380,2024-06-21,O,""
1380,2024-06-24,O,""
1380,2024-06-25,O,""
1380,2024-07-05,O,""
1324,2024-05-16,X,""
1324,2024-05-19,O,""
1324,2024-05-20,O,""
1324,2024-05-21,O,""
1324,2024-05-23,O,""
1324,2024-05-25,B,""
1324,2024-05-28,O,""
1324,2024-06-08,O,""
1324,2024-06-15,O,""
1324,2024-06-21,O,""
1324,2024-06-22,O,""
1324,2024-06-26,O,""
1324,2024-07-01,O,""
1324,2024-07-05,O,""
1324,2024-07-07,O,""
1324,2024-07-14,O,""
1324,2024-07-19,O,""
1324,2024-07-24,O,""
1324,2024-08-02,O,""
1324,2024-08-05,O,""
1324,2024-08-08,O,""
1324,2024-08-11,O,""
1324,2024-08-14,O,""
1324,2024-08-19,O,""
1324,2024-08-22,O,""
1324,2024-08-23,O,""
1324,2024-08-24,O,""
1324,2024-08-25,O,""
1635,2024-05-17,O,""
1635,2024-05-21,O,""
1635,2024-05-24,B,""
1635,2024-05-30,O,""
1635,2024-05-31,O,""
1635,2024-06-06,O,""
1635,2024-06-08,O,""
1635,2024-06-14,O,""
1635,2024-06-17,O,""
1635,2024-06-29,B,""
1635,2024-07-04,O,""
1635,2024-07-09,O,""
1635,2024-07-15,B,""
1635,2024-07-16,O,""
1635,2024-07-24,O,""
1635,2024-07-25,O,""
1635,2024-07-27,O,""
1635,2024-07-29,O,""
1635,2024-08-06,B,""
1635,2024-08-08,O,""
1635,2024-08-12,O,""
1635,2024-08-13,O,""
1635,2024-08-15,O,""
1635,2024-08-16,O,""
1635,2024-08-18,O,""
1635,2024-08-24,O,""
1635,2024-08-26,B,""
1635,2024-08-29,O,""
1635,2024-09-02,X,""
1635,2024-09-06,D,""
1635,2024-09-09,O,""
1716,2024-05-17,X,""
1716,2024-05-18,B,""
1716,2024-05-21,O,""
1716,2024-05-23,O,""
1716,2024-05-26,O,""
1716,2024-05-27,O,""
1716,2024-05-28,O,""
1716,2024-05-31,O,""
1716,2024-06-03,O,""
1716,2024-06-06,O,""
1716,2024-06-08,B,""
1716,2024-06-09,B,""
1716,2024-06-19,X,""
1716,2024-06-24,O,""
1716,2024-06-28,B,""
1716,2024-07-02,O,""
1716,2024-07-03,O,""
1716,2024-07-04,O,""
1716,2024-07-05,B,""
1716,2024-07-06,O,""
1716,2024-07-13,X,""
1716,2024-07-25,O,""
1716,2024-07-27,O,""
1716,2024-07-28,B,""
1716,2024-07-29,O,""
1716,2024-08-02,O,""
1716,2024-08-04,O,""
1716,2024-08-11,O,""
1716,2024-08-28,O,""
1716,2024-09-05,O,""
1716,2024-09-07,O,""
1716,2024-09-09,O,""
1716,2024-09-14,O,""
1716,2024-09-17,O,""
1716,2024-09-18,O,""
1716,2024-09-20,X,""
1716,2024-09-22,O,""
1716,2024-09-24,O,""
1716,2024-09-30,B,""
1655,2024-05-21,O,""
1655,2024-05-23,O,""
1655,2024-05-29,O,""
1655,2024-06-01,O,""
1655,2024-06-09,O,""
1655,2024-06-15,O,""
1655,2024-06-20,B,""
1655,2024-06-23,O,""
1655,2024-06-25,D,""
1655,2024-06-26,O,""
1655,2024-06-29,O,""
1655,2024-07-21,O,""
1725,2024-05-20,O,""
1725,2024-05-30,O,""
1725,2024-05-31,O,""
1725,2024-06-01,O,""
1725,2024-06-03,O,""
1725,2024-06-06,O,""
1725,2024-06-08,O,""
1725,2024-06-10,O,""
1725,2024-06-13,O,""
1725,2024-06-27,O,""
1725,2024-07-01,O,""
1725,2024-07-06,B,""
1725,2024-07-07,O,""
1725,2024-07-08,O,""
1725,2024-07-09,B,""
1725,2024-07-13,O,""
1725,2024-07-18,B,""
1725,2024-07-19,O,""
1725,2024-07-22,O,""
1725,2024-07-24,B,""
1725,2024-07-27,B,""
1725,2024-07-28,O,""
1725,2024-07-29,O,""
1725,2024-07-31,O,""
1725,2024-08-05,O,""
1725,2024-08-10,O,""
1725,2024-08-13,O,""
1725,2024-08-14,O,""
1725,2024-08-16,O,""
1725,2024-08-17,B,""
1725,2024-08-22,O,""
1725,2024-08-23,X,""
1725,2024-08-28,O,""
1725,2024-08-29,O,""
1681,2024-05-25,O,""
1681,2024-05-27,X,""
1681,2024-05-28,O,""
1681,2024-05-30,O,""
1681,2024-05-31,O,""
1681,2024-06-03,B,""
1681,2024-06-05,B,""
1681,2024-06-14,B,""
1681,2024-06-17,O,""
1681,2024-06-18,O,""
1681,2024-06-26,O,""
1681,2024-06-27,O,""
1681,2024-07-01,O,""
1681,2024-07-05,O,""
1681,2024-07-12,X,""
1598,2024-05-28,O,""
1598,2024-05-29,C,""
1598,2024-05-31,O,""
1598,2024-06-11,O,""
1598,2024-06-13,O,""
1598,2024-06-17,O,""
1598,2024-06-24,O,""
1598,2024-06-25,O,""
1598,2024-06-28,O,""
1598,2024-06-29,O,""
1598,2024-07-02,O,""
1598,2024-07-09,O,""
1598,2024-07-10,O,""
1598,2024-07-11,N,""
1598,2024-07-15,O,""
1598,2024-07-16,O,""
1598,2024-07-17,O,""
1598,2024-07-23,O,""
1598,2024-07-28,O,""
1598,2024-07-31,O,""
1598,2024-08-01,O,""
1598,2024-08-02,O,""
1598,2024-08-03,O,""
1598,2024-08-05,O,""
1598,2024-08-15,O,""
1598,2024-08-18,O,""
1598,2024-08-23,O,""
1598,2024-08-29,O,""
1598,2024-09-01,O,""
1598,2024-09-05,B,""
1598,2024-09-08,X,""
1598,2024-09-09,O,""
1598,2024-09-12,B,""
1598,2024-09-20,O,""
1356,2024-05-22,B,""
1356,2024-05-23,B,""
1356,2024-05-27,B,""
1356,2024-05-31,O,""
1356,2024-06-03,B,""
1356,2024-06-08,O,""
1356,2024-06-11,O,""
1356,2024-06-15,O,""
1356,2024-06-18,O,""
1356,2024-06-19,O,""
1356,2024-06-23,O,""
1356,2024-06-24,X,""
1356,2024-06-30,O,""
1356,2024-07-07,O,""
1356,2024-07-10,C,""
1356,2024-07-11,O,""
1356,2024-07-13,B,""
1356,2024-07-17,O,""
1356,2024-07-20,O,""
1356,2024-07-23,O,""
1356,2024-07-26,O,""
1356,2024-08-02,O,""
1356,2024-08-03,C,""
1356,2024-08-07,O,""
1356,2024-08-09,O,""
1356,2024-08-18,B,""
1356,2024-08-19,B,""
1356,2024-08-26,N,""
1356,2024-08-27,O,""
1356,2024-08-29,O,""
1356,2024-08-30,O,""
1356,2024-09-04,O,""
1356,2024-09-06,O,""
1356,2024-09-14,C,""
1356,2024-09-20,B,""
1356,2024-09-22,O,""
1356,2024-09-24,O,""
1580,2024-05-26,O,""
1580,2024-05-30,O,""
1580,2024-05-31,O,""
1580,2024-06-02,O,""
1580,2024-06-04,O,""
1580,2024-06-08,B,""
1580,2024-06-10,O,""
1580,2024-06-15,O,""
1580,2024-06-20,B,""
1580,2024-06-25,O,""
1580,2024-06-29,O,""
1580,2024-07-02,O,""
1580,2024-07-04,O,""
1580,2024-07-13,B,""
1580,2024-07-23,O,""
1580,2024-07-24,C,""
1580,2024-07-25,O,""
1580,2024-07-27,O,""
1580,2024-07-31,O,""
1580,2024-08-05,O,""
1580,2024-08-09,O,""
1580,2024-08-10,O,""
1580,2024-08-13,O,""
1580,2024-08-16,B,""
1580,2024-08-18,C,""
1580,2024-08-22,O,""
1580,2024-08-28,D,""
1580,2024-08-31,O,""
1580,2024-09-01,B,""
1580,2024-09-10,X,""
1580,2024-09-13,O,""
1580,2024-09-23,C,""
1580,2024-09-28,O,""
1781,2024-05-20,O,""
1781,2024-05-21,O,""
1781,2024-05-22,D,""
1781,2024-05-23,O,""
1781,2024-05-24,O,""
1781,2024-05-26,O,""
1781,2024-05-27,O,""
1781,2024-06-02,O,""
1781,2024-06-03,B,""
1781,2024-06-07,C,""
1781,2024-06-21,O,""
1781,2024-06-23,B,""
1781,2024-06-30,O,""
1781,2024-07-01,O,""
1781,2024-07-04,O,""
1781,2024-07-11,O,""
1781,2024-07-13,O,""
1781,2024-07-17,O,""
1781,2024-07-22,O,""
1781,2024-07-27,B,""
1781,2024-07-30,O,""
1781,2024-07-31,B,""
1781,2024-08-04,O,""
1781,2024-08-05,O,""
1781,2024-08-11,B,""
1781,2024-08-12,O,""
1781,2024-08-20,O,""
1781,2024-08-23,X,""
1781,2024-09-01,O,""
1781,2024-09-09,O,""
1781,2024-09-10,X,""
1781,2024-09-11,O,""
1732,2024-05-25,O,""
1732,2024-05-26,O,""
1732,2024-05-29,B,""
1732,2024-05-30,O,""
1732,2024-05-31,O,""
1732,2024-06-01,O,""
1732,2024-06-06,O,""
1732,2024-06-08,B,""
1732,2024-06-17,O,""
1732,2024-06-19,O,""
1732,2024-06-21,O,""
1732,2024-06-29,B,""
1732,2024-07-17,O,""
1732,2024-07-18,O,""
1732,2024-07-22,O,""
1732,2024-07-23,O,""
1732,2024-07-25,D,""
1732,2024-07-28,B,""
1732,2024-07-29,B,""
1732,2024-07-30,O,""
1732,2024-08-01,B,""
1732,2024-08-06,O,""
1732,2024-08-07,O,""
1732,2024-08-09,O,""
1732,2024-08-15,B,""
1732,2024-08-17,O,""
1732,2024-08-28,B,""
1732,2024-09-05,X,""
1732,2024-09-14,O,""
1724,2024-05-26,O,""
1724,2024-05-29,O,""
1724,2024-05-30,O,""
1724,2024-06-05,O,""
1724,2024-06-08,X,""
1724,2024-06-09,O,""
1724,2024-06-11,O,""
1724,2024-06-15,O,""
1724,2024-06-21,X,""
1724,2024-06-23,O,""
1724,2024-06-25,O,""
1724,2024-06-27,O,""
1724,2024-06-29,O,""
1724,2024-07-01,O,""
1724,2024-07-05,O,""
1724,2024-07-09,O,""
1724,2024-07-15,O,""
1724,2024-07-22,O,""
1770,2024-05-25,O,""
1770,2024-05-26,O,""
1770,2024-05-28,O,""
1770,2024-05-30,O,""
1770,2024-05-31,O,""
1770,2024-06-06,B,""
1770,2024-06-07,C,""
1770,2024-06-24,O,""
1770,2024-06-28,O,""
1770,2024-07-01,O,""
1770,2024-07-02,O,""
1770,2024-07-04,O,""
1770,2024-07-05,O,""
1770,2024-07-06,O,""
1770,2024-07-08,O,""
1770,2024-07-10,O,""
1770,2024-07-17,O,""
1770,2024-07-18,O,""
1770,2024-08-10,O,""
1770,2024-08-11,O,""
1770,2024-08-15,O,""
1770,2024-08-23,O,""
1770,2024-08-26,O,""
1770,2024-08-27,O,""
1770,2024-08-28,O,""
1770,2024-09-02,O,""
1770,2024-09-03,O,""
1770,2024-09-07,O,""
1770,2024-09-13,O,""
1770,2024-09-20,C,""
1770,2024-09-22,B,""
1770,2024-09-23,O,""
1770,2024-09-25,X,""
1770,2024-09-26,N,""
1770,2024-09-27,B,""
1770,2024-09-30,B,""
1285,2024-05-22,O,""
1285,2024-05-25,B,""
1285,2024-05-27,O,""
1285,2024-06-01,O,""
1285,2024-06-03,O,""
1285,2024-06-05,O,""
1285,2024-06-15,B,""
1285,2024-06-20,O,""
1285,2024-06-30,C,""
1285,2024-07-02,B,""
1285,2024-07-03,O,""
1285,2024-07-10,O,""
1285,2024-07-11,B,""
1285,2024-07-12,O,""
1285,2024-07-13,O,""
1285,2024-07-19,O,""
1285,2024-07-21,O,""
1285,2024-07-24,X,""
1285,2024-07-28,O,""
1285,2024-07-31,O,""
1502,2024-05-20,O,""
1502,2024-05-24,O,""
1502,2024-05-26,O,""
1502,2024-05-28,X,""
1502,2024-05-29,O,""
1502,2024-05-30,O,""
1502,2024-06-01,O,""
1502,2024-06-02,B,""
1502,2024-06-04,O,""
1502,2024-06-05,O,""
1502,2024-06-14,O,""
1502,2024-06-25,O,""
1502,2024-06-26,B,""
1720,2024-05-25,O,""
1720,2024-05-26,O,""
1720,2024-05-29,O,""
1720,2024-05-31,O,""
1720,2024-06-08,B,""
1720,2024-06-21,O,""
1720,2024-06-27,O,""
1720,2024-07-02,O,""
1720,2024-07-03,B,""
1720,2024-07-06,O,""
1720,2024-07-07,O,""
1720,2024-07-08,O,""
1720,2024-07-11,O,""
1720,2024-07-15,B,""
1720,2024-07-18,O,""
1720,2024-07-22,B,""
1720,2024-07-28,X,""
1720,2024-07-30,O,""
1720,2024-08-07,C,""
1720,2024-08-08,O,""
1720,2024-08-10,O,""
1720,2024-08-14,O,""
1720,2024-08-18,B,""
1720,2024-08-23,O,""
1720,2024-08-25,O,""
1631,2024-05-26,O,""
1631,2024-05-29,O,""
1631,2024-05-30,O,""
1631,2024-06-03,O,""
1631,2024-06-07,O,""
1631,2024-06-09,C,""
1631,2024-06-10,O,""
1631,2024-06-13,C,""
1631,2024-06-23,O,""
1631,2024-06-26,O,""
1631,2024-06-27,O,""
1631,2024-06-28,X,""
1631,2024-07-02,B,""
1631,2024-07-03,O,""
1631,2024-07-05,O,""
1631,2024-07-06,O,""
1631,2024-07-09,O,""
1631,2024-07-11,O,""
1631,2024-07-19,B,""
1631,2024-07-20,B,""
1631,2024-07-25,O,""
1582,2024-05-25,O,""
1582,2024-05-28,O,""
1582,2024-06-01,B,""
1582,2024-06-10,O,""
1582,2024-06-12,B,""
1582,2024-06-14,X,""
1582,2024-06-18,O,""
1582,2024-06-21,O,""
1582,2024-06-25,O,""
1582,2024-07-03,C,""
1582,2024-07-04,O,""
1582,2024-07-05,O,""
1582,2024-07-09,O,""
1582,2024-07-13,O,""
1582,2024-07-15,O,""
1582,2024-07-17,O,""
1582,2024-07-25,O,""
1582,2024-07-29,O,""
1582,2024-08-01,O,""
1582,2024-08-07,O,""
1582,2024-08-12,O,""
1582,2024-08-20,O,""
1582,2024-08-25,B,""
1582,2024-08-27,O,""
1582,2024-08-29,O,""
1582,2024-08-31,O,""
1582,2024-09-03,B,""
1582,2024-09-06,B,""
1582,2024-09-08,O,""
1582,2024-09-11,O,""
1582,2024-09-18,O,""
1582,2024-09-19,O,""
1582,2024-09-22,O,""
1582,2024-09-23,O,""
1455,2024-05-27,C,""
1455,2024-05-29,O,""
1455,2024-05-30,B,""
1455,2024-06-14,B,""
1455,2024-06-19,O,""
1455,2024-06-20,O,""
1455,2024-06-26,O,""
1455,2024-06-27,C,""
1455,2024-06-29,B,""
1455,2024-07-06,O,""
1455,2024-07-14,O,""
1455,2024-07-19,O,""
1455,2024-07-22,O,""
1455,2024-07-27,B,""
1455,2024-07-29,O,""
1455,2024-07-30,B,""
1455,2024-07-31,O,""
1455,2024-08-06,B,""
1455,2024-08-08,O,""
1455,2024-08-11,B,""
1455,2024-08-12,O,""
1455,2024-08-13,O,""
1455,2024-08-16,B,""
1455,2024-08-17,O,""
1455,2024-08-20,O,""
1455,2024-08-26,O,""
1455,2024-08-27,O,""
1455,2024-09-09,C,""
1455,2024-09-13,B,""
1455,2024-09-17,X,""
1455,2024-09-18,B,""
1455,2024-09-19,O,""
1455,2024-09-20,O,""
1455,2024-09-23,O,""
1455,2024-09-25,B,""
1455,2024-09-26,B,""
1455,2024-09-28,O,""
1202,2024-05-23,O,""
1202,2024-05-28,O,""
1202,2024-05-30,O,""
1202,2024-05-31,O,""
1202,2024-06-01,O,""
1202,2024-06-05,O,""
1202,2024-06-08,O,""
1202,2024-06-13,O,""
1202,2024-06-19,B,""
1202,2024-06-23,O,""
1202,2024-06-26,B,""
1202,2024-07-01,O,""
1202,2024-07-03,O,""
1202,2024-07-05,O,""
1202,2024-07-08,O,""
1202,2024-07-12,O,""
1202,2024-07-13,B,""
1202,2024-07-16,O,""
1202,2024-07-19,O,""
1548,2024-05-26,O,""
1548,2024-05-27,O,""
1548,2024-05-30,O,""
1548,2024-05-31,O,""
1548,2024-06-07,O,""
1548,2024-06-08,C,""
1548,2024-06-09,O,""
1548,2024-06-10,O,""
1548,2024-06-11,O,""
1548,2024-06-12,O,""
1548,2024-06-14,O,""
1548,2024-06-18,O,""
1548,2024-06-20,O,""
1548,2024-07-04,O,""
1548,2024-07-05,B,""
1548,2024-07-07,X,""
1548,2024-07-10,O,""
1548,2024-07-16,O,""
1548,2024-07-26,B,""
1548,2024-08-02,X,""
1548,2024-08-05,O,""
1548,2024-08-06,O,""
1548,2024-08-08,O,""
1548,2024-08-10,O,""
1548,2024-08-16,O,""
1548,2024-08-19,O,""
1548,2024-09-09,B,""
1548,2024-09-10,B,""
1548,2024-09-16,B,""
1548,2024-09-17,O,""
1676,2024-05-25,O,""
1676,2024-05-27,O,""
1676,2024-05-28,O,""
1676,2024-05-30,O,""
1676,2024-05-31,O,""
1676,2024-06-05,X,""
1676,2024-06-08,O,""
1676,2024-06-09,O,""
1676,2024-06-11,O,""
1676,2024-06-12,O,""
1676,2024-06-14,O,""
1676,2024-06-16,O,""
1676,2024-06-18,O,""
1676,2024-06-23,O,""
1676,2024-06-25,O,""
1676,2024-06-26,X,""
1676,2024-06-30,O,""
1676,2024-07-03,B,""
1676,2024-07-08,O,""
1676,2024-07-18,O,""
1676,2024-07-23,O,""
1676,2024-07-24,B,""
1676,2024-07-26,O,""
1676,2024-07-30,X,""
1676,2024-07-31,O,""
1676,2024-08-03,O,""
1676,2024-08-12,B,""
1676,2024-08-16,B,""
1676,2024-08-18,O,""
1676,2024-08-27,D,""
1676,2024-09-09,B,""
1676,2024-09-16,O,""
1676,2024-09-17,O,""
1227,2024-05-20,O,""
1227,2024-05-22,O,""
1227,2024-05-23,X,""
1227,2024-05-25,O,""
1227,2024-05-28,O,""
1227,2024-06-02,O,""
1227,2024-06-11,O,""
1227,2024-06-17,O,""
1227,2024-06-30,O,""
1227,2024-07-03,O,""
1227,2024-07-04,O,""
1227,2024-07-05,B,""
1227,2024-07-18,O,""
1227,2024-07-19,O,""
1227,2024-07-21,O,""
1227,2024-07-22,O,""
1227,2024-07-25,O,""
1227,2024-07-26,O,""
1227,2024-07-27,B,""
1227,2024-07-29,O,""
1227,2024-07-30,O,""
1227,2024-08-01,O,""
1444,2024-05-27,O,""
1444,2024-05-29,O,""
1444,2024-05-30,O,""
1444,2024-06-01,O,""
1444,2024-06-02,B,""
1444,2024-06-04,O,""
1444,2024-06-05,X,""
1444,2024-06-06,C,""
1444,2024-06-08,X,""
1444,2024-06-11,O,""
1444,2024-06-13,O,""
1444,2024-06-18,O,""
1444,2024-06-22,O,""
1444,2024-06-23,O,""
1444,2024-06-27,O,""
1444,2024-06-28,O,""
1501,2024-05-21,O,""
1501,2024-05-25,O,""
1501,2024-05-27,O,""
1501,2024-05-28,O,""
1501,2024-06-02,O,""
1501,2024-06-06,O,""
1501,2024-06-11,B,""
1501,2024-06-12,O,""
1501,2024-06-13,B,""
1501,2024-06-15,O,""
1501,2024-06-18,O,""
1501,2024-06-20,O,""
1717,2024-05-22,O,""
1717,2024-05-29,B,""
1717,2024-05-31,O,""
1717,2024-06-01,O,""
1717,2024-06-05,O,""
1717,2024-06-06,O,""
1717,2024-06-09,O,""
1717,2024-06-11,O,""
1717,2024-06-12,O,""
1717,2024-06-19,C,""
1717,2024-07-04,D,""
1717,2024-07-10,B,""
1717,2024-07-13,B,""
1717,2024-07-14,O,""
1717,2024-07-19,O,""
1717,2024-07-30,O,""
1717,2024-08-02,O,""
1717,2024-08-10,O,""
1717,2024-08-15,O,""
1717,2024-08-17,O,""
1717,2024-08-18,O,""
1717,2024-08-20,O,""
1717,2024-08-21,O,""
1717,2024-08-22,O,""
1717,2024-08-31,O,""
1717,2024-09-04,O,""
1717,2024-09-05,B,""
1717,2024-09-09,C,""
1717,2024-09-11,C,""
1717,2024-09-13,B,""
1717,2024-09-14,B,""
1717,2024-09-15,O,""
1723,2024-05-30,O,""
1723,2024-06-07,O,""
1723,2024-06-08,C,""
1723,2024-06-10,O,""
1723,2024-06-18,O,""
1723,2024-06-19,O,""
1723,2024-06-20,O,""
1723,2024-06-30,O,""
1723,2024-07-02,X,""
1723,2024-07-03,O,""
1723,2024-07-04,X,""
1723,2024-07-05,B,""
1723,2024-07-10,B,""
1723,2024-07-11,O,""
1723,2024-07-12,O,""
1723,2024-07-13,O,""
1723,2024-07-14,D,""
1723,2024-07-19,O,""
1723,2024-07-28,X,""
1723,2024-07-29,O,""
1723,2024-07-30,O,""
1723,2024-08-01,O,""
1723,2024-08-03,X,""
1723,2024-08-09,O,""
1723,2024-08-13,O,""
1723,2024-08-14,N,""
1723,2024-08-16,C,""
1723,2024-08-22,O,""
1723,2024-09-02,B,""
1723,2024-09-06,X,""
1723,2024-09-07,O,""
1723,2024-09-08,O,""
1723,2024-09-10,O,""
1723,2024-09-11,O,""
1723,2024-09-14,O,""
1723,2024-09-16,X,""
1723,2024-09-18,O,""
1723,2024-09-23,O,""
1723,2024-09-30,B,""
1221,2024-05-18,X,""
1221,2024-05-19,B,""
1221,2024-05-20,O,""
1221,2024-05-21,C,""
1221,2024-05-23,O,""
1221,2024-05-24,O,""
1221,2024-05-25,B,""
1221,2024-05-26,O,""
1221,2024-05-31,O,""
1221,2024-06-01,C,""
1221,2024-06-05,O,""
1221,2024-06-11,O,""
1221,2024-06-23,O,""
1221,2024-06-24,O,""
1221,2024-07-02,O,""
1221,2024-07-05,O,""
1221,2024-07-08,O,""
1221,2024-07-17,C,""
1221,2024-07-19,O,""
1221,2024-07-25,O,""
1221,2024-08-04,O,""
1221,2024-08-07,X,""
1221,2024-08-12,O,""
1218,2024-05-24,O,""
1218,2024-05-29,O,""
1218,2024-05-30,O,""
1218,2024-06-06,B,""
1218,2024-06-08,C,""
1218,2024-06-10,B,""
1218,2024-06-11,B,""
1218,2024-06-16,O,""
1218,2024-06-17,O,""
1218,2024-06-20,O,""
1218,2024-06-22,X,""
1218,2024-06-29,O,""
1218,2024-07-07,O,""
1218,2024-07-15,O,""
1218,2024-07-20,O,""
1218,2024-07-21,O,""
1218,2024-07-25,O,""
1218,2024-07-26,O,""
1218,2024-07-29,O,""
1218,2024-08-11,N,""
1218,2024-08-18,O,""
1420,2024-05-21,X,""
1420,2024-05-22,O,""
1420,2024-05-25,O,""
1420,2024-05-27,B,""
1420,2024-05-28,O,""
1420,2024-06-05,O,""
1420,2024-06-07,O,""
1420,2024-06-12,O,""
1420,2024-06-14,O,""
1420,2024-06-23,O,""
1420,2024-07-09,O,""
1420,2024-07-16,O,""
1420,2024-07-20,O,""
1420,2024-07-25,O,""
1420,2024-07-26,O,""
1420,2024-07-29,B,""
1420,2024-08-05,B,""
1420,2024-08-12,O,""
1420,2024-08-17,O,""
1420,2024-08-21,O,""
1420,2024-08-29,O,""
1420,2024-08-30,O,""
1420,2024-09-03,B,""
1420,2024-09-12,X,""
1420,2024-09-14,C,""
1420,2024-09-15,O,""
1420,2024-09-17,O,""
1420,2024-09-18,B,""
1420,2024-09-21,O,""
1420,2024-09-26,X,""
1420,2024-09-29,X,""
1515,2024-05-22,O,""
1515,2024-05-28,B,""
1515,2024-05-30,O,""
1515,2024-06-01,B,""
1515,2024-06-13,O,""
1515,2024-06-14,D,""
1515,2024-06-16,O,""
1515,2024-06-18,B,""
1515,2024-06-22,O,""
1751,2024-05-24,O,""
1751,2024-05-26,O,""
1751,2024-05-29,O,""
1751,2024-05-31,O,""
1751,2024-06-04,B,""
1751,2024-06-06,O,""
1751,2024-06-08,B,""
1751,2024-06-13,O,""
1751,2024-06-16,O,""
1751,2024-06-18,O,""
1751,2024-06-25,O,""
1751,2024-06-27,O,""
1751,2024-07-02,B,""
1751,2024-07-06,O,""
1751,2024-07-09,O,""
1751,2024-07-22,O,""
1751,2024-08-02,X,""
1751,2024-08-05,O,""
1751,2024-08-09,O,""
1751,2024-08-16,O,""
1751,2024-08-18,O,""
1667,2024-05-28,O,""
1667,2024-05-31,O,""
1667,2024-06-04,O,""
1667,2024-06-07,O,""
1667,2024-06-08,X,""
1667,2024-06-09,O,""
1667,2024-06-14,O,""
1667,2024-06-16,O,""
1667,2024-06-20,B,""
1667,2024-06-23,O,""
1667,2024-07-01,O,""
1667,2024-07-08,O,""
1667,2024-07-15,O,""
1667,2024-07-19,O,""
1667,2024-07-25,O,""
1667,2024-07-27,O,""
1667,2024-07-29,O,""
1667,2024-07-31,O,""
1667,2024-08-03,B,""
1667,2024-08-06,O,""
1667,2024-08-12,D,""
1667,2024-08-13,O,""
1667,2024-08-19,O,""
1667,2024-08-20,O,""
1667,2024-08-27,O,""
1667,2024-08-29,O,""
1667,2024-09-01,C,""
1667,2024-09-02,O,""
1498,2024-05-27,X,""
1498,2024-05-29,O,""
1498,2024-06-03,O,""
1498,2024-06-06,O,""
1498,2024-06-12,O,""
1498,2024-06-19,O,""
1498,2024-06-26,O,""
1498,2024-06-27,O,""
1498,2024-06-29,B,""
1498,2024-06-30,B,""
1498,2024-07-08,D,""
1498,2024-07-09,O,""
1498,2024-07-11,O,""
1498,2024-07-13,O,""
1498,2024-07-15,O,""
1498,2024-07-18,O,""
1778,2024-05-28,X,""
1778,2024-05-29,O,""
1778,2024-06-03,O,""
1778,2024-06-04,O,""
1778,2024-06-05,B,""
1778,2024-06-18,O,""
1778,2024-06-19,O,""
1778,2024-06-20,B,""
1778,2024-06-22,O,""
1778,2024-06-23,C,""
1778,2024-06-25,O,""
1778,2024-07-02,O,""
1778,2024-07-06,O,""
1778,2024-07-12,O,""
1778,2024-07-14,O,""
1778,2024-07-15,B,""
1778,2024-07-18,O,""
1778,2024-07-23,O,""
1778,2024-07-24,O,""
1778,2024-07-27,O,""
1778,2024-07-28,O,""
1778,2024-07-30,B,""
1778,2024-08-01,O,""
1778,2024-08-12,O,""
1778,2024-08-23,O,""
1778,2024-08-24,O,""
1778,2024-08-25,O,""
1778,2024-08-30,O,""
1778,2024-09-02,O,""
1778,2024-09-03,O,""
1400,2024-05-27,O,""
1400,2024-05-29,O,""
1400,2024-06-02,O,""
1400,2024-06-07,O,""
1400,2024-06-10,X,""
1400,2024-06-16,B,""
1400,2024-06-27,O,""
1400,2024-06-30,O,""
1400,2024-07-07,O,""
1400,2024-07-15,O,""
1400,2024-07-17,O,""
1511,2024-05-24,O,""
1511,2024-05-28,O,""
1511,2024-05-29,O,""
1511,2024-05-31,O,""
1511,2024-06-05,B,""
1511,2024-06-06,O,""
1511,2024-06-10,O,""
1511,2024-06-16,C,""
1511,2024-06-17,O,""
1511,2024-06-19,D,""
1511,2024-06-21,C,""
1511,2024-06-30,O,""
1511,2024-07-01,X,""
1511,2024-07-03,O,""
1511,2024-07-12,B,""
1511,2024-07-16,O,""
1511,2024-07-17,O,""
1511,2024-07-21,X,""
1511,2024-07-25,O,""
1511,2024-08-01,O,""
1511,2024-08-12,O,""
1511,2024-08-14,O,""
1511,2024-08-20,O,""
1511,2024-08-21,O,""
1511,2024-08-22,O,""
1511,2024-08-26,O,""
1511,2024-09-03,B,""
1511,2024-09-13,X,""
1511,2024-09-15,O,""
1511,2024-09-16,O,""
1511,2024-09-18,O,""
1511,2024-09-25,O,""
1511,2024-09-30,O,""
1342,2024-05-22,O,""
1342,2024-05-23,O,""
1342,2024-05-26,O,""
1342,2024-06-05,O,""
1342,2024-06-11,O,""
1342,2024-06-20,B,""
1342,2024-06-29,O,""
1342,2024-07-01,O,""
1342,2024-07-03,O,""
1342,2024-07-07,O,""
1342,2024-07-08,O,""
1342,2024-07-18,O,""
1342,2024-08-02,O,""
1342,2024-08-06,O,""
1342,2024-08-09,O,""
1342,2024-08-11,O,""
1342,2024-08-21,C,""
1342,2024-08-22,O,""
1342,2024-08-24,O,""
1342,2024-08-27,O,""
1342,2024-08-30,O,""
1342,2024-09-02,X,""
1626,2024-05-21,O,""
1626,2024-05-23,O,""
1626,2024-05-24,O,""
1626,2024-05-26,O,""
1626,2024-05-28,O,""
1626,2024-05-30,B,""
1626,2024-06-11,O,""
1626,2024-06-12,B,""
1626,2024-06-17,O,""
1626,2024-06-19,O,""
1626,2024-06-27,B,""
1626,2024-07-02,O,""
1626,2024-07-03,O,""
1626,2024-07-04,O,""
1626,2024-07-06,O,""
1626,2024-07-12,B,""
1626,2024-07-17,O,""
1626,2024-07-22,O,""
1626,2024-07-23,O,""
1626,2024-07-29,O,""
1626,2024-07-30,C,""
1201,2024-05-20,O,""
1201,2024-05-21,O,""
1201,2024-05-25,O,""
1201,2024-06-01,O,""
1201,2024-06-02,O,""
1201,2024-06-09,O,""
1201,2024-06-11,O,""
1201,2024-06-12,O,""
1201,2024-06-17,O,""
1201,2024-06-19,B,""
1201,2024-07-01,O,""
1201,2024-07-02,O,""
1201,2024-07-13,O,""
1201,2024-07-15,O,""
1201,2024-07-18,O,""
1201,2024-07-21,O,""
1201,2024-07-22,O,""
1201,2024-07-25,B,""
1201,2024-08-08,O,""
1201,2024-08-12,O,""
1201,2024-08-14,O,""
1201,2024-08-22,O,""
1201,2024-09-01,X,""
1201,2024-09-02,D,""
1201,2024-09-03,O,""
1201,2024-09-06,O,""
1201,2024-09-08,O,""
1538,2024-05-23,B,""
1538,2024-05-25,O,""
1538,2024-05-26,B,""
1538,2024-05-28,O,""
1538,2024-05-31,O,""
1538,2024-06-03,O,""
1538,2024-06-04,O,""
1538,2024-06-05,O,""
1538,2024-06-06,O,""
1538,2024-06-10,O,""
1538,2024-06-18,X,""
1538,2024-06-22,X,""
1538,2024-06-24,O,""
1538,2024-06-26,O,""
1538,2024-06-29,O,""
1538,2024-07-01,B,""
1538,2024-07-02,O,""
1538,2024-07-04,B,""
1538,2024-07-06,O,""
1538,2024-07-08,O,""
1538,2024-07-13,B,""
1538,2024-07-15,O,""
1538,2024-07-20,O,""
1538,2024-07-23,O,""
1538,2024-07-29,B,""
1538,2024-08-01,O,""
1538,2024-08-02,O,""
1538,2024-08-04,O,""
1538,2024-08-07,O,""
1538,2024-08-08,O,""
1538,2024-08-09,O,""
1538,2024-08-13,B,""
1538,2024-08-15,O,""
1538,2024-08-17,N,""
1453,2024-05-26,O,""
1453,2024-05-27,O,""
1453,2024-05-28,O,""
1453,2024-05-30,B,""
1453,2024-05-31,O,""
1453,2024-06-01,C,""
1453,2024-06-02,O,""
1453,2024-06-03,B,""
1453,2024-06-07,O,""
1453,2024-06-08,B,""
1453,2024-06-19,O,""
1453,2024-06-23,O,""
1453,2024-06-27,O,""
1453,2024-06-28,B,""
1453,2024-06-29,O,""
1453,2024-07-05,C,""
1453,2024-07-07,O,""
1453,2024-07-10,O,""
1268,2024-05-23,O,""
1268,2024-05-24,O,""
1268,2024-05-25,O,""
1268,2024-05-26,X,""
1268,2024-05-27,O,""
1268,2024-05-28,O,""
1268,2024-05-30,O,""
1268,2024-05-31,O,""
1268,2024-06-02,O,""
1268,2024-06-08,O,""
1268,2024-06-11,O,""
1268,2024-06-15,O,""
1268,2024-06-19,O,""
1268,2024-06-20,O,""
1268,2024-06-23,O,""
1268,2024-06-24,D,""
1268,2024-06-25,O,""
1268,2024-07-07,O,""
1268,2024-07-13,O,""
1268,2024-07-17,O,""
1268,2024-07-19,B,""
1268,2024-07-21,O,""
1268,2024-07-23,O,""
1268,2024-07-27,O,""
1268,2024-07-30,O,""
1268,2024-08-04,O,""
1268,2024-08-05,O,""
1268,2024-08-08,B,""
1268,2024-08-09,C,""
1268,2024-08-11,O,""
1268,2024-08-23,O,""
1268,2024-08-25,X,""
1268,2024-08-29,O,""
1268,2024-09-01,X,""
1268,2024-09-08,O,""
1268,2024-09-09,O,""
1268,2024-09-14,O,""
1268,2024-09-16,X,""
1268,2024-09-17,O,""
1268,2024-09-21,O,""
1268,2024-09-23,O,""
1268,2024-09-30,O,""
1747,2024-05-24,O,""
1747,2024-05-25,O,""
1747,2024-05-31,B,""
1747,2024-06-03,O,""
1747,2024-06-06,O,""
1747,2024-06-11,O,""
1747,2024-06-12,X,""
1747,2024-06-16,O,""
1747,2024-07-03,O,""
1747,2024-07-15,O,""
1747,2024-07-20,O,""
1747,2024-07-28,O,""
1747,2024-07-30,O,""
1747,2024-08-02,O,""
1747,2024-08-10,O,""
1747,2024-08-11,O,""
1747,2024-08-12,B,""
1747,2024-08-13,B,""
1747,2024-08-22,O,""
1747,2024-08-23,O,""
1747,2024-08-24,O,""
1747,2024-08-31,O,""
1747,2024-09-06,X,""
1747,2024-09-12,O,""
1747,2024-09-14,O,""
1747,2024-09-18,O,""
1747,2024-09-23,B,""
1747,2024-09-25,O,""
1255,2024-05-26,O,""
1255,2024-05-30,O,""
1255,2024-05-31,O,""
1255,2024-06-04,O,""
1255,2024-06-05,B,""
1255,2024-06-17,O,""
1255,2024-06-22,O,""
1255,2024-06-24,O,""
1255,2024-06-29,O,""
1255,2024-07-04,B,""
1255,2024-07-06,B,""
1255,2024-07-07,O,""
1255,2024-07-14,O,""
1255,2024-08-01,O,""
1255,2024-08-05,O,""
1255,2024-08-09,B,""
1255,2024-08-11,O,""
1255,2024-08-13,O,""
1255,2024-08-28,O,""
1255,2024-09-01,X,""
1255,2024-09-02,O,""
1255,2024-09-05,N,""
1255,2024-09-07,N,""
1255,2024-09-15,O,""
1255,2024-09-16,O,""
1255,2024-09-19,O,""
1255,2024-09-21,O,""
1255,2024-09-22,D,""
1255,2024-09-23,O,""
1255,2024-09-28,X,""
1752,2024-05-19,O,""
1752,2024-05-20,X,""
1752,2024-05-22,O,""
1752,2024-05-28,O,""
1752,2024-05-30,C,""
1752,2024-05-31,O,""
1752,2024-06-04,O,""
1752,2024-06-09,O,""
1752,2024-06-15,O,""
1752,2024-06-16,O,""
1752,2024-06-19,O,""
1752,2024-06-20,O,""
1752,2024-07-02,O,""
1752,2024-07-05,B,""
1752,2024-07-06,O,""
1752,2024-07-08,O,""
1752,2024-07-11,O,""
1752,2024-07-13,O,""
1752,2024-07-20,O,""
1752,2024-07-21,O,""
1752,2024-07-24,O,""
1752,2024-07-27,X,""
1752,2024-07-30,X,""
1752,2024-08-01,O,""
1680,2024-05-23,O,""
1680,2024-05-28,B,""
1680,2024-05-29,O,""
1680,2024-05-30,B,""
1680,2024-05-31,O,""
1680,2024-06-01,O,""
1680,2024-06-02,O,""
1680,2024-06-07,B,""
1680,2024-06-09,O,""
1680,2024-06-13,O,""
1680,2024-06-17,O,""
1680,2024-06-18,O,""
1680,2024-06-20,O,""
1680,2024-06-23,X,""
1680,2024-06-29,O,""
1680,2024-07-02,O,""
1680,2024-07-03,O,""
1680,2024-07-15,O,""
1680,2024-07-17,O,""
1680,2024-07-18,O,""
1680,2024-07-20,O,""
1680,2024-07-30,O,""
1680,2024-07-31,O,""
1680,2024-08-02,O,""
1680,2024-08-11,O,""
1680,2024-08-15,O,""
1680,2024-08-19,O,""
1680,2024-08-20,O,""
1680,2024-08-26,B,""
1680,2024-08-27,O,""
1680,2024-08-29,X,""
1680,2024-08-30,O,""
1680,2024-09-02,X,""
1680,2024-09-05,O,""
1680,2024-09-11,O,""
1680,2024-09-14,C,""
1680,2024-09-15,O,""
1680,2024-09-17,C,""
1680,2024-09-20,O,""
1680,2024-09-21,B,""
1786,2024-05-21,O,""
1786,2024-05-22,B,""
1786,2024-05-26,B,""
1786,2024-05-29,O,""
1786,2024-06-01,O,""
1786,2024-06-07,O,""
1786,2024-06-30,O,""
1786,2024-07-03,O,""
1786,2024-07-05,O,""
1786,2024-07-13,O,""
1786,2024-07-14,C,""
1786,2024-07-19,O,""
1786,2024-07-27,O,""
1786,2024-07-29,O,""
1786,2024-08-02,B,""
1786,2024-08-05,B,""
1786,2024-08-10,O,""
1786,2024-08-11,B,""
1786,2024-08-13,O,""
1786,2024-08-14,O,""
1786,2024-08-16,O,""
1786,2024-08-19,O,""
1786,2024-08-20,O,""
1786,2024-08-21,B,""
1786,2024-08-22,O,""
1786,2024-08-23,O,""
1786,2024-08-24,O,""
1786,2024-08-26,O,""
1786,2024-08-27,O,""
1786,2024-08-28,O,""
1786,2024-08-31,O,""
1786,2024-09-02,O,""
1252,2024-05-29,O,""
1252,2024-06-01,O,""
1252,2024-06-02,O,""
1252,2024-06-06,B,""
1252,2024-06-20,X,""
1252,2024-06-23,O,""
1252,2024-06-25,B,""
1252,2024-07-07,O,""
1252,2024-07-17,O,""
1252,2024-07-18,B,""
1252,2024-07-19,O,""
1252,2024-07-20,O,""
1252,2024-07-22,O,""
1252,2024-07-28,O,""
1252,2024-08-01,O,""
1252,2024-08-06,X,""
1252,2024-08-10,X,""
1252,2024-08-13,B,""
1252,2024-08-26,O,""
1252,2024-09-01,B,""
1343,2024-05-19,O,""
1343,2024-05-22,B,""
1343,2024-05-24,O,""
1343,2024-05-28,X,""
1343,2024-05-29,O,""
1343,2024-05-31,O,""
1343,2024-06-02,B,""
1343,2024-06-05,O,""
1343,2024-06-07,O,""
1343,2024-06-14,O,""
1343,2024-06-17,N,""
1343,2024-06-19,B,""
1343,2024-06-22,O,""
1343,2024-06-26,O,""
1343,2024-06-27,B,""
1343,2024-07-02,B,""
1343,2024-07-05,X,""
1343,2024-07-09,B,""
1343,2024-07-20,O,""
1343,2024-07-23,O,""
1343,2024-07-25,O,""
1343,2024-08-02,X,""
1343,2024-08-03,O,""
1343,2024-08-05,O,""
1343,2024-08-09,C,""
1343,2024-08-10,O,""
1343,2024-08-14,O,""
1343,2024-08-16,O,""
1343,2024-08-19,O,""
1343,2024-08-23,O,""
1343,2024-08-29,O,""
1407,2024-05-25,O,""
1407,2024-05-26,O,""
1407,2024-05-31,O,""
1407,2024-06-01,O,""
1407,2024-06-07,O,""
1407,2024-06-08,O,""
1407,2024-06-13,O,""
1407,2024-06-16,B,""
1407,2024-06-19,X,""
1407,2024-06-21,B,""
1401,2024-05-27,O,""
1401,2024-05-28,O,""
1401,2024-05-29,X,""
1401,2024-05-31,O,""
1401,2024-06-02,B,""
1401,2024-06-08,O,""
1401,2024-06-14,B,""
1401,2024-06-18,O,""
1401,2024-06-19,B,""
1401,2024-06-27,O,""
1401,2024-06-28,O,""
1401,2024-07-07,O,""
1401,2024-07-11,O,""
1401,2024-07-13,O,""
1401,2024-07-21,O,""
1401,2024-07-28,O,""
1401,2024-08-03,O,""
1401,2024-08-04,O,""
1401,2024-08-13,O,""
1401,2024-08-17,O,""
1401,2024-08-22,X,""
1401,2024-08-23,O,""
1401,2024-08-30,O,""
1401,2024-08-31,O,""
1401,2024-09-02,O,""
1587,2024-05-25,B,""
1587,2024-05-28,B,""
1587,2024-05-30,O,""
1587,2024-06-05,O,""
1587,2024-06-06,O,""
1587,2024-06-10,C,""
1587,2024-06-13,O,""
1587,2024-06-18,O,""
1587,2024-06-22,O,""
1587,2024-06-24,O,""
1587,2024-07-04,O,""
1587,2024-07-07,O,""
1587,2024-07-10,O,""
1587,2024-07-13,O,""
1587,2024-07-18,O,""
1587,2024-07-21,O,""
1587,2024-07-24,X,""
1587,2024-07-25,O,""
1587,2024-07-26,O,""
1587,2024-08-03,O,""
1587,2024-08-10,X,""
1587,2024-08-11,O,""
1794,2024-05-22,O,""
1794,2024-05-25,X,""
1794,2024-05-27,O,""
1794,2024-05-29,B,""
1794,2024-06-07,X,""
1794,2024-06-08,O,""
1794,2024-06-15,O,""
1794,2024-06-20,B,""
1794,2024-06-21,B,""
1794,2024-06-27,O,""
1794,2024-07-01,C,""
1794,2024-07-03,O,""
1794,2024-07-14,O,""
1794,2024-07-18,O,""
1794,2024-07-23,O,""
1591,2024-05-21,O,""
1591,2024-05-24,O,""
1591,2024-06-13,O,""
1591,2024-06-14,O,""
1591,2024-06-24,D,""
1591,2024-06-26,O,""
1591,2024-06-27,O,""
1591,2024-07-04,O,""
1591,2024-07-05,O,""
1591,2024-07-10,O,""
1591,2024-07-14,C,""
1466,2024-05-23,X,""
1466,2024-05-27,O,""
1466,2024-05-31,O,""
1466,2024-06-01,O,""
1466,2024-06-03,O,""
1466,2024-06-15,O,""
1466,2024-06-22,O,""
1296,2024-05-18,O,""
1296,2024-05-19,O,""
1296,2024-05-22,O,""
1296,2024-05-24,B,""
1296,2024-05-27,O,""
1296,2024-05-30,O,""
1296,2024-06-05,O,""
1296,2024-07-13,O,""
1296,2024-07-15,O,""
1296,2024-07-16,O,""
1296,2024-07-22,O,""
1296,2024-07-23,O,""
1296,2024-07-31,O,""
1296,2024-08-01,B,""
1296,2024-08-05,O,""
1296,2024-08-08,O,""
1296,2024-08-12,O,""
1296,2024-08-19,O,""
1296,2024-08-21,B,""
1296,2024-08-30,O,""
1296,2024-09-02,O,""
1296,2024-09-06,O,""
1296,2024-09-08,O,""
1296,2024-09-13,B,""
1296,2024-09-14,O,""
1296,2024-09-19,B,""
1296,2024-09-23,O,""
1520,2024-05-21,O,""
1520,2024-05-23,O,""
1520,2024-05-30,B,""
1520,2024-05-31,O,""
1520,2024-06-07,O,""
1520,2024-06-12,O,""
1520,2024-06-13,B,""
1520,2024-06-16,O,""
1520,2024-06-22,B,""
1520,2024-06-26,B,""
1520,2024-06-27,O,""
1520,2024-06-28,C,""
1520,2024-06-30,B,""
1520,2024-07-15,B,""
1520,2024-07-16,O,""
1520,2024-07-20,O,""
1520,2024-07-21,B,""
1520,2024-07-25,O,""
1520,2024-08-09,O,""
1520,2024-08-22,O,""
1520,2024-08-24,O,""
1520,2024-08-26,O,""
1520,2024-08-28,X,""
1520,2024-09-02,O,""
1520,2024-09-05,X,""
1520,2024-09-06,N,""
1520,2024-09-07,O,""
1520,2024-09-08,O,""
1520,2024-09-15,O,""
1520,2024-09-16,O,""
1520,2024-09-21,O,""
1520,2024-09-22,B,""
1425,2024-05-17,X,""
1425,2024-05-18,O,""
1425,2024-05-19,O,""
1425,2024-05-21,N,""
1425,2024-05-22,O,""
1425,2024-05-24,O,""
1425,2024-05-27,O,""
1425,2024-05-29,O,""
1425,2024-05-31,B,""
1425,2024-06-03,X,""
1425,2024-06-09,O,""
1425,2024-06-10,O,""
1425,2024-06-11,O,""
1425,2024-06-19,C,""
1425,2024-06-20,O,""
1425,2024-06-21,O,""
1425,2024-06-27,O,""
1425,2024-06-28,O,""
1425,2024-07-06,B,""
1425,2024-07-09,D,""
1425,2024-07-11,O,""
1425,2024-07-20,O,""
1425,2024-07-22,B,""
1425,2024-07-24,O,""
1425,2024-07-29,O,""
1425,2024-07-31,O,""
1425,2024-08-01,O,""
1425,2024-08-07,O,""
1425,2024-08-16,O,""
1425,2024-08-17,B,""
1425,2024-08-20,B,""
1425,2024-08-23,O,""
1425,2024-08-27,O,""
1425,2024-09-02,N,""
1425,2024-09-03,O,""
1425,2024-09-08,O,""
1425,2024-09-17,B,""
1425,2024-09-18,O,""
1425,2024-09-20,O,""
1425,2024-09-23,O,""
1425,2024-09-25,B,""
1425,2024-09-29,B,""
1238,2024-05-20,C,""
1238,2024-05-27,O,""
1238,2024-05-31,O,""
1238,2024-06-16,O,""
1238,2024-06-19,B,""
1238,2024-06-23,O,""
1238,2024-06-24,B,""
1238,2024-06-27,O,""
1238,2024-06-28,O,""
1768,2024-05-23,O,""
1768,2024-05-29,O,""
1768,2024-06-02,X,""
1768,2024-06-03,O,""
1768,2024-06-12,O,""
1768,2024-06-19,O,""
1768,2024-06-21,O,""
1664,2024-05-21,O,""
1664,2024-05-24,O,""
1664,2024-05-26,O,""
1664,2024-05-30,O,""
1664,2024-05-31,O,""
1664,2024-06-05,O,""
1664,2024-06-08,O,""
1664,2024-06-09,B,""
1664,2024-06-10,O,""
1664,2024-06-13,O,""
1664,2024-06-18,O,""
1664,2024-06-19,O,""
1664,2024-06-20,O,""
1701,2024-05-24,O,""
1701,2024-05-26,O,""
1701,2024-06-06,O,""
1701,2024-06-08,O,""
1701,2024-06-11,O,""
1701,2024-06-14,O,""
1701,2024-06-18,O,""
1701,2024-06-24,X,""
1701,2024-06-27,O,""
1701,2024-06-30,O,""
1459,2024-05-21,O,""
1459,2024-05-23,X,""
1459,2024-05-28,O,""
1459,2024-06-06,O,""
1459,2024-06-13,O,""
1459,2024-06-14,O,""
1459,2024-06-20,O,""
1459,2024-06-27,X,""
1459,2024-06-28,O,""
1459,2024-06-29,B,""
1459,2024-07-01,O,""
1459,2024-07-05,O,""
1459,2024-07-06,O,""
1459,2024-07-08,O,""
1459,2024-07-10,O,""
1459,2024-07-23,O,""
1459,2024-07-28,O,""
1459,2024-08-14,O,""
1459,2024-08-24,O,""
1459,2024-08-25,O,""
1459,2024-09-02,O,""
1459,2024-09-05,B,""
1517,2024-05-22,O,""
1517,2024-05-25,O,""
1517,2024-05-30,B,""
1517,2024-06-02,B,""
1517,2024-06-07,O,""
1517,2024-06-08,O,""
1517,2024-06-14,X,""
1517,2024-06-18,O,""
1517,2024-06-21,B,""
1517,2024-06-24,O,""
1517,2024-06-27,O,""
1517,2024-06-29,O,""
1517,2024-07-03,O,""
1517,2024-07-05,O,""
1517,2024-07-08,O,""
1517,2024-07-11,C,""
1517,2024-07-12,O,""
1517,2024-07-15,O,""
1517,2024-07-18,O,""
1517,2024-07-23,O,""
1517,2024-07-27,O,""
1517,2024-07-28,O,""
1517,2024-07-31,B,""
1517,2024-08-02,B,""
1517,2024-08-05,O,""
1517,2024-08-07,O,""
1517,2024-08-12,O,""
1517,2024-08-17,O,""
1517,2024-08-19,O,""
1517,2024-08-21,O,""
1517,2024-08-24,X,""
1517,2024-08-25,O,""
1616,2024-05-28,O,""
1616,2024-05-31,O,""
1616,2024-06-02,O,""
1616,2024-06-03,O,""
1616,2024-06-06,B,""
1616,2024-06-12,O,""
1616,2024-06-17,O,""
1616,2024-06-20,O,""
1616,2024-06-23,O,""
1616,2024-06-25,O,""
1616,2024-06-27,B,""
1616,2024-06-30,O,""
1616,2024-07-03,O,""
1616,2024-07-04,O,""
1616,2024-07-05,O,""
1616,2024-07-07,O,""
1616,2024-07-13,O,""
1616,2024-07-14,O,""
1616,2024-07-21,O,""
1616,2024-07-24,O,""
1616,2024-07-25,O,""
1616,2024-07-26,O,""
1616,2024-08-02,O,""
1616,2024-08-03,O,""
1616,2024-08-05,O,""
1616,2024-08-06,X,""
1616,2024-08-13,O,""
1616,2024-08-24,O,""
1616,2024-09-01,O,""
1616,2024-09-04,O,""
1616,2024-09-06,B,""
1616,2024-09-07,X,""
1616,2024-09-08,O,""
1616,2024-09-09,X,""
1616,2024-09-13,O,""
1616,2024-09-14,B,""
1616,2024-09-15,O,""
1616,2024-09-17,B,""
1616,2024-09-21,O,""
1616,2024-09-23,X,""
1616,2024-09-27,O,""
1573,2024-05-19,O,""
1573,2024-05-20,O,""
1573,2024-05-22,O,""
1573,2024-05-25,O,""
1573,2024-05-26,O,""
1573,2024-05-27,O,""
1573,2024-05-29,O,""
1573,2024-05-30,O,""
1573,2024-06-06,O,""
1573,2024-06-09,O,""
1573,2024-06-10,B,""
1573,2024-06-11,O,""
1573,2024-06-13,O,""
1573,2024-06-14,X,""
1573,2024-07-02,O,""
1573,2024-07-05,O,""
1573,2024-07-08,O,""
1573,2024-07-18,O,""
1573,2024-07-22,O,""
1573,2024-07-27,O,""
1573,2024-07-29,O,""
1573,2024-08-08,O,""
1573,2024-08-17,B,""
1573,2024-08-21,O,""
1573,2024-08-29,O,""
1573,2024-08-31,O,""
1573,2024-09-01,X,""
1573,2024-09-04,O,""
1573,2024-09-05,O,""
1573,2024-09-06,D,""
1573,2024-09-11,B,""
1573,2024-09-13,C,""
1573,2024-09-17,O,""
1573,2024-09-19,B,""
1573,2024-09-21,O,""
1573,2024-09-24,O,""
1281,2024-05-24,B,""
1281,2024-05-30,O,""
1281,2024-06-03,O,""
1281,2024-06-04,O,""
1281,2024-06-05,B,""
1281,2024-06-07,O,""
1281,2024-06-08,B,""
1281,2024-06-11,O,""
1281,2024-06-19,B,""
1281,2024-06-20,O,""
1281,2024-06-21,O,""
1281,2024-07-04,O,""
1281,2024-07-07,O,""
1281,2024-07-10,B,""
1281,2024-07-11,O,""
1281,2024-07-13,X,""
1281,2024-07-19,O,""
1281,2024-07-21,B,""
1281,2024-07-22,O,""
1281,2024-07-23,O,""
1281,2024-07-28,O,""
1281,2024-07-29,O,""
1281,2024-07-30,O,""
1281,2024-07-31,C,""
1281,2024-08-03,O,""
1281,2024-08-05,X,""
1281,2024-08-06,O,""
1621,2024-05-24,O,""
1621,2024-05-28,O,""
1621,2024-05-29,O,""
1621,2024-06-01,O,""
1621,2024-06-02,B,""
1621,2024-06-03,O,""
1621,2024-06-07,B,""
1621,2024-06-16,B,""
1621,2024-06-26,O,""
1621,2024-06-28,O,""
1621,2024-07-07,O,""
1621,2024-07-13,O,""
1621,2024-07-20,B,""
1621,2024-07-28,B,""
1621,2024-07-29,O,""
1621,2024-07-30,B,""
1621,2024-07-31,D,""
1621,2024-08-02,O,""
1621,2024-08-07,O,""
1621,2024-08-09,O,""
1621,2024-08-12,O,""
1621,2024-08-13,O,""
1621,2024-08-14,O,""
1621,2024-08-15,B,""
1621,2024-08-19,O,""
1621,2024-08-28,O,""
1621,2024-08-29,O,""
1621,2024-08-30,D,""
1621,2024-09-01,B,""
1621,2024-09-05,O,""
1621,2024-09-06,O,""
1621,2024-09-09,O,""
1621,2024-09-10,X,""
1621,2024-09-15,O,""
1621,2024-09-18,O,""
1621,2024-09-20,X,""
1621,2024-09-22,C,""
1621,2024-09-23,B,""
1619,2024-05-24,B,""
1619,2024-05-27,O,""
1619,2024-05-28,B,""
1619,2024-05-31,O,""
1619,2024-06-05,O,""
1619,2024-06-10,O,""
1619,2024-06-17,O,""
1619,2024-06-18,O,""
1619,2024-06-19,O,""
1619,2024-06-21,O,""
1619,2024-06-23,O,""
1619,2024-06-24,B,""
1619,2024-06-25,O,""
1619,2024-06-27,O,""
1619,2024-07-03,C,""
1619,2024-07-05,O,""
1619,2024-07-06,O,""
1619,2024-07-11,O,""
1619,2024-07-24,B,""
1619,2024-07-27,O,""
1619,2024-08-05,B,""
1619,2024-08-11,X,""
1619,2024-08-13,B,""
1619,2024-08-21,C,""
1619,2024-08-25,O,""
1619,2024-08-31,O,""
1619,2024-09-01,O,""
1619,2024-09-06,O,""
1619,2024-09-07,O,""
1619,2024-09-08,O,""
1619,2024-09-13,X,""
1619,2024-09-14,O,""
1619,2024-09-15,C,""
1619,2024-09-21,B,""
1619,2024-09-23,O,""
1619,2024-09-28,B,""
1619,2024-09-29,O,""
1257,2024-05-21,D,""
1257,2024-05-22,C,""
1257,2024-05-27,O,""
1257,2024-05-28,O,""
1257,2024-05-31,C,""
1257,2024-06-04,O,""
1257,2024-06-07,O,""
1257,2024-06-08,X,""
1257,2024-06-09,O,""
1257,2024-06-11,O,""
1257,2024-06-14,O,""
1257,2024-06-15,O,""
1257,2024-06-19,O,""
1257,2024-06-21,O,""
1257,2024-06-23,O,""
1257,2024-07-02,B,""
1257,2024-07-05,O,""
1257,2024-07-06,B,""
1257,2024-07-11,O,""
1257,2024-07-14,O,""
1257,2024-07-21,O,""
1257,2024-07-23,X,""
1257,2024-07-31,O,""
1669,2024-05-19,N,""
1669,2024-05-23,O,""
1669,2024-05-26,O,""
1669,2024-05-27,O,""
1669,2024-05-29,O,""
1669,2024-06-08,B,""
1669,2024-06-19,O,""
1669,2024-06-20,O,""
1669,2024-06-21,O,""
1669,2024-06-23,B,""
1669,2024-06-25,C,""
1669,2024-06-27,O,""
1669,2024-06-28,O,""
1669,2024-06-30,O,""
1669,2024-07-03,O,""
1669,2024-07-12,O,""
1669,2024-07-15,O,""
1669,2024-07-29,O,""
1669,2024-07-31,O,""
1669,2024-08-02,X,""
1669,2024-08-04,O,""
1669,2024-08-07,B,""
1669,2024-08-08,O,""
1669,2024-08-09,O,""
1669,2024-08-12,O,""
1669,2024-08-14,X,""
1669,2024-08-18,O,""
1669,2024-08-28,B,""
1669,2024-08-29,X,""
1581,2024-05-19,X,""
1581,2024-05-20,O,""
1581,2024-05-21,O,""
1581,2024-05-27,O,""
1581,2024-05-28,C,""
1581,2024-05-31,O,""
1581,2024-06-02,O,""
1581,2024-06-04,O,""
1581,2024-06-06,O,""
1581,2024-06-08,O,""
1581,2024-06-14,X,""
1581,2024-06-18,O,""
1581,2024-06-19,B,""
1581,2024-06-21,O,""
1581,2024-06-26,O,""
1581,2024-06-28,O,""
1581,2024-07-07,O,""
1581,2024-07-12,O,""
1581,2024-07-20,O,""
1581,2024-08-04,B,""
1581,2024-08-05,B,""
1581,2024-08-07,O,""
1581,2024-08-08,O,""
1581,2024-08-11,O,""
1581,2024-08-12,O,""
1581,2024-08-13,O,""
1581,2024-08-19,O,""
1226,2024-05-23,O,""
1226,2024-05-26,O,""
1226,2024-05-27,X,""
1226,2024-06-06,B,""
1226,2024-06-10,O,""
1226,2024-06-12,O,""
1226,2024-06-14,O,""
1226,2024-06-19,O,""
1226,2024-06-26,O,""
1226,2024-07-03,O,""
1226,2024-07-17,O,""
1226,2024-07-18,O,""
1226,2024-07-20,B,""
1764,2024-06-03,B,""
1764,2024-06-06,O,""
1764,2024-06-09,O,""
1764,2024-06-10,B,""
1764,2024-06-15,O,""
1764,2024-06-19,O,""
1764,2024-06-23,O,""
1764,2024-06-29,O,""
1764,2024-07-01,O,""
1764,2024-07-04,O,""
1764,2024-07-08,B,""
1764,2024-07-18,O,""
1764,2024-07-22,O,""
1764,2024-07-25,O,""
1764,2024-07-27,O,""
1764,2024-08-02,O,""
1764,2024-08-04,N,""
1764,2024-08-05,O,""
1764,2024-08-06,C,""
1764,2024-08-13,O,""
1764,2024-08-26,B,""
1764,2024-08-29,O,""
1764,2024-09-02,O,""
1764,2024-09-03,O,""
1764,2024-09-08,B,""
1764,2024-09-11,O,""
1764,2024-09-20,O,""
1764,2024-09-23,O,""
1764,2024-09-29,X,""
1764,2024-09-30,O,""
1396,2024-05-25,O,""
1396,2024-05-27,O,""
1396,2024-05-30,D,""
1396,2024-06-01,B,""
1396,2024-06-03,O,""
1396,2024-06-06,O,""
1396,2024-06-10,O,""
1396,2024-06-12,O,""
1396,2024-06-15,D,""
1396,2024-06-18,B,""
1396,2024-06-21,O,""
1396,2024-06-27,O,""
1396,2024-07-01,O,""
1396,2024-07-02,B,""
1396,2024-07-12,O,""
1396,2024-07-20,O,""
1396,2024-07-23,X,""
1396,2024-07-24,X,""
1396,2024-07-27,O,""
1396,2024-07-29,O,""
1396,2024-08-01,O,""
1396,2024-08-06,O,""
1396,2024-08-07,O,""
1396,2024-08-19,O,""
1396,2024-08-26,O,""
1396,2024-08-27,O,""
1396,2024-08-29,O,""
1396,2024-08-30,C,""
1396,2024-09-01,B,""
1396,2024-09-02,O,""
1396,2024-09-03,O,""
1396,2024-09-04,X,""
1396,2024-09-07,X,""
1396,2024-09-13,O,""
1396,2024-09-15,B,""
1396,2024-09-22,O,""
1396,2024-09-25,O,""
1688,2024-05-30,O,""
1688,2024-06-02,O,""
1688,2024-06-05,O,""
1688,2024-06-11,O,""
1688,2024-06-16,O,""
1688,2024-06-18,O,""
1688,2024-06-23,O,""
1688,2024-07-04,O,""
1688,2024-07-08,O,""
1688,2024-07-09,O,""
1368,2024-05-25,O,""
1368,2024-05-28,O,""
1368,2024-05-29,X,""
1368,2024-06-01,O,""
1368,2024-06-02,O,""
1368,2024-06-04,O,""
1368,2024-06-08,B,""
1368,2024-07-03,O,""
1368,2024-07-06,O,""
1368,2024-07-11,X,""
1368,2024-07-18,O,""
1368,2024-07-26,O,""
1368,2024-07-27,O,""
1368,2024-07-28,O,""
1368,2024-08-04,B,""
1368,2024-08-07,O,""
1368,2024-08-17,O,""
1368,2024-08-19,O,""
1368,2024-08-21,O,""
1368,2024-08-26,O,""
1368,2024-08-27,B,""
1225,2024-05-25,O,""
1225,2024-05-27,O,""
1225,2024-05-28,O,""
1225,2024-05-29,O,""
1225,2024-05-30,B,""
1225,2024-06-02,C,""
1225,2024-06-07,O,""
1225,2024-06-11,O,""
1225,2024-06-17,O,""
1225,2024-06-19,O,""
1225,2024-06-20,B,""
1225,2024-06-22,O,""
1225,2024-06-23,O,""
1225,2024-06-30,O,""
1225,2024-07-06,O,""
1225,2024-07-07,O,""
1225,2024-07-10,X,""
1225,2024-07-12,O,""
1225,2024-07-14,O,""
1225,2024-07-15,O,""
1225,2024-07-27,O,""
1225,2024-07-30,O,""
1225,2024-08-07,O,""
1225,2024-08-08,O,""
1225,2024-08-11,O,""
1225,2024-08-18,O,""
1225,2024-08-19,O,""
1225,2024-08-28,N,""
1225,2024-08-29,B,""
1225,2024-09-01,O,""
1225,2024-09-03,O,""
1225,2024-09-04,N,""
1225,2024-09-05,B,""
1225,2024-09-07,O,""
1225,2024-09-08,O,""
1225,2024-09-18,B,""
1225,2024-09-19,X,""
1225,2024-09-20,O,""
1225,2024-09-21,B,""
1677,2024-05-26,O,""
1677,2024-05-27,O,""
1677,2024-05-28,O,""
1677,2024-05-30,B,""
1677,2024-06-08,B,""
1677,2024-06-17,O,""
1677,2024-06-19,D,""
1677,2024-06-20,X,""
1677,2024-06-30,O,""
1677,2024-07-01,O,""
1677,2024-07-02,X,""
1677,2024-07-03,O,""
1585,2024-05-22,O,""
1585,2024-05-23,O,""
1585,2024-05-26,O,""
1585,2024-06-01,N,""
1585,2024-06-03,B,""
1585,2024-06-06,O,""
1585,2024-06-09,O,""
1585,2024-06-10,O,""
1585,2024-06-12,O,""
1585,2024-06-14,O,""
1585,2024-06-15,O,""
1585,2024-06-17,O,""
1585,2024-06-18,B,""
1585,2024-06-21,O,""
1585,2024-06-23,O,""
1585,2024-06-26,O,""
1585,2024-07-01,O,""
1585,2024-07-04,O,""
1585,2024-07-07,B,""
1585,2024-07-08,O,""
1585,2024-07-14,C,""
1585,2024-07-19,O,""
1585,2024-07-22,B,""
1585,2024-07-30,B,""
1585,2024-07-31,O,""
1585,2024-08-03,O,""
1585,2024-08-04,B,""
1585,2024-08-07,O,""
1585,2024-08-13,O,""
1585,2024-08-18,O,""
1585,2024-08-20,O,""
1585,2024-08-22,D,""
1585,2024-08-24,O,""
1585,2024-08-31,B,""
1473,2024-05-29,O,""
1473,2024-05-30,B,""
1473,2024-06-07,O,""
1473,2024-06-08,D,""
1473,2024-06-10,B,""
1473,2024-06-12,O,""
1473,2024-06-13,O,""
1473,2024-06-18,O,""
1473,2024-06-22,O,""
1473,2024-06-24,O,""
1473,2024-06-28,C,""
1473,2024-07-02,B,""
1473,2024-07-07,N,""
1473,2024-07-08,O,""
1473,2024-07-11,O,""
1473,2024-07-13,B,""
1347,2024-05-15,O,""
1347,2024-05-21,C,""
1347,2024-05-23,B,""
1347,2024-06-09,O,""
1347,2024-06-17,C,""
1347,2024-06-19,O,""
1347,2024-06-22,O,""
1347,2024-06-27,O,""
1347,2024-06-28,O,""
1347,2024-06-30,O,""
1347,2024-07-01,X,""
1347,2024-07-05,O,""
1347,2024-07-11,O,""
1347,2024-07-14,O,""
1347,2024-07-16,O,""
1347,2024-07-18,O,""
1347,2024-07-20,O,""
1347,2024-07-26,O,""
1347,2024-07-27,B,""
1347,2024-07-29,O,""
1347,2024-07-30,O,""
1347,2024-07-31,O,""
1347,2024-08-09,O,""
1347,2024-08-11,O,""
1347,2024-08-12,X,""
1371,2024-05-22,O,""
1371,2024-05-23,O,""
1371,2024-05-24,B,""
1371,2024-05-29,O,""
1371,2024-06-06,O,""
1371,2024-06-18,O,""
1371,2024-06-20,O,""
1371,2024-06-21,O,""
1371,2024-06-24,B,""
1371,2024-06-25,O,""
1371,2024-06-26,O,""
1371,2024-06-28,O,""
1547,2024-05-09,O,""
1547,2024-05-14,O,""
1547,2024-05-18,B,""
1547,2024-05-29,O,""
1547,2024-05-30,O,""
1547,2024-05-31,O,""
1547,2024-06-03,O,""
1547,2024-06-06,O,""
1547,2024-06-09,O,""
1547,2024-06-10,C,""
1547,2024-06-12,B,""
1547,2024-06-14,O,""
1547,2024-06-25,B,""
1547,2024-06-26,O,""
1547,2024-06-28,O,""
1547,2024-07-03,O,""
1547,2024-07-11,O,""
1547,2024-07-24,O,""
1547,2024-07-28,O,""
1547,2024-08-02,O,""
1547,2024-08-04,O,""
1547,2024-08-07,B,""
1547,2024-08-17,B,""
1547,2024-08-20,B,""
1547,2024-08-21,O,""
1547,2024-08-22,O,""
1547,2024-08-23,O,""
1547,2024-08-24,O,""
1547,2024-08-27,O,""
1547,2024-08-28,O,""
1547,2024-08-29,O,""
1547,2024-08-30,O,""
1547,2024-09-03,O,""
1547,2024-09-05,O,""
1547,2024-09-07,O,""
1547,2024-09-09,B,""
1547,2024-09-13,O,""
1547,2024-09-18,O,""
1547,2024-09-19,X,""
1547,2024-09-20,O,""
1547,2024-09-23,B,""
1341,2024-05-09,O,""
1341,2024-05-13,O,""
1341,2024-05-17,O,""
1341,2024-05-20,B,""
1341,2024-05-25,O,""
1341,2024-05-26,O,""
1341,2024-05-27,O,""
1341,2024-05-30,O,""
1341,2024-06-11,O,""
1341,2024-06-14,X,""
1341,2024-06-21,O,""
1341,2024-06-23,B,""
1341,2024-07-04,O,""
1341,2024-07-14,B,""
1341,2024-07-17,B,""
1341,2024-07-27,X,""
1341,2024-08-11,O,""
1254,2024-05-10,X,""
1254,2024-05-12,O,""
1254,2024-05-13,O,""
1254,2024-05-22,O,""
1254,2024-05-23,O,""
1254,2024-05-25,O,""
1254,2024-05-31,O,""
1254,2024-06-05,O,""
1254,2024-06-10,O,""
1254,2024-06-16,O,""
1254,2024-06-20,O,""
1254,2024-06-25,O,""
1254,2024-06-27,O,""
1254,2024-06-29,B,""
1254,2024-06-30,O,""
1254,2024-07-01,X,""
1254,2024-07-12,O,""
1299,2024-05-11,O,""
1299,2024-05-12,O,""
1299,2024-05-15,O,""
1299,2024-05-16,B,""
1299,2024-05-17,X,""
1299,2024-05-22,O,""
1299,2024-05-26,O,""
1299,2024-05-27,O,""
1299,2024-05-29,O,""
1299,2024-06-02,B,""
1299,2024-06-10,O,""
1737,2024-05-09,O,""
1737,2024-05-13,O,""
1737,2024-05-16,X,""
1737,2024-05-17,O,""
1737,2024-05-18,X,""
1737,2024-05-19,O,""
1737,2024-05-22,O,""
1737,2024-05-23,O,""
1737,2024-05-24,O,""
1737,2024-05-25,O,""
1737,2024-05-26,O,""
1737,2024-05-30,O,""
1737,2024-06-02,O,""
1737,2024-06-08,B,""
1737,2024-06-09,O,""
1737,2024-06-10,O,""
1737,2024-06-17,O,""
1737,2024-06-19,O,""
1772,2024-05-09,O,""
1772,2024-05-20,O,""
1772,2024-05-23,O,""
1772,2024-05-24,O,""
1772,2024-05-25,D,""
1772,2024-05-28,O,""
1772,2024-05-29,O,""
1772,2024-05-31,O,""
1772,2024-06-01,O,""
1772,2024-06-06,O,""
1772,2024-06-10,O,""
1772,2024-06-16,O,""
1772,2024-06-20,O,""
1772,2024-06-23,O,""
1772,2024-06-26,O,""
1772,2024-06-28,B,""
1772,2024-06-30,O,""
1772,2024-07-03,B,""
1772,2024-07-06,B,""
1772,2024-07-08,O,""
1772,2024-07-16,O,""
1772,2024-07-18,B,""
1772,2024-07-19,O,""
1772,2024-07-20,B,""
1772,2024-07-25,O,""
1772,2024-07-26,O,""
1772,2024-07-30,O,""
1772,2024-08-03,B,""
1772,2024-08-07,O,""
1772,2024-08-12,O,""
1772,2024-08-14,B,""
1772,2024-08-21,O,""
1772,2024-08-22,O,""
1772,2024-08-28,O,""
1772,2024-08-31,O,""
1772,2024-09-02,O,""
1772,2024-09-05,B,""
1772,2024-09-07,D,""
1772,2024-09-08,O,""
1772,2024-09-13,B,""
1772,2024-09-15,X,""
1772,2024-09-16,O,""
1772,2024-09-17,C,""
1772,2024-09-19,B,""
1772,2024-09-22,O,""
1772,2024-09-23,O,""
1469,2024-05-10,B,""
1469,2024-05-13,O,""
1469,2024-05-14,O,""
1469,2024-05-18,B,""
1469,2024-05-21,O,""
1469,2024-05-22,O,""
1469,2024-05-27,X,""
1469,2024-06-11,O,""
1469,2024-06-12,O,""
1469,2024-06-13,O,""
1469,2024-06-16,O,""
1469,2024-06-21,O,""
1469,2024-06-23,O,""
1469,2024-06-24,O,""
1469,2024-07-06,O,""
1469,2024-07-11,O,""
1469,2024-07-16,O,""
1469,2024-07-17,X,""
1469,2024-07-21,O,""
1469,2024-07-24,O,""
1469,2024-07-28,B,""
1551,2024-05-09,X,""
1551,2024-05-10,O,""
1551,2024-05-19,O,""
1551,2024-05-20,O,""
1551,2024-05-25,X,""
1551,2024-05-29,O,""
1551,2024-06-04,N,""
1551,2024-06-05,O,""
1551,2024-06-09,C,""
1551,2024-06-25,X,""
1551,2024-06-30,O,""
1551,2024-07-06,B,""
1551,2024-07-07,B,""
1551,2024-07-08,O,""
1551,2024-07-12,B,""
1551,2024-07-22,O,""
1551,2024-07-23,X,""
1566,2024-05-06,D,""
1566,2024-05-08,O,""
1566,2024-05-10,B,""
1566,2024-05-13,C,""
1566,2024-05-14,O,""
1566,2024-05-15,O,""
1566,2024-05-16,O,""
1566,2024-05-25,O,""
1566,2024-05-26,O,""
1566,2024-06-03,O,""
1566,2024-06-04,O,""
1566,2024-06-06,B,""
1566,2024-06-07,O,""
1566,2024-06-08,O,""
1566,2024-06-14,O,""
1566,2024-06-20,O,""
1566,2024-06-22,O,""
1566,2024-07-10,O,""
1566,2024-07-11,O,""
1566,2024-07-12,B,""
1566,2024-07-13,O,""
1566,2024-07-14,O,""
1566,2024-07-16,O,""
1566,2024-07-22,B,""
1566,2024-07-26,O,""
1566,2024-07-28,O,""
1566,2024-07-30,O,""
1566,2024-08-04,O,""
1566,2024-08-05,O,""
1566,2024-08-06,O,""
1566,2024-08-08,O,""
1566,2024-08-13,B,""
1566,2024-08-17,B,""
1766,2024-05-12,B,""
1766,2024-05-13,O,""
1766,2024-05-15,X,""
1766,2024-05-20,O,""
1766,2024-05-23,O,""
1766,2024-05-28,O,""
1766,2024-05-29,O,""
1766,2024-06-06,O,""
1766,2024-06-09,X,""
1766,2024-06-10,O,""
1766,2024-06-14,O,""
1766,2024-06-15,O,""
1766,2024-06-20,B,""
1766,2024-06-22,O,""
1766,2024-06-23,O,""
1766,2024-07-02,O,""
1766,2024-07-10,O,""
1766,2024-07-15,O,""
1766,2024-07-17,O,""
1434,2024-05-04,O,""
1434,2024-05-08,O,""
1434,2024-05-11,O,""
1434,2024-05-12,O,""
1434,2024-05-14,X,""
1434,2024-05-17,O,""
1434,2024-05-18,O,""
1434,2024-05-20,O,""
1434,2024-05-21,O,""
1434,2024-05-22,B,""
1434,2024-05-23,O,""
1434,2024-05-24,O,""
1434,2024-05-26,O,""
1434,2024-05-27,O,""
1434,2024-05-30,O,""
1434,2024-06-09,O,""
1434,2024-06-11,O,""
1434,2024-06-27,O,""
1434,2024-06-29,O,""
1434,2024-06-30,O,""
1434,2024-07-01,C,""
1434,2024-07-03,O,""
1434,2024-07-07,O,""
1434,2024-07-11,O,""
1434,2024-07-15,O,""
1434,2024-07-17,O,""
1434,2024-07-19,C,""
1434,2024-07-23,O,""
1434,2024-07-24,B,""
1434,2024-07-25,O,""
1434,2024-07-27,O,""
1434,2024-07-30,O,""
1434,2024-07-31,O,""
1434,2024-08-02,B,""
1434,2024-08-04,O,""
1434,2024-08-05,O,""
1434,2024-08-16,B,""
1434,2024-08-17,O,""
1434,2024-08-19,O,""
1434,2024-08-20,O,""
1434,2024-08-21,O,""
1434,2024-08-23,O,""
1434,2024-08-28,O,""
1434,2024-08-29,O,""
1434,2024-09-01,O,""
1434,2024-09-12,O,""
1434,2024-09-15,C,""
1434,2024-09-16,B,""
1434,2024-09-24,B,""
1682,2024-05-14,O,""
1682,2024-05-15,O,""
1682,2024-05-17,O,""
1682,2024-05-18,O,""
1682,2024-05-19,O,""
1682,2024-05-21,O,""
1682,2024-05-22,O,""
1682,2024-05-24,O,""
1682,2024-05-25,O,""
1682,2024-05-31,O,""
1682,2024-06-02,O,""
1682,2024-06-04,O,""
1682,2024-06-06,B,""
1682,2024-06-07,B,""
1682,2024-06-11,O,""
1682,2024-06-13,B,""
1682,2024-06-16,B,""
1682,2024-06-17,D,""
1682,2024-06-18,O,""
1682,2024-06-21,O,""
1682,2024-06-24,O,""
1682,2024-06-25,O,""
1682,2024-06-28,O,""
1682,2024-07-01,O,""
1682,2024-07-02,B,""
1682,2024-07-04,O,""
1682,2024-07-07,O,""
1682,2024-07-09,O,""
1682,2024-07-10,O,""
1211,2024-05-11,O,""
1211,2024-05-13,O,""
1211,2024-05-14,O,""
1211,2024-05-16,O,""
1211,2024-05-22,N,""
1211,2024-05-24,O,""
1211,2024-05-26,O,""
1211,2024-05-29,O,""
1211,2024-05-31,O,""
1211,2024-06-01,O,""
1211,2024-06-02,O,""
1211,2024-06-04,B,""
1211,2024-06-07,B,""
1398,2024-05-07,O,""
1398,2024-05-12,O,""
1398,2024-05-15,O,""
1398,2024-05-19,O,""
1398,2024-05-20,O,""
1398,2024-05-25,O,""
1398,2024-05-28,O,""
1398,2024-05-29,O,""
1398,2024-05-30,O,""
1398,2024-05-31,O,""
1398,2024-06-08,B,""
1398,2024-06-09,X,""
1398,2024-06-13,O,""
1398,2024-06-18,B,""
1398,2024-06-19,O,""
1398,2024-06-21,O,""
1398,2024-06-27,O,""
1398,2024-06-30,O,""
1398,2024-07-01,B,""
1398,2024-07-06,O,""
1398,2024-07-12,O,""
1398,2024-07-19,N,""
1398,2024-07-20,O,""
1500,2024-05-07,O,""
1500,2024-05-08,O,""
1500,2024-05-09,O,""
1500,2024-05-10,O,""
1500,2024-05-16,O,""
1500,2024-05-17,O,""
1500,2024-05-18,C,""
1500,2024-05-19,O,""
1500,2024-05-20,O,""
1500,2024-05-21,C,""
1500,2024-05-22,O,""
1500,2024-05-23,O,""
1500,2024-05-26,O,""
1500,2024-05-28,O,""
1500,2024-05-29,X,""
1500,2024-06-01,O,""
1500,2024-06-08,O,""
1500,2024-06-09,O,""
1500,2024-06-10,O,""
1248,2024-05-14,O,""
1248,2024-05-17,O,""
1248,2024-05-18,O,""
1248,2024-05-19,X,""
1248,2024-05-22,B,""
1248,2024-05-23,O,""
1248,2024-05-24,O,""
1248,2024-05-26,O,""
1248,2024-05-29,B,""
1248,2024-05-30,O,""
1248,2024-05-31,O,""
1248,2024-06-02,O,""
1248,2024-06-04,O,""
1248,2024-06-07,X,""
1248,2024-06-09,O,""
1248,2024-06-10,O,""
1248,2024-06-14,O,""
1248,2024-06-16,B,""
1248,2024-06-17,O,""
1248,2024-06-23,B,""
1248,2024-06-24,O,""
1248,2024-06-25,O,""
1248,2024-06-26,X,""
1248,2024-06-27,B,""
1248,2024-06-29,O,""
1248,2024-06-30,O,""
1248,2024-07-01,O,""
1248,2024-07-02,O,""
1248,2024-07-04,O,""
1248,2024-07-09,O,""
1248,2024-07-13,B,""
1248,2024-07-14,B,""
1248,2024-07-15,O,""
1248,2024-07-16,O,""
1248,2024-07-19,O,""
1248,2024-07-21,O,""
1273,2024-05-07,X,""
1273,2024-05-08,O,""
1273,2024-05-10,O,""
1273,2024-05-13,O,""
1273,2024-05-14,O,""
1273,2024-05-17,N,""
1273,2024-05-19,O,""
1273,2024-05-25,O,""
1273,2024-05-26,O,""
1273,2024-05-27,O,""
1273,2024-05-29,O,""
1273,2024-05-30,O,""
1273,2024-05-31,O,""
1273,2024-06-03,B,""
1273,2024-06-07,D,""
1273,2024-06-14,O,""
1273,2024-06-24,C,""
1273,2024-06-25,O,""
1273,2024-06-26,O,""
1273,2024-06-29,B,""
1273,2024-07-03,O,""
1273,2024-07-06,O,""
1273,2024-07-09,O,""
1273,2024-07-17,O,""
1273,2024-07-19,O,""
1273,2024-07-22,O,""
1273,2024-07-24,O,""
1273,2024-07-26,B,""
1273,2024-07-29,O,""
1273,2024-07-30,N,""
1273,2024-08-13,B,""
1273,2024-08-14,B,""
1273,2024-08-18,B,""
1273,2024-08-20,B,""
1273,2024-08-21,O,""
1273,2024-08-29,X,""
1273,2024-08-30,B,""
1273,2024-09-04,O,""
1684,2024-05-15,O,""
1684,2024-05-17,O,""
1684,2024-05-20,O,""
1684,2024-05-22,B,""
1684,2024-05-30,B,""
1684,2024-06-01,O,""
1684,2024-06-02,C,""
1684,2024-06-03,O,""
1684,2024-06-04,O,""
1684,2024-06-07,O,""
1684,2024-06-10,O,""
1684,2024-06-12,O,""
1684,2024-06-13,O,""
1684,2024-06-14,O,""
1684,2024-06-16,O,""
1684,2024-06-19,O,""
1684,2024-06-21,O,""
1684,2024-06-22,O,""
1684,2024-06-23,C,""
1684,2024-07-06,O,""
1684,2024-07-08,O,""
1684,2024-07-12,O,""
1684,2024-07-14,O,""
1684,2024-07-18,O,""
1684,2024-07-24,O,""
1684,2024-07-27,O,""
1684,2024-08-06,B,""
1684,2024-08-11,X,""
1684,2024-08-18,B,""
1684,2024-08-20,O,""
1684,2024-08-24,O,""
1684,2024-08-26,O,""
1684,2024-08-27,O,""
1684,2024-08-28,O,""
1684,2024-08-31,B,""
1684,2024-09-02,O,""
1684,2024-09-03,O,""
1684,2024-09-04,B,""
1567,2024-05-15,B,""
1567,2024-05-17,O,""
1567,2024-05-24,O,""
1567,2024-05-26,O,""
1567,2024-05-29,B,""
1567,2024-06-01,B,""
1567,2024-06-06,O,""
1567,2024-06-11,O,""
1567,2024-06-15,O,""
1567,2024-06-18,O,""
1567,2024-06-21,O,""
1567,2024-06-23,O,""
1567,2024-06-24,O,""
1567,2024-06-26,O,""
1567,2024-06-28,O,""
1567,2024-07-01,O,""
1567,2024-07-04,X,""
1567,2024-07-07,O,""
1567,2024-07-09,O,""
1567,2024-07-11,O,""
1567,2024-07-13,O,""
1567,2024-07-14,O,""
1567,2024-07-20,C,""
1567,2024-07-22,B,""
1567,2024-07-25,O,""
1567,2024-07-28,O,""
1567,2024-07-30,O,""
1567,2024-08-01,O,""
1567,2024-08-03,O,""
1567,2024-08-05,O,""
1567,2024-08-06,O,""
1567,2024-08-11,O,""
1567,2024-08-12,B,""
1567,2024-08-14,B,""
1567,2024-08-17,B,""
1567,2024-08-18,O,""
1567,2024-08-26,O,""
1567,2024-08-27,O,""
1567,2024-08-31,O,""
1567,2024-09-01,O,""
1567,2024-09-05,X,""
1567,2024-09-09,B,""
1567,2024-09-11,O,""
1567,2024-09-15,B,""
1567,2024-09-17,C,""
1567,2024-09-20,B,""
1337,2024-05-12,X,""
1337,2024-05-14,O,""
1337,2024-05-19,O,""
1337,2024-05-20,O,""
1337,2024-05-21,O,""
1337,2024-05-22,O,""
1337,2024-05-25,O,""
1337,2024-05-26,O,""
1337,2024-05-28,O,""
1337,2024-05-30,O,""
1337,2024-06-02,O,""
1337,2024-06-03,O,""
1337,2024-06-05,O,""
1337,2024-06-07,O,""
1337,2024-06-13,X,""
1337,2024-06-15,B,""
1337,2024-06-16,O,""
1337,2024-06-19,O,""
1337,2024-06-20,O,""
1337,2024-06-22,O,""
1337,2024-06-23,O,""
1337,2024-06-27,O,""
1337,2024-06-28,B,""
1337,2024-06-30,O,""
1337,2024-07-04,B,""
1337,2024-07-06,B,""
1337,2024-07-11,O,""
1337,2024-07-16,O,""
1337,2024-08-01,O,""
1337,2024-08-02,O,""
1337,2024-08-05,O,""
1337,2024-08-06,O,""
1337,2024-08-12,O,""
1393,2024-05-10,O,""
1393,2024-05-11,O,""
1393,2024-05-13,O,""
1393,2024-05-14,O,""
1393,2024-05-15,O,""
1393,2024-05-16,O,""
1393,2024-05-17,O,""
1393,2024-05-28,O,""
1393,2024-05-31,B,""
1393,2024-06-01,O,""
1393,2024-06-03,O,""
1393,2024-06-06,O,""
1393,2024-06-14,O,""
1437,2024-05-10,O,""
1437,2024-05-14,O,""
1437,2024-05-15,O,""
1437,2024-05-18,O,""
1437,2024-05-20,O,""
1437,2024-05-23,O,""
1437,2024-05-24,O,""
1437,2024-05-30,O,""
1437,2024-06-02,O,""
1437,2024-06-03,O,""
1437,2024-06-06,O,""
1437,2024-06-08,O,""
1437,2024-06-09,O,""
1437,2024-06-10,C,""
1437,2024-06-22,B,""
1437,2024-06-25,O,""
1437,2024-06-27,B,""
1437,2024-06-29,O,""
1437,2024-07-19,O,""
1437,2024-07-21,O,""
1437,2024-07-22,B,""
1437,2024-07-24,B,""
1437,2024-07-29,C,""
1437,2024-08-01,O,""
1437,2024-08-03,O,""
1437,2024-08-12,O,""
1437,2024-08-13,O,""
1437,2024-08-15,B,""
1437,2024-08-19,B,""
1437,2024-08-21,O,""
1437,2024-08-30,N,""
1437,2024-09-04,C,""
1437,2024-09-06,O,""
1437,2024-09-08,O,""
1437,2024-09-09,X,""
1437,2024-09-18,O,""
1437,2024-09-20,O,""
1437,2024-09-21,X,""
1437,2024-09-22,D,""
1437,2024-09-23,O,""
1437,2024-09-27,B,""
1493,2024-05-11,O,""
1493,2024-05-12,X,""
1493,2024-05-19,O,""
1493,2024-05-21,O,""
1493,2024-05-24,O,""
1493,2024-05-25,O,""
1493,2024-05-27,O,""
1493,2024-06-03,O,""
1493,2024-06-05,O,""
1493,2024-06-08,O,""
1493,2024-06-12,O,""
1493,2024-06-13,O,""
1493,2024-06-18,C,""
1493,2024-06-19,C,""
1493,2024-06-22,O,""
1493,2024-06-26,O,""
1493,2024-07-03,B,""
1609,2024-05-07,C,""
1609,2024-05-17,B,""
1609,2024-05-19,O,""
1609,2024-05-23,O,""
1609,2024-05-26,O,""
1609,2024-05-28,X,""
1609,2024-05-29,O,""
1609,2024-05-30,B,""
1609,2024-05-31,O,""
1609,2024-06-01,O,""
1609,2024-06-03,C,""
1609,2024-06-10,O,""
1609,2024-06-14,N,""
1609,2024-06-15,O,""
1609,2024-06-16,O,""
1609,2024-06-22,O,""
1609,2024-06-24,O,""
1609,2024-06-25,O,""
1609,2024-07-01,O,""
1609,2024-07-02,O,""
1609,2024-07-05,O,""
1609,2024-07-11,O,""
1609,2024-07-14,O,""
1609,2024-07-17,O,""
1609,2024-07-18,O,""
1609,2024-07-26,O,""
1609,2024-08-05,O,""
1609,2024-08-07,B,""
1609,2024-08-08,O,""
1609,2024-08-14,B,""
1609,2024-08-17,B,""
1609,2024-08-18,O,""
1609,2024-08-26,O,""
1609,2024-08-27,X,""
1761,2024-05-09,O,""
1761,2024-05-15,O,""
1761,2024-05-17,O,""
1761,2024-05-18,O,""
1761,2024-05-25,O,""
1761,2024-05-28,B,""
1761,2024-05-30,O,""
1761,2024-06-10,O,""
1761,2024-06-13,O,""
1761,2024-06-24,C,""
1761,2024-06-25,O,""
1761,2024-07-05,C,""
1761,2024-07-07,X,""
1761,2024-07-08,O,""
1761,2024-07-09,O,""
1761,2024-07-12,O,""
1761,2024-07-17,O,""
1761,2024-07-19,O,""
1761,2024-07-23,O,""
1761,2024-07-26,O,""
1761,2024-07-29,O,""
1761,2024-08-01,O,""
1761,2024-08-02,O,""
1761,2024-08-03,O,""
1761,2024-08-04,O,""
1761,2024-08-05,O,""
1761,2024-08-12,O,""
1761,2024-08-16,O,""
1761,2024-09-04,B,""
1761,2024-09-05,B,""
1544,2024-05-06,O,""
1544,2024-05-07,O,""
1544,2024-05-08,O,""
1544,2024-05-11,O,""
1544,2024-05-12,O,""
1544,2024-05-13,O,""
1544,2024-05-14,B,""
1544,2024-05-15,O,""
1544,2024-05-17,O,""
1544,2024-05-20,B,""
1544,2024-05-21,O,""
1544,2024-05-23,O,""
1544,2024-05-28,O,""
1544,2024-06-02,O,""
1544,2024-06-04,O,""
1544,2024-06-05,O,""
1544,2024-06-06,B,""
1544,2024-06-08,O,""
1544,2024-06-09,B,""
1544,2024-06-13,D,""
1544,2024-06-14,B,""
1251,2024-05-14,O,""
1251,2024-05-16,O,""
1251,2024-05-20,O,""
1251,2024-05-22,O,""
1251,2024-05-23,N,""
1251,2024-05-24,O,""
1251,2024-05-27,O,""
1251,2024-05-29,O,""
1251,2024-05-30,B,""
1251,2024-06-02,O,""
1251,2024-06-07,C,""
1251,2024-06-09,O,""
1251,2024-06-12,O,""
1251,2024-06-17,O,""
1251,2024-06-18,O,""
1251,2024-06-23,B,""
1251,2024-06-26,B,""
1251,2024-07-03,O,""
1395,2024-05-14,O,""
1395,2024-05-17,O,""
1395,2024-05-19,B,""
1395,2024-05-20,O,""
1395,2024-05-22,O,""
1395,2024-05-24,O,""
1395,2024-05-25,O,""
1395,2024-05-31,O,""
1395,2024-06-01,C,""
1395,2024-06-11,O,""
1395,2024-06-16,O,""
1395,2024-06-17,O,""
1395,2024-06-19,O,""
1395,2024-06-22,O,""
1395,2024-06-23,O,""
1395,2024-06-24,O,""
1395,2024-06-29,C,""
1395,2024-07-02,O,""
1395,2024-07-03,O,""
1395,2024-07-12,O,""
1395,2024-07-14,B,""
1395,2024-07-16,O,""
1395,2024-07-18,D,""
1395,2024-07-19,O,""
1395,2024-07-21,O,""
1395,2024-07-23,O,""
1395,2024-07-25,B,""
1395,2024-07-27,N,""
1395,2024-08-01,O,""
1395,2024-08-03,C,""
1395,2024-08-05,O,""
1395,2024-08-07,D,""
1628,2024-05-12,O,""
1628,2024-05-13,O,""
1628,2024-05-21,B,""
1628,2024-05-25,O,""
1628,2024-05-30,O,""
1628,2024-06-02,O,""
1628,2024-06-12,B,""
1605,2024-05-05,O,""
1605,2024-05-07,O,""
1605,2024-05-09,O,""
1605,2024-05-12,X,""
1605,2024-05-19,B,""
1605,2024-05-25,O,""
1605,2024-05-26,O,""
1605,2024-05-29,O,""
1605,2024-05-31,O,""
1605,2024-06-05,O,""
1605,2024-06-07,O,""
1605,2024-06-10,X,""
1605,2024-06-14,O,""
1605,2024-06-16,X,""
1605,2024-06-20,O,""
1605,2024-06-24,B,""
1605,2024-06-25,B,""
1605,2024-06-29,O,""
1605,2024-07-05,O,""
1605,2024-07-07,O,""
1605,2024-07-09,O,""
1605,2024-07-12,O,""
1605,2024-07-14,O,""
1605,2024-07-16,O,""
1363,2024-05-10,O,""
1363,2024-05-14,O,""
1363,2024-05-15,X,""
1363,2024-05-16,O,""
1363,2024-05-17,O,""
1363,2024-05-19,O,""
1363,2024-05-20,O,""
1363,2024-05-25,O,""
1363,2024-05-27,O,""
1363,2024-05-30,O,""
1363,2024-05-31,O,""
1363,2024-06-01,O,""
1363,2024-06-03,X,""
1363,2024-06-05,O,""
1363,2024-06-06,O,""
1363,2024-06-14,O,""
1363,2024-06-15,O,""
1363,2024-06-26,O,""
1363,2024-07-03,O,""
1363,2024-07-07,B,""
1363,2024-07-09,O,""
1363,2024-07-14,O,""
1363,2024-07-20,O,""
1363,2024-07-21,C,""
1363,2024-07-22,O,""
1363,2024-07-27,B,""
1363,2024-07-30,X,""
1363,2024-08-01,O,""
1363,2024-08-13,B,""
1363,2024-08-19,B,""
1363,2024-08-21,X,""
1363,2024-08-22,O,""
1363,2024-08-27,O,""
1363,2024-09-03,O,""
1363,2024-09-04,D,""
1363,2024-09-05,O,""
1363,2024-09-07,O,""
1363,2024-09-08,C,""
1363,2024-09-10,B,""
1363,2024-09-13,D,""
1363,2024-09-14,O,""
1363,2024-09-15,O,""
1363,2024-09-17,O,""
1363,2024-09-20,B,""
1363,2024-09-22,O,""
1363,2024-09-24,O,""
1363,2024-09-26,O,""
1280,2024-05-12,B,""
1280,2024-05-17,N,""
1280,2024-05-19,O,""
1280,2024-05-21,O,""
1280,2024-05-26,O,""
1280,2024-05-28,O,""
1280,2024-05-29,O,""
1280,2024-06-02,O,""
1280,2024-06-03,O,""
1280,2024-06-10,O,""
1280,2024-06-15,O,""
1280,2024-06-16,O,""
1280,2024-06-25,B,""
1280,2024-06-28,B,""
1280,2024-07-03,O,""
1695,2024-05-08,B,""
1695,2024-05-09,O,""
1695,2024-05-10,O,""
1695,2024-05-12,B,""
1695,2024-05-19,O,""
1695,2024-05-24,B,""
1695,2024-05-27,O,""
1695,2024-05-28,O,""
1695,2024-06-03,O,""
1695,2024-06-12,O,""
1695,2024-06-17,O,""
1695,2024-06-19,B,""
1695,2024-06-25,O,""
1695,2024-06-30,O,""
1695,2024-07-04,O,""
1695,2024-07-06,O,""
1695,2024-07-07,O,""
1695,2024-07-19,O,""
1695,2024-07-20,B,""
1695,2024-07-22,O,""
1419,2024-05-07,O,""
1419,2024-05-12,C,""
1419,2024-05-19,O,""
1419,2024-05-20,O,""
1419,2024-05-22,O,""
1419,2024-05-23,X,""
1419,2024-05-29,X,""
1419,2024-06-02,B,""
1419,2024-06-04,O,""
1419,2024-06-15,X,""
1419,2024-06-22,X,""
1419,2024-07-02,O,""
1419,2024-07-04,O,""
1419,2024-07-07,B,""
1419,2024-07-08,O,""
1731,2024-05-11,O,""
1731,2024-05-12,O,""
1731,2024-05-14,O,""
1731,2024-05-16,O,""
1731,2024-05-17,O,""
1731,2024-05-21,O,""
1731,2024-05-22,O,""
1731,2024-05-23,O,""
1731,2024-05-24,O,""
1731,2024-05-25,O,""
1731,2024-05-27,O,""
1731,2024-05-28,O,""
1731,2024-05-29,B,""
1731,2024-05-30,O,""
1731,2024-06-05,O,""
1389,2024-05-04,O,""
1389,2024-05-05,O,""
1389,2024-05-07,O,""
1389,2024-05-08,O,""
1389,2024-05-09,O,""
1389,2024-05-12,O,""
1389,2024-05-15,B,""
1389,2024-05-19,O,""
1389,2024-05-27,X,""
1389,2024-05-31,O,""
1389,2024-06-05,O,""
1389,2024-06-06,O,""
1389,2024-06-07,O,""
1389,2024-06-08,O,""
1389,2024-06-09,O,""
1389,2024-06-11,O,""
1389,2024-06-12,O,""
1389,2024-06-13,O,""
1389,2024-06-15,O,""
1389,2024-06-20,B,""
1389,2024-06-24,O,""
1389,2024-06-25,B,""
1389,2024-06-28,O,""
1389,2024-07-05,B,""
1389,2024-07-09,O,""
1389,2024-07-14,O,""
1389,2024-07-18,O,""
1389,2024-07-24,O,""
1389,2024-07-26,O,""
1389,2024-07-27,O,""
1389,2024-07-28,X,""
1323,2024-05-22,O,""
1323,2024-05-25,B,""
1323,2024-05-28,O,""
1323,2024-05-30,O,""
1323,2024-05-31,O,""
1323,2024-06-04,O,""
1323,2024-06-07,O,""
1323,2024-06-12,O,""
1323,2024-06-14,B,""
1323,2024-06-24,B,""
1323,2024-06-28,O,""
1323,2024-07-01,B,""
1323,2024-07-02,X,""
1323,2024-07-03,O,""
1323,2024-07-07,O,""
1323,2024-07-08,O,""
1323,2024-07-16,B,""
1323,2024-07-19,O,""
1323,2024-07-21,O,""
1323,2024-07-24,O,""
1297,2024-05-13,O,""
1297,2024-05-18,O,""
1297,2024-05-20,O,""
1297,2024-05-25,B,""
1297,2024-05-27,O,""
1297,2024-05-29,C,""
1297,2024-05-30,O,""
1297,2024-06-01,O,""
1297,2024-06-02,O,""
1297,2024-06-04,O,""
1297,2024-06-05,O,""
1297,2024-06-10,X,""
1297,2024-06-13,B,""
1297,2024-06-14,O,""
1297,2024-06-15,B,""
1297,2024-06-18,O,""
1297,2024-06-24,O,""
1297,2024-06-26,O,""
1300,2024-05-15,O,""
1300,2024-05-16,O,""
1300,2024-05-19,O,""
1300,2024-05-27,O,""
1300,2024-05-28,O,""
1300,2024-05-29,O,""
1300,2024-05-30,O,""
1300,2024-06-02,O,""
1300,2024-06-10,O,""
1378,2024-05-07,O,""
1378,2024-05-08,O,""
1378,2024-05-13,O,""
1378,2024-05-17,O,""
1378,2024-05-18,C,""
1378,2024-05-19,X,""
1378,2024-05-24,O,""
1378,2024-05-26,X,""
1378,2024-05-30,O,""
1378,2024-06-04,O,""
1378,2024-06-11,O,""
1378,2024-06-12,O,""
1378,2024-06-15,O,""
1378,2024-06-18,N,""
1378,2024-06-22,B,""
1378,2024-06-26,B,""
1378,2024-06-27,O,""
1378,2024-06-29,O,""
1378,2024-06-30,O,""
1378,2024-07-01,O,""
1378,2024-07-04,B,""
1378,2024-07-05,C,""
1378,2024-07-13,O,""
1378,2024-07-15,O,""
1378,2024-07-23,O,""
1378,2024-07-24,O,""
1378,2024-07-25,B,""
1378,2024-07-27,B,""
1378,2024-08-01,O,""
1378,2024-08-02,B,""
1378,2024-08-08,O,""
1429,2024-05-14,O,""
1429,2024-05-16,O,""
1429,2024-05-24,O,""
1429,2024-05-25,C,""
1429,2024-05-27,O,""
1429,2024-05-28,O,""
1429,2024-05-30,O,""
1429,2024-06-01,O,""
1429,2024-06-11,O,""
1429,2024-06-12,O,""
1429,2024-06-13,O,""
1429,2024-06-14,O,""
1429,2024-06-22,O,""
1429,2024-06-23,D,""
1429,2024-06-28,O,""
1429,2024-06-29,O,""
1429,2024-07-01,O,""
1429,2024-07-04,O,""
1429,2024-07-05,B,""
1429,2024-07-07,O,""
1429,2024-07-10,O,""
1429,2024-07-16,B,""
1429,2024-07-17,B,""
1429,2024-07-18,O,""
1429,2024-07-19,C,""
1429,2024-07-20,C,""
1429,2024-07-25,B,""
1429,2024-07-26,O,""
1429,2024-07-27,O,""
1429,2024-07-30,O,""
1576,2024-05-10,O,""
1576,2024-05-11,B,""
1576,2024-05-13,O,""
1576,2024-05-14,O,""
1576,2024-05-15,O,""
1576,2024-05-16,O,""
1576,2024-05-18,O,""
1576,2024-05-20,O,""
1576,2024-05-21,O,""
1576,2024-05-22,O,""
1576,2024-05-23,O,""
1576,2024-05-26,O,""
1576,2024-06-04,O,""
1576,2024-06-15,O,""
1576,2024-06-17,O,""
1576,2024-06-18,O,""
1576,2024-06-19,O,""
1576,2024-06-26,O,""
1318,2024-05-05,O,""
1318,2024-05-07,O,""
1318,2024-05-10,O,""
1318,2024-05-13,O,""
1318,2024-05-28,O,""
1318,2024-05-31,X,""
1318,2024-06-01,O,""
1318,2024-06-05,O,""
1318,2024-06-06,O,""
1318,2024-06-07,B,""
1318,2024-06-13,O,""
1318,2024-06-15,O,""
1318,2024-06-18,O,""
1318,2024-06-20,N,""
1318,2024-06-21,O,""
1318,2024-06-24,O,""
1318,2024-06-28,X,""
1318,2024-07-01,B,""
1318,2024-07-08,O,""
1318,2024-07-14,O,""
1318,2024-07-15,O,""
1318,2024-07-21,O,""
1318,2024-07-23,X,""
1388,2024-05-07,O,""
1388,2024-05-08,O,""
1388,2024-05-09,C,""
1388,2024-05-15,X,""
1388,2024-05-17,O,""
1388,2024-05-18,O,""
1388,2024-05-19,O,""
1388,2024-05-20,O,""
1388,2024-05-21,O,""
1388,2024-05-23,X,""
1388,2024-05-26,C,""
1388,2024-05-27,D,""
1388,2024-05-28,O,""
1388,2024-06-08,O,""
1388,2024-06-10,C,""
1388,2024-06-15,O,""
1388,2024-06-17,O,""
1388,2024-06-20,O,""
1388,2024-06-22,B,""
1388,2024-06-26,O,""
1388,2024-07-07,C,""
1388,2024-07-14,O,""
1388,2024-07-16,O,""
1388,2024-07-17,O,""
1388,2024-07-19,O,""
1388,2024-07-23,C,""
1388,2024-07-24,O,""
1553,2024-05-06,O,""
1553,2024-05-10,O,""
1553,2024-05-23,O,""
1553,2024-05-26,O,""
1553,2024-05-27,O,""
1553,2024-05-31,O,""
1553,2024-06-03,O,""
1553,2024-06-07,O,""
1553,2024-06-13,O,""
1267,2024-05-09,B,""
1267,2024-05-15,O,""
1267,2024-05-16,C,""
1267,2024-05-17,O,""
1267,2024-05-19,O,""
1267,2024-05-20,B,""
1267,2024-05-21,B,""
1267,2024-05-22,C,""
1267,2024-05-25,O,""
1267,2024-05-29,O,""
1267,2024-05-30,O,""
1267,2024-06-09,O,""
1267,2024-06-21,O,""
1267,2024-06-24,O,""
1531,2024-05-13,O,""
1531,2024-05-14,O,""
1531,2024-05-17,O,""
1531,2024-05-18,O,""
1531,2024-05-19,O,""
1531,2024-05-22,B,""
1531,2024-05-25,O,""
1531,2024-05-26,O,""
1531,2024-05-29,B,""
1531,2024-06-06,O,""
1531,2024-06-24,B,""
1531,2024-06-25,B,""
1531,2024-06-29,B,""
1531,2024-07-11,O,""
1531,2024-07-16,O,""
1531,2024-07-17,B,""
1531,2024-07-19,O,""
1531,2024-07-20,B,""
1531,2024-07-21,O,""
1328,2024-05-10,O,""
1328,2024-05-11,O,""
1328,2024-05-12,O,""
1328,2024-05-15,O,""
1328,2024-05-16,O,""
1328,2024-05-17,O,""
1328,2024-05-21,O,""
1328,2024-05-24,O,""
1328,2024-05-27,O,""
1328,2024-05-30,O,""
1328,2024-06-02,O,""
1328,2024-06-10,O,""
1328,2024-06-12,O,""
1328,2024-06-22,O,""
1328,2024-06-28,O,""
1328,2024-07-02,O,""
1328,2024-07-05,O,""
1328,2024-07-06,O,""
1328,2024-07-07,B,""
1328,2024-07-11,O,""
1328,2024-07-12,B,""
1328,2024-07-14,O,""
1328,2024-07-18,O,""
1328,2024-07-19,O,""
1328,2024-07-20,B,""
1328,2024-07-21,O,""
1212,2024-05-10,O,""
1212,2024-05-11,O,""
1212,2024-05-14,O,""
1212,2024-05-15,O,""
1212,2024-05-16,O,""
1212,2024-05-18,O,""
1212,2024-05-23,O,""
1212,2024-05-26,O,""
1212,2024-05-30,X,""
1212,2024-05-31,O,""
1212,2024-06-01,O,""
1212,2024-06-03,O,""
1212,2024-06-11,X,""
1212,2024-06-12,O,""
1212,2024-06-13,O,""
1212,2024-06-15,O,""
1212,2024-06-19,O,""
1212,2024-06-21,O,""
1212,2024-06-24,O,""
1212,2024-06-28,O,""
1212,2024-07-01,O,""
1771,2024-05-13,O,""
1771,2024-05-14,C,""
1771,2024-05-18,B,""
1771,2024-05-21,O,""
1771,2024-05-27,O,""
1771,2024-05-28,C,""
1771,2024-05-30,O,""
1771,2024-06-02,O,""
1771,2024-06-03,O,""
1771,2024-06-06,O,""
1771,2024-06-08,O,""
1771,2024-06-11,O,""
1771,2024-06-12,O,""
1771,2024-06-16,B,""
1771,2024-06-20,O,""
1232,2024-05-14,O,""
1232,2024-05-17,O,""
1232,2024-05-18,B,""
1232,2024-05-20,O,""
1232,2024-05-21,O,""
1232,2024-05-25,B,""
1232,2024-05-27,X,""
1232,2024-05-29,X,""
1232,2024-05-31,O,""
1232,2024-06-05,B,""
1232,2024-06-06,O,""
1232,2024-06-11,O,""
1232,2024-06-15,O,""
1232,2024-06-25,O,""
1232,2024-06-29,O,""
1232,2024-07-01,O,""
1232,2024-07-08,O,""
1232,2024-07-09,O,""
1232,2024-07-10,O,""
1232,2024-07-13,O,""
1232,2024-07-15,C,""
1232,2024-07-18,O,""
1232,2024-07-20,O,""
1232,2024-07-22,O,""
1232,2024-07-24,O,""
1232,2024-07-25,B,""
1232,2024-07-28,O,""
1232,2024-07-31,O,""
1232,2024-08-06,O,""
1490,2024-05-09,O,""
1490,2024-05-15,O,""
1490,2024-05-21,N,""
1490,2024-05-29,O,""
1490,2024-06-01,O,""
1490,2024-06-03,O,""
1490,2024-06-06,B,""
1490,2024-06-07,O,""
1490,2024-06-09,O,""
1490,2024-06-14,O,""
1490,2024-06-15,X,""
1490,2024-06-20,O,""
1490,2024-06-26,O,""
1490,2024-06-27,O,""
1490,2024-07-09,X,""
1490,2024-07-11,O,""
1490,2024-07-15,O,""
1490,2024-07-16,O,""
1632,2024-05-05,O,""
1632,2024-05-09,O,""
1632,2024-05-10,O,""
1632,2024-05-19,O,""
1632,2024-05-20,O,""
1632,2024-05-21,O,""
1632,2024-05-23,B,""
1632,2024-05-24,O,""
1632,2024-05-26,B,""
1632,2024-05-27,O,""
1632,2024-06-01,O,""
1632,2024-06-07,O,""
1632,2024-06-12,O,""
1632,2024-06-14,O,""
1632,2024-06-16,O,""
1632,2024-06-27,O,""
1632,2024-06-28,O,""
1632,2024-06-29,O,""
1632,2024-07-07,X,""
1632,2024-07-10,O,""
1632,2024-07-12,B,""
1632,2024-07-14,B,""
1632,2024-07-25,O,""
1632,2024-07-31,O,""
1632,2024-08-05,O,""
1632,2024-08-12,B,""
1632,2024-08-15,O,""
1632,2024-08-24,O,""
1627,2024-05-07,O,""
1627,2024-05-10,O,""
1627,2024-05-11,N,""
1627,2024-05-15,O,""
1627,2024-05-20,X,""
1627,2024-05-22,N,""
1627,2024-05-24,O,""
1627,2024-05-25,B,""
1627,2024-05-26,O,""
1627,2024-05-31,O,""
1627,2024-06-03,O,""
1627,2024-06-04,O,""
1627,2024-06-05,O,""
1627,2024-06-10,B,""
1627,2024-06-15,O,""
1627,2024-06-17,O,""
1627,2024-06-18,O,""
1627,2024-06-19,O,""
1627,2024-06-21,O,""
1614,2024-05-10,O,""
1614,2024-05-11,O,""
1614,2024-05-12,O,""
1614,2024-05-13,B,""
1614,2024-05-18,O,""
1614,2024-05-22,O,""
1614,2024-05-24,O,""
1614,2024-05-27,O,""
1614,2024-05-28,O,""
1614,2024-05-30,X,""
1614,2024-05-31,O,""
1614,2024-06-05,B,""
1614,2024-06-06,O,""
1614,2024-06-07,O,""
1614,2024-06-08,O,""
1614,2024-06-14,O,""
1614,2024-06-18,O,""
1614,2024-06-22,O,""
1614,2024-06-24,O,""
1614,2024-06-28,B,""
1614,2024-07-02,O,""
1614,2024-07-06,O,""
1614,2024-07-07,O,""
1614,2024-07-08,O,""
1614,2024-07-13,O,""
1614,2024-07-19,D,""
1614,2024-07-21,O,""
1614,2024-07-29,B,""
1614,2024-08-01,O,""
1614,2024-08-02,B,""
1614,2024-08-03,O,""
1614,2024-08-09,O,""
1614,2024-08-11,O,""
1614,2024-08-12,O,""
1614,2024-08-15,O,""
1614,2024-08-17,O,""
1614,2024-08-18,B,""
1234,2024-05-06,B,""
1234,2024-05-07,O,""
1234,2024-05-08,O,""
1234,2024-05-11,O,""
1234,2024-05-14,B,""
1234,2024-05-16,O,""
1234,2024-05-21,O,""
1234,2024-05-22,O,""
1234,2024-05-24,O,""
1234,2024-05-25,O,""
1234,2024-05-27,O,""
1234,2024-05-28,O,""
1234,2024-05-29,O,""
1234,2024-05-31,O,""
1234,2024-06-04,C,""
1234,2024-06-21,B,""
1234,2024-06-27,C,""
1234,2024-06-28,O,""
1756,2024-05-11,B,""
1756,2024-05-16,O,""
1756,2024-05-19,O,""
1756,2024-05-25,O,""
1756,2024-05-27,O,""
1756,2024-05-29,O,""
1756,2024-05-31,O,""
1756,2024-06-03,O,""
1756,2024-06-05,O,""
1756,2024-06-08,O,""
1306,2024-05-10,O,""
1306,2024-05-11,B,""
1306,2024-05-15,C,""
1306,2024-05-17,B,""
1306,2024-05-19,O,""
1306,2024-05-24,O,""
1306,2024-05-27,O,""
1306,2024-06-09,B,""
1306,2024-06-14,O,""
1306,2024-06-19,B,""
1306,2024-07-01,O,""
1306,2024-07-02,O,""
1306,2024-07-04,O,""
1306,2024-07-05,O,""
1306,2024-07-11,O,""
1306,2024-07-12,O,""
1306,2024-07-17,O,""
1306,2024-07-21,O,""
1306,2024-07-26,O,""
1306,2024-08-01,O,""
1306,2024-08-02,O,""
1306,2024-08-03,O,""
1306,2024-08-07,O,""
1306,2024-08-13,O,""
1306,2024-08-17,O,""
1306,2024-08-19,O,""
1306,2024-08-28,O,""
1306,2024-08-31,O,""
1306,2024-09-03,B,""
1306,2024-09-05,O,""
1306,2024-09-07,O,""
1468,2024-05-06,O,""
1468,2024-05-07,O,""
1468,2024-05-14,O,""
1468,2024-05-17,O,""
1468,2024-05-20,B,""
1468,2024-05-21,O,""
1468,2024-05-25,O,""
1468,2024-05-26,B,""
1468,2024-05-27,O,""
1468,2024-05-31,C,""
1468,2024-06-04,O,""
1468,2024-06-11,B,""
1468,2024-06-16,B,""
1468,2024-06-23,O,""
1468,2024-06-24,O,""
1468,2024-07-09,X,""
1468,2024-07-15,B,""
1468,2024-07-16,O,""
1468,2024-07-17,O,""
1468,2024-07-20,X,""
1468,2024-07-21,O,""
1468,2024-07-23,O,""
1468,2024-07-25,O,""
1468,2024-07-27,B,""
1468,2024-08-11,B,""
1468,2024-08-14,B,""
1468,2024-08-15,B,""
1468,2024-09-04,X,""
1468,2024-09-11,O,""
1468,2024-09-16,O,""
1468,2024-09-17,O,""
1468,2024-09-18,X,""
1468,2024-09-19,C,""
1468,2024-09-20,O,""
1468,2024-09-24,N,""
1468,2024-09-26,O,""
1660,2024-05-09,O,""
1660,2024-05-14,X,""
1660,2024-05-20,O,""
1660,2024-05-21,B,""
1660,2024-05-22,B,""
1660,2024-05-24,B,""
1660,2024-05-31,B,""
1660,2024-06-05,O,""
1660,2024-06-06,O,""
1660,2024-06-08,X,""
1660,2024-06-10,O,""
1660,2024-06-18,O,""
1418,2024-05-10,O,""
1418,2024-05-12,O,""
1418,2024-05-15,O,""
1418,2024-05-16,O,""
1418,2024-05-19,O,""
1418,2024-05-26,O,""
1418,2024-05-27,O,""
1418,2024-05-28,O,""
1418,2024-05-29,O,""
1418,2024-05-30,O,""
1418,2024-06-01,X,""
1418,2024-06-02,O,""
1418,2024-06-10,B,""
1418,2024-06-17,O,""
1418,2024-06-19,O,""
1305,2024-05-08,O,""
1305,2024-05-10,B,""
1305,2024-05-15,O,""
1305,2024-05-20,O,""
1305,2024-05-23,O,""
1305,2024-05-26,O,""
1305,2024-05-27,O,""
1305,2024-05-30,O,""
1305,2024-05-31,O,""
1305,2024-06-01,O,""
1305,2024-06-07,O,""
1305,2024-06-13,B,""
1697,2024-05-05,O,""
1697,2024-05-07,O,""
1697,2024-05-13,O,""
1697,2024-05-16,O,""
1697,2024-05-18,C,""
1697,2024-05-19,B,""
1697,2024-05-20,O,""
1697,2024-05-21,O,""
1697,2024-05-24,O,""
1697,2024-05-28,O,""
1697,2024-05-29,B,""
1697,2024-05-30,O,""
1697,2024-05-31,O,""
1697,2024-06-12,O,""
1697,2024-06-13,O,""
1697,2024-06-16,B,""
1697,2024-06-22,O,""
1697,2024-06-25,O,""
1697,2024-07-02,B,""
1703,2024-05-12,O,""
1703,2024-05-13,O,""
1703,2024-05-17,O,""
1703,2024-05-18,O,""
1703,2024-05-22,O,""
1703,2024-05-24,B,""
1703,2024-05-25,B,""
1703,2024-06-07,N,""
1703,2024-06-10,O,""
1703,2024-06-11,X,""
1703,2024-06-12,C,""
1703,2024-06-13,O,""
1703,2024-06-14,O,""
1703,2024-06-15,O,""
1703,2024-06-19,O,""
1596,2024-05-09,O,""
1596,2024-05-13,B,""
1596,2024-05-14,O,""
1596,2024-05-18,O,""
1596,2024-05-24,O,""
1596,2024-05-26,O,""
1596,2024-05-31,B,""
1596,2024-06-04,B,""
1596,2024-06-16,O,""
1596,2024-06-29,O,""
1596,2024-06-30,B,""
1596,2024-07-02,X,""
1518,2024-05-06,N,""
1518,2024-05-10,O,""
1518,2024-05-17,O,""
1518,2024-05-23,O,""
1518,2024-05-25,O,""
1518,2024-05-28,O,""
1518,2024-06-03,O,""
1518,2024-06-09,O,""
1518,2024-06-13,O,""
1518,2024-06-15,O,""
1518,2024-06-20,B,""
1518,2024-06-21,O,""
1518,2024-06-24,B,""
1518,2024-07-03,N,""
1518,2024-07-07,O,""
1518,2024-07-09,O,""
1518,2024-07-11,O,""
1518,2024-07-14,O,""
1518,2024-07-16,O,""
1518,2024-07-19,O,""
1518,2024-07-24,O,""
1518,2024-07-29,O,""
1518,2024-08-03,O,""
1518,2024-08-05,O,""
1518,2024-08-14,B,""
1518,2024-08-21,O,""
1518,2024-08-22,O,""
1518,2024-08-25,O,""
1518,2024-08-26,O,""
1518,2024-08-28,O,""
1518,2024-09-01,O,""
1518,2024-09-06,O,""
1518,2024-09-08,O,""
1518,2024-09-14,D,""
1765,2024-05-12,B,""
1765,2024-05-15,O,""
1765,2024-05-21,O,""
1765,2024-05-25,O,""
1765,2024-06-08,O,""
1765,2024-06-11,O,""
1230,2024-05-18,O,""
1230,2024-05-19,O,""
1230,2024-05-21,X,""
1230,2024-05-22,X,""
1230,2024-05-24,B,""
1230,2024-05-27,O,""
1230,2024-05-29,O,""
1230,2024-05-30,B,""
1230,2024-06-06,O,""
1230,2024-06-08,O,""
1230,2024-06-13,O,""
1230,2024-06-28,O,""
1230,2024-07-05,O,""
1230,2024-07-06,O,""
1230,2024-07-11,O,""
1230,2024-07-26,O,""
1230,2024-07-27,O,""
1230,2024-07-29,O,""
1230,2024-07-31,O,""
1230,2024-08-02,O,""
1230,2024-08-06,O,""
