id_interne_plant,date,longueur,largeur,superficie,note
1482,2024-05-15,132,49,6468.00,""
1482,2024-05-20,144,69,9936.00,""
1482,2024-05-21,152,72,10944.00,""
1482,2024-05-23,53,106,5618.00,""
1482,2024-05-30,170,40,6800.00,""
1482,2024-05-31,190,20,3800.00,""
1482,2024-06-15,214,231,49434.00,""
1482,2024-06-16,317,161,51037.00,""
1482,2024-06-19,165,200,33000.00,""
1482,2024-06-21,208,102,21216.00,""
1482,2024-06-29,161,200,32200.00,""
1482,2024-07-02,263,194,51022.00,""
1482,2024-07-07,323,166,53618.00,""
1482,2024-07-09,350,199,69650.00,""
1482,2024-07-10,229,86,19694.00,""
1482,2024-07-11,129,74,9546.00,""
1482,2024-07-18,209,53,11077.00,""
1482,2024-07-19,303,236,71508.00,""
1482,2024-08-02,244,195,47580.00,""
1482,2024-08-03,343,172,58996.00,""
1482,2024-08-04,104,196,20384.00,""
1482,2024-08-06,190,132,25080.00,""
1482,2024-08-10,201,76,15276.00,""
1482,2024-08-14,275,143,39325.00,""
1482,2024-08-18,280,122,34160.00,""
1482,2024-08-20,307,113,34691.00,""
1482,2024-08-28,161,63,10143.00,""
1699,2024-05-10,114,135,15390.00,""
1699,2024-05-15,53,141,7473.00,""
1699,2024-05-16,54,90,4860.00,""
1699,2024-05-20,127,65,8255.00,""
1699,2024-05-22,67,86,5762.00,""
1699,2024-05-23,69,29,2001.00,""
1699,2024-05-24,158,144,22752.00,""
1699,2024-05-26,130,115,14950.00,""
1699,2024-05-28,111,99,10989.00,""
1699,2024-06-01,331,232,76792.00,""
1699,2024-06-03,332,242,80344.00,""
1699,2024-06-10,120,123,14760.00,""
1699,2024-06-12,116,77,8932.00,""
1699,2024-06-16,300,158,47400.00,""
1699,2024-06-19,271,146,39566.00,""
1699,2024-06-20,220,117,25740.00,""
1699,2024-06-25,162,200,32400.00,""
1699,2024-06-29,186,201,37386.00,""
1699,2024-07-03,220,89,19580.00,""
1699,2024-07-04,104,230,23920.00,""
1699,2024-07-21,130,116,15080.00,""
1699,2024-07-22,164,78,12792.00,""
1699,2024-07-27,145,211,30595.00,""
1699,2024-07-29,319,151,48169.00,""
1699,2024-08-02,272,132,35904.00,""
1699,2024-08-04,268,211,56548.00,""
1699,2024-08-10,113,115,12995.00,""
1699,2024-08-11,82,64,5248.00,""
1699,2024-08-12,134,122,16348.00,""
1699,2024-08-13,289,88,25432.00,""
1699,2024-08-14,300,117,35100.00,""
1699,2024-08-15,120,113,13560.00,""
1699,2024-08-19,310,90,27900.00,""
1699,2024-08-30,159,167,26553.00,""
1699,2024-08-31,234,126,29484.00,""
1699,2024-09-01,245,81,19845.00,""
1307,2024-05-10,124,24,2976.00,""
1307,2024-05-14,63,43,2709.00,""
1307,2024-05-15,90,113,10170.00,""
1307,2024-05-18,153,83,12699.00,""
1307,2024-05-24,175,97,16975.00,""
1307,2024-05-25,150,148,22200.00,""
1307,2024-06-01,269,69,18561.00,""
1307,2024-06-08,292,108,31536.00,""
1307,2024-06-13,134,187,25058.00,""
1307,2024-06-16,211,150,31650.00,""
1307,2024-06-19,278,242,67276.00,""
1307,2024-06-23,319,195,62205.00,""
1307,2024-06-24,208,242,50336.00,""
1307,2024-06-25,265,155,41075.00,""
1307,2024-06-27,321,188,60348.00,""
1307,2024-07-03,316,148,46768.00,""
1307,2024-07-09,319,124,39556.00,""
1307,2024-07-14,265,157,41605.00,""
1307,2024-07-19,265,83,21995.00,""
1307,2024-07-23,305,154,46970.00,""
1307,2024-07-24,179,172,30788.00,""
1307,2024-07-28,163,238,38794.00,""
1307,2024-07-30,335,83,27805.00,""
1780,2024-05-18,60,66,3960.00,""
1780,2024-05-28,101,22,2222.00,""
1780,2024-06-01,320,70,22400.00,""
1780,2024-06-02,301,245,73745.00,""
1780,2024-06-04,262,229,59998.00,""
1780,2024-06-13,308,123,37884.00,""
1780,2024-06-14,155,172,26660.00,""
1780,2024-06-17,251,79,19829.00,""
1780,2024-06-25,290,176,51040.00,""
1780,2024-06-30,276,239,65964.00,""
1780,2024-07-01,247,210,51870.00,""
1780,2024-07-07,276,67,18492.00,""
1780,2024-07-09,312,235,73320.00,""
1780,2024-07-11,309,154,47586.00,""
1780,2024-07-12,105,129,13545.00,""
1345,2024-05-11,136,73,9928.00,""
1345,2024-05-17,69,64,4416.00,""
1345,2024-05-18,70,143,10010.00,""
1345,2024-05-23,197,82,16154.00,""
1345,2024-05-25,44,145,6380.00,""
1345,2024-05-28,81,83,6723.00,""
1345,2024-05-31,53,120,6360.00,""
1345,2024-06-03,168,51,8568.00,""
1345,2024-06-04,323,85,27455.00,""
1345,2024-06-09,81,68,5508.00,""
1345,2024-06-12,257,147,37779.00,""
1345,2024-06-16,170,197,33490.00,""
1345,2024-06-24,175,58,10150.00,""
1345,2024-07-09,218,78,17004.00,""
1345,2024-07-11,135,194,26190.00,""
1345,2024-07-16,88,152,13376.00,""
1345,2024-07-29,278,183,50874.00,""
1345,2024-08-03,317,201,63717.00,""
1345,2024-08-06,80,51,4080.00,""
1345,2024-08-07,237,140,33180.00,""
1345,2024-08-13,348,145,50460.00,""
1345,2024-08-17,114,224,25536.00,""
1345,2024-08-18,247,51,12597.00,""
1345,2024-08-22,145,111,16095.00,""
1750,2024-05-13,42,27,1134.00,""
1750,2024-05-14,193,141,27213.00,""
1750,2024-05-17,62,89,5518.00,""
1750,2024-05-19,115,143,16445.00,""
1750,2024-05-22,182,27,4914.00,""
1750,2024-05-24,82,122,10004.00,""
1750,2024-05-27,86,55,4730.00,""
1750,2024-05-30,135,53,7155.00,""
1750,2024-06-05,238,123,29274.00,""
1750,2024-06-09,185,97,17945.00,""
1750,2024-06-12,128,229,29312.00,""
1750,2024-06-16,125,173,21625.00,""
1750,2024-06-19,218,89,19402.00,""
1750,2024-06-22,100,173,17300.00,""
1750,2024-06-30,219,167,36573.00,""
1750,2024-07-07,218,220,47960.00,""
1750,2024-07-08,337,90,30330.00,""
1750,2024-07-15,107,82,8774.00,""
1750,2024-07-18,137,228,31236.00,""
1750,2024-07-21,209,108,22572.00,""
1750,2024-07-22,110,119,13090.00,""
1750,2024-07-30,250,197,49250.00,""
1750,2024-08-01,315,53,16695.00,""
1750,2024-08-09,133,62,8246.00,""
1750,2024-08-12,80,79,6320.00,""
1750,2024-08-17,203,228,46284.00,""
1750,2024-08-21,87,140,12180.00,""
1750,2024-09-03,191,79,15089.00,""
1750,2024-09-04,283,162,45846.00,""
1750,2024-09-06,170,175,29750.00,""
1750,2024-09-07,207,101,20907.00,""
1750,2024-09-10,138,98,13524.00,""
1750,2024-09-12,221,75,16575.00,""
1750,2024-09-15,236,69,16284.00,""
1750,2024-09-19,122,116,14152.00,""
1750,2024-09-22,276,99,27324.00,""
1750,2024-09-23,154,85,13090.00,""
1750,2024-09-26,245,81,19845.00,""
1750,2024-09-28,179,137,24523.00,""
1750,2024-09-29,142,169,23998.00,""
1295,2024-05-17,82,71,5822.00,""
1295,2024-05-18,75,108,8100.00,""
1295,2024-05-20,89,46,4094.00,""
1295,2024-05-31,62,24,1488.00,""
1295,2024-06-03,157,245,38465.00,""
1295,2024-06-06,300,234,70200.00,""
1295,2024-06-07,335,172,57620.00,""
1295,2024-06-08,236,249,58764.00,""
1295,2024-06-17,179,235,42065.00,""
1295,2024-06-21,172,205,35260.00,""
1295,2024-06-24,138,203,28014.00,""
1295,2024-06-26,99,204,20196.00,""
1417,2024-05-15,191,141,26931.00,""
1417,2024-05-28,120,99,11880.00,""
1417,2024-05-29,69,38,2622.00,""
1417,2024-05-31,73,92,6716.00,""
1417,2024-06-03,317,203,64351.00,""
1417,2024-06-04,265,240,63600.00,""
1417,2024-06-05,120,113,13560.00,""
1417,2024-06-06,113,110,12430.00,""
1417,2024-06-08,155,110,17050.00,""
1417,2024-06-09,305,160,48800.00,""
1417,2024-06-17,97,154,14938.00,""
1417,2024-06-24,174,85,14790.00,""
1417,2024-06-26,126,238,29988.00,""
1417,2024-06-28,122,153,18666.00,""
1417,2024-07-01,273,200,54600.00,""
1417,2024-07-03,327,50,16350.00,""
1417,2024-07-10,350,72,25200.00,""
1417,2024-07-13,83,187,15521.00,""
1417,2024-07-18,105,129,13545.00,""
1417,2024-08-07,292,109,31828.00,""
1417,2024-08-10,309,195,60255.00,""
1417,2024-08-11,302,51,15402.00,""
1417,2024-08-12,121,196,23716.00,""
1417,2024-08-13,318,146,46428.00,""
1417,2024-08-23,259,188,48692.00,""
1442,2024-05-15,74,93,6882.00,""
1442,2024-05-17,123,135,16605.00,""
1442,2024-05-22,48,100,4800.00,""
1442,2024-05-26,75,32,2400.00,""
1442,2024-05-27,103,43,4429.00,""
1442,2024-06-06,350,153,53550.00,""
1442,2024-06-07,292,204,59568.00,""
1442,2024-06-08,182,83,15106.00,""
1442,2024-06-11,252,213,53676.00,""
1442,2024-06-13,114,162,18468.00,""
1442,2024-06-17,245,53,12985.00,""
1442,2024-06-22,129,140,18060.00,""
1442,2024-06-25,230,137,31510.00,""
1442,2024-06-28,255,216,55080.00,""
1442,2024-06-29,313,72,22536.00,""
1442,2024-07-02,133,178,23674.00,""
1442,2024-07-05,308,115,35420.00,""
1442,2024-07-12,313,180,56340.00,""
1442,2024-07-15,111,112,12432.00,""
1442,2024-07-17,211,210,44310.00,""
1442,2024-07-19,144,159,22896.00,""
1442,2024-07-22,195,165,32175.00,""
1442,2024-07-25,124,176,21824.00,""
1442,2024-07-27,345,237,81765.00,""
1442,2024-07-28,144,116,16704.00,""
1442,2024-08-04,224,184,41216.00,""
1442,2024-08-07,149,135,20115.00,""
1442,2024-08-08,102,172,17544.00,""
1442,2024-08-09,122,164,20008.00,""
1442,2024-08-11,260,75,19500.00,""
1442,2024-08-13,195,250,48750.00,""
1757,2024-05-16,200,63,12600.00,""
1757,2024-05-19,55,96,5280.00,""
1757,2024-05-21,149,137,20413.00,""
1757,2024-05-23,137,60,8220.00,""
1757,2024-05-25,152,46,6992.00,""
1757,2024-05-26,112,85,9520.00,""
1757,2024-05-31,55,86,4730.00,""
1757,2024-06-01,137,223,30551.00,""
1757,2024-06-10,168,178,29904.00,""
1757,2024-06-18,220,243,53460.00,""
1757,2024-06-19,155,101,15655.00,""
1757,2024-06-25,218,198,43164.00,""
1757,2024-06-29,216,243,52488.00,""
1757,2024-07-02,308,222,68376.00,""
1757,2024-07-04,336,94,31584.00,""
1757,2024-07-05,89,145,12905.00,""
1757,2024-07-08,185,93,17205.00,""
1757,2024-07-12,338,184,62192.00,""
1757,2024-07-13,240,118,28320.00,""
1757,2024-07-23,217,230,49910.00,""
1757,2024-08-04,259,58,15022.00,""
1757,2024-08-05,138,194,26772.00,""
1757,2024-08-12,174,54,9396.00,""
1757,2024-08-14,210,213,44730.00,""
1757,2024-08-17,251,53,13303.00,""
1757,2024-08-20,184,119,21896.00,""
1757,2024-08-23,269,195,52455.00,""
1757,2024-08-30,317,176,55792.00,""
1757,2024-08-31,198,167,33066.00,""
1757,2024-09-10,154,168,25872.00,""
1658,2024-05-15,96,23,2208.00,""
1658,2024-05-17,48,149,7152.00,""
1658,2024-05-18,142,121,17182.00,""
1658,2024-05-19,80,96,7680.00,""
1658,2024-05-20,48,70,3360.00,""
1658,2024-05-21,102,53,5406.00,""
1658,2024-05-23,169,116,19604.00,""
1658,2024-05-29,74,80,5920.00,""
1658,2024-05-30,73,21,1533.00,""
1658,2024-06-01,246,202,49692.00,""
1658,2024-06-13,311,136,42296.00,""
1658,2024-06-17,335,106,35510.00,""
1658,2024-06-20,327,242,79134.00,""
1658,2024-06-22,314,185,58090.00,""
1658,2024-06-26,189,147,27783.00,""
1658,2024-06-27,101,172,17372.00,""
1658,2024-06-28,257,62,15934.00,""
1658,2024-06-30,155,88,13640.00,""
1658,2024-07-03,186,204,37944.00,""
1658,2024-07-06,128,87,11136.00,""
1658,2024-07-08,146,173,25258.00,""
1658,2024-07-14,158,160,25280.00,""
1658,2024-07-16,290,225,65250.00,""
1658,2024-07-21,91,73,6643.00,""
1658,2024-07-22,331,226,74806.00,""
1658,2024-07-23,224,64,14336.00,""
1658,2024-08-03,281,201,56481.00,""
1658,2024-08-05,263,224,58912.00,""
1658,2024-08-08,330,76,25080.00,""
1658,2024-08-12,276,189,52164.00,""
1658,2024-08-15,265,119,31535.00,""
1658,2024-08-16,236,225,53100.00,""
1658,2024-08-18,187,134,25058.00,""
1658,2024-08-19,262,175,45850.00,""
1658,2024-08-23,250,230,57500.00,""
1658,2024-08-24,83,161,13363.00,""
1209,2024-05-17,162,69,11178.00,""
1209,2024-05-20,64,31,1984.00,""
1209,2024-05-21,71,147,10437.00,""
1209,2024-05-24,177,97,17169.00,""
1209,2024-05-25,172,99,17028.00,""
1209,2024-05-31,192,78,14976.00,""
1209,2024-06-02,171,225,38475.00,""
1209,2024-06-11,345,173,59685.00,""
1209,2024-06-16,105,54,5670.00,""
1209,2024-06-19,101,139,14039.00,""
1209,2024-06-20,262,74,19388.00,""
1209,2024-06-23,290,225,65250.00,""
1209,2024-07-02,122,192,23424.00,""
1209,2024-07-05,286,171,48906.00,""
1209,2024-07-09,275,86,23650.00,""
1209,2024-07-10,136,127,17272.00,""
1209,2024-07-13,314,157,49298.00,""
1209,2024-07-18,149,177,26373.00,""
1209,2024-07-29,137,128,17536.00,""
1209,2024-07-31,185,115,21275.00,""
1209,2024-08-03,175,208,36400.00,""
1209,2024-08-04,279,77,21483.00,""
1209,2024-08-06,322,178,57316.00,""
1209,2024-08-11,224,211,47264.00,""
1209,2024-08-14,149,134,19966.00,""
1209,2024-08-20,325,111,36075.00,""
1209,2024-08-25,280,239,66920.00,""
1209,2024-08-26,90,148,13320.00,""
1209,2024-08-28,315,222,69930.00,""
1209,2024-09-11,217,161,34937.00,""
1209,2024-09-14,138,154,21252.00,""
1209,2024-09-19,260,122,31720.00,""
1209,2024-09-21,206,163,33578.00,""
1229,2024-05-18,128,145,18560.00,""
1229,2024-05-27,166,30,4980.00,""
1229,2024-05-29,120,136,16320.00,""
1229,2024-05-30,90,30,2700.00,""
1229,2024-06-01,100,134,13400.00,""
1229,2024-06-02,184,177,32568.00,""
1229,2024-06-07,304,210,63840.00,""
1229,2024-06-08,185,105,19425.00,""
1229,2024-06-09,143,115,16445.00,""
1229,2024-06-10,197,159,31323.00,""
1229,2024-06-22,218,208,45344.00,""
1229,2024-06-26,256,125,32000.00,""
1229,2024-06-28,81,62,5022.00,""
1229,2024-06-29,174,203,35322.00,""
1233,2024-05-14,83,86,7138.00,""
1233,2024-05-16,96,114,10944.00,""
1233,2024-05-21,114,91,10374.00,""
1233,2024-05-22,118,132,15576.00,""
1233,2024-05-27,59,67,3953.00,""
1233,2024-05-29,173,49,8477.00,""
1233,2024-05-31,135,130,17550.00,""
1233,2024-06-08,350,95,33250.00,""
1233,2024-06-11,168,61,10248.00,""
1233,2024-06-12,196,195,38220.00,""
1233,2024-06-14,299,141,42159.00,""
1233,2024-06-16,161,228,36708.00,""
1233,2024-06-17,264,240,63360.00,""
1233,2024-06-30,283,201,56883.00,""
1233,2024-07-01,139,87,12093.00,""
1233,2024-07-03,200,164,32800.00,""
1233,2024-07-05,348,245,85260.00,""
1233,2024-07-07,110,249,27390.00,""
1233,2024-07-11,106,190,20140.00,""
1233,2024-07-13,229,244,55876.00,""
1233,2024-07-14,319,80,25520.00,""
1374,2024-05-17,190,70,13300.00,""
1374,2024-05-19,133,64,8512.00,""
1374,2024-05-21,187,108,20196.00,""
1374,2024-05-24,141,94,13254.00,""
1374,2024-05-28,42,101,4242.00,""
1374,2024-05-29,157,59,9263.00,""
1374,2024-06-01,333,125,41625.00,""
1374,2024-06-06,248,89,22072.00,""
1374,2024-06-12,252,102,25704.00,""
1374,2024-06-13,251,100,25100.00,""
1374,2024-06-29,238,250,59500.00,""
1374,2024-07-03,169,160,27040.00,""
1374,2024-07-04,262,63,16506.00,""
1374,2024-07-07,220,154,33880.00,""
1374,2024-07-08,287,215,61705.00,""
1374,2024-07-21,294,184,54096.00,""
1374,2024-07-22,215,231,49665.00,""
1374,2024-07-26,104,81,8424.00,""
1374,2024-08-07,243,181,43983.00,""
1374,2024-08-14,183,98,17934.00,""
1374,2024-08-15,198,59,11682.00,""
1374,2024-08-19,212,185,39220.00,""
1374,2024-08-21,248,234,58032.00,""
1374,2024-08-23,271,82,22222.00,""
1374,2024-08-25,312,150,46800.00,""
1374,2024-08-29,83,67,5561.00,""
1374,2024-09-04,266,122,32452.00,""
1374,2024-09-05,179,106,18974.00,""
1374,2024-09-06,292,173,50516.00,""
1622,2024-05-12,89,73,6497.00,""
1622,2024-05-18,161,122,19642.00,""
1622,2024-05-21,154,50,7700.00,""
1622,2024-05-28,100,113,11300.00,""
1622,2024-05-29,115,122,14030.00,""
1622,2024-05-30,42,22,924.00,""
1622,2024-06-03,146,73,10658.00,""
1622,2024-06-04,161,191,30751.00,""
1622,2024-06-10,102,138,14076.00,""
1622,2024-06-22,243,55,13365.00,""
1622,2024-06-25,120,202,24240.00,""
1622,2024-07-02,304,74,22496.00,""
1622,2024-07-04,274,135,36990.00,""
1622,2024-07-08,273,242,66066.00,""
1622,2024-07-10,166,174,28884.00,""
1622,2024-07-11,121,206,24926.00,""
1622,2024-07-13,237,203,48111.00,""
1622,2024-07-16,272,218,59296.00,""
1622,2024-07-17,87,91,7917.00,""
1622,2024-07-18,348,182,63336.00,""
1622,2024-07-19,246,60,14760.00,""
1622,2024-07-20,313,141,44133.00,""
1622,2024-07-21,332,103,34196.00,""
1622,2024-07-26,297,192,57024.00,""
1622,2024-07-29,237,50,11850.00,""
1622,2024-07-31,254,122,30988.00,""
1622,2024-08-01,122,55,6710.00,""
1622,2024-08-06,231,220,50820.00,""
1622,2024-08-07,156,135,21060.00,""
1622,2024-08-11,318,167,53106.00,""
1622,2024-08-27,288,54,15552.00,""
1387,2024-05-16,53,86,4558.00,""
1387,2024-05-17,52,48,2496.00,""
1387,2024-05-18,118,122,14396.00,""
1387,2024-05-21,126,100,12600.00,""
1387,2024-05-22,157,94,14758.00,""
1387,2024-05-24,102,40,4080.00,""
1387,2024-05-25,154,140,21560.00,""
1387,2024-05-29,65,122,7930.00,""
1387,2024-06-01,135,209,28215.00,""
1387,2024-06-08,113,115,12995.00,""
1387,2024-06-10,81,54,4374.00,""
1387,2024-06-11,93,123,11439.00,""
1387,2024-06-28,112,187,20944.00,""
1387,2024-07-07,248,160,39680.00,""
1387,2024-07-08,205,111,22755.00,""
1387,2024-07-12,155,53,8215.00,""
1387,2024-07-13,250,134,33500.00,""
1387,2024-07-17,142,155,22010.00,""
1387,2024-07-18,273,171,46683.00,""
1387,2024-07-24,221,221,48841.00,""
1387,2024-07-26,134,103,13802.00,""
1387,2024-07-29,304,158,48032.00,""
1387,2024-08-04,154,236,36344.00,""
1387,2024-08-10,122,198,24156.00,""
1387,2024-08-11,205,232,47560.00,""
1550,2024-05-17,175,35,6125.00,""
1550,2024-05-20,190,39,7410.00,""
1550,2024-05-24,173,95,16435.00,""
1550,2024-05-25,69,67,4623.00,""
1550,2024-05-27,176,140,24640.00,""
1550,2024-05-29,74,149,11026.00,""
1550,2024-05-30,179,94,16826.00,""
1550,2024-05-31,98,93,9114.00,""
1550,2024-06-04,271,95,25745.00,""
1550,2024-06-07,163,116,18908.00,""
1550,2024-06-18,251,123,30873.00,""
1550,2024-06-21,287,182,52234.00,""
1550,2024-06-23,215,96,20640.00,""
1550,2024-06-25,307,108,33156.00,""
1550,2024-06-27,228,197,44916.00,""
1550,2024-06-29,212,195,41340.00,""
1550,2024-07-01,96,183,17568.00,""
1550,2024-07-06,186,212,39432.00,""
1550,2024-07-08,287,240,68880.00,""
1550,2024-07-09,143,174,24882.00,""
1550,2024-07-13,329,207,68103.00,""
1550,2024-07-18,285,62,17670.00,""
1550,2024-07-19,199,249,49551.00,""
1550,2024-07-25,291,81,23571.00,""
1525,2024-05-16,46,107,4922.00,""
1525,2024-05-17,137,86,11782.00,""
1525,2024-05-21,113,96,10848.00,""
1525,2024-05-25,99,143,14157.00,""
1525,2024-05-30,186,48,8928.00,""
1525,2024-05-31,114,107,12198.00,""
1525,2024-06-10,254,229,58166.00,""
1525,2024-06-11,85,60,5100.00,""
1525,2024-06-14,227,103,23381.00,""
1525,2024-06-15,294,73,21462.00,""
1525,2024-06-22,260,207,53820.00,""
1525,2024-06-25,149,91,13559.00,""
1525,2024-06-27,331,178,58918.00,""
1525,2024-07-05,348,104,36192.00,""
1525,2024-07-06,262,203,53186.00,""
1525,2024-07-08,116,119,13804.00,""
1525,2024-07-12,154,137,21098.00,""
1525,2024-07-16,140,80,11200.00,""
1525,2024-07-17,201,198,39798.00,""
1525,2024-07-26,205,65,13325.00,""
1525,2024-07-28,271,247,66937.00,""
1525,2024-08-12,198,223,44154.00,""
1525,2024-08-13,135,138,18630.00,""
1525,2024-08-20,301,197,59297.00,""
1525,2024-08-22,236,224,52864.00,""
1525,2024-09-01,115,171,19665.00,""
1525,2024-09-04,101,185,18685.00,""
1683,2024-05-20,183,134,24522.00,""
1683,2024-05-28,168,110,18480.00,""
1683,2024-06-06,350,109,38150.00,""
1683,2024-06-07,309,205,63345.00,""
1683,2024-06-13,225,250,56250.00,""
1683,2024-06-15,293,170,49810.00,""
1683,2024-06-25,128,124,15872.00,""
1683,2024-06-27,174,105,18270.00,""
1683,2024-06-28,208,62,12896.00,""
1683,2024-07-02,333,54,17982.00,""
1683,2024-07-05,217,181,39277.00,""
1683,2024-07-16,211,187,39457.00,""
1683,2024-07-26,181,101,18281.00,""
1683,2024-07-28,254,59,14986.00,""
1683,2024-07-29,311,176,54736.00,""
1683,2024-07-31,86,228,19608.00,""
1683,2024-08-03,269,241,64829.00,""
1683,2024-08-07,349,250,87250.00,""
1683,2024-08-10,248,137,33976.00,""
1683,2024-08-14,123,60,7380.00,""
1683,2024-08-16,273,55,15015.00,""
1683,2024-08-18,282,130,36660.00,""
1647,2024-05-16,67,94,6298.00,""
1647,2024-05-17,193,137,26441.00,""
1647,2024-05-18,196,78,15288.00,""
1647,2024-05-22,126,125,15750.00,""
1647,2024-05-23,42,53,2226.00,""
1647,2024-05-24,179,144,25776.00,""
1647,2024-05-26,150,42,6300.00,""
1647,2024-05-29,178,102,18156.00,""
1647,2024-05-30,165,92,15180.00,""
1647,2024-06-01,281,212,59572.00,""
1647,2024-06-05,163,157,25591.00,""
1647,2024-06-15,189,166,31374.00,""
1647,2024-06-16,139,152,21128.00,""
1647,2024-06-18,291,88,25608.00,""
1647,2024-06-28,221,162,35802.00,""
1647,2024-07-02,345,153,52785.00,""
1647,2024-07-03,258,115,29670.00,""
1647,2024-07-04,288,124,35712.00,""
1647,2024-07-05,100,185,18500.00,""
1647,2024-07-09,142,208,29536.00,""
1647,2024-07-12,304,193,58672.00,""
1647,2024-07-13,296,156,46176.00,""
1647,2024-07-18,167,53,8851.00,""
1647,2024-07-19,107,208,22256.00,""
1647,2024-07-20,104,75,7800.00,""
1647,2024-07-21,143,69,9867.00,""
1647,2024-07-22,190,225,42750.00,""
1647,2024-07-23,152,196,29792.00,""
1602,2024-05-15,82,135,11070.00,""
1602,2024-05-16,193,130,25090.00,""
1602,2024-05-19,160,139,22240.00,""
1602,2024-05-21,91,33,3003.00,""
1602,2024-05-22,185,30,5550.00,""
1602,2024-05-27,126,56,7056.00,""
1602,2024-05-29,115,105,12075.00,""
1602,2024-06-02,104,119,12376.00,""
1602,2024-06-08,270,133,35910.00,""
1602,2024-06-14,309,58,17922.00,""
1602,2024-06-15,106,222,23532.00,""
1602,2024-06-16,240,139,33360.00,""
1602,2024-06-24,169,94,15886.00,""
1602,2024-06-26,174,192,33408.00,""
1602,2024-06-30,217,114,24738.00,""
1602,2024-07-01,291,208,60528.00,""
1602,2024-07-02,244,74,18056.00,""
1602,2024-07-09,224,250,56000.00,""
1602,2024-07-13,195,154,30030.00,""
1552,2024-05-12,103,87,8961.00,""
1552,2024-05-15,118,92,10856.00,""
1552,2024-05-22,50,61,3050.00,""
1552,2024-05-25,85,143,12155.00,""
1552,2024-05-28,150,43,6450.00,""
1552,2024-06-04,290,192,55680.00,""
1552,2024-06-05,159,120,19080.00,""
1552,2024-06-09,226,237,53562.00,""
1726,2024-05-11,129,46,5934.00,""
1726,2024-05-12,152,142,21584.00,""
1726,2024-05-14,177,68,12036.00,""
1726,2024-05-17,98,45,4410.00,""
1726,2024-05-18,190,100,19000.00,""
1726,2024-05-20,166,128,21248.00,""
1726,2024-05-21,78,34,2652.00,""
1726,2024-05-23,173,101,17473.00,""
1726,2024-05-25,121,127,15367.00,""
1726,2024-05-28,167,59,9853.00,""
1726,2024-05-29,131,47,6157.00,""
1726,2024-05-31,68,72,4896.00,""
1726,2024-06-06,181,119,21539.00,""
1726,2024-06-07,119,168,19992.00,""
1792,2024-05-22,154,25,3850.00,""
1792,2024-05-23,117,20,2340.00,""
1792,2024-05-24,197,24,4728.00,""
1792,2024-05-25,90,94,8460.00,""
1792,2024-05-27,137,56,7672.00,""
1792,2024-05-30,64,45,2880.00,""
1792,2024-06-02,87,211,18357.00,""
1792,2024-06-12,349,78,27222.00,""
1792,2024-06-14,177,213,37701.00,""
1792,2024-06-15,176,68,11968.00,""
1792,2024-06-19,154,52,8008.00,""
1792,2024-06-26,341,190,64790.00,""
1792,2024-06-30,194,245,47530.00,""
1792,2024-07-05,158,195,30810.00,""
1792,2024-07-09,310,113,35030.00,""
1792,2024-07-10,147,119,17493.00,""
1792,2024-07-12,175,70,12250.00,""
1792,2024-07-23,250,230,57500.00,""
1792,2024-07-24,322,135,43470.00,""
1792,2024-07-27,92,54,4968.00,""
1792,2024-07-29,206,80,16480.00,""
1507,2024-05-16,44,122,5368.00,""
1507,2024-05-17,196,128,25088.00,""
1507,2024-05-21,96,62,5952.00,""
1507,2024-05-22,91,139,12649.00,""
1507,2024-05-25,48,85,4080.00,""
1507,2024-05-27,122,83,10126.00,""
1507,2024-05-28,46,59,2714.00,""
1507,2024-05-29,103,136,14008.00,""
1507,2024-05-30,69,85,5865.00,""
1507,2024-06-08,81,198,16038.00,""
1507,2024-06-13,239,140,33460.00,""
1507,2024-06-16,251,125,31375.00,""
1507,2024-06-23,201,111,22311.00,""
1507,2024-06-24,164,129,21156.00,""
1507,2024-06-29,206,199,40994.00,""
1507,2024-07-06,242,51,12342.00,""
1507,2024-07-10,300,50,15000.00,""
1507,2024-07-18,281,62,17422.00,""
1507,2024-07-22,130,68,8840.00,""
1507,2024-08-09,268,67,17956.00,""
1507,2024-08-11,151,97,14647.00,""
1507,2024-08-12,226,170,38420.00,""
1507,2024-08-18,246,116,28536.00,""
1507,2024-08-20,88,133,11704.00,""
1507,2024-09-03,106,62,6572.00,""
1507,2024-09-08,288,129,37152.00,""
1507,2024-09-13,136,181,24616.00,""
1507,2024-09-14,275,91,25025.00,""
1507,2024-09-23,297,88,26136.00,""
1507,2024-09-24,117,168,19656.00,""
1507,2024-09-27,202,185,37370.00,""
1710,2024-05-11,173,80,13840.00,""
1710,2024-05-12,98,138,13524.00,""
1710,2024-05-20,163,83,13529.00,""
1710,2024-05-23,115,135,15525.00,""
1710,2024-05-30,197,106,20882.00,""
1710,2024-06-17,329,193,63497.00,""
1710,2024-06-22,345,228,78660.00,""
1710,2024-06-25,163,193,31459.00,""
1710,2024-07-01,118,79,9322.00,""
1710,2024-07-06,89,247,21983.00,""
1710,2024-07-09,137,210,28770.00,""
1710,2024-07-12,102,236,24072.00,""
1710,2024-07-16,191,220,42020.00,""
1710,2024-07-17,200,82,16400.00,""
1275,2024-05-11,167,131,21877.00,""
1275,2024-05-17,185,70,12950.00,""
1275,2024-05-18,182,108,19656.00,""
1275,2024-05-25,94,125,11750.00,""
1275,2024-05-27,160,43,6880.00,""
1275,2024-06-01,143,185,26455.00,""
1275,2024-06-02,170,132,22440.00,""
1275,2024-06-09,90,139,12510.00,""
1275,2024-06-16,123,180,22140.00,""
1275,2024-07-13,110,174,19140.00,""
1275,2024-07-17,168,132,22176.00,""
1275,2024-07-19,311,215,66865.00,""
1275,2024-07-21,283,98,27734.00,""
1275,2024-07-26,221,176,38896.00,""
1275,2024-08-09,303,196,59388.00,""
1275,2024-08-12,104,171,17784.00,""
1275,2024-08-13,196,212,41552.00,""
1275,2024-08-19,330,198,65340.00,""
1275,2024-08-28,333,97,32301.00,""
1275,2024-09-03,220,157,34540.00,""
1275,2024-09-10,205,74,15170.00,""
1275,2024-09-11,131,174,22794.00,""
1275,2024-09-14,188,105,19740.00,""
1275,2024-09-15,176,168,29568.00,""
1275,2024-09-17,164,130,21320.00,""
1275,2024-09-25,106,95,10070.00,""
1275,2024-09-27,151,145,21895.00,""
1275,2024-09-28,252,64,16128.00,""
1275,2024-09-29,225,134,30150.00,""
1606,2024-05-21,198,96,19008.00,""
1606,2024-05-22,78,126,9828.00,""
1606,2024-05-23,171,56,9576.00,""
1606,2024-05-26,97,100,9700.00,""
1606,2024-05-28,42,108,4536.00,""
1606,2024-05-30,102,131,13362.00,""
1606,2024-06-01,139,143,19877.00,""
1606,2024-06-03,123,130,15990.00,""
1606,2024-06-05,269,132,35508.00,""
1606,2024-06-09,157,185,29045.00,""
1606,2024-06-13,279,165,46035.00,""
1606,2024-06-14,305,131,39955.00,""
1606,2024-06-15,194,66,12804.00,""
1606,2024-06-16,144,200,28800.00,""
1606,2024-06-17,130,250,32500.00,""
1606,2024-06-18,301,167,50267.00,""
1606,2024-06-22,211,190,40090.00,""
1606,2024-06-24,345,196,67620.00,""
1606,2024-06-25,263,72,18936.00,""
1311,2024-05-14,54,85,4590.00,""
1311,2024-05-16,140,21,2940.00,""
1311,2024-05-17,104,53,5512.00,""
1311,2024-05-20,147,82,12054.00,""
1311,2024-05-21,61,44,2684.00,""
1311,2024-05-25,177,116,20532.00,""
1311,2024-05-27,200,63,12600.00,""
1311,2024-05-29,127,42,5334.00,""
1311,2024-06-06,181,102,18462.00,""
1311,2024-06-07,285,199,56715.00,""
1311,2024-06-09,137,230,31510.00,""
1311,2024-06-12,284,160,45440.00,""
1311,2024-06-13,81,190,15390.00,""
1311,2024-06-14,89,205,18245.00,""
1311,2024-06-16,243,113,27459.00,""
1311,2024-06-22,82,213,17466.00,""
1311,2024-06-24,223,214,47722.00,""
1311,2024-07-08,156,237,36972.00,""
1311,2024-07-11,119,215,25585.00,""
1311,2024-07-13,125,216,27000.00,""
1311,2024-07-17,184,140,25760.00,""
1311,2024-07-20,152,121,18392.00,""
1311,2024-07-24,314,210,65940.00,""
1311,2024-07-31,185,189,34965.00,""
1311,2024-08-01,206,235,48410.00,""
1311,2024-08-02,330,206,67980.00,""
1311,2024-08-04,219,90,19710.00,""
1311,2024-08-06,185,192,35520.00,""
1311,2024-08-13,200,210,42000.00,""
1311,2024-08-20,324,249,80676.00,""
1311,2024-08-21,169,112,18928.00,""
1311,2024-08-25,108,121,13068.00,""
1311,2024-08-26,110,98,10780.00,""
1311,2024-09-02,259,79,20461.00,""
1311,2024-09-05,169,99,16731.00,""
1311,2024-09-06,142,80,11360.00,""
1311,2024-09-11,139,77,10703.00,""
1311,2024-09-13,259,189,48951.00,""
1311,2024-09-14,129,110,14190.00,""
1521,2024-05-11,133,38,5054.00,""
1521,2024-05-17,72,28,2016.00,""
1521,2024-05-24,171,103,17613.00,""
1521,2024-05-25,140,94,13160.00,""
1521,2024-05-28,199,114,22686.00,""
1521,2024-06-02,128,115,14720.00,""
1521,2024-06-06,84,67,5628.00,""
1521,2024-06-07,93,230,21390.00,""
1521,2024-06-11,83,166,13778.00,""
1521,2024-06-12,100,111,11100.00,""
1521,2024-06-14,174,164,28536.00,""
1521,2024-06-16,289,97,28033.00,""
1521,2024-06-18,205,222,45510.00,""
1521,2024-06-20,337,91,30667.00,""
1521,2024-06-21,191,148,28268.00,""
1521,2024-06-23,176,84,14784.00,""
1521,2024-06-30,153,117,17901.00,""
1521,2024-07-01,143,196,28028.00,""
1521,2024-07-06,209,227,47443.00,""
1521,2024-07-08,119,143,17017.00,""
1521,2024-07-13,332,235,78020.00,""
1521,2024-07-19,122,215,26230.00,""
1604,2024-05-15,156,61,9516.00,""
1604,2024-05-19,140,45,6300.00,""
1604,2024-05-22,93,54,5022.00,""
1604,2024-05-27,195,115,22425.00,""
1604,2024-05-29,43,22,946.00,""
1604,2024-05-31,61,42,2562.00,""
1604,2024-06-03,282,215,60630.00,""
1604,2024-06-04,197,133,26201.00,""
1604,2024-06-06,292,105,30660.00,""
1604,2024-06-11,134,200,26800.00,""
1604,2024-06-12,223,203,45269.00,""
1604,2024-06-21,81,178,14418.00,""
1604,2024-06-22,287,144,41328.00,""
1604,2024-06-24,171,223,38133.00,""
1604,2024-06-27,110,224,24640.00,""
1604,2024-06-28,245,115,28175.00,""
1604,2024-06-29,179,114,20406.00,""
1604,2024-06-30,290,238,69020.00,""
1604,2024-07-01,126,200,25200.00,""
1604,2024-07-03,138,101,13938.00,""
1604,2024-07-04,198,190,37620.00,""
1604,2024-07-06,262,184,48208.00,""
1604,2024-07-11,164,128,20992.00,""
1604,2024-07-16,194,97,18818.00,""
1604,2024-07-18,350,150,52500.00,""
1604,2024-08-05,180,224,40320.00,""
1604,2024-08-07,148,202,29896.00,""
1604,2024-08-08,149,92,13708.00,""
1604,2024-08-09,184,58,10672.00,""
1604,2024-08-18,235,143,33605.00,""
1604,2024-08-20,226,221,49946.00,""
1604,2024-08-22,176,206,36256.00,""
1604,2024-08-23,122,113,13786.00,""
1284,2024-05-11,58,92,5336.00,""
1284,2024-05-13,109,149,16241.00,""
1284,2024-05-15,125,106,13250.00,""
1284,2024-05-17,195,76,14820.00,""
1284,2024-05-19,161,49,7889.00,""
1284,2024-05-20,145,97,14065.00,""
1284,2024-05-22,77,131,10087.00,""
1284,2024-05-23,121,49,5929.00,""
1284,2024-05-26,133,144,19152.00,""
1284,2024-05-27,48,86,4128.00,""
1284,2024-06-01,327,172,56244.00,""
1284,2024-06-07,293,96,28128.00,""
1284,2024-06-09,322,200,64400.00,""
1284,2024-06-15,232,177,41064.00,""
1284,2024-06-16,199,209,41591.00,""
1284,2024-06-18,268,82,21976.00,""
1594,2024-05-09,82,76,6232.00,""
1594,2024-05-12,41,50,2050.00,""
1594,2024-05-17,177,115,20355.00,""
1594,2024-05-18,140,32,4480.00,""
1594,2024-05-19,114,68,7752.00,""
1594,2024-05-20,90,67,6030.00,""
1594,2024-05-22,127,31,3937.00,""
1594,2024-05-23,94,77,7238.00,""
1594,2024-05-25,153,110,16830.00,""
1594,2024-05-26,184,27,4968.00,""
1594,2024-06-01,315,224,70560.00,""
1594,2024-06-13,300,124,37200.00,""
1594,2024-06-21,108,76,8208.00,""
1594,2024-06-22,154,219,33726.00,""
1594,2024-06-24,164,125,20500.00,""
1594,2024-06-26,80,195,15600.00,""
1594,2024-07-01,180,164,29520.00,""
1594,2024-07-11,99,197,19503.00,""
1594,2024-07-14,288,205,59040.00,""
1594,2024-07-15,253,116,29348.00,""
1594,2024-07-21,326,100,32600.00,""
1594,2024-07-26,252,112,28224.00,""
1594,2024-08-01,264,218,57552.00,""
1594,2024-08-04,267,169,45123.00,""
1594,2024-08-11,273,245,66885.00,""
1594,2024-08-19,330,201,66330.00,""
1594,2024-08-20,100,118,11800.00,""
1594,2024-08-26,258,136,35088.00,""
1594,2024-08-31,268,176,47168.00,""
1594,2024-09-01,171,86,14706.00,""
1594,2024-09-06,201,151,30351.00,""
1594,2024-09-08,212,139,29468.00,""
1594,2024-09-10,132,184,24288.00,""
1338,2024-05-17,102,72,7344.00,""
1338,2024-05-21,141,72,10152.00,""
1338,2024-05-22,184,43,7912.00,""
1338,2024-05-24,64,78,4992.00,""
1338,2024-05-27,167,44,7348.00,""
1338,2024-05-29,76,53,4028.00,""
1338,2024-06-09,271,172,46612.00,""
1338,2024-06-11,203,181,36743.00,""
1338,2024-06-12,169,207,34983.00,""
1338,2024-07-06,270,242,65340.00,""
1338,2024-07-09,137,55,7535.00,""
1338,2024-07-10,245,180,44100.00,""
1338,2024-07-15,123,116,14268.00,""
1338,2024-07-24,287,127,36449.00,""
1338,2024-07-25,279,206,57474.00,""
1338,2024-07-28,349,111,38739.00,""
1338,2024-07-30,142,121,17182.00,""
1338,2024-08-03,207,172,35604.00,""
1338,2024-08-04,221,212,46852.00,""
1338,2024-08-08,103,120,12360.00,""
1338,2024-08-11,155,83,12865.00,""
1338,2024-08-14,286,201,57486.00,""
1338,2024-08-16,219,193,42267.00,""
1338,2024-08-21,226,102,23052.00,""
1338,2024-08-22,189,134,25326.00,""
1338,2024-08-26,176,135,23760.00,""
1338,2024-08-29,241,93,22413.00,""
1338,2024-08-31,169,220,37180.00,""
1338,2024-09-01,141,80,11280.00,""
1338,2024-09-05,102,101,10302.00,""
1338,2024-09-08,247,176,43472.00,""
1583,2024-05-11,114,128,14592.00,""
1583,2024-05-14,125,106,13250.00,""
1583,2024-05-20,103,148,15244.00,""
1583,2024-05-22,111,46,5106.00,""
1583,2024-05-24,91,83,7553.00,""
1583,2024-06-03,188,195,36660.00,""
1583,2024-06-08,325,178,57850.00,""
1583,2024-06-09,288,133,38304.00,""
1583,2024-06-12,94,70,6580.00,""
1583,2024-06-13,208,237,49296.00,""
1583,2024-06-15,220,129,28380.00,""
1583,2024-06-16,333,121,40293.00,""
1583,2024-06-19,138,231,31878.00,""
1583,2024-06-23,324,121,39204.00,""
1583,2024-06-24,250,135,33750.00,""
1583,2024-06-25,253,183,46299.00,""
1583,2024-06-26,150,81,12150.00,""
1583,2024-06-28,199,210,41790.00,""
1583,2024-06-30,130,231,30030.00,""
1583,2024-07-15,200,245,49000.00,""
1583,2024-07-18,276,186,51336.00,""
1583,2024-07-19,327,76,24852.00,""
1583,2024-07-24,176,212,37312.00,""
1583,2024-07-28,190,190,36100.00,""
1583,2024-08-04,270,141,38070.00,""
1261,2024-05-13,85,53,4505.00,""
1261,2024-05-14,159,147,23373.00,""
1261,2024-05-15,54,121,6534.00,""
1261,2024-05-16,148,136,20128.00,""
1261,2024-05-23,84,85,7140.00,""
1261,2024-05-28,179,119,21301.00,""
1261,2024-05-29,154,121,18634.00,""
1261,2024-06-02,248,69,17112.00,""
1261,2024-06-05,136,87,11832.00,""
1261,2024-06-15,119,174,20706.00,""
1261,2024-06-23,217,221,47957.00,""
1261,2024-06-26,195,109,21255.00,""
1261,2024-06-28,94,212,19928.00,""
1261,2024-07-01,148,51,7548.00,""
1261,2024-07-10,164,129,21156.00,""
1261,2024-07-11,95,210,19950.00,""
1261,2024-07-13,105,57,5985.00,""
1261,2024-07-20,250,130,32500.00,""
1261,2024-07-21,152,242,36784.00,""
1261,2024-07-22,171,216,36936.00,""
1261,2024-07-24,229,149,34121.00,""
1261,2024-07-28,299,201,60099.00,""
1261,2024-07-30,111,177,19647.00,""
1261,2024-07-31,338,109,36842.00,""
1261,2024-08-11,225,153,34425.00,""
1261,2024-08-15,163,115,18745.00,""
1261,2024-08-17,211,201,42411.00,""
1261,2024-08-20,143,195,27885.00,""
1261,2024-08-23,213,58,12354.00,""
1261,2024-08-25,253,116,29348.00,""
1261,2024-08-26,276,204,56304.00,""
1261,2024-08-27,313,160,50080.00,""
1261,2024-09-02,289,176,50864.00,""
1261,2024-09-06,267,82,21894.00,""
1261,2024-09-08,283,96,27168.00,""
1457,2024-05-16,156,49,7644.00,""
1457,2024-05-17,58,87,5046.00,""
1457,2024-05-21,43,83,3569.00,""
1457,2024-05-24,154,129,19866.00,""
1457,2024-05-30,126,65,8190.00,""
1457,2024-06-03,86,148,12728.00,""
1457,2024-06-07,339,127,43053.00,""
1457,2024-06-09,151,178,26878.00,""
1457,2024-06-10,295,67,19765.00,""
1457,2024-06-11,330,114,37620.00,""
1457,2024-06-15,325,153,49725.00,""
1457,2024-06-17,154,111,17094.00,""
1457,2024-06-19,104,54,5616.00,""
1457,2024-06-29,151,95,14345.00,""
1457,2024-07-03,263,248,65224.00,""
1457,2024-07-05,120,213,25560.00,""
1457,2024-07-07,109,169,18421.00,""
1457,2024-07-11,344,203,69832.00,""
1494,2024-05-18,155,44,6820.00,""
1494,2024-05-19,144,111,15984.00,""
1494,2024-05-21,88,93,8184.00,""
1494,2024-05-22,80,143,11440.00,""
1494,2024-05-27,74,118,8732.00,""
1494,2024-05-29,182,85,15470.00,""
1494,2024-05-30,82,24,1968.00,""
1494,2024-06-05,340,215,73100.00,""
1494,2024-06-06,102,103,10506.00,""
1494,2024-06-07,257,101,25957.00,""
1494,2024-06-09,167,247,41249.00,""
1494,2024-06-14,326,51,16626.00,""
1494,2024-06-17,198,246,48708.00,""
1494,2024-06-27,192,229,43968.00,""
1494,2024-07-07,229,90,20610.00,""
1494,2024-07-11,256,103,26368.00,""
1494,2024-07-17,333,151,50283.00,""
1494,2024-07-23,258,137,35346.00,""
1494,2024-07-25,321,163,52323.00,""
1494,2024-08-01,343,131,44933.00,""
1494,2024-08-02,197,150,29550.00,""
1494,2024-08-06,340,247,83980.00,""
1494,2024-08-08,217,130,28210.00,""
1494,2024-08-09,146,69,10074.00,""
1494,2024-08-10,264,97,25608.00,""
1494,2024-08-12,235,239,56165.00,""
1494,2024-08-13,350,147,51450.00,""
1494,2024-09-01,207,146,30222.00,""
1494,2024-09-06,209,135,28215.00,""
1494,2024-09-08,252,142,35784.00,""
1494,2024-09-12,154,132,20328.00,""
1494,2024-09-13,265,155,41075.00,""
1494,2024-09-17,190,151,28690.00,""
1494,2024-09-19,266,89,23674.00,""
1494,2024-09-20,282,140,39480.00,""
1494,2024-09-21,126,123,15498.00,""
1494,2024-09-25,192,159,30528.00,""
1465,2024-05-14,119,59,7021.00,""
1465,2024-05-15,90,43,3870.00,""
1465,2024-05-17,192,31,5952.00,""
1465,2024-05-20,155,39,6045.00,""
1465,2024-05-21,129,62,7998.00,""
1465,2024-05-25,185,140,25900.00,""
1465,2024-05-27,83,109,9047.00,""
1465,2024-05-29,120,51,6120.00,""
1465,2024-06-07,197,230,45310.00,""
1465,2024-06-08,111,92,10212.00,""
1465,2024-06-12,147,65,9555.00,""
1465,2024-06-16,230,218,50140.00,""
1443,2024-05-16,63,128,8064.00,""
1443,2024-05-22,143,143,20449.00,""
1443,2024-05-24,165,114,18810.00,""
1443,2024-05-25,43,65,2795.00,""
1443,2024-05-28,154,83,12782.00,""
1443,2024-06-01,106,53,5618.00,""
1443,2024-06-03,296,235,69560.00,""
1443,2024-06-04,315,213,67095.00,""
1443,2024-06-05,282,151,42582.00,""
1443,2024-06-06,175,151,26425.00,""
1443,2024-06-10,165,111,18315.00,""
1443,2024-06-16,220,75,16500.00,""
1443,2024-06-17,199,64,12736.00,""
1443,2024-06-20,102,80,8160.00,""
1443,2024-06-21,215,173,37195.00,""
1443,2024-06-24,350,60,21000.00,""
1443,2024-06-29,265,58,15370.00,""
1443,2024-06-30,134,250,33500.00,""
1443,2024-07-03,197,66,13002.00,""
1443,2024-07-04,284,234,66456.00,""
1443,2024-07-05,124,133,16492.00,""
1443,2024-07-08,317,144,45648.00,""
1443,2024-07-10,128,94,12032.00,""
1443,2024-07-12,321,217,69657.00,""
1443,2024-07-17,229,204,46716.00,""
1443,2024-07-29,153,137,20961.00,""
1443,2024-08-04,138,72,9936.00,""
1443,2024-08-05,258,50,12900.00,""
1303,2024-05-11,156,53,8268.00,""
1303,2024-05-13,149,139,20711.00,""
1303,2024-05-15,104,39,4056.00,""
1303,2024-05-19,52,125,6500.00,""
1303,2024-05-21,157,132,20724.00,""
1303,2024-05-22,143,48,6864.00,""
1303,2024-06-04,107,221,23647.00,""
1303,2024-06-08,305,191,58255.00,""
1303,2024-06-12,97,209,20273.00,""
1303,2024-06-19,173,134,23182.00,""
1303,2024-06-21,253,248,62744.00,""
1762,2024-05-10,58,39,2262.00,""
1762,2024-05-11,92,79,7268.00,""
1762,2024-05-12,115,20,2300.00,""
1762,2024-05-13,89,90,8010.00,""
1762,2024-05-15,64,30,1920.00,""
1762,2024-05-17,61,124,7564.00,""
1762,2024-05-24,121,132,15972.00,""
1762,2024-05-28,126,82,10332.00,""
1762,2024-05-29,73,106,7738.00,""
1762,2024-06-04,284,229,65036.00,""
1762,2024-06-16,305,78,23790.00,""
1762,2024-06-21,135,228,30780.00,""
1762,2024-06-23,155,123,19065.00,""
1650,2024-05-11,125,100,12500.00,""
1650,2024-05-13,99,54,5346.00,""
1650,2024-05-14,67,130,8710.00,""
1650,2024-05-15,158,119,18802.00,""
1650,2024-05-19,158,53,8374.00,""
1650,2024-05-24,51,95,4845.00,""
1650,2024-05-25,176,110,19360.00,""
1650,2024-05-26,103,90,9270.00,""
1650,2024-05-27,148,109,16132.00,""
1650,2024-05-28,181,129,23349.00,""
1650,2024-05-29,69,21,1449.00,""
1650,2024-06-09,257,137,35209.00,""
1650,2024-06-21,192,145,27840.00,""
1650,2024-06-22,277,237,65649.00,""
1650,2024-06-24,143,234,33462.00,""
1650,2024-06-25,241,159,38319.00,""
1650,2024-06-27,315,68,21420.00,""
1650,2024-06-28,319,54,17226.00,""
1650,2024-06-29,334,68,22712.00,""
1650,2024-07-04,114,111,12654.00,""
1650,2024-07-06,217,179,38843.00,""
1679,2024-05-17,80,51,4080.00,""
1679,2024-05-20,188,117,21996.00,""
1679,2024-05-22,42,132,5544.00,""
1679,2024-05-23,181,106,19186.00,""
1679,2024-05-24,175,89,15575.00,""
1679,2024-05-25,134,142,19028.00,""
1679,2024-05-26,149,89,13261.00,""
1679,2024-05-29,146,146,21316.00,""
1679,2024-05-30,85,72,6120.00,""
1679,2024-05-31,139,51,7089.00,""
1679,2024-06-01,226,144,32544.00,""
1679,2024-06-02,80,189,15120.00,""
1679,2024-06-05,216,184,39744.00,""
1679,2024-06-06,258,168,43344.00,""
1679,2024-06-07,300,169,50700.00,""
1679,2024-06-11,147,192,28224.00,""
1679,2024-06-18,209,209,43681.00,""
1679,2024-06-23,289,126,36414.00,""
1679,2024-06-24,229,170,38930.00,""
1679,2024-06-28,219,241,52779.00,""
1679,2024-07-10,128,75,9600.00,""
1679,2024-07-12,93,209,19437.00,""
1679,2024-07-17,138,92,12696.00,""
1476,2024-05-21,69,143,9867.00,""
1476,2024-05-26,44,63,2772.00,""
1476,2024-06-01,192,149,28608.00,""
1476,2024-06-07,327,213,69651.00,""
1476,2024-06-10,250,85,21250.00,""
1476,2024-06-11,164,150,24600.00,""
1476,2024-06-14,280,70,19600.00,""
1476,2024-06-20,127,142,18034.00,""
1476,2024-06-26,332,232,77024.00,""
1476,2024-07-06,332,199,66068.00,""
1476,2024-07-07,95,50,4750.00,""
1476,2024-07-11,117,65,7605.00,""
1476,2024-07-16,287,125,35875.00,""
1476,2024-07-17,197,186,36642.00,""
1476,2024-07-20,256,146,37376.00,""
1476,2024-07-23,299,213,63687.00,""
1476,2024-07-24,248,247,61256.00,""
1476,2024-08-04,194,219,42486.00,""
1476,2024-08-06,170,216,36720.00,""
1476,2024-08-16,285,131,37335.00,""
1476,2024-08-18,300,87,26100.00,""
1476,2024-08-19,193,75,14475.00,""
1476,2024-08-20,231,178,41118.00,""
1476,2024-08-21,221,90,19890.00,""
1286,2024-05-12,180,35,6300.00,""
1286,2024-05-13,61,48,2928.00,""
1286,2024-05-20,90,138,12420.00,""
1286,2024-05-23,190,87,16530.00,""
1286,2024-05-25,105,84,8820.00,""
1286,2024-05-28,130,146,18980.00,""
1286,2024-05-31,182,96,17472.00,""
1286,2024-06-11,285,246,70110.00,""
1286,2024-06-17,291,119,34629.00,""
1286,2024-06-19,275,75,20625.00,""
1286,2024-06-21,221,86,19006.00,""
1286,2024-06-23,299,198,59202.00,""
1286,2024-06-24,82,61,5002.00,""
1286,2024-06-25,175,103,18025.00,""
1286,2024-06-29,314,51,16014.00,""
1286,2024-06-30,158,179,28282.00,""
1286,2024-07-06,209,105,21945.00,""
1286,2024-07-08,211,66,13926.00,""
1286,2024-07-12,210,229,48090.00,""
1286,2024-07-17,157,173,27161.00,""
1286,2024-07-20,237,205,48585.00,""
1286,2024-07-25,127,129,16383.00,""
1413,2024-05-15,111,83,9213.00,""
1413,2024-05-16,182,90,16380.00,""
1413,2024-05-19,141,114,16074.00,""
1413,2024-05-22,43,82,3526.00,""
1413,2024-05-25,164,139,22796.00,""
1413,2024-05-26,59,24,1416.00,""
1413,2024-05-28,137,51,6987.00,""
1413,2024-05-30,120,90,10800.00,""
1413,2024-06-12,216,68,14688.00,""
1413,2024-06-13,278,232,64496.00,""
1413,2024-06-25,291,76,22116.00,""
1413,2024-07-04,182,101,18382.00,""
1414,2024-05-13,58,64,3712.00,""
1414,2024-05-17,128,68,8704.00,""
1414,2024-05-18,200,86,17200.00,""
1414,2024-05-27,198,47,9306.00,""
1414,2024-05-28,74,127,9398.00,""
1414,2024-06-01,237,58,13746.00,""
1414,2024-06-03,296,54,15984.00,""
1414,2024-06-07,309,112,34608.00,""
1414,2024-06-14,193,178,34354.00,""
1414,2024-06-17,216,91,19656.00,""
1414,2024-06-19,177,228,40356.00,""
1414,2024-06-22,92,75,6900.00,""
1414,2024-06-27,256,165,42240.00,""
1414,2024-07-02,323,96,31008.00,""
1414,2024-07-06,268,90,24120.00,""
1414,2024-07-07,93,101,9393.00,""
1414,2024-07-10,335,75,25125.00,""
1414,2024-07-11,337,120,40440.00,""
1414,2024-07-14,334,245,81830.00,""
1414,2024-07-23,340,69,23460.00,""
1414,2024-07-26,91,158,14378.00,""
1414,2024-07-28,289,245,70805.00,""
1414,2024-08-06,190,202,38380.00,""
1414,2024-08-17,145,219,31755.00,""
1414,2024-08-19,249,227,56523.00,""
1414,2024-08-20,227,242,54934.00,""
1414,2024-08-21,179,126,22554.00,""
1414,2024-08-23,255,188,47940.00,""
1414,2024-08-30,118,60,7080.00,""
1414,2024-08-31,133,143,19019.00,""
1224,2024-05-15,135,140,18900.00,""
1224,2024-05-16,158,132,20856.00,""
1224,2024-05-23,47,42,1974.00,""
1224,2024-05-27,154,137,21098.00,""
1224,2024-05-28,99,41,4059.00,""
1224,2024-05-30,76,138,10488.00,""
1224,2024-06-03,130,53,6890.00,""
1224,2024-06-04,269,195,52455.00,""
1224,2024-06-09,240,102,24480.00,""
1224,2024-06-15,243,69,16767.00,""
1224,2024-06-18,328,116,38048.00,""
1224,2024-06-19,342,69,23598.00,""
1224,2024-06-21,307,190,58330.00,""
1224,2024-06-22,219,142,31098.00,""
1224,2024-06-24,121,109,13189.00,""
1224,2024-06-26,302,208,62816.00,""
1224,2024-06-27,338,181,61178.00,""
1224,2024-06-29,162,197,31914.00,""
1224,2024-07-03,220,144,31680.00,""
1224,2024-07-06,283,126,35658.00,""
1224,2024-07-10,199,102,20298.00,""
1224,2024-07-18,197,165,32505.00,""
1224,2024-07-22,129,203,26187.00,""
1224,2024-07-24,156,66,10296.00,""
1224,2024-07-30,134,170,22780.00,""
1224,2024-08-07,312,143,44616.00,""
1640,2024-05-17,96,76,7296.00,""
1640,2024-05-19,158,75,11850.00,""
1640,2024-05-20,127,96,12192.00,""
1640,2024-05-21,149,56,8344.00,""
1640,2024-05-22,118,54,6372.00,""
1640,2024-05-23,56,48,2688.00,""
1640,2024-05-25,130,100,13000.00,""
1640,2024-05-26,153,105,16065.00,""
1640,2024-05-31,55,41,2255.00,""
1640,2024-06-07,326,165,53790.00,""
1640,2024-06-10,134,141,18894.00,""
1640,2024-06-15,306,124,37944.00,""
1640,2024-06-17,107,172,18404.00,""
1640,2024-06-18,178,107,19046.00,""
1640,2024-06-19,144,148,21312.00,""
1640,2024-06-24,86,163,14018.00,""
1640,2024-07-02,277,115,31855.00,""
1640,2024-07-09,130,66,8580.00,""
1640,2024-07-12,177,175,30975.00,""
1640,2024-07-14,89,74,6586.00,""
1640,2024-07-19,142,135,19170.00,""
1640,2024-07-21,308,190,58520.00,""
1640,2024-07-26,154,50,7700.00,""
1640,2024-07-28,121,59,7139.00,""
1640,2024-07-29,180,69,12420.00,""
1640,2024-07-30,130,79,10270.00,""
1640,2024-08-02,328,196,64288.00,""
1640,2024-08-06,228,199,45372.00,""
1640,2024-08-07,239,112,26768.00,""
1640,2024-08-10,137,165,22605.00,""
1640,2024-08-11,229,99,22671.00,""
1640,2024-08-21,284,91,25844.00,""
1640,2024-08-26,312,234,73008.00,""
1640,2024-09-01,111,181,20091.00,""
1640,2024-09-03,108,190,20520.00,""
1640,2024-09-04,245,79,19355.00,""
1640,2024-09-07,296,175,51800.00,""
1640,2024-09-08,227,180,40860.00,""
1640,2024-09-09,110,114,12540.00,""
1640,2024-09-13,230,192,44160.00,""
1640,2024-09-16,265,155,41075.00,""
1640,2024-09-17,163,127,20701.00,""
1640,2024-09-18,100,167,16700.00,""
1640,2024-09-20,250,172,43000.00,""
1640,2024-09-22,273,133,36309.00,""
1640,2024-09-24,272,103,28016.00,""
1640,2024-09-26,288,106,30528.00,""
1569,2024-05-13,75,94,7050.00,""
1569,2024-05-14,174,21,3654.00,""
1569,2024-05-17,52,132,6864.00,""
1569,2024-05-20,189,111,20979.00,""
1569,2024-05-21,190,123,23370.00,""
1569,2024-05-22,150,38,5700.00,""
1569,2024-05-24,167,135,22545.00,""
1569,2024-05-26,121,102,12342.00,""
1569,2024-06-01,287,118,33866.00,""
1569,2024-06-03,276,126,34776.00,""
1569,2024-06-04,188,163,30644.00,""
1569,2024-06-13,164,182,29848.00,""
1569,2024-06-19,154,141,21714.00,""
1569,2024-06-21,263,73,19199.00,""
1569,2024-07-04,166,164,27224.00,""
1569,2024-07-05,328,180,59040.00,""
1569,2024-07-17,209,198,41382.00,""
1569,2024-07-20,275,94,25850.00,""
1569,2024-07-26,297,80,23760.00,""
1569,2024-07-30,280,193,54040.00,""
1569,2024-07-31,253,190,48070.00,""
1569,2024-08-07,87,177,15399.00,""
1569,2024-08-10,136,50,6800.00,""
1569,2024-08-14,288,68,19584.00,""
1569,2024-08-21,334,119,39746.00,""
1569,2024-08-26,89,87,7743.00,""
1569,2024-08-27,256,242,61952.00,""
1569,2024-08-31,273,176,48048.00,""
1569,2024-09-02,107,79,8453.00,""
1215,2024-05-10,132,38,5016.00,""
1215,2024-05-11,41,22,902.00,""
1215,2024-05-17,97,86,8342.00,""
1215,2024-05-19,54,33,1782.00,""
1215,2024-05-24,178,84,14952.00,""
1215,2024-05-25,120,53,6360.00,""
1215,2024-05-27,64,140,8960.00,""
1215,2024-05-31,144,112,16128.00,""
1215,2024-06-02,203,159,32277.00,""
1215,2024-06-06,97,160,15520.00,""
1215,2024-06-09,218,188,40984.00,""
1215,2024-06-10,270,115,31050.00,""
1215,2024-06-11,232,137,31784.00,""
1215,2024-06-17,128,69,8832.00,""
1215,2024-06-18,135,67,9045.00,""
1215,2024-06-20,114,153,17442.00,""
1215,2024-06-21,237,220,52140.00,""
1215,2024-06-29,193,73,14089.00,""
1215,2024-06-30,91,62,5642.00,""
1608,2024-05-15,156,82,12792.00,""
1608,2024-05-16,158,46,7268.00,""
1608,2024-05-17,121,20,2420.00,""
1608,2024-05-19,118,84,9912.00,""
1608,2024-05-26,52,143,7436.00,""
1608,2024-05-27,182,25,4550.00,""
1608,2024-05-28,53,150,7950.00,""
1608,2024-05-29,188,148,27824.00,""
1608,2024-05-30,157,108,16956.00,""
1608,2024-06-04,100,169,16900.00,""
1608,2024-06-08,299,114,34086.00,""
1608,2024-06-13,247,70,17290.00,""
1608,2024-06-15,143,147,21021.00,""
1608,2024-06-17,84,221,18564.00,""
1608,2024-06-18,131,224,29344.00,""
1789,2024-05-18,172,102,17544.00,""
1789,2024-05-20,67,73,4891.00,""
1789,2024-05-21,114,140,15960.00,""
1789,2024-05-27,86,64,5504.00,""
1789,2024-05-30,195,69,13455.00,""
1789,2024-05-31,169,51,8619.00,""
1789,2024-06-04,334,145,48430.00,""
1789,2024-06-13,93,99,9207.00,""
1789,2024-06-22,290,78,22620.00,""
1789,2024-06-25,289,81,23409.00,""
1789,2024-06-30,92,171,15732.00,""
1789,2024-07-05,221,79,17459.00,""
1789,2024-07-08,83,191,15853.00,""
1789,2024-07-09,278,132,36696.00,""
1789,2024-07-16,319,161,51359.00,""
1789,2024-07-18,293,156,45708.00,""
1789,2024-07-21,152,79,12008.00,""
1789,2024-07-29,270,247,66690.00,""
1789,2024-08-02,124,194,24056.00,""
1789,2024-08-03,207,130,26910.00,""
1789,2024-08-06,308,166,51128.00,""
1789,2024-08-08,343,75,25725.00,""
1789,2024-08-16,267,146,38982.00,""
1789,2024-08-18,117,184,21528.00,""
1789,2024-08-20,193,187,36091.00,""
1789,2024-08-31,187,130,24310.00,""
1789,2024-09-03,148,158,23384.00,""
1789,2024-09-04,276,122,33672.00,""
1789,2024-09-09,153,66,10098.00,""
1789,2024-09-10,264,119,31416.00,""
1789,2024-09-11,237,162,38394.00,""
1223,2024-05-16,57,90,5130.00,""
1223,2024-05-21,70,106,7420.00,""
1223,2024-05-22,46,64,2944.00,""
1223,2024-05-23,169,66,11154.00,""
1223,2024-05-25,51,76,3876.00,""
1223,2024-05-28,44,59,2596.00,""
1223,2024-05-29,172,39,6708.00,""
1223,2024-05-31,162,92,14904.00,""
1223,2024-06-02,234,242,56628.00,""
1223,2024-06-04,326,233,75958.00,""
1223,2024-06-05,168,65,10920.00,""
1223,2024-06-14,156,129,20124.00,""
1223,2024-06-15,159,76,12084.00,""
1223,2024-06-17,182,235,42770.00,""
1223,2024-06-21,254,157,39878.00,""
1223,2024-06-23,95,91,8645.00,""
1223,2024-06-25,232,234,54288.00,""
1223,2024-06-26,259,88,22792.00,""
1223,2024-07-06,304,207,62928.00,""
1223,2024-07-13,270,166,44820.00,""
1558,2024-05-14,114,73,8322.00,""
1558,2024-05-15,164,49,8036.00,""
1558,2024-05-16,41,135,5535.00,""
1558,2024-05-22,178,39,6942.00,""
1558,2024-05-26,194,90,17460.00,""
1558,2024-05-28,49,126,6174.00,""
1558,2024-06-08,213,184,39192.00,""
1558,2024-06-14,221,192,42432.00,""
1558,2024-06-15,95,99,9405.00,""
1558,2024-06-17,89,55,4895.00,""
1558,2024-06-21,94,132,12408.00,""
1558,2024-06-22,150,193,28950.00,""
1558,2024-06-23,349,148,51652.00,""
1558,2024-06-30,91,197,17927.00,""
1777,2024-05-19,155,47,7285.00,""
1777,2024-05-20,62,136,8432.00,""
1777,2024-05-22,75,25,1875.00,""
1777,2024-05-23,93,45,4185.00,""
1777,2024-05-24,56,91,5096.00,""
1777,2024-05-25,120,25,3000.00,""
1777,2024-05-27,171,120,20520.00,""
1777,2024-06-01,280,50,14000.00,""
1777,2024-06-06,136,208,28288.00,""
1777,2024-06-07,248,127,31496.00,""
1777,2024-06-08,111,72,7992.00,""
1777,2024-06-10,159,100,15900.00,""
1777,2024-06-11,300,113,33900.00,""
1777,2024-06-14,219,248,54312.00,""
1777,2024-06-17,103,103,10609.00,""
1777,2024-06-23,304,162,49248.00,""
1777,2024-07-02,333,75,24975.00,""
1777,2024-07-03,306,167,51102.00,""
1777,2024-07-05,247,141,34827.00,""
1777,2024-07-07,222,191,42402.00,""
1777,2024-07-08,272,156,42432.00,""
1777,2024-07-10,254,78,19812.00,""
1777,2024-07-13,285,121,34485.00,""
1777,2024-07-18,292,177,51684.00,""
1777,2024-07-24,83,249,20667.00,""
1777,2024-07-25,197,188,37036.00,""
1777,2024-07-26,324,185,59940.00,""
1777,2024-07-31,235,57,13395.00,""
1777,2024-08-05,228,104,23712.00,""
1777,2024-08-08,241,61,14701.00,""
1777,2024-08-09,111,130,14430.00,""
1777,2024-08-15,120,241,28920.00,""
1777,2024-08-18,248,194,48112.00,""
1777,2024-08-22,301,232,69832.00,""
1777,2024-08-31,143,227,32461.00,""
1777,2024-09-11,176,174,30624.00,""
1777,2024-09-12,167,181,30227.00,""
1777,2024-09-16,124,83,10292.00,""
1777,2024-09-17,165,131,21615.00,""
1777,2024-09-19,211,149,31439.00,""
1777,2024-09-20,277,116,32132.00,""
1777,2024-09-30,264,137,36168.00,""
1361,2024-05-10,152,57,8664.00,""
1361,2024-05-12,138,48,6624.00,""
1361,2024-05-13,117,26,3042.00,""
1361,2024-05-17,58,75,4350.00,""
1361,2024-05-19,105,49,5145.00,""
1361,2024-05-20,114,130,14820.00,""
1361,2024-05-25,180,78,14040.00,""
1361,2024-05-30,127,92,11684.00,""
1361,2024-06-01,249,147,36603.00,""
1361,2024-06-04,185,181,33485.00,""
1361,2024-06-06,259,195,50505.00,""
1361,2024-06-07,311,188,58468.00,""
1361,2024-06-10,179,248,44392.00,""
1361,2024-06-13,106,123,13038.00,""
1361,2024-06-20,224,225,50400.00,""
1361,2024-07-02,240,74,17760.00,""
1361,2024-07-03,81,195,15795.00,""
1361,2024-07-09,136,156,21216.00,""
1361,2024-07-12,242,55,13310.00,""
1361,2024-07-18,161,236,37996.00,""
1715,2024-05-12,182,86,15652.00,""
1715,2024-05-15,137,94,12878.00,""
1715,2024-05-16,180,97,17460.00,""
1715,2024-05-19,182,99,18018.00,""
1715,2024-05-23,176,80,14080.00,""
1715,2024-05-24,175,50,8750.00,""
1715,2024-05-27,48,77,3696.00,""
1715,2024-05-29,171,42,7182.00,""
1715,2024-05-31,160,94,15040.00,""
1715,2024-06-01,161,164,26404.00,""
1715,2024-06-04,87,102,8874.00,""
1715,2024-06-09,331,203,67193.00,""
1715,2024-06-12,188,222,41736.00,""
1715,2024-06-14,260,228,59280.00,""
1715,2024-06-21,231,239,55209.00,""
1715,2024-06-22,247,180,44460.00,""
1715,2024-06-25,183,93,17019.00,""
1715,2024-07-02,272,171,46512.00,""
1715,2024-07-03,336,66,22176.00,""
1715,2024-07-06,281,150,42150.00,""
1715,2024-07-07,349,181,63169.00,""
1715,2024-07-09,272,219,59568.00,""
1715,2024-07-24,123,78,9594.00,""
1715,2024-07-26,254,108,27432.00,""
1715,2024-07-27,238,125,29750.00,""
1715,2024-08-03,338,240,81120.00,""
1715,2024-08-23,323,51,16473.00,""
1715,2024-08-28,234,96,22464.00,""
1715,2024-09-01,113,162,18306.00,""
1715,2024-09-07,260,111,28860.00,""
1715,2024-09-10,268,164,43952.00,""
1715,2024-09-11,120,156,18720.00,""
1715,2024-09-13,283,100,28300.00,""
1715,2024-09-14,184,166,30544.00,""
1715,2024-09-19,117,133,15561.00,""
1715,2024-09-24,188,161,30268.00,""
1362,2024-05-12,61,53,3233.00,""
1362,2024-05-15,132,32,4224.00,""
1362,2024-05-16,78,73,5694.00,""
1362,2024-05-19,172,41,7052.00,""
1362,2024-05-24,111,145,16095.00,""
1362,2024-05-27,168,92,15456.00,""
1362,2024-05-30,60,44,2640.00,""
1362,2024-06-09,194,102,19788.00,""
1362,2024-06-22,279,128,35712.00,""
1362,2024-06-23,192,74,14208.00,""
1362,2024-06-28,80,214,17120.00,""
1362,2024-07-03,275,203,55825.00,""
1362,2024-07-05,269,233,62677.00,""
1362,2024-07-11,328,100,32800.00,""
1362,2024-07-17,318,124,39432.00,""
1362,2024-07-18,243,145,35235.00,""
1362,2024-07-20,285,134,38190.00,""
1362,2024-07-21,93,217,20181.00,""
1362,2024-07-22,325,76,24700.00,""
1362,2024-07-24,291,212,61692.00,""
1362,2024-07-25,266,71,18886.00,""
1362,2024-07-31,334,126,42084.00,""
1362,2024-08-07,96,58,5568.00,""
1728,2024-05-16,80,105,8400.00,""
1728,2024-05-18,105,39,4095.00,""
1728,2024-05-21,172,110,18920.00,""
1728,2024-05-26,138,27,3726.00,""
1728,2024-05-28,78,80,6240.00,""
1728,2024-05-31,117,88,10296.00,""
1728,2024-06-10,89,213,18957.00,""
1728,2024-06-11,103,170,17510.00,""
1728,2024-06-14,230,174,40020.00,""
1728,2024-06-15,142,78,11076.00,""
1728,2024-07-01,192,154,29568.00,""
1728,2024-07-03,261,213,55593.00,""
1728,2024-07-08,348,91,31668.00,""
1728,2024-07-10,269,149,40081.00,""
1728,2024-07-11,268,77,20636.00,""
1728,2024-07-13,145,221,32045.00,""
1728,2024-07-16,166,106,17596.00,""
1657,2024-05-24,114,144,16416.00,""
1657,2024-05-25,102,135,13770.00,""
1657,2024-05-31,173,54,9342.00,""
1657,2024-06-11,242,113,27346.00,""
1367,2024-05-17,47,144,6768.00,""
1367,2024-05-22,140,119,16660.00,""
1367,2024-05-24,174,60,10440.00,""
1367,2024-05-27,50,71,3550.00,""
1367,2024-05-28,125,132,16500.00,""
1367,2024-05-29,151,38,5738.00,""
1367,2024-05-31,127,71,9017.00,""
1367,2024-06-01,265,86,22790.00,""
1367,2024-06-02,148,174,25752.00,""
1367,2024-06-04,230,112,25760.00,""
1367,2024-06-11,238,97,23086.00,""
1367,2024-06-13,298,151,44998.00,""
1367,2024-06-17,265,62,16430.00,""
1753,2024-05-15,140,39,5460.00,""
1753,2024-05-17,108,81,8748.00,""
1753,2024-05-25,197,73,14381.00,""
1753,2024-05-26,144,105,15120.00,""
1753,2024-05-28,61,81,4941.00,""
1753,2024-05-30,78,94,7332.00,""
1753,2024-06-04,132,200,26400.00,""
1753,2024-06-05,236,115,27140.00,""
1753,2024-06-21,343,159,54537.00,""
1753,2024-06-28,215,65,13975.00,""
1753,2024-07-01,264,64,16896.00,""
1753,2024-07-06,330,203,66990.00,""
1753,2024-07-09,159,227,36093.00,""
1753,2024-07-12,99,158,15642.00,""
1753,2024-07-16,199,119,23681.00,""
1753,2024-07-25,210,58,12180.00,""
1753,2024-08-05,275,209,57475.00,""
1753,2024-08-09,328,122,40016.00,""
1753,2024-08-14,235,229,53815.00,""
1753,2024-08-16,347,175,60725.00,""
1753,2024-08-17,128,156,19968.00,""
1753,2024-08-19,219,195,42705.00,""
1753,2024-08-28,185,69,12765.00,""
1753,2024-09-02,162,93,15066.00,""
1753,2024-09-03,179,117,20943.00,""
1753,2024-09-06,178,100,17800.00,""
1753,2024-09-10,177,126,22302.00,""
1483,2024-05-15,127,93,11811.00,""
1483,2024-05-17,186,127,23622.00,""
1483,2024-05-21,117,82,9594.00,""
1483,2024-05-23,172,52,8944.00,""
1483,2024-05-25,56,144,8064.00,""
1483,2024-05-28,101,93,9393.00,""
1483,2024-05-31,170,65,11050.00,""
1483,2024-06-11,228,200,45600.00,""
1483,2024-06-14,262,214,56068.00,""
1483,2024-06-23,157,142,22294.00,""
1483,2024-06-24,108,94,10152.00,""
1483,2024-06-25,174,160,27840.00,""
1483,2024-07-04,149,112,16688.00,""
1483,2024-07-06,135,213,28755.00,""
1483,2024-07-08,173,58,10034.00,""
1483,2024-07-17,333,53,17649.00,""
1483,2024-07-18,131,226,29606.00,""
1483,2024-07-22,132,134,17688.00,""
1483,2024-07-25,303,78,23634.00,""
1483,2024-08-04,211,244,51484.00,""
1483,2024-08-19,223,202,45046.00,""
1483,2024-08-23,343,58,19894.00,""
1483,2024-08-25,228,79,18012.00,""
1483,2024-09-06,268,168,45024.00,""
1593,2024-05-17,105,109,11445.00,""
1593,2024-05-19,67,28,1876.00,""
1593,2024-05-20,146,21,3066.00,""
1593,2024-05-22,122,125,15250.00,""
1593,2024-05-25,168,127,21336.00,""
1593,2024-05-26,176,60,10560.00,""
1593,2024-06-02,321,184,59064.00,""
1593,2024-06-08,273,164,44772.00,""
1593,2024-06-13,108,66,7128.00,""
1593,2024-06-16,289,123,35547.00,""
1593,2024-06-26,163,171,27873.00,""
1593,2024-06-28,91,244,22204.00,""
1593,2024-06-29,248,205,50840.00,""
1593,2024-07-01,145,159,23055.00,""
1593,2024-07-03,340,51,17340.00,""
1593,2024-07-10,253,203,51359.00,""
1593,2024-07-13,271,246,66666.00,""
1593,2024-07-17,173,183,31659.00,""
1593,2024-07-29,283,76,21508.00,""
1593,2024-07-30,326,236,76936.00,""
1593,2024-08-01,158,131,20698.00,""
1593,2024-08-02,303,90,27270.00,""
1593,2024-08-08,260,145,37700.00,""
1593,2024-08-15,111,180,19980.00,""
1593,2024-08-16,115,77,8855.00,""
1593,2024-08-17,214,107,22898.00,""
1593,2024-08-18,90,120,10800.00,""
1593,2024-08-19,271,248,67208.00,""
1593,2024-08-20,325,161,52325.00,""
1593,2024-08-23,212,231,48972.00,""
1593,2024-08-24,325,69,22425.00,""
1593,2024-08-26,100,175,17500.00,""
1593,2024-09-01,108,200,21600.00,""
1593,2024-09-05,281,113,31753.00,""
1593,2024-09-09,152,160,24320.00,""
1593,2024-09-11,235,141,33135.00,""
1593,2024-09-15,150,161,24150.00,""
1593,2024-09-18,198,124,24552.00,""
1302,2024-05-19,116,92,10672.00,""
1302,2024-05-22,178,118,21004.00,""
1302,2024-05-23,106,75,7950.00,""
1302,2024-06-01,178,93,16554.00,""
1302,2024-06-06,180,107,19260.00,""
1302,2024-06-11,331,136,45016.00,""
1302,2024-06-12,95,129,12255.00,""
1302,2024-06-16,255,146,37230.00,""
1302,2024-06-17,317,91,28847.00,""
1302,2024-06-22,181,57,10317.00,""
1302,2024-06-25,133,71,9443.00,""
1302,2024-07-10,172,72,12384.00,""
1302,2024-07-11,164,134,21976.00,""
1302,2024-07-18,318,207,65826.00,""
1302,2024-07-21,197,206,40582.00,""
1302,2024-07-26,281,221,62101.00,""
1302,2024-08-07,281,179,50299.00,""
1302,2024-08-20,298,70,20860.00,""
1302,2024-08-22,310,169,52390.00,""
1302,2024-08-23,307,148,45436.00,""
1302,2024-08-29,109,176,19184.00,""
1302,2024-08-30,219,205,44895.00,""
1321,2024-05-16,193,113,21809.00,""
1321,2024-05-21,194,128,24832.00,""
1321,2024-05-25,59,85,5015.00,""
1321,2024-05-29,143,93,13299.00,""
1321,2024-05-30,59,134,7906.00,""
1321,2024-06-07,219,69,15111.00,""
1321,2024-06-09,130,123,15990.00,""
1321,2024-06-12,145,228,33060.00,""
1321,2024-06-16,146,159,23214.00,""
1321,2024-06-17,342,223,76266.00,""
1321,2024-06-18,219,248,54312.00,""
1321,2024-06-24,168,53,8904.00,""
1321,2024-06-28,194,114,22116.00,""
1321,2024-07-07,133,84,11172.00,""
1321,2024-07-13,125,71,8875.00,""
1321,2024-07-15,126,136,17136.00,""
1321,2024-07-25,225,81,18225.00,""
1321,2024-07-26,192,127,24384.00,""
1321,2024-07-31,241,57,13737.00,""
1321,2024-08-03,229,74,16946.00,""
1321,2024-08-16,200,118,23600.00,""
1321,2024-08-25,211,198,41778.00,""
1321,2024-08-30,93,247,22971.00,""
1321,2024-09-01,257,182,46774.00,""
1321,2024-09-02,141,93,13113.00,""
1321,2024-09-04,168,119,19992.00,""
1321,2024-09-10,291,188,54708.00,""
1321,2024-09-15,286,192,54912.00,""
1321,2024-09-18,162,173,28026.00,""
1321,2024-09-21,279,79,22041.00,""
1321,2024-09-23,134,138,18492.00,""
1321,2024-09-24,232,175,40600.00,""
1321,2024-09-25,192,121,23232.00,""
1556,2024-05-11,168,147,24696.00,""
1556,2024-05-12,59,41,2419.00,""
1556,2024-05-13,145,100,14500.00,""
1556,2024-05-14,145,103,14935.00,""
1556,2024-05-17,168,79,13272.00,""
1556,2024-05-20,61,127,7747.00,""
1556,2024-05-21,167,119,19873.00,""
1556,2024-05-22,170,92,15640.00,""
1556,2024-05-23,190,60,11400.00,""
1556,2024-05-25,122,131,15982.00,""
1556,2024-05-29,159,67,10653.00,""
1556,2024-05-30,130,117,15210.00,""
1556,2024-06-08,336,88,29568.00,""
1556,2024-06-09,193,151,29143.00,""
1556,2024-06-20,159,139,22101.00,""
1556,2024-06-23,347,122,42334.00,""
1556,2024-06-26,105,182,19110.00,""
1556,2024-07-03,168,80,13440.00,""
1556,2024-07-05,84,168,14112.00,""
1556,2024-07-09,236,193,45548.00,""
1556,2024-07-26,112,121,13552.00,""
1556,2024-08-02,323,145,46835.00,""
1556,2024-08-08,151,162,24462.00,""
1556,2024-08-10,258,228,58824.00,""
1556,2024-08-12,329,199,65471.00,""
1556,2024-08-15,92,244,22448.00,""
1556,2024-08-16,288,71,20448.00,""
1556,2024-08-17,136,154,20944.00,""
1556,2024-08-18,190,150,28500.00,""
1556,2024-08-21,234,55,12870.00,""
1556,2024-08-28,265,238,63070.00,""
1214,2024-05-15,103,112,11536.00,""
1214,2024-05-23,106,108,11448.00,""
1214,2024-06-02,334,180,60120.00,""
1214,2024-06-07,240,240,57600.00,""
1214,2024-06-13,251,87,21837.00,""
1214,2024-06-16,345,90,31050.00,""
1214,2024-06-21,206,198,40788.00,""
1214,2024-06-24,317,66,20922.00,""
1214,2024-06-27,184,186,34224.00,""
1214,2024-06-28,146,239,34894.00,""
1214,2024-06-29,90,135,12150.00,""
1214,2024-07-01,302,64,19328.00,""
1784,2024-05-20,126,83,10458.00,""
1784,2024-05-23,187,31,5797.00,""
1784,2024-05-25,103,112,11536.00,""
1784,2024-05-27,114,110,12540.00,""
1784,2024-05-31,138,103,14214.00,""
1784,2024-06-02,97,173,16781.00,""
1784,2024-06-04,186,136,25296.00,""
1784,2024-06-06,227,202,45854.00,""
1784,2024-06-13,107,228,24396.00,""
1784,2024-06-15,123,61,7503.00,""
1784,2024-06-22,258,229,59082.00,""
1784,2024-07-01,86,246,21156.00,""
1784,2024-07-03,170,193,32810.00,""
1784,2024-07-04,191,104,19864.00,""
1208,2024-05-13,75,33,2475.00,""
1208,2024-05-15,121,62,7502.00,""
1208,2024-05-20,146,101,14746.00,""
1208,2024-05-23,195,108,21060.00,""
1208,2024-05-25,69,71,4899.00,""
1208,2024-05-26,115,123,14145.00,""
1208,2024-05-30,84,118,9912.00,""
1208,2024-06-05,193,157,30301.00,""
1208,2024-06-07,304,216,65664.00,""
1208,2024-06-11,270,216,58320.00,""
1208,2024-06-13,329,238,78302.00,""
1208,2024-06-26,298,183,54534.00,""
1208,2024-07-01,228,214,48792.00,""
1208,2024-07-11,115,118,13570.00,""
1208,2024-07-15,268,103,27604.00,""
1208,2024-07-17,253,64,16192.00,""
1208,2024-07-19,295,179,52805.00,""
1208,2024-07-21,124,123,15252.00,""
1208,2024-08-01,236,119,28084.00,""
1208,2024-08-05,314,93,29202.00,""
1208,2024-08-10,318,86,27348.00,""
1208,2024-08-15,291,96,27936.00,""
1208,2024-08-21,183,248,45384.00,""
1208,2024-08-24,112,247,27664.00,""
1208,2024-08-28,340,155,52700.00,""
1208,2024-08-30,98,228,22344.00,""
1208,2024-08-31,238,171,40698.00,""
1208,2024-09-03,104,77,8008.00,""
1208,2024-09-05,141,78,10998.00,""
1308,2024-05-12,162,114,18468.00,""
1308,2024-05-14,87,33,2871.00,""
1308,2024-05-18,55,81,4455.00,""
1308,2024-05-19,48,35,1680.00,""
1308,2024-05-20,149,109,16241.00,""
1308,2024-05-21,97,40,3880.00,""
1308,2024-05-22,89,91,8099.00,""
1308,2024-05-23,119,105,12495.00,""
1308,2024-05-27,161,103,16583.00,""
1308,2024-06-01,227,244,55388.00,""
1308,2024-06-03,259,61,15799.00,""
1308,2024-06-11,97,65,6305.00,""
1308,2024-06-21,165,209,34485.00,""
1308,2024-06-22,218,130,28340.00,""
1308,2024-06-23,135,136,18360.00,""
1308,2024-07-03,323,61,19703.00,""
1308,2024-07-08,145,213,30885.00,""
1308,2024-07-15,129,65,8385.00,""
1308,2024-07-16,185,205,37925.00,""
1464,2024-05-10,121,90,10890.00,""
1464,2024-05-15,186,55,10230.00,""
1464,2024-05-16,154,21,3234.00,""
1464,2024-05-22,117,42,4914.00,""
1464,2024-05-24,86,96,8256.00,""
1464,2024-05-31,181,63,11403.00,""
1464,2024-06-01,328,164,53792.00,""
1464,2024-06-07,156,200,31200.00,""
1464,2024-06-12,103,57,5871.00,""
1464,2024-06-14,292,243,70956.00,""
1464,2024-06-20,189,204,38556.00,""
1464,2024-06-28,112,248,27776.00,""
1464,2024-06-29,176,135,23760.00,""
1464,2024-07-08,204,82,16728.00,""
1464,2024-07-09,251,89,22339.00,""
1464,2024-07-11,326,228,74328.00,""
1464,2024-07-13,175,133,23275.00,""
1464,2024-07-14,81,230,18630.00,""
1464,2024-07-15,229,234,53586.00,""
1464,2024-07-18,152,130,19760.00,""
1464,2024-07-23,199,152,30248.00,""
1464,2024-07-24,280,110,30800.00,""
1464,2024-07-25,200,118,23600.00,""
1464,2024-08-04,137,213,29181.00,""
1464,2024-08-05,270,123,33210.00,""
1464,2024-08-06,332,180,59760.00,""
1464,2024-08-18,302,205,61910.00,""
1464,2024-08-22,220,237,52140.00,""
1464,2024-08-25,150,142,21300.00,""
1464,2024-08-28,98,208,20384.00,""
1464,2024-08-29,299,237,70863.00,""
1446,2024-05-16,122,130,15860.00,""
1446,2024-05-19,147,30,4410.00,""
1446,2024-05-21,163,122,19886.00,""
1446,2024-05-22,113,150,16950.00,""
1446,2024-05-27,48,118,5664.00,""
1446,2024-05-30,92,41,3772.00,""
1446,2024-05-31,76,80,6080.00,""
1446,2024-06-08,285,147,41895.00,""
1446,2024-06-17,170,81,13770.00,""
1446,2024-06-19,203,174,35322.00,""
1446,2024-06-25,213,119,25347.00,""
1446,2024-06-29,127,166,21082.00,""
1446,2024-07-02,132,79,10428.00,""
1446,2024-07-03,178,175,31150.00,""
1446,2024-07-04,279,234,65286.00,""
1446,2024-07-11,282,137,38634.00,""
1446,2024-07-12,93,171,15903.00,""
1446,2024-07-19,106,62,6572.00,""
1446,2024-07-22,215,127,27305.00,""
1446,2024-07-25,210,210,44100.00,""
1446,2024-07-26,252,164,41328.00,""
1446,2024-08-08,328,163,53464.00,""
1446,2024-08-11,125,156,19500.00,""
1446,2024-08-18,93,234,21762.00,""
1446,2024-08-19,225,194,43650.00,""
1446,2024-08-20,142,180,25560.00,""
1446,2024-08-30,260,101,26260.00,""
1446,2024-09-01,258,100,25800.00,""
1446,2024-09-02,296,117,34632.00,""
1446,2024-09-06,140,150,21000.00,""
1446,2024-09-07,217,112,24304.00,""
1446,2024-09-08,290,139,40310.00,""
1446,2024-09-10,226,162,36612.00,""
1446,2024-09-11,207,71,14697.00,""
1579,2024-05-17,163,107,17441.00,""
1579,2024-05-18,181,29,5249.00,""
1579,2024-05-19,117,107,12519.00,""
1579,2024-05-20,82,116,9512.00,""
1579,2024-05-23,141,44,6204.00,""
1579,2024-06-07,194,151,29294.00,""
1579,2024-06-14,221,65,14365.00,""
1579,2024-06-17,218,220,47960.00,""
1579,2024-06-19,85,90,7650.00,""
1579,2024-06-20,119,79,9401.00,""
1579,2024-06-21,348,143,49764.00,""
1579,2024-06-25,103,115,11845.00,""
1579,2024-06-26,164,193,31652.00,""
1579,2024-06-29,278,146,40588.00,""
1579,2024-07-05,312,101,31512.00,""
1579,2024-07-13,288,157,45216.00,""
1579,2024-07-15,228,115,26220.00,""
1579,2024-07-16,310,222,68820.00,""
1579,2024-07-19,343,112,38416.00,""
1579,2024-07-20,260,89,23140.00,""
1579,2024-07-24,339,188,63732.00,""
1579,2024-07-27,100,248,24800.00,""
1579,2024-07-31,127,97,12319.00,""
1579,2024-08-01,84,57,4788.00,""
1579,2024-08-03,125,62,7750.00,""
1579,2024-08-09,151,104,15704.00,""
1579,2024-08-10,338,248,83824.00,""
1579,2024-08-17,240,155,37200.00,""
1579,2024-08-18,203,126,25578.00,""
1579,2024-08-23,188,135,25380.00,""
1663,2024-05-15,88,51,4488.00,""
1663,2024-05-19,41,20,820.00,""
1663,2024-05-20,182,31,5642.00,""
1663,2024-05-21,197,67,13199.00,""
1663,2024-05-23,135,64,8640.00,""
1663,2024-06-01,96,51,4896.00,""
1663,2024-06-06,95,60,5700.00,""
1663,2024-06-07,228,216,49248.00,""
1663,2024-06-09,199,219,43581.00,""
1663,2024-06-12,115,212,24380.00,""
1663,2024-06-14,105,160,16800.00,""
1663,2024-06-16,154,218,33572.00,""
1663,2024-06-19,303,150,45450.00,""
1663,2024-06-26,225,234,52650.00,""
1431,2024-05-16,103,86,8858.00,""
1431,2024-05-19,78,105,8190.00,""
1431,2024-05-22,121,86,10406.00,""
1431,2024-05-30,80,23,1840.00,""
1431,2024-06-09,236,140,33040.00,""
1431,2024-06-11,130,153,19890.00,""
1431,2024-06-13,103,100,10300.00,""
1431,2024-06-30,145,154,22330.00,""
1431,2024-07-14,299,135,40365.00,""
1431,2024-07-15,251,102,25602.00,""
1431,2024-07-23,192,230,44160.00,""
1431,2024-07-28,125,242,30250.00,""
1639,2024-05-15,96,64,6144.00,""
1639,2024-05-16,104,57,5928.00,""
1639,2024-05-18,140,82,11480.00,""
1639,2024-05-20,146,51,7446.00,""
1639,2024-05-22,91,116,10556.00,""
1639,2024-05-26,193,125,24125.00,""
1639,2024-05-27,137,118,16166.00,""
1639,2024-05-30,122,59,7198.00,""
1639,2024-06-02,237,88,20856.00,""
1639,2024-06-05,305,64,19520.00,""
1639,2024-06-10,273,164,44772.00,""
1639,2024-06-11,330,207,68310.00,""
1639,2024-06-12,134,239,32026.00,""
1639,2024-06-15,309,102,31518.00,""
1639,2024-06-19,305,243,74115.00,""
1639,2024-06-22,195,135,26325.00,""
1639,2024-06-25,135,180,24300.00,""
1639,2024-07-03,273,95,25935.00,""
1639,2024-07-05,263,146,38398.00,""
1639,2024-07-06,276,196,54096.00,""
1639,2024-07-12,297,213,63261.00,""
1639,2024-07-15,175,229,40075.00,""
1639,2024-07-19,231,164,37884.00,""
1639,2024-07-22,118,168,19824.00,""
1639,2024-07-23,202,117,23634.00,""
1639,2024-07-30,130,190,24700.00,""
1639,2024-08-02,146,81,11826.00,""
1639,2024-08-08,185,146,27010.00,""
1639,2024-08-09,277,203,56231.00,""
1639,2024-08-14,219,60,13140.00,""
1639,2024-08-17,293,79,23147.00,""
1639,2024-08-18,293,111,32523.00,""
1639,2024-08-24,165,192,31680.00,""
1639,2024-08-30,83,143,11869.00,""
1639,2024-08-31,239,233,55687.00,""
1639,2024-09-03,145,120,17400.00,""
1639,2024-09-05,230,62,14260.00,""
1639,2024-09-10,256,121,30976.00,""
1639,2024-09-11,207,200,41400.00,""
1639,2024-09-14,234,171,40014.00,""
1639,2024-09-15,109,128,13952.00,""
1639,2024-09-17,181,162,29322.00,""
1639,2024-09-19,175,64,11200.00,""
1639,2024-09-27,122,129,15738.00,""
1639,2024-09-28,105,141,14805.00,""
1639,2024-09-29,166,97,16102.00,""
1203,2024-05-13,56,55,3080.00,""
1203,2024-05-16,69,104,7176.00,""
1203,2024-05-17,188,83,15604.00,""
1203,2024-05-19,119,139,16541.00,""
1203,2024-05-24,181,67,12127.00,""
1203,2024-05-25,76,77,5852.00,""
1203,2024-05-26,168,116,19488.00,""
1203,2024-05-27,62,112,6944.00,""
1203,2024-05-28,100,91,9100.00,""
1203,2024-06-05,161,222,35742.00,""
1203,2024-06-14,254,100,25400.00,""
1203,2024-06-16,233,80,18640.00,""
1203,2024-06-17,239,101,24139.00,""
1203,2024-06-20,256,246,62976.00,""
1203,2024-06-27,272,176,47872.00,""
1203,2024-06-29,236,70,16520.00,""
1203,2024-06-30,348,242,84216.00,""
1203,2024-07-01,144,65,9360.00,""
1203,2024-07-08,100,143,14300.00,""
1203,2024-07-10,184,147,27048.00,""
1203,2024-07-21,140,211,29540.00,""
1203,2024-07-26,297,149,44253.00,""
1203,2024-07-29,107,185,19795.00,""
1203,2024-08-04,184,168,30912.00,""
1203,2024-08-05,326,51,16626.00,""
1203,2024-08-06,259,70,18130.00,""
1203,2024-08-08,232,100,23200.00,""
1203,2024-08-12,275,125,34375.00,""
1203,2024-08-13,347,239,82933.00,""
1203,2024-08-17,110,69,7590.00,""
1203,2024-08-29,237,233,55221.00,""
1203,2024-08-30,95,152,14440.00,""
1763,2024-05-16,177,114,20178.00,""
1763,2024-05-19,148,22,3256.00,""
1763,2024-05-21,136,142,19312.00,""
1763,2024-05-26,55,46,2530.00,""
1763,2024-05-30,70,44,3080.00,""
1763,2024-06-04,180,244,43920.00,""
1763,2024-06-10,289,226,65314.00,""
1763,2024-06-21,130,188,24440.00,""
1763,2024-06-25,121,87,10527.00,""
1763,2024-06-26,208,124,25792.00,""
1763,2024-06-30,257,236,60652.00,""
1763,2024-07-08,214,245,52430.00,""
1763,2024-07-16,163,66,10758.00,""
1763,2024-07-20,295,220,64900.00,""
1763,2024-07-22,104,147,15288.00,""
1763,2024-07-30,247,206,50882.00,""
1763,2024-08-01,338,175,59150.00,""
1763,2024-08-13,255,62,15810.00,""
1763,2024-08-17,147,183,26901.00,""
1763,2024-08-18,207,200,41400.00,""
1763,2024-08-21,140,213,29820.00,""
1763,2024-08-23,337,100,33700.00,""
1763,2024-08-31,91,95,8645.00,""
1763,2024-09-02,144,179,25776.00,""
1763,2024-09-03,146,141,20586.00,""
1763,2024-09-10,184,115,21160.00,""
1763,2024-09-11,135,113,15255.00,""
1763,2024-09-15,206,156,32136.00,""
1763,2024-09-18,180,87,15660.00,""
1763,2024-09-26,119,115,13685.00,""
1763,2024-09-27,179,84,15036.00,""
1763,2024-09-28,189,186,35154.00,""
1524,2024-05-12,177,37,6549.00,""
1524,2024-05-13,180,133,23940.00,""
1524,2024-05-23,59,99,5841.00,""
1524,2024-06-03,200,69,13800.00,""
1524,2024-06-04,219,197,43143.00,""
1524,2024-06-06,284,203,57652.00,""
1524,2024-06-11,172,194,33368.00,""
1524,2024-06-12,206,82,16892.00,""
1524,2024-06-24,105,140,14700.00,""
1524,2024-07-02,302,183,55266.00,""
1524,2024-07-04,335,94,31490.00,""
1524,2024-07-09,252,98,24696.00,""
1370,2024-05-20,86,141,12126.00,""
1370,2024-05-23,197,118,23246.00,""
1370,2024-05-24,138,107,14766.00,""
1370,2024-05-27,56,127,7112.00,""
1370,2024-05-29,47,136,6392.00,""
1370,2024-05-30,150,69,10350.00,""
1370,2024-06-01,271,180,48780.00,""
1370,2024-06-05,183,233,42639.00,""
1370,2024-06-06,169,94,15886.00,""
1370,2024-06-10,81,159,12879.00,""
1370,2024-06-14,332,166,55112.00,""
1370,2024-06-15,251,196,49196.00,""
1370,2024-06-16,220,113,24860.00,""
1370,2024-06-24,168,153,25704.00,""
1370,2024-07-03,339,91,30849.00,""
1370,2024-07-05,332,244,81008.00,""
1370,2024-07-12,143,172,24596.00,""
1370,2024-07-21,274,172,47128.00,""
1370,2024-07-24,257,178,45746.00,""
1370,2024-07-27,118,161,18998.00,""
1370,2024-07-28,201,182,36582.00,""
1370,2024-07-29,103,249,25647.00,""
1370,2024-08-02,272,240,65280.00,""
1370,2024-08-04,172,72,12384.00,""
1370,2024-08-07,138,114,15732.00,""
1370,2024-08-11,334,170,56780.00,""
1370,2024-08-14,272,239,65008.00,""
1370,2024-08-16,175,179,31325.00,""
1370,2024-08-22,324,153,49572.00,""
1370,2024-08-23,173,247,42731.00,""
1370,2024-08-24,252,163,41076.00,""
1370,2024-08-28,307,164,50348.00,""
1714,2024-05-26,163,81,13203.00,""
1714,2024-05-27,69,110,7590.00,""
1714,2024-05-30,103,66,6798.00,""
1714,2024-06-08,257,233,59881.00,""
1714,2024-06-14,106,133,14098.00,""
1714,2024-06-15,219,118,25842.00,""
1714,2024-06-16,337,62,20894.00,""
1714,2024-06-17,228,178,40584.00,""
1714,2024-06-18,121,234,28314.00,""
1714,2024-06-19,253,111,28083.00,""
1678,2024-05-16,62,38,2356.00,""
1678,2024-05-18,173,79,13667.00,""
1678,2024-05-19,108,109,11772.00,""
1678,2024-05-20,113,121,13673.00,""
1678,2024-05-21,77,94,7238.00,""
1678,2024-05-24,70,90,6300.00,""
1678,2024-05-25,196,82,16072.00,""
1678,2024-05-28,185,114,21090.00,""
1678,2024-05-29,127,135,17145.00,""
1678,2024-06-02,275,201,55275.00,""
1678,2024-06-09,206,117,24102.00,""
1678,2024-06-11,85,68,5780.00,""
1678,2024-06-14,106,179,18974.00,""
1678,2024-06-28,131,119,15589.00,""
1678,2024-07-07,346,95,32870.00,""
1678,2024-07-08,252,83,20916.00,""
1678,2024-07-28,344,244,83936.00,""
1678,2024-08-05,347,110,38170.00,""
1536,2024-05-18,188,80,15040.00,""
1536,2024-05-21,89,86,7654.00,""
1536,2024-05-22,165,51,8415.00,""
1536,2024-05-23,146,73,10658.00,""
1536,2024-05-27,142,78,11076.00,""
1536,2024-05-28,128,144,18432.00,""
1536,2024-06-02,326,199,64874.00,""
1536,2024-06-03,330,141,46530.00,""
1536,2024-06-07,276,244,67344.00,""
1536,2024-06-18,323,115,37145.00,""
1536,2024-06-21,337,180,60660.00,""
1536,2024-06-24,174,171,29754.00,""
1536,2024-06-25,149,137,20413.00,""
1536,2024-06-30,160,114,18240.00,""
1536,2024-07-03,124,235,29140.00,""
1536,2024-07-04,142,223,31666.00,""
1536,2024-07-05,268,125,33500.00,""
1536,2024-07-06,298,147,43806.00,""
1536,2024-07-07,339,159,53901.00,""
1536,2024-07-14,155,135,20925.00,""
1536,2024-07-15,192,71,13632.00,""
1536,2024-07-16,177,233,41241.00,""
1536,2024-07-18,348,127,44196.00,""
1536,2024-07-19,211,59,12449.00,""
1536,2024-07-26,243,221,53703.00,""
1536,2024-07-28,261,205,53505.00,""
1536,2024-07-29,174,246,42804.00,""
1536,2024-08-03,244,87,21228.00,""
1536,2024-08-06,97,213,20661.00,""
1536,2024-08-09,105,136,14280.00,""
1536,2024-08-10,225,184,41400.00,""
1536,2024-08-14,320,202,64640.00,""
1536,2024-08-18,120,227,27240.00,""
1536,2024-08-20,215,165,35475.00,""
1536,2024-08-21,107,108,11556.00,""
1536,2024-08-28,119,216,25704.00,""
1536,2024-08-31,132,65,8580.00,""
1536,2024-09-01,267,147,39249.00,""
1536,2024-09-03,150,99,14850.00,""
1536,2024-09-04,250,120,30000.00,""
1536,2024-09-05,158,65,10270.00,""
1264,2024-05-15,132,97,12804.00,""
1264,2024-05-16,126,102,12852.00,""
1264,2024-05-20,55,142,7810.00,""
1264,2024-05-22,108,87,9396.00,""
1264,2024-05-24,138,55,7590.00,""
1264,2024-05-29,122,88,10736.00,""
1264,2024-05-30,158,134,21172.00,""
1264,2024-06-05,277,146,40442.00,""
1264,2024-06-11,215,99,21285.00,""
1264,2024-06-16,275,243,66825.00,""
1264,2024-06-17,193,152,29336.00,""
1264,2024-06-18,254,161,40894.00,""
1264,2024-06-19,121,184,22264.00,""
1264,2024-06-22,96,79,7584.00,""
1264,2024-06-25,232,87,20184.00,""
1264,2024-07-01,123,87,10701.00,""
1264,2024-07-02,157,99,15543.00,""
1264,2024-07-03,198,210,41580.00,""
1264,2024-07-04,270,193,52110.00,""
1264,2024-07-19,111,205,22755.00,""
1264,2024-07-29,233,240,55920.00,""
1264,2024-07-30,116,245,28420.00,""
1264,2024-08-02,317,158,50086.00,""
1264,2024-08-03,260,81,21060.00,""
1264,2024-08-07,228,119,27132.00,""
1264,2024-08-12,314,226,70964.00,""
1264,2024-08-14,340,229,77860.00,""
1397,2024-05-09,85,77,6545.00,""
1397,2024-05-12,114,84,9576.00,""
1397,2024-05-18,98,90,8820.00,""
1397,2024-05-24,139,94,13066.00,""
1700,2024-05-14,106,20,2120.00,""
1700,2024-05-19,73,69,5037.00,""
1700,2024-05-24,100,70,7000.00,""
1700,2024-05-26,147,93,13671.00,""
1700,2024-05-28,139,124,17236.00,""
1700,2024-06-03,262,238,62356.00,""
1700,2024-06-08,340,126,42840.00,""
1700,2024-06-09,276,96,26496.00,""
1700,2024-06-11,342,112,38304.00,""
1700,2024-06-13,300,170,51000.00,""
1700,2024-06-16,220,68,14960.00,""
1700,2024-06-24,96,92,8832.00,""
1700,2024-06-29,200,113,22600.00,""
1700,2024-06-30,172,81,13932.00,""
1700,2024-07-09,98,82,8036.00,""
1700,2024-07-14,285,57,16245.00,""
1700,2024-07-16,331,122,40382.00,""
1700,2024-07-18,105,80,8400.00,""
1700,2024-07-20,330,153,50490.00,""
1700,2024-07-24,115,129,14835.00,""
1700,2024-07-25,99,203,20097.00,""
1700,2024-07-26,214,149,31886.00,""
1700,2024-07-30,147,102,14994.00,""
1700,2024-08-02,140,198,27720.00,""
1700,2024-08-07,251,153,38403.00,""
1700,2024-08-09,343,183,62769.00,""
1700,2024-08-13,282,87,24534.00,""
1700,2024-08-17,81,76,6156.00,""
1700,2024-08-21,186,65,12090.00,""
1700,2024-08-22,281,163,45803.00,""
1700,2024-08-25,218,192,41856.00,""
1700,2024-08-26,172,123,21156.00,""
1700,2024-08-28,165,207,34155.00,""
1700,2024-09-01,170,71,12070.00,""
1700,2024-09-05,175,110,19250.00,""
1700,2024-09-09,293,101,29593.00,""
1700,2024-09-10,133,164,21812.00,""
1700,2024-09-11,191,113,21583.00,""
1700,2024-09-20,267,189,50463.00,""
1700,2024-09-21,190,104,19760.00,""
1700,2024-09-22,151,93,14043.00,""
1700,2024-09-25,205,85,17425.00,""
1700,2024-09-28,181,121,21901.00,""
1423,2024-05-13,80,65,5200.00,""
1423,2024-05-17,169,67,11323.00,""
1423,2024-05-24,192,65,12480.00,""
1423,2024-05-25,92,128,11776.00,""
1423,2024-05-28,192,107,20544.00,""
1423,2024-05-29,90,69,6210.00,""
1423,2024-05-30,195,113,22035.00,""
1423,2024-06-07,82,214,17548.00,""
1423,2024-06-09,335,121,40535.00,""
1423,2024-06-12,283,214,60562.00,""
1423,2024-06-15,293,245,71785.00,""
1423,2024-06-26,263,146,38398.00,""
1423,2024-06-28,315,59,18585.00,""
1423,2024-06-30,124,166,20584.00,""
1423,2024-07-01,184,217,39928.00,""
1423,2024-07-14,201,145,29145.00,""
1423,2024-07-16,251,134,33634.00,""
1423,2024-07-20,345,179,61755.00,""
1423,2024-07-29,129,68,8772.00,""
1423,2024-07-31,142,64,9088.00,""
1423,2024-08-11,323,193,62339.00,""
1774,2024-05-15,191,24,4584.00,""
1774,2024-05-16,158,52,8216.00,""
1774,2024-05-20,50,104,5200.00,""
1774,2024-05-23,198,101,19998.00,""
1774,2024-05-29,200,132,26400.00,""
1774,2024-06-08,93,71,6603.00,""
1774,2024-06-11,317,97,30749.00,""
1774,2024-06-19,165,209,34485.00,""
1774,2024-06-27,146,116,16936.00,""
1774,2024-07-01,314,242,75988.00,""
1774,2024-07-07,153,166,25398.00,""
1774,2024-07-12,267,207,55269.00,""
1774,2024-07-19,152,155,23560.00,""
1774,2024-07-20,243,87,21141.00,""
1774,2024-07-25,152,91,13832.00,""
1774,2024-07-30,233,158,36814.00,""
1774,2024-07-31,212,160,33920.00,""
1774,2024-08-03,168,163,27384.00,""
1774,2024-08-04,238,203,48314.00,""
1774,2024-08-16,174,57,9918.00,""
1774,2024-08-22,127,247,31369.00,""
1774,2024-08-28,226,212,47912.00,""
1774,2024-08-29,253,94,23782.00,""
1774,2024-09-01,163,188,30644.00,""
1774,2024-09-02,233,161,37513.00,""
1774,2024-09-03,164,164,26896.00,""
1774,2024-09-04,158,64,10112.00,""
1774,2024-09-05,252,71,17892.00,""
1774,2024-09-07,250,85,21250.00,""
1774,2024-09-08,209,174,36366.00,""
1774,2024-09-10,290,104,30160.00,""
1774,2024-09-12,262,60,15720.00,""
1774,2024-09-16,217,88,19096.00,""
1774,2024-09-18,178,157,27946.00,""
1774,2024-09-19,140,168,23520.00,""
1475,2024-05-22,87,138,12006.00,""
1475,2024-05-24,89,36,3204.00,""
1475,2024-05-26,80,87,6960.00,""
1475,2024-05-27,102,124,12648.00,""
1475,2024-05-28,71,39,2769.00,""
1475,2024-05-29,71,97,6887.00,""
1475,2024-05-30,151,82,12382.00,""
1475,2024-05-31,67,22,1474.00,""
1475,2024-06-05,184,208,38272.00,""
1475,2024-06-07,346,97,33562.00,""
1475,2024-06-11,203,160,32480.00,""
1475,2024-06-18,253,88,22264.00,""
1475,2024-06-27,300,189,56700.00,""
1475,2024-06-29,107,239,25573.00,""
1475,2024-07-02,292,180,52560.00,""
1475,2024-07-07,229,72,16488.00,""
1475,2024-07-12,103,116,11948.00,""
1475,2024-07-14,313,202,63226.00,""
1475,2024-07-17,326,150,48900.00,""
1475,2024-07-21,346,71,24566.00,""
1475,2024-07-22,308,85,26180.00,""
1475,2024-07-24,91,233,21203.00,""
1475,2024-07-26,332,145,48140.00,""
1475,2024-07-28,115,154,17710.00,""
1222,2024-05-18,200,34,6800.00,""
1222,2024-05-21,90,74,6660.00,""
1222,2024-05-24,195,60,11700.00,""
1222,2024-05-31,62,127,7874.00,""
1222,2024-06-14,256,230,58880.00,""
1222,2024-06-23,311,163,50693.00,""
1222,2024-06-25,305,228,69540.00,""
1222,2024-06-26,233,242,56386.00,""
1222,2024-06-27,168,146,24528.00,""
1222,2024-06-29,222,53,11766.00,""
1222,2024-06-30,278,101,28078.00,""
1222,2024-07-14,293,217,63581.00,""
1222,2024-07-18,173,57,9861.00,""
1222,2024-07-19,151,99,14949.00,""
1222,2024-07-22,288,74,21312.00,""
1222,2024-07-24,319,52,16588.00,""
1702,2024-05-16,133,127,16891.00,""
1702,2024-05-18,83,47,3901.00,""
1702,2024-05-19,140,95,13300.00,""
1702,2024-05-26,100,87,8700.00,""
1702,2024-05-30,93,68,6324.00,""
1702,2024-05-31,115,68,7820.00,""
1702,2024-06-01,247,110,27170.00,""
1702,2024-06-04,178,66,11748.00,""
1702,2024-06-12,99,71,7029.00,""
1702,2024-06-13,148,167,24716.00,""
1702,2024-06-15,164,150,24600.00,""
1702,2024-06-16,87,101,8787.00,""
1702,2024-06-22,189,161,30429.00,""
1702,2024-06-26,198,96,19008.00,""
1702,2024-06-27,200,157,31400.00,""
1702,2024-06-28,349,88,30712.00,""
1702,2024-06-29,100,142,14200.00,""
1702,2024-07-01,215,230,49450.00,""
1702,2024-07-02,270,211,56970.00,""
1702,2024-07-05,250,95,23750.00,""
1702,2024-07-06,287,87,24969.00,""
1702,2024-07-09,225,54,12150.00,""
1702,2024-07-10,134,165,22110.00,""
1702,2024-07-20,121,237,28677.00,""
1702,2024-07-25,336,212,71232.00,""
1702,2024-07-28,83,212,17596.00,""
1702,2024-08-10,101,241,24341.00,""
1702,2024-08-15,299,207,61893.00,""
1702,2024-08-18,113,159,17967.00,""
1702,2024-09-04,269,79,21251.00,""
1702,2024-09-05,230,80,18400.00,""
1702,2024-09-07,137,146,20002.00,""
1702,2024-09-09,239,87,20793.00,""
1702,2024-09-19,150,200,30000.00,""
1702,2024-09-20,201,107,21507.00,""
1702,2024-09-24,132,147,19404.00,""
1549,2024-05-25,108,49,5292.00,""
1549,2024-05-29,169,128,21632.00,""
1549,2024-05-31,180,77,13860.00,""
1549,2024-06-04,99,67,6633.00,""
1549,2024-06-05,165,110,18150.00,""
1549,2024-06-06,218,116,25288.00,""
1549,2024-06-07,153,95,14535.00,""
1549,2024-06-09,184,88,16192.00,""
1549,2024-06-15,226,142,32092.00,""
1549,2024-06-16,264,199,52536.00,""
1549,2024-06-19,335,53,17755.00,""
1549,2024-06-22,323,245,79135.00,""
1549,2024-06-25,254,242,61468.00,""
1549,2024-06-30,243,56,13608.00,""
1549,2024-07-03,135,140,18900.00,""
1549,2024-07-09,294,152,44688.00,""
1549,2024-07-11,265,59,15635.00,""
1549,2024-07-13,176,57,10032.00,""
1549,2024-07-15,329,144,47376.00,""
1549,2024-07-16,189,109,20601.00,""
1659,2024-05-13,140,112,15680.00,""
1659,2024-05-22,179,112,20048.00,""
1659,2024-05-25,165,123,20295.00,""
1659,2024-05-26,107,150,16050.00,""
1659,2024-05-28,111,103,11433.00,""
1659,2024-05-29,148,83,12284.00,""
1659,2024-06-01,86,155,13330.00,""
1659,2024-06-02,147,74,10878.00,""
1659,2024-06-03,185,212,39220.00,""
1659,2024-06-04,225,64,14400.00,""
1659,2024-06-05,253,243,61479.00,""
1659,2024-06-06,296,204,60384.00,""
1659,2024-06-11,216,88,19008.00,""
1659,2024-06-13,219,85,18615.00,""
1659,2024-06-24,182,193,35126.00,""
1659,2024-06-27,113,126,14238.00,""
1659,2024-07-03,280,217,60760.00,""
1659,2024-07-11,278,82,22796.00,""
1659,2024-07-16,243,189,45927.00,""
1659,2024-07-19,85,61,5185.00,""
1659,2024-07-26,323,111,35853.00,""
1659,2024-08-01,90,87,7830.00,""
1532,2024-05-13,87,67,5829.00,""
1532,2024-05-15,45,76,3420.00,""
1532,2024-05-17,65,31,2015.00,""
1532,2024-05-22,154,60,9240.00,""
1532,2024-05-23,88,49,4312.00,""
1532,2024-05-26,58,113,6554.00,""
1532,2024-05-27,195,110,21450.00,""
1532,2024-05-30,197,93,18321.00,""
1532,2024-06-06,226,67,15142.00,""
1532,2024-06-07,194,167,32398.00,""
1532,2024-06-14,209,115,24035.00,""
1532,2024-06-16,83,221,18343.00,""
1532,2024-06-17,329,187,61523.00,""
1532,2024-06-18,102,147,14994.00,""
1532,2024-07-08,132,157,20724.00,""
1532,2024-07-18,227,87,19749.00,""
1532,2024-07-19,187,148,27676.00,""
1532,2024-07-22,184,131,24104.00,""
1532,2024-07-28,121,218,26378.00,""
1532,2024-07-31,152,239,36328.00,""
1532,2024-08-03,169,196,33124.00,""
1532,2024-08-04,275,72,19800.00,""
1532,2024-08-06,114,192,21888.00,""
1532,2024-08-07,152,53,8056.00,""
1532,2024-08-12,116,169,19604.00,""
1532,2024-08-16,122,117,14274.00,""
1532,2024-08-17,159,222,35298.00,""
1532,2024-08-18,214,66,14124.00,""
1532,2024-08-19,257,148,38036.00,""
1532,2024-08-22,331,150,49650.00,""
1532,2024-08-24,156,117,18252.00,""
1532,2024-08-27,333,56,18648.00,""
1532,2024-08-29,147,88,12936.00,""
1532,2024-09-06,137,108,14796.00,""
1532,2024-09-07,224,117,26208.00,""
1532,2024-09-08,255,91,23205.00,""
1532,2024-09-09,177,118,20886.00,""
1532,2024-09-13,121,144,17424.00,""
1532,2024-09-20,152,112,17024.00,""
1532,2024-09-24,248,130,32240.00,""
1532,2024-09-25,198,86,17028.00,""
1532,2024-09-27,128,172,22016.00,""
1532,2024-09-30,246,62,15252.00,""
1247,2024-05-14,188,125,23500.00,""
1247,2024-05-15,111,72,7992.00,""
1247,2024-05-19,169,38,6422.00,""
1247,2024-05-21,198,141,27918.00,""
1247,2024-05-30,69,86,5934.00,""
1247,2024-06-02,343,167,57281.00,""
1247,2024-06-08,95,228,21660.00,""
1247,2024-06-14,176,91,16016.00,""
1247,2024-06-18,321,199,63879.00,""
1247,2024-06-22,298,96,28608.00,""
1247,2024-06-29,138,202,27876.00,""
1247,2024-07-06,273,146,39858.00,""
1247,2024-07-10,324,160,51840.00,""
1247,2024-07-19,278,162,45036.00,""
1247,2024-07-21,197,105,20685.00,""
1247,2024-07-31,328,249,81672.00,""
1247,2024-08-05,203,171,34713.00,""
1247,2024-08-15,310,141,43710.00,""
1247,2024-08-19,95,163,15485.00,""
1247,2024-08-24,321,171,54891.00,""
1247,2024-08-25,251,163,40913.00,""
1247,2024-08-28,344,119,40936.00,""
1247,2024-09-02,141,182,25662.00,""
1247,2024-09-07,204,184,37536.00,""
1247,2024-09-10,239,153,36567.00,""
1247,2024-09-11,283,99,28017.00,""
1247,2024-09-17,220,70,15400.00,""
1237,2024-05-10,50,65,3250.00,""
1237,2024-05-12,96,31,2976.00,""
1237,2024-05-15,104,95,9880.00,""
1237,2024-05-23,55,144,7920.00,""
1237,2024-05-24,124,44,5456.00,""
1237,2024-05-26,46,107,4922.00,""
1237,2024-05-27,81,66,5346.00,""
1237,2024-05-28,174,44,7656.00,""
1237,2024-06-06,170,227,38590.00,""
1237,2024-06-20,137,123,16851.00,""
1237,2024-06-25,137,88,12056.00,""
1237,2024-07-05,260,159,41340.00,""
1237,2024-07-10,345,158,54510.00,""
1237,2024-07-11,155,110,17050.00,""
1237,2024-07-14,137,245,33565.00,""
1237,2024-07-23,323,146,47158.00,""
1237,2024-07-25,338,81,27378.00,""
1237,2024-07-27,93,225,20925.00,""
1237,2024-08-11,312,82,25584.00,""
1237,2024-08-16,219,73,15987.00,""
1237,2024-08-21,288,103,29664.00,""
1237,2024-08-22,167,87,14529.00,""
1237,2024-08-29,342,81,27702.00,""
1237,2024-09-01,235,176,41360.00,""
1237,2024-09-08,174,184,32016.00,""
1237,2024-09-09,173,80,13840.00,""
1237,2024-09-11,267,154,41118.00,""
1237,2024-09-15,270,139,37530.00,""
1237,2024-09-24,271,127,34417.00,""
1237,2024-09-29,163,98,15974.00,""
1474,2024-05-14,132,133,17556.00,""
1474,2024-05-17,144,46,6624.00,""
1474,2024-05-20,169,49,8281.00,""
1474,2024-05-23,117,68,7956.00,""
1474,2024-05-26,119,147,17493.00,""
1474,2024-05-27,195,59,11505.00,""
1474,2024-05-29,199,57,11343.00,""
1474,2024-05-30,121,148,17908.00,""
1474,2024-06-07,199,171,34029.00,""
1474,2024-06-10,144,191,27504.00,""
1474,2024-06-13,87,74,6438.00,""
1474,2024-06-20,120,178,21360.00,""
1474,2024-06-24,228,236,53808.00,""
1474,2024-06-25,253,66,16698.00,""
1474,2024-06-26,192,212,40704.00,""
1474,2024-06-27,245,110,26950.00,""
1474,2024-07-09,267,167,44589.00,""
1474,2024-07-13,264,239,63096.00,""
1474,2024-07-15,242,228,55176.00,""
1474,2024-07-16,335,175,58625.00,""
1474,2024-07-17,98,231,22638.00,""
1474,2024-07-24,87,118,10266.00,""
1474,2024-07-25,331,60,19860.00,""
1474,2024-07-26,233,199,46367.00,""
1474,2024-07-30,299,101,30199.00,""
1474,2024-08-02,161,177,28497.00,""
1327,2024-05-14,152,77,11704.00,""
1327,2024-05-16,77,28,2156.00,""
1327,2024-05-17,67,133,8911.00,""
1327,2024-05-18,53,139,7367.00,""
1327,2024-05-20,96,63,6048.00,""
1327,2024-05-22,81,103,8343.00,""
1327,2024-05-23,91,129,11739.00,""
1327,2024-05-30,101,60,6060.00,""
1327,2024-05-31,83,78,6474.00,""
1327,2024-06-09,180,244,43920.00,""
1327,2024-06-11,156,119,18564.00,""
1327,2024-06-17,333,183,60939.00,""
1327,2024-06-23,338,109,36842.00,""
1327,2024-07-14,304,123,37392.00,""
1327,2024-07-17,324,137,44388.00,""
1327,2024-07-18,157,74,11618.00,""
1327,2024-07-21,309,183,56547.00,""
1327,2024-07-29,99,227,22473.00,""
1327,2024-08-06,214,126,26964.00,""
1433,2024-05-14,136,59,8024.00,""
1433,2024-05-17,58,114,6612.00,""
1433,2024-05-20,120,100,12000.00,""
1433,2024-05-22,56,43,2408.00,""
1433,2024-05-28,41,142,5822.00,""
1433,2024-05-31,134,46,6164.00,""
1433,2024-06-01,292,143,41756.00,""
1433,2024-06-02,110,139,15290.00,""
1433,2024-06-04,324,57,18468.00,""
1433,2024-06-07,157,242,37994.00,""
1433,2024-06-09,253,172,43516.00,""
1433,2024-06-14,323,97,31331.00,""
1433,2024-06-16,110,177,19470.00,""
1433,2024-06-17,313,161,50393.00,""
1433,2024-06-26,173,84,14532.00,""
1433,2024-06-28,328,113,37064.00,""
1433,2024-07-05,135,238,32130.00,""
1433,2024-07-08,269,55,14795.00,""
1433,2024-07-19,99,150,14850.00,""
1433,2024-07-25,233,84,19572.00,""
1433,2024-08-02,239,143,34177.00,""
1334,2024-05-17,184,53,9752.00,""
1334,2024-05-18,186,119,22134.00,""
1334,2024-05-19,195,41,7995.00,""
1334,2024-05-26,134,119,15946.00,""
1334,2024-05-31,63,148,9324.00,""
1334,2024-06-01,100,239,23900.00,""
1334,2024-06-03,238,196,46648.00,""
1334,2024-06-05,220,201,44220.00,""
1334,2024-06-06,238,97,23086.00,""
1334,2024-06-11,80,105,8400.00,""
1334,2024-06-14,300,236,70800.00,""
1334,2024-06-21,137,204,27948.00,""
1334,2024-06-24,105,230,24150.00,""
1334,2024-06-25,323,67,21641.00,""
1334,2024-06-26,251,173,43423.00,""
1334,2024-06-30,341,87,29667.00,""
1334,2024-07-02,231,130,30030.00,""
1334,2024-07-09,297,125,37125.00,""
1334,2024-07-10,283,158,44714.00,""
1334,2024-07-15,222,60,13320.00,""
1334,2024-07-17,89,171,15219.00,""
1334,2024-07-20,272,78,21216.00,""
1334,2024-07-22,259,207,53613.00,""
1334,2024-07-25,239,229,54731.00,""
1334,2024-07-27,233,196,45668.00,""
1334,2024-08-07,104,93,9672.00,""
1334,2024-08-08,238,174,41412.00,""
1334,2024-08-09,305,198,60390.00,""
1565,2024-05-13,46,60,2760.00,""
1565,2024-05-14,82,114,9348.00,""
1565,2024-05-16,43,23,989.00,""
1565,2024-05-19,81,99,8019.00,""
1565,2024-05-21,195,58,11310.00,""
1565,2024-05-22,184,27,4968.00,""
1565,2024-05-28,182,149,27118.00,""
1565,2024-05-29,44,83,3652.00,""
1565,2024-05-31,83,128,10624.00,""
1565,2024-06-02,116,167,19372.00,""
1565,2024-06-04,269,130,34970.00,""
1565,2024-06-09,196,183,35868.00,""
1565,2024-06-10,249,58,14442.00,""
1565,2024-06-13,263,199,52337.00,""
1274,2024-05-14,57,122,6954.00,""
1274,2024-05-15,160,145,23200.00,""
1274,2024-05-18,175,115,20125.00,""
1274,2024-05-20,138,72,9936.00,""
1274,2024-05-24,47,140,6580.00,""
1274,2024-05-26,90,50,4500.00,""
1274,2024-05-29,138,135,18630.00,""
1274,2024-05-31,138,126,17388.00,""
1274,2024-06-05,261,140,36540.00,""
1274,2024-06-06,94,198,18612.00,""
1274,2024-06-15,120,247,29640.00,""
1274,2024-06-21,232,94,21808.00,""
1274,2024-06-22,279,129,35991.00,""
1274,2024-06-26,173,167,28891.00,""
1274,2024-07-03,263,218,57334.00,""
1274,2024-07-05,219,232,50808.00,""
1274,2024-07-08,257,199,51143.00,""
1274,2024-07-13,299,98,29302.00,""
1274,2024-07-14,133,79,10507.00,""
1274,2024-07-18,309,76,23484.00,""
1274,2024-07-22,173,113,19549.00,""
1274,2024-07-23,332,203,67396.00,""
1274,2024-07-27,318,113,35934.00,""
1274,2024-07-29,348,162,56376.00,""
1274,2024-08-01,264,140,36960.00,""
1274,2024-08-12,187,173,32351.00,""
1274,2024-08-13,103,103,10609.00,""
1274,2024-08-17,153,176,26928.00,""
1274,2024-08-19,80,153,12240.00,""
1274,2024-08-27,292,205,59860.00,""
1274,2024-09-03,163,128,20864.00,""
1274,2024-09-13,288,113,32544.00,""
1274,2024-09-22,123,174,21402.00,""
1274,2024-09-27,208,66,13728.00,""
1274,2024-09-29,229,112,25648.00,""
1673,2024-05-13,156,85,13260.00,""
1673,2024-05-18,121,29,3509.00,""
1673,2024-05-22,83,122,10126.00,""
1673,2024-05-25,196,69,13524.00,""
1673,2024-06-01,280,79,22120.00,""
1673,2024-06-03,292,83,24236.00,""
1673,2024-06-05,290,64,18560.00,""
1673,2024-06-06,194,162,31428.00,""
1673,2024-06-08,301,224,67424.00,""
1673,2024-06-12,263,237,62331.00,""
1673,2024-06-15,339,130,44070.00,""
1673,2024-06-18,255,203,51765.00,""
1673,2024-06-21,247,209,51623.00,""
1673,2024-06-22,265,120,31800.00,""
1673,2024-06-23,302,108,32616.00,""
1673,2024-06-24,196,185,36260.00,""
1673,2024-06-26,165,79,13035.00,""
1272,2024-05-12,51,126,6426.00,""
1272,2024-05-17,56,133,7448.00,""
1272,2024-05-21,118,148,17464.00,""
1272,2024-05-23,170,145,24650.00,""
1272,2024-05-24,99,95,9405.00,""
1272,2024-05-25,71,145,10295.00,""
1272,2024-05-27,71,58,4118.00,""
1272,2024-06-03,207,209,43263.00,""
1272,2024-06-06,284,183,51972.00,""
1272,2024-06-18,212,217,46004.00,""
1272,2024-06-22,282,206,58092.00,""
1272,2024-06-24,349,75,26175.00,""
1272,2024-06-25,98,244,23912.00,""
1272,2024-07-04,339,74,25086.00,""
1272,2024-07-18,204,98,19992.00,""
1272,2024-07-23,124,167,20708.00,""
1272,2024-07-25,153,250,38250.00,""
1272,2024-07-26,317,148,46916.00,""
1272,2024-08-01,155,208,32240.00,""
1272,2024-08-02,299,87,26013.00,""
1272,2024-08-04,176,125,22000.00,""
1272,2024-08-13,330,150,49500.00,""
1272,2024-08-16,177,200,35400.00,""
1272,2024-08-20,127,240,30480.00,""
1272,2024-08-23,132,229,30228.00,""
1504,2024-05-09,55,53,2915.00,""
1504,2024-05-11,96,92,8832.00,""
1504,2024-05-13,87,123,10701.00,""
1504,2024-05-16,50,27,1350.00,""
1504,2024-05-21,125,85,10625.00,""
1504,2024-05-25,121,27,3267.00,""
1504,2024-05-26,185,67,12395.00,""
1504,2024-05-28,42,127,5334.00,""
1504,2024-05-29,139,136,18904.00,""
1504,2024-05-31,131,90,11790.00,""
1504,2024-06-01,172,215,36980.00,""
1504,2024-06-02,161,149,23989.00,""
1504,2024-06-03,212,58,12296.00,""
1504,2024-06-10,350,101,35350.00,""
1504,2024-06-11,302,158,47716.00,""
1504,2024-06-13,315,158,49770.00,""
1504,2024-06-14,87,161,14007.00,""
1504,2024-06-21,163,175,28525.00,""
1504,2024-06-23,199,243,48357.00,""
1504,2024-06-26,141,160,22560.00,""
1504,2024-06-27,138,214,29532.00,""
1504,2024-06-29,103,94,9682.00,""
1504,2024-06-30,265,218,57770.00,""
1504,2024-07-06,293,133,38969.00,""
1504,2024-07-08,214,235,50290.00,""
1504,2024-07-09,173,246,42558.00,""
1504,2024-07-10,165,161,26565.00,""
1504,2024-07-12,167,133,22211.00,""
1504,2024-07-18,179,57,10203.00,""
1504,2024-07-20,175,137,23975.00,""
1504,2024-07-23,331,115,38065.00,""
1504,2024-07-24,211,182,38402.00,""
1504,2024-07-25,107,65,6955.00,""
1504,2024-07-26,194,241,46754.00,""
1504,2024-07-28,221,143,31603.00,""
1504,2024-07-30,253,77,19481.00,""
1504,2024-08-14,221,105,23205.00,""
1504,2024-08-16,214,220,47080.00,""
1504,2024-08-21,199,137,27263.00,""
1504,2024-08-24,161,157,25277.00,""
1504,2024-08-27,202,191,38582.00,""
1504,2024-08-30,108,224,24192.00,""
1504,2024-09-02,297,179,53163.00,""
1504,2024-09-04,288,107,30816.00,""
1504,2024-09-06,206,89,18334.00,""
1504,2024-09-10,139,116,16124.00,""
1504,2024-09-14,102,89,9078.00,""
1265,2024-05-13,200,35,7000.00,""
1265,2024-05-17,86,35,3010.00,""
1265,2024-05-21,131,122,15982.00,""
1265,2024-05-22,168,85,14280.00,""
1265,2024-05-23,41,69,2829.00,""
1265,2024-05-29,130,101,13130.00,""
1265,2024-06-04,196,76,14896.00,""
1265,2024-06-07,92,84,7728.00,""
1265,2024-06-09,187,72,13464.00,""
1265,2024-06-17,114,123,14022.00,""
1265,2024-06-20,263,84,22092.00,""
1265,2024-06-23,227,109,24743.00,""
1265,2024-06-26,154,141,21714.00,""
1265,2024-06-28,262,224,58688.00,""
1265,2024-06-29,80,76,6080.00,""
1265,2024-06-30,162,240,38880.00,""
1265,2024-07-01,300,100,30000.00,""
1265,2024-07-10,338,180,60840.00,""
1265,2024-07-11,206,125,25750.00,""
1265,2024-07-14,212,197,41764.00,""
1265,2024-07-15,249,123,30627.00,""
1265,2024-07-16,203,225,45675.00,""
1265,2024-07-22,192,81,15552.00,""
1265,2024-07-30,302,100,30200.00,""
1265,2024-08-01,178,87,15486.00,""
1265,2024-08-03,197,104,20488.00,""
1265,2024-08-06,247,119,29393.00,""
1265,2024-08-09,97,156,15132.00,""
1265,2024-08-21,322,250,80500.00,""
1265,2024-08-24,123,100,12300.00,""
1265,2024-08-27,277,168,46536.00,""
1265,2024-08-29,83,131,10873.00,""
1265,2024-09-03,214,124,26536.00,""
1265,2024-09-05,106,198,20988.00,""
1265,2024-09-07,283,145,41035.00,""
1265,2024-09-10,117,105,12285.00,""
1265,2024-09-13,126,171,21546.00,""
1265,2024-09-18,213,76,16188.00,""
1265,2024-09-19,174,152,26448.00,""
1265,2024-09-24,163,114,18582.00,""
1449,2024-05-11,65,94,6110.00,""
1449,2024-05-12,198,70,13860.00,""
1449,2024-05-15,115,67,7705.00,""
1449,2024-05-20,169,25,4225.00,""
1449,2024-05-22,185,134,24790.00,""
1449,2024-05-25,56,135,7560.00,""
1449,2024-05-26,90,123,11070.00,""
1449,2024-05-30,145,68,9860.00,""
1449,2024-05-31,53,101,5353.00,""
1449,2024-06-09,184,95,17480.00,""
1449,2024-06-11,309,91,28119.00,""
1449,2024-06-21,180,109,19620.00,""
1449,2024-06-24,192,151,28992.00,""
1449,2024-06-27,279,113,31527.00,""
1449,2024-07-06,175,139,24325.00,""
1449,2024-07-12,124,74,9176.00,""
1449,2024-07-14,183,110,20130.00,""
1449,2024-07-15,308,224,68992.00,""
1449,2024-07-24,281,56,15736.00,""
1449,2024-07-29,142,228,32376.00,""
1449,2024-08-01,132,50,6600.00,""
1449,2024-08-03,185,54,9990.00,""
1449,2024-08-05,168,84,14112.00,""
1449,2024-08-08,178,128,22784.00,""
1449,2024-08-11,347,180,62460.00,""
1543,2024-05-14,183,127,23241.00,""
1543,2024-05-20,170,99,16830.00,""
1543,2024-05-21,92,47,4324.00,""
1543,2024-05-22,101,132,13332.00,""
1543,2024-05-27,80,30,2400.00,""
1543,2024-05-28,107,100,10700.00,""
1543,2024-05-29,189,67,12663.00,""
1543,2024-05-31,120,44,5280.00,""
1543,2024-06-01,83,250,20750.00,""
1543,2024-06-03,84,164,13776.00,""
1543,2024-06-08,342,169,57798.00,""
1543,2024-06-10,130,209,27170.00,""
1543,2024-06-15,136,249,33864.00,""
1543,2024-06-20,128,165,21120.00,""
1543,2024-06-21,238,93,22134.00,""
1543,2024-06-22,202,248,50096.00,""
1543,2024-06-27,329,96,31584.00,""
1543,2024-06-30,324,65,21060.00,""
1543,2024-07-02,206,100,20600.00,""
1543,2024-07-06,279,220,61380.00,""
1543,2024-07-10,294,201,59094.00,""
1543,2024-07-11,305,218,66490.00,""
1543,2024-07-13,114,156,17784.00,""
1543,2024-07-14,158,243,38394.00,""
1543,2024-07-16,302,221,66742.00,""
1543,2024-07-21,212,187,39644.00,""
1543,2024-07-22,185,136,25160.00,""
1543,2024-07-26,252,199,50148.00,""
1543,2024-08-06,224,80,17920.00,""
1543,2024-08-10,92,68,6256.00,""
1543,2024-08-19,338,181,61178.00,""
1543,2024-08-23,212,172,36464.00,""
1543,2024-08-25,175,105,18375.00,""
1543,2024-08-27,310,151,46810.00,""
1276,2024-05-16,93,80,7440.00,""
1276,2024-05-19,162,43,6966.00,""
1276,2024-05-20,82,54,4428.00,""
1276,2024-05-24,190,37,7030.00,""
1276,2024-05-26,165,116,19140.00,""
1276,2024-06-05,241,209,50369.00,""
1276,2024-06-06,187,91,17017.00,""
1276,2024-06-07,131,117,15327.00,""
1276,2024-06-16,93,215,19995.00,""
1276,2024-06-18,127,64,8128.00,""
1276,2024-06-20,342,85,29070.00,""
1276,2024-06-26,281,195,54795.00,""
1276,2024-06-29,189,131,24759.00,""
1276,2024-07-05,170,105,17850.00,""
1276,2024-07-11,226,154,34804.00,""
1276,2024-07-17,343,132,45276.00,""
1276,2024-07-18,82,196,16072.00,""
1276,2024-07-24,270,69,18630.00,""
1276,2024-07-26,210,143,30030.00,""
1276,2024-08-05,178,104,18512.00,""
1276,2024-08-06,266,105,27930.00,""
1276,2024-08-11,334,179,59786.00,""
1276,2024-08-13,105,116,12180.00,""
1276,2024-08-16,248,140,34720.00,""
1276,2024-08-18,98,214,20972.00,""
1276,2024-08-19,93,51,4743.00,""
1276,2024-08-21,225,148,33300.00,""
1276,2024-08-22,283,146,41318.00,""
1276,2024-08-24,194,236,45784.00,""
1276,2024-08-28,245,139,34055.00,""
1276,2024-08-29,263,98,25774.00,""
1216,2024-05-23,134,106,14204.00,""
1216,2024-05-25,92,79,7268.00,""
1216,2024-05-27,130,77,10010.00,""
1216,2024-05-28,49,131,6419.00,""
1216,2024-05-30,196,119,23324.00,""
1216,2024-06-14,328,240,78720.00,""
1216,2024-06-17,264,190,50160.00,""
1216,2024-06-24,83,224,18592.00,""
1216,2024-07-01,195,249,48555.00,""
1216,2024-07-04,208,198,41184.00,""
1216,2024-07-15,89,84,7476.00,""
1216,2024-07-17,228,140,31920.00,""
1216,2024-07-21,205,124,25420.00,""
1216,2024-07-25,152,105,15960.00,""
1216,2024-07-27,109,141,15369.00,""
1216,2024-07-28,252,171,43092.00,""
1216,2024-08-01,227,149,33823.00,""
1216,2024-08-06,327,140,45780.00,""
1216,2024-08-07,339,81,27459.00,""
1571,2024-05-11,118,103,12154.00,""
1571,2024-05-14,162,108,17496.00,""
1571,2024-05-15,160,105,16800.00,""
1571,2024-05-17,192,39,7488.00,""
1571,2024-05-21,187,109,20383.00,""
1571,2024-05-24,177,115,20355.00,""
1571,2024-05-25,64,88,5632.00,""
1571,2024-05-29,148,150,22200.00,""
1571,2024-05-30,143,86,12298.00,""
1571,2024-06-02,149,159,23691.00,""
1571,2024-06-06,222,68,15096.00,""
1571,2024-06-13,196,241,47236.00,""
1571,2024-06-17,206,228,46968.00,""
1571,2024-06-18,230,137,31510.00,""
1571,2024-06-23,132,153,20196.00,""
1571,2024-07-10,91,244,22204.00,""
1571,2024-07-14,314,54,16956.00,""
1571,2024-07-15,160,82,13120.00,""
1571,2024-07-20,180,91,16380.00,""
1571,2024-07-30,209,218,45562.00,""
1571,2024-07-31,170,160,27200.00,""
1571,2024-08-07,264,228,60192.00,""
1571,2024-08-10,342,54,18468.00,""
1571,2024-08-13,315,143,45045.00,""
1571,2024-08-18,234,170,39780.00,""
1571,2024-08-25,222,80,17760.00,""
1571,2024-08-26,244,99,24156.00,""
1571,2024-08-28,194,104,20176.00,""
1571,2024-08-29,157,235,36895.00,""
1571,2024-08-30,99,242,23958.00,""
1571,2024-09-02,152,137,20824.00,""
1571,2024-09-06,205,125,25625.00,""
1571,2024-09-07,266,61,16226.00,""
1571,2024-09-09,285,164,46740.00,""
1571,2024-09-10,218,76,16568.00,""
1481,2024-05-16,166,121,20086.00,""
1481,2024-05-20,193,43,8299.00,""
1481,2024-05-23,115,116,13340.00,""
1481,2024-05-24,189,21,3969.00,""
1481,2024-05-25,164,35,5740.00,""
1481,2024-05-31,67,87,5829.00,""
1481,2024-06-02,188,130,24440.00,""
1481,2024-06-07,313,228,71364.00,""
1481,2024-06-08,106,151,16006.00,""
1481,2024-06-09,203,222,45066.00,""
1481,2024-06-11,310,181,56110.00,""
1481,2024-06-12,335,146,48910.00,""
1481,2024-06-21,285,194,55290.00,""
1481,2024-06-22,327,75,24525.00,""
1481,2024-06-25,174,144,25056.00,""
1481,2024-07-02,83,72,5976.00,""
1481,2024-07-08,210,182,38220.00,""
1481,2024-07-10,330,201,66330.00,""
1481,2024-07-12,121,132,15972.00,""
1481,2024-07-17,181,181,32761.00,""
1481,2024-07-23,226,195,44070.00,""
1481,2024-07-27,195,212,41340.00,""
1481,2024-07-31,173,232,40136.00,""
1481,2024-08-01,327,56,18312.00,""
1481,2024-08-05,285,170,48450.00,""
1481,2024-08-14,281,94,26414.00,""
1481,2024-08-15,147,221,32487.00,""
1481,2024-08-16,215,137,29455.00,""
1481,2024-08-18,258,133,34314.00,""
1481,2024-09-09,167,192,32064.00,""
1481,2024-09-15,225,105,23625.00,""
1481,2024-09-19,291,88,25608.00,""
1481,2024-09-27,176,181,31856.00,""
1481,2024-09-29,132,196,25872.00,""
1634,2024-05-14,177,52,9204.00,""
1634,2024-05-16,174,117,20358.00,""
1634,2024-05-18,174,71,12354.00,""
1634,2024-05-20,105,89,9345.00,""
1634,2024-05-22,79,67,5293.00,""
1634,2024-05-25,63,89,5607.00,""
1634,2024-05-27,143,100,14300.00,""
1634,2024-05-31,135,81,10935.00,""
1634,2024-06-01,139,142,19738.00,""
1634,2024-06-04,208,58,12064.00,""
1634,2024-06-05,223,95,21185.00,""
1634,2024-06-13,140,215,30100.00,""
1634,2024-06-17,176,60,10560.00,""
1634,2024-06-23,158,242,38236.00,""
1634,2024-07-17,206,78,16068.00,""
1634,2024-07-18,347,115,39905.00,""
1634,2024-07-23,176,248,43648.00,""
1634,2024-07-26,309,223,68907.00,""
1634,2024-07-28,141,128,18048.00,""
1634,2024-07-29,201,51,10251.00,""
1206,2024-05-12,136,105,14280.00,""
1206,2024-05-17,150,42,6300.00,""
1206,2024-05-19,114,68,7752.00,""
1206,2024-05-20,62,28,1736.00,""
1206,2024-05-21,140,114,15960.00,""
1206,2024-05-25,117,130,15210.00,""
1206,2024-05-27,118,62,7316.00,""
1206,2024-05-28,194,71,13774.00,""
1206,2024-05-29,159,145,23055.00,""
1206,2024-05-30,106,117,12402.00,""
1206,2024-05-31,134,108,14472.00,""
1206,2024-06-04,224,248,55552.00,""
1206,2024-06-10,160,242,38720.00,""
1206,2024-06-13,139,238,33082.00,""
1206,2024-06-17,167,149,24883.00,""
1206,2024-06-19,112,182,20384.00,""
1206,2024-06-25,140,183,25620.00,""
1206,2024-06-26,277,139,38503.00,""
1206,2024-07-02,311,148,46028.00,""
1206,2024-07-05,262,161,42182.00,""
1206,2024-07-06,234,72,16848.00,""
1206,2024-07-08,202,202,40804.00,""
1206,2024-07-10,208,113,23504.00,""
1206,2024-07-11,180,61,10980.00,""
1206,2024-07-12,323,57,18411.00,""
1206,2024-07-13,208,54,11232.00,""
1206,2024-07-15,132,67,8844.00,""
1206,2024-07-18,251,87,21837.00,""
1206,2024-07-20,106,216,22896.00,""
1206,2024-07-25,281,246,69126.00,""
1206,2024-07-26,296,240,71040.00,""
1206,2024-07-27,208,132,27456.00,""
1206,2024-08-02,114,188,21432.00,""
1206,2024-08-07,274,212,58088.00,""
1206,2024-08-22,350,169,59150.00,""
1472,2024-05-19,87,149,12963.00,""
1472,2024-05-22,200,87,17400.00,""
1472,2024-05-25,158,27,4266.00,""
1472,2024-05-27,105,43,4515.00,""
1472,2024-06-03,100,222,22200.00,""
1472,2024-06-06,100,127,12700.00,""
1472,2024-06-08,309,71,21939.00,""
1472,2024-06-12,266,87,23142.00,""
1472,2024-06-13,329,199,65471.00,""
1472,2024-06-16,225,167,37575.00,""
1472,2024-06-26,209,242,50578.00,""
1472,2024-06-28,348,172,59856.00,""
1472,2024-06-29,347,151,52397.00,""
1472,2024-07-03,142,142,20164.00,""
1472,2024-07-10,292,60,17520.00,""
1472,2024-07-11,138,108,14904.00,""
1472,2024-07-13,346,156,53976.00,""
1472,2024-07-16,319,86,27434.00,""
1472,2024-07-19,235,128,30080.00,""
1472,2024-07-25,211,67,14137.00,""
1472,2024-07-30,233,64,14912.00,""
1472,2024-08-12,346,229,79234.00,""
1472,2024-08-16,204,221,45084.00,""
1472,2024-08-19,147,53,7791.00,""
1472,2024-08-21,112,113,12656.00,""
1472,2024-08-23,250,198,49500.00,""
1472,2024-09-05,226,76,17176.00,""
1472,2024-09-09,127,108,13716.00,""
1472,2024-09-11,166,135,22410.00,""
1472,2024-09-14,277,142,39334.00,""
1472,2024-09-18,160,108,17280.00,""
1472,2024-09-22,207,156,32292.00,""
1333,2024-05-10,67,95,6365.00,""
1333,2024-05-11,129,147,18963.00,""
1333,2024-05-12,96,137,13152.00,""
1333,2024-05-14,55,78,4290.00,""
1333,2024-05-23,180,90,16200.00,""
1333,2024-05-24,59,57,3363.00,""
1333,2024-06-03,93,61,5673.00,""
1333,2024-06-08,121,124,15004.00,""
1333,2024-06-09,102,176,17952.00,""
1333,2024-06-13,116,90,10440.00,""
1357,2024-05-09,108,96,10368.00,""
1357,2024-05-27,88,137,12056.00,""
1357,2024-05-29,145,71,10295.00,""
1357,2024-06-01,237,245,58065.00,""
1357,2024-06-03,171,148,25308.00,""
1357,2024-06-05,271,53,14363.00,""
1357,2024-06-09,204,136,27744.00,""
1357,2024-06-10,316,166,52456.00,""
1357,2024-06-17,327,85,27795.00,""
1557,2024-05-19,49,85,4165.00,""
1557,2024-05-20,75,60,4500.00,""
1557,2024-05-30,196,54,10584.00,""
1557,2024-06-04,147,176,25872.00,""
1557,2024-06-14,204,203,41412.00,""
1557,2024-06-15,280,245,68600.00,""
1557,2024-06-17,152,64,9728.00,""
1557,2024-06-21,165,208,34320.00,""
1557,2024-06-22,203,180,36540.00,""
1557,2024-06-23,194,248,48112.00,""
1557,2024-06-26,277,172,47644.00,""
1557,2024-06-28,338,64,21632.00,""
1557,2024-07-07,107,55,5885.00,""
1557,2024-07-16,287,83,23821.00,""
1557,2024-07-18,350,140,49000.00,""
1557,2024-07-23,222,179,39738.00,""
1557,2024-07-25,162,96,15552.00,""
1557,2024-07-26,154,184,28336.00,""
1557,2024-08-01,293,107,31351.00,""
1557,2024-08-04,139,204,28356.00,""
1557,2024-08-08,193,248,47864.00,""
1557,2024-08-10,289,172,49708.00,""
1557,2024-08-15,197,174,34278.00,""
1557,2024-08-17,119,185,22015.00,""
1527,2024-05-16,131,46,6026.00,""
1527,2024-05-17,184,26,4784.00,""
1527,2024-05-18,178,137,24386.00,""
1527,2024-05-23,168,91,15288.00,""
1527,2024-05-28,88,65,5720.00,""
1527,2024-06-04,206,215,44290.00,""
1527,2024-06-08,183,220,40260.00,""
1527,2024-06-11,296,58,17168.00,""
1527,2024-06-13,345,96,33120.00,""
1527,2024-06-16,346,88,30448.00,""
1527,2024-06-17,312,110,34320.00,""
1527,2024-06-20,287,220,63140.00,""
1527,2024-06-22,319,125,39875.00,""
1527,2024-06-23,136,169,22984.00,""
1527,2024-06-25,184,94,17296.00,""
1527,2024-06-26,155,59,9145.00,""
1527,2024-06-27,267,246,65682.00,""
1527,2024-06-29,125,135,16875.00,""
1527,2024-07-01,265,187,49555.00,""
1527,2024-07-02,142,124,17608.00,""
1527,2024-07-08,179,186,33294.00,""
1527,2024-07-13,346,97,33562.00,""
1527,2024-07-16,115,200,23000.00,""
1527,2024-07-17,312,203,63336.00,""
1527,2024-07-22,332,63,20916.00,""
1527,2024-07-25,279,221,61659.00,""
1527,2024-07-26,89,187,16643.00,""
1527,2024-08-03,251,84,21084.00,""
1527,2024-08-09,150,153,22950.00,""
1527,2024-08-11,120,159,19080.00,""
1527,2024-08-12,113,196,22148.00,""
1527,2024-08-14,114,58,6612.00,""
1527,2024-08-16,303,202,61206.00,""
1527,2024-08-18,216,147,31752.00,""
1527,2024-08-19,165,102,16830.00,""
1527,2024-08-20,185,104,19240.00,""
1527,2024-08-21,194,220,42680.00,""
1527,2024-08-31,350,120,42000.00,""
1527,2024-09-01,267,142,37914.00,""
1527,2024-09-03,262,138,36156.00,""
1527,2024-09-07,215,132,28380.00,""
1527,2024-09-14,279,107,29853.00,""
1527,2024-09-15,272,150,40800.00,""
1486,2024-05-08,163,118,19234.00,""
1486,2024-05-12,118,109,12862.00,""
1486,2024-05-13,87,135,11745.00,""
1486,2024-05-15,122,100,12200.00,""
1486,2024-05-19,137,128,17536.00,""
1486,2024-05-22,61,121,7381.00,""
1486,2024-05-24,43,48,2064.00,""
1486,2024-05-25,79,99,7821.00,""
1486,2024-05-30,69,135,9315.00,""
1486,2024-05-31,87,83,7221.00,""
1486,2024-06-02,107,179,19153.00,""
1486,2024-06-04,250,180,45000.00,""
1486,2024-06-10,181,224,40544.00,""
1486,2024-06-11,265,103,27295.00,""
1486,2024-06-21,262,186,48732.00,""
1486,2024-06-24,178,73,12994.00,""
1486,2024-06-25,229,120,27480.00,""
1486,2024-06-26,322,239,76958.00,""
1486,2024-06-27,283,178,50374.00,""
1486,2024-06-28,232,115,26680.00,""
1486,2024-07-04,316,84,26544.00,""
1486,2024-07-10,217,172,37324.00,""
1486,2024-07-12,124,103,12772.00,""
1486,2024-07-13,341,222,75702.00,""
1486,2024-07-14,316,80,25280.00,""
1486,2024-07-25,294,155,45570.00,""
1486,2024-07-29,240,58,13920.00,""
1486,2024-07-30,150,154,23100.00,""
1486,2024-07-31,314,203,63742.00,""
1486,2024-08-01,141,225,31725.00,""
1486,2024-08-02,88,226,19888.00,""
1486,2024-08-05,304,177,53808.00,""
1486,2024-08-07,133,83,11039.00,""
1486,2024-08-10,327,143,46761.00,""
1486,2024-08-11,166,93,15438.00,""
1486,2024-08-17,324,124,40176.00,""
1486,2024-08-22,344,157,54008.00,""
1245,2024-05-13,88,64,5632.00,""
1245,2024-05-17,102,127,12954.00,""
1245,2024-05-18,86,150,12900.00,""
1245,2024-05-19,65,99,6435.00,""
1245,2024-05-22,87,35,3045.00,""
1245,2024-05-23,109,84,9156.00,""
1245,2024-05-24,90,84,7560.00,""
1245,2024-05-25,73,42,3066.00,""
1245,2024-05-26,81,102,8262.00,""
1245,2024-05-30,100,29,2900.00,""
1245,2024-06-09,287,107,30709.00,""
1245,2024-06-11,171,240,41040.00,""
1245,2024-06-12,200,206,41200.00,""
1245,2024-06-19,135,125,16875.00,""
1245,2024-06-21,322,223,71806.00,""
1245,2024-06-23,87,105,9135.00,""
1245,2024-06-28,134,114,15276.00,""
1245,2024-07-02,115,150,17250.00,""
1245,2024-07-04,118,67,7906.00,""
1245,2024-07-11,343,201,68943.00,""
1436,2024-05-11,176,87,15312.00,""
1436,2024-05-14,163,52,8476.00,""
1436,2024-05-19,159,29,4611.00,""
1436,2024-05-25,165,32,5280.00,""
1436,2024-05-26,114,43,4902.00,""
1436,2024-05-27,50,62,3100.00,""
1436,2024-05-31,155,76,11780.00,""
1436,2024-06-07,341,217,73997.00,""
1436,2024-06-13,292,96,28032.00,""
1436,2024-06-22,211,134,28274.00,""
1436,2024-06-23,332,216,71712.00,""
1436,2024-06-26,172,155,26660.00,""
1436,2024-07-04,134,197,26398.00,""
1436,2024-07-11,309,120,37080.00,""
1436,2024-07-14,122,68,8296.00,""
1436,2024-07-21,349,63,21987.00,""
1436,2024-07-26,337,160,53920.00,""
1436,2024-08-02,309,71,21939.00,""
1436,2024-08-04,82,68,5576.00,""
1436,2024-08-05,300,223,66900.00,""
1436,2024-08-07,244,165,40260.00,""
1436,2024-08-12,254,229,58166.00,""
1436,2024-08-13,207,90,18630.00,""
1436,2024-08-14,288,63,18144.00,""
1436,2024-08-29,148,202,29896.00,""
1480,2024-05-16,48,29,1392.00,""
1480,2024-05-17,72,136,9792.00,""
1480,2024-05-23,200,53,10600.00,""
1480,2024-05-28,195,150,29250.00,""
1480,2024-06-06,312,112,34944.00,""
1480,2024-06-16,319,151,48169.00,""
1480,2024-06-24,264,210,55440.00,""
1480,2024-06-26,283,204,57732.00,""
1480,2024-07-02,137,225,30825.00,""
1480,2024-07-09,148,51,7548.00,""
1480,2024-07-12,84,128,10752.00,""
1480,2024-07-16,319,128,40832.00,""
1480,2024-07-21,297,83,24651.00,""
1480,2024-07-23,250,164,41000.00,""
1480,2024-07-24,180,186,33480.00,""
1480,2024-08-01,346,171,59166.00,""
1480,2024-08-04,291,197,57327.00,""
1480,2024-08-06,288,154,44352.00,""
1480,2024-08-07,319,95,30305.00,""
1480,2024-08-09,310,220,68200.00,""
1377,2024-05-09,167,78,13026.00,""
1377,2024-05-10,73,88,6424.00,""
1377,2024-05-11,145,36,5220.00,""
1377,2024-05-12,148,105,15540.00,""
1377,2024-05-14,120,45,5400.00,""
1377,2024-05-16,111,139,15429.00,""
1377,2024-05-20,43,58,2494.00,""
1377,2024-05-26,82,96,7872.00,""
1377,2024-05-27,40,115,4600.00,""
1377,2024-05-29,63,119,7497.00,""
1377,2024-05-31,153,150,22950.00,""
1377,2024-06-02,174,239,41586.00,""
1377,2024-06-03,172,221,38012.00,""
1377,2024-06-07,317,185,58645.00,""
1377,2024-06-20,277,109,30193.00,""
1377,2024-06-24,94,154,14476.00,""
1377,2024-06-28,175,192,33600.00,""
1377,2024-07-03,285,87,24795.00,""
1377,2024-07-16,302,248,74896.00,""
1377,2024-07-20,205,74,15170.00,""
1377,2024-07-26,316,190,60040.00,""
1377,2024-07-27,207,180,37260.00,""
1377,2024-07-29,246,147,36162.00,""
1377,2024-08-01,187,215,40205.00,""
1377,2024-08-02,211,179,37769.00,""
1377,2024-08-04,170,78,13260.00,""
1377,2024-08-06,148,96,14208.00,""
1377,2024-08-08,181,69,12489.00,""
1377,2024-08-17,215,152,32680.00,""
1377,2024-08-19,292,89,25988.00,""
1377,2024-08-23,297,67,19899.00,""
1377,2024-08-29,149,190,28310.00,""
1377,2024-09-01,223,113,25199.00,""
1377,2024-09-03,150,104,15600.00,""
1377,2024-09-05,270,95,25650.00,""
1377,2024-09-10,113,66,7458.00,""
1377,2024-09-14,254,104,26416.00,""
1377,2024-09-20,169,72,12168.00,""
1377,2024-09-22,294,146,42924.00,""
1377,2024-09-24,167,181,30227.00,""
1310,2024-05-13,173,149,25777.00,""
1310,2024-05-17,180,120,21600.00,""
1310,2024-05-18,164,120,19680.00,""
1310,2024-05-22,88,133,11704.00,""
1310,2024-05-23,82,24,1968.00,""
1310,2024-05-26,44,28,1232.00,""
1310,2024-05-28,134,148,19832.00,""
1310,2024-05-31,131,64,8384.00,""
1310,2024-06-02,154,52,8008.00,""
1310,2024-06-03,114,73,8322.00,""
1310,2024-06-08,286,118,33748.00,""
1310,2024-06-11,89,147,13083.00,""
1310,2024-06-13,84,77,6468.00,""
1310,2024-06-14,137,71,9727.00,""
1310,2024-06-28,242,201,48642.00,""
1310,2024-06-30,248,137,33976.00,""
1310,2024-07-02,349,138,48162.00,""
1310,2024-07-04,257,204,52428.00,""
1310,2024-07-07,216,90,19440.00,""
1310,2024-07-09,148,138,20424.00,""
1310,2024-07-18,228,52,11856.00,""
1310,2024-07-19,283,129,36507.00,""
1310,2024-07-21,340,55,18700.00,""
1310,2024-08-01,149,137,20413.00,""
1310,2024-08-03,235,94,22090.00,""
1310,2024-08-05,142,211,29962.00,""
1310,2024-08-08,216,242,52272.00,""
1310,2024-08-15,295,160,47200.00,""
1310,2024-08-16,338,89,30082.00,""
1310,2024-08-17,231,138,31878.00,""
1310,2024-08-25,137,61,8357.00,""
1310,2024-08-26,146,82,11972.00,""
1310,2024-08-29,295,245,72275.00,""
1310,2024-08-31,80,58,4640.00,""
1310,2024-09-01,292,69,20148.00,""
1364,2024-05-15,162,148,23976.00,""
1364,2024-05-20,66,82,5412.00,""
1364,2024-05-23,191,146,27886.00,""
1364,2024-05-24,105,64,6720.00,""
1364,2024-05-25,106,90,9540.00,""
1364,2024-05-27,178,138,24564.00,""
1364,2024-05-31,163,116,18908.00,""
1364,2024-06-01,335,74,24790.00,""
1364,2024-06-07,104,97,10088.00,""
1364,2024-06-13,255,86,21930.00,""
1364,2024-06-15,141,170,23970.00,""
1364,2024-06-16,310,198,61380.00,""
1364,2024-06-21,179,83,14857.00,""
1364,2024-06-24,107,97,10379.00,""
1364,2024-06-26,253,230,58190.00,""
1364,2024-06-29,304,77,23408.00,""
1364,2024-06-30,151,154,23254.00,""
1364,2024-07-01,236,127,29972.00,""
1364,2024-07-04,110,139,15290.00,""
1364,2024-07-12,344,246,84624.00,""
1364,2024-07-15,303,96,29088.00,""
1364,2024-07-21,281,149,41869.00,""
1364,2024-07-27,253,50,12650.00,""
1364,2024-07-28,277,130,36010.00,""
1213,2024-05-17,64,77,4928.00,""
1213,2024-05-22,59,37,2183.00,""
1213,2024-05-24,48,132,6336.00,""
1213,2024-05-31,44,74,3256.00,""
1213,2024-06-03,164,66,10824.00,""
1213,2024-06-06,239,147,35133.00,""
1213,2024-06-07,240,98,23520.00,""
1213,2024-06-10,265,201,53265.00,""
1213,2024-06-13,131,118,15458.00,""
1213,2024-06-15,162,211,34182.00,""
1213,2024-06-25,276,168,46368.00,""
1213,2024-06-26,99,147,14553.00,""
1213,2024-06-29,148,159,23532.00,""
1213,2024-06-30,145,118,17110.00,""
1220,2024-05-16,96,42,4032.00,""
1220,2024-05-17,124,71,8804.00,""
1220,2024-05-18,197,88,17336.00,""
1220,2024-05-20,194,120,23280.00,""
1220,2024-05-22,50,43,2150.00,""
1220,2024-05-24,62,90,5580.00,""
1220,2024-06-01,111,152,16872.00,""
1220,2024-06-02,256,212,54272.00,""
1220,2024-06-09,325,220,71500.00,""
1220,2024-07-03,294,120,35280.00,""
1220,2024-07-07,125,182,22750.00,""
1220,2024-07-15,106,126,13356.00,""
1220,2024-07-16,214,240,51360.00,""
1220,2024-07-17,325,207,67275.00,""
1220,2024-07-22,86,164,14104.00,""
1220,2024-07-23,180,141,25380.00,""
1220,2024-08-14,311,164,51004.00,""
1220,2024-08-19,193,63,12159.00,""
1220,2024-08-28,250,207,51750.00,""
1220,2024-08-31,192,97,18624.00,""
1220,2024-09-04,105,120,12600.00,""
1595,2024-05-13,178,32,5696.00,""
1595,2024-05-14,176,57,10032.00,""
1595,2024-05-15,162,109,17658.00,""
1595,2024-05-16,103,133,13699.00,""
1595,2024-05-19,160,63,10080.00,""
1595,2024-05-22,77,65,5005.00,""
1595,2024-05-25,141,74,10434.00,""
1595,2024-05-31,57,30,1710.00,""
1595,2024-06-02,97,102,9894.00,""
1595,2024-06-04,139,207,28773.00,""
1595,2024-06-05,207,87,18009.00,""
1595,2024-06-07,266,89,23674.00,""
1595,2024-06-10,346,174,60204.00,""
1320,2024-05-17,86,108,9288.00,""
1320,2024-05-20,105,128,13440.00,""
1320,2024-05-21,101,43,4343.00,""
1320,2024-05-24,61,124,7564.00,""
1320,2024-05-26,99,40,3960.00,""
1320,2024-05-28,190,141,26790.00,""
1320,2024-05-29,149,62,9238.00,""
1320,2024-06-03,211,191,40301.00,""
1320,2024-06-04,210,156,32760.00,""
1320,2024-06-17,281,97,27257.00,""
1320,2024-06-19,87,232,20184.00,""
1320,2024-06-24,292,112,32704.00,""
1320,2024-06-25,197,60,11820.00,""
1534,2024-05-14,87,44,3828.00,""
1534,2024-05-15,79,29,2291.00,""
1534,2024-05-20,173,148,25604.00,""
1534,2024-05-24,167,33,5511.00,""
1534,2024-05-28,57,128,7296.00,""
1534,2024-05-30,138,42,5796.00,""
1534,2024-06-01,251,203,50953.00,""
1534,2024-06-11,240,87,20880.00,""
1534,2024-06-12,115,195,22425.00,""
1534,2024-06-18,236,210,49560.00,""
1534,2024-06-20,209,162,33858.00,""
1534,2024-06-25,94,228,21432.00,""
1534,2024-06-27,142,82,11644.00,""
1534,2024-06-29,144,79,11376.00,""
1534,2024-07-14,222,130,28860.00,""
1534,2024-07-18,305,216,65880.00,""
1534,2024-07-21,162,236,38232.00,""
1534,2024-07-22,317,210,66570.00,""
1534,2024-07-30,109,54,5886.00,""
1534,2024-08-01,133,144,19152.00,""
1534,2024-08-03,224,60,13440.00,""
1534,2024-08-09,176,105,18480.00,""
1495,2024-05-18,88,58,5104.00,""
1495,2024-05-23,105,48,5040.00,""
1495,2024-05-24,55,21,1155.00,""
1495,2024-05-29,196,61,11956.00,""
1495,2024-05-31,90,31,2790.00,""
1495,2024-06-02,271,140,37940.00,""
1495,2024-06-10,83,241,20003.00,""
1495,2024-06-13,225,88,19800.00,""
1244,2024-05-09,57,72,4104.00,""
1244,2024-05-10,118,20,2360.00,""
1244,2024-05-12,149,116,17284.00,""
1244,2024-05-13,51,105,5355.00,""
1244,2024-05-14,128,105,13440.00,""
1244,2024-05-18,64,143,9152.00,""
1244,2024-05-19,154,48,7392.00,""
1244,2024-05-20,111,45,4995.00,""
1244,2024-05-22,157,149,23393.00,""
1244,2024-05-24,149,93,13857.00,""
1244,2024-05-25,46,109,5014.00,""
1244,2024-05-28,148,108,15984.00,""
1244,2024-06-04,108,83,8964.00,""
1244,2024-06-14,122,116,14152.00,""
1244,2024-06-15,136,88,11968.00,""
1244,2024-06-16,198,58,11484.00,""
1244,2024-06-17,258,234,60372.00,""
1244,2024-06-19,350,199,69650.00,""
1675,2024-05-19,157,92,14444.00,""
1675,2024-05-20,81,74,5994.00,""
1675,2024-05-23,131,134,17554.00,""
1675,2024-05-24,124,144,17856.00,""
1675,2024-05-26,114,30,3420.00,""
1675,2024-05-27,73,145,10585.00,""
1675,2024-05-28,77,101,7777.00,""
1675,2024-05-29,65,84,5460.00,""
1675,2024-05-30,92,50,4600.00,""
1675,2024-06-01,292,144,42048.00,""
1675,2024-06-03,207,179,37053.00,""
1675,2024-06-04,277,129,35733.00,""
1675,2024-06-09,334,207,69138.00,""
1675,2024-06-10,268,62,16616.00,""
1675,2024-06-16,86,141,12126.00,""
1675,2024-06-21,191,140,26740.00,""
1675,2024-06-23,256,222,56832.00,""
1675,2024-06-27,229,51,11679.00,""
1675,2024-06-29,288,181,52128.00,""
1675,2024-07-01,104,224,23296.00,""
1675,2024-07-02,116,162,18792.00,""
1675,2024-07-07,87,99,8613.00,""
1675,2024-07-09,225,194,43650.00,""
1564,2024-05-11,49,117,5733.00,""
1564,2024-05-17,187,107,20009.00,""
1564,2024-05-20,47,44,2068.00,""
1564,2024-05-26,131,60,7860.00,""
1564,2024-05-31,90,142,12780.00,""
1564,2024-06-02,327,155,50685.00,""
1564,2024-06-06,205,141,28905.00,""
1564,2024-06-17,95,225,21375.00,""
1564,2024-06-18,219,238,52122.00,""
1564,2024-06-19,82,221,18122.00,""
1564,2024-06-20,342,187,63954.00,""
1564,2024-06-29,331,249,82419.00,""
1564,2024-07-12,321,155,49755.00,""
1564,2024-07-20,179,165,29535.00,""
1564,2024-07-21,260,200,52000.00,""
1564,2024-08-03,230,133,30590.00,""
1564,2024-08-04,105,95,9975.00,""
1564,2024-08-06,178,122,21716.00,""
1564,2024-08-16,307,118,36226.00,""
1564,2024-08-24,340,169,57460.00,""
1564,2024-08-26,151,119,17969.00,""
1564,2024-08-27,187,134,25058.00,""
1564,2024-09-05,100,199,19900.00,""
1564,2024-09-10,278,162,45036.00,""
1564,2024-09-11,105,98,10290.00,""
1564,2024-09-17,188,120,22560.00,""
1564,2024-09-19,285,77,21945.00,""
1564,2024-09-20,135,111,14985.00,""
1564,2024-09-23,292,148,43216.00,""
1791,2024-05-16,77,23,1771.00,""
1791,2024-05-19,132,47,6204.00,""
1791,2024-05-22,156,97,15132.00,""
1791,2024-05-24,78,149,11622.00,""
1791,2024-05-27,110,72,7920.00,""
1791,2024-05-30,143,88,12584.00,""
1791,2024-06-04,326,84,27384.00,""
1791,2024-06-10,328,151,49528.00,""
1791,2024-06-25,161,168,27048.00,""
1791,2024-07-02,270,150,40500.00,""
1791,2024-07-03,187,114,21318.00,""
1791,2024-07-05,336,63,21168.00,""
1791,2024-07-10,242,235,56870.00,""
1791,2024-07-13,242,221,53482.00,""
1791,2024-07-15,119,189,22491.00,""
1791,2024-07-17,117,80,9360.00,""
1791,2024-07-23,312,160,49920.00,""
1791,2024-07-25,214,119,25466.00,""
1791,2024-07-30,244,114,27816.00,""
1791,2024-07-31,154,202,31108.00,""
1791,2024-08-03,336,184,61824.00,""
1791,2024-08-09,291,120,34920.00,""
1791,2024-08-12,255,130,33150.00,""
1791,2024-08-13,265,216,57240.00,""
1791,2024-08-17,282,68,19176.00,""
1791,2024-08-19,143,54,7722.00,""
1791,2024-08-20,239,179,42781.00,""
1791,2024-08-28,327,212,69324.00,""
1791,2024-09-11,262,147,38514.00,""
1791,2024-09-15,259,189,48951.00,""
1791,2024-09-23,157,109,17113.00,""
1773,2024-05-16,200,27,5400.00,""
1773,2024-05-24,179,56,10024.00,""
1773,2024-06-01,215,231,49665.00,""
1773,2024-06-04,290,219,63510.00,""
1773,2024-06-09,192,228,43776.00,""
1773,2024-06-12,88,108,9504.00,""
1773,2024-06-17,233,213,49629.00,""
1773,2024-06-18,105,124,13020.00,""
1773,2024-06-20,202,186,37572.00,""
1773,2024-06-23,105,221,23205.00,""
1773,2024-07-04,171,166,28386.00,""
1773,2024-07-09,137,239,32743.00,""
1773,2024-07-13,225,67,15075.00,""
1773,2024-07-16,148,104,15392.00,""
1773,2024-07-21,345,164,56580.00,""
1773,2024-07-24,90,76,6840.00,""
1773,2024-07-31,172,133,22876.00,""
1773,2024-08-03,311,193,60023.00,""
1773,2024-08-08,100,114,11400.00,""
1773,2024-08-09,299,240,71760.00,""
1773,2024-08-10,247,147,36309.00,""
1773,2024-08-12,81,188,15228.00,""
1773,2024-08-14,241,145,34945.00,""
1773,2024-08-19,280,90,25200.00,""
1773,2024-08-20,187,154,28798.00,""
1773,2024-08-21,319,103,32857.00,""
1773,2024-08-22,277,239,66203.00,""
1773,2024-08-26,288,158,45504.00,""
1773,2024-08-28,301,60,18060.00,""
1666,2024-05-16,156,140,21840.00,""
1666,2024-05-20,121,73,8833.00,""
1666,2024-05-21,156,62,9672.00,""
1666,2024-05-22,120,72,8640.00,""
1666,2024-05-25,133,106,14098.00,""
1666,2024-05-26,184,111,20424.00,""
1666,2024-05-30,140,123,17220.00,""
1666,2024-06-13,176,111,19536.00,""
1666,2024-06-21,203,205,41615.00,""
1646,2024-05-19,169,90,15210.00,""
1646,2024-05-20,69,113,7797.00,""
1646,2024-05-25,102,143,14586.00,""
1646,2024-05-28,92,91,8372.00,""
1646,2024-05-29,93,30,2790.00,""
1646,2024-06-02,172,79,13588.00,""
1562,2024-05-11,56,133,7448.00,""
1562,2024-05-15,74,29,2146.00,""
1562,2024-05-16,150,30,4500.00,""
1562,2024-05-18,133,147,19551.00,""
1562,2024-05-21,112,60,6720.00,""
1562,2024-05-23,127,100,12700.00,""
1562,2024-05-27,169,143,24167.00,""
1562,2024-05-28,129,75,9675.00,""
1562,2024-05-29,149,43,6407.00,""
1562,2024-06-07,150,156,23400.00,""
1562,2024-06-08,283,133,37639.00,""
1562,2024-06-11,119,225,26775.00,""
1562,2024-06-12,181,161,29141.00,""
1562,2024-06-14,232,220,51040.00,""
1562,2024-06-17,291,114,33174.00,""
1562,2024-06-18,342,228,77976.00,""
1562,2024-06-22,289,210,60690.00,""
1562,2024-06-29,255,216,55080.00,""
1562,2024-07-02,259,245,63455.00,""
1562,2024-07-03,185,88,16280.00,""
1562,2024-07-12,317,242,76714.00,""
1562,2024-07-16,309,122,37698.00,""
1562,2024-07-19,338,88,29744.00,""
1562,2024-07-20,160,76,12160.00,""
1562,2024-07-24,207,155,32085.00,""
1562,2024-07-29,95,160,15200.00,""
1562,2024-08-01,157,113,17741.00,""
1562,2024-08-03,188,213,40044.00,""
1562,2024-08-04,225,193,43425.00,""
1562,2024-08-07,249,58,14442.00,""
1562,2024-08-11,315,81,25515.00,""
1562,2024-08-13,138,55,7590.00,""
1562,2024-08-16,308,86,26488.00,""
1562,2024-08-21,150,84,12600.00,""
1562,2024-08-26,180,190,34200.00,""
1562,2024-08-31,262,180,47160.00,""
1562,2024-09-03,183,193,35319.00,""
1562,2024-09-04,264,74,19536.00,""
1562,2024-09-06,222,64,14208.00,""
1562,2024-09-08,295,149,43955.00,""
1562,2024-09-09,250,113,28250.00,""
1562,2024-09-12,282,70,19740.00,""
1562,2024-09-16,178,119,21182.00,""
1562,2024-09-18,120,165,19800.00,""
1562,2024-09-21,267,108,28836.00,""
1313,2024-05-17,41,100,4100.00,""
1313,2024-05-20,80,72,5760.00,""
1313,2024-05-25,175,126,22050.00,""
1313,2024-05-30,61,93,5673.00,""
1313,2024-06-04,321,113,36273.00,""
1313,2024-06-11,277,87,24099.00,""
1313,2024-06-12,128,104,13312.00,""
1313,2024-06-22,154,133,20482.00,""
1313,2024-06-23,230,87,20010.00,""
1313,2024-06-24,126,88,11088.00,""
1708,2024-05-22,154,66,10164.00,""
1708,2024-05-24,96,145,13920.00,""
1708,2024-06-11,232,237,54984.00,""
1708,2024-06-13,124,111,13764.00,""
1708,2024-06-17,180,185,33300.00,""
1708,2024-06-22,297,62,18414.00,""
1708,2024-06-27,198,146,28908.00,""
1708,2024-07-03,94,248,23312.00,""
1708,2024-07-04,285,138,39330.00,""
1708,2024-07-05,153,145,22185.00,""
1344,2024-06-02,85,114,9690.00,""
1344,2024-06-03,250,81,20250.00,""
1344,2024-06-13,272,56,15232.00,""
1344,2024-06-14,103,109,11227.00,""
1344,2024-06-15,205,246,50430.00,""
1344,2024-06-16,94,97,9118.00,""
1344,2024-06-17,127,196,24892.00,""
1344,2024-06-26,102,111,11322.00,""
1344,2024-06-30,84,113,9492.00,""
1344,2024-07-03,228,176,40128.00,""
1344,2024-07-12,317,75,23775.00,""
1344,2024-07-14,123,205,25215.00,""
1344,2024-07-20,187,94,17578.00,""
1344,2024-07-24,253,102,25806.00,""
1344,2024-07-26,175,50,8750.00,""
1344,2024-08-03,227,210,47670.00,""
1344,2024-08-08,292,182,53144.00,""
1344,2024-08-09,322,126,40572.00,""
1344,2024-08-10,305,114,34770.00,""
1344,2024-08-11,259,84,21756.00,""
1344,2024-08-15,308,60,18480.00,""
1344,2024-08-16,153,179,27387.00,""
1344,2024-08-22,118,164,19352.00,""
1344,2024-08-25,143,249,35607.00,""
1344,2024-08-28,183,242,44286.00,""
1698,2024-06-20,202,239,48278.00,""
1698,2024-06-22,333,59,19647.00,""
1698,2024-06-24,144,76,10944.00,""
1698,2024-06-26,257,190,48830.00,""
1698,2024-07-04,144,90,12960.00,""
1698,2024-07-06,287,141,40467.00,""
1711,2024-06-01,265,125,33125.00,""
1711,2024-06-04,200,80,16000.00,""
1711,2024-06-19,94,150,14100.00,""
1711,2024-06-20,83,146,12118.00,""
1711,2024-06-21,146,113,16498.00,""
1711,2024-07-06,316,86,27176.00,""
1711,2024-07-17,219,196,42924.00,""
1711,2024-07-23,245,100,24500.00,""
1711,2024-07-28,139,163,22657.00,""
1711,2024-07-30,248,64,15872.00,""
1711,2024-08-04,218,211,45998.00,""
1711,2024-08-09,190,69,13110.00,""
1711,2024-08-11,273,61,16653.00,""
1711,2024-08-15,205,80,16400.00,""
1711,2024-08-19,132,93,12276.00,""
1711,2024-08-20,205,173,35465.00,""
1711,2024-08-21,115,186,21390.00,""
1711,2024-08-22,254,156,39624.00,""
1711,2024-09-03,126,68,8568.00,""
1711,2024-09-13,108,152,16416.00,""
1711,2024-09-14,243,141,34263.00,""
1711,2024-09-19,189,176,33264.00,""
1555,2024-06-02,183,89,16287.00,""
1555,2024-06-04,251,160,40160.00,""
1555,2024-06-05,271,163,44173.00,""
1555,2024-06-06,297,60,17820.00,""
1555,2024-06-16,117,134,15678.00,""
1555,2024-06-18,213,110,23430.00,""
1555,2024-06-20,269,84,22596.00,""
1555,2024-06-21,330,169,55770.00,""
1555,2024-06-22,96,130,12480.00,""
1555,2024-07-04,319,133,42427.00,""
1555,2024-07-09,153,104,15912.00,""
1555,2024-07-20,151,171,25821.00,""
1555,2024-07-25,103,208,21424.00,""
1555,2024-07-26,150,223,33450.00,""
1555,2024-07-28,158,138,21804.00,""
1555,2024-08-03,291,67,19497.00,""
1555,2024-08-08,330,174,57420.00,""
1555,2024-08-12,114,227,25878.00,""
1555,2024-08-22,170,67,11390.00,""
1555,2024-08-26,104,129,13416.00,""
1555,2024-08-30,286,238,68068.00,""
1555,2024-09-01,147,167,24549.00,""
1555,2024-09-03,239,64,15296.00,""
1555,2024-09-04,177,180,31860.00,""
1555,2024-09-07,115,198,22770.00,""
1555,2024-09-08,253,76,19228.00,""
1555,2024-09-14,249,158,39342.00,""
1555,2024-09-16,102,190,19380.00,""
1555,2024-09-17,150,66,9900.00,""
1555,2024-09-18,203,134,27202.00,""
1555,2024-09-20,117,147,17199.00,""
1555,2024-09-21,297,96,28512.00,""
1555,2024-09-22,144,183,26352.00,""
1555,2024-09-23,208,115,23920.00,""
1555,2024-09-28,275,133,36575.00,""
1555,2024-09-30,109,199,21691.00,""
1755,2024-06-08,180,129,23220.00,""
1755,2024-06-09,309,206,63654.00,""
1755,2024-06-13,95,229,21755.00,""
1755,2024-06-15,161,165,26565.00,""
1755,2024-06-19,98,137,13426.00,""
1755,2024-06-21,302,157,47414.00,""
1755,2024-06-25,142,202,28684.00,""
1755,2024-06-26,145,232,33640.00,""
1755,2024-06-27,341,189,64449.00,""
1755,2024-06-30,92,245,22540.00,""
1755,2024-07-07,279,113,31527.00,""
1755,2024-07-10,324,162,52488.00,""
1755,2024-07-17,177,247,43719.00,""
1755,2024-07-23,199,216,42984.00,""
1755,2024-07-24,115,138,15870.00,""
1755,2024-07-27,335,116,38860.00,""
1755,2024-07-28,342,183,62586.00,""
1755,2024-08-03,293,238,69734.00,""
1755,2024-08-07,329,189,62181.00,""
1755,2024-08-08,169,107,18083.00,""
1755,2024-08-11,89,202,17978.00,""
1755,2024-08-12,278,117,32526.00,""
1746,2024-05-26,65,61,3965.00,""
1746,2024-06-01,314,235,73790.00,""
1746,2024-06-02,269,218,58642.00,""
1746,2024-06-03,299,56,16744.00,""
1746,2024-06-04,106,202,21412.00,""
1746,2024-06-05,176,59,10384.00,""
1746,2024-06-06,254,74,18796.00,""
1746,2024-06-15,109,143,15587.00,""
1746,2024-06-17,133,198,26334.00,""
1746,2024-06-18,121,229,27709.00,""
1746,2024-06-19,220,192,42240.00,""
1746,2024-06-22,144,240,34560.00,""
1746,2024-06-23,160,193,30880.00,""
1746,2024-06-26,88,138,12144.00,""
1746,2024-06-27,266,85,22610.00,""
1746,2024-06-30,244,170,41480.00,""
1746,2024-07-05,229,120,27480.00,""
1746,2024-07-07,119,127,15113.00,""
1746,2024-07-08,293,231,67683.00,""
1746,2024-07-18,310,160,49600.00,""
1746,2024-07-20,154,171,26334.00,""
1746,2024-07-24,106,216,22896.00,""
1746,2024-07-29,260,139,36140.00,""
1746,2024-07-31,84,84,7056.00,""
1746,2024-08-03,88,123,10824.00,""
1746,2024-08-06,146,204,29784.00,""
1746,2024-08-07,201,130,26130.00,""
1335,2024-06-08,287,69,19803.00,""
1335,2024-06-11,163,116,18908.00,""
1335,2024-06-23,147,203,29841.00,""
1335,2024-06-25,132,136,17952.00,""
1335,2024-06-29,119,101,12019.00,""
1335,2024-07-01,166,218,36188.00,""
1335,2024-07-02,120,196,23520.00,""
1335,2024-07-03,269,53,14257.00,""
1335,2024-07-09,220,185,40700.00,""
1335,2024-07-22,180,198,35640.00,""
1335,2024-07-30,119,224,26656.00,""
1335,2024-07-31,151,222,33522.00,""
1335,2024-08-06,129,168,21672.00,""
1335,2024-08-10,162,198,32076.00,""
1335,2024-08-31,341,108,36828.00,""
1335,2024-09-03,263,144,37872.00,""
1335,2024-09-05,292,105,30660.00,""
1335,2024-09-07,169,82,13858.00,""
1335,2024-09-10,255,129,32895.00,""
1335,2024-09-17,270,184,49680.00,""
1335,2024-09-20,152,140,21280.00,""
1335,2024-09-24,227,171,38817.00,""
1335,2024-09-25,159,96,15264.00,""
1335,2024-09-27,114,65,7410.00,""
1785,2024-05-31,130,88,11440.00,""
1785,2024-06-02,289,158,45662.00,""
1785,2024-06-03,106,231,24486.00,""
1785,2024-06-07,239,240,57360.00,""
1785,2024-06-08,208,99,20592.00,""
1785,2024-06-09,240,115,27600.00,""
1785,2024-06-11,145,223,32335.00,""
1785,2024-06-16,315,225,70875.00,""
1785,2024-06-19,135,84,11340.00,""
1785,2024-06-20,82,120,9840.00,""
1785,2024-06-27,193,207,39951.00,""
1785,2024-06-29,303,154,46662.00,""
1785,2024-07-03,249,206,51294.00,""
1785,2024-07-07,102,226,23052.00,""
1785,2024-07-17,145,229,33205.00,""
1785,2024-07-19,304,202,61408.00,""
1785,2024-07-22,184,98,18032.00,""
1785,2024-07-24,157,172,27004.00,""
1785,2024-07-27,114,180,20520.00,""
1785,2024-08-07,290,215,62350.00,""
1785,2024-08-10,233,230,53590.00,""
1785,2024-08-11,118,92,10856.00,""
1785,2024-08-13,117,178,20826.00,""
1785,2024-08-15,211,208,43888.00,""
1785,2024-08-18,189,130,24570.00,""
1785,2024-08-19,239,140,33460.00,""
1522,2024-05-31,81,30,2430.00,""
1522,2024-06-01,321,226,72546.00,""
1522,2024-06-06,247,143,35321.00,""
1522,2024-06-11,251,179,44929.00,""
1522,2024-06-15,150,65,9750.00,""
1522,2024-06-17,183,246,45018.00,""
1522,2024-07-02,100,198,19800.00,""
1522,2024-07-03,307,74,22718.00,""
1522,2024-07-07,118,186,21948.00,""
1522,2024-07-12,223,221,49283.00,""
1611,2024-06-04,334,249,83166.00,""
1611,2024-06-08,130,75,9750.00,""
1611,2024-06-17,130,123,15990.00,""
1611,2024-06-20,166,206,34196.00,""
1611,2024-06-21,131,92,12052.00,""
1611,2024-06-23,318,211,67098.00,""
1611,2024-06-29,236,98,23128.00,""
1611,2024-07-02,153,122,18666.00,""
1611,2024-07-03,142,186,26412.00,""
1611,2024-07-09,283,76,21508.00,""
1611,2024-07-10,270,216,58320.00,""
1611,2024-07-12,239,220,52580.00,""
1611,2024-07-14,113,52,5876.00,""
1611,2024-07-16,267,129,34443.00,""
1611,2024-07-17,197,56,11032.00,""
1611,2024-07-18,217,226,49042.00,""
1611,2024-07-21,111,149,16539.00,""
1611,2024-07-22,308,140,43120.00,""
1611,2024-07-26,265,129,34185.00,""
1611,2024-07-29,268,235,62980.00,""
1611,2024-08-03,145,129,18705.00,""
1611,2024-08-04,113,115,12995.00,""
1611,2024-08-09,111,139,15429.00,""
1611,2024-08-18,242,96,23232.00,""
1568,2024-05-29,126,40,5040.00,""
1568,2024-05-31,98,102,9996.00,""
1568,2024-06-05,343,134,45962.00,""
1568,2024-06-06,308,96,29568.00,""
1568,2024-06-09,275,181,49775.00,""
1568,2024-06-11,107,145,15515.00,""
1568,2024-06-14,213,115,24495.00,""
1568,2024-06-16,193,199,38407.00,""
1568,2024-06-22,199,127,25273.00,""
1568,2024-06-26,221,183,40443.00,""
1568,2024-06-29,180,69,12420.00,""
1568,2024-07-01,324,130,42120.00,""
1568,2024-07-06,192,143,27456.00,""
1568,2024-07-07,190,111,21090.00,""
1568,2024-07-09,309,185,57165.00,""
1568,2024-07-11,228,237,54036.00,""
1568,2024-07-12,83,150,12450.00,""
1568,2024-07-13,138,229,31602.00,""
1568,2024-07-18,271,128,34688.00,""
1568,2024-07-26,198,74,14652.00,""
1568,2024-07-27,334,241,80494.00,""
1568,2024-07-28,221,115,25415.00,""
1568,2024-08-02,323,63,20349.00,""
1568,2024-08-04,241,166,40006.00,""
1309,2024-05-26,99,74,7326.00,""
1309,2024-05-28,90,126,11340.00,""
1309,2024-05-31,82,109,8938.00,""
1309,2024-06-01,325,74,24050.00,""
1309,2024-06-05,175,200,35000.00,""
1309,2024-06-06,308,102,31416.00,""
1309,2024-06-14,147,249,36603.00,""
1309,2024-06-16,166,189,31374.00,""
1309,2024-06-22,335,197,65995.00,""
1309,2024-06-23,288,109,31392.00,""
1309,2024-06-27,179,119,21301.00,""
1309,2024-07-07,202,82,16564.00,""
1309,2024-07-16,161,60,9660.00,""
1309,2024-07-18,232,76,17632.00,""
1309,2024-07-20,320,178,56960.00,""
1309,2024-07-29,151,173,26123.00,""
1309,2024-07-30,202,173,34946.00,""
1309,2024-08-07,252,80,20160.00,""
1309,2024-08-23,220,57,12540.00,""
1309,2024-08-25,224,134,30016.00,""
1309,2024-08-28,153,125,19125.00,""
1309,2024-09-04,172,169,29068.00,""
1309,2024-09-05,181,148,26788.00,""
1309,2024-09-06,210,99,20790.00,""
1309,2024-09-11,263,92,24196.00,""
1309,2024-09-12,100,84,8400.00,""
1309,2024-09-13,294,83,24402.00,""
1309,2024-09-24,229,149,34121.00,""
1309,2024-09-27,154,118,18172.00,""
1351,2024-05-28,90,24,2160.00,""
1351,2024-05-29,126,118,14868.00,""
1351,2024-06-04,243,166,40338.00,""
1351,2024-06-05,209,198,41382.00,""
1351,2024-06-08,209,65,13585.00,""
1351,2024-06-11,97,247,23959.00,""
1351,2024-06-15,105,238,24990.00,""
1351,2024-06-17,285,125,35625.00,""
1351,2024-06-19,234,246,57564.00,""
1351,2024-06-24,196,77,15092.00,""
1351,2024-06-28,86,61,5246.00,""
1351,2024-07-01,90,222,19980.00,""
1351,2024-07-06,214,89,19046.00,""
1351,2024-07-10,96,67,6432.00,""
1351,2024-07-15,309,175,54075.00,""
1351,2024-07-18,319,121,38599.00,""
1351,2024-07-19,159,112,17808.00,""
1351,2024-07-20,288,95,27360.00,""
1351,2024-07-21,285,230,65550.00,""
1351,2024-07-25,221,162,35802.00,""
1351,2024-07-26,248,187,46376.00,""
1351,2024-08-03,206,150,30900.00,""
1192,2024-05-28,179,35,6265.00,""
1192,2024-05-30,57,70,3990.00,""
1192,2024-05-31,103,135,13905.00,""
1192,2024-06-02,289,96,27744.00,""
1192,2024-06-05,288,230,66240.00,""
1192,2024-06-06,328,222,72816.00,""
1192,2024-06-07,114,171,19494.00,""
1192,2024-06-14,269,132,35508.00,""
1192,2024-06-15,348,66,22968.00,""
1192,2024-06-19,302,80,24160.00,""
1192,2024-06-21,130,177,23010.00,""
1192,2024-06-24,267,173,46191.00,""
1192,2024-06-27,146,78,11388.00,""
1192,2024-06-28,148,166,24568.00,""
1192,2024-07-01,142,155,22010.00,""
1192,2024-07-07,288,97,27936.00,""
1192,2024-07-13,93,246,22878.00,""
1192,2024-07-17,159,117,18603.00,""
1192,2024-07-18,273,90,24570.00,""
1192,2024-07-20,227,246,55842.00,""
1192,2024-07-26,133,89,11837.00,""
1192,2024-07-27,243,225,54675.00,""
1192,2024-08-06,338,106,35828.00,""
1192,2024-08-10,310,244,75640.00,""
1192,2024-08-12,337,135,45495.00,""
1192,2024-08-13,290,77,22330.00,""
1192,2024-08-17,168,143,24024.00,""
1192,2024-08-21,312,170,53040.00,""
1192,2024-08-26,323,191,61693.00,""
1719,2024-06-06,167,207,34569.00,""
1719,2024-06-11,103,220,22660.00,""
1719,2024-06-12,337,250,84250.00,""
1719,2024-06-19,246,127,31242.00,""
1719,2024-06-22,220,111,24420.00,""
1719,2024-06-24,321,126,40446.00,""
1719,2024-07-01,251,201,50451.00,""
1719,2024-07-02,170,247,41990.00,""
1719,2024-07-03,344,227,78088.00,""
1719,2024-07-07,138,201,27738.00,""
1719,2024-07-08,247,222,54834.00,""
1719,2024-07-09,325,183,59475.00,""
1719,2024-07-11,109,58,6322.00,""
1719,2024-07-13,134,63,8442.00,""
1719,2024-07-16,261,99,25839.00,""
1719,2024-07-20,81,142,11502.00,""
1719,2024-07-22,276,203,56028.00,""
1719,2024-07-25,286,218,62348.00,""
1491,2024-05-29,83,37,3071.00,""
1491,2024-06-01,191,86,16426.00,""
1491,2024-06-02,261,55,14355.00,""
1491,2024-06-04,325,228,74100.00,""
1491,2024-06-06,138,211,29118.00,""
1491,2024-06-09,350,250,87500.00,""
1491,2024-06-11,171,221,37791.00,""
1491,2024-06-16,300,104,31200.00,""
1491,2024-06-21,157,59,9263.00,""
1491,2024-06-22,116,244,28304.00,""
1491,2024-06-23,137,65,8905.00,""
1491,2024-06-24,294,105,30870.00,""
1491,2024-06-29,101,205,20705.00,""
1491,2024-07-06,201,75,15075.00,""
1491,2024-07-07,313,238,74494.00,""
1366,2024-05-31,146,108,15768.00,""
1366,2024-06-03,154,216,33264.00,""
1366,2024-06-12,101,239,24139.00,""
1366,2024-06-20,226,202,45652.00,""
1366,2024-06-28,219,74,16206.00,""
1366,2024-07-05,237,215,50955.00,""
1366,2024-07-11,263,143,37609.00,""
1366,2024-07-16,328,154,50512.00,""
1366,2024-07-18,123,77,9471.00,""
1366,2024-07-20,159,124,19716.00,""
1366,2024-07-21,200,123,24600.00,""
1366,2024-07-23,216,153,33048.00,""
1366,2024-07-28,186,158,29388.00,""
1366,2024-08-01,104,103,10712.00,""
1366,2024-08-04,304,54,16416.00,""
1366,2024-08-13,275,95,26125.00,""
1366,2024-08-15,111,228,25308.00,""
1366,2024-08-20,266,202,53732.00,""
1366,2024-08-21,294,111,32634.00,""
1366,2024-08-22,186,220,40920.00,""
1366,2024-08-23,308,53,16324.00,""
1366,2024-08-28,156,167,26052.00,""
1366,2024-08-30,218,175,38150.00,""
1366,2024-09-11,290,162,46980.00,""
1366,2024-09-12,130,118,15340.00,""
1366,2024-09-13,112,161,18032.00,""
1366,2024-09-14,155,198,30690.00,""
1366,2024-09-23,169,149,25181.00,""
1366,2024-09-25,116,80,9280.00,""
1366,2024-09-29,130,166,21580.00,""
1458,2024-05-25,99,41,4059.00,""
1458,2024-06-04,313,144,45072.00,""
1458,2024-06-10,136,164,22304.00,""
1458,2024-06-12,337,241,81217.00,""
1458,2024-06-14,339,163,55257.00,""
1458,2024-06-18,82,159,13038.00,""
1458,2024-06-20,273,155,42315.00,""
1458,2024-06-21,326,112,36512.00,""
1458,2024-06-24,124,239,29636.00,""
1458,2024-06-25,331,58,19198.00,""
1458,2024-06-30,161,222,35742.00,""
1458,2024-07-01,88,186,16368.00,""
1458,2024-07-07,329,212,69748.00,""
1458,2024-07-10,188,56,10528.00,""
1458,2024-07-13,84,69,5796.00,""
1458,2024-07-14,202,94,18988.00,""
1458,2024-07-17,234,100,23400.00,""
1458,2024-07-20,178,105,18690.00,""
1458,2024-07-23,167,56,9352.00,""
1458,2024-07-29,333,238,79254.00,""
1458,2024-07-30,184,100,18400.00,""
1458,2024-08-02,193,171,33003.00,""
1458,2024-08-09,132,60,7920.00,""
1458,2024-08-18,290,219,63510.00,""
1458,2024-08-20,138,135,18630.00,""
1458,2024-08-21,321,132,42372.00,""
1458,2024-08-23,116,99,11484.00,""
1458,2024-08-25,336,172,57792.00,""
1458,2024-08-31,229,206,47174.00,""
1458,2024-09-01,119,120,14280.00,""
1458,2024-09-03,200,106,21200.00,""
1458,2024-09-08,300,114,34200.00,""
1458,2024-09-12,143,113,16159.00,""
1458,2024-09-25,260,150,39000.00,""
1458,2024-09-26,206,129,26574.00,""
1458,2024-09-28,170,67,11390.00,""
1597,2024-06-07,271,109,29539.00,""
1597,2024-06-12,199,119,23681.00,""
1597,2024-06-16,231,240,55440.00,""
1597,2024-06-20,314,64,20096.00,""
1597,2024-06-29,345,75,25875.00,""
1597,2024-07-05,163,189,30807.00,""
1597,2024-07-08,162,213,34506.00,""
1597,2024-07-10,202,95,19190.00,""
1597,2024-07-14,323,172,55556.00,""
1597,2024-07-17,258,224,57792.00,""
1597,2024-07-18,229,54,12366.00,""
1597,2024-07-23,231,174,40194.00,""
1597,2024-07-27,323,96,31008.00,""
1597,2024-08-07,239,95,22705.00,""
1597,2024-08-08,218,72,15696.00,""
1597,2024-08-16,316,225,71100.00,""
1597,2024-08-17,231,80,18480.00,""
1597,2024-08-19,343,235,80605.00,""
1597,2024-08-20,136,187,25432.00,""
1597,2024-08-26,90,113,10170.00,""
1597,2024-09-02,149,142,21158.00,""
1597,2024-09-03,182,185,33670.00,""
1597,2024-09-08,173,132,22836.00,""
1597,2024-09-11,141,84,11844.00,""
1597,2024-09-12,270,150,40500.00,""
1597,2024-09-15,198,73,14454.00,""
1597,2024-09-16,288,96,27648.00,""
1597,2024-09-18,288,187,53856.00,""
1597,2024-09-19,282,181,51042.00,""
1597,2024-09-24,122,139,16958.00,""
1597,2024-09-25,274,65,17810.00,""
1597,2024-09-26,280,129,36120.00,""
1597,2024-09-29,115,113,12995.00,""
1597,2024-09-30,190,60,11400.00,""
1793,2024-06-01,132,96,12672.00,""
1793,2024-06-05,262,114,29868.00,""
1793,2024-06-08,289,134,38726.00,""
1793,2024-06-15,273,176,48048.00,""
1793,2024-06-23,295,228,67260.00,""
1793,2024-06-26,112,192,21504.00,""
1793,2024-07-02,146,106,15476.00,""
1793,2024-07-03,104,158,16432.00,""
1793,2024-07-09,191,93,17763.00,""
1793,2024-07-12,128,238,30464.00,""
1793,2024-07-14,219,52,11388.00,""
1793,2024-07-15,204,229,46716.00,""
1793,2024-07-26,200,138,27600.00,""
1793,2024-07-29,326,87,28362.00,""
1793,2024-08-02,308,51,15708.00,""
1793,2024-08-10,239,235,56165.00,""
1793,2024-08-13,162,169,27378.00,""
1793,2024-08-15,193,207,39951.00,""
1793,2024-08-18,264,144,38016.00,""
1793,2024-08-29,301,210,63210.00,""
1793,2024-08-30,82,141,11562.00,""
1322,2024-06-16,182,206,37492.00,""
1322,2024-06-18,184,160,29440.00,""
1322,2024-06-25,280,227,63560.00,""
1322,2024-06-26,150,136,20400.00,""
1322,2024-07-06,185,68,12580.00,""
1322,2024-07-07,228,110,25080.00,""
1322,2024-07-18,108,177,19116.00,""
1353,2024-06-04,205,98,20090.00,""
1353,2024-06-07,267,72,19224.00,""
1353,2024-06-08,213,176,37488.00,""
1353,2024-06-11,227,66,14982.00,""
1353,2024-06-12,276,169,46644.00,""
1353,2024-06-18,147,58,8526.00,""
1353,2024-06-22,190,171,32490.00,""
1353,2024-06-26,125,173,21625.00,""
1353,2024-06-27,114,191,21774.00,""
1353,2024-06-30,335,188,62980.00,""
1353,2024-07-06,202,168,33936.00,""
1353,2024-07-16,345,162,55890.00,""
1353,2024-07-18,342,229,78318.00,""
1353,2024-07-21,80,215,17200.00,""
1353,2024-07-22,177,138,24426.00,""
1353,2024-07-26,306,90,27540.00,""
1353,2024-08-02,88,176,15488.00,""
1353,2024-08-06,193,240,46320.00,""
1353,2024-08-08,95,250,23750.00,""
1353,2024-08-12,324,182,58968.00,""
1353,2024-08-24,182,73,13286.00,""
1353,2024-08-27,304,54,16416.00,""
1353,2024-08-28,268,197,52796.00,""
1353,2024-09-02,142,124,17608.00,""
1353,2024-09-05,250,86,21500.00,""
1353,2024-09-13,255,190,48450.00,""
1353,2024-09-14,204,67,13668.00,""
1353,2024-09-20,228,95,21660.00,""
1353,2024-09-21,283,194,54902.00,""
1353,2024-09-24,135,198,26730.00,""
1386,2024-06-04,101,174,17574.00,""
1386,2024-06-06,104,150,15600.00,""
1386,2024-06-09,205,244,50020.00,""
1386,2024-06-21,182,91,16562.00,""
1386,2024-06-23,272,226,61472.00,""
1386,2024-06-24,186,143,26598.00,""
1386,2024-06-26,270,56,15120.00,""
1386,2024-06-27,323,124,40052.00,""
1386,2024-06-28,225,133,29925.00,""
1386,2024-07-01,308,99,30492.00,""
1386,2024-07-04,322,115,37030.00,""
1386,2024-07-09,163,156,25428.00,""
1386,2024-07-15,133,168,22344.00,""
1386,2024-07-17,265,205,54325.00,""
1386,2024-07-20,106,220,23320.00,""
1386,2024-07-21,334,172,57448.00,""
1386,2024-07-22,272,64,17408.00,""
1386,2024-07-25,219,232,50808.00,""
1386,2024-08-09,132,232,30624.00,""
1386,2024-08-22,348,207,72036.00,""
1386,2024-08-28,160,202,32320.00,""
1386,2024-08-31,279,68,18972.00,""
1386,2024-09-03,204,74,15096.00,""
1386,2024-09-06,190,75,14250.00,""
1386,2024-09-07,186,192,35712.00,""
1386,2024-09-11,160,160,25600.00,""
1386,2024-09-17,197,122,24034.00,""
1386,2024-09-19,298,92,27416.00,""
1386,2024-09-20,161,164,26404.00,""
1651,2024-05-28,147,142,20874.00,""
1651,2024-05-29,164,41,6724.00,""
1651,2024-06-02,260,101,26260.00,""
1651,2024-06-04,254,225,57150.00,""
1651,2024-06-10,207,133,27531.00,""
1651,2024-06-11,268,144,38592.00,""
1651,2024-06-19,340,117,39780.00,""
1651,2024-06-24,86,112,9632.00,""
1651,2024-06-25,149,209,31141.00,""
1651,2024-06-28,178,214,38092.00,""
1651,2024-06-29,298,174,51852.00,""
1651,2024-07-02,273,68,18564.00,""
1651,2024-07-11,254,149,37846.00,""
1651,2024-07-14,199,154,30646.00,""
1440,2024-06-03,126,146,18396.00,""
1440,2024-06-09,195,114,22230.00,""
1440,2024-06-10,169,193,32617.00,""
1440,2024-06-15,124,231,28644.00,""
1440,2024-06-16,317,133,42161.00,""
1440,2024-06-18,169,144,24336.00,""
1440,2024-06-21,310,166,51460.00,""
1440,2024-06-22,230,240,55200.00,""
1440,2024-06-23,205,55,11275.00,""
1440,2024-06-27,284,83,23572.00,""
1440,2024-06-29,118,69,8142.00,""
1440,2024-07-01,286,132,37752.00,""
1440,2024-07-05,322,125,40250.00,""
1440,2024-07-16,331,160,52960.00,""
1440,2024-07-18,198,177,35046.00,""
1440,2024-07-26,129,245,31605.00,""
1440,2024-08-05,227,210,47670.00,""
1440,2024-08-06,143,204,29172.00,""
1440,2024-08-07,166,137,22742.00,""
1440,2024-08-09,187,199,37213.00,""
1440,2024-08-10,340,52,17680.00,""
1440,2024-08-11,131,54,7074.00,""
1440,2024-08-12,124,112,13888.00,""
1440,2024-08-21,310,190,58900.00,""
1440,2024-08-27,287,91,26117.00,""
1440,2024-09-02,293,174,50982.00,""
1440,2024-09-06,168,190,31920.00,""
1440,2024-09-09,299,80,23920.00,""
1440,2024-09-10,165,134,22110.00,""
1779,2024-06-03,336,76,25536.00,""
1779,2024-06-08,120,157,18840.00,""
1779,2024-06-15,348,196,68208.00,""
1779,2024-06-16,286,161,46046.00,""
1779,2024-06-20,81,178,14418.00,""
1779,2024-06-25,93,181,16833.00,""
1779,2024-06-26,119,115,13685.00,""
1779,2024-06-29,156,112,17472.00,""
1779,2024-07-17,129,241,31089.00,""
1779,2024-07-20,143,132,18876.00,""
1779,2024-07-31,227,178,40406.00,""
1528,2024-05-30,107,53,5671.00,""
1528,2024-05-31,146,75,10950.00,""
1528,2024-06-05,295,224,66080.00,""
1528,2024-06-15,197,143,28171.00,""
1528,2024-06-16,239,194,46366.00,""
1528,2024-06-17,229,169,38701.00,""
1528,2024-06-20,234,61,14274.00,""
1528,2024-06-29,237,134,31758.00,""
1528,2024-07-02,333,164,54612.00,""
1528,2024-07-04,175,129,22575.00,""
1528,2024-07-05,310,198,61380.00,""
1528,2024-07-08,284,233,66172.00,""
1528,2024-07-09,302,227,68554.00,""
1528,2024-07-11,261,219,57159.00,""
1528,2024-07-13,287,50,14350.00,""
1528,2024-07-15,230,151,34730.00,""
1528,2024-07-16,267,237,63279.00,""
1528,2024-07-19,308,176,54208.00,""
1528,2024-07-21,293,66,19338.00,""
1528,2024-07-25,89,157,13973.00,""
1528,2024-07-26,324,208,67392.00,""
1528,2024-07-31,312,140,43680.00,""
1528,2024-08-02,159,56,8904.00,""
1528,2024-08-04,85,249,21165.00,""
1528,2024-08-06,320,183,58560.00,""
1528,2024-08-09,331,86,28466.00,""
1528,2024-08-13,160,214,34240.00,""
1528,2024-09-02,209,185,38665.00,""
1528,2024-09-05,159,69,10971.00,""
1528,2024-09-11,106,115,12190.00,""
1528,2024-09-12,297,188,55836.00,""
1412,2024-06-03,296,205,60680.00,""
1412,2024-06-05,83,243,20169.00,""
1412,2024-06-06,202,148,29896.00,""
1412,2024-06-07,124,114,14136.00,""
1412,2024-06-08,339,120,40680.00,""
1412,2024-06-11,315,194,61110.00,""
1412,2024-06-29,287,96,27552.00,""
1412,2024-07-01,306,67,20502.00,""
1412,2024-07-04,283,191,54053.00,""
1269,2024-05-29,199,28,5572.00,""
1269,2024-05-30,184,134,24656.00,""
1269,2024-06-06,87,71,6177.00,""
1269,2024-06-07,338,181,61178.00,""
1269,2024-06-11,251,111,27861.00,""
1269,2024-06-13,276,132,36432.00,""
1269,2024-06-18,259,223,57757.00,""
1269,2024-06-19,143,157,22451.00,""
1269,2024-06-23,143,65,9295.00,""
1269,2024-06-25,83,228,18924.00,""
1269,2024-06-26,165,89,14685.00,""
1269,2024-06-29,340,164,55760.00,""
1269,2024-07-16,183,151,27633.00,""
1269,2024-07-31,279,122,34038.00,""
1269,2024-08-02,122,202,24644.00,""
1269,2024-08-05,103,147,15141.00,""
1269,2024-08-07,164,123,20172.00,""
1269,2024-08-10,274,70,19180.00,""
1269,2024-08-18,254,161,40894.00,""
1269,2024-08-21,91,51,4641.00,""
1269,2024-08-23,229,73,16717.00,""
1269,2024-09-07,151,198,29898.00,""
1269,2024-09-09,248,63,15624.00,""
1269,2024-09-12,262,137,35894.00,""
1269,2024-09-14,159,198,31482.00,""
1269,2024-09-15,203,170,34510.00,""
1269,2024-09-16,297,171,50787.00,""
1269,2024-09-18,118,197,23246.00,""
1269,2024-09-21,192,63,12096.00,""
1269,2024-09-23,274,143,39182.00,""
1269,2024-09-24,180,110,19800.00,""
1269,2024-09-26,236,190,44840.00,""
1269,2024-09-27,220,141,31020.00,""
1269,2024-09-29,168,127,21336.00,""
1269,2024-09-30,168,195,32760.00,""
1241,2024-05-29,168,43,7224.00,""
1241,2024-06-01,214,93,19902.00,""
1241,2024-06-04,212,197,41764.00,""
1241,2024-06-06,262,127,33274.00,""
1241,2024-06-08,182,229,41678.00,""
1241,2024-06-10,311,190,59090.00,""
1241,2024-06-15,195,125,24375.00,""
1241,2024-06-16,115,90,10350.00,""
1241,2024-06-17,222,187,41514.00,""
1241,2024-06-19,293,200,58600.00,""
1241,2024-06-20,80,76,6080.00,""
1241,2024-06-21,262,94,24628.00,""
1241,2024-06-22,184,120,22080.00,""
1241,2024-06-27,106,123,13038.00,""
1241,2024-06-28,272,97,26384.00,""
1241,2024-06-29,202,179,36158.00,""
1241,2024-07-02,302,208,62816.00,""
1241,2024-07-08,124,244,30256.00,""
1241,2024-07-09,220,86,18920.00,""
1241,2024-07-18,110,217,23870.00,""
1241,2024-07-28,292,138,40296.00,""
1241,2024-08-04,212,125,26500.00,""
1241,2024-08-11,278,114,31692.00,""
1642,2024-06-03,135,227,30645.00,""
1642,2024-06-13,300,139,41700.00,""
1642,2024-06-19,306,191,58446.00,""
1642,2024-06-23,279,154,42966.00,""
1642,2024-06-24,146,97,14162.00,""
1642,2024-06-25,113,82,9266.00,""
1642,2024-06-28,168,115,19320.00,""
1642,2024-07-02,149,150,22350.00,""
1642,2024-07-06,241,237,57117.00,""
1642,2024-07-13,348,82,28536.00,""
1642,2024-07-15,93,136,12648.00,""
1642,2024-07-17,207,201,41607.00,""
1642,2024-07-19,107,204,21828.00,""
1642,2024-08-01,215,157,33755.00,""
1642,2024-08-02,118,171,20178.00,""
1642,2024-08-04,340,225,76500.00,""
1642,2024-08-10,236,137,32332.00,""
1642,2024-08-18,139,245,34055.00,""
1642,2024-08-19,207,233,48231.00,""
1642,2024-08-21,165,197,32505.00,""
1642,2024-08-30,271,222,60162.00,""
1642,2024-08-31,187,153,28611.00,""
1642,2024-09-02,156,129,20124.00,""
1642,2024-09-04,142,168,23856.00,""
1642,2024-09-06,183,74,13542.00,""
1642,2024-09-07,104,122,12688.00,""
1642,2024-09-16,192,163,31296.00,""
1642,2024-09-17,196,129,25284.00,""
1707,2024-06-05,278,144,40032.00,""
1707,2024-06-10,279,158,44082.00,""
1707,2024-06-16,256,224,57344.00,""
1707,2024-06-18,308,60,18480.00,""
1707,2024-06-21,291,111,32301.00,""
1707,2024-06-22,221,137,30277.00,""
1707,2024-06-26,184,180,33120.00,""
1707,2024-06-30,153,165,25245.00,""
1707,2024-07-02,292,107,31244.00,""
1707,2024-07-03,241,82,19762.00,""
1707,2024-07-19,93,50,4650.00,""
1707,2024-07-24,254,122,30988.00,""
1508,2024-06-02,210,152,31920.00,""
1508,2024-06-11,128,219,28032.00,""
1508,2024-06-16,224,133,29792.00,""
1508,2024-06-18,179,77,13783.00,""
1508,2024-06-19,181,106,19186.00,""
1508,2024-07-04,122,72,8784.00,""
1411,2024-05-29,104,39,4056.00,""
1411,2024-05-30,186,92,17112.00,""
1411,2024-05-31,132,38,5016.00,""
1411,2024-06-02,276,237,65412.00,""
1411,2024-06-05,113,127,14351.00,""
1411,2024-06-10,280,116,32480.00,""
1411,2024-06-12,321,68,21828.00,""
1411,2024-06-14,237,103,24411.00,""
1411,2024-06-15,285,112,31920.00,""
1411,2024-07-08,348,67,23316.00,""
1411,2024-07-10,331,200,66200.00,""
1411,2024-07-11,173,228,39444.00,""
1411,2024-07-13,102,143,14586.00,""
1411,2024-07-17,220,224,49280.00,""
1411,2024-07-26,319,146,46574.00,""
1411,2024-07-27,93,139,12927.00,""
1411,2024-07-28,318,208,66144.00,""
1541,2024-05-30,88,103,9064.00,""
1541,2024-06-03,255,161,41055.00,""
1541,2024-06-04,82,102,8364.00,""
1541,2024-06-07,81,150,12150.00,""
1541,2024-06-11,325,116,37700.00,""
1541,2024-06-13,227,102,23154.00,""
1541,2024-06-23,330,250,82500.00,""
1541,2024-06-25,214,146,31244.00,""
1541,2024-06-26,169,165,27885.00,""
1541,2024-06-27,201,134,26934.00,""
1541,2024-07-03,203,215,43645.00,""
1541,2024-07-08,215,208,44720.00,""
1541,2024-07-09,279,97,27063.00,""
1541,2024-07-10,336,53,17808.00,""
1541,2024-07-11,151,71,10721.00,""
1541,2024-07-17,140,108,15120.00,""
1541,2024-07-20,230,115,26450.00,""
1541,2024-08-05,130,233,30290.00,""
1541,2024-08-06,87,112,9744.00,""
1541,2024-08-14,183,165,30195.00,""
1541,2024-08-15,220,218,47960.00,""
1541,2024-08-17,296,166,49136.00,""
1541,2024-08-20,236,218,51448.00,""
1541,2024-08-22,277,83,22991.00,""
1541,2024-08-23,123,158,19434.00,""
1541,2024-08-26,209,207,43263.00,""
1541,2024-08-27,99,53,5247.00,""
1541,2024-08-30,311,185,57535.00,""
1541,2024-09-05,287,62,17794.00,""
1541,2024-09-08,172,64,11008.00,""
1541,2024-09-14,253,81,20493.00,""
1541,2024-09-16,231,132,30492.00,""
1541,2024-09-18,287,194,55678.00,""
1489,2024-05-29,126,149,18774.00,""
1489,2024-05-30,167,82,13694.00,""
1489,2024-05-31,86,126,10836.00,""
1489,2024-06-01,204,178,36312.00,""
1489,2024-06-03,187,247,46189.00,""
1489,2024-06-04,210,78,16380.00,""
1489,2024-06-11,206,231,47586.00,""
1489,2024-06-19,296,192,56832.00,""
1489,2024-06-21,290,53,15370.00,""
1489,2024-06-23,338,87,29406.00,""
1489,2024-07-04,284,149,42316.00,""
1489,2024-07-07,292,243,70956.00,""
1489,2024-07-11,88,218,19184.00,""
1489,2024-07-15,96,150,14400.00,""
1489,2024-07-27,310,92,28520.00,""
1489,2024-07-29,283,77,21791.00,""
1741,2024-06-02,92,103,9476.00,""
1741,2024-06-03,141,178,25098.00,""
1741,2024-06-04,88,140,12320.00,""
1741,2024-06-10,335,214,71690.00,""
1741,2024-06-12,184,90,16560.00,""
1741,2024-06-14,262,89,23318.00,""
1741,2024-06-16,95,149,14155.00,""
1741,2024-06-22,328,101,33128.00,""
1741,2024-06-23,83,231,19173.00,""
1741,2024-06-24,292,130,37960.00,""
1741,2024-07-01,317,61,19337.00,""
1471,2024-06-06,221,213,47073.00,""
1471,2024-06-07,282,101,28482.00,""
1471,2024-06-08,304,138,41952.00,""
1471,2024-06-18,284,118,33512.00,""
1471,2024-06-30,269,118,31742.00,""
1471,2024-07-07,118,50,5900.00,""
1471,2024-07-12,138,238,32844.00,""
1471,2024-07-13,213,121,25773.00,""
1471,2024-07-14,270,148,39960.00,""
1471,2024-07-16,347,172,59684.00,""
1471,2024-07-17,138,118,16284.00,""
1471,2024-07-18,96,233,22368.00,""
1471,2024-07-29,194,248,48112.00,""
1471,2024-08-02,113,64,7232.00,""
1471,2024-08-05,278,89,24742.00,""
1471,2024-08-06,263,58,15254.00,""
1471,2024-08-07,141,226,31866.00,""
1200,2024-05-31,162,54,8748.00,""
1200,2024-06-11,129,148,19092.00,""
1200,2024-06-15,88,223,19624.00,""
1200,2024-06-22,263,242,63646.00,""
1200,2024-06-23,80,67,5360.00,""
1200,2024-06-26,135,147,19845.00,""
1200,2024-07-14,115,121,13915.00,""
1200,2024-07-18,172,148,25456.00,""
1200,2024-07-19,250,78,19500.00,""
1200,2024-07-22,278,117,32526.00,""
1200,2024-07-26,181,120,21720.00,""
1200,2024-07-28,345,204,70380.00,""
1200,2024-08-01,237,184,43608.00,""
1200,2024-08-06,270,219,59130.00,""
1200,2024-08-09,321,231,74151.00,""
1200,2024-08-16,287,211,60557.00,""
1200,2024-08-18,179,85,15215.00,""
1200,2024-08-23,216,122,26352.00,""
1200,2024-08-24,197,51,10047.00,""
1200,2024-08-29,118,249,29382.00,""
1759,2024-05-31,168,39,6552.00,""
1759,2024-06-02,308,205,63140.00,""
1759,2024-06-06,157,108,16956.00,""
1759,2024-06-10,306,180,55080.00,""
1759,2024-06-11,305,140,42700.00,""
1759,2024-06-15,188,96,18048.00,""
1759,2024-06-23,331,70,23170.00,""
1759,2024-06-25,282,114,32148.00,""
1759,2024-06-27,249,57,14193.00,""
1759,2024-06-30,155,209,32395.00,""
1759,2024-07-08,194,218,42292.00,""
1759,2024-07-10,340,238,80920.00,""
1759,2024-07-15,288,65,18720.00,""
1759,2024-07-24,137,173,23701.00,""
1545,2024-06-08,168,67,11256.00,""
1545,2024-06-09,125,80,10000.00,""
1545,2024-06-11,192,164,31488.00,""
1545,2024-06-13,178,65,11570.00,""
1545,2024-06-15,145,231,33495.00,""
1545,2024-06-19,178,119,21182.00,""
1545,2024-06-22,149,56,8344.00,""
1545,2024-07-04,340,81,27540.00,""
1545,2024-07-08,209,113,23617.00,""
1545,2024-07-10,204,130,26520.00,""
1545,2024-07-12,240,185,44400.00,""
1545,2024-07-14,231,198,45738.00,""
1545,2024-07-19,263,175,46025.00,""
1545,2024-07-24,96,223,21408.00,""
1545,2024-07-27,340,169,57460.00,""
1545,2024-07-28,88,111,9768.00,""
1545,2024-07-29,200,86,17200.00,""
1545,2024-08-03,132,96,12672.00,""
1665,2024-06-03,82,91,7462.00,""
1665,2024-06-09,277,99,27423.00,""
1665,2024-06-13,143,173,24739.00,""
1665,2024-06-15,300,108,32400.00,""
1665,2024-06-17,278,161,44758.00,""
1665,2024-06-27,327,178,58206.00,""
1665,2024-07-02,234,108,25272.00,""
1665,2024-07-06,240,172,41280.00,""
1665,2024-07-07,179,187,33473.00,""
1665,2024-07-11,150,238,35700.00,""
1271,2024-05-28,42,50,2100.00,""
1271,2024-06-03,208,107,22256.00,""
1271,2024-06-05,255,106,27030.00,""
1271,2024-06-06,320,115,36800.00,""
1271,2024-06-11,269,146,39274.00,""
1271,2024-06-13,259,90,23310.00,""
1271,2024-07-10,233,79,18407.00,""
1271,2024-07-11,270,88,23760.00,""
1271,2024-07-12,155,182,28210.00,""
1271,2024-07-14,318,129,41022.00,""
1271,2024-07-22,157,73,11461.00,""
1271,2024-07-29,84,217,18228.00,""
1271,2024-07-30,224,215,48160.00,""
1271,2024-08-02,258,197,50826.00,""
1271,2024-08-14,117,235,27495.00,""
1271,2024-08-20,316,121,38236.00,""
1271,2024-08-21,95,122,11590.00,""
1578,2024-06-01,173,106,18338.00,""
1578,2024-06-02,113,201,22713.00,""
1578,2024-06-03,99,154,15246.00,""
1578,2024-06-09,132,144,19008.00,""
1578,2024-06-11,126,207,26082.00,""
1578,2024-06-15,266,114,30324.00,""
1578,2024-06-16,280,167,46760.00,""
1578,2024-06-17,128,58,7424.00,""
1578,2024-06-18,191,247,47177.00,""
1578,2024-07-01,112,222,24864.00,""
1578,2024-07-14,167,65,10855.00,""
1744,2024-05-31,119,130,15470.00,""
1744,2024-06-01,290,230,66700.00,""
1744,2024-06-03,214,143,30602.00,""
1744,2024-06-04,221,227,50167.00,""
1744,2024-06-06,231,233,53823.00,""
1744,2024-06-10,327,115,37605.00,""
1744,2024-06-11,302,195,58890.00,""
1744,2024-06-15,222,103,22866.00,""
1744,2024-06-21,83,124,10292.00,""
1744,2024-06-22,271,95,25745.00,""
1744,2024-06-25,188,239,44932.00,""
1744,2024-06-28,305,244,74420.00,""
1744,2024-07-02,301,163,49063.00,""
1744,2024-07-03,103,72,7416.00,""
1744,2024-07-11,211,220,46420.00,""
1744,2024-07-16,293,88,25784.00,""
1744,2024-07-19,185,141,26085.00,""
1736,2024-06-06,257,236,60652.00,""
1736,2024-06-08,294,169,49686.00,""
1736,2024-06-11,349,191,66659.00,""
1736,2024-06-13,246,119,29274.00,""
1736,2024-06-14,125,203,25375.00,""
1736,2024-06-16,189,131,24759.00,""
1736,2024-06-22,140,144,20160.00,""
1736,2024-06-23,345,113,38985.00,""
1736,2024-06-24,117,80,9360.00,""
1736,2024-07-06,135,87,11745.00,""
1736,2024-07-08,229,193,44197.00,""
1736,2024-07-13,265,138,36570.00,""
1736,2024-07-18,193,74,14282.00,""
1736,2024-07-19,260,207,53820.00,""
1736,2024-07-24,307,172,52804.00,""
1736,2024-08-02,178,58,10324.00,""
1736,2024-08-04,109,135,14715.00,""
1722,2024-05-26,90,62,5580.00,""
1722,2024-05-28,178,85,15130.00,""
1722,2024-06-08,199,208,41392.00,""
1722,2024-06-11,86,162,13932.00,""
1722,2024-06-12,270,176,47520.00,""
1722,2024-06-14,241,221,53261.00,""
1722,2024-06-18,159,157,24963.00,""
1722,2024-06-21,291,53,15423.00,""
1722,2024-07-01,169,217,36673.00,""
1722,2024-07-02,196,205,40180.00,""
1722,2024-07-10,149,195,29055.00,""
1722,2024-07-13,285,227,64695.00,""
1722,2024-07-15,332,110,36520.00,""
1722,2024-07-20,142,83,11786.00,""
1722,2024-07-22,329,203,66787.00,""
1312,2024-06-03,310,189,58590.00,""
1312,2024-06-04,112,231,25872.00,""
1312,2024-06-05,123,154,18942.00,""
1312,2024-06-13,224,243,54432.00,""
1312,2024-06-14,113,206,23278.00,""
1312,2024-06-24,188,74,13912.00,""
1312,2024-06-25,277,75,20775.00,""
1312,2024-06-27,163,85,13855.00,""
1312,2024-06-28,185,239,44215.00,""
1312,2024-07-01,248,164,40672.00,""
1312,2024-07-04,177,200,35400.00,""
1312,2024-07-05,274,164,44936.00,""
1312,2024-07-14,151,186,28086.00,""
1312,2024-07-17,139,200,27800.00,""
1312,2024-08-14,131,120,15720.00,""
1312,2024-08-18,315,145,45675.00,""
1312,2024-08-24,205,200,41000.00,""
1312,2024-08-26,172,187,32164.00,""
1312,2024-08-29,288,132,38016.00,""
1312,2024-08-30,292,74,21608.00,""
1312,2024-09-02,297,76,22572.00,""
1312,2024-09-07,182,195,35490.00,""
1312,2024-09-09,247,185,45695.00,""
1668,2024-06-02,119,137,16303.00,""
1668,2024-06-05,84,127,10668.00,""
1668,2024-06-06,128,167,21376.00,""
1668,2024-06-13,176,151,26576.00,""
1668,2024-06-19,94,121,11374.00,""
1668,2024-06-20,241,242,58322.00,""
1668,2024-06-21,178,194,34532.00,""
1668,2024-06-22,262,58,15196.00,""
1668,2024-06-25,206,145,29870.00,""
1668,2024-06-26,211,191,40301.00,""
1668,2024-06-27,88,164,14432.00,""
1668,2024-07-02,146,95,13870.00,""
1668,2024-07-03,236,80,18880.00,""
1668,2024-07-04,191,249,47559.00,""
1668,2024-07-06,282,112,31584.00,""
1668,2024-07-09,201,110,22110.00,""
1668,2024-07-11,325,69,22425.00,""
1668,2024-07-21,338,147,49686.00,""
1668,2024-07-23,98,234,22932.00,""
1668,2024-07-31,99,208,20592.00,""
1668,2024-08-05,301,126,37926.00,""
1668,2024-08-12,246,145,35670.00,""
1668,2024-09-06,228,120,27360.00,""
1668,2024-09-12,256,67,17152.00,""
1668,2024-09-13,241,153,36873.00,""
1668,2024-09-16,161,64,10304.00,""
1668,2024-09-19,280,194,54320.00,""
1668,2024-09-24,279,79,22041.00,""
1668,2024-09-27,281,158,44398.00,""
1668,2024-09-28,116,185,21460.00,""
1575,2024-06-02,149,236,35164.00,""
1575,2024-06-08,217,79,17143.00,""
1575,2024-06-13,266,236,62776.00,""
1575,2024-06-16,150,151,22650.00,""
1575,2024-06-21,225,166,37350.00,""
1575,2024-06-24,298,116,34568.00,""
1575,2024-06-27,343,105,36015.00,""
1575,2024-07-19,155,164,25420.00,""
1575,2024-07-20,283,110,31130.00,""
1575,2024-07-25,228,149,33972.00,""
1575,2024-07-27,326,69,22494.00,""
1575,2024-08-01,207,113,23391.00,""
1575,2024-08-04,326,150,48900.00,""
1575,2024-08-09,169,235,39715.00,""
1575,2024-08-14,259,84,21756.00,""
1575,2024-08-19,156,147,22932.00,""
1575,2024-08-23,263,161,42343.00,""
1575,2024-08-25,128,131,16768.00,""
1575,2024-08-27,179,150,26850.00,""
1575,2024-08-29,302,167,50434.00,""
1575,2024-08-30,202,112,22624.00,""
1575,2024-08-31,341,227,77407.00,""
1575,2024-09-03,209,179,37411.00,""
1575,2024-09-05,142,178,25276.00,""
1575,2024-09-07,125,106,13250.00,""
1575,2024-09-08,238,132,31416.00,""
1575,2024-09-17,269,137,36853.00,""
1575,2024-09-27,173,114,19722.00,""
1575,2024-09-29,268,91,24388.00,""
1575,2024-09-30,221,103,22763.00,""
1637,2024-06-06,285,69,19665.00,""
1637,2024-06-07,87,161,14007.00,""
1637,2024-06-08,111,129,14319.00,""
1637,2024-06-12,108,155,16740.00,""
1637,2024-06-14,273,141,38493.00,""
1637,2024-06-16,317,69,21873.00,""
1637,2024-06-24,167,179,29893.00,""
1637,2024-06-27,310,92,28520.00,""
1637,2024-07-04,193,189,36477.00,""
1637,2024-07-05,175,241,42175.00,""
1637,2024-07-12,195,101,19695.00,""
1637,2024-07-20,313,246,76998.00,""
1637,2024-07-22,183,152,27816.00,""
1637,2024-07-27,153,238,36414.00,""
1637,2024-08-01,126,136,17136.00,""
1637,2024-08-02,164,218,35752.00,""
1637,2024-08-04,103,155,15965.00,""
1637,2024-08-05,329,242,79618.00,""
1637,2024-08-10,181,138,24978.00,""
1637,2024-08-11,114,83,9462.00,""
1769,2024-06-03,297,122,36234.00,""
1769,2024-06-08,317,107,33919.00,""
1769,2024-06-15,277,156,43212.00,""
1769,2024-06-16,115,105,12075.00,""
1769,2024-06-17,167,62,10354.00,""
1769,2024-06-18,93,212,19716.00,""
1769,2024-06-21,165,97,16005.00,""
1769,2024-06-28,87,207,18009.00,""
1769,2024-07-06,210,206,43260.00,""
1769,2024-07-07,297,136,40392.00,""
1769,2024-07-11,184,135,24840.00,""
1769,2024-07-16,236,100,23600.00,""
1769,2024-07-17,187,90,16830.00,""
1769,2024-07-19,296,239,70744.00,""
1769,2024-07-22,222,53,11766.00,""
1769,2024-07-26,342,51,17442.00,""
1769,2024-08-03,146,64,9344.00,""
1769,2024-08-05,121,150,18150.00,""
1505,2024-06-14,157,68,10676.00,""
1505,2024-06-19,324,52,16848.00,""
1505,2024-06-21,281,82,23042.00,""
1505,2024-06-22,195,88,17160.00,""
1505,2024-06-27,290,115,33350.00,""
1505,2024-06-28,85,180,15300.00,""
1505,2024-07-04,173,95,16435.00,""
1505,2024-07-06,98,205,20090.00,""
1505,2024-07-09,107,247,26429.00,""
1505,2024-07-11,227,216,49032.00,""
1505,2024-07-12,125,134,16750.00,""
1505,2024-07-14,124,240,29760.00,""
1505,2024-07-20,338,250,84500.00,""
1505,2024-07-24,136,64,8704.00,""
1505,2024-07-28,172,173,29756.00,""
1505,2024-08-01,305,188,57340.00,""
1505,2024-08-05,126,54,6804.00,""
1505,2024-08-16,236,69,16284.00,""
1505,2024-08-19,348,133,46284.00,""
1505,2024-08-26,187,146,27302.00,""
1505,2024-09-02,163,150,24450.00,""
1505,2024-09-05,104,60,6240.00,""
1505,2024-09-07,264,198,52272.00,""
1505,2024-09-13,280,200,56000.00,""
1505,2024-09-21,275,121,33275.00,""
1505,2024-09-23,139,72,10008.00,""
1505,2024-09-29,141,91,12831.00,""
1505,2024-09-30,132,138,18216.00,""
1376,2024-05-28,80,136,10880.00,""
1376,2024-05-30,197,61,12017.00,""
1376,2024-05-31,103,84,8652.00,""
1376,2024-06-01,209,215,44935.00,""
1376,2024-06-03,259,231,59829.00,""
1376,2024-06-05,103,241,24823.00,""
1376,2024-06-09,178,54,9612.00,""
1376,2024-06-12,243,141,34263.00,""
1376,2024-06-15,284,56,15904.00,""
1376,2024-06-20,216,197,42552.00,""
1376,2024-06-24,161,247,39767.00,""
1376,2024-06-30,173,160,27680.00,""
1376,2024-07-04,112,172,19264.00,""
1376,2024-07-05,167,140,23380.00,""
1376,2024-07-09,113,64,7232.00,""
1376,2024-07-13,233,67,15611.00,""
1376,2024-07-17,211,187,39457.00,""
1376,2024-07-19,281,193,54233.00,""
1376,2024-07-21,129,199,25671.00,""
1376,2024-07-23,121,144,17424.00,""
1376,2024-07-26,229,195,44655.00,""
1376,2024-08-01,262,152,39824.00,""
1376,2024-08-09,135,162,21870.00,""
1376,2024-08-16,200,146,29200.00,""
1376,2024-08-17,329,52,17108.00,""
1376,2024-08-25,116,139,16124.00,""
1376,2024-08-28,101,56,5656.00,""
1376,2024-08-29,190,111,21090.00,""
1376,2024-08-31,146,176,25696.00,""
1376,2024-09-02,247,111,27417.00,""
1376,2024-09-04,168,172,28896.00,""
1376,2024-09-06,122,113,13786.00,""
1376,2024-09-10,105,60,6300.00,""
1376,2024-09-12,279,117,32643.00,""
1376,2024-09-14,214,88,18832.00,""
1653,2024-05-29,71,147,10437.00,""
1653,2024-06-02,223,225,50175.00,""
1653,2024-06-13,255,245,62475.00,""
1653,2024-06-14,338,228,77064.00,""
1653,2024-06-17,157,140,21980.00,""
1653,2024-06-23,88,93,8184.00,""
1653,2024-06-26,126,68,8568.00,""
1653,2024-07-01,266,216,57456.00,""
1653,2024-07-08,188,130,24440.00,""
1653,2024-07-11,149,174,25926.00,""
1653,2024-07-13,190,106,20140.00,""
1653,2024-07-19,274,225,61650.00,""
1653,2024-07-20,90,234,21060.00,""
1653,2024-07-23,146,172,25112.00,""
1653,2024-07-27,191,189,36099.00,""
1653,2024-08-09,235,164,38540.00,""
1653,2024-08-10,196,52,10192.00,""
1653,2024-08-12,320,178,56960.00,""
1653,2024-08-14,180,191,34380.00,""
1653,2024-08-17,325,172,55900.00,""
1653,2024-08-18,341,210,71610.00,""
1653,2024-08-26,226,154,34804.00,""
1653,2024-09-01,300,67,20100.00,""
1653,2024-09-08,177,188,33276.00,""
1735,2024-05-29,184,55,10120.00,""
1735,2024-06-05,142,216,30672.00,""
1735,2024-06-15,146,81,11826.00,""
1735,2024-06-18,211,177,37347.00,""
1735,2024-07-01,323,203,65569.00,""
1735,2024-07-05,224,128,28672.00,""
1735,2024-07-07,187,53,9911.00,""
1735,2024-07-08,205,110,22550.00,""
1735,2024-07-09,185,210,38850.00,""
1735,2024-07-11,208,76,15808.00,""
1263,2024-06-04,82,92,7544.00,""
1263,2024-06-10,204,67,13668.00,""
1263,2024-06-13,264,180,47520.00,""
1263,2024-06-14,187,97,18139.00,""
1263,2024-06-20,155,216,33480.00,""
1263,2024-06-25,153,158,24174.00,""
1263,2024-07-01,141,222,31302.00,""
1263,2024-07-02,328,103,33784.00,""
1263,2024-07-03,93,198,18414.00,""
1263,2024-07-05,295,81,23895.00,""
1263,2024-07-07,303,236,71508.00,""
1263,2024-07-08,119,183,21777.00,""
1263,2024-07-09,323,95,30685.00,""
1263,2024-07-10,323,104,33592.00,""
1263,2024-07-12,315,74,23310.00,""
1739,2024-05-25,181,129,23349.00,""
1739,2024-05-26,123,77,9471.00,""
1739,2024-06-01,324,227,73548.00,""
1739,2024-06-04,117,157,18369.00,""
1739,2024-06-12,221,53,11713.00,""
1739,2024-06-15,299,200,59800.00,""
1739,2024-06-16,123,111,13653.00,""
1739,2024-06-18,147,235,34545.00,""
1739,2024-06-28,97,205,19885.00,""
1739,2024-07-11,192,84,16128.00,""
1739,2024-07-14,109,144,15696.00,""
1739,2024-07-17,133,54,7182.00,""
1739,2024-07-25,175,100,17500.00,""
1739,2024-07-31,225,92,20700.00,""
1739,2024-08-02,200,59,11800.00,""
1739,2024-08-03,281,187,52547.00,""
1739,2024-08-04,187,79,14773.00,""
1739,2024-08-08,112,56,6272.00,""
1739,2024-08-16,237,195,46215.00,""
1739,2024-08-23,97,68,6596.00,""
1739,2024-08-27,158,97,15326.00,""
1739,2024-09-03,246,144,35424.00,""
1739,2024-09-06,222,63,13986.00,""
1739,2024-09-07,256,124,31744.00,""
1739,2024-09-13,117,139,16263.00,""
1739,2024-09-14,230,171,39330.00,""
1739,2024-09-16,260,133,34580.00,""
1739,2024-09-17,151,172,25972.00,""
1739,2024-09-21,182,172,31304.00,""
1739,2024-09-22,142,82,11644.00,""
1739,2024-09-24,135,105,14175.00,""
1592,2024-06-01,202,93,18786.00,""
1592,2024-06-20,135,181,24435.00,""
1592,2024-06-24,127,184,23368.00,""
1592,2024-06-28,278,64,17792.00,""
1592,2024-07-06,287,133,38171.00,""
1592,2024-07-09,230,151,34730.00,""
1592,2024-07-15,185,131,24235.00,""
1592,2024-07-21,319,68,21692.00,""
1592,2024-08-03,191,219,41829.00,""
1592,2024-08-05,150,56,8400.00,""
1592,2024-08-07,126,167,21042.00,""
1758,2024-05-30,97,60,5820.00,""
1758,2024-06-04,165,110,18150.00,""
1758,2024-06-06,147,117,17199.00,""
1758,2024-06-14,266,177,47082.00,""
1758,2024-06-16,262,133,34846.00,""
1758,2024-06-24,310,216,66960.00,""
1758,2024-07-16,98,189,18522.00,""
1758,2024-07-20,316,94,29704.00,""
1758,2024-07-25,193,227,43811.00,""
1758,2024-08-15,151,159,24009.00,""
1758,2024-08-16,285,116,33060.00,""
1758,2024-08-20,193,64,12352.00,""
1758,2024-08-24,220,86,18920.00,""
1758,2024-09-01,172,187,32164.00,""
1758,2024-09-05,108,83,8964.00,""
1758,2024-09-12,252,111,27972.00,""
1758,2024-09-17,214,68,14552.00,""
1758,2024-09-18,164,195,31980.00,""
1758,2024-09-19,117,77,9009.00,""
1758,2024-09-26,224,78,17472.00,""
1721,2024-06-03,138,179,24702.00,""
1721,2024-06-12,209,83,17347.00,""
1721,2024-06-26,127,73,9271.00,""
1721,2024-06-28,137,149,20413.00,""
1721,2024-06-29,125,224,28000.00,""
1721,2024-07-05,316,144,45504.00,""
1721,2024-07-09,255,74,18870.00,""
1721,2024-07-14,318,164,52152.00,""
1721,2024-07-19,119,179,21301.00,""
1721,2024-07-21,320,196,62720.00,""
1721,2024-07-22,181,59,10679.00,""
1721,2024-07-25,223,121,26983.00,""
1721,2024-07-31,124,105,13020.00,""
1721,2024-08-06,243,219,53217.00,""
1721,2024-08-08,268,221,59228.00,""
1721,2024-08-20,162,93,15066.00,""
1721,2024-08-23,281,101,28381.00,""
1721,2024-08-24,199,122,24278.00,""
1721,2024-09-02,104,78,8112.00,""
1721,2024-09-04,284,66,18744.00,""
1721,2024-09-05,192,186,35712.00,""
1721,2024-09-06,215,114,24510.00,""
1721,2024-09-11,146,148,21608.00,""
1721,2024-09-19,123,137,16851.00,""
1721,2024-09-29,218,96,20928.00,""
1721,2024-09-30,137,110,15070.00,""
1729,2024-05-28,150,38,5700.00,""
1729,2024-05-30,176,133,23408.00,""
1729,2024-06-10,292,98,28616.00,""
1729,2024-06-11,250,97,24250.00,""
1729,2024-06-24,348,130,45240.00,""
1729,2024-06-26,105,111,11655.00,""
1729,2024-06-27,138,129,17802.00,""
1729,2024-07-03,157,202,31714.00,""
1729,2024-07-07,217,123,26691.00,""
1729,2024-07-09,291,158,45978.00,""
1421,2024-06-04,329,72,23688.00,""
1421,2024-06-08,312,164,51168.00,""
1421,2024-06-09,336,145,48720.00,""
1421,2024-06-10,279,112,31248.00,""
1421,2024-06-20,87,193,16791.00,""
1421,2024-06-22,130,119,15470.00,""
1421,2024-06-23,196,143,28028.00,""
1421,2024-06-26,318,94,29892.00,""
1421,2024-07-05,251,69,17319.00,""
1421,2024-07-07,338,124,41912.00,""
1421,2024-07-08,181,96,17376.00,""
1421,2024-07-25,253,51,12903.00,""
1421,2024-08-04,332,182,60424.00,""
1421,2024-08-14,310,78,24180.00,""
1421,2024-08-31,173,138,23874.00,""
1421,2024-09-01,246,193,47478.00,""
1421,2024-09-04,166,193,32038.00,""
1421,2024-09-07,200,108,21600.00,""
1421,2024-09-09,125,173,21625.00,""
1249,2024-05-29,116,113,13108.00,""
1249,2024-05-30,40,96,3840.00,""
1249,2024-05-31,85,51,4335.00,""
1249,2024-06-09,123,198,24354.00,""
1249,2024-06-10,309,153,47277.00,""
1249,2024-06-12,346,247,85462.00,""
1249,2024-06-13,318,238,75684.00,""
1249,2024-06-18,234,139,32526.00,""
1249,2024-06-20,230,53,12190.00,""
1249,2024-06-21,249,59,14691.00,""
1249,2024-06-23,143,135,19305.00,""
1249,2024-06-25,276,190,52440.00,""
1249,2024-06-26,92,101,9292.00,""
1249,2024-06-30,225,237,53325.00,""
1249,2024-07-07,138,112,15456.00,""
1249,2024-07-10,286,150,42900.00,""
1249,2024-07-15,230,104,23920.00,""
1249,2024-07-17,350,111,38850.00,""
1249,2024-07-19,328,174,57072.00,""
1249,2024-07-27,178,136,24208.00,""
1249,2024-07-30,152,51,7752.00,""
1249,2024-08-01,251,176,44176.00,""
1249,2024-08-02,320,196,62720.00,""
1249,2024-08-05,81,220,17820.00,""
1249,2024-08-06,232,92,21344.00,""
1292,2024-05-29,197,41,8077.00,""
1292,2024-05-31,178,91,16198.00,""
1292,2024-06-02,348,246,85608.00,""
1292,2024-06-03,223,82,18286.00,""
1292,2024-06-07,100,153,15300.00,""
1292,2024-06-14,285,212,60420.00,""
1292,2024-07-10,93,183,17019.00,""
1292,2024-07-12,320,82,26240.00,""
1292,2024-07-13,269,120,32280.00,""
1292,2024-07-21,329,105,34545.00,""
1292,2024-07-23,276,59,16284.00,""
1292,2024-08-01,309,119,36771.00,""
1292,2024-08-07,279,191,53289.00,""
1292,2024-08-09,311,134,41674.00,""
1292,2024-08-12,295,122,35990.00,""
1292,2024-08-14,342,196,67032.00,""
1292,2024-08-17,344,154,52976.00,""
1292,2024-08-18,133,174,23142.00,""
1260,2024-06-07,342,155,53010.00,""
1260,2024-06-08,194,138,26772.00,""
1260,2024-06-10,115,99,11385.00,""
1260,2024-06-12,256,126,32256.00,""
1260,2024-06-16,131,84,11004.00,""
1260,2024-06-19,86,142,12212.00,""
1260,2024-06-20,324,92,29808.00,""
1260,2024-06-22,332,111,36852.00,""
1260,2024-06-23,343,205,70315.00,""
1260,2024-06-27,190,226,42940.00,""
1260,2024-06-28,287,233,66871.00,""
1260,2024-06-30,214,93,19902.00,""
1260,2024-07-03,108,155,16740.00,""
1260,2024-07-11,108,116,12528.00,""
1260,2024-07-13,308,197,60676.00,""
1260,2024-07-20,294,147,43218.00,""
1260,2024-07-25,212,121,25652.00,""
1260,2024-07-28,209,132,27588.00,""
1260,2024-08-01,300,151,45300.00,""
1260,2024-08-02,298,230,68540.00,""
1260,2024-08-05,325,209,67925.00,""
1424,2024-06-07,204,202,41208.00,""
1424,2024-06-14,247,225,55575.00,""
1424,2024-06-20,256,233,59648.00,""
1424,2024-06-23,225,105,23625.00,""
1424,2024-06-28,105,184,19320.00,""
1424,2024-06-29,329,238,78302.00,""
1424,2024-07-03,87,206,17922.00,""
1424,2024-07-05,120,228,27360.00,""
1424,2024-07-10,226,185,41810.00,""
1424,2024-07-21,214,58,12412.00,""
1424,2024-07-23,146,127,18542.00,""
1424,2024-08-02,231,176,40656.00,""
1424,2024-08-05,291,210,61110.00,""
1424,2024-08-07,307,79,24253.00,""
1424,2024-08-09,339,250,84750.00,""
1424,2024-08-10,104,60,6240.00,""
1424,2024-08-11,271,77,20867.00,""
1424,2024-08-14,342,56,19152.00,""
1424,2024-08-15,115,185,21275.00,""
1424,2024-08-18,89,85,7565.00,""
1424,2024-08-20,259,177,45843.00,""
1644,2024-05-28,160,39,6240.00,""
1644,2024-05-30,64,82,5248.00,""
1644,2024-06-07,201,148,29748.00,""
1644,2024-06-08,323,124,40052.00,""
1644,2024-06-11,194,233,45202.00,""
1644,2024-06-13,139,187,25993.00,""
1644,2024-06-15,130,193,25090.00,""
1644,2024-06-28,108,243,26244.00,""
1644,2024-06-30,85,130,11050.00,""
1644,2024-07-04,329,167,54943.00,""
1470,2024-06-06,111,249,27639.00,""
1470,2024-06-09,297,189,56133.00,""
1470,2024-06-11,115,157,18055.00,""
1470,2024-06-25,152,209,31768.00,""
1470,2024-06-30,147,150,22050.00,""
1470,2024-07-01,90,147,13230.00,""
1470,2024-07-02,172,64,11008.00,""
1470,2024-07-13,87,205,17835.00,""
1470,2024-07-16,110,111,12210.00,""
1470,2024-07-17,111,81,8991.00,""
1470,2024-07-21,107,212,22684.00,""
1470,2024-07-29,224,240,53760.00,""
1470,2024-08-02,151,150,22650.00,""
1470,2024-08-06,235,159,37365.00,""
1470,2024-08-10,208,237,49296.00,""
1470,2024-08-11,84,151,12684.00,""
1470,2024-08-22,314,250,78500.00,""
1470,2024-08-29,112,99,11088.00,""
1352,2024-05-31,131,96,12576.00,""
1352,2024-06-03,170,176,29920.00,""
1352,2024-06-05,326,151,49226.00,""
1352,2024-06-09,327,69,22563.00,""
1352,2024-06-12,163,223,36349.00,""
1352,2024-06-15,187,240,44880.00,""
1352,2024-06-17,90,161,14490.00,""
1352,2024-06-18,253,159,40227.00,""
1352,2024-06-21,222,194,43068.00,""
1352,2024-06-26,323,148,47804.00,""
1352,2024-07-03,348,98,34104.00,""
1352,2024-07-04,114,119,13566.00,""
1352,2024-07-06,305,150,45750.00,""
1352,2024-07-09,195,127,24765.00,""
1352,2024-07-11,219,179,39201.00,""
1352,2024-07-17,340,241,81940.00,""
1352,2024-07-21,177,209,36993.00,""
1352,2024-07-23,278,117,32526.00,""
1352,2024-07-27,300,191,57300.00,""
1352,2024-07-29,131,121,15851.00,""
1352,2024-08-05,333,120,39960.00,""
1352,2024-08-06,322,177,56994.00,""
1352,2024-08-08,187,141,26367.00,""
1352,2024-08-13,207,244,50508.00,""
1352,2024-08-21,110,119,13090.00,""
1352,2024-08-22,155,141,21855.00,""
1352,2024-08-23,333,205,68265.00,""
1589,2024-05-28,87,51,4437.00,""
1589,2024-05-29,53,139,7367.00,""
1589,2024-05-31,67,132,8844.00,""
1589,2024-06-06,155,90,13950.00,""
1589,2024-06-10,349,170,59330.00,""
1589,2024-06-11,278,122,33916.00,""
1589,2024-06-12,274,87,23838.00,""
1589,2024-06-20,309,198,61182.00,""
1589,2024-06-21,122,158,19276.00,""
1589,2024-06-28,310,193,59830.00,""
1589,2024-06-29,265,169,44785.00,""
1589,2024-07-01,96,68,6528.00,""
1589,2024-07-05,179,178,31862.00,""
1589,2024-07-10,238,213,50694.00,""
1589,2024-07-12,190,177,33630.00,""
1589,2024-07-13,185,249,46065.00,""
1589,2024-07-17,318,67,21306.00,""
1589,2024-07-19,244,59,14396.00,""
1589,2024-07-23,267,206,55002.00,""
1589,2024-07-29,93,84,7812.00,""
1589,2024-07-30,302,172,51944.00,""
1589,2024-08-05,295,217,64015.00,""
1709,2024-06-13,159,92,14628.00,""
1709,2024-06-15,161,51,8211.00,""
1709,2024-06-16,218,219,47742.00,""
1709,2024-06-18,216,138,29808.00,""
1709,2024-06-19,155,118,18290.00,""
1709,2024-06-24,170,223,37910.00,""
1709,2024-06-26,202,102,20604.00,""
1709,2024-06-28,197,115,22655.00,""
1709,2024-06-30,331,156,51636.00,""
1709,2024-07-02,175,141,24675.00,""
1709,2024-07-03,226,143,32318.00,""
1709,2024-07-04,100,215,21500.00,""
1709,2024-07-09,244,127,30988.00,""
1709,2024-07-17,207,118,24426.00,""
1709,2024-07-22,251,197,49447.00,""
1709,2024-07-26,278,97,26966.00,""
1709,2024-07-28,134,208,27872.00,""
1709,2024-07-29,284,116,32944.00,""
1709,2024-08-19,223,142,31666.00,""
1709,2024-08-23,199,213,42387.00,""
1709,2024-08-24,143,96,13728.00,""
1709,2024-08-29,96,108,10368.00,""
1709,2024-08-31,137,194,26578.00,""
1709,2024-09-02,297,112,33264.00,""
1709,2024-09-06,203,196,39788.00,""
1709,2024-09-12,196,138,27048.00,""
1709,2024-09-14,165,173,28545.00,""
1709,2024-09-23,270,197,53190.00,""
1350,2024-05-26,54,60,3240.00,""
1350,2024-05-27,62,133,8246.00,""
1350,2024-05-30,97,32,3104.00,""
1350,2024-05-31,60,130,7800.00,""
1350,2024-06-07,265,77,20405.00,""
1350,2024-06-08,132,229,30228.00,""
1350,2024-06-10,312,195,60840.00,""
1350,2024-06-11,185,82,15170.00,""
1350,2024-06-13,193,102,19686.00,""
1350,2024-06-15,291,88,25608.00,""
1350,2024-06-18,109,123,13407.00,""
1350,2024-06-20,300,113,33900.00,""
1350,2024-06-22,214,149,31886.00,""
1350,2024-06-24,281,92,25852.00,""
1350,2024-06-26,147,83,12201.00,""
1350,2024-06-30,334,231,77154.00,""
1350,2024-07-05,251,74,18574.00,""
1350,2024-07-11,126,132,16632.00,""
1350,2024-07-19,238,207,49266.00,""
1350,2024-07-21,332,99,32868.00,""
1448,2024-06-11,223,239,53297.00,""
1448,2024-06-14,115,123,14145.00,""
1448,2024-06-19,153,82,12546.00,""
1448,2024-06-22,94,135,12690.00,""
1448,2024-06-24,150,77,11550.00,""
1448,2024-06-27,146,113,16498.00,""
1448,2024-07-01,335,121,40535.00,""
1448,2024-07-03,164,135,22140.00,""
1448,2024-07-04,135,231,31185.00,""
1448,2024-07-10,122,184,22448.00,""
1448,2024-07-12,97,61,5917.00,""
1448,2024-07-15,142,233,33086.00,""
1448,2024-07-20,323,211,68153.00,""
1448,2024-07-22,126,150,18900.00,""
1448,2024-07-28,118,200,23600.00,""
1448,2024-07-30,203,141,28623.00,""
1448,2024-08-03,124,231,28644.00,""
1448,2024-08-07,135,100,13500.00,""
1448,2024-08-11,233,68,15844.00,""
1448,2024-08-13,179,181,32399.00,""
1448,2024-08-14,178,224,39872.00,""
1448,2024-08-15,234,50,11700.00,""
1448,2024-08-20,233,240,55920.00,""
1448,2024-09-07,288,136,39168.00,""
1448,2024-09-11,138,133,18354.00,""
1713,2024-05-29,167,139,23213.00,""
1713,2024-05-30,66,95,6270.00,""
1713,2024-06-04,212,215,45580.00,""
1713,2024-06-05,196,62,12152.00,""
1713,2024-06-14,256,179,45824.00,""
1713,2024-06-15,272,248,67456.00,""
1713,2024-06-16,231,218,50358.00,""
1713,2024-06-20,154,112,17248.00,""
1713,2024-06-23,331,191,63221.00,""
1713,2024-06-25,206,181,37286.00,""
1713,2024-07-08,342,172,58824.00,""
1713,2024-07-11,279,237,66123.00,""
1713,2024-07-12,293,202,59186.00,""
1713,2024-07-13,265,175,46375.00,""
1713,2024-07-16,121,103,12463.00,""
1713,2024-07-21,309,151,46659.00,""
1713,2024-07-27,253,67,16951.00,""
1713,2024-07-29,292,175,51100.00,""
1713,2024-07-30,174,82,14268.00,""
1713,2024-08-05,315,141,44415.00,""
1713,2024-08-12,249,240,59760.00,""
1713,2024-08-15,246,238,58548.00,""
1713,2024-08-16,91,246,22386.00,""
1713,2024-08-18,200,188,37600.00,""
1713,2024-08-23,136,140,19040.00,""
1713,2024-08-24,139,194,26966.00,""
1713,2024-08-26,288,187,53856.00,""
1713,2024-08-27,175,141,24675.00,""
1713,2024-08-30,215,231,49665.00,""
1713,2024-09-02,127,99,12573.00,""
1713,2024-09-05,259,168,43512.00,""
1713,2024-09-08,237,136,32232.00,""
1713,2024-09-10,200,172,34400.00,""
1713,2024-09-11,298,160,47680.00,""
1713,2024-09-16,278,175,48650.00,""
1713,2024-09-17,236,84,19824.00,""
1713,2024-09-20,201,119,23919.00,""
1713,2024-09-27,200,64,12800.00,""
1360,2024-05-30,158,61,9638.00,""
1360,2024-06-03,337,236,79532.00,""
1360,2024-06-06,310,134,41540.00,""
1360,2024-06-10,153,208,31824.00,""
1360,2024-06-11,86,201,17286.00,""
1360,2024-06-13,254,211,53594.00,""
1360,2024-06-15,332,226,75032.00,""
1360,2024-06-20,140,124,17360.00,""
1360,2024-06-25,307,223,68461.00,""
1360,2024-06-26,176,109,19184.00,""
1360,2024-06-29,207,240,49680.00,""
1360,2024-07-01,228,152,34656.00,""
1360,2024-07-07,133,64,8512.00,""
1360,2024-07-10,187,161,30107.00,""
1360,2024-07-16,134,129,17286.00,""
1360,2024-07-17,332,158,52456.00,""
1360,2024-07-18,260,75,19500.00,""
1360,2024-07-21,270,67,18090.00,""
1360,2024-07-22,274,250,68500.00,""
1360,2024-07-29,117,247,28899.00,""
1360,2024-07-31,140,219,30660.00,""
1360,2024-08-07,176,70,12320.00,""
1360,2024-08-08,137,61,8357.00,""
1360,2024-08-16,166,55,9130.00,""
1656,2024-06-12,187,161,30107.00,""
1656,2024-06-14,186,157,29202.00,""
1656,2024-06-16,291,207,60237.00,""
1656,2024-06-22,290,250,72500.00,""
1656,2024-06-26,200,57,11400.00,""
1656,2024-06-27,99,138,13662.00,""
1656,2024-06-28,174,230,40020.00,""
1656,2024-07-01,227,245,55615.00,""
1656,2024-07-06,128,103,13184.00,""
1656,2024-07-10,107,178,19046.00,""
1656,2024-07-21,185,191,35335.00,""
1656,2024-07-24,296,82,24272.00,""
1331,2024-06-02,197,196,38612.00,""
1331,2024-06-06,326,236,76936.00,""
1331,2024-06-12,181,65,11765.00,""
1331,2024-06-25,119,153,18207.00,""
1331,2024-06-27,148,247,36556.00,""
1331,2024-06-29,209,177,36993.00,""
1331,2024-07-02,301,107,32207.00,""
1331,2024-07-03,93,91,8463.00,""
1331,2024-07-08,328,213,69864.00,""
1331,2024-07-11,168,244,40992.00,""
1331,2024-07-16,161,83,13363.00,""
1331,2024-07-18,104,141,14664.00,""
1331,2024-07-19,116,218,25288.00,""
1331,2024-07-21,195,184,35880.00,""
1331,2024-07-23,129,226,29154.00,""
1331,2024-08-01,93,141,13113.00,""
1331,2024-08-02,187,247,46189.00,""
1331,2024-08-03,146,149,21754.00,""
1331,2024-08-04,171,76,12996.00,""
1331,2024-08-05,94,202,18988.00,""
1331,2024-08-06,347,145,50315.00,""
1331,2024-08-10,310,144,44640.00,""
1331,2024-08-14,232,182,42224.00,""
1331,2024-08-15,165,149,24585.00,""
1331,2024-08-21,188,173,32524.00,""
1331,2024-08-22,131,116,15196.00,""
1331,2024-08-25,249,168,41832.00,""
1331,2024-08-26,350,185,64750.00,""
1331,2024-08-27,198,202,39996.00,""
1331,2024-09-01,297,175,51975.00,""
1331,2024-09-04,142,197,27974.00,""
1623,2024-05-31,151,103,15553.00,""
1623,2024-06-01,260,114,29640.00,""
1623,2024-06-05,149,102,15198.00,""
1623,2024-06-06,286,190,54340.00,""
1623,2024-06-07,286,120,34320.00,""
1623,2024-06-10,96,193,18528.00,""
1623,2024-06-16,266,58,15428.00,""
1623,2024-06-27,174,205,35670.00,""
1623,2024-06-28,202,148,29896.00,""
1623,2024-07-02,285,202,57570.00,""
1623,2024-07-04,188,66,12408.00,""
1742,2024-05-15,148,120,17760.00,""
1742,2024-05-22,66,133,8778.00,""
1742,2024-05-23,96,62,5952.00,""
1742,2024-05-25,127,30,3810.00,""
1742,2024-05-27,200,110,22000.00,""
1742,2024-05-30,185,134,24790.00,""
1742,2024-06-01,326,50,16300.00,""
1742,2024-06-03,108,99,10692.00,""
1742,2024-06-05,81,204,16524.00,""
1742,2024-06-07,219,247,54093.00,""
1742,2024-06-16,330,152,50160.00,""
1742,2024-06-18,139,219,30441.00,""
1742,2024-06-22,289,230,66470.00,""
1742,2024-06-29,327,90,29430.00,""
1742,2024-06-30,341,249,84909.00,""
1742,2024-07-03,172,115,19780.00,""
1742,2024-07-05,268,87,23316.00,""
1742,2024-07-08,298,151,44998.00,""
1742,2024-07-12,235,234,54990.00,""
1742,2024-07-17,215,58,12470.00,""
1742,2024-07-19,222,135,29970.00,""
1742,2024-07-22,343,198,67914.00,""
1742,2024-07-28,150,210,31500.00,""
1742,2024-08-02,143,246,35178.00,""
1742,2024-08-06,160,182,29120.00,""
1742,2024-08-10,154,65,10010.00,""
1742,2024-08-12,242,228,55176.00,""
1742,2024-08-13,285,132,37620.00,""
1742,2024-08-14,146,249,36354.00,""
1742,2024-08-29,239,105,25095.00,""
1742,2024-09-01,252,178,44856.00,""
1742,2024-09-05,205,194,39770.00,""
1742,2024-09-06,117,145,16965.00,""
1742,2024-09-08,186,168,31248.00,""
1617,2024-05-10,139,137,19043.00,""
1617,2024-05-11,170,95,16150.00,""
1617,2024-05-13,164,86,14104.00,""
1617,2024-05-15,94,150,14100.00,""
1617,2024-05-16,147,57,8379.00,""
1617,2024-05-23,74,114,8436.00,""
1617,2024-06-07,82,71,5822.00,""
1617,2024-06-08,143,246,35178.00,""
1617,2024-06-09,221,129,28509.00,""
1617,2024-06-11,119,95,11305.00,""
1617,2024-06-13,102,162,16524.00,""
1617,2024-06-14,135,114,15390.00,""
1617,2024-06-15,295,133,39235.00,""
1336,2024-05-26,78,63,4914.00,""
1336,2024-05-27,119,74,8806.00,""
1336,2024-05-28,109,46,5014.00,""
1336,2024-05-29,41,61,2501.00,""
1336,2024-05-30,141,59,8319.00,""
1336,2024-06-02,184,180,33120.00,""
1336,2024-06-09,318,202,64236.00,""
1336,2024-06-15,345,202,69690.00,""
1336,2024-06-20,100,128,12800.00,""
1336,2024-06-22,302,130,39260.00,""
1336,2024-06-24,84,98,8232.00,""
1336,2024-06-27,272,102,27744.00,""
1336,2024-07-01,164,215,35260.00,""
1336,2024-07-13,245,197,48265.00,""
1336,2024-07-22,213,226,48138.00,""
1336,2024-07-26,171,163,27873.00,""
1336,2024-07-30,213,51,10863.00,""
1336,2024-08-04,118,71,8378.00,""
1336,2024-08-07,113,130,14690.00,""
1336,2024-08-09,156,245,38220.00,""
1336,2024-08-12,118,218,25724.00,""
1336,2024-08-14,110,168,18480.00,""
1278,2024-05-14,166,76,12616.00,""
1278,2024-05-18,138,140,19320.00,""
1278,2024-05-25,118,140,16520.00,""
1278,2024-05-26,73,29,2117.00,""
1278,2024-05-28,167,148,24716.00,""
1278,2024-06-03,171,102,17442.00,""
1278,2024-06-04,136,171,23256.00,""
1278,2024-06-06,110,246,27060.00,""
1278,2024-06-07,158,80,12640.00,""
1278,2024-06-14,166,182,30212.00,""
1278,2024-06-16,120,58,6960.00,""
1278,2024-07-04,146,116,16936.00,""
1278,2024-07-09,98,210,20580.00,""
1278,2024-07-11,277,116,32132.00,""
1278,2024-07-15,176,225,39600.00,""
1278,2024-07-21,166,78,12948.00,""
1278,2024-07-22,165,71,11715.00,""
1278,2024-07-29,122,110,13420.00,""
1278,2024-08-01,82,72,5904.00,""
1278,2024-08-07,211,195,41145.00,""
1278,2024-08-09,297,114,33858.00,""
1278,2024-08-10,276,159,43884.00,""
1278,2024-08-18,87,192,16704.00,""
1278,2024-08-20,287,225,64575.00,""
1278,2024-08-21,86,125,10750.00,""
1278,2024-08-22,141,138,19458.00,""
1278,2024-08-27,91,62,5642.00,""
1278,2024-09-01,221,114,25194.00,""
1278,2024-09-02,144,105,15120.00,""
1278,2024-09-03,221,94,20774.00,""
1278,2024-09-07,221,126,27846.00,""
1278,2024-09-08,140,134,18760.00,""
1278,2024-09-11,162,187,30294.00,""
1278,2024-09-13,296,191,56536.00,""
1278,2024-09-14,241,123,29643.00,""
1278,2024-09-19,214,186,39804.00,""
1278,2024-09-22,119,97,11543.00,""
1278,2024-09-27,258,111,28638.00,""
1355,2024-05-10,142,138,19596.00,""
1355,2024-05-11,151,20,3020.00,""
1355,2024-05-12,198,88,17424.00,""
1355,2024-05-13,123,100,12300.00,""
1355,2024-05-14,77,102,7854.00,""
1355,2024-05-18,76,91,6916.00,""
1355,2024-05-21,69,101,6969.00,""
1355,2024-05-24,198,76,15048.00,""
1355,2024-05-26,126,91,11466.00,""
1355,2024-05-29,105,26,2730.00,""
1355,2024-05-31,77,121,9317.00,""
1355,2024-06-05,99,108,10692.00,""
1355,2024-06-11,93,212,19716.00,""
1355,2024-06-18,298,90,26820.00,""
1355,2024-06-29,119,178,21182.00,""
1355,2024-07-01,185,56,10360.00,""
1355,2024-07-06,146,105,15330.00,""
1355,2024-07-09,299,175,52325.00,""
1355,2024-07-19,231,113,26103.00,""
1355,2024-07-20,117,250,29250.00,""
1355,2024-07-21,172,117,20124.00,""
1355,2024-07-23,348,68,23664.00,""
1355,2024-07-24,133,143,19019.00,""
1355,2024-07-26,262,215,56330.00,""
1355,2024-07-28,257,105,26985.00,""
1445,2024-05-18,157,86,13502.00,""
1445,2024-05-19,72,57,4104.00,""
1445,2024-05-23,190,146,27740.00,""
1445,2024-05-26,54,117,6318.00,""
1445,2024-05-28,52,108,5616.00,""
1445,2024-05-30,131,34,4454.00,""
1445,2024-06-01,256,224,57344.00,""
1445,2024-06-05,305,115,35075.00,""
1445,2024-06-15,124,177,21948.00,""
1445,2024-06-26,165,180,29700.00,""
1445,2024-07-03,173,149,25777.00,""
1445,2024-07-06,105,199,20895.00,""
1445,2024-07-09,282,172,48504.00,""
1445,2024-07-14,212,147,31164.00,""
1445,2024-07-20,214,228,48792.00,""
1445,2024-07-23,300,58,17400.00,""
1445,2024-07-30,303,210,63630.00,""
1445,2024-08-08,125,129,16125.00,""
1513,2024-05-12,51,74,3774.00,""
1513,2024-05-13,86,71,6106.00,""
1513,2024-05-18,78,135,10530.00,""
1513,2024-05-21,196,127,24892.00,""
1513,2024-05-23,65,142,9230.00,""
1513,2024-05-26,143,66,9438.00,""
1513,2024-05-27,158,51,8058.00,""
1513,2024-05-31,157,42,6594.00,""
1513,2024-06-02,239,220,52580.00,""
1513,2024-06-03,135,71,9585.00,""
1513,2024-06-04,215,173,37195.00,""
1513,2024-06-06,148,229,33892.00,""
1513,2024-06-08,173,83,14359.00,""
1513,2024-06-11,125,212,26500.00,""
1513,2024-06-14,182,64,11648.00,""
1513,2024-06-19,151,236,35636.00,""
1513,2024-06-21,222,128,28416.00,""
1513,2024-06-22,307,127,38989.00,""
1513,2024-06-25,272,108,29376.00,""
1513,2024-06-29,134,160,21440.00,""
1513,2024-06-30,225,57,12825.00,""
1513,2024-07-06,274,169,46306.00,""
1513,2024-07-11,93,174,16182.00,""
1513,2024-07-16,145,76,11020.00,""
1513,2024-07-20,294,229,67326.00,""
1513,2024-07-22,100,233,23300.00,""
1513,2024-07-28,169,63,10647.00,""
1513,2024-07-30,332,113,37516.00,""
1513,2024-07-31,346,150,51900.00,""
1513,2024-08-02,123,85,10455.00,""
1513,2024-08-08,82,243,19926.00,""
1513,2024-08-20,107,59,6313.00,""
1513,2024-08-21,99,237,23463.00,""
1513,2024-08-23,335,167,55945.00,""
1513,2024-08-25,131,118,15458.00,""
1513,2024-08-26,222,91,20202.00,""
1513,2024-09-01,145,90,13050.00,""
1513,2024-09-02,238,166,39508.00,""
1513,2024-09-05,236,137,32332.00,""
1513,2024-09-08,101,85,8585.00,""
1513,2024-09-11,257,109,28013.00,""
1513,2024-09-14,174,108,18792.00,""
1430,2024-05-14,166,76,12616.00,""
1430,2024-05-18,63,84,5292.00,""
1430,2024-05-19,61,103,6283.00,""
1430,2024-05-23,155,146,22630.00,""
1430,2024-05-28,65,145,9425.00,""
1430,2024-05-29,141,146,20586.00,""
1430,2024-05-31,164,35,5740.00,""
1430,2024-06-06,129,150,19350.00,""
1430,2024-06-07,161,93,14973.00,""
1430,2024-06-15,241,120,28920.00,""
1430,2024-06-18,131,131,17161.00,""
1430,2024-06-21,265,78,20670.00,""
1430,2024-06-27,128,132,16896.00,""
1354,2024-05-19,148,59,8732.00,""
1354,2024-05-26,98,105,10290.00,""
1354,2024-05-29,103,127,13081.00,""
1354,2024-05-30,167,79,13193.00,""
1354,2024-05-31,89,38,3382.00,""
1354,2024-06-07,214,203,43442.00,""
1354,2024-06-11,159,213,33867.00,""
1354,2024-06-13,120,81,9720.00,""
1354,2024-06-14,346,186,64356.00,""
1354,2024-06-15,223,244,54412.00,""
1354,2024-06-17,188,199,37412.00,""
1354,2024-06-18,113,112,12656.00,""
1354,2024-06-26,337,154,51898.00,""
1354,2024-06-28,215,143,30745.00,""
1354,2024-07-01,193,204,39372.00,""
1354,2024-07-06,287,59,16933.00,""
1354,2024-07-08,279,51,14229.00,""
1354,2024-07-13,348,124,43152.00,""
1354,2024-07-15,288,169,48672.00,""
1354,2024-07-18,89,68,6052.00,""
1354,2024-07-27,234,93,21762.00,""
1354,2024-07-28,216,124,26784.00,""
1354,2024-07-31,298,176,52448.00,""
1354,2024-08-04,123,173,21279.00,""
1354,2024-08-11,329,159,52311.00,""
1354,2024-08-15,148,228,33744.00,""
1354,2024-08-18,100,202,20200.00,""
1354,2024-08-21,142,77,10934.00,""
1354,2024-08-24,138,170,23460.00,""
1354,2024-08-25,282,205,57810.00,""
1354,2024-08-31,334,242,80828.00,""
1354,2024-09-02,222,128,28416.00,""
1354,2024-09-05,187,68,12716.00,""
1354,2024-09-07,270,92,24840.00,""
1354,2024-09-08,237,81,19197.00,""
1354,2024-09-13,236,150,35400.00,""
1332,2024-05-13,86,63,5418.00,""
1332,2024-05-14,86,27,2322.00,""
1332,2024-05-15,53,63,3339.00,""
1332,2024-05-17,51,56,2856.00,""
1332,2024-05-22,172,124,21328.00,""
1332,2024-05-26,195,149,29055.00,""
1332,2024-05-27,88,45,3960.00,""
1332,2024-05-28,127,62,7874.00,""
1332,2024-05-30,172,134,23048.00,""
1332,2024-05-31,52,61,3172.00,""
1332,2024-06-04,346,222,76812.00,""
1332,2024-06-14,304,200,60800.00,""
1332,2024-06-16,349,108,37692.00,""
1332,2024-06-28,237,222,52614.00,""
1332,2024-07-03,276,142,39192.00,""
1332,2024-07-09,117,56,6552.00,""
1332,2024-07-26,220,116,25520.00,""
1332,2024-08-01,298,181,53938.00,""
1696,2024-05-09,117,74,8658.00,""
1696,2024-05-11,95,48,4560.00,""
1696,2024-05-17,63,96,6048.00,""
1696,2024-05-24,84,54,4536.00,""
1696,2024-05-27,144,98,14112.00,""
1696,2024-05-29,98,37,3626.00,""
1696,2024-05-31,40,109,4360.00,""
1696,2024-06-04,111,220,24420.00,""
1696,2024-06-09,289,60,17340.00,""
1696,2024-06-10,101,73,7373.00,""
1696,2024-06-11,101,160,16160.00,""
1696,2024-06-13,290,239,69310.00,""
1696,2024-06-16,134,232,31088.00,""
1696,2024-06-21,269,178,47882.00,""
1696,2024-06-22,340,138,46920.00,""
1662,2024-05-20,167,38,6346.00,""
1662,2024-05-23,125,120,15000.00,""
1662,2024-05-28,134,101,13534.00,""
1662,2024-05-30,168,61,10248.00,""
1662,2024-05-31,126,51,6426.00,""
1662,2024-06-11,297,250,74250.00,""
1662,2024-06-12,82,69,5658.00,""
1662,2024-06-15,144,144,20736.00,""
1662,2024-06-24,339,88,29832.00,""
1662,2024-07-05,198,97,19206.00,""
1662,2024-07-07,179,90,16110.00,""
1662,2024-07-13,112,101,11312.00,""
1662,2024-07-24,296,74,21904.00,""
1662,2024-07-26,144,73,10512.00,""
1662,2024-07-27,193,247,47671.00,""
1662,2024-07-29,150,227,34050.00,""
1662,2024-07-30,181,106,19186.00,""
1662,2024-07-31,224,85,19040.00,""
1662,2024-08-22,239,97,23183.00,""
1662,2024-08-26,108,153,16524.00,""
1662,2024-08-31,246,74,18204.00,""
1662,2024-09-01,204,92,18768.00,""
1662,2024-09-02,150,166,24900.00,""
1662,2024-09-05,267,61,16287.00,""
1662,2024-09-08,223,95,21185.00,""
1662,2024-09-09,198,162,32076.00,""
1662,2024-09-11,232,121,28072.00,""
1662,2024-09-13,207,137,28359.00,""
1662,2024-09-19,138,136,18768.00,""
1662,2024-09-20,243,95,23085.00,""
1662,2024-09-23,190,94,17860.00,""
1662,2024-09-24,112,168,18816.00,""
1706,2024-05-10,53,44,2332.00,""
1706,2024-05-13,51,30,1530.00,""
1706,2024-05-19,56,64,3584.00,""
1706,2024-05-22,185,117,21645.00,""
1706,2024-05-24,52,122,6344.00,""
1706,2024-05-27,141,33,4653.00,""
1706,2024-05-29,73,45,3285.00,""
1706,2024-06-06,210,147,30870.00,""
1706,2024-06-19,321,200,64200.00,""
1706,2024-06-20,315,209,65835.00,""
1706,2024-06-23,126,108,13608.00,""
1706,2024-06-28,146,127,18542.00,""
1462,2024-05-14,177,25,4425.00,""
1462,2024-05-15,153,35,5355.00,""
1462,2024-05-16,86,72,6192.00,""
1462,2024-05-19,86,92,7912.00,""
1462,2024-05-21,117,91,10647.00,""
1462,2024-05-24,149,50,7450.00,""
1462,2024-05-26,170,91,15470.00,""
1462,2024-05-28,194,70,13580.00,""
1462,2024-05-29,61,104,6344.00,""
1462,2024-06-08,281,109,30629.00,""
1462,2024-06-11,290,203,58870.00,""
1462,2024-06-18,94,114,10716.00,""
1462,2024-06-20,198,117,23166.00,""
1462,2024-06-21,325,170,55250.00,""
1462,2024-06-25,305,180,54900.00,""
1462,2024-06-27,247,89,21983.00,""
1462,2024-07-06,107,165,17655.00,""
1462,2024-07-09,132,127,16764.00,""
1462,2024-07-10,80,58,4640.00,""
1462,2024-07-12,203,171,34713.00,""
1462,2024-07-16,316,62,19592.00,""
1462,2024-07-17,260,137,35620.00,""
1462,2024-08-01,140,116,16240.00,""
1462,2024-08-07,308,99,30492.00,""
1462,2024-08-08,309,78,24102.00,""
1410,2024-05-20,78,113,8814.00,""
1410,2024-05-21,146,66,9636.00,""
1410,2024-05-22,63,33,2079.00,""
1410,2024-05-28,177,109,19293.00,""
1410,2024-06-03,109,92,10028.00,""
1410,2024-06-11,257,79,20303.00,""
1410,2024-06-18,85,234,19890.00,""
1410,2024-06-29,216,163,35208.00,""
1410,2024-07-05,238,57,13566.00,""
1410,2024-07-09,219,212,46428.00,""
1410,2024-07-11,140,152,21280.00,""
1410,2024-07-13,185,166,30710.00,""
1410,2024-07-16,90,186,16740.00,""
1410,2024-07-17,313,176,55088.00,""
1410,2024-07-18,218,53,11554.00,""
1410,2024-07-21,270,172,46440.00,""
1410,2024-07-23,295,198,58410.00,""
1410,2024-07-24,108,82,8856.00,""
1410,2024-07-25,310,73,22630.00,""
1410,2024-07-26,118,154,18172.00,""
1410,2024-07-27,171,87,14877.00,""
1410,2024-07-30,122,226,27572.00,""
1410,2024-08-03,242,128,30976.00,""
1410,2024-08-06,131,93,12183.00,""
1410,2024-08-10,162,52,8424.00,""
1410,2024-08-12,158,238,37604.00,""
1410,2024-08-13,153,108,16524.00,""
1410,2024-08-16,306,219,67014.00,""
1410,2024-08-19,324,126,40824.00,""
1410,2024-08-21,129,175,22575.00,""
1410,2024-08-22,294,219,64386.00,""
1346,2024-05-10,134,37,4958.00,""
1346,2024-05-11,55,64,3520.00,""
1346,2024-05-12,48,63,3024.00,""
1346,2024-05-15,74,76,5624.00,""
1346,2024-05-19,156,98,15288.00,""
1346,2024-05-21,138,148,20424.00,""
1346,2024-05-22,122,95,11590.00,""
1346,2024-05-25,75,148,11100.00,""
1346,2024-05-28,84,137,11508.00,""
1346,2024-05-31,81,35,2835.00,""
1346,2024-06-02,243,81,19683.00,""
1346,2024-06-06,317,68,21556.00,""
1346,2024-06-14,344,97,33368.00,""
1346,2024-06-21,106,232,24592.00,""
1346,2024-07-02,324,89,28836.00,""
1346,2024-07-08,301,90,27090.00,""
1346,2024-07-09,254,211,53594.00,""
1346,2024-07-13,134,187,25058.00,""
1346,2024-07-14,215,222,47730.00,""
1346,2024-07-15,180,172,30960.00,""
1346,2024-07-20,291,96,27936.00,""
1346,2024-07-22,297,185,54945.00,""
1346,2024-07-26,333,130,43290.00,""
1346,2024-07-28,155,66,10230.00,""
1346,2024-07-29,169,112,18928.00,""
1346,2024-07-31,312,90,28080.00,""
1346,2024-08-04,337,176,59312.00,""
1346,2024-08-09,193,136,26248.00,""
1346,2024-08-11,350,127,44450.00,""
1346,2024-08-12,100,92,9200.00,""
1346,2024-08-14,231,117,27027.00,""
1340,2024-05-14,42,43,1806.00,""
1340,2024-05-17,168,94,15792.00,""
1340,2024-05-21,131,88,11528.00,""
1340,2024-05-23,73,21,1533.00,""
1340,2024-05-25,104,73,7592.00,""
1340,2024-05-28,117,85,9945.00,""
1340,2024-06-01,86,95,8170.00,""
1340,2024-06-15,332,101,33532.00,""
1340,2024-06-18,96,153,14688.00,""
1340,2024-06-20,301,114,34314.00,""
1340,2024-06-25,107,200,21400.00,""
1340,2024-06-27,249,165,41085.00,""
1340,2024-07-02,122,227,27694.00,""
1340,2024-07-04,117,58,6786.00,""
1340,2024-07-13,110,224,24640.00,""
1317,2024-05-15,72,100,7200.00,""
1317,2024-05-16,134,35,4690.00,""
1317,2024-05-18,133,90,11970.00,""
1317,2024-05-20,179,77,13783.00,""
1317,2024-05-22,146,56,8176.00,""
1317,2024-05-23,95,130,12350.00,""
1317,2024-05-26,52,97,5044.00,""
1317,2024-05-27,86,143,12298.00,""
1317,2024-05-28,71,73,5183.00,""
1317,2024-05-29,106,82,8692.00,""
1317,2024-05-30,182,136,24752.00,""
1317,2024-06-03,344,221,76024.00,""
1317,2024-06-04,336,102,34272.00,""
1317,2024-06-05,225,162,36450.00,""
1317,2024-06-06,126,57,7182.00,""
1317,2024-06-14,241,129,31089.00,""
1317,2024-06-17,211,193,40723.00,""
1317,2024-06-26,93,241,22413.00,""
1317,2024-07-03,82,143,11726.00,""
1317,2024-07-05,327,187,61149.00,""
1317,2024-07-09,217,80,17360.00,""
1317,2024-07-14,302,57,17214.00,""
1533,2024-05-17,172,130,22360.00,""
1533,2024-05-24,167,133,22211.00,""
1533,2024-05-26,98,128,12544.00,""
1533,2024-05-27,117,106,12402.00,""
1533,2024-05-30,133,48,6384.00,""
1533,2024-06-02,224,212,47488.00,""
1533,2024-06-07,108,203,21924.00,""
1533,2024-06-12,151,187,28237.00,""
1687,2024-05-10,65,105,6825.00,""
1687,2024-05-16,59,114,6726.00,""
1687,2024-05-17,128,58,7424.00,""
1687,2024-05-20,200,99,19800.00,""
1687,2024-05-26,167,146,24382.00,""
1687,2024-05-28,140,34,4760.00,""
1687,2024-05-30,181,88,15928.00,""
1687,2024-06-02,186,190,35340.00,""
1687,2024-06-05,268,189,50652.00,""
1687,2024-06-06,345,106,36570.00,""
1687,2024-06-08,257,140,35980.00,""
1687,2024-06-20,206,157,32342.00,""
1687,2024-06-21,114,219,24966.00,""
1687,2024-06-23,273,208,56784.00,""
1687,2024-06-27,99,155,15345.00,""
1687,2024-06-30,309,223,68907.00,""
1687,2024-07-01,124,161,19964.00,""
1687,2024-07-03,97,113,10961.00,""
1687,2024-07-08,342,203,69426.00,""
1687,2024-07-16,233,225,52425.00,""
1687,2024-07-24,177,192,33984.00,""
1687,2024-07-28,274,230,63020.00,""
1687,2024-08-03,137,111,15207.00,""
1687,2024-08-13,111,77,8547.00,""
1687,2024-08-16,172,82,14104.00,""
1687,2024-08-20,132,151,19932.00,""
1687,2024-08-23,139,84,11676.00,""
1745,2024-05-13,122,64,7808.00,""
1745,2024-05-15,178,142,25276.00,""
1745,2024-05-16,149,69,10281.00,""
1745,2024-05-17,150,93,13950.00,""
1745,2024-05-21,115,58,6670.00,""
1745,2024-05-23,150,93,13950.00,""
1745,2024-05-25,199,135,26865.00,""
1745,2024-06-08,244,151,36844.00,""
1745,2024-06-10,304,57,17328.00,""
1745,2024-06-12,105,80,8400.00,""
1745,2024-06-13,332,54,17928.00,""
1745,2024-06-14,252,242,60984.00,""
1745,2024-06-17,287,89,25543.00,""
1745,2024-06-18,210,135,28350.00,""
1745,2024-06-19,179,176,31504.00,""
1745,2024-06-24,183,117,21411.00,""
1745,2024-07-04,173,102,17646.00,""
1745,2024-07-05,159,112,17808.00,""
1745,2024-07-06,296,78,23088.00,""
1745,2024-07-09,346,190,65740.00,""
1745,2024-07-13,269,157,42233.00,""
1745,2024-07-20,308,186,57288.00,""
1745,2024-07-27,94,80,7520.00,""
1745,2024-08-03,112,115,12880.00,""
1745,2024-08-06,234,127,29718.00,""
1745,2024-08-10,268,64,17152.00,""
1745,2024-08-12,176,237,41712.00,""
1745,2024-08-26,168,75,12600.00,""
1745,2024-08-29,195,219,42705.00,""
1456,2024-05-14,53,48,2544.00,""
1456,2024-05-20,133,31,4123.00,""
1456,2024-05-23,41,37,1517.00,""
1456,2024-05-27,139,25,3475.00,""
1456,2024-05-28,164,90,14760.00,""
1456,2024-05-30,68,65,4420.00,""
1456,2024-06-06,120,135,16200.00,""
1456,2024-06-09,220,103,22660.00,""
1456,2024-06-11,323,72,23256.00,""
1456,2024-06-13,125,85,10625.00,""
1456,2024-06-25,336,109,36624.00,""
1456,2024-06-27,137,227,31099.00,""
1456,2024-06-28,184,238,43792.00,""
1456,2024-06-29,184,205,37720.00,""
1456,2024-07-04,328,164,53792.00,""
1456,2024-07-06,158,64,10112.00,""
1456,2024-07-07,338,163,55094.00,""
1456,2024-07-11,80,154,12320.00,""
1456,2024-07-12,295,62,18290.00,""
1456,2024-07-16,154,137,21098.00,""
1456,2024-07-19,155,204,31620.00,""
1456,2024-07-20,210,145,30450.00,""
1456,2024-07-27,130,92,11960.00,""
1456,2024-08-04,331,152,50312.00,""
1456,2024-08-05,295,80,23600.00,""
1456,2024-08-07,177,169,29913.00,""
1456,2024-08-08,91,167,15197.00,""
1456,2024-08-11,271,114,30894.00,""
1456,2024-08-13,324,161,52164.00,""
1712,2024-05-18,66,126,8316.00,""
1712,2024-05-22,181,60,10860.00,""
1712,2024-05-26,111,30,3330.00,""
1712,2024-05-27,110,48,5280.00,""
1712,2024-05-28,133,39,5187.00,""
1712,2024-05-30,152,100,15200.00,""
1712,2024-06-05,149,214,31886.00,""
1712,2024-06-16,156,246,38376.00,""
1712,2024-06-20,285,218,62130.00,""
1712,2024-06-25,133,233,30989.00,""
1535,2024-05-11,164,93,15252.00,""
1535,2024-05-15,148,56,8288.00,""
1535,2024-05-16,41,111,4551.00,""
1535,2024-05-18,124,74,9176.00,""
1535,2024-05-20,103,120,12360.00,""
1535,2024-05-21,146,117,17082.00,""
1535,2024-05-23,149,22,3278.00,""
1535,2024-05-26,180,134,24120.00,""
1535,2024-05-29,100,43,4300.00,""
1535,2024-06-10,207,207,42849.00,""
1535,2024-06-11,310,94,29140.00,""
1535,2024-06-12,210,69,14490.00,""
1535,2024-06-17,229,204,46716.00,""
1243,2024-05-10,200,34,6800.00,""
1243,2024-05-22,91,105,9555.00,""
1243,2024-05-23,96,55,5280.00,""
1243,2024-05-24,54,45,2430.00,""
1243,2024-05-26,117,88,10296.00,""
1243,2024-05-27,51,133,6783.00,""
1243,2024-05-28,193,39,7527.00,""
1243,2024-05-31,186,57,10602.00,""
1243,2024-06-04,185,138,25530.00,""
1243,2024-06-06,118,161,18998.00,""
1243,2024-06-16,201,217,43617.00,""
1243,2024-06-19,193,185,35705.00,""
1243,2024-06-22,312,229,71448.00,""
1243,2024-06-24,230,147,33810.00,""
1243,2024-06-29,270,121,32670.00,""
1243,2024-06-30,254,241,61214.00,""
1243,2024-07-05,178,126,22428.00,""
1243,2024-07-13,136,60,8160.00,""
1243,2024-07-18,314,217,68138.00,""
1243,2024-07-21,346,190,65740.00,""
1243,2024-07-22,304,89,27056.00,""
1454,2024-05-13,160,147,23520.00,""
1454,2024-05-14,144,148,21312.00,""
1454,2024-05-19,149,115,17135.00,""
1454,2024-05-22,94,141,13254.00,""
1454,2024-05-23,188,21,3948.00,""
1454,2024-05-25,139,110,15290.00,""
1454,2024-05-27,48,73,3504.00,""
1454,2024-06-05,115,197,22655.00,""
1454,2024-06-10,326,187,60962.00,""
1454,2024-06-17,99,196,19404.00,""
1454,2024-06-18,219,237,51903.00,""
1454,2024-06-21,202,227,45854.00,""
1454,2024-06-23,186,126,23436.00,""
1454,2024-06-24,98,100,9800.00,""
1454,2024-06-30,336,50,16800.00,""
1454,2024-07-01,203,196,39788.00,""
1454,2024-07-02,193,81,15633.00,""
1454,2024-07-04,348,82,28536.00,""
1454,2024-07-10,207,218,45126.00,""
1454,2024-07-12,256,193,49408.00,""
1454,2024-07-13,213,231,49203.00,""
1454,2024-07-16,99,65,6435.00,""
1454,2024-07-18,125,51,6375.00,""
1454,2024-07-24,178,71,12638.00,""
1454,2024-07-28,298,139,41422.00,""
1454,2024-08-06,238,149,35462.00,""
1454,2024-08-08,115,162,18630.00,""
1454,2024-08-10,343,188,64484.00,""
1454,2024-08-11,330,119,39270.00,""
1454,2024-08-12,107,166,17762.00,""
1454,2024-08-14,340,97,32980.00,""
1454,2024-08-15,290,119,34510.00,""
1454,2024-08-16,326,76,24776.00,""
1454,2024-08-18,114,93,10602.00,""
1454,2024-08-21,335,72,24120.00,""
1454,2024-08-22,306,92,28152.00,""
1454,2024-08-27,159,139,22101.00,""
1454,2024-09-07,227,168,38136.00,""
1454,2024-09-08,260,100,26000.00,""
1454,2024-09-10,165,84,13860.00,""
1454,2024-09-16,258,148,38184.00,""
1454,2024-09-18,206,88,18128.00,""
1454,2024-09-20,179,158,28282.00,""
1454,2024-09-21,143,116,16588.00,""
1288,2024-05-11,159,128,20352.00,""
1288,2024-05-16,97,63,6111.00,""
1288,2024-05-17,142,32,4544.00,""
1288,2024-05-25,153,59,9027.00,""
1288,2024-05-31,125,71,8875.00,""
1288,2024-06-04,281,143,40183.00,""
1288,2024-06-05,170,210,35700.00,""
1288,2024-06-06,138,165,22770.00,""
1288,2024-06-08,111,215,23865.00,""
1288,2024-06-09,164,164,26896.00,""
1288,2024-06-13,83,142,11786.00,""
1288,2024-06-15,137,201,27537.00,""
1288,2024-06-16,231,154,35574.00,""
1288,2024-06-17,104,184,19136.00,""
1288,2024-06-20,338,123,41574.00,""
1288,2024-06-24,310,80,24800.00,""
1288,2024-06-25,216,159,34344.00,""
1288,2024-06-28,217,217,47089.00,""
1288,2024-06-30,115,71,8165.00,""
1288,2024-07-03,86,52,4472.00,""
1288,2024-07-05,97,160,15520.00,""
1288,2024-07-08,147,55,8085.00,""
1288,2024-07-24,326,117,38142.00,""
1288,2024-07-31,283,88,24904.00,""
1288,2024-08-02,168,237,39816.00,""
1298,2024-05-12,164,81,13284.00,""
1298,2024-05-13,199,142,28258.00,""
1298,2024-05-16,85,99,8415.00,""
1298,2024-05-18,186,27,5022.00,""
1298,2024-05-24,113,89,10057.00,""
1298,2024-05-27,113,127,14351.00,""
1298,2024-05-29,173,83,14359.00,""
1298,2024-06-02,264,186,49104.00,""
1298,2024-06-03,142,165,23430.00,""
1298,2024-06-05,293,90,26370.00,""
1298,2024-06-06,173,155,26815.00,""
1298,2024-06-07,216,215,46440.00,""
1298,2024-06-08,260,89,23140.00,""
1298,2024-06-11,296,75,22200.00,""
1298,2024-06-12,238,223,53074.00,""
1298,2024-06-13,97,196,19012.00,""
1298,2024-06-20,319,177,56463.00,""
1298,2024-06-21,87,203,17661.00,""
1298,2024-07-09,133,130,17290.00,""
1298,2024-07-11,100,171,17100.00,""
1298,2024-07-13,129,242,31218.00,""
1298,2024-07-17,164,170,27880.00,""
1298,2024-07-21,196,87,17052.00,""
1298,2024-07-24,224,103,23072.00,""
1298,2024-07-27,249,72,17928.00,""
1298,2024-07-28,81,246,19926.00,""
1298,2024-08-04,293,192,56256.00,""
1298,2024-08-07,291,55,16005.00,""
1298,2024-08-11,249,136,33864.00,""
1298,2024-08-13,218,178,38804.00,""
1298,2024-08-15,328,213,69864.00,""
1298,2024-08-17,110,56,6160.00,""
1298,2024-08-20,119,66,7854.00,""
1298,2024-08-22,244,195,47580.00,""
1298,2024-09-06,289,160,46240.00,""
1298,2024-09-07,267,115,30705.00,""
1554,2024-05-15,106,85,9010.00,""
1554,2024-05-19,157,115,18055.00,""
1554,2024-05-21,67,84,5628.00,""
1554,2024-05-25,112,42,4704.00,""
1554,2024-05-26,93,42,3906.00,""
1554,2024-05-27,174,93,16182.00,""
1554,2024-05-30,56,101,5656.00,""
1554,2024-05-31,119,31,3689.00,""
1554,2024-06-01,292,186,54312.00,""
1554,2024-06-13,274,107,29318.00,""
1554,2024-06-15,139,180,25020.00,""
1554,2024-06-16,299,138,41262.00,""
1554,2024-06-24,329,244,80276.00,""
1554,2024-06-25,201,144,28944.00,""
1554,2024-06-30,122,143,17446.00,""
1554,2024-07-02,243,143,34749.00,""
1554,2024-07-03,251,112,28112.00,""
1554,2024-07-06,349,114,39786.00,""
1554,2024-07-07,112,156,17472.00,""
1554,2024-07-11,319,114,36366.00,""
1554,2024-07-17,135,220,29700.00,""
1554,2024-07-25,334,108,36072.00,""
1554,2024-07-27,128,157,20096.00,""
1554,2024-07-28,324,219,70956.00,""
1554,2024-08-02,113,158,17854.00,""
1554,2024-08-03,85,114,9690.00,""
1554,2024-08-15,307,213,65391.00,""
1554,2024-08-21,189,171,32319.00,""
1554,2024-08-25,129,120,15480.00,""
1554,2024-08-30,184,86,15824.00,""
1554,2024-09-01,293,191,55963.00,""
1554,2024-09-03,179,88,15752.00,""
1554,2024-09-09,217,61,13237.00,""
1554,2024-09-15,183,108,19764.00,""
1554,2024-09-17,271,96,26016.00,""
1554,2024-09-20,113,115,12995.00,""
1554,2024-09-24,145,93,13485.00,""
1554,2024-09-25,191,149,28459.00,""
1554,2024-09-29,164,62,10168.00,""
1641,2024-05-17,42,91,3822.00,""
1641,2024-05-19,56,100,5600.00,""
1641,2024-05-21,132,105,13860.00,""
1641,2024-05-22,161,77,12397.00,""
1641,2024-05-26,55,107,5885.00,""
1641,2024-05-27,44,53,2332.00,""
1641,2024-05-28,83,91,7553.00,""
1641,2024-05-31,141,125,17625.00,""
1641,2024-06-06,320,88,28160.00,""
1641,2024-06-07,320,244,78080.00,""
1641,2024-06-10,338,191,64558.00,""
1641,2024-06-20,288,229,65952.00,""
1641,2024-06-27,199,119,23681.00,""
1641,2024-07-02,288,169,48672.00,""
1641,2024-07-06,215,191,41065.00,""
1641,2024-07-07,343,184,63112.00,""
1641,2024-07-08,137,164,22468.00,""
1641,2024-07-11,201,109,21909.00,""
1641,2024-07-18,254,193,49022.00,""
1641,2024-07-22,83,72,5976.00,""
1641,2024-07-25,331,225,74475.00,""
1641,2024-07-28,168,104,17472.00,""
1641,2024-08-06,347,221,76687.00,""
1641,2024-08-07,212,238,50456.00,""
1641,2024-08-09,148,57,8436.00,""
1641,2024-08-10,91,91,8281.00,""
1641,2024-08-11,106,199,21094.00,""
1282,2024-05-16,186,48,8928.00,""
1282,2024-05-22,103,23,2369.00,""
1282,2024-05-25,58,31,1798.00,""
1282,2024-05-28,131,34,4454.00,""
1282,2024-05-30,169,112,18928.00,""
1282,2024-05-31,69,34,2346.00,""
1282,2024-06-01,178,101,17978.00,""
1282,2024-06-02,131,195,25545.00,""
1282,2024-06-05,103,132,13596.00,""
1282,2024-06-06,208,197,40976.00,""
1282,2024-06-08,288,78,22464.00,""
1282,2024-06-10,179,127,22733.00,""
1282,2024-06-13,295,190,56050.00,""
1282,2024-06-15,130,82,10660.00,""
1282,2024-06-21,152,214,32528.00,""
1282,2024-06-22,288,99,28512.00,""
1282,2024-06-27,130,64,8320.00,""
1282,2024-06-28,132,198,26136.00,""
1282,2024-06-29,335,160,53600.00,""
1282,2024-07-02,307,203,62321.00,""
1282,2024-07-05,216,183,39528.00,""
1282,2024-07-06,318,179,56922.00,""
1282,2024-07-07,279,103,28737.00,""
1282,2024-07-08,245,240,58800.00,""
1282,2024-07-09,193,76,14668.00,""
1282,2024-07-14,262,58,15196.00,""
1282,2024-07-16,292,233,68036.00,""
1282,2024-07-20,199,97,19303.00,""
1282,2024-07-23,268,154,41272.00,""
1282,2024-07-28,133,115,15295.00,""
1282,2024-08-03,192,165,31680.00,""
1282,2024-08-04,309,171,52839.00,""
1282,2024-08-06,235,203,47705.00,""
1282,2024-08-08,96,86,8256.00,""
1282,2024-08-09,214,225,48150.00,""
1282,2024-08-11,120,132,15840.00,""
1282,2024-08-27,100,205,20500.00,""
1775,2024-05-23,179,140,25060.00,""
1775,2024-05-26,83,146,12118.00,""
1775,2024-05-29,193,137,26441.00,""
1775,2024-06-04,273,76,20748.00,""
1775,2024-06-05,297,226,67122.00,""
1775,2024-06-06,221,96,21216.00,""
1775,2024-06-10,324,65,21060.00,""
1775,2024-06-11,246,78,19188.00,""
1775,2024-06-15,110,185,20350.00,""
1775,2024-06-21,206,189,38934.00,""
1775,2024-06-25,324,174,56376.00,""
1775,2024-07-03,279,59,16461.00,""
1775,2024-07-09,282,248,69936.00,""
1775,2024-07-13,174,94,16356.00,""
1775,2024-07-21,164,226,37064.00,""
1775,2024-07-22,198,195,38610.00,""
1775,2024-07-25,272,223,60656.00,""
1775,2024-07-26,122,58,7076.00,""
1775,2024-07-27,212,164,34768.00,""
1775,2024-07-30,350,195,68250.00,""
1775,2024-08-02,345,220,75900.00,""
1775,2024-08-03,239,240,57360.00,""
1775,2024-08-05,335,236,79060.00,""
1775,2024-08-06,233,77,17941.00,""
1775,2024-08-07,94,154,14476.00,""
1775,2024-08-08,126,193,24318.00,""
1287,2024-05-19,72,32,2304.00,""
1287,2024-05-20,60,45,2700.00,""
1287,2024-05-21,131,31,4061.00,""
1287,2024-05-23,139,36,5004.00,""
1287,2024-05-25,140,33,4620.00,""
1287,2024-05-26,115,42,4830.00,""
1287,2024-05-27,63,30,1890.00,""
1287,2024-05-29,69,45,3105.00,""
1287,2024-05-30,153,47,7191.00,""
1287,2024-05-31,78,127,9906.00,""
1287,2024-06-01,146,237,34602.00,""
1287,2024-06-14,210,193,40530.00,""
1287,2024-06-15,260,52,13520.00,""
1287,2024-06-19,264,128,33792.00,""
1287,2024-06-20,263,86,22618.00,""
1287,2024-06-22,242,216,52272.00,""
1287,2024-06-23,329,195,64155.00,""
1287,2024-06-24,327,92,30084.00,""
1287,2024-06-25,133,183,24339.00,""
1287,2024-06-26,239,177,42303.00,""
1287,2024-06-30,133,205,27265.00,""
1287,2024-07-02,89,212,18868.00,""
1287,2024-07-03,284,161,45724.00,""
1287,2024-07-04,347,248,86056.00,""
1287,2024-07-07,151,165,24915.00,""
1287,2024-07-12,149,144,21456.00,""
1287,2024-07-16,166,188,31208.00,""
1287,2024-07-25,297,106,31482.00,""
1287,2024-07-31,184,69,12696.00,""
1287,2024-08-08,120,207,24840.00,""
1287,2024-08-09,239,60,14340.00,""
1197,2024-05-14,131,73,9563.00,""
1197,2024-05-15,177,58,10266.00,""
1197,2024-05-17,59,134,7906.00,""
1197,2024-05-20,163,68,11084.00,""
1197,2024-05-22,169,52,8788.00,""
1197,2024-05-24,96,42,4032.00,""
1197,2024-05-25,122,54,6588.00,""
1197,2024-06-06,243,126,30618.00,""
1197,2024-06-08,247,207,51129.00,""
1197,2024-06-09,241,231,55671.00,""
1197,2024-06-10,145,152,22040.00,""
1197,2024-06-27,234,91,21294.00,""
1197,2024-06-29,113,136,15368.00,""
1197,2024-07-01,231,158,36498.00,""
1197,2024-07-03,305,154,46970.00,""
1197,2024-07-05,278,123,34194.00,""
1197,2024-07-07,196,120,23520.00,""
1197,2024-07-09,312,108,33696.00,""
1197,2024-07-16,107,179,19153.00,""
1197,2024-07-22,103,57,5871.00,""
1197,2024-07-23,223,208,46384.00,""
1197,2024-07-26,171,244,41724.00,""
1197,2024-08-02,263,123,32349.00,""
1197,2024-08-03,143,96,13728.00,""
1197,2024-08-05,221,170,37570.00,""
1197,2024-08-06,241,126,30366.00,""
1197,2024-08-11,255,239,60945.00,""
1197,2024-08-15,260,228,59280.00,""
1197,2024-08-20,98,95,9310.00,""
1603,2024-05-15,150,89,13350.00,""
1603,2024-05-19,69,114,7866.00,""
1603,2024-05-21,66,89,5874.00,""
1603,2024-05-22,125,80,10000.00,""
1603,2024-05-25,134,102,13668.00,""
1603,2024-05-27,87,122,10614.00,""
1603,2024-05-28,67,149,9983.00,""
1603,2024-06-01,215,215,46225.00,""
1603,2024-06-05,103,56,5768.00,""
1603,2024-06-10,219,176,38544.00,""
1603,2024-06-17,343,102,34986.00,""
1603,2024-06-18,132,54,7128.00,""
1603,2024-06-21,215,172,36980.00,""
1603,2024-06-23,141,110,15510.00,""
1603,2024-06-24,284,146,41464.00,""
1603,2024-06-30,202,197,39794.00,""
1603,2024-07-01,221,80,17680.00,""
1603,2024-07-09,304,244,74176.00,""
1603,2024-07-11,209,207,43263.00,""
1603,2024-07-13,236,62,14632.00,""
1603,2024-07-16,265,97,25705.00,""
1603,2024-07-21,274,133,36442.00,""
1603,2024-07-25,175,197,34475.00,""
1603,2024-07-27,219,118,25842.00,""
1603,2024-08-04,160,215,34400.00,""
1603,2024-08-06,119,244,29036.00,""
1603,2024-08-08,337,158,53246.00,""
1603,2024-08-12,335,250,83750.00,""
1603,2024-08-14,200,91,18200.00,""
1603,2024-08-19,311,65,20215.00,""
1603,2024-08-22,230,205,47150.00,""
1603,2024-08-24,155,135,20925.00,""
1603,2024-08-25,98,50,4900.00,""
1603,2024-08-26,214,97,20758.00,""
1603,2024-09-03,278,153,42534.00,""
1603,2024-09-05,115,103,11845.00,""
1603,2024-09-07,227,129,29283.00,""
1603,2024-09-10,231,111,25641.00,""
1603,2024-09-15,262,143,37466.00,""
1603,2024-09-17,156,144,22464.00,""
1603,2024-09-19,214,68,14552.00,""
1603,2024-09-20,274,105,28770.00,""
1603,2024-09-22,108,116,12528.00,""
1603,2024-09-23,172,102,17544.00,""
1603,2024-09-26,241,111,26751.00,""
1603,2024-09-28,111,170,18870.00,""
1479,2024-05-14,155,26,4030.00,""
1479,2024-05-17,89,137,12193.00,""
1479,2024-05-18,119,130,15470.00,""
1479,2024-05-19,76,118,8968.00,""
1479,2024-05-20,193,39,7527.00,""
1479,2024-05-25,65,148,9620.00,""
1479,2024-05-28,146,125,18250.00,""
1479,2024-05-31,58,106,6148.00,""
1479,2024-06-02,227,147,33369.00,""
1479,2024-06-05,233,111,25863.00,""
1479,2024-06-06,169,59,9971.00,""
1479,2024-06-08,216,241,52056.00,""
1479,2024-06-10,195,92,17940.00,""
1479,2024-06-12,196,235,46060.00,""
1479,2024-06-15,109,246,26814.00,""
1479,2024-06-18,296,76,22496.00,""
1479,2024-06-19,283,77,21791.00,""
1479,2024-06-21,289,50,14450.00,""
1479,2024-06-24,264,102,26928.00,""
1479,2024-06-26,236,171,40356.00,""
1479,2024-06-27,157,54,8478.00,""
1479,2024-06-28,254,93,23622.00,""
1479,2024-07-06,81,102,8262.00,""
1760,2024-05-15,197,113,22261.00,""
1760,2024-05-16,167,24,4008.00,""
1760,2024-05-17,73,27,1971.00,""
1760,2024-05-19,169,51,8619.00,""
1760,2024-05-28,148,84,12432.00,""
1760,2024-05-30,92,39,3588.00,""
1760,2024-06-03,348,53,18444.00,""
1760,2024-06-04,125,228,28500.00,""
1760,2024-06-15,315,183,57645.00,""
1760,2024-06-20,273,75,20475.00,""
1760,2024-07-04,308,129,39732.00,""
1760,2024-07-06,257,88,22616.00,""
1760,2024-07-10,84,233,19572.00,""
1760,2024-07-11,81,91,7371.00,""
1760,2024-07-12,123,230,28290.00,""
1760,2024-07-18,190,85,16150.00,""
1760,2024-07-20,282,233,65706.00,""
1760,2024-07-21,347,179,62113.00,""
1760,2024-07-22,117,127,14859.00,""
1760,2024-07-26,316,168,53088.00,""
1760,2024-07-27,262,121,31702.00,""
1760,2024-07-28,185,190,35150.00,""
1760,2024-07-31,147,232,34104.00,""
1693,2024-05-12,100,68,6800.00,""
1693,2024-05-14,59,85,5015.00,""
1693,2024-05-17,181,32,5792.00,""
1693,2024-05-18,175,58,10150.00,""
1693,2024-05-19,83,56,4648.00,""
1693,2024-05-26,81,95,7695.00,""
1693,2024-05-27,161,75,12075.00,""
1693,2024-05-28,194,105,20370.00,""
1693,2024-05-29,70,75,5250.00,""
1693,2024-05-30,67,116,7772.00,""
1693,2024-06-04,259,79,20461.00,""
1693,2024-06-05,81,207,16767.00,""
1693,2024-06-12,171,182,31122.00,""
1693,2024-06-14,292,147,42924.00,""
1693,2024-06-21,313,97,30361.00,""
1693,2024-06-28,188,86,16168.00,""
1693,2024-07-01,277,194,53738.00,""
1693,2024-07-07,174,96,16704.00,""
1693,2024-07-10,140,222,31080.00,""
1693,2024-07-12,299,80,23920.00,""
1693,2024-07-13,224,153,34272.00,""
1693,2024-07-16,283,247,69901.00,""
1693,2024-07-17,333,160,53280.00,""
1693,2024-07-18,239,113,27007.00,""
1693,2024-07-21,307,178,54646.00,""
1693,2024-07-23,98,168,16464.00,""
1204,2024-05-14,76,138,10488.00,""
1204,2024-05-15,91,142,12922.00,""
1204,2024-05-16,41,140,5740.00,""
1204,2024-05-17,193,108,20844.00,""
1204,2024-05-20,122,113,13786.00,""
1204,2024-05-27,160,121,19360.00,""
1204,2024-05-28,92,100,9200.00,""
1204,2024-06-02,251,171,42921.00,""
1204,2024-06-10,324,55,17820.00,""
1204,2024-06-11,108,170,18360.00,""
1204,2024-06-17,124,186,23064.00,""
1204,2024-06-27,245,131,32095.00,""
1204,2024-06-28,349,248,86552.00,""
1204,2024-06-29,333,222,73926.00,""
1204,2024-07-02,167,121,20207.00,""
1204,2024-07-13,221,186,41106.00,""
1204,2024-07-18,234,194,45396.00,""
1204,2024-07-27,166,211,35026.00,""
1204,2024-07-29,228,188,42864.00,""
1204,2024-08-04,350,102,35700.00,""
1204,2024-08-14,112,192,21504.00,""
1204,2024-08-15,316,90,28440.00,""
1204,2024-08-28,139,119,16541.00,""
1204,2024-08-29,273,91,24843.00,""
1523,2024-05-17,91,138,12558.00,""
1523,2024-05-18,41,25,1025.00,""
1523,2024-05-21,165,148,24420.00,""
1523,2024-05-24,154,76,11704.00,""
1523,2024-05-26,100,64,6400.00,""
1523,2024-05-27,120,108,12960.00,""
1523,2024-05-29,48,54,2592.00,""
1523,2024-05-31,53,71,3763.00,""
1523,2024-06-03,138,239,32982.00,""
1523,2024-06-05,330,53,17490.00,""
1523,2024-06-12,277,154,42658.00,""
1523,2024-06-13,196,206,40376.00,""
1523,2024-06-14,332,166,55112.00,""
1523,2024-06-17,147,240,35280.00,""
1523,2024-06-20,163,179,29177.00,""
1523,2024-06-25,117,165,19305.00,""
1523,2024-06-29,308,222,68376.00,""
1523,2024-07-03,255,179,45645.00,""
1523,2024-07-05,251,249,62499.00,""
1314,2024-05-09,150,51,7650.00,""
1314,2024-05-10,77,30,2310.00,""
1314,2024-05-13,168,98,16464.00,""
1314,2024-05-14,41,122,5002.00,""
1314,2024-05-17,53,141,7473.00,""
1314,2024-05-18,118,58,6844.00,""
1314,2024-05-20,85,84,7140.00,""
1314,2024-05-25,157,101,15857.00,""
1314,2024-05-27,103,129,13287.00,""
1314,2024-05-30,183,139,25437.00,""
1314,2024-06-03,255,164,41820.00,""
1314,2024-06-06,105,220,23100.00,""
1314,2024-06-07,266,76,20216.00,""
1314,2024-06-08,333,246,81918.00,""
1314,2024-06-09,280,105,29400.00,""
1314,2024-06-29,149,75,11175.00,""
1314,2024-06-30,250,166,41500.00,""
1314,2024-07-02,179,132,23628.00,""
1314,2024-07-06,337,189,63693.00,""
1314,2024-07-07,207,73,15111.00,""
1314,2024-07-08,260,50,13000.00,""
1314,2024-07-09,113,133,15029.00,""
1314,2024-07-16,148,170,25160.00,""
1314,2024-07-17,196,118,23128.00,""
1314,2024-07-21,104,140,14560.00,""
1314,2024-07-27,120,215,25800.00,""
1314,2024-07-28,103,118,12154.00,""
1314,2024-07-31,322,59,18998.00,""
1314,2024-08-01,219,186,40734.00,""
1314,2024-08-03,200,76,15200.00,""
1314,2024-08-04,198,108,21384.00,""
1314,2024-08-05,166,85,14110.00,""
1314,2024-08-16,87,175,15225.00,""
1633,2024-05-14,129,145,18705.00,""
1633,2024-05-17,44,82,3608.00,""
1633,2024-05-18,98,84,8232.00,""
1633,2024-05-19,80,84,6720.00,""
1633,2024-05-23,155,25,3875.00,""
1633,2024-05-25,82,90,7380.00,""
1633,2024-06-03,122,158,19276.00,""
1633,2024-06-04,141,167,23547.00,""
1633,2024-06-10,160,180,28800.00,""
1633,2024-06-12,344,174,59856.00,""
1633,2024-06-14,281,121,34001.00,""
1633,2024-06-15,166,227,37682.00,""
1633,2024-06-23,346,170,58820.00,""
1633,2024-07-08,332,219,72708.00,""
1633,2024-07-10,235,118,27730.00,""
1633,2024-07-11,310,96,29760.00,""
1633,2024-07-20,108,213,23004.00,""
1633,2024-07-26,161,182,29302.00,""
1633,2024-07-27,193,216,41688.00,""
1633,2024-07-30,221,103,22763.00,""
1633,2024-08-01,343,131,44933.00,""
1633,2024-08-02,338,141,47658.00,""
1304,2024-05-16,125,106,13250.00,""
1304,2024-05-24,154,79,12166.00,""
1304,2024-05-26,192,46,8832.00,""
1304,2024-05-29,153,140,21420.00,""
1304,2024-06-03,290,140,40600.00,""
1304,2024-06-11,289,124,35836.00,""
1304,2024-06-12,118,108,12744.00,""
1304,2024-06-16,130,80,10400.00,""
1304,2024-06-21,276,212,58512.00,""
1304,2024-06-24,333,244,81252.00,""
1304,2024-06-28,345,115,39675.00,""
1304,2024-06-29,81,69,5589.00,""
1304,2024-07-02,211,121,25531.00,""
1304,2024-07-11,170,155,26350.00,""
1304,2024-07-12,152,163,24776.00,""
1304,2024-07-14,121,125,15125.00,""
1304,2024-07-15,177,229,40533.00,""
1304,2024-07-20,245,62,15190.00,""
1304,2024-07-22,226,57,12882.00,""
1304,2024-07-25,121,214,25894.00,""
1304,2024-07-26,105,238,24990.00,""
1304,2024-08-01,268,227,60836.00,""
1304,2024-08-04,316,217,68572.00,""
1304,2024-08-06,233,108,25164.00,""
1439,2024-05-11,174,79,13746.00,""
1439,2024-05-14,101,138,13938.00,""
1439,2024-05-17,77,139,10703.00,""
1439,2024-05-18,122,68,8296.00,""
1439,2024-05-23,169,123,20787.00,""
1439,2024-05-25,170,109,18530.00,""
1439,2024-05-26,164,110,18040.00,""
1439,2024-05-28,56,46,2576.00,""
1439,2024-05-29,174,99,17226.00,""
1439,2024-06-07,185,101,18685.00,""
1439,2024-06-08,126,125,15750.00,""
1439,2024-06-09,182,114,20748.00,""
1439,2024-06-10,266,82,21812.00,""
1439,2024-06-11,281,198,55638.00,""
1439,2024-06-12,188,213,40044.00,""
1439,2024-06-14,334,205,68470.00,""
1439,2024-07-02,304,61,18544.00,""
1439,2024-07-04,150,126,18900.00,""
1439,2024-07-05,153,124,18972.00,""
1439,2024-07-13,212,158,33496.00,""
1529,2024-05-11,120,21,2520.00,""
1529,2024-05-12,42,115,4830.00,""
1529,2024-05-14,166,138,22908.00,""
1529,2024-05-17,121,73,8833.00,""
1529,2024-05-24,46,46,2116.00,""
1529,2024-05-26,114,111,12654.00,""
1529,2024-05-27,71,121,8591.00,""
1529,2024-06-12,315,186,58590.00,""
1529,2024-06-17,249,133,33117.00,""
1270,2024-05-16,56,44,2464.00,""
1270,2024-05-17,91,88,8008.00,""
1270,2024-05-18,79,117,9243.00,""
1270,2024-05-20,50,121,6050.00,""
1270,2024-05-22,162,35,5670.00,""
1270,2024-05-26,130,79,10270.00,""
1270,2024-05-29,178,131,23318.00,""
1270,2024-05-31,94,44,4136.00,""
1270,2024-06-02,251,83,20833.00,""
1270,2024-06-09,345,156,53820.00,""
1270,2024-06-10,120,97,11640.00,""
1270,2024-06-17,272,232,63104.00,""
1270,2024-06-21,284,99,28116.00,""
1270,2024-06-24,113,229,25877.00,""
1270,2024-07-03,265,104,27560.00,""
1270,2024-07-04,310,225,69750.00,""
1270,2024-07-10,282,153,43146.00,""
1270,2024-07-11,344,243,83592.00,""
1270,2024-07-13,210,90,18900.00,""
1270,2024-07-15,149,139,20711.00,""
1270,2024-07-17,224,233,52192.00,""
1270,2024-07-19,254,66,16764.00,""
1270,2024-07-22,143,50,7150.00,""
1270,2024-07-25,205,164,33620.00,""
1270,2024-07-27,256,61,15616.00,""
1270,2024-07-29,272,166,45152.00,""
1270,2024-07-31,227,98,22246.00,""
1270,2024-08-05,305,140,42700.00,""
1270,2024-08-08,152,163,24776.00,""
1270,2024-08-22,277,227,62879.00,""
1270,2024-08-30,329,76,25004.00,""
1270,2024-09-07,266,68,18088.00,""
1270,2024-09-09,187,99,18513.00,""
1270,2024-09-13,208,192,39936.00,""
1270,2024-09-14,103,137,14111.00,""
1270,2024-09-23,147,108,15876.00,""
1270,2024-09-28,213,120,25560.00,""
1270,2024-09-29,202,73,14746.00,""
1270,2024-09-30,276,68,18768.00,""
1441,2024-05-18,192,95,18240.00,""
1441,2024-05-20,116,93,10788.00,""
1441,2024-05-21,161,143,23023.00,""
1441,2024-05-23,147,66,9702.00,""
1441,2024-05-26,109,45,4905.00,""
1441,2024-05-29,161,33,5313.00,""
1441,2024-06-02,256,206,52736.00,""
1441,2024-06-03,237,225,53325.00,""
1441,2024-06-04,138,113,15594.00,""
1441,2024-06-06,234,96,22464.00,""
1441,2024-06-08,276,220,60720.00,""
1441,2024-06-20,130,59,7670.00,""
1441,2024-06-23,136,215,29240.00,""
1441,2024-06-24,179,62,11098.00,""
1441,2024-06-30,192,207,39744.00,""
1441,2024-07-01,241,235,56635.00,""
1441,2024-07-03,253,56,14168.00,""
1441,2024-07-07,288,104,29952.00,""
1441,2024-07-08,292,241,70372.00,""
1441,2024-07-09,252,239,60228.00,""
1441,2024-07-15,122,106,12932.00,""
1441,2024-07-18,147,183,26901.00,""
1441,2024-08-03,289,245,70805.00,""
1441,2024-08-04,283,244,69052.00,""
1441,2024-08-06,107,61,6527.00,""
1441,2024-08-09,349,88,30712.00,""
1441,2024-08-21,135,214,28890.00,""
1441,2024-08-23,182,249,45318.00,""
1441,2024-08-25,149,181,26969.00,""
1441,2024-08-26,167,221,36907.00,""
1441,2024-08-28,256,68,17408.00,""
1441,2024-08-29,227,99,22473.00,""
1441,2024-09-08,149,131,19519.00,""
1441,2024-09-11,222,60,13320.00,""
1441,2024-09-13,241,122,29402.00,""
1441,2024-09-16,164,189,30996.00,""
1452,2024-05-10,135,87,11745.00,""
1452,2024-05-11,144,67,9648.00,""
1452,2024-05-15,123,132,16236.00,""
1452,2024-05-16,143,109,15587.00,""
1452,2024-05-19,114,79,9006.00,""
1452,2024-05-20,136,99,13464.00,""
1452,2024-05-23,113,146,16498.00,""
1452,2024-05-25,69,132,9108.00,""
1452,2024-05-30,92,32,2944.00,""
1452,2024-06-01,318,219,69642.00,""
1452,2024-06-04,81,66,5346.00,""
1452,2024-06-07,205,85,17425.00,""
1452,2024-06-21,202,145,29290.00,""
1452,2024-07-01,299,240,71760.00,""
1452,2024-07-04,106,206,21836.00,""
1452,2024-07-06,127,116,14732.00,""
1452,2024-07-08,267,120,32040.00,""
1452,2024-07-10,232,57,13224.00,""
1452,2024-07-12,303,118,35754.00,""
1452,2024-07-27,138,166,22908.00,""
1452,2024-08-03,188,128,24064.00,""
1239,2024-05-10,174,129,22446.00,""
1239,2024-05-12,111,108,11988.00,""
1239,2024-05-15,44,84,3696.00,""
1239,2024-05-19,99,126,12474.00,""
1239,2024-05-22,95,33,3135.00,""
1239,2024-05-23,92,109,10028.00,""
1239,2024-05-24,115,93,10695.00,""
1239,2024-05-25,47,108,5076.00,""
1239,2024-05-26,69,140,9660.00,""
1239,2024-05-27,125,91,11375.00,""
1239,2024-05-28,45,140,6300.00,""
1239,2024-05-30,178,75,13350.00,""
1239,2024-06-02,192,212,40704.00,""
1239,2024-06-10,224,67,15008.00,""
1239,2024-06-12,113,89,10057.00,""
1239,2024-06-18,260,170,44200.00,""
1239,2024-06-20,341,123,41943.00,""
1239,2024-07-14,175,85,14875.00,""
1239,2024-07-19,179,130,23270.00,""
1239,2024-07-20,264,159,41976.00,""
1239,2024-07-22,241,168,40488.00,""
1239,2024-07-25,281,143,40183.00,""
1239,2024-07-26,98,235,23030.00,""
1239,2024-08-05,154,76,11704.00,""
1239,2024-08-09,120,102,12240.00,""
1239,2024-08-11,268,170,45560.00,""
1239,2024-08-13,191,234,44694.00,""
1239,2024-08-15,100,138,13800.00,""
1239,2024-08-16,289,104,30056.00,""
1239,2024-08-19,302,146,44092.00,""
1239,2024-08-21,160,245,39200.00,""
1239,2024-08-22,337,201,67737.00,""
1767,2024-05-24,150,21,3150.00,""
1767,2024-05-30,150,88,13200.00,""
1767,2024-06-03,204,111,22644.00,""
1767,2024-06-16,322,191,61502.00,""
1402,2024-05-20,160,83,13280.00,""
1402,2024-05-22,66,109,7194.00,""
1402,2024-05-26,155,49,7595.00,""
1402,2024-05-30,166,44,7304.00,""
1402,2024-06-02,186,150,27900.00,""
1402,2024-06-04,229,209,47861.00,""
1402,2024-06-05,146,94,13724.00,""
1402,2024-06-06,192,174,33408.00,""
1402,2024-06-19,234,169,39546.00,""
1402,2024-06-20,217,160,34720.00,""
1402,2024-06-22,335,75,25125.00,""
1402,2024-06-25,122,170,20740.00,""
1402,2024-06-26,192,250,48000.00,""
1402,2024-07-03,289,92,26588.00,""
1402,2024-07-18,129,213,27477.00,""
1402,2024-07-19,268,197,52796.00,""
1402,2024-07-28,283,130,36790.00,""
1402,2024-07-31,281,181,50861.00,""
1402,2024-08-03,129,223,28767.00,""
1402,2024-08-04,260,250,65000.00,""
1402,2024-08-05,261,79,20619.00,""
1727,2024-05-15,66,126,8316.00,""
1727,2024-05-18,151,95,14345.00,""
1727,2024-05-20,85,100,8500.00,""
1727,2024-05-24,50,68,3400.00,""
1727,2024-05-27,44,106,4664.00,""
1727,2024-05-28,98,61,5978.00,""
1727,2024-05-29,49,134,6566.00,""
1727,2024-06-02,214,218,46652.00,""
1727,2024-06-08,314,217,68138.00,""
1727,2024-06-09,283,242,68486.00,""
1727,2024-06-14,238,139,33082.00,""
1727,2024-06-15,332,227,75364.00,""
1727,2024-06-23,288,233,67104.00,""
1727,2024-07-22,230,88,20240.00,""
1727,2024-07-27,124,55,6820.00,""
1727,2024-07-28,83,161,13363.00,""
1727,2024-07-31,294,238,69972.00,""
1727,2024-08-20,247,208,51376.00,""
1727,2024-08-22,256,73,18688.00,""
1727,2024-08-23,307,73,22411.00,""
1727,2024-08-25,137,102,13974.00,""
1727,2024-08-27,190,244,46360.00,""
1727,2024-08-28,282,138,38916.00,""
1727,2024-08-30,290,54,15660.00,""
1727,2024-08-31,86,127,10922.00,""
1727,2024-09-02,109,117,12753.00,""
1727,2024-09-11,114,81,9234.00,""
1727,2024-09-16,287,124,35588.00,""
1727,2024-09-17,110,134,14740.00,""
1727,2024-09-19,293,93,27249.00,""
1694,2024-05-15,137,100,13700.00,""
1694,2024-05-16,66,77,5082.00,""
1694,2024-05-18,144,68,9792.00,""
1694,2024-05-19,61,113,6893.00,""
1694,2024-05-20,192,106,20352.00,""
1694,2024-05-22,105,51,5355.00,""
1694,2024-05-27,74,145,10730.00,""
1694,2024-05-31,63,135,8505.00,""
1694,2024-06-02,160,73,11680.00,""
1694,2024-06-12,138,182,25116.00,""
1694,2024-06-17,308,72,22176.00,""
1694,2024-06-18,117,179,20943.00,""
1694,2024-06-20,191,72,13752.00,""
1694,2024-06-26,89,182,16198.00,""
1694,2024-07-01,233,89,20737.00,""
1694,2024-07-06,283,104,29432.00,""
1694,2024-07-07,253,224,56672.00,""
1694,2024-07-10,96,168,16128.00,""
1694,2024-07-11,155,223,34565.00,""
1694,2024-07-18,244,208,50752.00,""
1694,2024-07-26,174,89,15486.00,""
1694,2024-07-30,172,127,21844.00,""
1694,2024-08-07,166,50,8300.00,""
1694,2024-08-09,163,104,16952.00,""
1694,2024-08-11,134,139,18626.00,""
1694,2024-08-23,127,221,28067.00,""
1694,2024-08-27,271,141,38211.00,""
1694,2024-08-29,152,124,18848.00,""
1408,2024-05-17,149,117,17433.00,""
1408,2024-05-21,147,62,9114.00,""
1408,2024-05-22,84,137,11508.00,""
1408,2024-05-26,151,138,20838.00,""
1408,2024-05-27,74,31,2294.00,""
1408,2024-05-29,83,101,8383.00,""
1408,2024-05-30,76,95,7220.00,""
1408,2024-06-01,193,209,40337.00,""
1408,2024-06-04,113,55,6215.00,""
1408,2024-06-05,238,58,13804.00,""
1408,2024-06-10,323,131,42313.00,""
1408,2024-06-11,282,195,54990.00,""
1408,2024-06-12,100,139,13900.00,""
1408,2024-06-21,339,228,77292.00,""
1408,2024-06-23,251,141,35391.00,""
1408,2024-06-29,176,119,20944.00,""
1408,2024-07-03,158,68,10744.00,""
1408,2024-07-06,243,194,47142.00,""
1408,2024-07-07,328,213,69864.00,""
1408,2024-07-17,121,250,30250.00,""
1408,2024-07-22,229,238,54502.00,""
1408,2024-07-25,212,246,52152.00,""
1408,2024-07-28,341,225,76725.00,""
1408,2024-07-29,245,198,48510.00,""
1408,2024-08-09,317,155,49135.00,""
1408,2024-08-11,154,59,9086.00,""
1408,2024-08-20,237,150,35550.00,""
1408,2024-08-23,104,157,16328.00,""
1408,2024-09-01,185,178,32930.00,""
1408,2024-09-02,128,75,9600.00,""
1408,2024-09-03,276,120,33120.00,""
1408,2024-09-08,129,133,17157.00,""
1408,2024-09-10,191,161,30751.00,""
1514,2024-05-19,195,138,26910.00,""
1514,2024-05-22,145,133,19285.00,""
1514,2024-05-25,78,46,3588.00,""
1514,2024-05-26,78,27,2106.00,""
1514,2024-05-29,42,47,1974.00,""
1514,2024-05-31,79,127,10033.00,""
1514,2024-06-01,161,79,12719.00,""
1514,2024-06-02,349,218,76082.00,""
1514,2024-06-04,318,217,69006.00,""
1514,2024-06-06,168,231,38808.00,""
1514,2024-06-11,259,181,46879.00,""
1514,2024-06-14,179,112,20048.00,""
1514,2024-06-16,137,87,11919.00,""
1514,2024-06-18,186,54,10044.00,""
1514,2024-06-20,108,53,5724.00,""
1514,2024-06-22,137,214,29318.00,""
1514,2024-06-23,345,212,73140.00,""
1514,2024-06-29,110,104,11440.00,""
1514,2024-07-08,213,101,21513.00,""
1514,2024-07-18,127,80,10160.00,""
1514,2024-07-19,207,243,50301.00,""
1514,2024-07-20,199,211,41989.00,""
1514,2024-07-21,266,128,34048.00,""
1514,2024-07-28,337,165,55605.00,""
1514,2024-08-04,238,244,58072.00,""
1514,2024-08-13,88,54,4752.00,""
1514,2024-08-18,163,102,16626.00,""
1514,2024-08-20,294,173,50862.00,""
1514,2024-08-24,249,90,22410.00,""
1514,2024-08-27,291,234,68094.00,""
1514,2024-08-28,227,124,28148.00,""
1514,2024-09-03,166,62,10292.00,""
1514,2024-09-05,249,174,43326.00,""
1514,2024-09-07,245,99,24255.00,""
1514,2024-09-08,254,82,20828.00,""
1514,2024-09-09,227,97,22019.00,""
1514,2024-09-12,215,86,18490.00,""
1514,2024-09-20,152,165,25080.00,""
1612,2024-05-21,126,145,18270.00,""
1612,2024-05-22,43,149,6407.00,""
1612,2024-05-28,76,82,6232.00,""
1612,2024-06-01,286,138,39468.00,""
1612,2024-06-12,232,105,24360.00,""
1612,2024-06-13,350,200,70000.00,""
1612,2024-06-15,108,213,23004.00,""
1612,2024-06-22,94,103,9682.00,""
1612,2024-06-25,298,228,67944.00,""
1612,2024-07-06,301,64,19264.00,""
1612,2024-07-07,98,234,22932.00,""
1612,2024-07-12,119,107,12733.00,""
1612,2024-07-14,149,51,7599.00,""
1612,2024-07-15,195,223,43485.00,""
1612,2024-07-16,177,128,22656.00,""
1612,2024-07-18,136,202,27472.00,""
1612,2024-07-20,337,214,72118.00,""
1612,2024-07-22,184,112,20608.00,""
1612,2024-07-24,303,57,17271.00,""
1612,2024-07-29,261,180,46980.00,""
1612,2024-07-30,162,197,31914.00,""
1612,2024-08-03,171,140,23940.00,""
1612,2024-08-05,201,170,34170.00,""
1612,2024-08-06,254,189,48006.00,""
1612,2024-08-12,281,113,31753.00,""
1612,2024-08-15,309,248,76632.00,""
1195,2024-05-30,116,67,7772.00,""
1195,2024-05-31,148,73,10804.00,""
1195,2024-06-03,94,83,7802.00,""
1195,2024-06-06,215,70,15050.00,""
1195,2024-06-07,259,162,41958.00,""
1195,2024-06-16,253,124,31372.00,""
1195,2024-06-17,335,210,70350.00,""
1195,2024-06-21,91,92,8372.00,""
1195,2024-06-24,128,56,7168.00,""
1195,2024-06-25,149,178,26522.00,""
1195,2024-07-01,321,130,41730.00,""
1195,2024-07-17,328,58,19024.00,""
1195,2024-07-18,339,241,81699.00,""
1689,2024-05-13,103,126,12978.00,""
1689,2024-05-14,117,83,9711.00,""
1689,2024-05-15,197,149,29353.00,""
1689,2024-05-18,174,79,13746.00,""
1689,2024-05-21,56,111,6216.00,""
1689,2024-05-22,138,33,4554.00,""
1689,2024-05-23,180,95,17100.00,""
1689,2024-05-25,79,147,11613.00,""
1689,2024-05-28,104,30,3120.00,""
1689,2024-05-29,111,121,13431.00,""
1689,2024-05-30,143,70,10010.00,""
1689,2024-06-03,294,209,61446.00,""
1689,2024-06-04,115,191,21965.00,""
1689,2024-06-10,235,93,21855.00,""
1689,2024-06-14,269,159,42771.00,""
1689,2024-06-15,236,184,43424.00,""
1689,2024-06-20,233,148,34484.00,""
1689,2024-06-21,239,119,28441.00,""
1689,2024-06-26,331,62,20522.00,""
1689,2024-06-27,349,86,30014.00,""
1689,2024-06-30,277,202,55954.00,""
1689,2024-07-05,152,60,9120.00,""
1689,2024-07-11,162,50,8100.00,""
1689,2024-07-16,287,163,46781.00,""
1689,2024-07-17,96,146,14016.00,""
1689,2024-07-23,265,154,40810.00,""
1689,2024-07-27,256,238,60928.00,""
1689,2024-07-29,316,198,62568.00,""
1689,2024-08-02,262,240,62880.00,""
1689,2024-08-03,211,193,40723.00,""
1689,2024-08-04,345,202,69690.00,""
1689,2024-08-08,159,166,26394.00,""
1689,2024-08-22,225,116,26100.00,""
1692,2024-05-11,72,44,3168.00,""
1692,2024-05-13,164,71,11644.00,""
1692,2024-05-18,164,133,21812.00,""
1692,2024-05-19,143,140,20020.00,""
1692,2024-05-20,100,38,3800.00,""
1692,2024-05-21,195,22,4290.00,""
1692,2024-05-22,72,73,5256.00,""
1692,2024-05-23,42,26,1092.00,""
1692,2024-05-26,78,62,4836.00,""
1692,2024-05-28,52,102,5304.00,""
1692,2024-05-29,144,125,18000.00,""
1692,2024-06-07,187,201,37587.00,""
1692,2024-06-12,256,212,54272.00,""
1692,2024-06-16,312,214,66768.00,""
1692,2024-06-17,296,56,16576.00,""
1692,2024-06-19,212,116,24592.00,""
1692,2024-06-20,299,180,53820.00,""
1692,2024-06-24,238,114,27132.00,""
1692,2024-06-27,298,140,41720.00,""
1685,2024-05-19,97,51,4947.00,""
1685,2024-05-20,78,69,5382.00,""
1685,2024-05-21,63,95,5985.00,""
1685,2024-05-24,85,110,9350.00,""
1685,2024-06-01,240,61,14640.00,""
1685,2024-06-03,158,127,20066.00,""
1685,2024-06-07,262,59,15458.00,""
1685,2024-06-11,267,200,53400.00,""
1685,2024-06-17,204,170,34680.00,""
1685,2024-06-21,258,94,24252.00,""
1685,2024-06-23,308,199,61292.00,""
1349,2024-05-14,153,110,16830.00,""
1349,2024-05-15,63,105,6615.00,""
1349,2024-05-17,87,92,8004.00,""
1349,2024-05-21,121,58,7018.00,""
1349,2024-05-24,95,128,12160.00,""
1349,2024-05-26,116,53,6148.00,""
1349,2024-05-27,71,58,4118.00,""
1349,2024-05-29,182,147,26754.00,""
1349,2024-06-04,234,108,25272.00,""
1349,2024-06-05,316,73,23068.00,""
1349,2024-06-15,278,77,21406.00,""
1349,2024-06-16,83,95,7885.00,""
1349,2024-06-17,346,75,25950.00,""
1349,2024-06-19,309,216,66744.00,""
1349,2024-06-25,206,240,49440.00,""
1349,2024-06-30,349,106,36994.00,""
1349,2024-07-02,182,125,22750.00,""
1349,2024-07-10,335,210,70350.00,""
1349,2024-07-12,174,188,32712.00,""
1349,2024-07-15,256,195,49920.00,""
1349,2024-07-19,285,70,19950.00,""
1349,2024-07-21,262,191,50042.00,""
1349,2024-08-02,95,59,5605.00,""
1349,2024-08-04,134,60,8040.00,""
1349,2024-08-06,167,250,41750.00,""
1349,2024-08-08,348,192,66816.00,""
1349,2024-08-11,312,173,53976.00,""
1349,2024-08-12,240,234,56160.00,""
1329,2024-05-08,86,141,12126.00,""
1329,2024-05-09,144,32,4608.00,""
1329,2024-05-10,48,99,4752.00,""
1329,2024-05-11,77,66,5082.00,""
1329,2024-05-12,174,109,18966.00,""
1329,2024-05-21,196,91,17836.00,""
1329,2024-05-23,173,44,7612.00,""
1329,2024-05-25,85,59,5015.00,""
1329,2024-05-28,168,56,9408.00,""
1329,2024-05-29,164,67,10988.00,""
1329,2024-05-31,56,138,7728.00,""
1329,2024-06-01,320,184,58880.00,""
1329,2024-06-02,190,135,25650.00,""
1329,2024-06-07,98,141,13818.00,""
1329,2024-06-15,329,138,45402.00,""
1329,2024-06-23,134,147,19698.00,""
1329,2024-06-25,297,89,26433.00,""
1329,2024-06-26,187,144,26928.00,""
1329,2024-07-06,187,186,34782.00,""
1329,2024-07-07,134,193,25862.00,""
1329,2024-07-09,191,133,25403.00,""
1329,2024-07-10,327,93,30411.00,""
1329,2024-07-26,128,123,15744.00,""
1329,2024-07-28,189,182,34398.00,""
1329,2024-08-02,258,232,59856.00,""
1329,2024-08-06,111,61,6771.00,""
1329,2024-08-13,186,74,13764.00,""
1329,2024-08-28,235,113,26555.00,""
1329,2024-08-29,80,199,15920.00,""
1329,2024-09-05,113,187,21131.00,""
1329,2024-09-06,195,159,31005.00,""
1329,2024-09-07,248,91,22568.00,""
1329,2024-09-12,124,195,24180.00,""
1329,2024-09-19,136,78,10608.00,""
1329,2024-09-28,276,92,25392.00,""
1329,2024-09-29,264,60,15840.00,""
1570,2024-05-15,155,95,14725.00,""
1570,2024-05-21,48,116,5568.00,""
1570,2024-05-22,165,124,20460.00,""
1570,2024-05-26,114,107,12198.00,""
1570,2024-05-27,99,32,3168.00,""
1570,2024-05-28,122,42,5124.00,""
1570,2024-06-02,135,182,24570.00,""
1570,2024-06-04,228,165,37620.00,""
1570,2024-06-15,172,65,11180.00,""
1570,2024-06-16,147,138,20286.00,""
1570,2024-06-17,82,247,20254.00,""
1570,2024-06-23,307,197,60479.00,""
1570,2024-06-26,222,212,47064.00,""
1570,2024-06-28,301,172,51772.00,""
1570,2024-07-09,269,96,25824.00,""
1570,2024-07-11,144,120,17280.00,""
1570,2024-07-13,294,66,19404.00,""
1570,2024-07-17,158,141,22278.00,""
1394,2024-05-16,191,113,21583.00,""
1394,2024-05-20,152,110,16720.00,""
1394,2024-05-22,133,49,6517.00,""
1394,2024-05-24,97,149,14453.00,""
1394,2024-05-26,87,56,4872.00,""
1394,2024-05-27,89,88,7832.00,""
1394,2024-06-04,235,245,57575.00,""
1394,2024-06-09,336,156,52416.00,""
1394,2024-06-17,241,218,52538.00,""
1394,2024-06-20,214,174,37236.00,""
1394,2024-06-21,190,163,30970.00,""
1394,2024-06-26,128,71,9088.00,""
1394,2024-06-29,257,232,59624.00,""
1394,2024-07-01,261,107,27927.00,""
1394,2024-07-07,234,143,33462.00,""
1394,2024-07-11,90,190,17100.00,""
1394,2024-07-13,172,77,13244.00,""
1394,2024-07-14,100,64,6400.00,""
1394,2024-07-15,308,188,57904.00,""
1394,2024-07-17,282,101,28482.00,""
1394,2024-07-23,102,163,16626.00,""
1394,2024-07-24,98,135,13230.00,""
1394,2024-07-29,150,59,8850.00,""
1394,2024-08-05,141,191,26931.00,""
1394,2024-08-08,247,244,60268.00,""
1394,2024-08-24,127,248,31496.00,""
1394,2024-08-27,331,58,19198.00,""
1394,2024-08-30,168,66,11088.00,""
1394,2024-09-02,200,167,33400.00,""
1394,2024-09-04,190,114,21660.00,""
1394,2024-09-05,241,199,47959.00,""
1394,2024-09-07,139,91,12649.00,""
1394,2024-09-08,222,83,18426.00,""
1394,2024-09-09,295,114,33630.00,""
1648,2024-05-10,191,58,11078.00,""
1648,2024-05-11,105,108,11340.00,""
1648,2024-05-14,198,66,13068.00,""
1648,2024-05-16,64,120,7680.00,""
1648,2024-05-23,144,150,21600.00,""
1648,2024-05-26,175,111,19425.00,""
1648,2024-05-29,126,48,6048.00,""
1648,2024-06-04,103,52,5356.00,""
1648,2024-06-07,242,76,18392.00,""
1648,2024-06-10,111,204,22644.00,""
1648,2024-06-13,313,95,29735.00,""
1648,2024-06-16,272,69,18768.00,""
1648,2024-06-19,83,65,5395.00,""
1648,2024-06-22,222,154,34188.00,""
1648,2024-06-23,149,65,9685.00,""
1648,2024-06-28,303,103,31209.00,""
1648,2024-06-29,299,153,45747.00,""
1648,2024-06-30,235,123,28905.00,""
1648,2024-07-02,158,152,24016.00,""
1648,2024-07-04,110,188,20680.00,""
1648,2024-07-17,178,56,9968.00,""
1648,2024-07-18,347,67,23249.00,""
1648,2024-07-19,251,196,49196.00,""
1648,2024-07-20,120,126,15120.00,""
1648,2024-07-25,285,67,19095.00,""
1648,2024-07-29,280,140,39200.00,""
1648,2024-08-04,126,167,21042.00,""
1648,2024-08-08,273,164,44772.00,""
1648,2024-08-12,247,205,50635.00,""
1648,2024-08-13,144,221,31824.00,""
1648,2024-08-17,99,160,15840.00,""
1648,2024-08-18,304,135,41040.00,""
1648,2024-08-19,303,215,65145.00,""
1648,2024-08-20,337,138,46506.00,""
1648,2024-08-25,240,222,53280.00,""
1648,2024-08-30,218,203,44254.00,""
1648,2024-09-04,202,166,33532.00,""
1648,2024-09-05,234,114,26676.00,""
1648,2024-09-12,174,131,22794.00,""
1427,2024-05-10,62,126,7812.00,""
1427,2024-05-14,108,21,2268.00,""
1427,2024-05-19,146,105,15330.00,""
1427,2024-05-22,46,61,2806.00,""
1427,2024-05-24,85,95,8075.00,""
1427,2024-05-25,118,84,9912.00,""
1427,2024-05-27,133,137,18221.00,""
1427,2024-05-28,171,107,18297.00,""
1427,2024-05-29,157,81,12717.00,""
1427,2024-06-06,247,199,49153.00,""
1427,2024-06-09,310,64,19840.00,""
1427,2024-06-10,192,58,11136.00,""
1427,2024-06-15,184,121,22264.00,""
1427,2024-06-23,82,119,9758.00,""
1427,2024-06-24,262,99,25938.00,""
1427,2024-07-01,272,80,21760.00,""
1427,2024-07-13,118,188,22184.00,""
1319,2024-05-18,92,87,8004.00,""
1319,2024-05-19,187,67,12529.00,""
1319,2024-05-21,151,111,16761.00,""
1319,2024-05-23,168,60,10080.00,""
1319,2024-05-24,165,26,4290.00,""
1319,2024-05-25,93,99,9207.00,""
1319,2024-05-27,101,25,2525.00,""
1319,2024-05-28,46,25,1150.00,""
1319,2024-05-31,45,78,3510.00,""
1319,2024-06-02,96,56,5376.00,""
1319,2024-06-03,174,88,15312.00,""
1319,2024-06-04,249,225,56025.00,""
1319,2024-06-13,141,239,33699.00,""
1319,2024-06-14,253,245,61985.00,""
1319,2024-06-19,319,213,67947.00,""
1319,2024-06-23,327,206,67362.00,""
1319,2024-07-01,178,87,15486.00,""
1319,2024-07-12,247,61,15067.00,""
1319,2024-07-13,303,68,20604.00,""
1319,2024-07-14,199,212,42188.00,""
1539,2024-05-18,128,22,2816.00,""
1539,2024-05-21,71,86,6106.00,""
1539,2024-05-27,65,149,9685.00,""
1539,2024-06-06,144,51,7344.00,""
1539,2024-06-08,205,170,34850.00,""
1539,2024-06-20,278,154,42812.00,""
1539,2024-06-29,178,156,27768.00,""
1539,2024-07-03,262,69,18078.00,""
1539,2024-07-05,278,129,35862.00,""
1539,2024-07-06,161,238,38318.00,""
1539,2024-07-15,320,130,41600.00,""
1539,2024-07-16,235,134,31490.00,""
1539,2024-07-17,325,93,30225.00,""
1539,2024-07-18,308,177,54516.00,""
1539,2024-07-23,290,123,35670.00,""
1539,2024-07-25,187,144,26928.00,""
1539,2024-08-02,81,92,7452.00,""
1539,2024-08-07,229,88,20152.00,""
1539,2024-08-13,275,132,36300.00,""
1228,2024-05-13,173,134,23182.00,""
1228,2024-05-18,167,127,21209.00,""
1228,2024-05-23,154,148,22792.00,""
1228,2024-06-27,336,151,50736.00,""
1228,2024-06-29,136,103,14008.00,""
1228,2024-07-09,204,111,22644.00,""
1228,2024-07-15,237,187,44319.00,""
1228,2024-07-16,294,198,58212.00,""
1228,2024-07-23,324,134,43416.00,""
1228,2024-07-25,186,224,41664.00,""
1228,2024-07-28,182,74,13468.00,""
1228,2024-08-09,259,100,25900.00,""
1228,2024-08-11,220,85,18700.00,""
1228,2024-08-15,113,219,24747.00,""
1228,2024-08-17,177,233,41241.00,""
1228,2024-08-24,177,218,38586.00,""
1228,2024-09-05,103,105,10815.00,""
1228,2024-09-08,216,115,24840.00,""
1228,2024-09-09,209,90,18810.00,""
1228,2024-09-14,181,76,13756.00,""
1228,2024-09-19,148,136,20128.00,""
1718,2024-05-12,151,138,20838.00,""
1718,2024-05-13,137,50,6850.00,""
1718,2024-05-14,139,47,6533.00,""
1718,2024-05-15,168,99,16632.00,""
1718,2024-05-16,170,129,21930.00,""
1718,2024-05-20,170,133,22610.00,""
1718,2024-05-21,103,87,8961.00,""
1718,2024-05-22,164,99,16236.00,""
1718,2024-05-29,106,147,15582.00,""
1718,2024-06-06,335,157,52595.00,""
1718,2024-06-15,198,62,12276.00,""
1718,2024-06-21,240,148,35520.00,""
1718,2024-06-22,87,113,9831.00,""
1718,2024-07-04,327,96,31392.00,""
1718,2024-07-06,216,94,20304.00,""
1718,2024-07-08,110,112,12320.00,""
1718,2024-07-10,123,197,24231.00,""
1487,2024-05-16,144,55,7920.00,""
1487,2024-05-18,194,95,18430.00,""
1487,2024-05-20,60,75,4500.00,""
1487,2024-05-31,60,65,3900.00,""
1487,2024-06-01,315,186,58590.00,""
1487,2024-06-04,182,122,22204.00,""
1487,2024-06-07,290,123,35670.00,""
1487,2024-06-09,121,215,26015.00,""
1487,2024-06-10,241,81,19521.00,""
1487,2024-06-11,103,139,14317.00,""
1487,2024-06-12,265,197,52205.00,""
1487,2024-06-15,83,93,7719.00,""
1487,2024-06-19,341,67,22847.00,""
1487,2024-06-22,148,233,34484.00,""
1487,2024-06-25,123,156,19188.00,""
1487,2024-06-27,268,122,32696.00,""
1487,2024-07-07,302,99,29898.00,""
1487,2024-07-09,223,230,51290.00,""
1487,2024-07-10,90,50,4500.00,""
1487,2024-07-18,174,171,29754.00,""
1487,2024-07-22,123,154,18942.00,""
1487,2024-07-23,116,249,28884.00,""
1487,2024-08-01,155,175,27125.00,""
1487,2024-08-08,207,199,41193.00,""
1487,2024-08-10,225,181,40725.00,""
1487,2024-08-16,274,52,14248.00,""
1487,2024-08-19,93,179,16647.00,""
1391,2024-05-14,139,138,19182.00,""
1391,2024-05-17,141,105,14805.00,""
1391,2024-05-19,71,105,7455.00,""
1391,2024-05-24,138,36,4968.00,""
1391,2024-05-28,60,64,3840.00,""
1391,2024-06-03,227,189,42903.00,""
1391,2024-06-07,210,77,16170.00,""
1391,2024-06-10,155,65,10075.00,""
1391,2024-06-17,82,101,8282.00,""
1391,2024-06-19,146,64,9344.00,""
1391,2024-06-21,236,106,25016.00,""
1391,2024-06-24,154,169,26026.00,""
1391,2024-06-25,130,88,11440.00,""
1391,2024-06-26,295,143,42185.00,""
1391,2024-06-28,126,126,15876.00,""
1391,2024-06-29,147,214,31458.00,""
1391,2024-06-30,150,79,11850.00,""
1391,2024-07-03,220,137,30140.00,""
1391,2024-07-05,292,71,20732.00,""
1391,2024-07-06,309,128,39552.00,""
1391,2024-07-08,242,101,24442.00,""
1391,2024-07-18,140,86,12040.00,""
1391,2024-07-21,305,139,42395.00,""
1391,2024-07-22,134,77,10318.00,""
1391,2024-07-23,121,99,11979.00,""
1391,2024-08-02,310,192,59520.00,""
1391,2024-08-06,190,236,44840.00,""
1391,2024-08-07,229,145,33205.00,""
1391,2024-08-09,337,87,29319.00,""
1391,2024-08-11,282,226,63732.00,""
1391,2024-08-12,254,188,47752.00,""
1391,2024-08-15,312,148,46176.00,""
1391,2024-08-16,206,71,14626.00,""
1391,2024-08-20,191,124,23684.00,""
1391,2024-08-21,308,229,70532.00,""
1391,2024-08-25,189,105,19845.00,""
1391,2024-08-27,243,160,38880.00,""
1391,2024-08-29,133,207,27531.00,""
1391,2024-09-04,156,117,18252.00,""
1391,2024-09-07,230,104,23920.00,""
1391,2024-09-09,280,199,55720.00,""
1391,2024-09-10,173,72,12456.00,""
1391,2024-09-12,267,189,50463.00,""
1391,2024-09-14,256,196,50176.00,""
1391,2024-09-15,125,130,16250.00,""
1391,2024-09-16,180,144,25920.00,""
1231,2024-05-11,99,76,7524.00,""
1231,2024-05-13,45,128,5760.00,""
1231,2024-05-14,162,61,9882.00,""
1231,2024-05-15,97,150,14550.00,""
1231,2024-05-17,97,67,6499.00,""
1231,2024-05-19,187,124,23188.00,""
1231,2024-05-20,65,143,9295.00,""
1231,2024-05-21,186,109,20274.00,""
1231,2024-05-24,84,70,5880.00,""
1231,2024-05-28,58,78,4524.00,""
1231,2024-05-31,95,23,2185.00,""
1231,2024-06-06,307,71,21797.00,""
1231,2024-06-11,342,71,24282.00,""
1231,2024-06-18,174,250,43500.00,""
1231,2024-06-22,247,195,48165.00,""
1231,2024-06-28,263,172,45236.00,""
1231,2024-07-01,226,211,47686.00,""
1231,2024-07-05,220,75,16500.00,""
1231,2024-07-22,245,59,14455.00,""
1231,2024-07-23,293,134,39262.00,""
1231,2024-07-24,263,229,60227.00,""
1231,2024-07-25,298,134,39932.00,""
1231,2024-07-30,248,112,27776.00,""
1231,2024-07-31,157,145,22765.00,""
1231,2024-08-02,342,108,36936.00,""
1231,2024-08-05,198,83,16434.00,""
1231,2024-08-09,130,133,17290.00,""
1231,2024-08-10,165,112,18480.00,""
1613,2024-05-17,123,41,5043.00,""
1613,2024-05-18,124,80,9920.00,""
1613,2024-05-20,40,128,5120.00,""
1613,2024-05-21,50,50,2500.00,""
1613,2024-05-24,111,87,9657.00,""
1613,2024-05-27,58,119,6902.00,""
1613,2024-05-28,165,26,4290.00,""
1613,2024-05-29,189,36,6804.00,""
1613,2024-06-03,115,178,20470.00,""
1613,2024-06-05,198,124,24552.00,""
1613,2024-06-12,194,205,39770.00,""
1613,2024-06-17,303,219,66357.00,""
1613,2024-06-21,144,85,12240.00,""
1613,2024-06-22,139,144,20016.00,""
1613,2024-06-24,155,134,20770.00,""
1613,2024-06-28,276,207,57132.00,""
1613,2024-06-30,309,58,17922.00,""
1613,2024-07-03,291,152,44232.00,""
1613,2024-07-04,141,77,10857.00,""
1613,2024-07-07,247,177,43719.00,""
1613,2024-07-11,223,180,40140.00,""
1613,2024-07-12,240,72,17280.00,""
1613,2024-07-13,281,220,61820.00,""
1613,2024-07-18,146,201,29346.00,""
1613,2024-07-19,237,175,41475.00,""
1613,2024-07-20,333,221,73593.00,""
1613,2024-07-23,306,107,32742.00,""
1613,2024-07-27,134,128,17152.00,""
1613,2024-07-30,81,234,18954.00,""
1613,2024-08-01,285,104,29640.00,""
1613,2024-08-10,176,241,42416.00,""
1613,2024-08-12,327,230,75210.00,""
1613,2024-08-21,102,202,20604.00,""
1613,2024-08-22,80,201,16080.00,""
1613,2024-08-23,275,191,52525.00,""
1624,2024-05-17,101,128,12928.00,""
1624,2024-05-19,198,41,8118.00,""
1624,2024-05-22,171,41,7011.00,""
1624,2024-05-28,160,127,20320.00,""
1624,2024-05-30,189,126,23814.00,""
1624,2024-05-31,46,62,2852.00,""
1624,2024-06-02,259,78,20202.00,""
1624,2024-06-03,163,215,35045.00,""
1624,2024-06-05,256,114,29184.00,""
1624,2024-06-06,142,182,25844.00,""
1624,2024-06-08,225,240,54000.00,""
1624,2024-06-13,122,192,23424.00,""
1624,2024-06-16,180,65,11700.00,""
1624,2024-07-02,333,241,80253.00,""
1624,2024-07-10,170,226,38420.00,""
1624,2024-07-16,171,199,34029.00,""
1624,2024-07-17,337,245,82565.00,""
1624,2024-07-22,253,66,16698.00,""
1624,2024-07-25,305,111,33855.00,""
1624,2024-07-28,99,235,23265.00,""
1624,2024-07-31,335,196,65660.00,""
1624,2024-08-05,350,206,72100.00,""
1624,2024-08-07,203,121,24563.00,""
1624,2024-08-15,337,203,68411.00,""
1624,2024-08-20,338,79,26702.00,""
1624,2024-08-21,245,208,50960.00,""
1624,2024-09-05,145,135,19575.00,""
1734,2024-05-16,180,32,5760.00,""
1734,2024-05-19,88,123,10824.00,""
1734,2024-05-26,146,34,4964.00,""
1734,2024-05-27,178,60,10680.00,""
1734,2024-06-02,271,105,28455.00,""
1734,2024-06-04,115,129,14835.00,""
1734,2024-06-06,341,207,70587.00,""
1734,2024-06-08,196,133,26068.00,""
1734,2024-06-15,164,53,8692.00,""
1734,2024-06-21,329,55,18095.00,""
1734,2024-06-25,86,68,5848.00,""
1734,2024-07-02,263,87,22881.00,""
1734,2024-07-03,123,71,8733.00,""
1734,2024-07-04,326,91,29666.00,""
1734,2024-07-06,164,221,36244.00,""
1734,2024-07-07,179,208,37232.00,""
1734,2024-07-08,204,210,42840.00,""
1734,2024-07-19,87,76,6612.00,""
1734,2024-07-27,293,105,30765.00,""
1734,2024-07-28,206,226,46556.00,""
1559,2024-05-16,42,141,5922.00,""
1559,2024-05-20,73,130,9490.00,""
1559,2024-05-26,181,91,16471.00,""
1559,2024-05-27,137,40,5480.00,""
1559,2024-05-28,167,85,14195.00,""
1559,2024-05-31,103,133,13699.00,""
1559,2024-06-07,199,171,34029.00,""
1559,2024-06-09,298,209,62282.00,""
1559,2024-06-11,320,140,44800.00,""
1559,2024-06-13,178,250,44500.00,""
1559,2024-06-15,234,141,32994.00,""
1559,2024-06-16,298,249,74202.00,""
1559,2024-06-19,91,160,14560.00,""
1559,2024-06-23,203,69,14007.00,""
1559,2024-06-24,253,144,36432.00,""
1559,2024-06-29,308,59,18172.00,""
1559,2024-07-04,178,243,43254.00,""
1559,2024-07-10,97,69,6693.00,""
1559,2024-07-12,125,116,14500.00,""
1559,2024-07-20,301,203,61103.00,""
1559,2024-07-24,121,59,7139.00,""
1559,2024-07-27,268,224,60032.00,""
1559,2024-07-29,257,122,31354.00,""
1559,2024-08-01,129,98,12642.00,""
1559,2024-08-16,216,176,38016.00,""
1559,2024-08-19,107,102,10914.00,""
1559,2024-08-24,265,78,20670.00,""
1559,2024-08-27,133,134,17822.00,""
1559,2024-09-01,108,107,11556.00,""
1559,2024-09-07,168,199,33432.00,""
1704,2024-05-09,78,111,8658.00,""
1704,2024-05-11,87,63,5481.00,""
1704,2024-05-15,52,135,7020.00,""
1704,2024-05-16,92,94,8648.00,""
1704,2024-05-17,104,59,6136.00,""
1704,2024-05-19,146,45,6570.00,""
1704,2024-05-20,85,135,11475.00,""
1704,2024-05-29,87,47,4089.00,""
1704,2024-05-30,194,109,21146.00,""
1704,2024-06-07,106,188,19928.00,""
1704,2024-06-10,173,129,22317.00,""
1704,2024-06-12,83,159,13197.00,""
1704,2024-06-15,157,154,24178.00,""
1704,2024-06-16,101,182,18382.00,""
1704,2024-06-17,306,195,59670.00,""
1704,2024-06-23,242,231,55902.00,""
1704,2024-06-24,307,183,56181.00,""
1704,2024-06-25,311,105,32655.00,""
1704,2024-06-29,189,235,44415.00,""
1704,2024-07-01,241,63,15183.00,""
1704,2024-07-13,99,200,19800.00,""
1704,2024-07-14,270,93,25110.00,""
1704,2024-07-18,156,211,32916.00,""
1704,2024-07-19,262,70,18340.00,""
1704,2024-07-27,132,196,25872.00,""
1704,2024-07-31,179,151,27029.00,""
1704,2024-08-01,205,79,16195.00,""
1704,2024-08-05,189,125,23625.00,""
1704,2024-08-06,284,111,31524.00,""
1704,2024-08-09,209,94,19646.00,""
1506,2024-05-13,60,77,4620.00,""
1506,2024-05-14,80,120,9600.00,""
1506,2024-05-16,191,130,24830.00,""
1506,2024-05-17,149,36,5364.00,""
1506,2024-05-19,54,142,7668.00,""
1506,2024-05-26,76,66,5016.00,""
1506,2024-05-30,131,82,10742.00,""
1506,2024-06-02,238,228,54264.00,""
1506,2024-06-03,119,100,11900.00,""
1506,2024-06-07,345,168,57960.00,""
1506,2024-06-15,317,153,48501.00,""
1506,2024-06-16,94,247,23218.00,""
1506,2024-06-17,195,133,25935.00,""
1506,2024-06-20,150,153,22950.00,""
1506,2024-06-29,318,132,41976.00,""
1506,2024-07-07,128,168,21504.00,""
1506,2024-07-13,180,243,43740.00,""
1506,2024-07-16,83,242,20086.00,""
1506,2024-07-20,228,160,36480.00,""
1506,2024-07-22,301,151,45451.00,""
1506,2024-07-31,253,100,25300.00,""
1506,2024-08-02,315,172,54180.00,""
1506,2024-08-04,115,58,6670.00,""
1506,2024-08-06,208,145,30160.00,""
1506,2024-08-12,277,160,44320.00,""
1506,2024-08-21,326,148,48248.00,""
1506,2024-08-28,129,129,16641.00,""
1506,2024-08-30,145,119,17255.00,""
1506,2024-09-13,110,166,18260.00,""
1506,2024-09-15,234,139,32526.00,""
1506,2024-09-18,260,106,27560.00,""
1506,2024-09-21,105,91,9555.00,""
1506,2024-09-22,115,161,18515.00,""
1506,2024-09-24,174,116,20184.00,""
1506,2024-09-25,232,167,38744.00,""
1636,2024-05-15,88,59,5192.00,""
1636,2024-05-17,45,57,2565.00,""
1636,2024-05-19,148,98,14504.00,""
1636,2024-05-22,98,133,13034.00,""
1636,2024-05-31,169,112,18928.00,""
1636,2024-06-02,193,186,35898.00,""
1636,2024-06-05,305,127,38735.00,""
1636,2024-06-06,243,119,28917.00,""
1636,2024-06-10,184,230,42320.00,""
1636,2024-06-15,96,187,17952.00,""
1636,2024-06-16,214,69,14766.00,""
1636,2024-06-19,277,140,38780.00,""
1636,2024-06-20,172,89,15308.00,""
1636,2024-06-25,332,91,30212.00,""
1636,2024-07-01,242,80,19360.00,""
1636,2024-07-06,115,106,12190.00,""
1636,2024-07-10,226,189,42714.00,""
1636,2024-07-14,80,218,17440.00,""
1636,2024-07-18,82,112,9184.00,""
1636,2024-07-21,240,204,48960.00,""
1636,2024-07-22,196,233,45668.00,""
1636,2024-07-23,102,148,15096.00,""
1636,2024-07-26,94,160,15040.00,""
1636,2024-07-29,101,55,5555.00,""
1636,2024-07-30,246,94,23124.00,""
1636,2024-08-01,276,229,63204.00,""
1636,2024-08-02,173,132,22836.00,""
1636,2024-08-04,180,60,10800.00,""
1636,2024-08-08,330,154,50820.00,""
1636,2024-08-11,204,205,41820.00,""
1636,2024-08-13,310,80,24800.00,""
1636,2024-08-18,172,172,29584.00,""
1636,2024-08-25,279,241,67239.00,""
1636,2024-08-26,114,133,15162.00,""
1636,2024-08-27,265,88,23320.00,""
1636,2024-08-30,239,205,48995.00,""
1636,2024-08-31,139,139,19321.00,""
1435,2024-05-27,187,106,19822.00,""
1435,2024-06-02,84,159,13356.00,""
1435,2024-06-06,219,77,16863.00,""
1435,2024-06-10,297,111,32967.00,""
1435,2024-06-15,231,76,17556.00,""
1435,2024-06-18,303,216,65448.00,""
1435,2024-06-21,197,192,37824.00,""
1435,2024-06-29,85,134,11390.00,""
1435,2024-07-08,180,107,19260.00,""
1435,2024-07-14,129,182,23478.00,""
1435,2024-07-21,253,171,43263.00,""
1435,2024-07-24,223,222,49506.00,""
1435,2024-07-29,239,155,37045.00,""
1435,2024-08-01,171,158,27018.00,""
1435,2024-08-02,333,224,74592.00,""
1563,2024-05-16,93,38,3534.00,""
1563,2024-05-17,117,37,4329.00,""
1563,2024-05-25,111,101,11211.00,""
1563,2024-05-26,72,28,2016.00,""
1563,2024-05-30,89,149,13261.00,""
1563,2024-05-31,66,145,9570.00,""
1563,2024-06-01,313,195,61035.00,""
1563,2024-06-04,307,90,27630.00,""
1563,2024-06-05,111,207,22977.00,""
1563,2024-06-19,168,59,9912.00,""
1563,2024-06-22,309,142,43878.00,""
1563,2024-06-24,177,193,34161.00,""
1563,2024-06-27,140,58,8120.00,""
1563,2024-07-13,265,223,59095.00,""
1563,2024-07-14,123,154,18942.00,""
1563,2024-07-20,93,144,13392.00,""
1563,2024-07-21,325,127,41275.00,""
1563,2024-07-23,242,131,31702.00,""
1563,2024-07-25,209,169,35321.00,""
1563,2024-07-27,209,169,35321.00,""
1563,2024-07-31,257,67,17219.00,""
1563,2024-08-04,306,243,74358.00,""
1563,2024-08-05,329,138,45402.00,""
1563,2024-08-11,224,201,45024.00,""
1369,2024-05-27,96,147,14112.00,""
1369,2024-05-29,182,77,14014.00,""
1369,2024-06-02,274,108,29592.00,""
1369,2024-06-05,88,59,5192.00,""
1369,2024-06-08,247,223,55081.00,""
1369,2024-06-13,88,129,11352.00,""
1369,2024-06-19,226,224,50624.00,""
1369,2024-06-21,316,165,52140.00,""
1369,2024-06-25,101,201,20301.00,""
1369,2024-06-27,136,201,27336.00,""
1369,2024-07-09,216,171,36936.00,""
1369,2024-07-10,130,56,7280.00,""
1369,2024-07-14,303,88,26664.00,""
1369,2024-07-18,168,206,34608.00,""
1369,2024-07-23,171,55,9405.00,""
1588,2024-05-23,168,137,23016.00,""
1588,2024-05-29,174,38,6612.00,""
1588,2024-06-03,307,169,51883.00,""
1588,2024-06-04,81,78,6318.00,""
1588,2024-06-07,319,224,71456.00,""
1588,2024-06-13,155,183,28365.00,""
1588,2024-06-17,283,56,15848.00,""
1588,2024-06-20,117,199,23283.00,""
1588,2024-06-27,278,189,52542.00,""
1588,2024-06-29,230,116,26680.00,""
1588,2024-07-10,271,250,67750.00,""
1588,2024-07-13,154,205,31570.00,""
1588,2024-07-14,312,231,72072.00,""
1588,2024-07-19,181,123,22263.00,""
1588,2024-07-20,193,241,46513.00,""
1588,2024-07-22,93,88,8184.00,""
1588,2024-07-24,107,181,19367.00,""
1588,2024-07-25,264,76,20064.00,""
1588,2024-07-27,195,166,32370.00,""
1588,2024-08-10,231,85,19635.00,""
1266,2024-05-18,156,56,8736.00,""
1266,2024-05-23,188,110,20680.00,""
1266,2024-05-25,140,122,17080.00,""
1266,2024-05-27,48,131,6288.00,""
1266,2024-05-28,143,85,12155.00,""
1266,2024-05-30,51,97,4947.00,""
1266,2024-05-31,81,24,1944.00,""
1266,2024-06-06,158,124,19592.00,""
1266,2024-06-11,85,156,13260.00,""
1266,2024-06-20,229,163,37327.00,""
1266,2024-06-22,94,196,18424.00,""
1266,2024-06-23,254,78,19812.00,""
1266,2024-07-05,150,211,31650.00,""
1266,2024-07-07,196,183,35868.00,""
1266,2024-07-10,317,189,59913.00,""
1266,2024-07-13,200,105,21000.00,""
1266,2024-07-15,313,54,16902.00,""
1743,2024-05-21,171,57,9747.00,""
1743,2024-05-26,147,77,11319.00,""
1743,2024-05-28,141,67,9447.00,""
1743,2024-05-31,46,85,3910.00,""
1743,2024-06-03,119,55,6545.00,""
1743,2024-06-11,281,181,50861.00,""
1743,2024-06-18,81,70,5670.00,""
1743,2024-06-27,248,69,17112.00,""
1743,2024-07-05,152,217,32984.00,""
1743,2024-07-09,279,138,38502.00,""
1743,2024-07-10,334,103,34402.00,""
1392,2024-05-22,170,101,17170.00,""
1392,2024-05-26,138,24,3312.00,""
1392,2024-05-27,55,32,1760.00,""
1392,2024-05-28,124,77,9548.00,""
1392,2024-05-30,55,121,6655.00,""
1392,2024-06-01,296,78,23088.00,""
1392,2024-06-02,122,119,14518.00,""
1392,2024-06-03,252,218,54936.00,""
1392,2024-06-08,311,135,41985.00,""
1392,2024-06-15,130,150,19500.00,""
1392,2024-06-17,126,236,29736.00,""
1392,2024-06-21,115,185,21275.00,""
1392,2024-06-23,176,113,19888.00,""
1392,2024-06-25,108,174,18792.00,""
1392,2024-06-27,311,127,39497.00,""
1392,2024-07-05,311,147,45717.00,""
1392,2024-07-06,244,216,52704.00,""
1392,2024-07-08,265,218,57770.00,""
1392,2024-07-10,291,62,18042.00,""
1392,2024-07-12,165,171,28215.00,""
1392,2024-07-18,263,173,45499.00,""
1392,2024-07-20,121,76,9196.00,""
1392,2024-07-24,112,85,9520.00,""
1392,2024-07-25,161,109,17549.00,""
1392,2024-07-28,150,52,7800.00,""
1392,2024-08-10,134,197,26398.00,""
1392,2024-08-11,138,216,29808.00,""
1392,2024-08-16,129,180,23220.00,""
1392,2024-08-17,139,56,7784.00,""
1392,2024-08-21,284,67,19028.00,""
1392,2024-08-23,308,69,21252.00,""
1392,2024-08-24,333,70,23310.00,""
1392,2024-08-31,230,123,28290.00,""
1392,2024-09-07,159,173,27507.00,""
1392,2024-09-12,139,63,8757.00,""
1392,2024-09-14,105,138,14490.00,""
1392,2024-09-19,183,130,23790.00,""
1392,2024-09-20,166,73,12118.00,""
1392,2024-09-22,164,151,24764.00,""
1392,2024-09-27,200,99,19800.00,""
1406,2024-05-16,159,73,11607.00,""
1406,2024-05-22,109,48,5232.00,""
1406,2024-05-23,126,41,5166.00,""
1406,2024-05-29,96,57,5472.00,""
1406,2024-05-30,194,65,12610.00,""
1406,2024-06-02,84,208,17472.00,""
1406,2024-06-24,290,175,50750.00,""
1406,2024-06-26,163,127,20701.00,""
1406,2024-06-29,289,186,53754.00,""
1406,2024-07-02,214,112,23968.00,""
1406,2024-07-13,98,133,13034.00,""
1406,2024-07-17,97,210,20370.00,""
1406,2024-07-25,253,168,42504.00,""
1406,2024-07-27,203,133,26999.00,""
1406,2024-07-30,251,142,35642.00,""
1406,2024-08-03,132,212,27984.00,""
1406,2024-08-10,304,202,61408.00,""
1406,2024-08-12,334,118,39412.00,""
1406,2024-08-15,324,63,20412.00,""
1406,2024-08-20,298,247,73606.00,""
1406,2024-08-21,111,89,9879.00,""
1406,2024-08-23,280,183,51240.00,""
1406,2024-08-27,314,138,43332.00,""
1406,2024-08-31,143,182,26026.00,""
1406,2024-09-02,155,143,22165.00,""
1406,2024-09-03,299,124,37076.00,""
1406,2024-09-06,224,177,39648.00,""
1406,2024-09-16,287,61,17507.00,""
1385,2024-05-28,152,140,21280.00,""
1385,2024-05-29,134,34,4556.00,""
1385,2024-06-01,205,71,14555.00,""
1385,2024-06-03,318,115,36570.00,""
1385,2024-06-09,234,125,29250.00,""
1385,2024-06-15,109,230,25070.00,""
1385,2024-06-26,183,192,35136.00,""
1385,2024-06-28,345,220,75900.00,""
1385,2024-07-01,103,183,18849.00,""
1385,2024-07-09,144,210,30240.00,""
1385,2024-07-11,232,148,34336.00,""
1385,2024-07-13,320,159,50880.00,""
1385,2024-07-18,211,191,40301.00,""
1385,2024-07-19,340,71,24140.00,""
1385,2024-07-21,264,229,60456.00,""
1385,2024-07-22,198,163,32274.00,""
1385,2024-07-24,220,232,51040.00,""
1385,2024-07-25,246,77,18942.00,""
1385,2024-07-29,217,238,51646.00,""
1385,2024-07-30,320,135,43200.00,""
1645,2024-05-26,182,96,17472.00,""
1645,2024-05-31,79,89,7031.00,""
1645,2024-06-03,231,215,49665.00,""
1645,2024-06-10,350,242,84700.00,""
1645,2024-06-11,349,203,70847.00,""
1645,2024-06-13,208,234,48672.00,""
1645,2024-06-14,157,103,16171.00,""
1645,2024-07-08,339,175,59325.00,""
1645,2024-07-13,337,208,70096.00,""
1645,2024-07-17,139,150,20850.00,""
1645,2024-07-18,251,127,31877.00,""
1645,2024-07-21,127,89,11303.00,""
1645,2024-07-25,214,160,34240.00,""
1645,2024-08-01,286,218,62348.00,""
1645,2024-08-08,279,152,42408.00,""
1788,2024-05-20,194,76,14744.00,""
1788,2024-05-21,149,28,4172.00,""
1788,2024-05-22,186,26,4836.00,""
1788,2024-05-26,145,42,6090.00,""
1788,2024-05-27,111,33,3663.00,""
1788,2024-05-30,182,121,22022.00,""
1788,2024-06-02,153,163,24939.00,""
1788,2024-06-11,222,238,52836.00,""
1788,2024-06-12,139,127,17653.00,""
1788,2024-06-21,155,182,28210.00,""
1788,2024-07-01,243,149,36207.00,""
1788,2024-07-07,306,146,44676.00,""
1788,2024-07-21,232,245,56840.00,""
1788,2024-07-24,183,211,38613.00,""
1788,2024-07-25,224,155,34720.00,""
1788,2024-07-29,221,70,15470.00,""
1788,2024-08-01,126,169,21294.00,""
1788,2024-08-02,163,231,37653.00,""
1788,2024-08-14,301,68,20468.00,""
1788,2024-08-21,187,177,33099.00,""
1788,2024-08-23,185,206,38110.00,""
1788,2024-08-24,321,167,53607.00,""
1788,2024-08-30,240,109,26160.00,""
1788,2024-08-31,330,218,71940.00,""
1788,2024-09-01,216,197,42552.00,""
1788,2024-09-08,142,106,15052.00,""
1290,2024-05-21,115,90,10350.00,""
1290,2024-05-22,118,44,5192.00,""
1290,2024-05-25,135,28,3780.00,""
1290,2024-05-26,151,73,11023.00,""
1290,2024-05-28,135,145,19575.00,""
1290,2024-05-31,49,148,7252.00,""
1290,2024-06-01,218,193,42074.00,""
1290,2024-06-05,224,151,33824.00,""
1290,2024-06-13,318,120,38160.00,""
1290,2024-06-15,201,236,47436.00,""
1290,2024-06-21,221,51,11271.00,""
1290,2024-06-22,215,157,33755.00,""
1290,2024-06-25,340,234,79560.00,""
1290,2024-07-08,333,133,44289.00,""
1290,2024-07-09,265,162,42930.00,""
1290,2024-07-10,248,139,34472.00,""
1290,2024-07-15,252,213,53676.00,""
1290,2024-07-21,156,188,29328.00,""
1290,2024-07-23,305,146,44530.00,""
1290,2024-08-04,322,166,53452.00,""
1290,2024-08-05,332,136,45152.00,""
1290,2024-08-14,278,89,24742.00,""
1290,2024-08-15,159,172,27348.00,""
1290,2024-08-17,230,245,56350.00,""
1290,2024-08-22,115,118,13570.00,""
1290,2024-08-24,275,136,37400.00,""
1290,2024-08-26,147,227,33369.00,""
1290,2024-09-03,201,104,20904.00,""
1290,2024-09-13,181,169,30589.00,""
1290,2024-09-21,269,94,25286.00,""
1290,2024-09-26,283,123,34809.00,""
1290,2024-09-27,159,101,16059.00,""
1290,2024-09-29,283,115,32545.00,""
1290,2024-09-30,212,86,18232.00,""
1492,2024-05-20,181,53,9593.00,""
1492,2024-05-21,171,97,16587.00,""
1492,2024-05-22,50,91,4550.00,""
1492,2024-05-28,120,107,12840.00,""
1492,2024-05-29,99,38,3762.00,""
1492,2024-06-03,280,107,29960.00,""
1492,2024-06-05,151,126,19026.00,""
1492,2024-06-08,327,174,56898.00,""
1492,2024-06-11,287,211,60557.00,""
1492,2024-06-12,126,207,26082.00,""
1492,2024-06-16,293,118,34574.00,""
1492,2024-06-20,294,170,49980.00,""
1492,2024-06-22,130,151,19630.00,""
1492,2024-06-25,128,141,18048.00,""
1492,2024-07-04,136,219,29784.00,""
1492,2024-07-09,191,124,23684.00,""
1492,2024-07-11,165,155,25575.00,""
1492,2024-07-22,303,136,41208.00,""
1492,2024-08-01,171,141,24111.00,""
1492,2024-08-03,279,186,51894.00,""
1492,2024-08-04,197,84,16548.00,""
1492,2024-08-08,150,217,32550.00,""
1492,2024-08-11,284,203,57652.00,""
1492,2024-08-24,264,183,48312.00,""
1250,2024-05-18,147,55,8085.00,""
1250,2024-05-24,54,88,4752.00,""
1250,2024-05-27,135,20,2700.00,""
1250,2024-06-03,243,139,33777.00,""
1250,2024-06-04,277,111,30747.00,""
1250,2024-06-06,183,169,30927.00,""
1250,2024-06-10,298,192,57216.00,""
1250,2024-06-23,137,239,32743.00,""
1250,2024-06-28,159,108,17172.00,""
1250,2024-06-29,135,212,28620.00,""
1250,2024-07-03,158,134,21172.00,""
1250,2024-07-06,165,250,41250.00,""
1250,2024-07-11,208,229,47632.00,""
1250,2024-07-15,126,172,21672.00,""
1250,2024-07-18,255,54,13770.00,""
1250,2024-07-19,194,188,36472.00,""
1250,2024-07-21,202,182,36764.00,""
1250,2024-07-26,93,113,10509.00,""
1250,2024-07-30,302,117,35334.00,""
1250,2024-08-08,111,212,23532.00,""
1250,2024-08-09,150,240,36000.00,""
1250,2024-08-12,259,50,12950.00,""
1250,2024-08-17,155,219,33945.00,""
1240,2024-05-22,78,115,8970.00,""
1240,2024-05-23,128,69,8832.00,""
1240,2024-05-24,171,137,23427.00,""
1240,2024-05-28,151,45,6795.00,""
1240,2024-05-30,171,36,6156.00,""
1240,2024-06-02,120,53,6360.00,""
1240,2024-06-09,84,186,15624.00,""
1240,2024-06-13,305,101,30805.00,""
1240,2024-06-19,92,50,4600.00,""
1240,2024-07-01,172,81,13932.00,""
1240,2024-07-02,349,110,38390.00,""
1240,2024-07-04,88,103,9064.00,""
1240,2024-07-07,82,218,17876.00,""
1240,2024-07-25,347,108,37476.00,""
1240,2024-07-31,141,72,10152.00,""
1240,2024-08-01,168,170,28560.00,""
1240,2024-08-02,147,205,30135.00,""
1240,2024-08-03,241,172,41452.00,""
1240,2024-08-06,307,216,66312.00,""
1240,2024-08-09,271,228,61788.00,""
1240,2024-08-12,312,65,20280.00,""
1240,2024-08-18,166,148,24568.00,""
1240,2024-08-24,258,63,16254.00,""
1240,2024-08-25,115,82,9430.00,""
1240,2024-08-26,98,228,22344.00,""
1240,2024-08-27,161,87,14007.00,""
1240,2024-08-28,240,96,23040.00,""
1240,2024-08-31,223,237,52851.00,""
1240,2024-09-06,244,161,39284.00,""
1240,2024-09-09,117,92,10764.00,""
1240,2024-09-13,199,193,38407.00,""
1240,2024-09-22,237,103,24411.00,""
1240,2024-09-23,118,85,10030.00,""
1240,2024-09-26,164,149,24436.00,""
1577,2024-05-21,146,129,18834.00,""
1577,2024-05-31,149,110,16390.00,""
1577,2024-06-05,315,57,17955.00,""
1577,2024-06-07,303,191,57873.00,""
1577,2024-06-08,237,61,14457.00,""
1577,2024-06-12,86,200,17200.00,""
1577,2024-06-14,205,227,46535.00,""
1577,2024-06-16,105,216,22680.00,""
1577,2024-06-18,81,197,15957.00,""
1577,2024-06-19,336,80,26880.00,""
1577,2024-06-25,104,113,11752.00,""
1577,2024-06-28,154,163,25102.00,""
1577,2024-06-30,342,210,71820.00,""
1577,2024-07-02,256,57,14592.00,""
1577,2024-07-10,275,180,49500.00,""
1577,2024-07-11,203,82,16646.00,""
1577,2024-07-13,281,117,32877.00,""
1577,2024-07-19,145,189,27405.00,""
1577,2024-07-22,171,154,26334.00,""
1577,2024-07-24,301,168,50568.00,""
1577,2024-07-26,308,106,32648.00,""
1577,2024-08-15,127,72,9144.00,""
1577,2024-08-20,139,143,19877.00,""
1577,2024-08-25,325,205,66625.00,""
1577,2024-08-26,151,232,35032.00,""
1577,2024-08-31,200,241,48200.00,""
1577,2024-09-01,174,66,11484.00,""
1577,2024-09-06,172,125,21500.00,""
1577,2024-09-15,189,142,26838.00,""
1754,2024-05-18,58,114,6612.00,""
1754,2024-05-23,183,115,21045.00,""
1754,2024-05-26,72,115,8280.00,""
1754,2024-05-29,56,34,1904.00,""
1754,2024-06-02,130,144,18720.00,""
1754,2024-06-06,120,196,23520.00,""
1754,2024-06-08,116,161,18676.00,""
1754,2024-06-09,190,127,24130.00,""
1754,2024-06-11,301,122,36722.00,""
1754,2024-06-15,193,220,42460.00,""
1754,2024-06-16,100,150,15000.00,""
1754,2024-06-18,212,59,12508.00,""
1754,2024-06-19,308,160,49280.00,""
1754,2024-06-22,234,127,29718.00,""
1754,2024-06-27,111,103,11433.00,""
1754,2024-06-30,326,57,18582.00,""
1754,2024-07-09,288,235,67680.00,""
1754,2024-07-10,127,87,11049.00,""
1754,2024-07-11,276,168,46368.00,""
1754,2024-07-12,350,53,18550.00,""
1754,2024-07-14,298,168,50064.00,""
1754,2024-07-15,100,170,17000.00,""
1754,2024-07-16,132,180,23760.00,""
1754,2024-07-24,283,83,23489.00,""
1754,2024-07-29,344,181,62264.00,""
1754,2024-07-31,261,53,13833.00,""
1754,2024-08-02,330,238,78540.00,""
1754,2024-08-07,107,230,24610.00,""
1754,2024-08-09,187,156,29172.00,""
1754,2024-08-11,83,203,16849.00,""
1754,2024-08-12,187,118,22066.00,""
1754,2024-08-16,135,105,14175.00,""
1754,2024-08-17,125,154,19250.00,""
1754,2024-08-23,189,204,38556.00,""
1754,2024-08-24,313,52,16276.00,""
1754,2024-08-26,282,199,56118.00,""
1754,2024-09-04,269,137,36853.00,""
1754,2024-09-06,179,122,21838.00,""
1754,2024-09-13,193,98,18914.00,""
1754,2024-09-16,229,72,16488.00,""
1754,2024-09-17,279,81,22599.00,""
1754,2024-09-18,261,135,35235.00,""
1754,2024-09-21,258,160,41280.00,""
1754,2024-09-23,113,178,20114.00,""
1294,2024-05-21,53,108,5724.00,""
1294,2024-05-22,161,44,7084.00,""
1294,2024-05-23,181,130,23530.00,""
1294,2024-05-26,64,33,2112.00,""
1294,2024-05-29,153,94,14382.00,""
1294,2024-06-02,90,170,15300.00,""
1294,2024-06-07,257,179,46003.00,""
1294,2024-06-16,238,164,39032.00,""
1294,2024-06-17,260,181,47060.00,""
1294,2024-06-20,271,194,52574.00,""
1294,2024-06-23,83,212,17596.00,""
1294,2024-06-29,172,85,14620.00,""
1294,2024-07-13,303,152,46056.00,""
1294,2024-07-15,103,60,6180.00,""
1294,2024-07-16,161,243,39123.00,""
1294,2024-07-17,256,50,12800.00,""
1294,2024-07-30,163,167,27221.00,""
1294,2024-08-06,232,76,17632.00,""
1294,2024-08-09,176,164,28864.00,""
1546,2024-05-19,69,128,8832.00,""
1546,2024-05-20,121,70,8470.00,""
1546,2024-05-23,146,138,20148.00,""
1546,2024-05-26,66,118,7788.00,""
1546,2024-05-27,96,75,7200.00,""
1546,2024-05-28,107,77,8239.00,""
1546,2024-05-29,124,127,15748.00,""
1546,2024-06-02,257,201,51657.00,""
1546,2024-06-04,83,165,13695.00,""
1546,2024-06-07,141,227,32007.00,""
1546,2024-06-14,101,58,5858.00,""
1546,2024-07-08,320,104,33280.00,""
1546,2024-07-11,208,166,34528.00,""
1546,2024-07-12,350,236,82600.00,""
1546,2024-07-13,335,133,44555.00,""
1546,2024-07-18,211,156,32916.00,""
1546,2024-07-21,129,78,10062.00,""
1546,2024-07-24,182,184,33488.00,""
1546,2024-07-30,114,145,16530.00,""
1546,2024-07-31,156,133,20748.00,""
1546,2024-08-02,126,161,20286.00,""
1546,2024-08-05,324,141,45684.00,""
1409,2024-05-23,84,67,5628.00,""
1409,2024-05-24,160,140,22400.00,""
1409,2024-05-25,44,93,4092.00,""
1409,2024-05-26,67,38,2546.00,""
1409,2024-05-27,48,99,4752.00,""
1409,2024-05-29,125,118,14750.00,""
1409,2024-05-31,122,46,5612.00,""
1409,2024-06-02,242,198,47916.00,""
1409,2024-06-03,313,99,30987.00,""
1409,2024-06-04,164,187,30668.00,""
1409,2024-06-07,325,159,51675.00,""
1409,2024-06-12,323,240,77520.00,""
1409,2024-06-16,99,187,18513.00,""
1409,2024-06-17,122,239,29158.00,""
1409,2024-06-20,229,115,26335.00,""
1409,2024-06-21,322,58,18676.00,""
1409,2024-06-23,130,178,23140.00,""
1409,2024-06-27,235,244,57340.00,""
1409,2024-06-29,343,87,29841.00,""
1409,2024-07-01,148,228,33744.00,""
1409,2024-07-02,87,147,12789.00,""
1409,2024-07-07,249,235,58515.00,""
1409,2024-07-11,301,234,70434.00,""
1409,2024-07-13,137,87,11919.00,""
1409,2024-07-27,288,182,52416.00,""
1409,2024-07-28,258,113,29154.00,""
1409,2024-07-30,135,176,23760.00,""
1409,2024-08-01,121,181,21901.00,""
1409,2024-08-09,345,175,60375.00,""
1409,2024-08-17,81,60,4860.00,""
1409,2024-08-21,136,162,22032.00,""
1409,2024-08-22,113,101,11413.00,""
1409,2024-08-26,82,95,7790.00,""
1409,2024-08-28,201,137,27537.00,""
1409,2024-09-02,129,127,16383.00,""
1409,2024-09-03,220,198,43560.00,""
1409,2024-09-08,135,181,24435.00,""
1409,2024-09-10,212,169,35828.00,""
1409,2024-09-18,246,151,37146.00,""
1409,2024-09-19,175,164,28700.00,""
1409,2024-09-22,117,197,23049.00,""
1409,2024-09-24,160,60,9600.00,""
1409,2024-09-27,137,145,19865.00,""
1196,2024-05-19,152,124,18848.00,""
1196,2024-05-20,71,114,8094.00,""
1196,2024-05-26,151,55,8305.00,""
1196,2024-05-28,63,27,1701.00,""
1196,2024-06-04,212,80,16960.00,""
1196,2024-06-05,175,173,30275.00,""
1196,2024-06-11,243,118,28674.00,""
1196,2024-06-20,208,183,38064.00,""
1196,2024-06-27,242,91,22022.00,""
1196,2024-07-06,111,85,9435.00,""
1196,2024-07-07,281,155,43555.00,""
1196,2024-07-09,229,145,33205.00,""
1196,2024-07-11,207,139,28773.00,""
1196,2024-07-14,187,78,14586.00,""
1196,2024-07-20,198,53,10494.00,""
1196,2024-07-28,103,71,7313.00,""
1196,2024-07-29,136,162,22032.00,""
1196,2024-08-01,314,74,23236.00,""
1196,2024-08-02,348,243,84564.00,""
1196,2024-08-05,242,237,57354.00,""
1196,2024-08-11,325,248,80600.00,""
1196,2024-08-13,88,71,6248.00,""
1196,2024-08-14,87,94,8178.00,""
1293,2024-05-27,105,74,7770.00,""
1293,2024-05-30,76,23,1748.00,""
1293,2024-06-06,205,131,26855.00,""
1293,2024-06-07,89,159,14151.00,""
1293,2024-06-19,228,221,50388.00,""
1293,2024-06-23,161,76,12236.00,""
1293,2024-06-24,151,107,16157.00,""
1293,2024-06-26,147,194,28518.00,""
1293,2024-07-09,309,181,55929.00,""
1293,2024-07-11,257,199,51143.00,""
1293,2024-07-13,334,87,29058.00,""
1293,2024-07-17,265,68,18020.00,""
1293,2024-07-23,267,224,59808.00,""
1293,2024-07-24,320,149,47680.00,""
1293,2024-07-27,253,245,61985.00,""
1293,2024-08-06,133,106,14098.00,""
1293,2024-08-08,222,63,13986.00,""
1293,2024-08-10,326,211,68786.00,""
1293,2024-08-16,308,72,22176.00,""
1293,2024-08-17,205,148,30340.00,""
1293,2024-08-20,191,199,38009.00,""
1293,2024-09-01,227,148,33596.00,""
1293,2024-09-05,262,112,29344.00,""
1293,2024-09-08,112,108,12096.00,""
1293,2024-09-09,157,142,22294.00,""
1293,2024-09-10,255,187,47685.00,""
1379,2024-05-25,51,71,3621.00,""
1379,2024-05-26,135,77,10395.00,""
1379,2024-05-30,184,128,23552.00,""
1379,2024-06-01,172,183,31476.00,""
1379,2024-06-06,332,138,45816.00,""
1379,2024-06-08,170,107,18190.00,""
1379,2024-06-11,214,85,18190.00,""
1379,2024-06-19,199,210,41790.00,""
1379,2024-06-20,205,143,29315.00,""
1379,2024-06-21,299,150,44850.00,""
1379,2024-06-24,234,114,26676.00,""
1379,2024-06-25,320,153,48960.00,""
1379,2024-06-30,263,83,21829.00,""
1379,2024-07-04,127,135,17145.00,""
1379,2024-07-05,213,89,18957.00,""
1379,2024-07-07,169,188,31772.00,""
1379,2024-07-12,335,201,67335.00,""
1379,2024-07-20,227,174,39498.00,""
1379,2024-07-27,293,190,55670.00,""
1379,2024-07-30,144,50,7200.00,""
1235,2024-05-19,82,133,10906.00,""
1235,2024-05-22,56,74,4144.00,""
1235,2024-05-26,79,20,1580.00,""
1235,2024-05-27,55,31,1705.00,""
1235,2024-05-31,111,58,6438.00,""
1235,2024-06-03,85,217,18445.00,""
1235,2024-06-07,128,108,13824.00,""
1235,2024-06-10,92,145,13340.00,""
1235,2024-06-19,159,83,13197.00,""
1235,2024-06-22,257,226,58082.00,""
1235,2024-06-23,328,141,46248.00,""
1235,2024-06-26,300,177,53100.00,""
1235,2024-06-30,141,140,19740.00,""
1618,2024-05-20,51,46,2346.00,""
1618,2024-05-22,45,113,5085.00,""
1618,2024-05-23,96,145,13920.00,""
1618,2024-05-25,76,111,8436.00,""
1618,2024-05-29,160,40,6400.00,""
1618,2024-05-30,197,36,7092.00,""
1618,2024-06-08,135,57,7695.00,""
1618,2024-06-19,261,71,18531.00,""
1691,2024-05-30,131,48,6288.00,""
1691,2024-06-01,212,91,19292.00,""
1691,2024-06-05,102,201,20502.00,""
1691,2024-06-14,134,95,12730.00,""
1691,2024-06-17,196,241,47236.00,""
1691,2024-06-20,122,156,19032.00,""
1691,2024-06-21,204,91,18564.00,""
1691,2024-06-23,126,202,25452.00,""
1691,2024-06-24,326,244,79544.00,""
1691,2024-06-27,160,77,12320.00,""
1691,2024-06-30,139,172,23908.00,""
1691,2024-07-02,226,112,25312.00,""
1426,2024-05-19,96,133,12768.00,""
1426,2024-05-24,175,84,14700.00,""
1426,2024-05-27,74,98,7252.00,""
1426,2024-05-28,123,74,9102.00,""
1426,2024-05-30,119,90,10710.00,""
1426,2024-06-04,284,249,70716.00,""
1426,2024-06-06,203,190,38570.00,""
1426,2024-06-20,233,239,55687.00,""
1426,2024-06-22,263,199,52337.00,""
1426,2024-06-24,343,124,42532.00,""
1426,2024-06-25,224,211,47264.00,""
1426,2024-06-27,130,179,23270.00,""
1426,2024-06-30,324,77,24948.00,""
1426,2024-07-02,297,142,42174.00,""
1426,2024-07-03,231,181,41811.00,""
1426,2024-07-05,224,125,28000.00,""
1426,2024-07-21,85,96,8160.00,""
1426,2024-07-22,304,75,22800.00,""
1426,2024-07-30,251,220,55220.00,""
1426,2024-07-31,250,224,56000.00,""
1426,2024-08-04,113,98,11074.00,""
1426,2024-08-05,234,124,29016.00,""
1426,2024-08-11,328,149,48872.00,""
1426,2024-08-16,344,133,45752.00,""
1426,2024-08-18,348,238,82824.00,""
1426,2024-08-22,87,64,5568.00,""
1426,2024-08-23,151,73,11023.00,""
1426,2024-08-27,287,141,40467.00,""
1426,2024-08-29,132,216,28512.00,""
1426,2024-09-01,142,120,17040.00,""
1426,2024-09-03,158,158,24964.00,""
1426,2024-09-05,153,145,22185.00,""
1426,2024-09-09,248,66,16368.00,""
1426,2024-09-11,118,83,9794.00,""
1426,2024-09-13,209,101,21109.00,""
1426,2024-09-19,267,80,21360.00,""
1426,2024-09-23,274,141,38634.00,""
1426,2024-09-27,265,134,35510.00,""
1572,2024-05-16,156,47,7332.00,""
1572,2024-05-17,52,21,1092.00,""
1572,2024-05-19,178,34,6052.00,""
1572,2024-05-21,47,145,6815.00,""
1572,2024-05-22,196,122,23912.00,""
1572,2024-05-24,78,123,9594.00,""
1572,2024-05-25,97,103,9991.00,""
1572,2024-05-29,151,93,14043.00,""
1572,2024-06-03,342,184,62928.00,""
1572,2024-06-06,310,78,24180.00,""
1572,2024-06-09,170,116,19720.00,""
1572,2024-06-10,284,239,67876.00,""
1572,2024-06-13,114,227,25878.00,""
1572,2024-06-23,169,91,15379.00,""
1572,2024-06-25,321,204,65484.00,""
1572,2024-06-26,254,111,28194.00,""
1572,2024-07-03,125,69,8625.00,""
1572,2024-07-05,346,99,34254.00,""
1572,2024-07-06,94,88,8272.00,""
1572,2024-07-08,155,101,15655.00,""
1572,2024-07-18,145,213,30885.00,""
1572,2024-07-23,134,217,29078.00,""
1572,2024-07-24,112,100,11200.00,""
1572,2024-07-29,253,158,39974.00,""
1416,2024-05-23,74,79,5846.00,""
1416,2024-06-01,158,230,36340.00,""
1416,2024-06-03,221,181,40001.00,""
1416,2024-06-07,243,200,48600.00,""
1416,2024-06-08,84,142,11928.00,""
1416,2024-06-09,336,121,40656.00,""
1416,2024-06-16,274,231,63294.00,""
1416,2024-06-21,158,89,14062.00,""
1416,2024-07-03,213,142,30246.00,""
1416,2024-07-12,245,139,34055.00,""
1416,2024-07-21,96,86,8256.00,""
1416,2024-07-22,138,64,8832.00,""
1416,2024-08-02,301,97,29197.00,""
1416,2024-08-05,114,176,20064.00,""
1416,2024-08-09,275,232,63800.00,""
1416,2024-08-13,290,179,51910.00,""
1416,2024-08-15,134,132,17688.00,""
1373,2024-05-19,194,110,21340.00,""
1373,2024-05-21,84,48,4032.00,""
1373,2024-05-23,142,142,20164.00,""
1373,2024-05-24,69,76,5244.00,""
1373,2024-05-29,173,76,13148.00,""
1373,2024-06-16,169,50,8450.00,""
1373,2024-06-17,256,113,28928.00,""
1373,2024-06-19,328,173,56744.00,""
1497,2024-05-20,146,149,21754.00,""
1497,2024-05-25,82,115,9430.00,""
1497,2024-05-26,184,91,16744.00,""
1497,2024-05-28,196,147,28812.00,""
1497,2024-05-30,45,45,2025.00,""
1497,2024-05-31,101,99,9999.00,""
1497,2024-06-06,119,173,20587.00,""
1497,2024-06-07,109,139,15151.00,""
1497,2024-06-08,172,59,10148.00,""
1497,2024-06-10,129,208,26832.00,""
1497,2024-06-18,99,198,19602.00,""
1497,2024-06-21,270,183,49410.00,""
1497,2024-06-22,253,82,20746.00,""
1497,2024-06-25,254,60,15240.00,""
1497,2024-06-30,204,132,26928.00,""
1497,2024-07-02,213,89,18957.00,""
1497,2024-07-10,333,238,79254.00,""
1497,2024-07-14,176,179,31504.00,""
1497,2024-07-20,253,86,21758.00,""
1497,2024-07-30,260,228,59280.00,""
1497,2024-08-07,219,114,24966.00,""
1497,2024-08-12,91,95,8645.00,""
1497,2024-08-14,247,185,45695.00,""
1497,2024-08-18,118,183,21594.00,""
1497,2024-08-20,217,84,18228.00,""
1497,2024-08-30,218,250,54500.00,""
1497,2024-08-31,323,118,38114.00,""
1497,2024-09-04,231,160,36960.00,""
1497,2024-09-05,145,66,9570.00,""
1497,2024-09-06,207,163,33741.00,""
1497,2024-09-07,148,166,24568.00,""
1497,2024-09-09,115,78,8970.00,""
1497,2024-09-10,169,93,15717.00,""
1497,2024-09-11,182,183,33306.00,""
1672,2024-05-26,95,115,10925.00,""
1672,2024-06-02,248,107,26536.00,""
1672,2024-06-05,326,162,52812.00,""
1672,2024-06-10,272,233,63376.00,""
1672,2024-06-18,210,88,18480.00,""
1672,2024-06-20,82,240,19680.00,""
1672,2024-06-24,308,87,26796.00,""
1672,2024-06-30,152,196,29792.00,""
1672,2024-07-14,277,232,64264.00,""
1672,2024-07-15,312,74,23088.00,""
1672,2024-07-18,136,88,11968.00,""
1672,2024-07-19,98,173,16954.00,""
1672,2024-07-24,207,63,13041.00,""
1672,2024-07-26,90,229,20610.00,""
1672,2024-07-27,283,149,42167.00,""
1672,2024-07-29,318,148,47064.00,""
1672,2024-08-01,110,237,26070.00,""
1258,2024-05-25,75,41,3075.00,""
1258,2024-05-26,103,93,9579.00,""
1258,2024-05-29,115,107,12305.00,""
1258,2024-06-02,332,77,25564.00,""
1258,2024-06-05,327,182,59514.00,""
1258,2024-06-10,84,152,12768.00,""
1258,2024-06-14,327,182,59514.00,""
1258,2024-06-15,141,78,10998.00,""
1258,2024-06-18,233,105,24465.00,""
1258,2024-06-27,191,171,32661.00,""
1258,2024-07-06,303,201,60903.00,""
1258,2024-07-09,275,98,26950.00,""
1258,2024-07-17,96,150,14400.00,""
1258,2024-07-18,303,174,52722.00,""
1258,2024-07-22,288,93,26784.00,""
1749,2024-05-17,139,116,16124.00,""
1749,2024-05-22,44,70,3080.00,""
1749,2024-05-23,185,148,27380.00,""
1749,2024-05-25,114,53,6042.00,""
1749,2024-05-28,114,137,15618.00,""
1749,2024-06-08,264,243,64152.00,""
1749,2024-06-09,247,190,46930.00,""
1749,2024-06-12,227,155,35185.00,""
1749,2024-06-13,329,187,61523.00,""
1749,2024-06-16,267,143,38181.00,""
1749,2024-06-23,98,183,17934.00,""
1749,2024-06-24,329,221,72709.00,""
1607,2024-05-18,106,62,6572.00,""
1607,2024-05-19,135,111,14985.00,""
1607,2024-05-20,42,138,5796.00,""
1607,2024-05-22,181,145,26245.00,""
1607,2024-05-24,58,68,3944.00,""
1607,2024-05-28,128,22,2816.00,""
1607,2024-05-29,86,91,7826.00,""
1607,2024-06-09,315,154,48510.00,""
1607,2024-06-27,328,109,35752.00,""
1607,2024-07-01,331,71,23501.00,""
1607,2024-07-02,290,214,62060.00,""
1607,2024-07-03,183,52,9516.00,""
1607,2024-07-09,303,100,30300.00,""
1607,2024-07-12,169,212,35828.00,""
1607,2024-07-14,329,206,67774.00,""
1690,2024-05-17,60,74,4440.00,""
1690,2024-05-29,181,139,25159.00,""
1690,2024-05-31,171,25,4275.00,""
1690,2024-06-08,235,245,57575.00,""
1690,2024-06-12,308,146,44968.00,""
1690,2024-06-13,349,84,29316.00,""
1690,2024-06-14,300,143,42900.00,""
1690,2024-06-29,348,98,34104.00,""
1690,2024-07-01,176,221,38896.00,""
1690,2024-07-07,302,201,60702.00,""
1690,2024-07-08,105,132,13860.00,""
1690,2024-07-13,290,142,41180.00,""
1690,2024-07-15,340,153,52020.00,""
1690,2024-07-17,165,67,11055.00,""
1690,2024-07-20,231,134,30954.00,""
1690,2024-07-28,211,56,11816.00,""
1690,2024-08-04,163,85,13855.00,""
1690,2024-08-05,256,164,41984.00,""
1690,2024-08-08,187,187,34969.00,""
1690,2024-08-09,178,115,20470.00,""
1690,2024-08-22,84,122,10248.00,""
1690,2024-08-25,271,105,28455.00,""
1705,2024-05-19,81,89,7209.00,""
1705,2024-05-24,172,122,20984.00,""
1705,2024-05-25,56,68,3808.00,""
1705,2024-05-29,149,114,16986.00,""
1705,2024-05-31,62,69,4278.00,""
1705,2024-06-02,343,144,49392.00,""
1705,2024-06-04,197,246,48462.00,""
1705,2024-06-10,323,204,65892.00,""
1705,2024-06-12,161,168,27048.00,""
1705,2024-06-15,238,168,39984.00,""
1705,2024-06-16,110,176,19360.00,""
1705,2024-06-18,329,200,65800.00,""
1705,2024-06-22,184,176,32384.00,""
1705,2024-06-29,114,218,24852.00,""
1705,2024-07-01,343,107,36701.00,""
1283,2024-05-25,177,123,21771.00,""
1283,2024-05-26,54,142,7668.00,""
1283,2024-05-27,85,79,6715.00,""
1283,2024-05-28,136,80,10880.00,""
1283,2024-06-01,332,225,74700.00,""
1283,2024-06-02,229,105,24045.00,""
1283,2024-06-04,233,122,28426.00,""
1283,2024-06-05,158,174,27492.00,""
1283,2024-06-08,117,154,18018.00,""
1283,2024-06-12,207,75,15525.00,""
1283,2024-06-19,141,161,22701.00,""
1283,2024-06-22,253,163,41239.00,""
1283,2024-07-01,104,183,19032.00,""
1283,2024-07-03,185,207,38295.00,""
1283,2024-07-08,336,101,33936.00,""
1283,2024-07-14,319,172,54868.00,""
1283,2024-07-20,109,139,15151.00,""
1283,2024-07-21,246,70,17220.00,""
1283,2024-07-27,316,191,60356.00,""
1283,2024-07-28,196,122,23912.00,""
1283,2024-08-01,208,85,17680.00,""
1283,2024-08-03,152,203,30856.00,""
1283,2024-08-05,327,189,61803.00,""
1283,2024-08-12,223,162,36126.00,""
1283,2024-08-14,220,176,38720.00,""
1283,2024-08-15,264,154,40656.00,""
1283,2024-08-21,222,81,17982.00,""
1283,2024-08-26,236,194,45784.00,""
1283,2024-08-27,115,231,26565.00,""
1283,2024-09-02,171,132,22572.00,""
1283,2024-09-07,124,97,12028.00,""
1787,2024-05-16,159,48,7632.00,""
1787,2024-05-22,62,25,1550.00,""
1787,2024-05-24,56,49,2744.00,""
1787,2024-05-25,164,126,20664.00,""
1787,2024-05-30,83,52,4316.00,""
1787,2024-06-10,310,237,73470.00,""
1787,2024-06-11,175,195,34125.00,""
1787,2024-06-19,332,118,39176.00,""
1787,2024-06-22,85,212,18020.00,""
1787,2024-06-25,212,195,41340.00,""
1787,2024-06-28,175,238,41650.00,""
1787,2024-07-01,172,71,12212.00,""
1787,2024-07-04,269,76,20444.00,""
1451,2024-05-22,182,119,21658.00,""
1451,2024-05-23,180,94,16920.00,""
1451,2024-05-24,60,120,7200.00,""
1451,2024-05-26,186,59,10974.00,""
1451,2024-05-27,86,47,4042.00,""
1451,2024-05-29,103,81,8343.00,""
1451,2024-06-02,157,146,22922.00,""
1451,2024-06-05,249,70,17430.00,""
1451,2024-06-08,347,174,60378.00,""
1451,2024-06-11,199,127,25273.00,""
1451,2024-06-12,342,220,75240.00,""
1451,2024-06-23,161,187,30107.00,""
1451,2024-07-01,254,172,43688.00,""
1652,2024-05-24,125,31,3875.00,""
1652,2024-05-29,165,121,19965.00,""
1652,2024-06-06,148,133,19684.00,""
1652,2024-06-07,290,174,50460.00,""
1652,2024-06-12,185,113,20905.00,""
1652,2024-06-14,280,239,66920.00,""
1652,2024-06-28,213,67,14271.00,""
1652,2024-07-01,285,243,69255.00,""
1652,2024-07-02,156,246,38376.00,""
1652,2024-07-08,159,187,29733.00,""
1652,2024-07-16,158,50,7900.00,""
1652,2024-07-18,81,235,19035.00,""
1652,2024-07-22,235,54,12690.00,""
1652,2024-07-24,236,232,54752.00,""
1574,2024-05-16,122,147,17934.00,""
1574,2024-05-23,40,49,1960.00,""
1574,2024-05-30,70,53,3710.00,""
1574,2024-05-31,194,56,10864.00,""
1574,2024-06-02,140,206,28840.00,""
1574,2024-06-04,207,186,38502.00,""
1574,2024-06-06,161,116,18676.00,""
1574,2024-06-07,93,134,12462.00,""
1574,2024-06-09,272,151,41072.00,""
1574,2024-06-11,133,99,13167.00,""
1574,2024-06-14,324,224,72576.00,""
1574,2024-06-19,328,71,23288.00,""
1375,2024-05-14,147,88,12936.00,""
1375,2024-05-16,118,81,9558.00,""
1375,2024-05-23,151,120,18120.00,""
1375,2024-05-26,160,117,18720.00,""
1375,2024-05-27,69,82,5658.00,""
1375,2024-06-02,90,219,19710.00,""
1375,2024-06-04,266,115,30590.00,""
1375,2024-06-05,90,227,20430.00,""
1375,2024-06-10,210,148,31080.00,""
1375,2024-06-14,134,154,20636.00,""
1375,2024-06-15,345,80,27600.00,""
1375,2024-06-23,111,102,11322.00,""
1375,2024-06-27,88,71,6248.00,""
1375,2024-06-29,155,207,32085.00,""
1375,2024-07-02,142,74,10508.00,""
1375,2024-07-03,128,89,11392.00,""
1375,2024-07-17,295,132,38940.00,""
1375,2024-07-18,215,51,10965.00,""
1375,2024-07-19,96,201,19296.00,""
1375,2024-07-21,166,235,39010.00,""
1375,2024-07-23,244,180,43920.00,""
1375,2024-07-27,343,194,66542.00,""
1375,2024-07-28,258,114,29412.00,""
1375,2024-07-29,156,146,22776.00,""
1375,2024-07-30,87,147,12789.00,""
1375,2024-08-07,279,136,37944.00,""
1375,2024-08-09,234,99,23166.00,""
1375,2024-08-10,252,209,52668.00,""
1375,2024-08-12,163,239,38957.00,""
1375,2024-08-13,94,164,15416.00,""
1375,2024-08-16,188,220,41360.00,""
1375,2024-08-17,231,242,55902.00,""
1375,2024-08-19,285,192,54720.00,""
1375,2024-08-21,198,160,31680.00,""
1375,2024-08-24,218,236,51448.00,""
1375,2024-08-26,243,167,40581.00,""
1375,2024-08-30,89,130,11570.00,""
1375,2024-09-03,147,60,8820.00,""
1375,2024-09-06,241,74,17834.00,""
1375,2024-09-13,267,102,27234.00,""
1375,2024-09-15,237,148,35076.00,""
1375,2024-09-16,234,120,28080.00,""
1375,2024-09-17,245,173,42385.00,""
1375,2024-09-19,175,180,31500.00,""
1375,2024-09-20,280,90,25200.00,""
1277,2024-05-23,76,125,9500.00,""
1277,2024-05-24,57,80,4560.00,""
1277,2024-05-26,157,100,15700.00,""
1277,2024-05-27,100,126,12600.00,""
1277,2024-05-28,53,115,6095.00,""
1277,2024-06-06,146,166,24236.00,""
1277,2024-06-18,244,87,21228.00,""
1277,2024-06-20,280,179,50120.00,""
1277,2024-06-30,216,162,34992.00,""
1625,2024-05-19,169,50,8450.00,""
1625,2024-05-20,102,42,4284.00,""
1625,2024-05-21,131,67,8777.00,""
1625,2024-05-24,134,146,19564.00,""
1625,2024-05-27,176,102,17952.00,""
1625,2024-05-29,107,134,14338.00,""
1625,2024-06-04,291,233,67803.00,""
1625,2024-06-05,257,192,49344.00,""
1625,2024-06-06,186,126,23436.00,""
1625,2024-06-11,128,68,8704.00,""
1625,2024-06-13,183,81,14823.00,""
1625,2024-06-15,167,186,31062.00,""
1625,2024-06-16,140,152,21280.00,""
1625,2024-06-28,259,95,24605.00,""
1625,2024-07-04,88,162,14256.00,""
1625,2024-07-06,208,240,49920.00,""
1625,2024-07-13,154,55,8470.00,""
1625,2024-07-17,312,100,31200.00,""
1625,2024-07-18,95,120,11400.00,""
1625,2024-07-21,337,124,41788.00,""
1625,2024-07-26,307,117,35919.00,""
1625,2024-07-30,169,74,12506.00,""
1625,2024-08-03,227,248,56296.00,""
1625,2024-08-05,106,161,17066.00,""
1625,2024-08-06,180,118,21240.00,""
1625,2024-08-19,142,84,11928.00,""
1625,2024-08-20,203,111,22533.00,""
1625,2024-08-22,276,250,69000.00,""
1625,2024-08-23,170,125,21250.00,""
1625,2024-08-25,233,140,32620.00,""
1460,2024-05-21,135,89,12015.00,""
1460,2024-05-22,119,101,12019.00,""
1460,2024-05-23,94,40,3760.00,""
1460,2024-05-24,173,117,20241.00,""
1460,2024-05-29,172,25,4300.00,""
1460,2024-06-02,317,148,46916.00,""
1460,2024-06-05,108,72,7776.00,""
1460,2024-06-07,122,66,8052.00,""
1460,2024-06-09,317,219,69423.00,""
1460,2024-06-11,307,76,23332.00,""
1460,2024-06-18,254,53,13462.00,""
1460,2024-06-21,330,105,34650.00,""
1460,2024-06-23,338,83,28054.00,""
1460,2024-06-25,334,150,50100.00,""
1460,2024-06-26,89,69,6141.00,""
1460,2024-07-05,303,118,35754.00,""
1460,2024-07-11,251,226,56726.00,""
1460,2024-07-14,250,247,61750.00,""
1460,2024-07-15,83,85,7055.00,""
1460,2024-07-22,132,207,27324.00,""
1460,2024-07-24,350,210,73500.00,""
1460,2024-08-01,126,105,13230.00,""
1460,2024-08-03,153,239,36567.00,""
1460,2024-08-04,299,95,28405.00,""
1460,2024-08-06,102,58,5916.00,""
1460,2024-08-07,323,194,62662.00,""
1460,2024-08-08,169,245,41405.00,""
1460,2024-08-26,131,78,10218.00,""
1460,2024-08-27,201,213,42813.00,""
1460,2024-08-31,312,241,75192.00,""
1460,2024-09-01,286,121,34606.00,""
1460,2024-09-02,167,199,33233.00,""
1460,2024-09-05,244,80,19520.00,""
1460,2024-09-10,162,103,16686.00,""
1460,2024-09-17,199,153,30447.00,""
1460,2024-09-20,161,153,24633.00,""
1460,2024-09-21,256,169,43264.00,""
1460,2024-09-23,251,154,38654.00,""
1460,2024-09-25,157,129,20253.00,""
1460,2024-09-26,255,164,41820.00,""
1460,2024-09-29,183,81,14823.00,""
1384,2024-05-19,121,133,16093.00,""
1384,2024-05-22,64,85,5440.00,""
1384,2024-05-25,59,136,8024.00,""
1384,2024-05-26,75,124,9300.00,""
1384,2024-05-27,66,95,6270.00,""
1384,2024-05-31,153,57,8721.00,""
1384,2024-06-01,306,99,30294.00,""
1384,2024-06-02,192,129,24768.00,""
1384,2024-06-06,159,174,27666.00,""
1384,2024-06-07,128,142,18176.00,""
1384,2024-06-08,188,79,14852.00,""
1384,2024-06-09,184,183,33672.00,""
1384,2024-06-10,278,239,66442.00,""
1384,2024-06-17,144,183,26352.00,""
1384,2024-06-18,327,183,59841.00,""
1384,2024-06-22,295,117,34515.00,""
1384,2024-06-23,200,62,12400.00,""
1384,2024-06-26,115,179,20585.00,""
1384,2024-06-27,140,247,34580.00,""
1384,2024-06-28,345,136,46920.00,""
1384,2024-07-08,87,131,11397.00,""
1384,2024-07-13,143,71,10153.00,""
1384,2024-07-21,240,171,41040.00,""
1384,2024-07-23,200,140,28000.00,""
1384,2024-07-30,162,198,32076.00,""
1384,2024-08-09,317,228,72276.00,""
1384,2024-08-10,216,57,12312.00,""
1384,2024-08-13,211,250,52750.00,""
1384,2024-08-17,207,208,43056.00,""
1384,2024-08-19,113,134,15142.00,""
1384,2024-08-25,328,51,16728.00,""
1384,2024-08-30,209,195,40755.00,""
1384,2024-08-31,300,188,56400.00,""
1384,2024-09-07,145,118,17110.00,""
1262,2024-05-23,60,69,4140.00,""
1262,2024-05-25,158,30,4740.00,""
1262,2024-05-26,156,142,22152.00,""
1262,2024-05-28,79,83,6557.00,""
1262,2024-05-29,158,41,6478.00,""
1262,2024-05-30,116,123,14268.00,""
1262,2024-06-03,283,221,62543.00,""
1262,2024-06-05,249,127,31623.00,""
1262,2024-06-24,168,70,11760.00,""
1262,2024-06-26,236,140,33040.00,""
1262,2024-06-27,210,166,34860.00,""
1262,2024-07-06,144,92,13248.00,""
1262,2024-07-13,230,232,53360.00,""
1262,2024-07-18,314,125,39250.00,""
1262,2024-07-21,118,161,18998.00,""
1262,2024-07-30,260,198,51480.00,""
1262,2024-08-04,127,173,21971.00,""
1262,2024-08-07,138,225,31050.00,""
1262,2024-08-09,317,229,72593.00,""
1262,2024-08-12,126,116,14616.00,""
1262,2024-08-17,161,110,17710.00,""
1262,2024-08-20,213,101,21513.00,""
1262,2024-08-27,271,129,34959.00,""
1262,2024-08-29,92,93,8556.00,""
1262,2024-08-30,227,249,56523.00,""
1262,2024-09-01,279,91,25389.00,""
1262,2024-09-03,103,72,7416.00,""
1262,2024-09-06,225,87,19575.00,""
1262,2024-09-09,295,176,51920.00,""
1262,2024-09-12,265,69,18285.00,""
1262,2024-09-13,216,107,23112.00,""
1262,2024-09-14,184,78,14352.00,""
1262,2024-09-20,228,176,40128.00,""
1262,2024-09-25,114,92,10488.00,""
1262,2024-09-27,105,146,15330.00,""
1262,2024-09-28,112,129,14448.00,""
1262,2024-09-29,147,178,26166.00,""
1199,2024-05-23,101,107,10807.00,""
1199,2024-05-30,146,145,21170.00,""
1199,2024-06-02,184,74,13616.00,""
1199,2024-06-04,90,132,11880.00,""
1199,2024-06-07,179,122,21838.00,""
1199,2024-06-08,92,71,6532.00,""
1199,2024-06-13,82,114,9348.00,""
1199,2024-06-15,337,112,37744.00,""
1199,2024-06-21,232,173,40136.00,""
1199,2024-06-24,181,88,15928.00,""
1199,2024-06-25,159,150,23850.00,""
1199,2024-06-28,175,202,35350.00,""
1199,2024-06-29,247,236,58292.00,""
1199,2024-07-05,297,216,64152.00,""
1199,2024-07-06,121,237,28677.00,""
1199,2024-07-16,111,214,23754.00,""
1199,2024-07-20,332,60,19920.00,""
1199,2024-08-01,282,191,53862.00,""
1199,2024-08-04,338,138,46644.00,""
1199,2024-08-07,325,223,72475.00,""
1301,2024-05-22,161,40,6440.00,""
1301,2024-05-23,137,28,3836.00,""
1301,2024-05-24,70,90,6300.00,""
1301,2024-05-26,113,80,9040.00,""
1301,2024-05-28,139,115,15985.00,""
1301,2024-06-03,300,139,41700.00,""
1301,2024-06-07,152,127,19304.00,""
1301,2024-06-10,181,111,20091.00,""
1301,2024-06-11,111,96,10656.00,""
1301,2024-06-13,341,224,76384.00,""
1301,2024-06-16,328,186,61008.00,""
1301,2024-06-17,154,51,7854.00,""
1301,2024-06-30,146,115,16790.00,""
1301,2024-07-01,344,140,48160.00,""
1301,2024-07-10,305,102,31110.00,""
1301,2024-07-11,106,175,18550.00,""
1301,2024-07-13,109,199,21691.00,""
1301,2024-07-15,117,175,20475.00,""
1301,2024-07-16,133,247,32851.00,""
1301,2024-07-20,106,191,20246.00,""
1301,2024-07-21,236,149,35164.00,""
1301,2024-07-23,141,203,28623.00,""
1301,2024-07-25,212,169,35828.00,""
1301,2024-07-27,216,190,41040.00,""
1301,2024-07-29,258,201,51858.00,""
1301,2024-07-30,232,89,20648.00,""
1301,2024-07-31,104,244,25376.00,""
1301,2024-08-07,236,72,16992.00,""
1301,2024-08-15,87,164,14268.00,""
1301,2024-08-18,166,105,17430.00,""
1561,2024-05-18,134,57,7638.00,""
1561,2024-05-19,70,107,7490.00,""
1561,2024-05-20,89,40,3560.00,""
1561,2024-05-22,163,45,7335.00,""
1561,2024-05-26,79,64,5056.00,""
1561,2024-05-27,153,139,21267.00,""
1561,2024-05-28,43,119,5117.00,""
1561,2024-05-29,176,43,7568.00,""
1561,2024-06-02,132,100,13200.00,""
1561,2024-06-26,109,73,7957.00,""
1561,2024-07-02,112,168,18816.00,""
1561,2024-07-04,336,197,66192.00,""
1561,2024-07-05,246,197,48462.00,""
1561,2024-07-08,286,65,18590.00,""
1561,2024-07-09,144,127,18288.00,""
1561,2024-07-11,347,223,77381.00,""
1561,2024-07-16,86,242,20812.00,""
1561,2024-07-17,246,168,41328.00,""
1526,2024-05-20,124,40,4960.00,""
1526,2024-05-23,85,20,1700.00,""
1526,2024-05-25,200,72,14400.00,""
1526,2024-05-27,182,68,12376.00,""
1526,2024-05-28,61,87,5307.00,""
1526,2024-06-04,258,123,31734.00,""
1526,2024-06-05,331,196,64876.00,""
1526,2024-06-16,83,167,13861.00,""
1526,2024-06-21,293,144,42192.00,""
1526,2024-06-23,94,178,16732.00,""
1526,2024-06-24,335,57,19095.00,""
1526,2024-06-25,167,242,40414.00,""
1526,2024-07-05,328,167,54776.00,""
1526,2024-07-09,215,106,22790.00,""
1526,2024-07-12,225,76,17100.00,""
1526,2024-07-14,233,199,46367.00,""
1526,2024-07-15,335,201,67335.00,""
1526,2024-07-20,134,221,29614.00,""
1526,2024-07-21,105,129,13545.00,""
1776,2024-05-15,176,68,11968.00,""
1776,2024-05-20,84,44,3696.00,""
1776,2024-05-22,143,104,14872.00,""
1776,2024-05-23,78,23,1794.00,""
1776,2024-05-27,126,79,9954.00,""
1776,2024-05-29,138,26,3588.00,""
1776,2024-05-30,114,76,8664.00,""
1776,2024-05-31,163,64,10432.00,""
1776,2024-06-06,336,183,61488.00,""
1776,2024-06-13,159,125,19875.00,""
1776,2024-06-19,114,81,9234.00,""
1776,2024-06-22,161,62,9982.00,""
1776,2024-06-27,213,173,36849.00,""
1776,2024-06-29,187,196,36652.00,""
1776,2024-07-02,272,96,26112.00,""
1776,2024-07-09,240,177,42480.00,""
1776,2024-07-11,163,137,22331.00,""
1776,2024-07-17,124,238,29512.00,""
1776,2024-08-02,85,240,20400.00,""
1776,2024-08-03,103,70,7210.00,""
1776,2024-08-06,162,104,16848.00,""
1776,2024-08-11,90,241,21690.00,""
1776,2024-08-22,188,166,31208.00,""
1776,2024-08-26,312,99,30888.00,""
1776,2024-08-30,144,66,9504.00,""
1776,2024-09-03,152,148,22496.00,""
1776,2024-09-18,118,140,16520.00,""
1776,2024-09-19,219,97,21243.00,""
1776,2024-09-21,219,142,31098.00,""
1610,2024-05-18,101,83,8383.00,""
1610,2024-05-19,112,50,5600.00,""
1610,2024-05-21,75,61,4575.00,""
1610,2024-05-24,55,46,2530.00,""
1610,2024-05-26,41,36,1476.00,""
1610,2024-05-27,194,37,7178.00,""
1610,2024-05-28,169,114,19266.00,""
1610,2024-05-29,50,142,7100.00,""
1610,2024-06-02,278,222,61716.00,""
1610,2024-06-08,255,194,49470.00,""
1610,2024-06-13,89,60,5340.00,""
1610,2024-06-14,102,194,19788.00,""
1610,2024-06-17,199,198,39402.00,""
1610,2024-06-21,146,102,14892.00,""
1610,2024-06-22,222,223,49506.00,""
1610,2024-07-01,125,98,12250.00,""
1610,2024-07-04,193,190,36670.00,""
1610,2024-07-10,323,57,18411.00,""
1610,2024-07-13,327,144,47088.00,""
1610,2024-07-15,235,249,58515.00,""
1610,2024-07-19,275,133,36575.00,""
1610,2024-07-20,99,224,22176.00,""
1610,2024-07-24,257,197,50629.00,""
1610,2024-07-26,226,112,25312.00,""
1610,2024-07-28,202,127,25654.00,""
1610,2024-07-29,328,180,59040.00,""
1610,2024-07-30,303,180,54540.00,""
1610,2024-08-02,285,102,29070.00,""
1610,2024-08-10,115,138,15870.00,""
1610,2024-08-11,204,242,49368.00,""
1610,2024-08-13,202,174,35148.00,""
1610,2024-08-25,177,232,41064.00,""
1610,2024-09-01,282,67,18894.00,""
1610,2024-09-05,282,155,43710.00,""
1610,2024-09-11,240,90,21600.00,""
1610,2024-09-12,188,76,14288.00,""
1610,2024-09-13,180,88,15840.00,""
1610,2024-09-21,128,94,12032.00,""
1610,2024-09-22,196,67,13132.00,""
1610,2024-09-23,243,112,27216.00,""
1610,2024-09-24,124,145,17980.00,""
1610,2024-09-27,165,82,13530.00,""
1217,2024-05-26,156,23,3588.00,""
1217,2024-05-27,105,129,13545.00,""
1217,2024-06-01,327,92,30084.00,""
1217,2024-06-03,141,59,8319.00,""
1217,2024-06-05,254,169,42926.00,""
1217,2024-06-06,204,152,31008.00,""
1217,2024-06-08,307,210,64470.00,""
1217,2024-06-10,334,136,45424.00,""
1217,2024-06-23,267,162,43254.00,""
1217,2024-06-30,314,189,59346.00,""
1217,2024-07-05,347,124,43028.00,""
1217,2024-07-10,250,91,22750.00,""
1428,2024-05-14,56,102,5712.00,""
1428,2024-05-15,108,63,6804.00,""
1428,2024-05-22,116,102,11832.00,""
1428,2024-05-24,92,121,11132.00,""
1428,2024-05-28,145,63,9135.00,""
1428,2024-05-29,100,76,7600.00,""
1428,2024-05-31,187,23,4301.00,""
1428,2024-06-02,276,198,54648.00,""
1428,2024-06-05,160,110,17600.00,""
1428,2024-06-07,292,139,40588.00,""
1428,2024-06-09,259,198,51282.00,""
1428,2024-06-14,330,161,53130.00,""
1428,2024-06-19,188,87,16356.00,""
1428,2024-06-25,144,119,17136.00,""
1428,2024-06-26,276,230,63480.00,""
1428,2024-06-27,336,83,27888.00,""
1428,2024-07-02,218,155,33790.00,""
1428,2024-07-10,121,242,29282.00,""
1359,2024-05-19,145,25,3625.00,""
1359,2024-05-23,197,144,28368.00,""
1359,2024-05-28,196,118,23128.00,""
1359,2024-05-29,75,123,9225.00,""
1359,2024-06-20,345,126,43470.00,""
1359,2024-07-04,233,213,49629.00,""
1359,2024-07-06,317,88,27896.00,""
1359,2024-07-09,202,79,15958.00,""
1359,2024-07-12,168,72,12096.00,""
1359,2024-07-15,82,147,12054.00,""
1359,2024-07-17,165,115,18975.00,""
1359,2024-07-21,144,81,11664.00,""
1359,2024-07-23,119,246,29274.00,""
1359,2024-07-26,309,246,76014.00,""
1359,2024-08-05,109,175,19075.00,""
1359,2024-08-07,287,122,35014.00,""
1359,2024-08-11,104,75,7800.00,""
1359,2024-08-18,242,190,45980.00,""
1359,2024-08-19,267,83,22161.00,""
1359,2024-08-22,119,227,27013.00,""
1359,2024-08-31,143,83,11869.00,""
1359,2024-09-01,253,164,41492.00,""
1359,2024-09-02,142,200,28400.00,""
1359,2024-09-07,213,192,40896.00,""
1359,2024-09-08,213,200,42600.00,""
1359,2024-09-09,118,98,11564.00,""
1359,2024-09-13,264,191,50424.00,""
1359,2024-09-20,185,123,22755.00,""
1359,2024-09-22,240,136,32640.00,""
1359,2024-09-24,286,173,49478.00,""
1790,2024-05-19,148,50,7400.00,""
1790,2024-05-24,96,101,9696.00,""
1790,2024-05-28,53,68,3604.00,""
1790,2024-05-29,150,112,16800.00,""
1790,2024-05-30,70,71,4970.00,""
1790,2024-06-05,82,61,5002.00,""
1790,2024-06-07,169,180,30420.00,""
1790,2024-06-13,338,175,59150.00,""
1790,2024-06-14,300,99,29700.00,""
1790,2024-06-23,167,159,26553.00,""
1790,2024-06-26,90,90,8100.00,""
1790,2024-06-28,211,187,39457.00,""
1790,2024-07-02,309,62,19158.00,""
1790,2024-07-08,134,137,18358.00,""
1790,2024-07-12,164,231,37884.00,""
1790,2024-07-15,103,181,18643.00,""
1790,2024-07-19,172,96,16512.00,""
1790,2024-07-25,156,182,28392.00,""
1790,2024-07-26,128,126,16128.00,""
1790,2024-07-30,208,57,11856.00,""
1790,2024-08-02,271,55,14905.00,""
1790,2024-08-08,302,61,18422.00,""
1790,2024-08-12,227,50,11350.00,""
1783,2024-05-17,189,89,16821.00,""
1783,2024-05-20,73,130,9490.00,""
1783,2024-05-22,64,123,7872.00,""
1783,2024-05-26,119,56,6664.00,""
1783,2024-05-28,152,106,16112.00,""
1783,2024-05-30,162,105,17010.00,""
1783,2024-06-01,253,86,21758.00,""
1783,2024-06-02,214,86,18404.00,""
1783,2024-06-07,203,172,34916.00,""
1783,2024-06-15,181,82,14842.00,""
1783,2024-06-24,171,89,15219.00,""
1783,2024-06-25,298,198,59004.00,""
1783,2024-06-29,328,122,40016.00,""
1783,2024-06-30,300,98,29400.00,""
1783,2024-07-06,221,231,51051.00,""
1783,2024-07-07,90,219,19710.00,""
1783,2024-07-10,93,56,5208.00,""
1783,2024-07-11,346,223,77158.00,""
1783,2024-07-12,321,60,19260.00,""
1783,2024-07-18,118,143,16874.00,""
1783,2024-07-21,208,111,23088.00,""
1783,2024-07-29,177,177,31329.00,""
1783,2024-07-30,276,150,41400.00,""
1783,2024-08-02,282,114,32148.00,""
1783,2024-08-05,213,156,33228.00,""
1783,2024-08-07,259,106,27454.00,""
1358,2024-05-23,91,49,4459.00,""
1358,2024-06-03,129,53,6837.00,""
1358,2024-06-04,218,199,43382.00,""
1358,2024-06-09,259,222,57498.00,""
1358,2024-06-13,262,121,31702.00,""
1358,2024-06-14,214,110,23540.00,""
1358,2024-06-30,191,202,38582.00,""
1358,2024-07-02,340,189,64260.00,""
1358,2024-07-03,262,193,50566.00,""
1358,2024-07-04,195,133,25935.00,""
1358,2024-07-06,140,122,17080.00,""
1358,2024-07-13,118,232,27376.00,""
1358,2024-07-14,113,111,12543.00,""
1358,2024-07-20,110,63,6930.00,""
1358,2024-07-25,315,209,65835.00,""
1382,2024-05-19,189,29,5481.00,""
1382,2024-05-28,71,56,3976.00,""
1382,2024-05-30,99,117,11583.00,""
1382,2024-06-08,339,211,71529.00,""
1382,2024-06-11,161,56,9016.00,""
1382,2024-06-13,97,71,6887.00,""
1382,2024-06-14,117,82,9594.00,""
1382,2024-06-17,331,176,58256.00,""
1382,2024-06-21,214,217,46438.00,""
1382,2024-06-24,285,158,45030.00,""
1382,2024-06-29,309,61,18849.00,""
1382,2024-07-01,148,131,19388.00,""
1382,2024-07-04,177,98,17346.00,""
1382,2024-07-07,131,131,17161.00,""
1382,2024-07-14,275,134,36850.00,""
1382,2024-07-15,158,91,14378.00,""
1382,2024-07-21,183,70,12810.00,""
1382,2024-07-27,90,228,20520.00,""
1382,2024-07-28,190,191,36290.00,""
1382,2024-07-30,234,148,34632.00,""
1382,2024-07-31,350,135,47250.00,""
1661,2024-05-23,170,116,19720.00,""
1661,2024-06-02,84,207,17388.00,""
1661,2024-06-05,346,217,75082.00,""
1661,2024-06-10,247,144,35568.00,""
1661,2024-06-14,190,189,35910.00,""
1661,2024-06-18,243,60,14580.00,""
1661,2024-06-19,138,120,16560.00,""
1661,2024-06-20,190,192,36480.00,""
1661,2024-06-21,220,96,21120.00,""
1661,2024-06-26,223,69,15387.00,""
1661,2024-06-30,273,60,16380.00,""
1661,2024-07-15,110,53,5830.00,""
1661,2024-07-20,137,126,17262.00,""
1661,2024-07-22,88,74,6512.00,""
1661,2024-07-24,321,214,68694.00,""
1661,2024-07-29,114,224,25536.00,""
1661,2024-08-02,183,153,27999.00,""
1661,2024-08-03,166,115,19090.00,""
1661,2024-08-05,301,70,21070.00,""
1661,2024-08-08,190,86,16340.00,""
1661,2024-08-09,198,117,23166.00,""
1661,2024-08-10,299,172,51428.00,""
1661,2024-08-11,177,238,42126.00,""
1661,2024-08-13,293,223,65339.00,""
1661,2024-08-17,106,142,15052.00,""
1661,2024-08-24,206,220,45320.00,""
1661,2024-08-25,109,248,27032.00,""
1661,2024-08-27,307,152,46664.00,""
1661,2024-08-28,222,90,19980.00,""
1661,2024-08-29,105,144,15120.00,""
1661,2024-09-02,256,116,29696.00,""
1661,2024-09-05,139,77,10703.00,""
1661,2024-09-08,190,111,21090.00,""
1661,2024-09-11,298,61,18178.00,""
1661,2024-09-15,273,160,43680.00,""
1661,2024-09-21,277,180,49860.00,""
1661,2024-09-23,270,118,31860.00,""
1661,2024-09-24,236,66,15576.00,""
1661,2024-09-30,225,194,43650.00,""
1509,2024-05-24,195,96,18720.00,""
1509,2024-05-25,91,42,3822.00,""
1509,2024-05-28,75,114,8550.00,""
1509,2024-05-30,68,62,4216.00,""
1509,2024-06-02,262,134,35108.00,""
1509,2024-06-22,269,56,15064.00,""
1509,2024-07-01,324,181,58644.00,""
1509,2024-07-15,285,181,51585.00,""
1509,2024-07-17,232,229,53128.00,""
1509,2024-07-21,241,175,42175.00,""
1509,2024-07-23,112,57,6384.00,""
1509,2024-07-24,340,135,45900.00,""
1509,2024-07-29,88,241,21208.00,""
1509,2024-08-02,122,82,10004.00,""
1509,2024-08-03,206,103,21218.00,""
1509,2024-08-15,265,153,40545.00,""
1509,2024-08-16,86,166,14276.00,""
1509,2024-08-19,199,220,43780.00,""
1509,2024-08-20,279,243,67797.00,""
1509,2024-08-26,295,73,21535.00,""
1509,2024-08-31,168,121,20328.00,""
1509,2024-09-01,271,193,52303.00,""
1509,2024-09-04,107,85,9095.00,""
1509,2024-09-05,100,194,19400.00,""
1509,2024-09-07,255,148,37740.00,""
1509,2024-09-08,205,136,27880.00,""
1509,2024-09-10,264,177,46728.00,""
1509,2024-09-15,142,85,12070.00,""
1509,2024-09-16,199,62,12338.00,""
1509,2024-09-18,163,79,12877.00,""
1509,2024-09-19,262,185,48470.00,""
1733,2024-05-19,165,125,20625.00,""
1733,2024-05-20,171,41,7011.00,""
1733,2024-05-22,174,71,12354.00,""
1733,2024-05-30,160,94,15040.00,""
1733,2024-05-31,51,36,1836.00,""
1733,2024-06-01,222,93,20646.00,""
1733,2024-06-05,316,100,31600.00,""
1733,2024-06-06,291,80,23280.00,""
1733,2024-06-09,181,249,45069.00,""
1733,2024-06-18,99,136,13464.00,""
1733,2024-06-25,313,216,67608.00,""
1733,2024-06-26,154,229,35266.00,""
1733,2024-07-05,232,159,36888.00,""
1733,2024-07-12,102,62,6324.00,""
1733,2024-07-13,330,90,29700.00,""
1733,2024-07-17,296,114,33744.00,""
1733,2024-07-18,237,92,21804.00,""
1733,2024-07-23,198,168,33264.00,""
1733,2024-07-26,238,53,12614.00,""
1733,2024-07-31,240,148,35520.00,""
1733,2024-08-07,125,141,17625.00,""
1733,2024-08-12,307,99,30393.00,""
1733,2024-08-17,249,207,51543.00,""
1733,2024-08-27,165,207,34155.00,""
1733,2024-08-28,347,86,29842.00,""
1733,2024-08-30,245,85,20825.00,""
1733,2024-09-06,222,142,31524.00,""
1733,2024-09-07,123,79,9717.00,""
1733,2024-09-10,226,176,39776.00,""
1733,2024-09-17,290,119,34510.00,""
1733,2024-09-18,188,102,19176.00,""
1733,2024-09-20,245,98,24010.00,""
1733,2024-09-24,243,176,42768.00,""
1733,2024-09-25,156,107,16692.00,""
1733,2024-09-28,223,87,19401.00,""
1584,2024-05-23,92,93,8556.00,""
1584,2024-05-26,109,55,5995.00,""
1584,2024-05-27,154,132,20328.00,""
1584,2024-05-30,188,147,27636.00,""
1584,2024-05-31,96,114,10944.00,""
1584,2024-06-01,125,139,17375.00,""
1584,2024-06-02,339,237,80343.00,""
1584,2024-06-08,200,106,21200.00,""
1584,2024-06-10,109,91,9919.00,""
1584,2024-06-11,333,131,43623.00,""
1584,2024-06-13,109,176,19184.00,""
1584,2024-06-16,332,222,73704.00,""
1584,2024-06-20,132,155,20460.00,""
1584,2024-06-21,301,116,34916.00,""
1584,2024-06-24,133,80,10640.00,""
1584,2024-07-13,335,226,75710.00,""
1584,2024-07-17,338,78,26364.00,""
1584,2024-07-19,235,100,23500.00,""
1584,2024-07-24,303,130,39390.00,""
1584,2024-07-25,196,115,22540.00,""
1584,2024-07-27,202,88,17776.00,""
1467,2024-05-24,48,71,3408.00,""
1467,2024-05-25,71,119,8449.00,""
1467,2024-05-31,100,137,13700.00,""
1467,2024-06-01,261,89,23229.00,""
1467,2024-06-11,308,69,21252.00,""
1467,2024-06-12,87,120,10440.00,""
1467,2024-07-01,94,118,11092.00,""
1467,2024-07-05,214,231,49434.00,""
1467,2024-07-11,297,225,66825.00,""
1467,2024-07-18,192,184,35328.00,""
1372,2024-05-19,173,120,20760.00,""
1372,2024-05-20,113,121,13673.00,""
1372,2024-05-24,108,77,8316.00,""
1372,2024-05-26,178,71,12638.00,""
1372,2024-05-29,189,47,8883.00,""
1372,2024-05-30,183,121,22143.00,""
1372,2024-05-31,116,115,13340.00,""
1372,2024-06-05,92,67,6164.00,""
1372,2024-06-10,213,230,48990.00,""
1372,2024-06-11,184,75,13800.00,""
1372,2024-06-26,335,181,60635.00,""
1372,2024-07-07,209,86,17974.00,""
1372,2024-07-08,299,190,56810.00,""
1372,2024-07-11,97,70,6790.00,""
1372,2024-07-14,334,129,43086.00,""
1372,2024-07-15,314,108,33912.00,""
1372,2024-07-18,120,62,7440.00,""
1372,2024-07-22,279,172,47988.00,""
1372,2024-07-27,153,191,29223.00,""
1372,2024-07-31,320,184,58880.00,""
1372,2024-08-02,81,50,4050.00,""
1372,2024-08-06,199,123,24477.00,""
1372,2024-08-08,235,232,54520.00,""
1372,2024-08-13,123,177,21771.00,""
1372,2024-08-17,182,127,23114.00,""
1372,2024-08-19,213,203,43239.00,""
1372,2024-08-21,338,87,29406.00,""
1372,2024-08-25,240,162,38880.00,""
1372,2024-08-27,348,185,64380.00,""
1372,2024-08-28,146,177,25842.00,""
1372,2024-09-01,190,125,23750.00,""
1372,2024-09-05,140,90,12600.00,""
1372,2024-09-06,263,188,49444.00,""
1372,2024-09-09,270,136,36720.00,""
1372,2024-09-12,293,116,33988.00,""
1372,2024-09-13,191,187,35717.00,""
1372,2024-09-15,115,66,7590.00,""
1372,2024-09-17,236,138,32568.00,""
1438,2024-05-20,72,68,4896.00,""
1438,2024-05-22,83,123,10209.00,""
1438,2024-05-25,188,78,14664.00,""
1438,2024-05-26,146,143,20878.00,""
1438,2024-05-27,109,42,4578.00,""
1438,2024-05-28,187,55,10285.00,""
1438,2024-06-03,163,231,37653.00,""
1438,2024-06-08,145,129,18705.00,""
1438,2024-06-11,183,64,11712.00,""
1438,2024-06-12,284,52,14768.00,""
1438,2024-06-19,101,179,18079.00,""
1438,2024-06-22,105,94,9870.00,""
1438,2024-06-24,302,177,53454.00,""
1438,2024-06-25,134,234,31356.00,""
1438,2024-06-26,224,250,56000.00,""
1438,2024-06-28,273,89,24297.00,""
1738,2024-05-22,95,112,10640.00,""
1738,2024-05-25,109,147,16023.00,""
1738,2024-05-26,175,38,6650.00,""
1738,2024-05-29,73,136,9928.00,""
1738,2024-05-30,63,45,2835.00,""
1738,2024-06-06,113,56,6328.00,""
1738,2024-06-11,294,158,46452.00,""
1738,2024-06-21,269,150,40350.00,""
1738,2024-06-28,263,249,65487.00,""
1253,2024-05-22,106,34,3604.00,""
1253,2024-06-05,273,123,33579.00,""
1253,2024-06-06,345,155,53475.00,""
1253,2024-06-11,129,172,22188.00,""
1253,2024-06-18,274,124,33976.00,""
1253,2024-06-19,251,139,34889.00,""
1253,2024-06-23,182,115,20930.00,""
1253,2024-06-26,340,62,21080.00,""
1253,2024-07-01,104,199,20696.00,""
1253,2024-07-03,139,145,20155.00,""
1253,2024-07-05,289,211,60979.00,""
1253,2024-07-08,123,67,8241.00,""
1253,2024-07-09,92,228,20976.00,""
1253,2024-07-10,248,112,27776.00,""
1253,2024-07-12,258,178,45924.00,""
1253,2024-07-16,211,90,18990.00,""
1253,2024-07-24,265,153,40545.00,""
1253,2024-07-25,90,230,20700.00,""
1253,2024-07-28,127,88,11176.00,""
1253,2024-07-30,81,247,20007.00,""
1253,2024-08-02,300,225,67500.00,""
1253,2024-08-06,342,89,30438.00,""
1253,2024-08-10,298,111,33078.00,""
1253,2024-08-17,329,113,37177.00,""
1253,2024-08-18,264,95,25080.00,""
1253,2024-08-19,81,228,18468.00,""
1253,2024-08-22,193,58,11194.00,""
1253,2024-08-26,303,63,19089.00,""
1253,2024-08-30,237,146,34602.00,""
1253,2024-08-31,111,166,18426.00,""
1253,2024-09-01,138,113,15594.00,""
1253,2024-09-02,134,176,23584.00,""
1253,2024-09-06,268,90,24120.00,""
1253,2024-09-09,267,109,29103.00,""
1253,2024-09-10,183,172,31476.00,""
1253,2024-09-11,177,138,24426.00,""
1253,2024-09-12,220,153,33660.00,""
1253,2024-09-16,153,156,23868.00,""
1253,2024-09-17,217,152,32984.00,""
1253,2024-09-19,195,172,33540.00,""
1253,2024-09-20,270,184,49680.00,""
1253,2024-09-22,189,152,28728.00,""
1253,2024-09-23,125,115,14375.00,""
1253,2024-09-28,111,136,15096.00,""
1540,2024-05-19,124,116,14384.00,""
1540,2024-05-21,127,139,17653.00,""
1540,2024-05-25,130,74,9620.00,""
1540,2024-05-26,65,26,1690.00,""
1540,2024-06-06,208,132,27456.00,""
1540,2024-06-09,169,142,23998.00,""
1540,2024-06-10,188,143,26884.00,""
1540,2024-06-13,341,101,34441.00,""
1540,2024-06-14,88,109,9592.00,""
1540,2024-06-25,299,149,44551.00,""
1540,2024-07-01,201,199,39999.00,""
1540,2024-07-02,188,221,41548.00,""
1246,2024-05-15,105,69,7245.00,""
1246,2024-05-17,91,89,8099.00,""
1246,2024-05-18,138,87,12006.00,""
1246,2024-05-23,168,75,12600.00,""
1246,2024-05-24,191,46,8786.00,""
1246,2024-05-25,153,121,18513.00,""
1246,2024-05-29,141,91,12831.00,""
1246,2024-06-02,310,216,66960.00,""
1246,2024-06-03,243,217,52731.00,""
1246,2024-06-04,130,164,21320.00,""
1246,2024-06-07,215,70,15050.00,""
1246,2024-06-08,308,229,70532.00,""
1246,2024-06-11,184,124,22816.00,""
1246,2024-06-13,82,171,14022.00,""
1246,2024-06-15,195,78,15210.00,""
1246,2024-06-17,97,170,16490.00,""
1246,2024-06-19,86,73,6278.00,""
1246,2024-06-20,330,55,18150.00,""
1246,2024-06-21,232,167,38744.00,""
1246,2024-06-22,166,250,41500.00,""
1246,2024-06-29,188,160,30080.00,""
1510,2024-05-17,139,39,5421.00,""
1510,2024-05-20,194,39,7566.00,""
1510,2024-05-26,141,85,11985.00,""
1510,2024-05-27,119,134,15946.00,""
1510,2024-05-29,192,32,6144.00,""
1510,2024-05-30,95,102,9690.00,""
1510,2024-06-07,168,209,35112.00,""
1510,2024-06-08,315,217,68355.00,""
1510,2024-06-11,217,245,53165.00,""
1510,2024-06-13,247,240,59280.00,""
1510,2024-06-15,301,249,74949.00,""
1510,2024-06-16,316,70,22120.00,""
1510,2024-06-18,207,152,31464.00,""
1510,2024-06-24,173,83,14359.00,""
1510,2024-06-27,122,156,19032.00,""
1510,2024-06-28,349,145,50605.00,""
1510,2024-07-08,226,176,39776.00,""
1510,2024-07-09,90,224,20160.00,""
1510,2024-07-11,105,154,16170.00,""
1510,2024-07-13,104,119,12376.00,""
1510,2024-07-14,289,164,47396.00,""
1510,2024-07-16,331,168,55608.00,""
1510,2024-07-17,196,195,38220.00,""
1510,2024-07-19,91,175,15925.00,""
1510,2024-07-20,234,139,32526.00,""
1510,2024-07-28,172,72,12384.00,""
1510,2024-07-31,264,233,61512.00,""
1510,2024-08-01,242,237,57354.00,""
1510,2024-08-07,96,227,21792.00,""
1499,2024-05-14,199,136,27064.00,""
1499,2024-05-15,199,97,19303.00,""
1499,2024-05-17,199,93,18507.00,""
1499,2024-05-19,62,36,2232.00,""
1499,2024-05-20,46,143,6578.00,""
1499,2024-05-23,141,87,12267.00,""
1499,2024-05-27,66,130,8580.00,""
1499,2024-05-28,71,24,1704.00,""
1499,2024-05-29,196,100,19600.00,""
1499,2024-05-31,43,129,5547.00,""
1499,2024-06-10,319,245,78155.00,""
1499,2024-06-22,308,197,60676.00,""
1499,2024-06-29,220,71,15620.00,""
1499,2024-07-07,99,165,16335.00,""
1499,2024-07-14,138,166,22908.00,""
1499,2024-07-18,247,146,36062.00,""
1499,2024-07-19,96,207,19872.00,""
1499,2024-07-21,296,227,67192.00,""
1499,2024-07-22,192,187,35904.00,""
1499,2024-07-24,309,199,61491.00,""
1499,2024-07-25,338,205,69290.00,""
1499,2024-07-28,88,166,14608.00,""
1499,2024-07-30,80,72,5760.00,""
1499,2024-07-31,85,246,20910.00,""
1499,2024-08-03,283,108,30564.00,""
1499,2024-08-04,252,249,62748.00,""
1499,2024-08-07,299,248,74152.00,""
1499,2024-08-08,221,72,15912.00,""
1499,2024-08-14,333,110,36630.00,""
1499,2024-08-16,278,80,22240.00,""
1499,2024-08-17,347,172,59684.00,""
1499,2024-08-26,336,67,22512.00,""
1499,2024-08-28,235,170,39950.00,""
1499,2024-08-29,124,73,9052.00,""
1499,2024-09-11,168,155,26040.00,""
1499,2024-09-12,237,110,26070.00,""
1499,2024-09-14,282,96,27072.00,""
1499,2024-09-16,200,172,34400.00,""
1499,2024-09-19,197,160,31520.00,""
1629,2024-05-23,45,133,5985.00,""
1629,2024-05-29,54,141,7614.00,""
1629,2024-06-06,274,222,60828.00,""
1629,2024-06-07,157,84,13188.00,""
1629,2024-06-09,119,188,22372.00,""
1629,2024-06-11,260,128,33280.00,""
1629,2024-06-15,267,52,13884.00,""
1629,2024-06-17,266,81,21546.00,""
1629,2024-07-01,135,128,17280.00,""
1629,2024-07-02,176,202,35552.00,""
1629,2024-07-04,117,146,17082.00,""
1629,2024-07-09,263,133,34979.00,""
1629,2024-07-11,322,170,54740.00,""
1629,2024-07-12,224,226,50624.00,""
1629,2024-07-13,194,83,16102.00,""
1629,2024-07-14,343,208,71344.00,""
1629,2024-07-15,147,205,30135.00,""
1629,2024-07-21,287,250,71750.00,""
1629,2024-07-22,167,219,36573.00,""
1629,2024-07-29,288,182,52416.00,""
1629,2024-07-30,277,163,45151.00,""
1629,2024-07-31,160,193,30880.00,""
1629,2024-08-03,106,150,15900.00,""
1629,2024-08-07,163,55,8965.00,""
1629,2024-08-14,196,55,10780.00,""
1629,2024-08-17,173,95,16435.00,""
1629,2024-08-19,330,194,64020.00,""
1629,2024-08-20,220,232,51040.00,""
1629,2024-08-22,342,56,19152.00,""
1629,2024-08-24,220,88,19360.00,""
1629,2024-08-26,321,117,37557.00,""
1629,2024-08-27,218,155,33790.00,""
1629,2024-08-29,138,124,17112.00,""
1629,2024-09-04,218,108,23544.00,""
1629,2024-09-08,252,65,16380.00,""
1629,2024-09-10,250,112,28000.00,""
1629,2024-09-11,267,126,33642.00,""
1629,2024-09-12,182,121,22022.00,""
1629,2024-09-13,116,111,12876.00,""
1503,2024-05-14,72,53,3816.00,""
1503,2024-05-17,79,61,4819.00,""
1503,2024-05-21,58,122,7076.00,""
1503,2024-05-27,152,128,19456.00,""
1503,2024-05-29,145,139,20155.00,""
1503,2024-06-05,294,68,19992.00,""
1503,2024-06-06,253,150,37950.00,""
1503,2024-06-14,125,162,20250.00,""
1503,2024-06-15,147,190,27930.00,""
1503,2024-06-16,179,87,15573.00,""
1503,2024-06-17,295,143,42185.00,""
1503,2024-06-20,280,84,23520.00,""
1503,2024-06-21,247,138,34086.00,""
1503,2024-06-22,283,76,21508.00,""
1503,2024-06-23,89,185,16465.00,""
1503,2024-06-25,315,238,74970.00,""
1291,2024-05-16,75,52,3900.00,""
1291,2024-05-17,44,132,5808.00,""
1291,2024-05-18,197,100,19700.00,""
1291,2024-05-19,98,139,13622.00,""
1291,2024-05-22,194,58,11252.00,""
1291,2024-05-25,192,24,4608.00,""
1291,2024-05-26,70,134,9380.00,""
1291,2024-05-28,83,41,3403.00,""
1291,2024-06-14,255,156,39780.00,""
1291,2024-06-15,300,108,32400.00,""
1291,2024-06-21,194,217,42098.00,""
1615,2024-05-18,158,76,12008.00,""
1615,2024-05-22,184,27,4968.00,""
1615,2024-05-28,120,77,9240.00,""
1615,2024-05-30,140,105,14700.00,""
1615,2024-06-11,214,149,31886.00,""
1615,2024-06-13,343,108,37044.00,""
1615,2024-06-14,219,70,15330.00,""
1615,2024-06-21,224,148,33152.00,""
1615,2024-06-23,190,238,45220.00,""
1615,2024-07-07,109,121,13189.00,""
1615,2024-07-08,120,235,28200.00,""
1615,2024-07-09,210,63,13230.00,""
1615,2024-07-14,136,67,9112.00,""
1615,2024-07-16,100,130,13000.00,""
1615,2024-07-19,209,128,26752.00,""
1615,2024-07-20,296,74,21904.00,""
1615,2024-07-23,96,241,23136.00,""
1615,2024-07-24,209,66,13794.00,""
1615,2024-07-27,254,242,61468.00,""
1615,2024-08-08,209,195,40755.00,""
1615,2024-08-11,116,239,27724.00,""
1615,2024-08-19,156,201,31356.00,""
1615,2024-09-02,176,127,22352.00,""
1615,2024-09-03,265,182,48230.00,""
1615,2024-09-05,156,154,24024.00,""
1615,2024-09-08,174,168,29232.00,""
1615,2024-09-10,192,162,31104.00,""
1615,2024-09-15,293,84,24612.00,""
1198,2024-05-17,170,129,21930.00,""
1198,2024-05-28,129,143,18447.00,""
1198,2024-05-30,156,83,12948.00,""
1198,2024-05-31,108,122,13176.00,""
1198,2024-06-05,326,54,17604.00,""
1198,2024-06-07,234,224,52416.00,""
1198,2024-06-10,242,111,26862.00,""
1198,2024-06-12,340,239,81260.00,""
1198,2024-06-13,239,199,47561.00,""
1198,2024-06-16,259,205,53095.00,""
1198,2024-06-17,326,126,41076.00,""
1198,2024-06-22,89,115,10235.00,""
1198,2024-06-24,227,169,38363.00,""
1198,2024-06-25,144,142,20448.00,""
1198,2024-07-01,190,105,19950.00,""
1198,2024-07-21,216,51,11016.00,""
1198,2024-08-14,185,65,12025.00,""
1198,2024-08-17,241,79,19039.00,""
1198,2024-08-24,156,142,22152.00,""
1198,2024-08-26,265,236,62540.00,""
1198,2024-08-27,149,212,31588.00,""
1198,2024-08-28,340,144,48960.00,""
1198,2024-09-01,252,94,23688.00,""
1198,2024-09-02,168,193,32424.00,""
1198,2024-09-05,199,101,20099.00,""
1198,2024-09-08,227,108,24516.00,""
1198,2024-09-18,137,125,17125.00,""
1198,2024-09-21,216,62,13392.00,""
1242,2024-05-11,193,56,10808.00,""
1242,2024-05-15,95,141,13395.00,""
1242,2024-05-22,113,90,10170.00,""
1242,2024-05-25,116,38,4408.00,""
1242,2024-05-26,117,52,6084.00,""
1242,2024-05-27,185,20,3700.00,""
1242,2024-05-29,122,69,8418.00,""
1242,2024-06-01,191,199,38009.00,""
1242,2024-06-03,337,136,45832.00,""
1242,2024-06-09,274,242,66308.00,""
1242,2024-06-10,262,116,30392.00,""
1242,2024-06-11,261,183,47763.00,""
1242,2024-06-13,331,245,81095.00,""
1242,2024-06-14,100,98,9800.00,""
1242,2024-06-15,196,101,19796.00,""
1242,2024-06-21,149,146,21754.00,""
1242,2024-06-23,99,218,21582.00,""
1242,2024-06-28,137,137,18769.00,""
1242,2024-06-29,144,151,21744.00,""
1242,2024-07-01,110,240,26400.00,""
1242,2024-07-08,147,206,30282.00,""
1242,2024-07-12,95,245,23275.00,""
1242,2024-07-17,85,240,20400.00,""
1242,2024-07-31,265,196,51940.00,""
1242,2024-08-06,214,128,27392.00,""
1242,2024-08-10,167,217,36239.00,""
1242,2024-08-17,243,194,47142.00,""
1205,2024-05-10,166,121,20086.00,""
1205,2024-05-12,88,144,12672.00,""
1205,2024-05-15,195,65,12675.00,""
1205,2024-05-21,81,31,2511.00,""
1205,2024-05-24,190,49,9310.00,""
1205,2024-05-27,151,115,17365.00,""
1205,2024-05-30,46,57,2622.00,""
1205,2024-06-04,139,172,23908.00,""
1205,2024-06-05,307,246,75522.00,""
1205,2024-06-10,102,202,20604.00,""
1205,2024-06-22,282,80,22560.00,""
1205,2024-06-26,201,90,18090.00,""
1205,2024-06-28,191,114,21774.00,""
1205,2024-06-29,340,245,83300.00,""
1205,2024-07-05,190,189,35910.00,""
1205,2024-07-09,289,153,44217.00,""
1205,2024-07-10,188,135,25380.00,""
1205,2024-07-12,136,176,23936.00,""
1205,2024-07-14,220,139,30580.00,""
1205,2024-07-18,296,98,29008.00,""
1205,2024-07-21,105,81,8505.00,""
1205,2024-07-26,99,122,12078.00,""
1205,2024-07-28,284,248,70432.00,""
1205,2024-07-30,206,51,10506.00,""
1205,2024-08-03,172,214,36808.00,""
1205,2024-08-07,204,94,19176.00,""
1205,2024-08-12,289,79,22831.00,""
1205,2024-08-13,256,51,13056.00,""
1205,2024-08-28,82,120,9840.00,""
1205,2024-08-31,98,187,18326.00,""
1205,2024-09-01,249,136,33864.00,""
1205,2024-09-02,237,76,18012.00,""
1205,2024-09-03,136,127,17272.00,""
1205,2024-09-05,105,197,20685.00,""
1205,2024-09-08,276,141,38916.00,""
1205,2024-09-11,150,97,14550.00,""
1205,2024-09-16,136,132,17952.00,""
1205,2024-09-23,266,104,27664.00,""
1383,2024-05-11,89,141,12549.00,""
1383,2024-05-12,116,60,6960.00,""
1383,2024-05-15,173,26,4498.00,""
1383,2024-05-16,120,87,10440.00,""
1383,2024-05-18,146,93,13578.00,""
1383,2024-05-22,84,95,7980.00,""
1383,2024-05-24,198,106,20988.00,""
1383,2024-05-30,163,58,9454.00,""
1383,2024-06-01,275,250,68750.00,""
1383,2024-06-11,160,107,17120.00,""
1383,2024-06-12,117,197,23049.00,""
1383,2024-06-17,83,176,14608.00,""
1383,2024-06-24,185,68,12580.00,""
1383,2024-06-25,335,79,26465.00,""
1383,2024-06-27,219,122,26718.00,""
1403,2024-05-14,153,20,3060.00,""
1403,2024-05-15,178,57,10146.00,""
1403,2024-05-16,97,115,11155.00,""
1403,2024-05-18,65,125,8125.00,""
1403,2024-05-19,142,116,16472.00,""
1403,2024-05-20,53,99,5247.00,""
1403,2024-05-25,148,108,15984.00,""
1403,2024-05-26,120,77,9240.00,""
1403,2024-06-05,255,51,13005.00,""
1403,2024-06-15,103,213,21939.00,""
1403,2024-06-18,260,241,62660.00,""
1403,2024-06-22,275,56,15400.00,""
1403,2024-06-23,86,73,6278.00,""
1403,2024-06-24,294,188,55272.00,""
1403,2024-06-26,252,82,20664.00,""
1403,2024-06-30,284,72,20448.00,""
1403,2024-07-10,235,74,17390.00,""
1403,2024-07-12,131,235,30785.00,""
1403,2024-07-14,210,104,21840.00,""
1403,2024-07-16,219,219,47961.00,""
1403,2024-07-24,284,60,17040.00,""
1403,2024-07-26,125,200,25000.00,""
1316,2024-05-17,83,95,7885.00,""
1316,2024-05-18,115,76,8740.00,""
1316,2024-05-20,186,100,18600.00,""
1316,2024-05-21,73,106,7738.00,""
1316,2024-05-25,55,129,7095.00,""
1316,2024-05-26,122,109,13298.00,""
1316,2024-05-27,152,51,7752.00,""
1316,2024-05-28,56,43,2408.00,""
1316,2024-05-31,119,88,10472.00,""
1316,2024-06-01,346,167,57782.00,""
1316,2024-06-04,200,142,28400.00,""
1316,2024-06-12,338,126,42588.00,""
1316,2024-06-13,112,246,27552.00,""
1316,2024-06-17,307,134,41138.00,""
1316,2024-06-23,196,211,41356.00,""
1316,2024-06-25,171,143,24453.00,""
1316,2024-06-28,244,111,27084.00,""
1316,2024-07-06,99,173,17127.00,""
1316,2024-07-11,272,179,48688.00,""
1686,2024-05-17,102,95,9690.00,""
1686,2024-05-20,164,116,19024.00,""
1686,2024-05-21,170,45,7650.00,""
1686,2024-05-24,57,112,6384.00,""
1686,2024-05-28,189,124,23436.00,""
1686,2024-06-02,217,218,47306.00,""
1686,2024-06-18,102,96,9792.00,""
1686,2024-06-24,344,246,84624.00,""
1686,2024-06-26,183,131,23973.00,""
1686,2024-07-01,218,85,18530.00,""
1740,2024-05-14,46,31,1426.00,""
1740,2024-05-25,50,144,7200.00,""
1740,2024-05-27,56,139,7784.00,""
1740,2024-05-28,114,23,2622.00,""
1740,2024-05-30,50,42,2100.00,""
1740,2024-05-31,98,102,9996.00,""
1740,2024-06-01,158,159,25122.00,""
1740,2024-06-08,170,232,39440.00,""
1740,2024-06-16,268,242,64856.00,""
1447,2024-05-19,97,23,2231.00,""
1447,2024-05-21,89,43,3827.00,""
1447,2024-05-24,112,25,2800.00,""
1447,2024-05-27,125,108,13500.00,""
1447,2024-06-01,237,214,50718.00,""
1447,2024-06-03,237,218,51666.00,""
1447,2024-06-05,115,197,22655.00,""
1447,2024-06-12,175,76,13300.00,""
1447,2024-06-13,286,79,22594.00,""
1447,2024-06-16,218,127,27686.00,""
1447,2024-06-20,231,108,24948.00,""
1447,2024-06-23,308,175,53900.00,""
1447,2024-06-24,331,111,36741.00,""
1447,2024-06-28,123,75,9225.00,""
1447,2024-06-30,132,245,32340.00,""
1447,2024-07-02,274,232,63568.00,""
1447,2024-07-11,102,174,17748.00,""
1447,2024-07-12,90,69,6210.00,""
1447,2024-07-13,115,112,12880.00,""
1447,2024-07-29,102,114,11628.00,""
1447,2024-07-30,97,195,18915.00,""
1447,2024-08-03,184,107,19688.00,""
1447,2024-08-05,81,100,8100.00,""
1447,2024-08-06,276,234,64584.00,""
1447,2024-08-07,86,89,7654.00,""
1447,2024-08-08,122,208,25376.00,""
1447,2024-08-09,270,158,42660.00,""
1447,2024-08-11,329,180,59220.00,""
1447,2024-08-13,164,164,26896.00,""
1447,2024-08-15,114,119,13566.00,""
1447,2024-08-24,319,250,79750.00,""
1447,2024-08-25,228,199,45372.00,""
1447,2024-08-27,274,188,51512.00,""
1447,2024-09-01,135,198,26730.00,""
1447,2024-09-04,149,194,28906.00,""
1447,2024-09-07,236,173,40828.00,""
1447,2024-09-08,100,113,11300.00,""
1447,2024-09-12,262,181,47422.00,""
1447,2024-09-14,164,181,29684.00,""
1447,2024-09-15,111,87,9657.00,""
1447,2024-09-20,151,142,21442.00,""
1447,2024-09-21,154,187,28798.00,""
1447,2024-09-29,231,125,28875.00,""
1447,2024-09-30,103,129,13287.00,""
1590,2024-05-17,104,26,2704.00,""
1590,2024-05-20,56,130,7280.00,""
1590,2024-05-22,123,25,3075.00,""
1590,2024-05-31,179,45,8055.00,""
1590,2024-06-03,196,65,12740.00,""
1590,2024-06-04,121,115,13915.00,""
1590,2024-06-14,257,112,28784.00,""
1590,2024-06-17,306,216,66096.00,""
1590,2024-06-19,110,171,18810.00,""
1590,2024-06-20,289,90,26010.00,""
1590,2024-06-21,285,167,47595.00,""
1590,2024-06-29,110,169,18590.00,""
1590,2024-07-07,227,57,12939.00,""
1590,2024-07-14,269,212,57028.00,""
1590,2024-07-18,145,204,29580.00,""
1590,2024-07-26,270,164,44280.00,""
1590,2024-07-28,88,122,10736.00,""
1590,2024-07-31,174,158,27492.00,""
1590,2024-08-12,222,73,16206.00,""
1590,2024-08-15,137,162,22194.00,""
1590,2024-08-16,214,192,41088.00,""
1590,2024-08-19,249,91,22659.00,""
1590,2024-08-21,323,107,34561.00,""
1590,2024-08-23,289,105,30345.00,""
1590,2024-08-24,288,139,40032.00,""
1590,2024-08-25,275,166,45650.00,""
1590,2024-08-27,254,56,14224.00,""
1590,2024-09-02,116,125,14500.00,""
1590,2024-09-03,140,66,9240.00,""
1590,2024-09-05,220,189,41580.00,""
1537,2024-05-24,133,36,4788.00,""
1537,2024-05-28,56,125,7000.00,""
1537,2024-05-29,200,89,17800.00,""
1537,2024-05-31,176,102,17952.00,""
1537,2024-06-04,302,245,73990.00,""
1537,2024-06-08,151,89,13439.00,""
1537,2024-06-10,344,63,21672.00,""
1537,2024-06-15,119,178,21182.00,""
1537,2024-06-18,151,204,30804.00,""
1537,2024-06-23,288,199,57312.00,""
1537,2024-06-26,153,149,22797.00,""
1537,2024-06-28,92,243,22356.00,""
1537,2024-06-29,205,77,15785.00,""
1537,2024-07-01,221,60,13260.00,""
1537,2024-07-07,114,229,26106.00,""
1537,2024-07-09,106,243,25758.00,""
1537,2024-07-16,237,92,21804.00,""
1537,2024-07-17,97,151,14647.00,""
1537,2024-07-18,265,92,24380.00,""
1537,2024-07-19,116,160,18560.00,""
1537,2024-07-20,233,236,54988.00,""
1537,2024-07-23,318,239,76002.00,""
1537,2024-07-29,115,126,14490.00,""
1537,2024-07-31,155,203,31465.00,""
1236,2024-05-18,98,80,7840.00,""
1236,2024-05-22,168,126,21168.00,""
1236,2024-05-29,45,50,2250.00,""
1236,2024-06-01,238,92,21896.00,""
1236,2024-06-04,155,208,32240.00,""
1236,2024-06-06,203,211,42833.00,""
1236,2024-06-18,99,183,18117.00,""
1236,2024-06-24,272,245,66640.00,""
1236,2024-06-29,136,211,28696.00,""
1236,2024-06-30,236,134,31624.00,""
1236,2024-07-01,179,174,31146.00,""
1236,2024-07-02,224,249,55776.00,""
1236,2024-07-06,222,51,11322.00,""
1236,2024-07-15,197,164,32308.00,""
1219,2024-05-11,199,71,14129.00,""
1219,2024-05-12,69,140,9660.00,""
1219,2024-05-14,131,102,13362.00,""
1219,2024-05-21,120,101,12120.00,""
1219,2024-05-23,80,64,5120.00,""
1219,2024-05-28,46,58,2668.00,""
1219,2024-06-01,94,164,15416.00,""
1219,2024-06-02,211,175,36925.00,""
1219,2024-06-09,204,226,46104.00,""
1219,2024-06-10,312,51,15912.00,""
1219,2024-06-17,224,197,44128.00,""
1219,2024-06-25,342,197,67374.00,""
1219,2024-06-30,296,235,69560.00,""
1219,2024-07-06,193,233,44969.00,""
1219,2024-07-09,225,182,40950.00,""
1219,2024-07-14,265,96,25440.00,""
1219,2024-07-26,346,176,60896.00,""
1219,2024-08-06,109,93,10137.00,""
1219,2024-08-07,231,53,12243.00,""
1219,2024-08-11,125,52,6500.00,""
1219,2024-08-15,273,111,30303.00,""
1219,2024-08-18,168,118,19824.00,""
1219,2024-08-22,192,180,34560.00,""
1219,2024-08-25,142,194,27548.00,""
1219,2024-09-03,249,144,35856.00,""
1219,2024-09-08,237,66,15642.00,""
1219,2024-09-09,264,159,41976.00,""
1219,2024-09-13,191,67,12797.00,""
1782,2024-05-11,70,88,6160.00,""
1782,2024-05-12,53,64,3392.00,""
1782,2024-05-13,161,31,4991.00,""
1782,2024-05-18,174,129,22446.00,""
1782,2024-05-20,141,120,16920.00,""
1782,2024-05-25,147,96,14112.00,""
1782,2024-05-26,74,60,4440.00,""
1782,2024-05-27,45,139,6255.00,""
1782,2024-05-28,172,52,8944.00,""
1782,2024-05-30,161,31,4991.00,""
1782,2024-05-31,106,113,11978.00,""
1782,2024-06-03,245,160,39200.00,""
1782,2024-06-05,316,110,34760.00,""
1782,2024-06-12,263,227,59701.00,""
1782,2024-06-13,218,164,35752.00,""
1782,2024-06-18,104,119,12376.00,""
1782,2024-06-19,269,84,22596.00,""
1782,2024-07-05,308,148,45584.00,""
1782,2024-07-06,216,228,49248.00,""
1782,2024-07-12,99,165,16335.00,""
1782,2024-07-16,269,202,54338.00,""
1782,2024-07-18,120,179,21480.00,""
1782,2024-07-20,306,176,53856.00,""
1782,2024-07-21,239,67,16013.00,""
1782,2024-08-04,234,66,15444.00,""
1782,2024-08-05,125,117,14625.00,""
1782,2024-08-08,120,218,26160.00,""
1782,2024-08-11,176,99,17424.00,""
1782,2024-08-12,240,184,44160.00,""
1782,2024-08-13,289,163,47107.00,""
1782,2024-08-15,112,80,8960.00,""
1782,2024-08-16,119,75,8925.00,""
1782,2024-08-18,150,170,25500.00,""
1782,2024-08-19,229,59,13511.00,""
1782,2024-08-22,285,117,33345.00,""
1496,2024-05-17,199,62,12338.00,""
1496,2024-05-19,127,102,12954.00,""
1496,2024-05-21,132,74,9768.00,""
1496,2024-05-25,58,121,7018.00,""
1496,2024-05-27,90,98,8820.00,""
1496,2024-05-28,169,114,19266.00,""
1496,2024-05-30,152,111,16872.00,""
1496,2024-06-02,304,77,23408.00,""
1496,2024-06-09,266,104,27664.00,""
1496,2024-06-13,94,123,11562.00,""
1496,2024-06-15,203,171,34713.00,""
1496,2024-06-16,318,55,17490.00,""
1496,2024-06-25,263,137,36031.00,""
1496,2024-06-29,253,60,15180.00,""
1496,2024-07-08,129,187,24123.00,""
1496,2024-07-12,176,112,19712.00,""
1496,2024-07-14,157,178,27946.00,""
1496,2024-07-18,283,191,54053.00,""
1496,2024-07-19,233,225,52425.00,""
1496,2024-08-10,264,188,49632.00,""
1496,2024-08-14,285,244,69540.00,""
1496,2024-08-15,180,103,18540.00,""
1496,2024-08-17,93,61,5673.00,""
1496,2024-08-21,104,77,8008.00,""
1496,2024-08-24,140,156,21840.00,""
1496,2024-08-25,124,144,17856.00,""
1496,2024-08-29,243,183,44469.00,""
1496,2024-08-30,312,164,51168.00,""
1496,2024-09-01,109,195,21255.00,""
1496,2024-09-09,136,131,17816.00,""
1496,2024-09-15,160,76,12160.00,""
1496,2024-09-16,246,135,33210.00,""
1496,2024-09-18,151,79,11929.00,""
1496,2024-09-19,287,191,54817.00,""
1496,2024-09-27,125,191,23875.00,""
1496,2024-09-28,261,197,51417.00,""
1496,2024-09-30,220,64,14080.00,""
1519,2024-05-08,151,141,21291.00,""
1519,2024-05-11,120,79,9480.00,""
1519,2024-05-12,171,80,13680.00,""
1519,2024-05-15,90,25,2250.00,""
1519,2024-05-16,72,78,5616.00,""
1519,2024-05-18,148,46,6808.00,""
1519,2024-05-22,55,54,2970.00,""
1519,2024-05-25,167,111,18537.00,""
1519,2024-05-26,103,65,6695.00,""
1519,2024-05-31,157,71,11147.00,""
1519,2024-06-01,115,121,13915.00,""
1519,2024-06-09,146,166,24236.00,""
1519,2024-06-16,323,75,24225.00,""
1519,2024-06-21,120,202,24240.00,""
1519,2024-06-26,230,205,47150.00,""
1519,2024-06-28,120,71,8520.00,""
1519,2024-07-04,278,138,38364.00,""
1519,2024-07-06,316,126,39816.00,""
1519,2024-07-08,311,74,23014.00,""
1519,2024-07-09,289,196,56644.00,""
1519,2024-07-11,339,97,32883.00,""
1519,2024-07-12,302,67,20234.00,""
1519,2024-07-14,189,135,25515.00,""
1519,2024-07-16,250,126,31500.00,""
1519,2024-07-18,254,219,55626.00,""
1519,2024-07-27,262,161,42182.00,""
1519,2024-07-28,180,235,42300.00,""
1519,2024-07-29,139,195,27105.00,""
1519,2024-08-03,345,241,83145.00,""
1519,2024-08-06,296,66,19536.00,""
1519,2024-08-10,291,199,57909.00,""
1519,2024-08-12,215,198,42570.00,""
1519,2024-08-20,187,238,44506.00,""
1519,2024-08-23,103,209,21527.00,""
1519,2024-08-30,186,76,14136.00,""
1519,2024-09-15,170,155,26350.00,""
1519,2024-09-21,188,197,37036.00,""
1519,2024-09-24,242,86,20812.00,""
1339,2024-05-19,108,109,11772.00,""
1339,2024-05-22,141,117,16497.00,""
1339,2024-05-24,92,68,6256.00,""
1339,2024-05-26,114,49,5586.00,""
1339,2024-05-29,121,146,17666.00,""
1339,2024-05-30,145,88,12760.00,""
1339,2024-06-01,314,204,64056.00,""
1339,2024-06-02,170,233,39610.00,""
1339,2024-06-06,265,166,43990.00,""
1339,2024-06-17,229,249,57021.00,""
1339,2024-06-18,145,125,18125.00,""
1339,2024-06-21,239,166,39674.00,""
1339,2024-06-25,292,162,47304.00,""
1339,2024-06-27,235,158,37130.00,""
1339,2024-06-29,199,124,24676.00,""
1339,2024-07-02,89,75,6675.00,""
1339,2024-07-03,196,245,48020.00,""
1339,2024-07-09,191,113,21583.00,""
1339,2024-07-10,321,138,44298.00,""
1339,2024-07-11,329,64,21056.00,""
1339,2024-07-13,85,163,13855.00,""
1339,2024-07-15,278,137,38086.00,""
1339,2024-07-16,295,85,25075.00,""
1339,2024-07-22,151,143,21593.00,""
1339,2024-07-27,252,197,49644.00,""
1339,2024-08-03,169,112,18928.00,""
1339,2024-08-12,129,168,21672.00,""
1339,2024-08-14,116,181,20996.00,""
1339,2024-08-15,197,120,23640.00,""
1339,2024-08-16,297,185,54945.00,""
1339,2024-08-19,216,156,33696.00,""
1339,2024-08-20,186,58,10788.00,""
1339,2024-09-01,168,98,16464.00,""
1339,2024-09-06,173,77,13321.00,""
1339,2024-09-07,106,125,13250.00,""
1339,2024-09-25,298,136,40528.00,""
1339,2024-09-27,102,77,7854.00,""
1339,2024-09-30,212,188,39856.00,""
1516,2024-05-21,170,98,16660.00,""
1516,2024-05-24,187,60,11220.00,""
1516,2024-06-02,219,133,29127.00,""
1516,2024-06-09,263,164,43132.00,""
1516,2024-06-13,275,186,51150.00,""
1516,2024-06-15,180,60,10800.00,""
1516,2024-06-20,304,63,19152.00,""
1194,2024-05-14,168,145,24360.00,""
1194,2024-05-16,84,139,11676.00,""
1194,2024-05-17,170,71,12070.00,""
1194,2024-05-18,130,50,6500.00,""
1194,2024-05-19,66,50,3300.00,""
1194,2024-05-20,175,75,13125.00,""
1194,2024-05-21,86,87,7482.00,""
1194,2024-05-24,51,148,7548.00,""
1194,2024-05-25,119,92,10948.00,""
1194,2024-05-26,199,128,25472.00,""
1194,2024-05-30,125,147,18375.00,""
1194,2024-06-08,133,196,26068.00,""
1194,2024-06-13,85,236,20060.00,""
1194,2024-06-15,97,127,12319.00,""
1194,2024-06-20,265,205,54325.00,""
1194,2024-06-23,321,187,60027.00,""
1194,2024-06-27,191,138,26358.00,""
1194,2024-07-07,161,141,22701.00,""
1194,2024-07-08,125,135,16875.00,""
1194,2024-07-10,291,64,18624.00,""
1194,2024-07-11,273,173,47229.00,""
1194,2024-07-15,125,112,14000.00,""
1194,2024-07-19,246,147,36162.00,""
1194,2024-07-20,258,61,15738.00,""
1194,2024-07-26,214,184,39376.00,""
1194,2024-07-31,267,174,46458.00,""
1194,2024-08-01,179,167,29893.00,""
1194,2024-08-04,311,164,51004.00,""
1194,2024-08-07,301,186,55986.00,""
1194,2024-08-10,164,98,16072.00,""
1194,2024-08-11,336,190,63840.00,""
1194,2024-08-13,105,156,16380.00,""
1194,2024-08-16,189,218,41202.00,""
1194,2024-08-22,82,146,11972.00,""
1194,2024-08-26,117,141,16497.00,""
1194,2024-08-27,180,63,11340.00,""
1207,2024-05-19,138,92,12696.00,""
1207,2024-05-20,168,100,16800.00,""
1207,2024-05-21,194,67,12998.00,""
1207,2024-05-25,184,85,15640.00,""
1207,2024-05-27,193,94,18142.00,""
1207,2024-05-30,136,86,11696.00,""
1207,2024-06-08,191,183,34953.00,""
1207,2024-06-11,299,142,42458.00,""
1207,2024-06-15,92,150,13800.00,""
1207,2024-06-29,206,128,26368.00,""
1207,2024-07-03,189,249,47061.00,""
1207,2024-07-04,85,209,17765.00,""
1207,2024-07-11,90,144,12960.00,""
1207,2024-07-12,124,94,11656.00,""
1530,2024-05-14,116,25,2900.00,""
1530,2024-05-20,149,133,19817.00,""
1530,2024-05-21,150,143,21450.00,""
1530,2024-05-23,149,116,17284.00,""
1530,2024-05-26,75,80,6000.00,""
1530,2024-05-27,82,27,2214.00,""
1530,2024-05-30,110,69,7590.00,""
1530,2024-06-01,156,220,34320.00,""
1530,2024-06-02,98,198,19404.00,""
1530,2024-06-14,307,81,24867.00,""
1530,2024-06-15,295,57,16815.00,""
1530,2024-06-18,145,167,24215.00,""
1530,2024-06-22,231,135,31185.00,""
1530,2024-06-26,243,240,58320.00,""
1530,2024-06-27,138,95,13110.00,""
1530,2024-07-16,238,180,42840.00,""
1530,2024-07-22,124,201,24924.00,""
1530,2024-07-23,283,162,45846.00,""
1530,2024-07-26,291,153,44523.00,""
1530,2024-08-07,129,62,7998.00,""
1530,2024-08-14,263,105,27615.00,""
1530,2024-08-17,182,75,13650.00,""
1530,2024-08-23,143,183,26169.00,""
1530,2024-08-26,308,241,74228.00,""
1530,2024-08-28,93,236,21948.00,""
1530,2024-08-29,171,50,8550.00,""
1530,2024-08-30,341,157,53537.00,""
1530,2024-09-02,164,124,20336.00,""
1530,2024-09-09,282,110,31020.00,""
1530,2024-09-14,165,188,31020.00,""
1530,2024-09-15,287,170,48790.00,""
1530,2024-09-16,217,122,26474.00,""
1530,2024-09-17,224,77,17248.00,""
1530,2024-09-18,138,67,9246.00,""
1530,2024-09-20,110,178,19580.00,""
1530,2024-09-23,268,180,48240.00,""
1530,2024-09-26,160,154,24640.00,""
1530,2024-09-28,282,105,29610.00,""
1530,2024-09-29,203,123,24969.00,""
1620,2024-05-16,138,76,10488.00,""
1620,2024-05-17,144,123,17712.00,""
1620,2024-05-26,167,120,20040.00,""
1620,2024-05-28,92,87,8004.00,""
1620,2024-05-30,134,72,9648.00,""
1620,2024-05-31,110,109,11990.00,""
1620,2024-06-07,222,210,46620.00,""
1620,2024-06-11,344,91,31304.00,""
1620,2024-06-13,90,232,20880.00,""
1620,2024-06-15,135,135,18225.00,""
1620,2024-06-18,207,233,48231.00,""
1620,2024-06-23,222,75,16650.00,""
1620,2024-06-27,84,216,18144.00,""
1620,2024-07-03,182,92,16744.00,""
1620,2024-07-04,112,184,20608.00,""
1638,2024-05-14,76,111,8436.00,""
1638,2024-05-15,46,107,4922.00,""
1638,2024-05-18,124,98,12152.00,""
1638,2024-05-20,119,64,7616.00,""
1638,2024-05-22,122,37,4514.00,""
1638,2024-05-23,101,144,14544.00,""
1638,2024-05-25,199,41,8159.00,""
1638,2024-06-11,95,204,19380.00,""
1638,2024-06-16,274,204,55896.00,""
1405,2024-05-10,144,75,10800.00,""
1405,2024-05-18,76,64,4864.00,""
1405,2024-05-20,192,51,9792.00,""
1405,2024-05-21,148,30,4440.00,""
1405,2024-05-23,55,148,8140.00,""
1405,2024-05-24,88,102,8976.00,""
1405,2024-05-26,119,96,11424.00,""
1405,2024-06-04,329,72,23688.00,""
1405,2024-06-14,334,184,61456.00,""
1405,2024-06-18,124,169,20956.00,""
1405,2024-06-21,332,179,59428.00,""
1405,2024-06-23,175,233,40775.00,""
1405,2024-06-25,345,101,34845.00,""
1405,2024-06-27,296,167,49432.00,""
1405,2024-06-29,232,174,40368.00,""
1405,2024-07-01,291,217,63147.00,""
1405,2024-07-04,276,112,30912.00,""
1405,2024-07-08,285,217,61845.00,""
1405,2024-08-09,170,110,18700.00,""
1405,2024-08-13,231,107,24717.00,""
1405,2024-08-21,126,139,17514.00,""
1405,2024-08-26,186,173,32178.00,""
1405,2024-08-28,118,84,9912.00,""
1405,2024-08-31,338,111,37518.00,""
1405,2024-09-02,252,75,18900.00,""
1405,2024-09-05,287,162,46494.00,""
1405,2024-09-12,189,200,37800.00,""
1405,2024-09-13,107,146,15622.00,""
1405,2024-09-14,116,168,19488.00,""
1315,2024-05-13,176,122,21472.00,""
1315,2024-05-15,50,114,5700.00,""
1315,2024-05-16,158,112,17696.00,""
1315,2024-05-21,103,77,7931.00,""
1315,2024-05-26,135,72,9720.00,""
1315,2024-05-27,181,79,14299.00,""
1315,2024-05-28,73,150,10950.00,""
1315,2024-05-31,121,95,11495.00,""
1315,2024-06-09,312,68,21216.00,""
1315,2024-06-11,251,130,32630.00,""
1315,2024-06-15,188,152,28576.00,""
1315,2024-06-25,301,203,61103.00,""
1315,2024-06-26,169,215,36335.00,""
1315,2024-06-30,160,171,27360.00,""
1315,2024-07-01,299,126,37674.00,""
1315,2024-07-06,196,188,36848.00,""
1315,2024-07-08,80,92,7360.00,""
1315,2024-07-09,254,137,34798.00,""
1461,2024-05-19,170,43,7310.00,""
1461,2024-05-21,152,124,18848.00,""
1461,2024-05-25,110,113,12430.00,""
1461,2024-05-28,185,136,25160.00,""
1461,2024-05-29,82,83,6806.00,""
1461,2024-05-31,158,54,8532.00,""
1461,2024-06-04,262,121,31702.00,""
1461,2024-06-08,342,137,46854.00,""
1461,2024-06-12,304,124,37696.00,""
1461,2024-06-21,92,203,18676.00,""
1461,2024-06-24,101,182,18382.00,""
1461,2024-06-25,236,98,23128.00,""
1461,2024-06-30,152,171,25992.00,""
1461,2024-07-05,160,218,34880.00,""
1461,2024-07-08,110,132,14520.00,""
1461,2024-07-11,213,100,21300.00,""
1461,2024-07-12,156,209,32604.00,""
1461,2024-07-18,345,66,22770.00,""
1461,2024-07-19,289,98,28322.00,""
1461,2024-07-21,303,226,68478.00,""
1461,2024-07-23,102,118,12036.00,""
1488,2024-05-16,85,43,3655.00,""
1488,2024-05-22,124,28,3472.00,""
1488,2024-05-23,182,138,25116.00,""
1488,2024-05-24,200,118,23600.00,""
1488,2024-05-25,174,142,24708.00,""
1488,2024-06-04,263,149,39187.00,""
1488,2024-06-08,183,187,34221.00,""
1488,2024-06-09,115,105,12075.00,""
1488,2024-06-11,255,96,24480.00,""
1488,2024-06-12,331,192,63552.00,""
1488,2024-06-18,142,159,22578.00,""
1488,2024-06-20,289,92,26588.00,""
1488,2024-06-24,349,193,67357.00,""
1488,2024-06-28,344,134,46096.00,""
1488,2024-07-02,276,61,16836.00,""
1488,2024-07-03,311,97,30167.00,""
1488,2024-07-05,246,116,28536.00,""
1488,2024-07-13,251,164,41164.00,""
1488,2024-07-15,312,233,72696.00,""
1488,2024-07-23,232,93,21576.00,""
1488,2024-07-25,303,203,61509.00,""
1488,2024-07-29,288,83,23904.00,""
1488,2024-07-30,81,204,16524.00,""
1488,2024-08-04,311,116,36076.00,""
1488,2024-08-13,298,190,56620.00,""
1488,2024-08-16,183,75,13725.00,""
1488,2024-08-21,188,229,43052.00,""
1488,2024-08-23,284,162,46008.00,""
1488,2024-08-28,306,225,68850.00,""
1488,2024-08-30,263,187,49181.00,""
1488,2024-09-04,228,89,20292.00,""
1488,2024-09-06,193,81,15633.00,""
1488,2024-09-09,289,117,33813.00,""
1488,2024-09-20,251,181,45431.00,""
1488,2024-09-22,283,106,29998.00,""
1488,2024-09-25,127,155,19685.00,""
1488,2024-09-27,189,100,18900.00,""
1488,2024-09-30,201,118,23718.00,""
1601,2024-05-13,135,66,8910.00,""
1601,2024-05-14,63,80,5040.00,""
1601,2024-05-18,65,76,4940.00,""
1601,2024-05-19,143,81,11583.00,""
1601,2024-05-20,92,101,9292.00,""
1601,2024-05-21,76,93,7068.00,""
1601,2024-05-26,111,86,9546.00,""
1601,2024-05-28,61,129,7869.00,""
1601,2024-05-30,123,22,2706.00,""
1601,2024-06-07,333,90,29970.00,""
1601,2024-06-19,158,65,10270.00,""
1601,2024-06-20,237,73,17301.00,""
1601,2024-06-25,130,91,11830.00,""
1601,2024-06-29,187,70,13090.00,""
1601,2024-07-02,195,244,47580.00,""
1601,2024-07-03,312,117,36504.00,""
1601,2024-07-04,215,141,30315.00,""
1601,2024-07-05,239,229,54731.00,""
1601,2024-07-06,275,233,64075.00,""
1601,2024-07-08,243,201,48843.00,""
1601,2024-07-09,346,119,41174.00,""
1601,2024-07-14,124,145,17980.00,""
1601,2024-07-18,341,188,64108.00,""
1601,2024-07-21,102,118,12036.00,""
1601,2024-07-29,244,124,30256.00,""
1601,2024-08-01,310,155,48050.00,""
1601,2024-08-09,183,142,25986.00,""
1601,2024-08-11,243,238,57834.00,""
1601,2024-08-12,324,89,28836.00,""
1601,2024-08-13,318,69,21942.00,""
1601,2024-08-16,82,244,20008.00,""
1601,2024-08-21,158,93,14694.00,""
1601,2024-08-22,198,238,47124.00,""
1601,2024-08-24,256,185,47360.00,""
1601,2024-08-26,237,99,23463.00,""
1601,2024-08-31,246,169,41574.00,""
1210,2024-05-13,181,73,13213.00,""
1210,2024-05-23,103,92,9476.00,""
1210,2024-05-27,128,59,7552.00,""
1210,2024-05-28,47,145,6815.00,""
1210,2024-05-30,156,81,12636.00,""
1210,2024-06-01,271,213,57723.00,""
1210,2024-06-07,174,133,23142.00,""
1210,2024-06-11,338,203,68614.00,""
1210,2024-06-18,298,176,52448.00,""
1210,2024-06-20,117,183,21411.00,""
1485,2024-05-19,65,71,4615.00,""
1485,2024-05-21,165,140,23100.00,""
1485,2024-05-22,49,137,6713.00,""
1485,2024-05-27,147,101,14847.00,""
1485,2024-05-29,130,36,4680.00,""
1485,2024-06-01,288,218,62784.00,""
1485,2024-06-04,232,241,55912.00,""
1485,2024-06-05,175,108,18900.00,""
1485,2024-06-12,218,199,43382.00,""
1485,2024-06-15,186,88,16368.00,""
1485,2024-06-19,330,191,63030.00,""
1485,2024-06-20,188,149,28012.00,""
1485,2024-07-01,108,165,17820.00,""
1485,2024-07-03,87,210,18270.00,""
1485,2024-07-07,141,110,15510.00,""
1485,2024-07-10,153,86,13158.00,""
1348,2024-05-13,132,34,4488.00,""
1348,2024-05-18,153,150,22950.00,""
1348,2024-05-22,139,81,11259.00,""
1348,2024-05-23,76,60,4560.00,""
1348,2024-05-24,145,49,7105.00,""
1348,2024-05-25,154,122,18788.00,""
1348,2024-05-27,123,111,13653.00,""
1348,2024-05-30,44,63,2772.00,""
1348,2024-06-01,159,242,38478.00,""
1348,2024-06-02,230,239,54970.00,""
1348,2024-06-08,280,160,44800.00,""
1348,2024-06-22,178,235,41830.00,""
1348,2024-06-25,121,86,10406.00,""
1348,2024-07-08,254,164,41656.00,""
1348,2024-07-11,229,172,39388.00,""
1348,2024-07-14,146,162,23652.00,""
1348,2024-07-21,342,145,49590.00,""
1348,2024-07-22,267,132,35244.00,""
1348,2024-07-25,217,231,50127.00,""
1348,2024-07-26,149,130,19370.00,""
1348,2024-07-29,181,105,19005.00,""
1348,2024-08-02,187,165,30855.00,""
1348,2024-08-04,161,155,24955.00,""
1348,2024-08-09,255,183,46665.00,""
1348,2024-08-15,242,203,49126.00,""
1348,2024-08-17,161,87,14007.00,""
1348,2024-08-25,107,114,12198.00,""
1348,2024-08-26,140,172,24080.00,""
1348,2024-08-28,208,62,12896.00,""
1348,2024-08-31,98,215,21070.00,""
1432,2024-05-15,136,83,11288.00,""
1432,2024-05-16,148,129,19092.00,""
1432,2024-05-17,197,110,21670.00,""
1432,2024-05-18,107,82,8774.00,""
1432,2024-05-21,199,138,27462.00,""
1432,2024-05-24,174,75,13050.00,""
1432,2024-06-03,317,239,75763.00,""
1432,2024-06-12,194,184,35696.00,""
1432,2024-06-13,213,103,21939.00,""
1432,2024-06-30,177,75,13275.00,""
1432,2024-07-03,294,206,60564.00,""
1512,2024-05-19,140,147,20580.00,""
1512,2024-05-24,62,38,2356.00,""
1512,2024-05-26,85,138,11730.00,""
1512,2024-05-29,110,49,5390.00,""
1512,2024-05-31,115,52,5980.00,""
1512,2024-06-01,207,91,18837.00,""
1512,2024-06-04,284,89,25276.00,""
1512,2024-06-06,214,207,44298.00,""
1512,2024-06-07,330,146,48180.00,""
1512,2024-06-08,190,53,10070.00,""
1512,2024-06-09,280,92,25760.00,""
1512,2024-06-11,312,129,40248.00,""
1512,2024-06-13,110,98,10780.00,""
1512,2024-06-14,222,89,19758.00,""
1512,2024-06-23,303,180,54540.00,""
1512,2024-06-26,126,224,28224.00,""
1512,2024-06-27,192,146,28032.00,""
1512,2024-06-29,216,123,26568.00,""
1512,2024-07-11,313,111,34743.00,""
1512,2024-07-12,198,176,34848.00,""
1512,2024-07-14,156,145,22620.00,""
1512,2024-07-19,129,203,26187.00,""
1512,2024-07-20,232,70,16240.00,""
1512,2024-07-30,187,99,18513.00,""
1512,2024-08-04,333,228,75924.00,""
1512,2024-08-09,194,120,23280.00,""
1512,2024-08-11,142,249,35358.00,""
1512,2024-08-14,278,85,23630.00,""
1365,2024-05-14,193,23,4439.00,""
1365,2024-05-17,65,77,5005.00,""
1365,2024-05-23,173,25,4325.00,""
1365,2024-05-29,173,102,17646.00,""
1365,2024-06-07,317,68,21556.00,""
1365,2024-06-10,112,228,25536.00,""
1365,2024-06-25,143,203,29029.00,""
1365,2024-06-26,226,142,32092.00,""
1365,2024-06-27,290,128,37120.00,""
1365,2024-07-01,302,242,73084.00,""
1365,2024-07-03,163,92,14996.00,""
1365,2024-07-18,94,218,20492.00,""
1365,2024-07-19,332,114,37848.00,""
1365,2024-07-25,181,59,10679.00,""
1630,2024-05-16,196,149,29204.00,""
1630,2024-05-17,64,22,1408.00,""
1630,2024-05-19,86,75,6450.00,""
1630,2024-05-21,100,59,5900.00,""
1630,2024-05-22,81,101,8181.00,""
1630,2024-05-28,78,25,1950.00,""
1630,2024-06-04,334,233,77822.00,""
1630,2024-06-06,242,52,12584.00,""
1630,2024-06-12,89,221,19669.00,""
1630,2024-06-13,96,123,11808.00,""
1630,2024-06-15,126,245,30870.00,""
1630,2024-06-16,300,173,51900.00,""
1630,2024-06-19,241,182,43862.00,""
1630,2024-06-23,149,110,16390.00,""
1630,2024-06-25,286,173,49478.00,""
1630,2024-06-26,141,140,19740.00,""
1630,2024-06-28,137,109,14933.00,""
1630,2024-07-04,238,206,49028.00,""
1630,2024-07-13,322,95,30590.00,""
1630,2024-07-14,255,64,16320.00,""
1630,2024-07-16,285,192,54720.00,""
1630,2024-07-17,98,55,5390.00,""
1630,2024-07-18,114,108,12312.00,""
1630,2024-07-23,80,155,12400.00,""
1630,2024-08-07,291,230,66930.00,""
1630,2024-08-11,208,142,29536.00,""
1630,2024-08-12,172,150,25800.00,""
1630,2024-08-20,312,212,66144.00,""
1630,2024-08-21,284,61,17324.00,""
1630,2024-08-23,315,128,40320.00,""
1630,2024-08-28,177,227,40179.00,""
1630,2024-08-29,248,125,31000.00,""
1630,2024-08-31,168,79,13272.00,""
1630,2024-09-04,277,181,50137.00,""
1630,2024-09-09,267,131,34977.00,""
1630,2024-09-11,106,129,13674.00,""
1630,2024-09-19,134,76,10184.00,""
1630,2024-09-21,218,146,31828.00,""
1630,2024-09-24,146,114,16644.00,""
1630,2024-09-25,265,197,52205.00,""
1630,2024-09-27,169,98,16562.00,""
1630,2024-09-30,144,197,28368.00,""
1399,2024-05-20,51,75,3825.00,""
1399,2024-05-22,51,55,2805.00,""
1399,2024-05-23,101,113,11413.00,""
1399,2024-05-27,181,45,8145.00,""
1399,2024-05-28,122,57,6954.00,""
1399,2024-05-29,85,72,6120.00,""
1399,2024-05-31,117,89,10413.00,""
1399,2024-06-10,219,209,45771.00,""
1399,2024-06-11,334,138,46092.00,""
1399,2024-06-14,237,219,51903.00,""
1399,2024-06-18,309,192,59328.00,""
1399,2024-06-19,225,61,13725.00,""
1399,2024-06-25,183,168,30744.00,""
1399,2024-06-29,165,245,40425.00,""
1399,2024-06-30,318,233,74094.00,""
1399,2024-07-04,266,220,58520.00,""
1399,2024-07-05,223,85,18955.00,""
1399,2024-07-11,307,78,23946.00,""
1399,2024-07-20,251,224,56224.00,""
1399,2024-07-21,135,84,11340.00,""
1399,2024-07-22,167,136,22712.00,""
1399,2024-07-24,341,121,41261.00,""
1399,2024-07-30,143,203,29029.00,""
1730,2024-05-20,134,142,19028.00,""
1730,2024-05-21,145,21,3045.00,""
1730,2024-05-27,40,71,2840.00,""
1730,2024-06-06,299,236,70564.00,""
1730,2024-06-12,129,72,9288.00,""
1730,2024-06-15,158,148,23384.00,""
1730,2024-06-16,347,171,59337.00,""
1730,2024-06-18,207,234,48438.00,""
1730,2024-06-22,228,202,46056.00,""
1730,2024-06-26,277,75,20775.00,""
1730,2024-06-27,216,208,44928.00,""
1730,2024-06-29,125,141,17625.00,""
1730,2024-06-30,267,216,57672.00,""
1730,2024-07-04,90,209,18810.00,""
1730,2024-07-06,280,104,29120.00,""
1730,2024-07-07,247,243,60021.00,""
1730,2024-07-11,248,237,58776.00,""
1730,2024-07-12,269,110,29590.00,""
1730,2024-07-14,211,169,35659.00,""
1730,2024-07-18,174,138,24012.00,""
1730,2024-07-21,231,207,47817.00,""
1730,2024-07-25,322,197,63434.00,""
1730,2024-07-27,80,147,11760.00,""
1730,2024-07-28,81,86,6966.00,""
1730,2024-07-30,160,67,10720.00,""
1730,2024-08-01,334,238,79492.00,""
1730,2024-08-02,149,177,26373.00,""
1730,2024-08-03,319,201,64119.00,""
1730,2024-08-05,246,88,21648.00,""
1730,2024-08-08,209,117,24453.00,""
1730,2024-08-09,230,232,53360.00,""
1730,2024-08-17,88,163,14344.00,""
1730,2024-08-19,123,187,23001.00,""
1730,2024-08-20,94,201,18894.00,""
1422,2024-05-20,133,52,6916.00,""
1422,2024-05-21,164,122,20008.00,""
1422,2024-05-23,80,115,9200.00,""
1422,2024-05-28,82,119,9758.00,""
1422,2024-05-29,82,73,5986.00,""
1422,2024-06-07,146,148,21608.00,""
1422,2024-06-09,158,147,23226.00,""
1422,2024-06-12,231,117,27027.00,""
1422,2024-06-14,112,145,16240.00,""
1422,2024-06-23,95,69,6555.00,""
1422,2024-06-25,202,162,32724.00,""
1422,2024-06-30,104,51,5304.00,""
1422,2024-07-01,170,132,22440.00,""
1422,2024-07-13,324,187,60588.00,""
1422,2024-07-17,305,51,15555.00,""
1422,2024-07-18,160,75,12000.00,""
1422,2024-07-19,83,106,8798.00,""
1422,2024-07-22,309,81,25029.00,""
1422,2024-07-29,134,171,22914.00,""
1422,2024-08-09,106,56,5936.00,""
1422,2024-08-11,319,131,41789.00,""
1422,2024-08-12,160,243,38880.00,""
1422,2024-08-16,309,216,66744.00,""
1422,2024-08-17,121,179,21659.00,""
1422,2024-08-18,188,127,23876.00,""
1422,2024-08-21,220,110,24200.00,""
1422,2024-08-22,303,159,48177.00,""
1422,2024-08-23,290,149,43210.00,""
1422,2024-08-26,300,249,74700.00,""
1422,2024-08-29,280,137,38360.00,""
1422,2024-09-01,246,154,37884.00,""
1422,2024-09-04,236,116,27376.00,""
1422,2024-09-11,229,142,32518.00,""
1422,2024-09-12,165,115,18975.00,""
1422,2024-09-18,247,99,24453.00,""
1422,2024-09-25,257,109,28013.00,""
1422,2024-09-26,250,131,32750.00,""
1422,2024-09-27,297,189,56133.00,""
1560,2024-05-14,82,65,5330.00,""
1560,2024-05-19,110,119,13090.00,""
1560,2024-05-21,81,126,10206.00,""
1560,2024-05-26,138,143,19734.00,""
1560,2024-05-28,59,73,4307.00,""
1560,2024-05-30,55,88,4840.00,""
1560,2024-06-05,177,60,10620.00,""
1560,2024-06-06,243,54,13122.00,""
1560,2024-06-08,282,173,48786.00,""
1560,2024-06-12,319,141,44979.00,""
1560,2024-06-14,105,152,15960.00,""
1560,2024-06-18,111,244,27084.00,""
1560,2024-06-21,283,227,64241.00,""
1560,2024-06-22,157,93,14601.00,""
1560,2024-06-23,111,51,5661.00,""
1560,2024-06-29,177,162,28674.00,""
1560,2024-07-04,146,167,24382.00,""
1560,2024-07-05,289,62,17918.00,""
1560,2024-07-08,308,77,23716.00,""
1560,2024-07-20,133,133,17689.00,""
1560,2024-07-21,163,96,15648.00,""
1560,2024-07-22,317,179,56743.00,""
1560,2024-07-23,127,102,12954.00,""
1560,2024-07-29,220,219,48180.00,""
1560,2024-08-01,323,190,61370.00,""
1560,2024-08-03,112,172,19264.00,""
1560,2024-08-07,326,194,63244.00,""
1560,2024-08-09,223,64,14272.00,""
1560,2024-08-10,349,221,77129.00,""
1560,2024-08-11,292,187,54604.00,""
1560,2024-08-20,193,195,37635.00,""
1560,2024-08-21,231,244,56364.00,""
1560,2024-08-23,230,119,27370.00,""
1560,2024-08-30,224,155,34720.00,""
1560,2024-09-02,248,73,18104.00,""
1560,2024-09-03,167,168,28056.00,""
1671,2024-05-18,96,64,6144.00,""
1671,2024-05-19,164,52,8528.00,""
1671,2024-05-22,198,124,24552.00,""
1671,2024-05-26,145,28,4060.00,""
1671,2024-05-29,154,110,16940.00,""
1671,2024-05-30,42,49,2058.00,""
1671,2024-06-14,253,156,39468.00,""
1671,2024-06-15,198,97,19206.00,""
1671,2024-06-17,167,193,32231.00,""
1671,2024-07-02,302,74,22348.00,""
1671,2024-07-04,293,130,38090.00,""
1326,2024-05-14,134,33,4422.00,""
1326,2024-05-15,128,73,9344.00,""
1326,2024-05-16,173,35,6055.00,""
1326,2024-05-18,181,24,4344.00,""
1326,2024-05-19,123,140,17220.00,""
1326,2024-05-21,192,102,19584.00,""
1326,2024-05-23,178,66,11748.00,""
1326,2024-05-26,124,57,7068.00,""
1326,2024-05-29,73,42,3066.00,""
1326,2024-05-30,54,92,4968.00,""
1326,2024-05-31,54,89,4806.00,""
1326,2024-06-01,181,234,42354.00,""
1326,2024-06-04,314,59,18526.00,""
1326,2024-06-07,238,62,14756.00,""
1326,2024-06-08,189,238,44982.00,""
1326,2024-06-10,299,116,34684.00,""
1326,2024-06-15,168,178,29904.00,""
1326,2024-06-20,185,74,13690.00,""
1326,2024-06-23,94,223,20962.00,""
1326,2024-06-30,266,171,45486.00,""
1326,2024-07-01,259,116,30044.00,""
1326,2024-07-04,220,198,43560.00,""
1326,2024-07-07,100,109,10900.00,""
1670,2024-05-15,105,42,4410.00,""
1670,2024-05-18,190,95,18050.00,""
1670,2024-05-25,105,134,14070.00,""
1670,2024-06-02,246,211,51906.00,""
1670,2024-06-05,135,163,22005.00,""
1670,2024-06-11,313,193,60409.00,""
1670,2024-06-14,196,102,19992.00,""
1670,2024-06-21,202,168,33936.00,""
1670,2024-06-23,91,100,9100.00,""
1670,2024-06-27,215,124,26660.00,""
1670,2024-06-28,112,133,14896.00,""
1670,2024-06-29,142,173,24566.00,""
1450,2024-05-14,57,118,6726.00,""
1450,2024-05-16,129,111,14319.00,""
1450,2024-05-17,157,87,13659.00,""
1450,2024-05-19,75,114,8550.00,""
1450,2024-05-20,85,80,6800.00,""
1450,2024-05-23,141,138,19458.00,""
1450,2024-05-24,91,80,7280.00,""
1450,2024-05-30,61,138,8418.00,""
1450,2024-05-31,86,114,9804.00,""
1450,2024-06-01,291,191,55581.00,""
1450,2024-06-04,295,57,16815.00,""
1450,2024-06-17,279,144,40176.00,""
1450,2024-06-22,123,90,11070.00,""
1450,2024-06-24,157,53,8321.00,""
1450,2024-06-30,123,239,29397.00,""
1450,2024-07-01,178,177,31506.00,""
1450,2024-07-06,274,125,34250.00,""
1450,2024-07-12,330,219,72270.00,""
1450,2024-07-20,291,228,66348.00,""
1450,2024-07-21,127,221,28067.00,""
1450,2024-07-25,116,175,20300.00,""
1450,2024-07-26,280,148,41440.00,""
1450,2024-07-29,170,235,39950.00,""
1450,2024-08-07,164,160,26240.00,""
1450,2024-08-10,287,113,32431.00,""
1450,2024-08-12,252,125,31500.00,""
1450,2024-08-13,283,78,22074.00,""
1289,2024-05-18,168,58,9744.00,""
1289,2024-05-20,56,142,7952.00,""
1289,2024-05-21,139,126,17514.00,""
1289,2024-05-23,178,86,15308.00,""
1289,2024-05-26,86,105,9030.00,""
1289,2024-05-27,131,34,4454.00,""
1289,2024-05-28,146,95,13870.00,""
1289,2024-05-29,144,109,15696.00,""
1289,2024-05-31,132,127,16764.00,""
1289,2024-06-03,325,111,36075.00,""
1289,2024-06-06,124,138,17112.00,""
1289,2024-06-09,288,239,68832.00,""
1289,2024-06-16,245,193,47285.00,""
1289,2024-06-18,109,128,13952.00,""
1289,2024-06-20,140,213,29820.00,""
1289,2024-06-24,336,62,20832.00,""
1289,2024-06-30,330,141,46530.00,""
1289,2024-07-18,305,190,57950.00,""
1289,2024-07-28,180,158,28440.00,""
1289,2024-07-29,110,164,18040.00,""
1289,2024-07-31,226,226,51076.00,""
1289,2024-08-02,147,207,30429.00,""
1289,2024-08-03,297,141,41877.00,""
1289,2024-08-12,85,206,17510.00,""
1289,2024-08-13,214,218,46652.00,""
1289,2024-08-14,85,206,17510.00,""
1289,2024-08-16,198,120,23760.00,""
1289,2024-08-19,287,195,55965.00,""
1289,2024-08-26,345,63,21735.00,""
1325,2024-05-17,141,81,11421.00,""
1325,2024-05-18,129,140,18060.00,""
1325,2024-05-19,78,28,2184.00,""
1325,2024-05-25,80,23,1840.00,""
1325,2024-05-26,186,24,4464.00,""
1325,2024-05-27,71,60,4260.00,""
1325,2024-06-06,349,111,38739.00,""
1325,2024-06-08,82,186,15252.00,""
1325,2024-06-10,279,207,57753.00,""
1325,2024-06-12,98,164,16072.00,""
1325,2024-06-14,230,193,44390.00,""
1325,2024-06-15,153,148,22644.00,""
1325,2024-06-21,213,88,18744.00,""
1325,2024-06-22,141,192,27072.00,""
1325,2024-06-24,280,120,33600.00,""
1325,2024-07-08,92,157,14444.00,""
1325,2024-07-14,329,72,23688.00,""
1325,2024-07-17,132,59,7788.00,""
1325,2024-07-19,206,114,23484.00,""
1325,2024-07-22,189,130,24570.00,""
1325,2024-07-27,317,149,47233.00,""
1325,2024-07-29,300,126,37800.00,""
1463,2024-05-17,185,32,5920.00,""
1463,2024-05-19,163,84,13692.00,""
1463,2024-05-25,44,134,5896.00,""
1463,2024-05-26,97,85,8245.00,""
1463,2024-06-02,254,214,54356.00,""
1463,2024-06-09,232,58,13456.00,""
1463,2024-06-16,263,59,15517.00,""
1463,2024-06-17,323,152,49096.00,""
1463,2024-06-18,290,248,71920.00,""
1463,2024-06-21,158,55,8690.00,""
1463,2024-06-23,258,153,39474.00,""
1463,2024-06-29,136,225,30600.00,""
1463,2024-07-08,159,63,10017.00,""
1463,2024-07-09,227,111,25197.00,""
1463,2024-07-12,298,226,67348.00,""
1463,2024-07-13,338,89,30082.00,""
1415,2024-05-15,164,76,12464.00,""
1415,2024-05-24,67,107,7169.00,""
1415,2024-05-27,147,100,14700.00,""
1415,2024-05-28,65,73,4745.00,""
1415,2024-05-29,125,22,2750.00,""
1415,2024-05-30,73,65,4745.00,""
1415,2024-06-02,91,155,14105.00,""
1415,2024-06-05,124,178,22072.00,""
1415,2024-06-08,134,51,6834.00,""
1415,2024-06-10,296,100,29600.00,""
1415,2024-06-21,212,62,13144.00,""
1415,2024-06-26,240,250,60000.00,""
1415,2024-06-29,91,195,17745.00,""
1415,2024-07-04,201,184,36984.00,""
1415,2024-07-06,242,192,46464.00,""
1415,2024-07-10,125,106,13250.00,""
1415,2024-07-11,168,99,16632.00,""
1415,2024-07-18,211,144,30384.00,""
1415,2024-07-20,102,56,5712.00,""
1415,2024-07-22,330,188,62040.00,""
1415,2024-07-25,294,249,73206.00,""
1415,2024-07-30,289,202,58378.00,""
1415,2024-07-31,322,154,49588.00,""
1415,2024-08-02,170,202,34340.00,""
1415,2024-08-03,138,202,27876.00,""
1415,2024-08-09,182,60,10920.00,""
1415,2024-08-13,96,233,22368.00,""
1415,2024-08-14,253,201,50853.00,""
1415,2024-08-17,113,220,24860.00,""
1415,2024-08-26,165,207,34155.00,""
1415,2024-08-27,165,199,32835.00,""
1415,2024-08-28,109,187,20383.00,""
1415,2024-09-04,227,180,40860.00,""
1415,2024-09-10,210,184,38640.00,""
1415,2024-09-11,102,67,6834.00,""
1415,2024-09-14,182,167,30394.00,""
1404,2024-05-18,197,52,10244.00,""
1404,2024-05-19,189,105,19845.00,""
1404,2024-05-21,75,115,8625.00,""
1404,2024-05-27,91,120,10920.00,""
1404,2024-05-31,88,64,5632.00,""
1404,2024-06-01,341,83,28303.00,""
1404,2024-06-05,104,78,8112.00,""
1404,2024-06-13,252,138,34776.00,""
1404,2024-06-14,264,158,41712.00,""
1404,2024-06-16,316,123,38868.00,""
1404,2024-06-17,286,112,32032.00,""
1404,2024-06-20,103,215,22145.00,""
1404,2024-06-23,187,71,13277.00,""
1404,2024-06-25,265,139,36835.00,""
1404,2024-06-26,272,180,48960.00,""
1404,2024-06-29,309,185,57165.00,""
1404,2024-07-03,277,137,37949.00,""
1404,2024-07-08,174,154,26796.00,""
1404,2024-07-12,149,205,30545.00,""
1404,2024-07-18,154,102,15708.00,""
1404,2024-07-28,330,59,19470.00,""
1404,2024-08-07,100,210,21000.00,""
1404,2024-08-10,322,131,42182.00,""
1404,2024-08-11,294,128,37632.00,""
1404,2024-08-16,325,121,39325.00,""
1404,2024-08-21,248,199,49352.00,""
1404,2024-08-22,326,198,64548.00,""
1404,2024-09-01,201,192,38592.00,""
1330,2024-05-12,174,103,17922.00,""
1330,2024-05-13,56,44,2464.00,""
1330,2024-05-17,122,109,13298.00,""
1330,2024-05-21,166,137,22742.00,""
1330,2024-05-25,55,104,5720.00,""
1330,2024-05-26,169,42,7098.00,""
1330,2024-05-28,123,30,3690.00,""
1330,2024-06-02,87,248,21576.00,""
1330,2024-06-07,190,217,41230.00,""
1330,2024-06-09,148,118,17464.00,""
1330,2024-06-14,275,76,20900.00,""
1330,2024-06-18,233,151,35183.00,""
1330,2024-06-23,147,112,16464.00,""
1330,2024-06-24,180,218,39240.00,""
1330,2024-06-26,232,203,47096.00,""
1330,2024-06-27,319,114,36366.00,""
1330,2024-06-28,181,185,33485.00,""
1330,2024-06-29,196,238,46648.00,""
1330,2024-07-05,271,183,49593.00,""
1330,2024-07-06,151,204,30804.00,""
1330,2024-07-14,201,60,12060.00,""
1330,2024-07-16,336,222,74592.00,""
1330,2024-07-21,90,121,10890.00,""
1330,2024-07-25,140,180,25200.00,""
1330,2024-07-28,282,167,47094.00,""
1330,2024-07-29,293,225,65925.00,""
1330,2024-07-30,122,219,26718.00,""
1330,2024-07-31,347,60,20820.00,""
1330,2024-08-06,324,208,67392.00,""
1330,2024-08-12,285,240,68400.00,""
1330,2024-08-21,199,113,22487.00,""
1330,2024-08-22,120,70,8400.00,""
1330,2024-08-27,229,93,21297.00,""
1330,2024-08-31,167,94,15698.00,""
1330,2024-09-06,151,199,30049.00,""
1330,2024-09-10,284,159,45156.00,""
1330,2024-09-13,270,70,18900.00,""
1330,2024-09-16,135,172,23220.00,""
1330,2024-09-18,110,82,9020.00,""
1330,2024-09-19,214,151,32314.00,""
1330,2024-09-22,118,82,9676.00,""
1330,2024-09-24,204,104,21216.00,""
1330,2024-09-28,171,163,27873.00,""
1654,2024-05-19,60,137,8220.00,""
1654,2024-05-23,137,33,4521.00,""
1654,2024-05-26,177,81,14337.00,""
1654,2024-05-30,107,68,7276.00,""
1654,2024-06-02,149,197,29353.00,""
1654,2024-06-06,282,78,21996.00,""
1654,2024-06-09,242,93,22506.00,""
1654,2024-06-21,230,171,39330.00,""
1654,2024-06-23,291,150,43650.00,""
1654,2024-06-24,331,145,47995.00,""
1654,2024-06-27,156,234,36504.00,""
1654,2024-07-01,109,188,20492.00,""
1654,2024-07-06,342,156,53352.00,""
1654,2024-07-07,189,62,11718.00,""
1654,2024-07-08,243,130,31590.00,""
1654,2024-07-09,198,200,39600.00,""
1654,2024-07-10,270,188,50760.00,""
1654,2024-07-14,231,150,34650.00,""
1654,2024-07-25,289,167,48263.00,""
1654,2024-07-26,105,116,12180.00,""
1654,2024-08-09,343,62,21266.00,""
1654,2024-08-10,255,206,52530.00,""
1654,2024-08-15,336,138,46368.00,""
1654,2024-08-23,248,66,16368.00,""
1654,2024-08-29,82,193,15826.00,""
1654,2024-09-01,202,140,28280.00,""
1654,2024-09-02,115,92,10580.00,""
1654,2024-09-03,269,175,47075.00,""
1654,2024-09-07,139,128,17792.00,""
1654,2024-09-11,148,190,28120.00,""
1654,2024-09-12,275,136,37400.00,""
1654,2024-09-14,160,108,17280.00,""
1654,2024-09-16,133,66,8778.00,""
1484,2024-05-12,109,31,3379.00,""
1484,2024-05-15,60,91,5460.00,""
1484,2024-05-17,140,69,9660.00,""
1484,2024-05-21,117,95,11115.00,""
1484,2024-05-23,149,90,13410.00,""
1484,2024-05-24,56,83,4648.00,""
1484,2024-05-25,73,75,5475.00,""
1484,2024-05-30,69,108,7452.00,""
1484,2024-06-01,310,219,67890.00,""
1484,2024-06-02,340,180,61200.00,""
1484,2024-06-06,188,200,37600.00,""
1484,2024-06-09,155,227,35185.00,""
1484,2024-06-12,182,140,25480.00,""
1484,2024-06-16,260,110,28600.00,""
1484,2024-06-17,274,164,44936.00,""
1484,2024-06-27,242,53,12826.00,""
1484,2024-06-30,240,193,46320.00,""
1484,2024-07-02,239,224,53536.00,""
1484,2024-07-06,242,184,44528.00,""
1484,2024-07-14,328,244,80032.00,""
1484,2024-07-30,327,120,39240.00,""
1484,2024-08-03,253,112,28336.00,""
1381,2024-05-13,82,69,5658.00,""
1381,2024-05-18,189,107,20223.00,""
1381,2024-05-24,116,137,15892.00,""
1381,2024-05-27,185,44,8140.00,""
1381,2024-05-29,105,44,4620.00,""
1381,2024-06-01,185,168,31080.00,""
1381,2024-06-10,291,68,19788.00,""
1381,2024-06-12,115,225,25875.00,""
1381,2024-06-15,265,125,33125.00,""
1381,2024-06-18,97,204,19788.00,""
1381,2024-06-20,92,142,13064.00,""
1381,2024-06-22,258,206,53148.00,""
1381,2024-06-25,327,172,56244.00,""
1381,2024-07-02,160,228,36480.00,""
1381,2024-07-08,160,53,8480.00,""
1795,2024-05-13,185,79,14615.00,""
1795,2024-05-16,99,109,10791.00,""
1795,2024-05-18,75,150,11250.00,""
1795,2024-05-20,175,98,17150.00,""
1795,2024-05-22,83,100,8300.00,""
1795,2024-05-25,109,63,6867.00,""
1795,2024-05-26,70,69,4830.00,""
1795,2024-05-28,98,21,2058.00,""
1795,2024-05-29,85,35,2975.00,""
1795,2024-05-30,184,93,17112.00,""
1795,2024-06-03,314,97,30458.00,""
1795,2024-06-09,162,250,40500.00,""
1795,2024-06-12,248,217,53816.00,""
1599,2024-05-16,86,46,3956.00,""
1599,2024-05-23,109,88,9592.00,""
1599,2024-05-29,90,31,2790.00,""
1599,2024-06-02,232,100,23200.00,""
1599,2024-06-10,312,224,69888.00,""
1599,2024-06-15,285,87,24795.00,""
1599,2024-06-18,276,63,17388.00,""
1599,2024-06-23,155,108,16740.00,""
1599,2024-06-27,90,106,9540.00,""
1599,2024-06-28,307,178,54646.00,""
1599,2024-06-30,350,110,38500.00,""
1599,2024-07-02,99,147,14553.00,""
1599,2024-07-10,134,140,18760.00,""
1599,2024-07-17,116,111,12876.00,""
1599,2024-07-31,103,63,6489.00,""
1599,2024-08-01,105,55,5775.00,""
1599,2024-08-02,235,143,33605.00,""
1599,2024-08-03,312,225,70200.00,""
1599,2024-08-08,344,92,31648.00,""
1599,2024-08-14,117,249,29133.00,""
1599,2024-08-16,284,89,25276.00,""
1599,2024-08-18,233,239,55687.00,""
1599,2024-08-19,182,116,21112.00,""
1599,2024-08-28,114,140,15960.00,""
1599,2024-08-29,239,136,32504.00,""
1599,2024-08-30,264,160,42240.00,""
1599,2024-09-03,118,167,19706.00,""
1542,2024-05-12,50,115,5750.00,""
1542,2024-05-17,163,133,21679.00,""
1542,2024-05-19,73,63,4599.00,""
1542,2024-05-22,98,143,14014.00,""
1542,2024-05-29,111,120,13320.00,""
1542,2024-05-31,142,49,6958.00,""
1542,2024-06-02,324,125,40500.00,""
1542,2024-06-05,166,235,39010.00,""
1542,2024-06-06,318,214,68052.00,""
1542,2024-06-09,301,239,71939.00,""
1542,2024-06-10,284,235,66740.00,""
1542,2024-06-11,210,53,11130.00,""
1542,2024-06-12,134,97,12998.00,""
1542,2024-06-21,174,71,12354.00,""
1542,2024-06-22,303,64,19392.00,""
1542,2024-06-30,111,149,16539.00,""
1542,2024-07-03,215,84,18060.00,""
1542,2024-07-16,128,206,26368.00,""
1542,2024-07-31,203,185,37555.00,""
1542,2024-08-02,144,172,24768.00,""
1542,2024-08-03,201,205,41205.00,""
1542,2024-08-06,140,205,28700.00,""
1542,2024-08-12,230,178,40940.00,""
1542,2024-08-18,169,55,9295.00,""
1542,2024-08-19,317,244,77348.00,""
1542,2024-08-20,325,210,68250.00,""
1542,2024-08-23,296,203,60088.00,""
1542,2024-08-27,180,94,16920.00,""
1542,2024-09-05,174,196,34104.00,""
1542,2024-09-13,263,118,31034.00,""
1542,2024-09-18,259,142,36778.00,""
1542,2024-09-23,174,138,24012.00,""
1256,2024-05-19,82,142,11644.00,""
1256,2024-05-20,103,105,10815.00,""
1256,2024-05-21,64,37,2368.00,""
1256,2024-05-28,171,134,22914.00,""
1256,2024-05-30,70,69,4830.00,""
1256,2024-06-13,262,108,28296.00,""
1256,2024-06-14,304,205,62320.00,""
1256,2024-06-21,100,185,18500.00,""
1256,2024-06-29,136,134,18224.00,""
1256,2024-07-03,230,132,30360.00,""
1256,2024-07-07,345,58,20010.00,""
1256,2024-07-10,219,119,26061.00,""
1256,2024-07-13,91,188,17108.00,""
1256,2024-07-19,113,64,7232.00,""
1256,2024-07-23,190,174,33060.00,""
1256,2024-07-24,253,162,40986.00,""
1256,2024-07-27,220,113,24860.00,""
1256,2024-08-02,108,54,5832.00,""
1256,2024-08-09,257,213,54741.00,""
1256,2024-08-15,143,103,14729.00,""
1256,2024-08-18,289,84,24276.00,""
1256,2024-08-20,95,71,6745.00,""
1256,2024-08-21,242,54,13068.00,""
1256,2024-09-01,277,175,48475.00,""
1256,2024-09-02,183,185,33855.00,""
1256,2024-09-03,208,143,29744.00,""
1256,2024-09-06,205,141,28905.00,""
1256,2024-09-08,169,138,23322.00,""
1256,2024-09-17,141,97,13677.00,""
1256,2024-09-18,116,139,16124.00,""
1256,2024-09-23,203,143,29029.00,""
1256,2024-09-25,151,184,27784.00,""
1256,2024-09-29,199,134,26666.00,""
1256,2024-09-30,123,161,19803.00,""
1478,2024-05-16,64,80,5120.00,""
1478,2024-05-17,170,94,15980.00,""
1478,2024-05-20,186,23,4278.00,""
1478,2024-05-22,192,32,6144.00,""
1478,2024-05-23,81,47,3807.00,""
1478,2024-06-03,153,123,18819.00,""
1478,2024-06-07,106,84,8904.00,""
1478,2024-06-16,229,246,56334.00,""
1478,2024-06-19,150,119,17850.00,""
1478,2024-07-03,289,233,67337.00,""
1478,2024-07-08,195,107,20865.00,""
1478,2024-07-12,335,179,59965.00,""
1477,2024-05-15,54,81,4374.00,""
1477,2024-05-25,135,35,4725.00,""
1477,2024-05-27,118,73,8614.00,""
1477,2024-05-31,195,121,23595.00,""
1477,2024-06-03,188,83,15604.00,""
1477,2024-06-05,128,168,21504.00,""
1477,2024-06-07,309,148,45732.00,""
1477,2024-06-08,340,72,24480.00,""
1477,2024-06-09,293,102,29886.00,""
1477,2024-06-10,84,112,9408.00,""
1477,2024-06-13,252,168,42336.00,""
1477,2024-06-20,117,76,8892.00,""
1600,2024-05-23,43,53,2279.00,""
1600,2024-05-29,195,90,17550.00,""
1600,2024-06-04,211,242,51062.00,""
1600,2024-06-05,157,173,27161.00,""
1600,2024-06-09,150,243,36450.00,""
1600,2024-06-11,222,143,31746.00,""
1600,2024-06-14,145,142,20590.00,""
1600,2024-06-17,135,100,13500.00,""
1600,2024-06-22,341,221,75361.00,""
1600,2024-06-24,146,160,23360.00,""
1600,2024-06-25,318,120,38160.00,""
1600,2024-06-29,88,230,20240.00,""
1600,2024-06-30,199,183,36417.00,""
1600,2024-07-02,258,91,23478.00,""
1600,2024-07-04,338,174,58812.00,""
1600,2024-07-11,130,173,22490.00,""
1600,2024-07-14,196,68,13328.00,""
1600,2024-07-16,275,155,42625.00,""
1600,2024-07-17,278,53,14734.00,""
1600,2024-07-20,266,222,59052.00,""
1600,2024-07-21,258,137,35346.00,""
1600,2024-07-28,312,116,36192.00,""
1600,2024-08-02,140,188,26320.00,""
1600,2024-08-09,208,179,37232.00,""
1600,2024-08-12,118,135,15930.00,""
1600,2024-08-18,109,148,16132.00,""
1600,2024-08-20,185,119,22015.00,""
1600,2024-08-22,161,189,30429.00,""
1600,2024-08-23,344,147,50568.00,""
1600,2024-08-26,126,194,24444.00,""
1600,2024-08-27,146,179,26134.00,""
1748,2024-05-19,179,28,5012.00,""
1748,2024-05-20,99,132,13068.00,""
1748,2024-05-23,195,40,7800.00,""
1748,2024-05-24,117,53,6201.00,""
1748,2024-05-30,146,61,8906.00,""
1748,2024-06-11,210,83,17430.00,""
1748,2024-06-20,288,58,16704.00,""
1748,2024-06-21,293,86,25198.00,""
1748,2024-06-24,120,147,17640.00,""
1748,2024-06-28,189,168,31752.00,""
1748,2024-07-01,302,82,24764.00,""
1748,2024-07-02,310,196,60760.00,""
1748,2024-07-03,245,122,29890.00,""
1748,2024-07-04,248,147,36456.00,""
1748,2024-07-05,108,126,13608.00,""
1748,2024-07-09,216,57,12312.00,""
1748,2024-07-10,211,180,37980.00,""
1748,2024-07-11,111,80,8880.00,""
1748,2024-07-14,187,122,22814.00,""
1748,2024-07-16,174,162,28188.00,""
1748,2024-07-22,190,234,44460.00,""
1748,2024-07-24,311,189,58779.00,""
1748,2024-07-27,299,246,73554.00,""
1748,2024-07-31,284,57,16188.00,""
1748,2024-08-02,118,69,8142.00,""
1748,2024-08-09,343,184,63112.00,""
1748,2024-08-11,348,246,85608.00,""
1748,2024-08-15,108,249,26892.00,""
1748,2024-08-16,121,215,26015.00,""
1748,2024-08-18,148,243,35964.00,""
1748,2024-08-19,180,170,30600.00,""
1748,2024-08-21,262,248,64976.00,""
1748,2024-08-24,276,64,17664.00,""
1748,2024-08-27,189,127,24003.00,""
1390,2024-05-11,75,61,4575.00,""
1390,2024-05-13,90,87,7830.00,""
1390,2024-05-21,197,72,14184.00,""
1390,2024-05-24,160,110,17600.00,""
1390,2024-05-28,60,150,9000.00,""
1390,2024-05-31,89,70,6230.00,""
1390,2024-06-05,157,126,19782.00,""
1390,2024-06-07,308,227,69916.00,""
1390,2024-06-08,271,207,56097.00,""
1390,2024-06-12,267,118,31506.00,""
1390,2024-06-24,160,148,23680.00,""
1390,2024-06-30,105,211,22155.00,""
1390,2024-07-03,264,92,24288.00,""
1390,2024-07-04,191,194,37054.00,""
1390,2024-07-05,321,136,43656.00,""
1390,2024-07-06,280,57,15960.00,""
1390,2024-07-10,144,223,32112.00,""
1390,2024-07-11,168,212,35616.00,""
1390,2024-07-12,226,145,32770.00,""
1390,2024-07-14,331,134,44354.00,""
1390,2024-07-16,337,188,63356.00,""
1390,2024-07-23,321,190,60990.00,""
1390,2024-07-27,203,186,37758.00,""
1390,2024-08-02,182,156,28392.00,""
1390,2024-08-11,132,202,26664.00,""
1390,2024-08-15,217,144,31248.00,""
1390,2024-08-17,154,149,22946.00,""
1390,2024-08-19,242,212,51304.00,""
1390,2024-08-24,94,145,13630.00,""
1390,2024-08-31,120,84,10080.00,""
1380,2024-05-17,91,122,11102.00,""
1380,2024-05-18,94,28,2632.00,""
1380,2024-05-19,193,147,28371.00,""
1380,2024-05-20,175,85,14875.00,""
1380,2024-06-02,292,137,40004.00,""
1380,2024-06-05,154,196,30184.00,""
1380,2024-06-08,84,177,14868.00,""
1380,2024-06-11,124,189,23436.00,""
1380,2024-06-15,126,142,17892.00,""
1380,2024-06-17,267,140,37380.00,""
1380,2024-06-21,205,146,29930.00,""
1380,2024-06-24,139,102,14178.00,""
1380,2024-06-25,169,73,12337.00,""
1380,2024-07-05,103,249,25647.00,""
1324,2024-05-16,177,31,5487.00,""
1324,2024-05-19,164,122,20008.00,""
1324,2024-05-20,64,76,4864.00,""
1324,2024-05-21,189,133,25137.00,""
1324,2024-05-23,59,86,5074.00,""
1324,2024-05-25,64,100,6400.00,""
1324,2024-05-28,172,36,6192.00,""
1324,2024-06-08,95,226,21470.00,""
1324,2024-06-15,328,191,62648.00,""
1324,2024-06-21,143,209,29887.00,""
1324,2024-06-22,262,214,56068.00,""
1324,2024-06-26,142,204,28968.00,""
1324,2024-07-01,297,173,51381.00,""
1324,2024-07-05,252,86,21672.00,""
1324,2024-07-07,123,146,17958.00,""
1324,2024-07-14,89,174,15486.00,""
1324,2024-07-19,227,250,56750.00,""
1324,2024-07-24,195,102,19890.00,""
1324,2024-08-02,106,97,10282.00,""
1324,2024-08-05,333,218,72594.00,""
1324,2024-08-08,221,203,44863.00,""
1324,2024-08-11,162,159,25758.00,""
1324,2024-08-14,177,72,12744.00,""
1324,2024-08-19,152,104,15808.00,""
1324,2024-08-22,116,101,11716.00,""
1324,2024-08-23,135,217,29295.00,""
1324,2024-08-24,84,111,9324.00,""
1324,2024-08-25,198,58,11484.00,""
1635,2024-05-17,187,102,19074.00,""
1635,2024-05-21,144,143,20592.00,""
1635,2024-05-24,187,115,21505.00,""
1635,2024-05-30,111,124,13764.00,""
1635,2024-05-31,106,31,3286.00,""
1635,2024-06-06,158,144,22752.00,""
1635,2024-06-08,123,108,13284.00,""
1635,2024-06-14,222,250,55500.00,""
1635,2024-06-17,97,129,12513.00,""
1635,2024-06-29,288,131,37728.00,""
1635,2024-07-04,86,119,10234.00,""
1635,2024-07-09,305,87,26535.00,""
1635,2024-07-15,85,111,9435.00,""
1635,2024-07-16,325,170,55250.00,""
1635,2024-07-24,319,50,15950.00,""
1635,2024-07-25,336,116,38976.00,""
1635,2024-07-27,184,63,11592.00,""
1635,2024-07-29,239,197,47083.00,""
1635,2024-08-06,245,248,60760.00,""
1635,2024-08-08,350,50,17500.00,""
1635,2024-08-12,316,244,77104.00,""
1635,2024-08-13,255,53,13515.00,""
1635,2024-08-15,95,137,13015.00,""
1635,2024-08-16,318,137,43566.00,""
1635,2024-08-18,345,142,48990.00,""
1635,2024-08-24,328,85,27880.00,""
1635,2024-08-26,326,246,80196.00,""
1635,2024-08-29,266,209,55594.00,""
1635,2024-09-02,132,92,12144.00,""
1635,2024-09-06,275,84,23100.00,""
1635,2024-09-09,284,75,21300.00,""
1716,2024-05-17,63,80,5040.00,""
1716,2024-05-18,173,50,8650.00,""
1716,2024-05-21,154,85,13090.00,""
1716,2024-05-23,171,122,20862.00,""
1716,2024-05-26,164,42,6888.00,""
1716,2024-05-27,138,124,17112.00,""
1716,2024-05-28,94,46,4324.00,""
1716,2024-05-31,50,150,7500.00,""
1716,2024-06-03,220,213,46860.00,""
1716,2024-06-06,312,230,71760.00,""
1716,2024-06-08,222,194,43068.00,""
1716,2024-06-09,292,220,64240.00,""
1716,2024-06-19,99,75,7425.00,""
1716,2024-06-24,282,144,40608.00,""
1716,2024-06-28,249,181,45069.00,""
1716,2024-07-02,327,152,49704.00,""
1716,2024-07-03,179,114,20406.00,""
1716,2024-07-04,327,172,56244.00,""
1716,2024-07-05,265,94,24910.00,""
1716,2024-07-06,241,191,46031.00,""
1716,2024-07-13,302,221,66742.00,""
1716,2024-07-25,336,178,59808.00,""
1716,2024-07-27,326,220,71720.00,""
1716,2024-07-28,157,97,15229.00,""
1716,2024-07-29,118,144,16992.00,""
1716,2024-08-02,236,189,44604.00,""
1716,2024-08-04,314,68,21352.00,""
1716,2024-08-11,344,244,83936.00,""
1716,2024-08-28,314,199,62486.00,""
1716,2024-09-05,123,69,8487.00,""
1716,2024-09-07,270,128,34560.00,""
1716,2024-09-09,152,200,30400.00,""
1716,2024-09-14,131,143,18733.00,""
1716,2024-09-17,198,195,38610.00,""
1716,2024-09-18,149,120,17880.00,""
1716,2024-09-20,123,136,16728.00,""
1716,2024-09-22,282,88,24816.00,""
1716,2024-09-24,235,173,40655.00,""
1716,2024-09-30,150,177,26550.00,""
1655,2024-05-21,189,95,17955.00,""
1655,2024-05-23,126,139,17514.00,""
1655,2024-05-29,69,99,6831.00,""
1655,2024-06-01,217,150,32550.00,""
1655,2024-06-09,223,182,40586.00,""
1655,2024-06-15,138,216,29808.00,""
1655,2024-06-20,208,77,16016.00,""
1655,2024-06-23,158,160,25280.00,""
1655,2024-06-25,259,95,24605.00,""
1655,2024-06-26,264,143,37752.00,""
1655,2024-06-29,314,109,34226.00,""
1655,2024-07-21,97,91,8827.00,""
1725,2024-05-20,150,54,8100.00,""
1725,2024-05-30,146,68,9928.00,""
1725,2024-05-31,129,102,13158.00,""
1725,2024-06-01,150,112,16800.00,""
1725,2024-06-03,122,199,24278.00,""
1725,2024-06-06,200,241,48200.00,""
1725,2024-06-08,128,83,10624.00,""
1725,2024-06-10,275,181,49775.00,""
1725,2024-06-13,348,52,18096.00,""
1725,2024-06-27,229,183,41907.00,""
1725,2024-07-01,223,88,19624.00,""
1725,2024-07-06,239,130,31070.00,""
1725,2024-07-07,348,214,74472.00,""
1725,2024-07-08,125,223,27875.00,""
1725,2024-07-09,225,146,32850.00,""
1725,2024-07-13,323,75,24225.00,""
1725,2024-07-18,275,100,27500.00,""
1725,2024-07-19,262,171,44802.00,""
1725,2024-07-22,89,220,19580.00,""
1725,2024-07-24,167,248,41416.00,""
1725,2024-07-27,123,242,29766.00,""
1725,2024-07-28,127,109,13843.00,""
1725,2024-07-29,159,51,8109.00,""
1725,2024-07-31,294,241,70854.00,""
1725,2024-08-05,199,103,20497.00,""
1725,2024-08-10,139,95,13205.00,""
1725,2024-08-13,206,106,21836.00,""
1725,2024-08-14,288,185,53280.00,""
1725,2024-08-16,153,131,20043.00,""
1725,2024-08-17,211,151,31861.00,""
1725,2024-08-22,104,223,23192.00,""
1725,2024-08-23,299,84,25116.00,""
1725,2024-08-28,182,63,11466.00,""
1725,2024-08-29,348,95,33060.00,""
1681,2024-05-25,198,113,22374.00,""
1681,2024-05-27,134,111,14874.00,""
1681,2024-05-28,140,150,21000.00,""
1681,2024-05-30,107,47,5029.00,""
1681,2024-05-31,99,90,8910.00,""
1681,2024-06-03,86,112,9632.00,""
1681,2024-06-05,132,124,16368.00,""
1681,2024-06-14,118,226,26668.00,""
1681,2024-06-17,249,248,61752.00,""
1681,2024-06-18,227,244,55388.00,""
1681,2024-06-26,341,109,37169.00,""
1681,2024-06-27,87,157,13659.00,""
1681,2024-07-01,244,186,45384.00,""
1681,2024-07-05,166,95,15770.00,""
1681,2024-07-12,244,54,13176.00,""
1598,2024-05-28,96,104,9984.00,""
1598,2024-05-29,49,141,6909.00,""
1598,2024-05-31,60,27,1620.00,""
1598,2024-06-11,219,211,46209.00,""
1598,2024-06-13,93,204,18972.00,""
1598,2024-06-17,323,216,69768.00,""
1598,2024-06-24,339,167,56613.00,""
1598,2024-06-25,299,185,55315.00,""
1598,2024-06-28,168,128,21504.00,""
1598,2024-06-29,323,62,20026.00,""
1598,2024-07-02,265,69,18285.00,""
1598,2024-07-09,209,126,26334.00,""
1598,2024-07-10,272,236,64192.00,""
1598,2024-07-11,169,174,29406.00,""
1598,2024-07-15,343,157,53851.00,""
1598,2024-07-16,250,110,27500.00,""
1598,2024-07-17,277,99,27423.00,""
1598,2024-07-23,311,101,31411.00,""
1598,2024-07-28,270,183,49410.00,""
1598,2024-07-31,254,229,58166.00,""
1598,2024-08-01,289,218,63002.00,""
1598,2024-08-02,313,60,18780.00,""
1598,2024-08-03,334,149,49766.00,""
1598,2024-08-05,234,200,46800.00,""
1598,2024-08-15,228,216,49248.00,""
1598,2024-08-18,303,198,59994.00,""
1598,2024-08-23,144,92,13248.00,""
1598,2024-08-29,117,69,8073.00,""
1598,2024-09-01,161,167,26887.00,""
1598,2024-09-05,192,143,27456.00,""
1598,2024-09-08,118,89,10502.00,""
1598,2024-09-09,138,135,18630.00,""
1598,2024-09-12,246,67,16482.00,""
1598,2024-09-20,234,126,29484.00,""
1356,2024-05-22,105,79,8295.00,""
1356,2024-05-23,89,135,12015.00,""
1356,2024-05-27,90,135,12150.00,""
1356,2024-05-31,71,94,6674.00,""
1356,2024-06-03,292,166,48472.00,""
1356,2024-06-08,108,120,12960.00,""
1356,2024-06-11,303,153,46359.00,""
1356,2024-06-15,345,132,45540.00,""
1356,2024-06-18,338,137,46306.00,""
1356,2024-06-19,148,155,22940.00,""
1356,2024-06-23,336,79,26544.00,""
1356,2024-06-24,184,93,17112.00,""
1356,2024-06-30,279,163,45477.00,""
1356,2024-07-07,315,131,41265.00,""
1356,2024-07-10,309,72,22248.00,""
1356,2024-07-11,319,166,52954.00,""
1356,2024-07-13,88,55,4840.00,""
1356,2024-07-17,328,132,43296.00,""
1356,2024-07-20,228,224,51072.00,""
1356,2024-07-23,298,130,38740.00,""
1356,2024-07-26,273,154,42042.00,""
1356,2024-08-02,104,195,20280.00,""
1356,2024-08-03,249,228,56772.00,""
1356,2024-08-07,212,130,27560.00,""
1356,2024-08-09,271,138,37398.00,""
1356,2024-08-18,174,138,24012.00,""
1356,2024-08-19,225,68,15300.00,""
1356,2024-08-26,90,88,7920.00,""
1356,2024-08-27,159,84,13356.00,""
1356,2024-08-29,319,246,78474.00,""
1356,2024-08-30,304,156,47424.00,""
1356,2024-09-04,243,133,32319.00,""
1356,2024-09-06,275,131,36025.00,""
1356,2024-09-14,141,183,25803.00,""
1356,2024-09-20,155,148,22940.00,""
1356,2024-09-22,197,171,33687.00,""
1356,2024-09-24,230,99,22770.00,""
1580,2024-05-26,58,47,2726.00,""
1580,2024-05-30,110,133,14630.00,""
1580,2024-05-31,56,98,5488.00,""
1580,2024-06-02,113,180,20340.00,""
1580,2024-06-04,90,77,6930.00,""
1580,2024-06-08,185,129,23865.00,""
1580,2024-06-10,327,217,70959.00,""
1580,2024-06-15,223,134,29882.00,""
1580,2024-06-20,308,224,68992.00,""
1580,2024-06-25,193,183,35319.00,""
1580,2024-06-29,103,156,16068.00,""
1580,2024-07-02,345,55,18975.00,""
1580,2024-07-04,108,210,22680.00,""
1580,2024-07-13,327,168,54936.00,""
1580,2024-07-23,300,122,36600.00,""
1580,2024-07-24,209,182,38038.00,""
1580,2024-07-25,313,136,42568.00,""
1580,2024-07-27,145,195,28275.00,""
1580,2024-07-31,347,63,21861.00,""
1580,2024-08-05,188,79,14852.00,""
1580,2024-08-09,283,238,67354.00,""
1580,2024-08-10,133,130,17290.00,""
1580,2024-08-13,273,129,35217.00,""
1580,2024-08-16,167,60,10020.00,""
1580,2024-08-18,335,240,80400.00,""
1580,2024-08-22,307,97,29779.00,""
1580,2024-08-28,174,88,15312.00,""
1580,2024-08-31,191,84,16044.00,""
1580,2024-09-01,246,200,49200.00,""
1580,2024-09-10,182,91,16562.00,""
1580,2024-09-13,239,159,38001.00,""
1580,2024-09-23,273,75,20475.00,""
1580,2024-09-28,271,110,29810.00,""
1781,2024-05-20,56,85,4760.00,""
1781,2024-05-21,166,137,22742.00,""
1781,2024-05-22,181,36,6516.00,""
1781,2024-05-23,91,117,10647.00,""
1781,2024-05-24,188,47,8836.00,""
1781,2024-05-26,58,143,8294.00,""
1781,2024-05-27,101,82,8282.00,""
1781,2024-06-02,200,103,20600.00,""
1781,2024-06-03,188,147,27636.00,""
1781,2024-06-07,342,73,24966.00,""
1781,2024-06-21,241,78,18798.00,""
1781,2024-06-23,313,136,42568.00,""
1781,2024-06-30,305,159,48495.00,""
1781,2024-07-01,130,192,24960.00,""
1781,2024-07-04,290,57,16530.00,""
1781,2024-07-11,152,103,15656.00,""
1781,2024-07-13,282,184,51888.00,""
1781,2024-07-17,238,72,17136.00,""
1781,2024-07-22,280,231,64680.00,""
1781,2024-07-27,258,161,41538.00,""
1781,2024-07-30,300,208,62400.00,""
1781,2024-07-31,243,64,15552.00,""
1781,2024-08-04,106,64,6784.00,""
1781,2024-08-05,346,170,58820.00,""
1781,2024-08-11,147,159,23373.00,""
1781,2024-08-12,336,89,29904.00,""
1781,2024-08-20,310,209,64790.00,""
1781,2024-08-23,162,245,39690.00,""
1781,2024-09-01,245,93,22785.00,""
1781,2024-09-09,158,90,14220.00,""
1781,2024-09-10,255,123,31365.00,""
1781,2024-09-11,134,111,14874.00,""
1732,2024-05-25,128,67,8576.00,""
1732,2024-05-26,159,144,22896.00,""
1732,2024-05-29,100,30,3000.00,""
1732,2024-05-30,170,125,21250.00,""
1732,2024-05-31,54,85,4590.00,""
1732,2024-06-01,294,130,38220.00,""
1732,2024-06-06,320,78,24960.00,""
1732,2024-06-08,291,56,16296.00,""
1732,2024-06-17,308,248,76384.00,""
1732,2024-06-19,90,167,15030.00,""
1732,2024-06-21,204,83,16932.00,""
1732,2024-06-29,174,214,37236.00,""
1732,2024-07-17,106,75,7950.00,""
1732,2024-07-18,101,148,14948.00,""
1732,2024-07-22,93,60,5580.00,""
1732,2024-07-23,339,242,82038.00,""
1732,2024-07-25,272,178,48416.00,""
1732,2024-07-28,213,145,30885.00,""
1732,2024-07-29,328,156,51168.00,""
1732,2024-07-30,82,176,14432.00,""
1732,2024-08-01,89,94,8366.00,""
1732,2024-08-06,89,165,14685.00,""
1732,2024-08-07,242,239,57838.00,""
1732,2024-08-09,298,160,47680.00,""
1732,2024-08-15,299,193,57707.00,""
1732,2024-08-17,236,127,29972.00,""
1732,2024-08-28,228,58,13224.00,""
1732,2024-09-05,152,118,17936.00,""
1732,2024-09-14,153,105,16065.00,""
1724,2024-05-26,91,87,7917.00,""
1724,2024-05-29,180,123,22140.00,""
1724,2024-05-30,196,79,15484.00,""
1724,2024-06-05,151,213,32163.00,""
1724,2024-06-08,203,173,35119.00,""
1724,2024-06-09,318,50,15900.00,""
1724,2024-06-11,345,234,80730.00,""
1724,2024-06-15,249,78,19422.00,""
1724,2024-06-21,102,183,18666.00,""
1724,2024-06-23,232,228,52896.00,""
1724,2024-06-25,287,228,65436.00,""
1724,2024-06-27,267,86,22962.00,""
1724,2024-06-29,347,217,75299.00,""
1724,2024-07-01,110,188,20680.00,""
1724,2024-07-05,342,127,43434.00,""
1724,2024-07-09,157,54,8478.00,""
1724,2024-07-15,99,227,22473.00,""
1724,2024-07-22,320,196,62720.00,""
1770,2024-05-25,76,148,11248.00,""
1770,2024-05-26,137,40,5480.00,""
1770,2024-05-28,136,107,14552.00,""
1770,2024-05-30,98,108,10584.00,""
1770,2024-05-31,101,81,8181.00,""
1770,2024-06-06,292,198,57816.00,""
1770,2024-06-07,146,99,14454.00,""
1770,2024-06-24,99,172,17028.00,""
1770,2024-06-28,323,126,40698.00,""
1770,2024-07-01,201,85,17085.00,""
1770,2024-07-02,350,82,28700.00,""
1770,2024-07-04,151,108,16308.00,""
1770,2024-07-05,341,114,38874.00,""
1770,2024-07-06,207,164,33948.00,""
1770,2024-07-08,254,204,51816.00,""
1770,2024-07-10,255,81,20655.00,""
1770,2024-07-17,253,172,43516.00,""
1770,2024-07-18,318,147,46746.00,""
1770,2024-08-10,206,65,13390.00,""
1770,2024-08-11,120,230,27600.00,""
1770,2024-08-15,106,111,11766.00,""
1770,2024-08-23,159,148,23532.00,""
1770,2024-08-26,302,212,64024.00,""
1770,2024-08-27,194,154,29876.00,""
1770,2024-08-28,217,158,34286.00,""
1770,2024-09-02,288,109,31392.00,""
1770,2024-09-03,199,134,26666.00,""
1770,2024-09-07,168,145,24360.00,""
1770,2024-09-13,138,159,21942.00,""
1770,2024-09-20,165,176,29040.00,""
1770,2024-09-22,278,114,31692.00,""
1770,2024-09-23,293,169,49517.00,""
1770,2024-09-25,262,139,36418.00,""
1770,2024-09-26,295,154,45430.00,""
1770,2024-09-27,187,172,32164.00,""
1770,2024-09-30,265,60,15900.00,""
1285,2024-05-22,185,69,12765.00,""
1285,2024-05-25,106,121,12826.00,""
1285,2024-05-27,49,54,2646.00,""
1285,2024-06-01,323,211,68153.00,""
1285,2024-06-03,171,106,18126.00,""
1285,2024-06-05,314,70,21980.00,""
1285,2024-06-15,137,173,23701.00,""
1285,2024-06-20,144,85,12240.00,""
1285,2024-06-30,130,236,30680.00,""
1285,2024-07-02,150,225,33750.00,""
1285,2024-07-03,106,146,15476.00,""
1285,2024-07-10,282,174,49068.00,""
1285,2024-07-11,90,66,5940.00,""
1285,2024-07-12,152,169,25688.00,""
1285,2024-07-13,187,142,26554.00,""
1285,2024-07-19,310,98,30380.00,""
1285,2024-07-21,174,218,37932.00,""
1285,2024-07-24,102,132,13464.00,""
1285,2024-07-28,228,137,31236.00,""
1285,2024-07-31,86,72,6192.00,""
1502,2024-05-20,184,101,18584.00,""
1502,2024-05-24,68,123,8364.00,""
1502,2024-05-26,41,116,4756.00,""
1502,2024-05-28,111,29,3219.00,""
1502,2024-05-29,165,32,5280.00,""
1502,2024-05-30,147,46,6762.00,""
1502,2024-06-01,97,63,6111.00,""
1502,2024-06-02,105,136,14280.00,""
1502,2024-06-04,167,208,34736.00,""
1502,2024-06-05,289,89,25721.00,""
1502,2024-06-14,112,112,12544.00,""
1502,2024-06-25,210,221,46410.00,""
1502,2024-06-26,221,149,32929.00,""
1720,2024-05-25,173,45,7785.00,""
1720,2024-05-26,80,83,6640.00,""
1720,2024-05-29,132,89,11748.00,""
1720,2024-05-31,56,93,5208.00,""
1720,2024-06-08,108,191,20628.00,""
1720,2024-06-21,290,145,42050.00,""
1720,2024-06-27,314,205,64370.00,""
1720,2024-07-02,133,209,27797.00,""
1720,2024-07-03,273,114,31122.00,""
1720,2024-07-06,81,234,18954.00,""
1720,2024-07-07,340,173,58820.00,""
1720,2024-07-08,328,74,24272.00,""
1720,2024-07-11,306,52,15912.00,""
1720,2024-07-15,207,76,15732.00,""
1720,2024-07-18,152,54,8208.00,""
1720,2024-07-22,253,136,34408.00,""
1720,2024-07-28,277,191,52907.00,""
1720,2024-07-30,311,122,37942.00,""
1720,2024-08-07,220,228,50160.00,""
1720,2024-08-08,324,163,52812.00,""
1720,2024-08-10,220,145,31900.00,""
1720,2024-08-14,206,95,19570.00,""
1720,2024-08-18,320,242,77440.00,""
1720,2024-08-23,160,117,18720.00,""
1720,2024-08-25,118,83,9794.00,""
1631,2024-05-26,151,54,8154.00,""
1631,2024-05-29,70,97,6790.00,""
1631,2024-05-30,157,51,8007.00,""
1631,2024-06-03,178,185,32930.00,""
1631,2024-06-07,126,104,13104.00,""
1631,2024-06-09,286,193,55198.00,""
1631,2024-06-10,238,58,13804.00,""
1631,2024-06-13,257,60,15420.00,""
1631,2024-06-23,105,208,21840.00,""
1631,2024-06-26,307,198,60786.00,""
1631,2024-06-27,248,118,29264.00,""
1631,2024-06-28,99,70,6930.00,""
1631,2024-07-02,292,231,67452.00,""
1631,2024-07-03,256,220,56320.00,""
1631,2024-07-05,325,193,62725.00,""
1631,2024-07-06,299,245,73255.00,""
1631,2024-07-09,329,174,57246.00,""
1631,2024-07-11,229,65,14885.00,""
1631,2024-07-19,159,68,10812.00,""
1631,2024-07-20,235,157,36895.00,""
1631,2024-07-25,304,57,17328.00,""
1582,2024-05-25,190,31,5890.00,""
1582,2024-05-28,190,101,19190.00,""
1582,2024-06-01,340,237,80580.00,""
1582,2024-06-10,324,96,31104.00,""
1582,2024-06-12,96,72,6912.00,""
1582,2024-06-14,248,74,18352.00,""
1582,2024-06-18,290,194,56260.00,""
1582,2024-06-21,99,82,8118.00,""
1582,2024-06-25,142,231,32802.00,""
1582,2024-07-03,134,147,19698.00,""
1582,2024-07-04,146,83,12118.00,""
1582,2024-07-05,152,143,21736.00,""
1582,2024-07-09,127,102,12954.00,""
1582,2024-07-13,267,248,66216.00,""
1582,2024-07-15,105,134,14070.00,""
1582,2024-07-17,230,117,26910.00,""
1582,2024-07-25,102,180,18360.00,""
1582,2024-07-29,127,63,8001.00,""
1582,2024-08-01,233,217,50561.00,""
1582,2024-08-07,299,94,28106.00,""
1582,2024-08-12,200,114,22800.00,""
1582,2024-08-20,183,92,16836.00,""
1582,2024-08-25,172,103,17716.00,""
1582,2024-08-27,270,56,15120.00,""
1582,2024-08-29,336,198,66528.00,""
1582,2024-08-31,188,160,30080.00,""
1582,2024-09-03,245,109,26705.00,""
1582,2024-09-06,133,60,7980.00,""
1582,2024-09-08,177,183,32391.00,""
1582,2024-09-11,295,62,18290.00,""
1582,2024-09-18,156,169,26364.00,""
1582,2024-09-19,282,120,33840.00,""
1582,2024-09-22,274,163,44662.00,""
1582,2024-09-23,261,155,40455.00,""
1455,2024-05-27,87,118,10266.00,""
1455,2024-05-29,173,38,6574.00,""
1455,2024-05-30,189,134,25326.00,""
1455,2024-06-14,191,118,22538.00,""
1455,2024-06-19,195,250,48750.00,""
1455,2024-06-20,157,110,17270.00,""
1455,2024-06-26,178,172,30616.00,""
1455,2024-06-27,106,150,15900.00,""
1455,2024-06-29,143,144,20592.00,""
1455,2024-07-06,151,191,28841.00,""
1455,2024-07-14,192,88,16896.00,""
1455,2024-07-19,251,138,34638.00,""
1455,2024-07-22,314,207,64998.00,""
1455,2024-07-27,260,227,59020.00,""
1455,2024-07-29,243,241,58563.00,""
1455,2024-07-30,235,204,47940.00,""
1455,2024-07-31,342,57,19494.00,""
1455,2024-08-06,88,189,16632.00,""
1455,2024-08-08,87,107,9309.00,""
1455,2024-08-11,116,192,22272.00,""
1455,2024-08-12,196,222,43512.00,""
1455,2024-08-13,131,66,8646.00,""
1455,2024-08-16,260,170,44200.00,""
1455,2024-08-17,253,70,17710.00,""
1455,2024-08-20,207,131,27117.00,""
1455,2024-08-26,268,92,24656.00,""
1455,2024-08-27,227,171,38817.00,""
1455,2024-09-09,205,114,23370.00,""
1455,2024-09-13,102,152,15504.00,""
1455,2024-09-17,213,144,30672.00,""
1455,2024-09-18,136,87,11832.00,""
1455,2024-09-19,281,164,46084.00,""
1455,2024-09-20,242,146,35332.00,""
1455,2024-09-23,137,183,25071.00,""
1455,2024-09-25,271,174,47154.00,""
1455,2024-09-26,296,189,55944.00,""
1455,2024-09-28,215,191,41065.00,""
1202,2024-05-23,155,41,6355.00,""
1202,2024-05-28,80,42,3360.00,""
1202,2024-05-30,84,44,3696.00,""
1202,2024-05-31,45,36,1620.00,""
1202,2024-06-01,234,165,38610.00,""
1202,2024-06-05,189,234,44226.00,""
1202,2024-06-08,335,225,75375.00,""
1202,2024-06-13,120,220,26400.00,""
1202,2024-06-19,130,101,13130.00,""
1202,2024-06-23,198,190,37620.00,""
1202,2024-06-26,167,86,14362.00,""
1202,2024-07-01,217,170,36890.00,""
1202,2024-07-03,183,231,42273.00,""
1202,2024-07-05,219,179,39201.00,""
1202,2024-07-08,219,134,29346.00,""
1202,2024-07-12,205,101,20705.00,""
1202,2024-07-13,329,189,62181.00,""
1202,2024-07-16,113,55,6215.00,""
1202,2024-07-19,121,107,12947.00,""
1548,2024-05-26,152,94,14288.00,""
1548,2024-05-27,112,53,5936.00,""
1548,2024-05-30,41,109,4469.00,""
1548,2024-05-31,42,77,3234.00,""
1548,2024-06-07,145,146,21170.00,""
1548,2024-06-08,86,244,20984.00,""
1548,2024-06-09,309,208,64272.00,""
1548,2024-06-10,112,141,15792.00,""
1548,2024-06-11,316,250,79000.00,""
1548,2024-06-12,135,179,24165.00,""
1548,2024-06-14,145,182,26390.00,""
1548,2024-06-18,135,87,11745.00,""
1548,2024-06-20,157,186,29202.00,""
1548,2024-07-04,296,135,39960.00,""
1548,2024-07-05,323,88,28424.00,""
1548,2024-07-07,109,74,8066.00,""
1548,2024-07-10,326,67,21842.00,""
1548,2024-07-16,289,222,64158.00,""
1548,2024-07-26,180,236,42480.00,""
1548,2024-08-02,86,220,18920.00,""
1548,2024-08-05,177,210,37170.00,""
1548,2024-08-06,165,62,10230.00,""
1548,2024-08-08,259,101,26159.00,""
1548,2024-08-10,113,167,18871.00,""
1548,2024-08-16,348,62,21576.00,""
1548,2024-08-19,313,154,48202.00,""
1548,2024-09-09,293,84,24612.00,""
1548,2024-09-10,111,140,15540.00,""
1548,2024-09-16,244,151,36844.00,""
1548,2024-09-17,283,131,37073.00,""
1676,2024-05-25,112,26,2912.00,""
1676,2024-05-27,86,89,7654.00,""
1676,2024-05-28,105,44,4620.00,""
1676,2024-05-30,179,138,24702.00,""
1676,2024-05-31,74,100,7400.00,""
1676,2024-06-05,321,139,44619.00,""
1676,2024-06-08,142,209,29678.00,""
1676,2024-06-09,218,68,14824.00,""
1676,2024-06-11,345,183,63135.00,""
1676,2024-06-12,167,149,24883.00,""
1676,2024-06-14,304,52,15808.00,""
1676,2024-06-16,332,116,38512.00,""
1676,2024-06-18,136,124,16864.00,""
1676,2024-06-23,177,201,35577.00,""
1676,2024-06-25,99,79,7821.00,""
1676,2024-06-26,258,139,35862.00,""
1676,2024-06-30,131,74,9694.00,""
1676,2024-07-03,80,141,11280.00,""
1676,2024-07-08,166,197,32702.00,""
1676,2024-07-18,260,101,26260.00,""
1676,2024-07-23,129,161,20769.00,""
1676,2024-07-24,348,99,34452.00,""
1676,2024-07-26,114,195,22230.00,""
1676,2024-07-30,338,161,54418.00,""
1676,2024-07-31,197,113,22261.00,""
1676,2024-08-03,93,170,15810.00,""
1676,2024-08-12,109,247,26923.00,""
1676,2024-08-16,92,245,22540.00,""
1676,2024-08-18,214,164,35096.00,""
1676,2024-08-27,322,191,61502.00,""
1676,2024-09-09,103,164,16892.00,""
1676,2024-09-16,279,109,30411.00,""
1676,2024-09-17,152,63,9576.00,""
1227,2024-05-20,49,34,1666.00,""
1227,2024-05-22,68,57,3876.00,""
1227,2024-05-23,54,85,4590.00,""
1227,2024-05-25,96,124,11904.00,""
1227,2024-05-28,144,29,4176.00,""
1227,2024-06-02,111,180,19980.00,""
1227,2024-06-11,140,84,11760.00,""
1227,2024-06-17,306,179,54774.00,""
1227,2024-06-30,218,67,14606.00,""
1227,2024-07-03,145,114,16530.00,""
1227,2024-07-04,226,108,24408.00,""
1227,2024-07-05,170,124,21080.00,""
1227,2024-07-18,199,222,44178.00,""
1227,2024-07-19,127,96,12192.00,""
1227,2024-07-21,259,71,18389.00,""
1227,2024-07-22,289,110,31790.00,""
1227,2024-07-25,340,144,48960.00,""
1227,2024-07-26,128,87,11136.00,""
1227,2024-07-27,126,121,15246.00,""
1227,2024-07-29,224,222,49728.00,""
1227,2024-07-30,310,250,77500.00,""
1227,2024-08-01,89,237,21093.00,""
1444,2024-05-27,126,66,8316.00,""
1444,2024-05-29,103,129,13287.00,""
1444,2024-05-30,168,39,6552.00,""
1444,2024-06-01,169,210,35490.00,""
1444,2024-06-02,291,100,29100.00,""
1444,2024-06-04,97,81,7857.00,""
1444,2024-06-05,322,153,49266.00,""
1444,2024-06-06,257,117,30069.00,""
1444,2024-06-08,342,85,29070.00,""
1444,2024-06-11,116,235,27260.00,""
1444,2024-06-13,331,127,42037.00,""
1444,2024-06-18,123,192,23616.00,""
1444,2024-06-22,228,108,24624.00,""
1444,2024-06-23,145,146,21170.00,""
1444,2024-06-27,114,189,21546.00,""
1444,2024-06-28,133,166,22078.00,""
1501,2024-05-21,90,89,8010.00,""
1501,2024-05-25,59,126,7434.00,""
1501,2024-05-27,143,122,17446.00,""
1501,2024-05-28,125,136,17000.00,""
1501,2024-06-02,193,106,20458.00,""
1501,2024-06-06,249,247,61503.00,""
1501,2024-06-11,273,235,64155.00,""
1501,2024-06-12,217,160,34720.00,""
1501,2024-06-13,93,231,21483.00,""
1501,2024-06-15,333,225,74925.00,""
1501,2024-06-18,235,204,47940.00,""
1501,2024-06-20,252,99,24948.00,""
1717,2024-05-22,153,144,22032.00,""
1717,2024-05-29,100,60,6000.00,""
1717,2024-05-31,198,78,15444.00,""
1717,2024-06-01,179,183,32757.00,""
1717,2024-06-05,104,70,7280.00,""
1717,2024-06-06,248,159,39432.00,""
1717,2024-06-09,108,186,20088.00,""
1717,2024-06-11,180,224,40320.00,""
1717,2024-06-12,205,245,50225.00,""
1717,2024-06-19,100,151,15100.00,""
1717,2024-07-04,346,151,52246.00,""
1717,2024-07-10,328,210,68880.00,""
1717,2024-07-13,203,176,35728.00,""
1717,2024-07-14,173,83,14359.00,""
1717,2024-07-19,265,237,62805.00,""
1717,2024-07-30,157,204,32028.00,""
1717,2024-08-02,87,165,14355.00,""
1717,2024-08-10,211,195,41145.00,""
1717,2024-08-15,102,196,19992.00,""
1717,2024-08-17,240,155,37200.00,""
1717,2024-08-18,329,223,73367.00,""
1717,2024-08-20,301,85,25585.00,""
1717,2024-08-21,188,215,40420.00,""
1717,2024-08-22,206,230,47380.00,""
1717,2024-08-31,215,139,29885.00,""
1717,2024-09-04,156,131,20436.00,""
1717,2024-09-05,164,161,26404.00,""
1717,2024-09-09,194,195,37830.00,""
1717,2024-09-11,152,140,21280.00,""
1717,2024-09-13,278,137,38086.00,""
1717,2024-09-14,266,116,30856.00,""
1717,2024-09-15,173,112,19376.00,""
1723,2024-05-30,143,48,6864.00,""
1723,2024-06-07,320,55,17600.00,""
1723,2024-06-08,110,213,23430.00,""
1723,2024-06-10,146,154,22484.00,""
1723,2024-06-18,212,157,33284.00,""
1723,2024-06-19,274,232,63568.00,""
1723,2024-06-20,315,122,38430.00,""
1723,2024-06-30,330,51,16830.00,""
1723,2024-07-02,335,165,55275.00,""
1723,2024-07-03,100,246,24600.00,""
1723,2024-07-04,89,243,21627.00,""
1723,2024-07-05,343,249,85407.00,""
1723,2024-07-10,339,188,63732.00,""
1723,2024-07-11,199,68,13532.00,""
1723,2024-07-12,143,167,23881.00,""
1723,2024-07-13,83,165,13695.00,""
1723,2024-07-14,130,210,27300.00,""
1723,2024-07-19,328,112,36736.00,""
1723,2024-07-28,291,195,56745.00,""
1723,2024-07-29,263,180,47340.00,""
1723,2024-07-30,85,61,5185.00,""
1723,2024-08-01,350,89,31150.00,""
1723,2024-08-03,224,220,49280.00,""
1723,2024-08-09,201,176,35376.00,""
1723,2024-08-13,219,207,45333.00,""
1723,2024-08-14,95,70,6650.00,""
1723,2024-08-16,100,228,22800.00,""
1723,2024-08-22,263,98,25774.00,""
1723,2024-09-02,104,126,13104.00,""
1723,2024-09-06,207,136,28152.00,""
1723,2024-09-07,279,68,18972.00,""
1723,2024-09-08,136,132,17952.00,""
1723,2024-09-10,158,168,26544.00,""
1723,2024-09-11,124,163,20212.00,""
1723,2024-09-14,192,189,36288.00,""
1723,2024-09-16,155,93,14415.00,""
1723,2024-09-18,143,77,11011.00,""
1723,2024-09-23,122,130,15860.00,""
1723,2024-09-30,284,62,17608.00,""
1221,2024-05-18,56,67,3752.00,""
1221,2024-05-19,170,106,18020.00,""
1221,2024-05-20,155,52,8060.00,""
1221,2024-05-21,142,105,14910.00,""
1221,2024-05-23,189,114,21546.00,""
1221,2024-05-24,196,73,14308.00,""
1221,2024-05-25,61,36,2196.00,""
1221,2024-05-26,175,67,11725.00,""
1221,2024-05-31,62,61,3782.00,""
1221,2024-06-01,107,97,10379.00,""
1221,2024-06-05,319,192,61248.00,""
1221,2024-06-11,289,245,70805.00,""
1221,2024-06-23,297,120,35640.00,""
1221,2024-06-24,306,224,68544.00,""
1221,2024-07-02,103,115,11845.00,""
1221,2024-07-05,251,66,16566.00,""
1221,2024-07-08,320,54,17280.00,""
1221,2024-07-17,316,56,17696.00,""
1221,2024-07-19,312,173,53976.00,""
1221,2024-07-25,186,194,36084.00,""
1221,2024-08-04,309,122,37698.00,""
1221,2024-08-07,334,138,46092.00,""
1221,2024-08-12,282,208,58656.00,""
1218,2024-05-24,135,142,19170.00,""
1218,2024-05-29,124,60,7440.00,""
1218,2024-05-30,108,120,12960.00,""
1218,2024-06-06,181,141,25521.00,""
1218,2024-06-08,153,51,7803.00,""
1218,2024-06-10,265,224,59360.00,""
1218,2024-06-11,147,81,11907.00,""
1218,2024-06-16,183,198,36234.00,""
1218,2024-06-17,309,171,52839.00,""
1218,2024-06-20,269,64,17216.00,""
1218,2024-06-22,186,77,14322.00,""
1218,2024-06-29,213,162,34506.00,""
1218,2024-07-07,205,246,50430.00,""
1218,2024-07-15,137,128,17536.00,""
1218,2024-07-20,126,217,27342.00,""
1218,2024-07-21,218,144,31392.00,""
1218,2024-07-25,276,72,19872.00,""
1218,2024-07-26,129,204,26316.00,""
1218,2024-07-29,259,72,18648.00,""
1218,2024-08-11,295,79,23305.00,""
1218,2024-08-18,272,203,55216.00,""
1420,2024-05-21,138,59,8142.00,""
1420,2024-05-22,157,80,12560.00,""
1420,2024-05-25,132,84,11088.00,""
1420,2024-05-27,54,96,5184.00,""
1420,2024-05-28,151,124,18724.00,""
1420,2024-06-05,124,112,13888.00,""
1420,2024-06-07,88,108,9504.00,""
1420,2024-06-12,129,239,30831.00,""
1420,2024-06-14,312,56,17472.00,""
1420,2024-06-23,164,191,31324.00,""
1420,2024-07-09,343,159,54537.00,""
1420,2024-07-16,311,175,54425.00,""
1420,2024-07-20,159,97,15423.00,""
1420,2024-07-25,193,145,27985.00,""
1420,2024-07-26,141,187,26367.00,""
1420,2024-07-29,326,105,34230.00,""
1420,2024-08-05,336,197,66192.00,""
1420,2024-08-12,216,173,37368.00,""
1420,2024-08-17,287,194,55678.00,""
1420,2024-08-21,101,231,23331.00,""
1420,2024-08-29,175,91,15925.00,""
1420,2024-08-30,333,111,36963.00,""
1420,2024-09-03,163,93,15159.00,""
1420,2024-09-12,181,136,24616.00,""
1420,2024-09-14,250,183,45750.00,""
1420,2024-09-15,211,137,28907.00,""
1420,2024-09-17,126,101,12726.00,""
1420,2024-09-18,268,66,17688.00,""
1420,2024-09-21,116,152,17632.00,""
1420,2024-09-26,291,182,52962.00,""
1420,2024-09-29,150,176,26400.00,""
1515,2024-05-22,57,29,1653.00,""
1515,2024-05-28,53,95,5035.00,""
1515,2024-05-30,75,139,10425.00,""
1515,2024-06-01,225,159,35775.00,""
1515,2024-06-13,205,191,39155.00,""
1515,2024-06-14,122,62,7564.00,""
1515,2024-06-16,156,51,7956.00,""
1515,2024-06-18,314,238,74732.00,""
1515,2024-06-22,194,171,33174.00,""
1751,2024-05-24,114,68,7752.00,""
1751,2024-05-26,149,138,20562.00,""
1751,2024-05-29,170,122,20740.00,""
1751,2024-05-31,65,89,5785.00,""
1751,2024-06-04,312,76,23712.00,""
1751,2024-06-06,166,145,24070.00,""
1751,2024-06-08,263,136,35768.00,""
1751,2024-06-13,284,77,21868.00,""
1751,2024-06-16,88,215,18920.00,""
1751,2024-06-18,255,112,28560.00,""
1751,2024-06-25,100,78,7800.00,""
1751,2024-06-27,247,51,12597.00,""
1751,2024-07-02,301,247,74347.00,""
1751,2024-07-06,241,176,42416.00,""
1751,2024-07-09,116,150,17400.00,""
1751,2024-07-22,82,181,14842.00,""
1751,2024-08-02,341,100,34100.00,""
1751,2024-08-05,328,113,37064.00,""
1751,2024-08-09,138,52,7176.00,""
1751,2024-08-16,260,61,15860.00,""
1751,2024-08-18,237,180,42660.00,""
1667,2024-05-28,90,148,13320.00,""
1667,2024-05-31,132,128,16896.00,""
1667,2024-06-04,346,203,70238.00,""
1667,2024-06-07,220,188,41360.00,""
1667,2024-06-08,219,220,48180.00,""
1667,2024-06-09,281,89,25009.00,""
1667,2024-06-14,258,83,21414.00,""
1667,2024-06-16,211,177,37347.00,""
1667,2024-06-20,204,219,44676.00,""
1667,2024-06-23,338,231,78078.00,""
1667,2024-07-01,153,52,7956.00,""
1667,2024-07-08,111,248,27528.00,""
1667,2024-07-15,256,176,45056.00,""
1667,2024-07-19,227,171,38817.00,""
1667,2024-07-25,181,209,37829.00,""
1667,2024-07-27,336,62,20832.00,""
1667,2024-07-29,185,50,9250.00,""
1667,2024-07-31,274,207,56718.00,""
1667,2024-08-03,314,246,77244.00,""
1667,2024-08-06,266,55,14630.00,""
1667,2024-08-12,124,68,8432.00,""
1667,2024-08-13,139,199,27661.00,""
1667,2024-08-19,154,243,37422.00,""
1667,2024-08-20,328,241,79048.00,""
1667,2024-08-27,226,241,54466.00,""
1667,2024-08-29,263,124,32612.00,""
1667,2024-09-01,258,181,46698.00,""
1667,2024-09-02,154,189,29106.00,""
1498,2024-05-27,187,94,17578.00,""
1498,2024-05-29,106,58,6148.00,""
1498,2024-06-03,259,170,44030.00,""
1498,2024-06-06,205,136,27880.00,""
1498,2024-06-12,307,240,73680.00,""
1498,2024-06-19,122,192,23424.00,""
1498,2024-06-26,101,101,10201.00,""
1498,2024-06-27,129,145,18705.00,""
1498,2024-06-29,264,104,27456.00,""
1498,2024-06-30,171,90,15390.00,""
1498,2024-07-08,174,166,28884.00,""
1498,2024-07-09,89,225,20025.00,""
1498,2024-07-11,114,222,25308.00,""
1498,2024-07-13,213,111,23643.00,""
1498,2024-07-15,121,136,16456.00,""
1498,2024-07-18,297,195,57915.00,""
1778,2024-05-28,190,141,26790.00,""
1778,2024-05-29,109,52,5668.00,""
1778,2024-06-03,184,89,16376.00,""
1778,2024-06-04,246,187,46002.00,""
1778,2024-06-05,155,73,11315.00,""
1778,2024-06-18,290,171,49590.00,""
1778,2024-06-19,152,141,21432.00,""
1778,2024-06-20,229,232,53128.00,""
1778,2024-06-22,92,107,9844.00,""
1778,2024-06-23,336,133,44688.00,""
1778,2024-06-25,214,205,43870.00,""
1778,2024-07-02,126,62,7812.00,""
1778,2024-07-06,160,138,22080.00,""
1778,2024-07-12,180,190,34200.00,""
1778,2024-07-14,267,127,33909.00,""
1778,2024-07-15,242,139,33638.00,""
1778,2024-07-18,197,185,36445.00,""
1778,2024-07-23,148,167,24716.00,""
1778,2024-07-24,281,50,14050.00,""
1778,2024-07-27,229,108,24732.00,""
1778,2024-07-28,187,224,41888.00,""
1778,2024-07-30,143,81,11583.00,""
1778,2024-08-01,259,245,63455.00,""
1778,2024-08-12,215,189,40635.00,""
1778,2024-08-23,314,180,56520.00,""
1778,2024-08-24,252,228,57456.00,""
1778,2024-08-25,220,176,38720.00,""
1778,2024-08-30,313,84,26292.00,""
1778,2024-09-02,146,143,20878.00,""
1778,2024-09-03,296,95,28120.00,""
1400,2024-05-27,52,128,6656.00,""
1400,2024-05-29,180,138,24840.00,""
1400,2024-06-02,91,194,17654.00,""
1400,2024-06-07,309,54,16686.00,""
1400,2024-06-10,167,57,9519.00,""
1400,2024-06-16,133,169,22477.00,""
1400,2024-06-27,212,169,35828.00,""
1400,2024-06-30,91,184,16744.00,""
1400,2024-07-07,229,119,27251.00,""
1400,2024-07-15,112,101,11312.00,""
1400,2024-07-17,278,155,43090.00,""
1511,2024-05-24,138,20,2760.00,""
1511,2024-05-28,68,21,1428.00,""
1511,2024-05-29,142,98,13916.00,""
1511,2024-05-31,75,72,5400.00,""
1511,2024-06-05,212,115,24380.00,""
1511,2024-06-06,320,244,78080.00,""
1511,2024-06-10,146,109,15914.00,""
1511,2024-06-16,136,189,25704.00,""
1511,2024-06-17,161,219,35259.00,""
1511,2024-06-19,268,200,53600.00,""
1511,2024-06-21,154,102,15708.00,""
1511,2024-06-30,324,171,55404.00,""
1511,2024-07-01,293,136,39848.00,""
1511,2024-07-03,248,143,35464.00,""
1511,2024-07-12,248,238,59024.00,""
1511,2024-07-16,193,62,11966.00,""
1511,2024-07-17,165,165,27225.00,""
1511,2024-07-21,321,180,57780.00,""
1511,2024-07-25,108,221,23868.00,""
1511,2024-08-01,262,90,23580.00,""
1511,2024-08-12,273,128,34944.00,""
1511,2024-08-14,256,149,38144.00,""
1511,2024-08-20,318,82,26076.00,""
1511,2024-08-21,204,210,42840.00,""
1511,2024-08-22,246,76,18696.00,""
1511,2024-08-26,139,95,13205.00,""
1511,2024-09-03,199,150,29850.00,""
1511,2024-09-13,223,110,24530.00,""
1511,2024-09-15,261,111,28971.00,""
1511,2024-09-16,114,125,14250.00,""
1511,2024-09-18,196,169,33124.00,""
1511,2024-09-25,200,86,17200.00,""
1511,2024-09-30,229,78,17862.00,""
1342,2024-05-22,186,78,14508.00,""
1342,2024-05-23,51,148,7548.00,""
1342,2024-05-26,173,35,6055.00,""
1342,2024-06-05,256,190,48640.00,""
1342,2024-06-11,114,84,9576.00,""
1342,2024-06-20,289,227,65603.00,""
1342,2024-06-29,231,118,27258.00,""
1342,2024-07-01,255,191,48705.00,""
1342,2024-07-03,156,155,24180.00,""
1342,2024-07-07,330,238,78540.00,""
1342,2024-07-08,203,78,15834.00,""
1342,2024-07-18,155,113,17515.00,""
1342,2024-08-02,256,173,44288.00,""
1342,2024-08-06,236,239,56404.00,""
1342,2024-08-09,303,137,41511.00,""
1342,2024-08-11,189,85,16065.00,""
1342,2024-08-21,121,102,12342.00,""
1342,2024-08-22,277,80,22160.00,""
1342,2024-08-24,259,215,55685.00,""
1342,2024-08-27,227,126,28602.00,""
1342,2024-08-30,84,187,15708.00,""
1342,2024-09-02,182,61,11102.00,""
1626,2024-05-21,42,143,6006.00,""
1626,2024-05-23,116,118,13688.00,""
1626,2024-05-24,190,36,6840.00,""
1626,2024-05-26,133,99,13167.00,""
1626,2024-05-28,69,132,9108.00,""
1626,2024-05-30,66,84,5544.00,""
1626,2024-06-11,153,206,31518.00,""
1626,2024-06-12,198,212,41976.00,""
1626,2024-06-17,274,65,17810.00,""
1626,2024-06-19,143,250,35750.00,""
1626,2024-06-27,121,170,20570.00,""
1626,2024-07-02,100,127,12700.00,""
1626,2024-07-03,275,176,48400.00,""
1626,2024-07-04,280,211,59080.00,""
1626,2024-07-06,120,232,27840.00,""
1626,2024-07-12,157,79,12403.00,""
1626,2024-07-17,145,192,27840.00,""
1626,2024-07-22,302,175,52850.00,""
1626,2024-07-23,346,212,73352.00,""
1626,2024-07-29,195,222,43290.00,""
1626,2024-07-30,228,84,19152.00,""
1201,2024-05-20,41,51,2091.00,""
1201,2024-05-21,148,56,8288.00,""
1201,2024-05-25,87,40,3480.00,""
1201,2024-06-01,113,241,27233.00,""
1201,2024-06-02,225,195,43875.00,""
1201,2024-06-09,191,148,28268.00,""
1201,2024-06-11,183,95,17385.00,""
1201,2024-06-12,224,163,36512.00,""
1201,2024-06-17,109,221,24089.00,""
1201,2024-06-19,97,245,23765.00,""
1201,2024-07-01,324,216,69984.00,""
1201,2024-07-02,271,108,29268.00,""
1201,2024-07-13,304,242,73568.00,""
1201,2024-07-15,145,153,22185.00,""
1201,2024-07-18,169,64,10816.00,""
1201,2024-07-21,89,104,9256.00,""
1201,2024-07-22,131,91,11921.00,""
1201,2024-07-25,257,65,16705.00,""
1201,2024-08-08,189,206,38934.00,""
1201,2024-08-12,149,172,25628.00,""
1201,2024-08-14,244,183,44652.00,""
1201,2024-08-22,239,220,52580.00,""
1201,2024-09-01,284,122,34648.00,""
1201,2024-09-02,278,139,38642.00,""
1201,2024-09-03,191,145,27695.00,""
1201,2024-09-06,273,119,32487.00,""
1201,2024-09-08,277,61,16897.00,""
1538,2024-05-23,122,146,17812.00,""
1538,2024-05-25,134,54,7236.00,""
1538,2024-05-26,107,137,14659.00,""
1538,2024-05-28,150,57,8550.00,""
1538,2024-05-31,101,58,5858.00,""
1538,2024-06-03,301,100,30100.00,""
1538,2024-06-04,263,104,27352.00,""
1538,2024-06-05,148,83,12284.00,""
1538,2024-06-06,312,155,48360.00,""
1538,2024-06-10,269,237,63753.00,""
1538,2024-06-18,244,76,18544.00,""
1538,2024-06-22,272,110,29920.00,""
1538,2024-06-24,102,90,9180.00,""
1538,2024-06-26,278,115,31970.00,""
1538,2024-06-29,188,98,18424.00,""
1538,2024-07-01,347,157,54479.00,""
1538,2024-07-02,137,163,22331.00,""
1538,2024-07-04,310,117,36270.00,""
1538,2024-07-06,160,172,27520.00,""
1538,2024-07-08,119,189,22491.00,""
1538,2024-07-13,133,169,22477.00,""
1538,2024-07-15,311,120,37320.00,""
1538,2024-07-20,100,149,14900.00,""
1538,2024-07-23,112,170,19040.00,""
1538,2024-07-29,268,201,53868.00,""
1538,2024-08-01,264,59,15576.00,""
1538,2024-08-02,132,71,9372.00,""
1538,2024-08-04,293,248,72664.00,""
1538,2024-08-07,266,194,51604.00,""
1538,2024-08-08,150,69,10350.00,""
1538,2024-08-09,98,60,5880.00,""
1538,2024-08-13,275,101,27775.00,""
1538,2024-08-15,222,195,43290.00,""
1538,2024-08-17,255,162,41310.00,""
1453,2024-05-26,86,71,6106.00,""
1453,2024-05-27,99,146,14454.00,""
1453,2024-05-28,163,130,21190.00,""
1453,2024-05-30,89,122,10858.00,""
1453,2024-05-31,108,60,6480.00,""
1453,2024-06-01,241,209,50369.00,""
1453,2024-06-02,242,154,37268.00,""
1453,2024-06-03,183,66,12078.00,""
1453,2024-06-07,199,89,17711.00,""
1453,2024-06-08,92,162,14904.00,""
1453,2024-06-19,246,173,42558.00,""
1453,2024-06-23,107,151,16157.00,""
1453,2024-06-27,323,61,19703.00,""
1453,2024-06-28,98,79,7742.00,""
1453,2024-06-29,297,139,41283.00,""
1453,2024-07-05,88,146,12848.00,""
1453,2024-07-07,276,160,44160.00,""
1453,2024-07-10,180,121,21780.00,""
1268,2024-05-23,181,80,14480.00,""
1268,2024-05-24,41,61,2501.00,""
1268,2024-05-25,121,92,11132.00,""
1268,2024-05-26,200,41,8200.00,""
1268,2024-05-27,87,124,10788.00,""
1268,2024-05-28,168,109,18312.00,""
1268,2024-05-30,97,138,13386.00,""
1268,2024-05-31,193,24,4632.00,""
1268,2024-06-02,288,52,14976.00,""
1268,2024-06-08,274,128,35072.00,""
1268,2024-06-11,228,76,17328.00,""
1268,2024-06-15,336,189,63504.00,""
1268,2024-06-19,229,185,42365.00,""
1268,2024-06-20,93,52,4836.00,""
1268,2024-06-23,328,116,38048.00,""
1268,2024-06-24,350,118,41300.00,""
1268,2024-06-25,202,78,15756.00,""
1268,2024-07-07,135,175,23625.00,""
1268,2024-07-13,121,218,26378.00,""
1268,2024-07-17,220,73,16060.00,""
1268,2024-07-19,333,158,52614.00,""
1268,2024-07-21,272,207,56304.00,""
1268,2024-07-23,233,205,47765.00,""
1268,2024-07-27,272,154,41888.00,""
1268,2024-07-30,305,240,73200.00,""
1268,2024-08-04,213,95,20235.00,""
1268,2024-08-05,281,161,45241.00,""
1268,2024-08-08,191,214,40874.00,""
1268,2024-08-09,285,98,27930.00,""
1268,2024-08-11,240,139,33360.00,""
1268,2024-08-23,338,134,45292.00,""
1268,2024-08-25,335,227,76045.00,""
1268,2024-08-29,101,118,11918.00,""
1268,2024-09-01,198,69,13662.00,""
1268,2024-09-08,134,199,26666.00,""
1268,2024-09-09,242,159,38478.00,""
1268,2024-09-14,284,106,30104.00,""
1268,2024-09-16,289,95,27455.00,""
1268,2024-09-17,127,154,19558.00,""
1268,2024-09-21,255,150,38250.00,""
1268,2024-09-23,158,137,21646.00,""
1268,2024-09-30,265,148,39220.00,""
1747,2024-05-24,42,38,1596.00,""
1747,2024-05-25,170,37,6290.00,""
1747,2024-05-31,52,118,6136.00,""
1747,2024-06-03,215,199,42785.00,""
1747,2024-06-06,228,116,26448.00,""
1747,2024-06-11,298,224,66752.00,""
1747,2024-06-12,117,249,29133.00,""
1747,2024-06-16,293,172,50396.00,""
1747,2024-07-03,175,194,33950.00,""
1747,2024-07-15,243,81,19683.00,""
1747,2024-07-20,103,63,6489.00,""
1747,2024-07-28,348,220,76560.00,""
1747,2024-07-30,210,79,16590.00,""
1747,2024-08-02,341,172,58652.00,""
1747,2024-08-10,107,149,15943.00,""
1747,2024-08-11,112,119,13328.00,""
1747,2024-08-12,219,228,49932.00,""
1747,2024-08-13,343,190,65170.00,""
1747,2024-08-22,127,223,28321.00,""
1747,2024-08-23,306,121,37026.00,""
1747,2024-08-24,206,166,34196.00,""
1747,2024-08-31,182,117,21294.00,""
1747,2024-09-06,102,78,7956.00,""
1747,2024-09-12,223,162,36126.00,""
1747,2024-09-14,229,94,21526.00,""
1747,2024-09-18,102,190,19380.00,""
1747,2024-09-23,198,74,14652.00,""
1747,2024-09-25,228,107,24396.00,""
1255,2024-05-26,56,147,8232.00,""
1255,2024-05-30,100,79,7900.00,""
1255,2024-05-31,136,120,16320.00,""
1255,2024-06-04,199,195,38805.00,""
1255,2024-06-05,250,214,53500.00,""
1255,2024-06-17,100,96,9600.00,""
1255,2024-06-22,191,162,30942.00,""
1255,2024-06-24,137,53,7261.00,""
1255,2024-06-29,309,217,67053.00,""
1255,2024-07-04,247,91,22477.00,""
1255,2024-07-06,158,97,15326.00,""
1255,2024-07-07,213,180,38340.00,""
1255,2024-07-14,171,138,23598.00,""
1255,2024-08-01,328,205,67240.00,""
1255,2024-08-05,342,120,41040.00,""
1255,2024-08-09,188,215,40420.00,""
1255,2024-08-11,93,50,4650.00,""
1255,2024-08-13,324,133,43092.00,""
1255,2024-08-28,204,92,18768.00,""
1255,2024-09-01,256,111,28416.00,""
1255,2024-09-02,133,105,13965.00,""
1255,2024-09-05,293,110,32230.00,""
1255,2024-09-07,243,146,35478.00,""
1255,2024-09-15,187,200,37400.00,""
1255,2024-09-16,291,162,47142.00,""
1255,2024-09-19,183,199,36417.00,""
1255,2024-09-21,259,108,27972.00,""
1255,2024-09-22,111,74,8214.00,""
1255,2024-09-23,117,92,10764.00,""
1255,2024-09-28,126,101,12726.00,""
1752,2024-05-19,116,82,9512.00,""
1752,2024-05-20,87,104,9048.00,""
1752,2024-05-22,128,26,3328.00,""
1752,2024-05-28,106,86,9116.00,""
1752,2024-05-30,88,144,12672.00,""
1752,2024-05-31,151,113,17063.00,""
1752,2024-06-04,176,50,8800.00,""
1752,2024-06-09,307,59,18113.00,""
1752,2024-06-15,287,58,16646.00,""
1752,2024-06-16,117,130,15210.00,""
1752,2024-06-19,97,152,14744.00,""
1752,2024-06-20,258,105,27090.00,""
1752,2024-07-02,295,57,16815.00,""
1752,2024-07-05,92,165,15180.00,""
1752,2024-07-06,142,129,18318.00,""
1752,2024-07-08,198,196,38808.00,""
1752,2024-07-11,148,230,34040.00,""
1752,2024-07-13,109,222,24198.00,""
1752,2024-07-20,300,168,50400.00,""
1752,2024-07-21,285,56,15960.00,""
1752,2024-07-24,251,77,19327.00,""
1752,2024-07-27,164,106,17384.00,""
1752,2024-07-30,138,163,22494.00,""
1752,2024-08-01,220,149,32780.00,""
1680,2024-05-23,68,65,4420.00,""
1680,2024-05-28,95,125,11875.00,""
1680,2024-05-29,186,24,4464.00,""
1680,2024-05-30,65,102,6630.00,""
1680,2024-05-31,176,119,20944.00,""
1680,2024-06-01,340,71,24140.00,""
1680,2024-06-02,249,183,45567.00,""
1680,2024-06-07,100,201,20100.00,""
1680,2024-06-09,295,139,41005.00,""
1680,2024-06-13,219,190,41610.00,""
1680,2024-06-17,287,129,37023.00,""
1680,2024-06-18,260,241,62660.00,""
1680,2024-06-20,229,148,33892.00,""
1680,2024-06-23,143,187,26741.00,""
1680,2024-06-29,313,174,54462.00,""
1680,2024-07-02,120,101,12120.00,""
1680,2024-07-03,339,76,25764.00,""
1680,2024-07-15,87,235,20445.00,""
1680,2024-07-17,173,54,9342.00,""
1680,2024-07-18,333,149,49617.00,""
1680,2024-07-20,280,181,50680.00,""
1680,2024-07-30,328,137,44936.00,""
1680,2024-07-31,331,104,34424.00,""
1680,2024-08-02,291,58,16878.00,""
1680,2024-08-11,219,148,32412.00,""
1680,2024-08-15,128,200,25600.00,""
1680,2024-08-19,140,88,12320.00,""
1680,2024-08-20,176,165,29040.00,""
1680,2024-08-26,204,204,41616.00,""
1680,2024-08-27,181,100,18100.00,""
1680,2024-08-29,178,226,40228.00,""
1680,2024-08-30,319,142,45298.00,""
1680,2024-09-02,300,162,48600.00,""
1680,2024-09-05,262,137,35894.00,""
1680,2024-09-11,226,156,35256.00,""
1680,2024-09-14,269,61,16409.00,""
1680,2024-09-15,263,188,49444.00,""
1680,2024-09-17,153,158,24174.00,""
1680,2024-09-20,141,80,11280.00,""
1680,2024-09-21,252,84,21168.00,""
1786,2024-05-21,189,53,10017.00,""
1786,2024-05-22,70,109,7630.00,""
1786,2024-05-26,192,122,23424.00,""
1786,2024-05-29,174,82,14268.00,""
1786,2024-06-01,176,186,32736.00,""
1786,2024-06-07,104,61,6344.00,""
1786,2024-06-30,167,184,30728.00,""
1786,2024-07-03,282,175,49350.00,""
1786,2024-07-05,330,133,43890.00,""
1786,2024-07-13,336,204,68544.00,""
1786,2024-07-14,296,160,47360.00,""
1786,2024-07-19,238,117,27846.00,""
1786,2024-07-27,301,218,65618.00,""
1786,2024-07-29,306,210,64260.00,""
1786,2024-08-02,277,149,41273.00,""
1786,2024-08-05,151,170,25670.00,""
1786,2024-08-10,154,108,16632.00,""
1786,2024-08-11,336,129,43344.00,""
1786,2024-08-13,176,224,39424.00,""
1786,2024-08-14,83,141,11703.00,""
1786,2024-08-16,269,226,60794.00,""
1786,2024-08-19,112,232,25984.00,""
1786,2024-08-20,243,222,53946.00,""
1786,2024-08-21,128,147,18816.00,""
1786,2024-08-22,232,165,38280.00,""
1786,2024-08-23,165,140,23100.00,""
1786,2024-08-24,298,136,40528.00,""
1786,2024-08-26,80,137,10960.00,""
1786,2024-08-27,163,57,9291.00,""
1786,2024-08-28,271,90,24390.00,""
1786,2024-08-31,264,140,36960.00,""
1786,2024-09-02,171,153,26163.00,""
1252,2024-05-29,104,95,9880.00,""
1252,2024-06-01,228,70,15960.00,""
1252,2024-06-02,286,233,66638.00,""
1252,2024-06-06,210,126,26460.00,""
1252,2024-06-20,126,75,9450.00,""
1252,2024-06-23,312,123,38376.00,""
1252,2024-06-25,295,72,21240.00,""
1252,2024-07-07,189,192,36288.00,""
1252,2024-07-17,272,120,32640.00,""
1252,2024-07-18,126,71,8946.00,""
1252,2024-07-19,163,126,20538.00,""
1252,2024-07-20,126,248,31248.00,""
1252,2024-07-22,149,240,35760.00,""
1252,2024-07-28,222,96,21312.00,""
1252,2024-08-01,318,86,27348.00,""
1252,2024-08-06,304,154,46816.00,""
1252,2024-08-10,237,71,16827.00,""
1252,2024-08-13,182,238,43316.00,""
1252,2024-08-26,319,221,70499.00,""
1252,2024-09-01,205,75,15375.00,""
1343,2024-05-19,127,122,15494.00,""
1343,2024-05-22,169,113,19097.00,""
1343,2024-05-24,63,27,1701.00,""
1343,2024-05-28,115,78,8970.00,""
1343,2024-05-29,42,78,3276.00,""
1343,2024-05-31,126,112,14112.00,""
1343,2024-06-02,193,211,40723.00,""
1343,2024-06-05,233,208,48464.00,""
1343,2024-06-07,185,186,34410.00,""
1343,2024-06-14,201,69,13869.00,""
1343,2024-06-17,253,240,60720.00,""
1343,2024-06-19,188,107,20116.00,""
1343,2024-06-22,151,130,19630.00,""
1343,2024-06-26,149,54,8046.00,""
1343,2024-06-27,117,130,15210.00,""
1343,2024-07-02,229,148,33892.00,""
1343,2024-07-05,310,235,72850.00,""
1343,2024-07-09,232,192,44544.00,""
1343,2024-07-20,247,143,35321.00,""
1343,2024-07-23,150,136,20400.00,""
1343,2024-07-25,339,163,55257.00,""
1343,2024-08-02,270,93,25110.00,""
1343,2024-08-03,178,157,27946.00,""
1343,2024-08-05,174,89,15486.00,""
1343,2024-08-09,275,63,17325.00,""
1343,2024-08-10,311,92,28612.00,""
1343,2024-08-14,91,229,20839.00,""
1343,2024-08-16,214,248,53072.00,""
1343,2024-08-19,93,189,17577.00,""
1343,2024-08-23,91,159,14469.00,""
1343,2024-08-29,128,231,29568.00,""
1407,2024-05-25,67,141,9447.00,""
1407,2024-05-26,77,75,5775.00,""
1407,2024-05-31,188,89,16732.00,""
1407,2024-06-01,168,231,38808.00,""
1407,2024-06-07,246,151,37146.00,""
1407,2024-06-08,88,203,17864.00,""
1407,2024-06-13,290,78,22620.00,""
1407,2024-06-16,244,154,37576.00,""
1407,2024-06-19,129,185,23865.00,""
1407,2024-06-21,123,247,30381.00,""
1401,2024-05-27,51,59,3009.00,""
1401,2024-05-28,160,61,9760.00,""
1401,2024-05-29,47,32,1504.00,""
1401,2024-05-31,91,112,10192.00,""
1401,2024-06-02,298,136,40528.00,""
1401,2024-06-08,112,126,14112.00,""
1401,2024-06-14,178,56,9968.00,""
1401,2024-06-18,145,163,23635.00,""
1401,2024-06-19,305,164,50020.00,""
1401,2024-06-27,226,106,23956.00,""
1401,2024-06-28,186,99,18414.00,""
1401,2024-07-07,99,133,13167.00,""
1401,2024-07-11,165,135,22275.00,""
1401,2024-07-13,301,225,67725.00,""
1401,2024-07-21,218,126,27468.00,""
1401,2024-07-28,157,123,19311.00,""
1401,2024-08-03,155,134,20770.00,""
1401,2024-08-04,259,94,24346.00,""
1401,2024-08-13,189,207,39123.00,""
1401,2024-08-17,312,218,68016.00,""
1401,2024-08-22,208,100,20800.00,""
1401,2024-08-23,276,97,26772.00,""
1401,2024-08-30,82,107,8774.00,""
1401,2024-08-31,252,110,27720.00,""
1401,2024-09-02,228,76,17328.00,""
1587,2024-05-25,186,115,21390.00,""
1587,2024-05-28,75,35,2625.00,""
1587,2024-05-30,162,81,13122.00,""
1587,2024-06-05,99,109,10791.00,""
1587,2024-06-06,193,64,12352.00,""
1587,2024-06-10,233,110,25630.00,""
1587,2024-06-13,199,221,43979.00,""
1587,2024-06-18,284,144,40896.00,""
1587,2024-06-22,116,88,10208.00,""
1587,2024-06-24,236,123,29028.00,""
1587,2024-07-04,250,157,39250.00,""
1587,2024-07-07,120,204,24480.00,""
1587,2024-07-10,90,201,18090.00,""
1587,2024-07-13,247,248,61256.00,""
1587,2024-07-18,306,206,63036.00,""
1587,2024-07-21,178,221,39338.00,""
1587,2024-07-24,198,60,11880.00,""
1587,2024-07-25,257,250,64250.00,""
1587,2024-07-26,325,200,65000.00,""
1587,2024-08-03,91,232,21112.00,""
1587,2024-08-10,175,152,26600.00,""
1587,2024-08-11,239,235,56165.00,""
1794,2024-05-22,158,77,12166.00,""
1794,2024-05-25,40,142,5680.00,""
1794,2024-05-27,44,37,1628.00,""
1794,2024-05-29,117,35,4095.00,""
1794,2024-06-07,176,224,39424.00,""
1794,2024-06-08,216,133,28728.00,""
1794,2024-06-15,317,102,32334.00,""
1794,2024-06-20,187,53,9911.00,""
1794,2024-06-21,223,227,50621.00,""
1794,2024-06-27,197,179,35263.00,""
1794,2024-07-01,166,78,12948.00,""
1794,2024-07-03,345,134,46230.00,""
1794,2024-07-14,149,58,8642.00,""
1794,2024-07-18,172,79,13588.00,""
1794,2024-07-23,269,134,36046.00,""
1591,2024-05-21,179,135,24165.00,""
1591,2024-05-24,48,67,3216.00,""
1591,2024-06-13,286,188,53768.00,""
1591,2024-06-14,276,69,19044.00,""
1591,2024-06-24,287,50,14350.00,""
1591,2024-06-26,113,215,24295.00,""
1591,2024-06-27,323,197,63631.00,""
1591,2024-07-04,111,143,15873.00,""
1591,2024-07-05,295,50,14750.00,""
1591,2024-07-10,254,56,14224.00,""
1591,2024-07-14,134,133,17822.00,""
1466,2024-05-23,186,91,16926.00,""
1466,2024-05-27,151,126,19026.00,""
1466,2024-05-31,149,66,9834.00,""
1466,2024-06-01,92,124,11408.00,""
1466,2024-06-03,153,248,37944.00,""
1466,2024-06-15,115,77,8855.00,""
1466,2024-06-22,267,143,38181.00,""
1296,2024-05-18,60,59,3540.00,""
1296,2024-05-19,144,96,13824.00,""
1296,2024-05-22,160,29,4640.00,""
1296,2024-05-24,45,107,4815.00,""
1296,2024-05-27,151,23,3473.00,""
1296,2024-05-30,198,115,22770.00,""
1296,2024-06-05,290,212,61480.00,""
1296,2024-07-13,220,81,17820.00,""
1296,2024-07-15,247,186,45942.00,""
1296,2024-07-16,236,226,53336.00,""
1296,2024-07-22,233,148,34484.00,""
1296,2024-07-23,204,214,43656.00,""
1296,2024-07-31,145,115,16675.00,""
1296,2024-08-01,263,118,31034.00,""
1296,2024-08-05,327,228,74556.00,""
1296,2024-08-08,154,74,11396.00,""
1296,2024-08-12,219,222,48618.00,""
1296,2024-08-19,322,181,58282.00,""
1296,2024-08-21,141,70,9870.00,""
1296,2024-08-30,121,245,29645.00,""
1296,2024-09-02,278,117,32526.00,""
1296,2024-09-06,153,135,20655.00,""
1296,2024-09-08,214,156,33384.00,""
1296,2024-09-13,164,189,30996.00,""
1296,2024-09-14,211,93,19623.00,""
1296,2024-09-19,215,157,33755.00,""
1296,2024-09-23,241,194,46754.00,""
1520,2024-05-21,118,61,7198.00,""
1520,2024-05-23,146,138,20148.00,""
1520,2024-05-30,49,42,2058.00,""
1520,2024-05-31,183,61,11163.00,""
1520,2024-06-07,99,85,8415.00,""
1520,2024-06-12,303,240,72720.00,""
1520,2024-06-13,208,112,23296.00,""
1520,2024-06-16,193,53,10229.00,""
1520,2024-06-22,295,88,25960.00,""
1520,2024-06-26,319,233,74327.00,""
1520,2024-06-27,149,162,24138.00,""
1520,2024-06-28,278,79,21962.00,""
1520,2024-06-30,317,232,73544.00,""
1520,2024-07-15,118,98,11564.00,""
1520,2024-07-16,334,208,69472.00,""
1520,2024-07-20,219,188,41172.00,""
1520,2024-07-21,291,142,41322.00,""
1520,2024-07-25,127,224,28448.00,""
1520,2024-08-09,299,105,31395.00,""
1520,2024-08-22,184,238,43792.00,""
1520,2024-08-24,164,130,21320.00,""
1520,2024-08-26,89,204,18156.00,""
1520,2024-08-28,273,226,61698.00,""
1520,2024-09-02,144,88,12672.00,""
1520,2024-09-05,139,170,23630.00,""
1520,2024-09-06,224,115,25760.00,""
1520,2024-09-07,102,169,17238.00,""
1520,2024-09-08,218,172,37496.00,""
1520,2024-09-15,107,198,21186.00,""
1520,2024-09-16,142,183,25986.00,""
1520,2024-09-21,270,121,32670.00,""
1520,2024-09-22,218,189,41202.00,""
1425,2024-05-17,78,57,4446.00,""
1425,2024-05-18,104,81,8424.00,""
1425,2024-05-19,63,105,6615.00,""
1425,2024-05-21,48,36,1728.00,""
1425,2024-05-22,171,33,5643.00,""
1425,2024-05-24,168,143,24024.00,""
1425,2024-05-27,66,137,9042.00,""
1425,2024-05-29,183,117,21411.00,""
1425,2024-05-31,126,120,15120.00,""
1425,2024-06-03,257,81,20817.00,""
1425,2024-06-09,322,124,39928.00,""
1425,2024-06-10,168,141,23688.00,""
1425,2024-06-11,168,64,10752.00,""
1425,2024-06-19,145,169,24505.00,""
1425,2024-06-20,149,55,8195.00,""
1425,2024-06-21,255,77,19635.00,""
1425,2024-06-27,152,187,28424.00,""
1425,2024-06-28,211,150,31650.00,""
1425,2024-07-06,125,213,26625.00,""
1425,2024-07-09,268,169,45292.00,""
1425,2024-07-11,192,163,31296.00,""
1425,2024-07-20,264,171,45144.00,""
1425,2024-07-22,246,129,31734.00,""
1425,2024-07-24,340,71,24140.00,""
1425,2024-07-29,146,126,18396.00,""
1425,2024-07-31,238,114,27132.00,""
1425,2024-08-01,340,131,44540.00,""
1425,2024-08-07,156,119,18564.00,""
1425,2024-08-16,256,231,59136.00,""
1425,2024-08-17,296,193,57128.00,""
1425,2024-08-20,232,205,47560.00,""
1425,2024-08-23,150,120,18000.00,""
1425,2024-08-27,274,149,40826.00,""
1425,2024-09-02,285,155,44175.00,""
1425,2024-09-03,207,81,16767.00,""
1425,2024-09-08,293,144,42192.00,""
1425,2024-09-17,245,163,39935.00,""
1425,2024-09-18,262,137,35894.00,""
1425,2024-09-20,228,63,14364.00,""
1425,2024-09-23,226,133,30058.00,""
1425,2024-09-25,138,78,10764.00,""
1425,2024-09-29,237,98,23226.00,""
1238,2024-05-20,189,57,10773.00,""
1238,2024-05-27,143,114,16302.00,""
1238,2024-05-31,53,111,5883.00,""
1238,2024-06-16,179,105,18795.00,""
1238,2024-06-19,184,213,39192.00,""
1238,2024-06-23,243,183,44469.00,""
1238,2024-06-24,195,186,36270.00,""
1238,2024-06-27,262,249,65238.00,""
1238,2024-06-28,242,210,50820.00,""
1768,2024-05-23,54,145,7830.00,""
1768,2024-05-29,178,112,19936.00,""
1768,2024-06-02,233,56,13048.00,""
1768,2024-06-03,160,57,9120.00,""
1768,2024-06-12,349,241,84109.00,""
1768,2024-06-19,143,147,21021.00,""
1768,2024-06-21,303,130,39390.00,""
1664,2024-05-21,177,106,18762.00,""
1664,2024-05-24,42,120,5040.00,""
1664,2024-05-26,113,147,16611.00,""
1664,2024-05-30,199,135,26865.00,""
1664,2024-05-31,157,49,7693.00,""
1664,2024-06-05,261,170,44370.00,""
1664,2024-06-08,288,164,47232.00,""
1664,2024-06-09,312,210,65520.00,""
1664,2024-06-10,222,233,51726.00,""
1664,2024-06-13,143,105,15015.00,""
1664,2024-06-18,234,181,42354.00,""
1664,2024-06-19,308,111,34188.00,""
1664,2024-06-20,325,146,47450.00,""
1701,2024-05-24,195,52,10140.00,""
1701,2024-05-26,44,143,6292.00,""
1701,2024-06-06,296,162,47952.00,""
1701,2024-06-08,225,127,28575.00,""
1701,2024-06-11,147,213,31311.00,""
1701,2024-06-14,324,134,43416.00,""
1701,2024-06-18,283,70,19810.00,""
1701,2024-06-24,336,60,20160.00,""
1701,2024-06-27,291,179,52089.00,""
1701,2024-06-30,138,117,16146.00,""
1459,2024-05-21,197,108,21276.00,""
1459,2024-05-23,149,146,21754.00,""
1459,2024-05-28,43,90,3870.00,""
1459,2024-06-06,169,189,31941.00,""
1459,2024-06-13,95,70,6650.00,""
1459,2024-06-14,171,155,26505.00,""
1459,2024-06-20,239,234,55926.00,""
1459,2024-06-27,109,122,13298.00,""
1459,2024-06-28,96,219,21024.00,""
1459,2024-06-29,201,241,48441.00,""
1459,2024-07-01,298,138,41124.00,""
1459,2024-07-05,309,99,30591.00,""
1459,2024-07-06,304,129,39216.00,""
1459,2024-07-08,194,81,15714.00,""
1459,2024-07-10,123,184,22632.00,""
1459,2024-07-23,204,143,29172.00,""
1459,2024-07-28,172,173,29756.00,""
1459,2024-08-14,297,207,61479.00,""
1459,2024-08-24,338,65,21970.00,""
1459,2024-08-25,327,152,49704.00,""
1459,2024-09-02,191,189,36099.00,""
1459,2024-09-05,130,87,11310.00,""
1517,2024-05-22,126,110,13860.00,""
1517,2024-05-25,86,120,10320.00,""
1517,2024-05-30,181,40,7240.00,""
1517,2024-06-02,173,71,12283.00,""
1517,2024-06-07,320,241,77120.00,""
1517,2024-06-08,151,65,9815.00,""
1517,2024-06-14,191,63,12033.00,""
1517,2024-06-18,336,76,25536.00,""
1517,2024-06-21,87,219,19053.00,""
1517,2024-06-24,180,64,11520.00,""
1517,2024-06-27,126,226,28476.00,""
1517,2024-06-29,335,158,52930.00,""
1517,2024-07-03,216,167,36072.00,""
1517,2024-07-05,302,122,36844.00,""
1517,2024-07-08,308,170,52360.00,""
1517,2024-07-11,283,151,42733.00,""
1517,2024-07-12,84,104,8736.00,""
1517,2024-07-15,302,89,26878.00,""
1517,2024-07-18,105,241,25305.00,""
1517,2024-07-23,118,100,11800.00,""
1517,2024-07-27,346,112,38752.00,""
1517,2024-07-28,193,114,22002.00,""
1517,2024-07-31,316,136,42976.00,""
1517,2024-08-02,84,190,15960.00,""
1517,2024-08-05,168,178,29904.00,""
1517,2024-08-07,257,65,16705.00,""
1517,2024-08-12,162,208,33696.00,""
1517,2024-08-17,166,115,19090.00,""
1517,2024-08-19,138,227,31326.00,""
1517,2024-08-21,308,246,75768.00,""
1517,2024-08-24,157,115,18055.00,""
1517,2024-08-25,347,180,62460.00,""
1616,2024-05-28,114,104,11856.00,""
1616,2024-05-31,199,62,12338.00,""
1616,2024-06-02,103,243,25029.00,""
1616,2024-06-03,92,83,7636.00,""
1616,2024-06-06,128,219,28032.00,""
1616,2024-06-12,88,83,7304.00,""
1616,2024-06-17,188,194,36472.00,""
1616,2024-06-20,268,51,13668.00,""
1616,2024-06-23,139,225,31275.00,""
1616,2024-06-25,165,215,35475.00,""
1616,2024-06-27,228,139,31692.00,""
1616,2024-06-30,179,183,32757.00,""
1616,2024-07-03,306,239,73134.00,""
1616,2024-07-04,251,129,32379.00,""
1616,2024-07-05,306,226,69156.00,""
1616,2024-07-07,111,141,15651.00,""
1616,2024-07-13,330,98,32340.00,""
1616,2024-07-14,311,111,34521.00,""
1616,2024-07-21,348,84,29232.00,""
1616,2024-07-24,114,63,7182.00,""
1616,2024-07-25,145,167,24215.00,""
1616,2024-07-26,121,126,15246.00,""
1616,2024-08-02,251,149,37399.00,""
1616,2024-08-03,117,247,28899.00,""
1616,2024-08-05,311,235,73085.00,""
1616,2024-08-06,305,64,19520.00,""
1616,2024-08-13,271,183,49593.00,""
1616,2024-08-24,232,210,48720.00,""
1616,2024-09-01,164,199,32636.00,""
1616,2024-09-04,188,168,31584.00,""
1616,2024-09-06,116,113,13108.00,""
1616,2024-09-07,265,136,36040.00,""
1616,2024-09-08,277,143,39611.00,""
1616,2024-09-09,112,189,21168.00,""
1616,2024-09-13,299,178,53222.00,""
1616,2024-09-14,101,156,15756.00,""
1616,2024-09-15,117,111,12987.00,""
1616,2024-09-17,134,196,26264.00,""
1616,2024-09-21,182,123,22386.00,""
1616,2024-09-23,150,161,24150.00,""
1616,2024-09-27,231,60,13860.00,""
1573,2024-05-19,55,82,4510.00,""
1573,2024-05-20,102,99,10098.00,""
1573,2024-05-22,86,121,10406.00,""
1573,2024-05-25,160,68,10880.00,""
1573,2024-05-26,189,65,12285.00,""
1573,2024-05-27,125,93,11625.00,""
1573,2024-05-29,93,75,6975.00,""
1573,2024-05-30,65,25,1625.00,""
1573,2024-06-06,160,76,12160.00,""
1573,2024-06-09,219,187,40953.00,""
1573,2024-06-10,94,249,23406.00,""
1573,2024-06-11,260,187,48620.00,""
1573,2024-06-13,208,57,11856.00,""
1573,2024-06-14,122,139,16958.00,""
1573,2024-07-02,287,134,38458.00,""
1573,2024-07-05,206,108,22248.00,""
1573,2024-07-08,178,57,10146.00,""
1573,2024-07-18,190,233,44270.00,""
1573,2024-07-22,213,190,40470.00,""
1573,2024-07-27,340,80,27200.00,""
1573,2024-07-29,292,148,43216.00,""
1573,2024-08-08,98,214,20972.00,""
1573,2024-08-17,253,183,46299.00,""
1573,2024-08-21,228,160,36480.00,""
1573,2024-08-29,204,59,12036.00,""
1573,2024-08-31,246,119,29274.00,""
1573,2024-09-01,125,179,22375.00,""
1573,2024-09-04,232,134,31088.00,""
1573,2024-09-05,132,121,15972.00,""
1573,2024-09-06,102,133,13566.00,""
1573,2024-09-11,139,105,14595.00,""
1573,2024-09-13,224,142,31808.00,""
1573,2024-09-17,173,68,11764.00,""
1573,2024-09-19,280,191,53480.00,""
1573,2024-09-21,197,189,37233.00,""
1573,2024-09-24,162,107,17334.00,""
1281,2024-05-24,126,59,7434.00,""
1281,2024-05-30,192,113,21696.00,""
1281,2024-06-03,98,91,8918.00,""
1281,2024-06-04,131,52,6812.00,""
1281,2024-06-05,135,193,26055.00,""
1281,2024-06-07,262,101,26462.00,""
1281,2024-06-08,204,213,43452.00,""
1281,2024-06-11,245,191,46795.00,""
1281,2024-06-19,225,97,21825.00,""
1281,2024-06-20,250,110,27500.00,""
1281,2024-06-21,101,168,16968.00,""
1281,2024-07-04,262,165,43230.00,""
1281,2024-07-07,322,151,48622.00,""
1281,2024-07-10,343,225,77175.00,""
1281,2024-07-11,220,225,49500.00,""
1281,2024-07-13,159,168,26712.00,""
1281,2024-07-19,103,74,7622.00,""
1281,2024-07-21,106,151,16006.00,""
1281,2024-07-22,108,249,26892.00,""
1281,2024-07-23,80,183,14640.00,""
1281,2024-07-28,296,204,60384.00,""
1281,2024-07-29,131,206,26986.00,""
1281,2024-07-30,275,98,26950.00,""
1281,2024-07-31,195,140,27300.00,""
1281,2024-08-03,85,132,11220.00,""
1281,2024-08-05,153,109,16677.00,""
1281,2024-08-06,348,127,44196.00,""
1621,2024-05-24,93,28,2604.00,""
1621,2024-05-28,121,87,10527.00,""
1621,2024-05-29,60,141,8460.00,""
1621,2024-06-01,256,148,37888.00,""
1621,2024-06-02,349,96,33504.00,""
1621,2024-06-03,275,142,39050.00,""
1621,2024-06-07,142,189,26838.00,""
1621,2024-06-16,316,103,32548.00,""
1621,2024-06-26,286,123,35178.00,""
1621,2024-06-28,143,72,10296.00,""
1621,2024-07-07,222,85,18870.00,""
1621,2024-07-13,91,64,5824.00,""
1621,2024-07-20,103,248,25544.00,""
1621,2024-07-28,296,91,26936.00,""
1621,2024-07-29,85,140,11900.00,""
1621,2024-07-30,279,192,53568.00,""
1621,2024-07-31,242,201,48642.00,""
1621,2024-08-02,278,153,42534.00,""
1621,2024-08-07,265,85,22525.00,""
1621,2024-08-09,129,105,13545.00,""
1621,2024-08-12,292,145,42340.00,""
1621,2024-08-13,190,215,40850.00,""
1621,2024-08-14,154,240,36960.00,""
1621,2024-08-15,305,202,61610.00,""
1621,2024-08-19,347,67,23249.00,""
1621,2024-08-28,199,101,20099.00,""
1621,2024-08-29,110,250,27500.00,""
1621,2024-08-30,138,153,21114.00,""
1621,2024-09-01,217,182,39494.00,""
1621,2024-09-05,222,122,27084.00,""
1621,2024-09-06,271,171,46341.00,""
1621,2024-09-09,219,159,34821.00,""
1621,2024-09-10,248,78,19344.00,""
1621,2024-09-15,133,135,17955.00,""
1621,2024-09-18,133,70,9310.00,""
1621,2024-09-20,222,118,26196.00,""
1621,2024-09-22,225,89,20025.00,""
1621,2024-09-23,188,115,21620.00,""
1619,2024-05-24,180,125,22500.00,""
1619,2024-05-27,75,124,9300.00,""
1619,2024-05-28,59,115,6785.00,""
1619,2024-05-31,151,85,12835.00,""
1619,2024-06-05,149,54,8046.00,""
1619,2024-06-10,157,156,24492.00,""
1619,2024-06-17,320,218,69760.00,""
1619,2024-06-18,325,65,21125.00,""
1619,2024-06-19,340,178,60520.00,""
1619,2024-06-21,159,62,9858.00,""
1619,2024-06-23,231,241,55671.00,""
1619,2024-06-24,132,94,12408.00,""
1619,2024-06-25,348,247,85956.00,""
1619,2024-06-27,284,96,27264.00,""
1619,2024-07-03,173,218,37714.00,""
1619,2024-07-05,155,245,37975.00,""
1619,2024-07-06,187,129,24123.00,""
1619,2024-07-11,307,171,52497.00,""
1619,2024-07-24,283,225,63675.00,""
1619,2024-07-27,95,101,9595.00,""
1619,2024-08-05,248,97,24056.00,""
1619,2024-08-11,86,84,7224.00,""
1619,2024-08-13,292,57,16644.00,""
1619,2024-08-21,311,51,15861.00,""
1619,2024-08-25,91,69,6279.00,""
1619,2024-08-31,268,112,30016.00,""
1619,2024-09-01,240,159,38160.00,""
1619,2024-09-06,191,176,33616.00,""
1619,2024-09-07,223,100,22300.00,""
1619,2024-09-08,233,185,43105.00,""
1619,2024-09-13,254,151,38354.00,""
1619,2024-09-14,171,92,15732.00,""
1619,2024-09-15,185,137,25345.00,""
1619,2024-09-21,278,182,50596.00,""
1619,2024-09-23,223,105,23415.00,""
1619,2024-09-28,152,140,21280.00,""
1619,2024-09-29,206,135,27810.00,""
1257,2024-05-21,151,97,14647.00,""
1257,2024-05-22,127,130,16510.00,""
1257,2024-05-27,73,46,3358.00,""
1257,2024-05-28,186,133,24738.00,""
1257,2024-05-31,185,69,12765.00,""
1257,2024-06-04,84,221,18564.00,""
1257,2024-06-07,134,204,27336.00,""
1257,2024-06-08,143,71,10153.00,""
1257,2024-06-09,301,86,25886.00,""
1257,2024-06-11,288,187,53856.00,""
1257,2024-06-14,115,90,10350.00,""
1257,2024-06-15,188,96,18048.00,""
1257,2024-06-19,164,210,34440.00,""
1257,2024-06-21,132,85,11220.00,""
1257,2024-06-23,250,216,54000.00,""
1257,2024-07-02,267,59,15753.00,""
1257,2024-07-05,131,86,11266.00,""
1257,2024-07-06,303,53,16059.00,""
1257,2024-07-11,226,91,20566.00,""
1257,2024-07-14,226,82,18532.00,""
1257,2024-07-21,205,96,19680.00,""
1257,2024-07-23,311,82,25502.00,""
1257,2024-07-31,211,101,21311.00,""
1669,2024-05-19,98,118,11564.00,""
1669,2024-05-23,176,122,21472.00,""
1669,2024-05-26,120,91,10920.00,""
1669,2024-05-27,171,58,9918.00,""
1669,2024-05-29,48,38,1824.00,""
1669,2024-06-08,280,181,50680.00,""
1669,2024-06-19,268,234,62712.00,""
1669,2024-06-20,252,56,14112.00,""
1669,2024-06-21,203,153,31059.00,""
1669,2024-06-23,284,127,36068.00,""
1669,2024-06-25,332,170,56440.00,""
1669,2024-06-27,263,89,23407.00,""
1669,2024-06-28,328,70,22960.00,""
1669,2024-06-30,171,141,24111.00,""
1669,2024-07-03,269,248,66712.00,""
1669,2024-07-12,213,238,50694.00,""
1669,2024-07-15,227,239,54253.00,""
1669,2024-07-29,271,178,48238.00,""
1669,2024-07-31,287,236,67732.00,""
1669,2024-08-02,219,216,47304.00,""
1669,2024-08-04,257,178,45746.00,""
1669,2024-08-07,175,92,16100.00,""
1669,2024-08-08,224,152,34048.00,""
1669,2024-08-09,276,81,22356.00,""
1669,2024-08-12,100,79,7900.00,""
1669,2024-08-14,267,74,19758.00,""
1669,2024-08-18,325,240,78000.00,""
1669,2024-08-28,298,203,60494.00,""
1669,2024-08-29,337,156,52572.00,""
1581,2024-05-19,72,31,2232.00,""
1581,2024-05-20,124,125,15500.00,""
1581,2024-05-21,110,147,16170.00,""
1581,2024-05-27,183,40,7320.00,""
1581,2024-05-28,125,109,13625.00,""
1581,2024-05-31,65,99,6435.00,""
1581,2024-06-02,178,191,33998.00,""
1581,2024-06-04,262,91,23842.00,""
1581,2024-06-06,335,67,22445.00,""
1581,2024-06-08,327,126,41202.00,""
1581,2024-06-14,287,118,33866.00,""
1581,2024-06-18,82,209,17138.00,""
1581,2024-06-19,325,64,20800.00,""
1581,2024-06-21,150,65,9750.00,""
1581,2024-06-26,90,234,21060.00,""
1581,2024-06-28,216,213,46008.00,""
1581,2024-07-07,229,236,54044.00,""
1581,2024-07-12,157,85,13345.00,""
1581,2024-07-20,206,207,42642.00,""
1581,2024-08-04,167,238,39746.00,""
1581,2024-08-05,158,121,19118.00,""
1581,2024-08-07,292,140,40880.00,""
1581,2024-08-08,180,224,40320.00,""
1581,2024-08-11,309,195,60255.00,""
1581,2024-08-12,197,177,34869.00,""
1581,2024-08-13,206,217,44702.00,""
1581,2024-08-19,260,158,41080.00,""
1226,2024-05-23,192,103,19776.00,""
1226,2024-05-26,127,20,2540.00,""
1226,2024-05-27,195,62,12090.00,""
1226,2024-06-06,206,101,20806.00,""
1226,2024-06-10,116,97,11252.00,""
1226,2024-06-12,232,72,16704.00,""
1226,2024-06-14,282,142,40044.00,""
1226,2024-06-19,81,209,16929.00,""
1226,2024-06-26,110,97,10670.00,""
1226,2024-07-03,187,76,14212.00,""
1226,2024-07-17,134,94,12596.00,""
1226,2024-07-18,120,215,25800.00,""
1226,2024-07-20,99,140,13860.00,""
1764,2024-06-03,260,157,40820.00,""
1764,2024-06-06,256,187,47872.00,""
1764,2024-06-09,296,53,15688.00,""
1764,2024-06-10,142,153,21726.00,""
1764,2024-06-15,216,73,15768.00,""
1764,2024-06-19,182,121,22022.00,""
1764,2024-06-23,268,57,15276.00,""
1764,2024-06-29,103,118,12154.00,""
1764,2024-07-01,233,186,43338.00,""
1764,2024-07-04,279,153,42687.00,""
1764,2024-07-08,166,65,10790.00,""
1764,2024-07-18,237,80,18960.00,""
1764,2024-07-22,246,241,59286.00,""
1764,2024-07-25,234,126,29484.00,""
1764,2024-07-27,298,82,24436.00,""
1764,2024-08-02,96,247,23712.00,""
1764,2024-08-04,328,71,23288.00,""
1764,2024-08-05,304,67,20368.00,""
1764,2024-08-06,118,239,28202.00,""
1764,2024-08-13,244,118,28792.00,""
1764,2024-08-26,266,135,35910.00,""
1764,2024-08-29,308,223,68684.00,""
1764,2024-09-02,294,82,24108.00,""
1764,2024-09-03,270,169,45630.00,""
1764,2024-09-08,118,69,8142.00,""
1764,2024-09-11,216,175,37800.00,""
1764,2024-09-20,177,174,30798.00,""
1764,2024-09-23,229,113,25877.00,""
1764,2024-09-29,196,60,11760.00,""
1764,2024-09-30,196,111,21756.00,""
1396,2024-05-25,200,91,18200.00,""
1396,2024-05-27,176,121,21296.00,""
1396,2024-05-30,101,88,8888.00,""
1396,2024-06-01,328,68,22304.00,""
1396,2024-06-03,242,165,39930.00,""
1396,2024-06-06,335,174,58290.00,""
1396,2024-06-10,260,189,49140.00,""
1396,2024-06-12,214,229,49006.00,""
1396,2024-06-15,282,63,17766.00,""
1396,2024-06-18,187,63,11781.00,""
1396,2024-06-21,232,125,29000.00,""
1396,2024-06-27,316,61,19276.00,""
1396,2024-07-01,121,197,23837.00,""
1396,2024-07-02,323,50,16150.00,""
1396,2024-07-12,225,180,40500.00,""
1396,2024-07-20,194,247,47918.00,""
1396,2024-07-23,90,64,5760.00,""
1396,2024-07-24,321,120,38520.00,""
1396,2024-07-27,237,126,29862.00,""
1396,2024-07-29,247,154,38038.00,""
1396,2024-08-01,331,127,42037.00,""
1396,2024-08-06,319,178,56782.00,""
1396,2024-08-07,155,68,10540.00,""
1396,2024-08-19,290,89,25810.00,""
1396,2024-08-26,152,105,15960.00,""
1396,2024-08-27,280,66,18480.00,""
1396,2024-08-29,242,179,43318.00,""
1396,2024-08-30,144,109,15696.00,""
1396,2024-09-01,187,85,15895.00,""
1396,2024-09-02,143,167,23881.00,""
1396,2024-09-03,209,128,26752.00,""
1396,2024-09-04,136,111,15096.00,""
1396,2024-09-07,268,114,30552.00,""
1396,2024-09-13,112,64,7168.00,""
1396,2024-09-15,261,151,39411.00,""
1396,2024-09-22,139,81,11259.00,""
1396,2024-09-25,124,191,23684.00,""
1688,2024-05-30,105,65,6825.00,""
1688,2024-06-02,304,157,47728.00,""
1688,2024-06-05,265,107,28355.00,""
1688,2024-06-11,115,53,6095.00,""
1688,2024-06-16,200,246,49200.00,""
1688,2024-06-18,220,110,24200.00,""
1688,2024-06-23,268,76,20368.00,""
1688,2024-07-04,305,246,75030.00,""
1688,2024-07-08,161,121,19481.00,""
1688,2024-07-09,164,203,33292.00,""
1368,2024-05-25,119,101,12019.00,""
1368,2024-05-28,83,107,8881.00,""
1368,2024-05-29,108,101,10908.00,""
1368,2024-06-01,155,79,12245.00,""
1368,2024-06-02,93,243,22599.00,""
1368,2024-06-04,206,75,15450.00,""
1368,2024-06-08,104,84,8736.00,""
1368,2024-07-03,254,200,50800.00,""
1368,2024-07-06,116,239,27724.00,""
1368,2024-07-11,331,157,51967.00,""
1368,2024-07-18,119,56,6664.00,""
1368,2024-07-26,191,58,11078.00,""
1368,2024-07-27,193,138,26634.00,""
1368,2024-07-28,180,61,10980.00,""
1368,2024-08-04,219,216,47304.00,""
1368,2024-08-07,157,148,23236.00,""
1368,2024-08-17,186,225,41850.00,""
1368,2024-08-19,175,197,34475.00,""
1368,2024-08-21,171,99,16929.00,""
1368,2024-08-26,341,96,32736.00,""
1368,2024-08-27,175,106,18550.00,""
1225,2024-05-25,105,46,4830.00,""
1225,2024-05-27,55,119,6545.00,""
1225,2024-05-28,198,129,25542.00,""
1225,2024-05-29,69,81,5589.00,""
1225,2024-05-30,184,94,17296.00,""
1225,2024-06-02,207,200,41400.00,""
1225,2024-06-07,200,91,18200.00,""
1225,2024-06-11,181,210,38010.00,""
1225,2024-06-17,315,66,20790.00,""
1225,2024-06-19,242,82,19844.00,""
1225,2024-06-20,316,60,18960.00,""
1225,2024-06-22,280,97,27160.00,""
1225,2024-06-23,252,148,37296.00,""
1225,2024-06-30,340,131,44540.00,""
1225,2024-07-06,219,135,29565.00,""
1225,2024-07-07,120,167,20040.00,""
1225,2024-07-10,208,239,49712.00,""
1225,2024-07-12,268,110,29480.00,""
1225,2024-07-14,143,110,15730.00,""
1225,2024-07-15,223,195,43485.00,""
1225,2024-07-27,280,224,62720.00,""
1225,2024-07-30,281,106,29786.00,""
1225,2024-08-07,170,69,11730.00,""
1225,2024-08-08,252,79,19908.00,""
1225,2024-08-11,196,146,28616.00,""
1225,2024-08-18,242,243,58806.00,""
1225,2024-08-19,334,175,58450.00,""
1225,2024-08-28,339,121,41019.00,""
1225,2024-08-29,219,78,17082.00,""
1225,2024-09-01,202,124,25048.00,""
1225,2024-09-03,230,129,29670.00,""
1225,2024-09-04,235,157,36895.00,""
1225,2024-09-05,219,62,13578.00,""
1225,2024-09-07,177,128,22656.00,""
1225,2024-09-08,171,132,22572.00,""
1225,2024-09-18,140,100,14000.00,""
1225,2024-09-19,120,185,22200.00,""
1225,2024-09-20,281,169,47489.00,""
1225,2024-09-21,217,139,30163.00,""
1677,2024-05-26,49,80,3920.00,""
1677,2024-05-27,182,79,14378.00,""
1677,2024-05-28,180,33,5940.00,""
1677,2024-05-30,109,44,4796.00,""
1677,2024-06-08,262,135,35370.00,""
1677,2024-06-17,91,97,8827.00,""
1677,2024-06-19,170,242,41140.00,""
1677,2024-06-20,81,226,18306.00,""
1677,2024-06-30,173,227,39271.00,""
1677,2024-07-01,232,194,45008.00,""
1677,2024-07-02,326,131,42706.00,""
1677,2024-07-03,325,156,50700.00,""
1585,2024-05-22,113,74,8362.00,""
1585,2024-05-23,184,36,6624.00,""
1585,2024-05-26,90,108,9720.00,""
1585,2024-06-01,259,195,50505.00,""
1585,2024-06-03,153,145,22185.00,""
1585,2024-06-06,121,246,29766.00,""
1585,2024-06-09,311,156,48516.00,""
1585,2024-06-10,222,104,23088.00,""
1585,2024-06-12,129,200,25800.00,""
1585,2024-06-14,278,238,66164.00,""
1585,2024-06-15,101,118,11918.00,""
1585,2024-06-17,265,101,26765.00,""
1585,2024-06-18,209,95,19855.00,""
1585,2024-06-21,229,113,25877.00,""
1585,2024-06-23,293,96,28128.00,""
1585,2024-06-26,303,133,40299.00,""
1585,2024-07-01,114,139,15846.00,""
1585,2024-07-04,80,87,6960.00,""
1585,2024-07-07,183,149,27267.00,""
1585,2024-07-08,93,167,15531.00,""
1585,2024-07-14,316,62,19592.00,""
1585,2024-07-19,126,178,22428.00,""
1585,2024-07-22,288,110,31680.00,""
1585,2024-07-30,131,182,23842.00,""
1585,2024-07-31,280,122,34160.00,""
1585,2024-08-03,121,76,9196.00,""
1585,2024-08-04,223,249,55527.00,""
1585,2024-08-07,156,193,30108.00,""
1585,2024-08-13,273,114,31122.00,""
1585,2024-08-18,158,236,37288.00,""
1585,2024-08-20,264,115,30360.00,""
1585,2024-08-22,212,242,51304.00,""
1585,2024-08-24,177,57,10089.00,""
1585,2024-08-31,207,100,20700.00,""
1473,2024-05-29,160,107,17120.00,""
1473,2024-05-30,54,90,4860.00,""
1473,2024-06-07,346,142,49132.00,""
1473,2024-06-08,232,96,22272.00,""
1473,2024-06-10,80,70,5600.00,""
1473,2024-06-12,104,117,12168.00,""
1473,2024-06-13,280,214,59920.00,""
1473,2024-06-18,348,205,71340.00,""
1473,2024-06-22,176,95,16720.00,""
1473,2024-06-24,162,121,19602.00,""
1473,2024-06-28,91,94,8554.00,""
1473,2024-07-02,273,70,19110.00,""
1473,2024-07-07,272,214,58208.00,""
1473,2024-07-08,345,207,71415.00,""
1473,2024-07-11,329,162,53298.00,""
1473,2024-07-13,122,78,9516.00,""
1347,2024-05-15,62,44,2728.00,""
1347,2024-05-21,108,75,8100.00,""
1347,2024-05-23,121,123,14883.00,""
1347,2024-06-09,350,241,84350.00,""
1347,2024-06-17,100,115,11500.00,""
1347,2024-06-19,156,152,23712.00,""
1347,2024-06-22,338,197,66586.00,""
1347,2024-06-27,244,127,30988.00,""
1347,2024-06-28,245,133,32585.00,""
1347,2024-06-30,190,77,14630.00,""
1347,2024-07-01,261,119,31059.00,""
1347,2024-07-05,190,170,32300.00,""
1347,2024-07-11,285,181,51585.00,""
1347,2024-07-14,174,240,41760.00,""
1347,2024-07-16,82,164,13448.00,""
1347,2024-07-18,130,130,16900.00,""
1347,2024-07-20,323,83,26809.00,""
1347,2024-07-26,202,152,30704.00,""
1347,2024-07-27,253,165,41745.00,""
1347,2024-07-29,254,120,30480.00,""
1347,2024-07-30,345,151,52095.00,""
1347,2024-07-31,239,186,44454.00,""
1347,2024-08-09,254,145,36830.00,""
1347,2024-08-11,184,130,23920.00,""
1347,2024-08-12,185,81,14985.00,""
1371,2024-05-22,43,31,1333.00,""
1371,2024-05-23,125,147,18375.00,""
1371,2024-05-24,198,36,7128.00,""
1371,2024-05-29,115,98,11270.00,""
1371,2024-06-06,245,122,29890.00,""
1371,2024-06-18,115,194,22310.00,""
1371,2024-06-20,131,53,6943.00,""
1371,2024-06-21,332,135,44820.00,""
1371,2024-06-24,109,56,6104.00,""
1371,2024-06-25,264,106,27984.00,""
1371,2024-06-26,239,145,34655.00,""
1371,2024-06-28,182,100,18200.00,""
1547,2024-05-09,119,130,15470.00,""
1547,2024-05-14,190,109,20710.00,""
1547,2024-05-18,72,39,2808.00,""
1547,2024-05-29,97,77,7469.00,""
1547,2024-05-30,101,81,8181.00,""
1547,2024-05-31,143,136,19448.00,""
1547,2024-06-03,297,164,48708.00,""
1547,2024-06-06,265,76,20140.00,""
1547,2024-06-09,282,124,34968.00,""
1547,2024-06-10,134,60,8040.00,""
1547,2024-06-12,140,249,34860.00,""
1547,2024-06-14,297,70,20790.00,""
1547,2024-06-25,278,178,49484.00,""
1547,2024-06-26,117,109,12753.00,""
1547,2024-06-28,248,185,45880.00,""
1547,2024-07-03,176,193,33968.00,""
1547,2024-07-11,98,53,5194.00,""
1547,2024-07-24,311,56,17416.00,""
1547,2024-07-28,169,192,32448.00,""
1547,2024-08-02,167,92,15364.00,""
1547,2024-08-04,240,240,57600.00,""
1547,2024-08-07,200,133,26600.00,""
1547,2024-08-17,316,244,77104.00,""
1547,2024-08-20,239,111,26529.00,""
1547,2024-08-21,105,71,7455.00,""
1547,2024-08-22,281,153,42993.00,""
1547,2024-08-23,266,246,65436.00,""
1547,2024-08-24,233,148,34484.00,""
1547,2024-08-27,259,236,61124.00,""
1547,2024-08-28,188,89,16732.00,""
1547,2024-08-29,329,154,50666.00,""
1547,2024-08-30,115,66,7590.00,""
1547,2024-09-03,267,117,31239.00,""
1547,2024-09-05,117,67,7839.00,""
1547,2024-09-07,128,65,8320.00,""
1547,2024-09-09,125,123,15375.00,""
1547,2024-09-13,299,137,40963.00,""
1547,2024-09-18,178,153,27234.00,""
1547,2024-09-19,215,126,27090.00,""
1547,2024-09-20,235,134,31490.00,""
1547,2024-09-23,211,68,14348.00,""
1341,2024-05-09,166,114,18924.00,""
1341,2024-05-13,183,40,7320.00,""
1341,2024-05-17,143,129,18447.00,""
1341,2024-05-20,109,146,15914.00,""
1341,2024-05-25,78,110,8580.00,""
1341,2024-05-26,155,84,13020.00,""
1341,2024-05-27,146,32,4672.00,""
1341,2024-05-30,172,85,14620.00,""
1341,2024-06-11,324,240,77760.00,""
1341,2024-06-14,210,71,14910.00,""
1341,2024-06-21,222,96,21312.00,""
1341,2024-06-23,271,204,55284.00,""
1341,2024-07-04,221,110,24310.00,""
1341,2024-07-14,193,132,25476.00,""
1341,2024-07-17,105,213,22365.00,""
1341,2024-07-27,168,77,12936.00,""
1341,2024-08-11,306,74,22644.00,""
1254,2024-05-10,105,61,6405.00,""
1254,2024-05-12,82,111,9102.00,""
1254,2024-05-13,191,25,4775.00,""
1254,2024-05-22,185,49,9065.00,""
1254,2024-05-23,171,127,21717.00,""
1254,2024-05-25,81,110,8910.00,""
1254,2024-05-31,102,87,8874.00,""
1254,2024-06-05,133,120,15960.00,""
1254,2024-06-10,245,184,45080.00,""
1254,2024-06-16,315,133,41895.00,""
1254,2024-06-20,258,149,38442.00,""
1254,2024-06-25,192,119,22848.00,""
1254,2024-06-27,116,131,15196.00,""
1254,2024-06-29,296,68,20128.00,""
1254,2024-06-30,124,72,8928.00,""
1254,2024-07-01,110,95,10450.00,""
1254,2024-07-12,195,183,35685.00,""
1299,2024-05-11,130,138,17940.00,""
1299,2024-05-12,48,39,1872.00,""
1299,2024-05-15,44,26,1144.00,""
1299,2024-05-16,187,148,27676.00,""
1299,2024-05-17,138,37,5106.00,""
1299,2024-05-22,141,55,7755.00,""
1299,2024-05-26,182,78,14196.00,""
1299,2024-05-27,48,143,6864.00,""
1299,2024-05-29,64,133,8512.00,""
1299,2024-06-02,241,221,53261.00,""
1299,2024-06-10,227,243,55161.00,""
1737,2024-05-09,74,92,6808.00,""
1737,2024-05-13,147,42,6174.00,""
1737,2024-05-16,82,105,8610.00,""
1737,2024-05-17,86,49,4214.00,""
1737,2024-05-18,164,80,13120.00,""
1737,2024-05-19,179,24,4296.00,""
1737,2024-05-22,47,115,5405.00,""
1737,2024-05-23,62,41,2542.00,""
1737,2024-05-24,56,149,8344.00,""
1737,2024-05-25,69,21,1449.00,""
1737,2024-05-26,200,124,24800.00,""
1737,2024-05-30,93,100,9300.00,""
1737,2024-06-02,191,229,43739.00,""
1737,2024-06-08,295,232,68440.00,""
1737,2024-06-09,252,133,33516.00,""
1737,2024-06-10,229,207,47403.00,""
1737,2024-06-17,140,130,18200.00,""
1737,2024-06-19,245,56,13720.00,""
1772,2024-05-09,109,30,3270.00,""
1772,2024-05-20,144,40,5760.00,""
1772,2024-05-23,69,36,2484.00,""
1772,2024-05-24,101,127,12827.00,""
1772,2024-05-25,85,123,10455.00,""
1772,2024-05-28,180,63,11340.00,""
1772,2024-05-29,198,131,25938.00,""
1772,2024-05-31,104,121,12584.00,""
1772,2024-06-01,150,96,14400.00,""
1772,2024-06-06,175,243,42525.00,""
1772,2024-06-10,123,234,28782.00,""
1772,2024-06-16,161,73,11753.00,""
1772,2024-06-20,100,74,7400.00,""
1772,2024-06-23,177,69,12213.00,""
1772,2024-06-26,149,132,19668.00,""
1772,2024-06-28,201,80,16080.00,""
1772,2024-06-30,82,174,14268.00,""
1772,2024-07-03,327,51,16677.00,""
1772,2024-07-06,340,245,83300.00,""
1772,2024-07-08,153,61,9333.00,""
1772,2024-07-16,238,144,34272.00,""
1772,2024-07-18,295,121,35695.00,""
1772,2024-07-19,323,245,79135.00,""
1772,2024-07-20,85,250,21250.00,""
1772,2024-07-25,272,206,56032.00,""
1772,2024-07-26,320,117,37440.00,""
1772,2024-07-30,298,147,43806.00,""
1772,2024-08-03,278,124,34472.00,""
1772,2024-08-07,85,99,8415.00,""
1772,2024-08-12,343,145,49735.00,""
1772,2024-08-14,343,77,26411.00,""
1772,2024-08-21,178,183,32574.00,""
1772,2024-08-22,220,162,35640.00,""
1772,2024-08-28,200,165,33000.00,""
1772,2024-08-31,194,132,25608.00,""
1772,2024-09-02,131,93,12183.00,""
1772,2024-09-05,256,180,46080.00,""
1772,2024-09-07,104,180,18720.00,""
1772,2024-09-08,121,119,14399.00,""
1772,2024-09-13,196,135,26460.00,""
1772,2024-09-15,267,196,52332.00,""
1772,2024-09-16,285,111,31635.00,""
1772,2024-09-17,122,131,15982.00,""
1772,2024-09-19,203,189,38367.00,""
1772,2024-09-22,270,163,44010.00,""
1772,2024-09-23,142,146,20732.00,""
1469,2024-05-10,75,30,2250.00,""
1469,2024-05-13,54,101,5454.00,""
1469,2024-05-14,100,62,6200.00,""
1469,2024-05-18,120,113,13560.00,""
1469,2024-05-21,133,109,14497.00,""
1469,2024-05-22,177,146,25842.00,""
1469,2024-05-27,180,88,15840.00,""
1469,2024-06-11,275,111,30525.00,""
1469,2024-06-12,141,119,16779.00,""
1469,2024-06-13,207,127,26289.00,""
1469,2024-06-16,114,219,24966.00,""
1469,2024-06-21,114,225,25650.00,""
1469,2024-06-23,101,152,15352.00,""
1469,2024-06-24,327,185,60495.00,""
1469,2024-07-06,222,73,16206.00,""
1469,2024-07-11,334,175,58450.00,""
1469,2024-07-16,287,85,24395.00,""
1469,2024-07-17,119,209,24871.00,""
1469,2024-07-21,246,59,14514.00,""
1469,2024-07-24,165,54,8910.00,""
1469,2024-07-28,106,61,6466.00,""
1551,2024-05-09,153,68,10404.00,""
1551,2024-05-10,72,38,2736.00,""
1551,2024-05-19,169,24,4056.00,""
1551,2024-05-20,183,125,22875.00,""
1551,2024-05-25,146,148,21608.00,""
1551,2024-05-29,60,103,6180.00,""
1551,2024-06-04,257,222,57054.00,""
1551,2024-06-05,147,237,34839.00,""
1551,2024-06-09,182,154,28028.00,""
1551,2024-06-25,138,222,30636.00,""
1551,2024-06-30,127,170,21590.00,""
1551,2024-07-06,343,95,32585.00,""
1551,2024-07-07,309,237,73233.00,""
1551,2024-07-08,280,67,18760.00,""
1551,2024-07-12,311,169,52559.00,""
1551,2024-07-22,344,84,28896.00,""
1551,2024-07-23,220,83,18260.00,""
1566,2024-05-06,126,90,11340.00,""
1566,2024-05-08,140,109,15260.00,""
1566,2024-05-10,145,48,6960.00,""
1566,2024-05-13,76,95,7220.00,""
1566,2024-05-14,152,116,17632.00,""
1566,2024-05-15,116,111,12876.00,""
1566,2024-05-16,77,21,1617.00,""
1566,2024-05-25,81,105,8505.00,""
1566,2024-05-26,154,21,3234.00,""
1566,2024-06-03,345,102,35190.00,""
1566,2024-06-04,324,160,51840.00,""
1566,2024-06-06,114,195,22230.00,""
1566,2024-06-07,170,231,39270.00,""
1566,2024-06-08,248,112,27776.00,""
1566,2024-06-14,89,168,14952.00,""
1566,2024-06-20,206,233,47998.00,""
1566,2024-06-22,192,243,46656.00,""
1566,2024-07-10,248,141,34968.00,""
1566,2024-07-11,342,87,29754.00,""
1566,2024-07-12,273,205,55965.00,""
1566,2024-07-13,306,248,75888.00,""
1566,2024-07-14,156,114,17784.00,""
1566,2024-07-16,121,128,15488.00,""
1566,2024-07-22,289,112,32368.00,""
1566,2024-07-26,296,86,25456.00,""
1566,2024-07-28,190,213,40470.00,""
1566,2024-07-30,244,129,31476.00,""
1566,2024-08-04,249,117,29133.00,""
1566,2024-08-05,345,150,51750.00,""
1566,2024-08-06,176,237,41712.00,""
1566,2024-08-08,163,163,26569.00,""
1566,2024-08-13,285,212,60420.00,""
1566,2024-08-17,300,94,28200.00,""
1766,2024-05-12,193,89,17177.00,""
1766,2024-05-13,152,33,5016.00,""
1766,2024-05-15,94,48,4512.00,""
1766,2024-05-20,126,119,14994.00,""
1766,2024-05-23,169,73,12337.00,""
1766,2024-05-28,102,61,6222.00,""
1766,2024-05-29,90,74,6660.00,""
1766,2024-06-06,314,76,23864.00,""
1766,2024-06-09,168,55,9240.00,""
1766,2024-06-10,168,117,19656.00,""
1766,2024-06-14,281,164,46084.00,""
1766,2024-06-15,135,215,29025.00,""
1766,2024-06-20,200,242,48400.00,""
1766,2024-06-22,157,60,9420.00,""
1766,2024-06-23,218,163,35534.00,""
1766,2024-07-02,234,245,57330.00,""
1766,2024-07-10,254,199,50546.00,""
1766,2024-07-15,156,74,11544.00,""
1766,2024-07-17,239,176,42064.00,""
1434,2024-05-04,167,98,16366.00,""
1434,2024-05-08,118,61,7198.00,""
1434,2024-05-11,81,110,8910.00,""
1434,2024-05-12,127,135,17145.00,""
1434,2024-05-14,190,104,19760.00,""
1434,2024-05-17,85,106,9010.00,""
1434,2024-05-18,61,74,4514.00,""
1434,2024-05-20,107,55,5885.00,""
1434,2024-05-21,164,54,8856.00,""
1434,2024-05-22,172,135,23220.00,""
1434,2024-05-23,80,81,6480.00,""
1434,2024-05-24,124,52,6448.00,""
1434,2024-05-26,194,55,10670.00,""
1434,2024-05-27,47,129,6063.00,""
1434,2024-05-30,86,130,11180.00,""
1434,2024-06-09,97,59,5723.00,""
1434,2024-06-11,207,51,10557.00,""
1434,2024-06-27,110,91,10010.00,""
1434,2024-06-29,319,226,72094.00,""
1434,2024-06-30,330,222,73260.00,""
1434,2024-07-01,328,95,31160.00,""
1434,2024-07-03,230,153,35190.00,""
1434,2024-07-07,255,80,20400.00,""
1434,2024-07-11,275,246,67650.00,""
1434,2024-07-15,327,166,54282.00,""
1434,2024-07-17,334,116,38744.00,""
1434,2024-07-19,274,183,50142.00,""
1434,2024-07-23,139,54,7506.00,""
1434,2024-07-24,104,107,11128.00,""
1434,2024-07-25,82,139,11398.00,""
1434,2024-07-27,253,222,56166.00,""
1434,2024-07-30,177,90,15930.00,""
1434,2024-07-31,133,101,13433.00,""
1434,2024-08-02,112,182,20384.00,""
1434,2024-08-04,328,74,24272.00,""
1434,2024-08-05,274,204,55896.00,""
1434,2024-08-16,269,137,36853.00,""
1434,2024-08-17,93,143,13299.00,""
1434,2024-08-19,306,230,70380.00,""
1434,2024-08-20,310,221,68510.00,""
1434,2024-08-21,103,81,8343.00,""
1434,2024-08-23,135,152,20520.00,""
1434,2024-08-28,347,228,79116.00,""
1434,2024-08-29,84,174,14616.00,""
1434,2024-09-01,165,157,25905.00,""
1434,2024-09-12,237,82,19434.00,""
1434,2024-09-15,235,169,39715.00,""
1434,2024-09-16,226,194,43844.00,""
1434,2024-09-24,190,182,34580.00,""
1682,2024-05-14,87,145,12615.00,""
1682,2024-05-15,81,25,2025.00,""
1682,2024-05-17,101,82,8282.00,""
1682,2024-05-18,185,127,23495.00,""
1682,2024-05-19,72,67,4824.00,""
1682,2024-05-21,148,48,7104.00,""
1682,2024-05-22,49,63,3087.00,""
1682,2024-05-24,51,126,6426.00,""
1682,2024-05-25,52,25,1300.00,""
1682,2024-05-31,49,29,1421.00,""
1682,2024-06-02,253,154,38962.00,""
1682,2024-06-04,278,244,67832.00,""
1682,2024-06-06,163,136,22168.00,""
1682,2024-06-07,245,135,33075.00,""
1682,2024-06-11,322,141,45402.00,""
1682,2024-06-13,265,62,16430.00,""
1682,2024-06-16,194,175,33950.00,""
1682,2024-06-17,185,94,17390.00,""
1682,2024-06-18,167,177,29559.00,""
1682,2024-06-21,275,227,62425.00,""
1682,2024-06-24,280,91,25480.00,""
1682,2024-06-25,336,52,17472.00,""
1682,2024-06-28,181,166,30046.00,""
1682,2024-07-01,346,132,45672.00,""
1682,2024-07-02,137,101,13837.00,""
1682,2024-07-04,220,121,26620.00,""
1682,2024-07-07,211,202,42622.00,""
1682,2024-07-09,87,54,4698.00,""
1682,2024-07-10,237,93,22041.00,""
1211,2024-05-11,81,103,8343.00,""
1211,2024-05-13,146,91,13286.00,""
1211,2024-05-14,125,76,9500.00,""
1211,2024-05-16,69,101,6969.00,""
1211,2024-05-22,90,104,9360.00,""
1211,2024-05-24,177,96,16992.00,""
1211,2024-05-26,125,88,11000.00,""
1211,2024-05-29,186,103,19158.00,""
1211,2024-05-31,47,79,3713.00,""
1211,2024-06-01,320,213,68160.00,""
1211,2024-06-02,182,129,23478.00,""
1211,2024-06-04,160,224,35840.00,""
1211,2024-06-07,273,196,53508.00,""
1398,2024-05-07,98,25,2450.00,""
1398,2024-05-12,138,57,7866.00,""
1398,2024-05-15,192,40,7680.00,""
1398,2024-05-19,107,60,6420.00,""
1398,2024-05-20,70,74,5180.00,""
1398,2024-05-25,160,87,13920.00,""
1398,2024-05-28,93,69,6417.00,""
1398,2024-05-29,162,120,19440.00,""
1398,2024-05-30,80,112,8960.00,""
1398,2024-05-31,106,67,7102.00,""
1398,2024-06-08,205,235,48175.00,""
1398,2024-06-09,319,130,41470.00,""
1398,2024-06-13,255,231,58905.00,""
1398,2024-06-18,274,217,59458.00,""
1398,2024-06-19,182,247,44954.00,""
1398,2024-06-21,115,67,7705.00,""
1398,2024-06-27,273,78,21294.00,""
1398,2024-06-30,228,99,22572.00,""
1398,2024-07-01,234,132,30888.00,""
1398,2024-07-06,247,80,19760.00,""
1398,2024-07-12,316,162,51192.00,""
1398,2024-07-19,338,110,37180.00,""
1398,2024-07-20,251,176,44176.00,""
1500,2024-05-07,112,88,9856.00,""
1500,2024-05-08,112,120,13440.00,""
1500,2024-05-09,173,142,24566.00,""
1500,2024-05-10,157,34,5338.00,""
1500,2024-05-16,162,70,11340.00,""
1500,2024-05-17,79,115,9085.00,""
1500,2024-05-18,80,48,3840.00,""
1500,2024-05-19,68,117,7956.00,""
1500,2024-05-20,162,119,19278.00,""
1500,2024-05-21,141,25,3525.00,""
1500,2024-05-22,172,45,7740.00,""
1500,2024-05-23,81,92,7452.00,""
1500,2024-05-26,151,71,10721.00,""
1500,2024-05-28,112,117,13104.00,""
1500,2024-05-29,54,123,6642.00,""
1500,2024-06-01,311,182,56602.00,""
1500,2024-06-08,330,66,21780.00,""
1500,2024-06-09,94,166,15604.00,""
1500,2024-06-10,342,156,53352.00,""
1248,2024-05-14,116,29,3364.00,""
1248,2024-05-17,102,39,3978.00,""
1248,2024-05-18,87,28,2436.00,""
1248,2024-05-19,139,95,13205.00,""
1248,2024-05-22,152,137,20824.00,""
1248,2024-05-23,68,133,9044.00,""
1248,2024-05-24,157,149,23393.00,""
1248,2024-05-26,90,34,3060.00,""
1248,2024-05-29,68,124,8432.00,""
1248,2024-05-30,99,21,2079.00,""
1248,2024-05-31,101,38,3838.00,""
1248,2024-06-02,191,117,22347.00,""
1248,2024-06-04,258,95,24510.00,""
1248,2024-06-07,218,128,27904.00,""
1248,2024-06-09,86,133,11438.00,""
1248,2024-06-10,230,87,20010.00,""
1248,2024-06-14,330,74,24420.00,""
1248,2024-06-16,130,231,30030.00,""
1248,2024-06-17,276,120,33120.00,""
1248,2024-06-23,200,204,40800.00,""
1248,2024-06-24,133,103,13699.00,""
1248,2024-06-25,187,97,18139.00,""
1248,2024-06-26,144,135,19440.00,""
1248,2024-06-27,329,197,64813.00,""
1248,2024-06-29,292,112,32704.00,""
1248,2024-06-30,315,202,63630.00,""
1248,2024-07-01,269,226,60794.00,""
1248,2024-07-02,193,152,29336.00,""
1248,2024-07-04,311,118,36698.00,""
1248,2024-07-09,200,123,24600.00,""
1248,2024-07-13,309,127,39243.00,""
1248,2024-07-14,311,153,47583.00,""
1248,2024-07-15,119,94,11186.00,""
1248,2024-07-16,200,117,23400.00,""
1248,2024-07-19,134,197,26398.00,""
1248,2024-07-21,136,128,17408.00,""
1273,2024-05-07,97,87,8439.00,""
1273,2024-05-08,89,108,9612.00,""
1273,2024-05-10,150,129,19350.00,""
1273,2024-05-13,81,49,3969.00,""
1273,2024-05-14,139,31,4309.00,""
1273,2024-05-17,57,27,1539.00,""
1273,2024-05-19,188,61,11468.00,""
1273,2024-05-25,180,70,12600.00,""
1273,2024-05-26,144,29,4176.00,""
1273,2024-05-27,94,44,4136.00,""
1273,2024-05-29,76,96,7296.00,""
1273,2024-05-30,168,53,8904.00,""
1273,2024-05-31,72,95,6840.00,""
1273,2024-06-03,214,101,21614.00,""
1273,2024-06-07,340,128,43520.00,""
1273,2024-06-14,86,71,6106.00,""
1273,2024-06-24,313,69,21597.00,""
1273,2024-06-25,276,71,19596.00,""
1273,2024-06-26,289,161,46529.00,""
1273,2024-06-29,186,249,46314.00,""
1273,2024-07-03,109,67,7303.00,""
1273,2024-07-06,123,80,9840.00,""
1273,2024-07-09,112,218,24416.00,""
1273,2024-07-17,293,203,59479.00,""
1273,2024-07-19,346,235,81310.00,""
1273,2024-07-22,89,112,9968.00,""
1273,2024-07-24,269,155,41695.00,""
1273,2024-07-26,155,168,26040.00,""
1273,2024-07-29,279,192,53568.00,""
1273,2024-07-30,291,108,31428.00,""
1273,2024-08-13,331,238,78778.00,""
1273,2024-08-14,251,195,48945.00,""
1273,2024-08-18,99,166,16434.00,""
1273,2024-08-20,213,191,40683.00,""
1273,2024-08-21,174,189,32886.00,""
1273,2024-08-29,139,129,17931.00,""
1273,2024-08-30,161,82,13202.00,""
1273,2024-09-04,277,194,53738.00,""
1684,2024-05-15,167,61,10187.00,""
1684,2024-05-17,110,86,9460.00,""
1684,2024-05-20,180,85,15300.00,""
1684,2024-05-22,64,117,7488.00,""
1684,2024-05-30,146,139,20294.00,""
1684,2024-06-01,189,142,26838.00,""
1684,2024-06-02,206,164,33784.00,""
1684,2024-06-03,326,230,74980.00,""
1684,2024-06-04,96,233,22368.00,""
1684,2024-06-07,239,189,45171.00,""
1684,2024-06-10,122,168,20496.00,""
1684,2024-06-12,215,187,40205.00,""
1684,2024-06-13,285,116,33060.00,""
1684,2024-06-14,246,242,59532.00,""
1684,2024-06-16,324,196,63504.00,""
1684,2024-06-19,171,182,31122.00,""
1684,2024-06-21,192,127,24384.00,""
1684,2024-06-22,298,77,22946.00,""
1684,2024-06-23,230,126,28980.00,""
1684,2024-07-06,343,87,29841.00,""
1684,2024-07-08,285,202,57570.00,""
1684,2024-07-12,193,196,37828.00,""
1684,2024-07-14,181,115,20815.00,""
1684,2024-07-18,275,246,67650.00,""
1684,2024-07-24,201,116,23316.00,""
1684,2024-07-27,187,166,31042.00,""
1684,2024-08-06,169,229,38701.00,""
1684,2024-08-11,109,83,9047.00,""
1684,2024-08-18,113,81,9153.00,""
1684,2024-08-20,339,185,62715.00,""
1684,2024-08-24,181,55,9955.00,""
1684,2024-08-26,329,131,43099.00,""
1684,2024-08-27,162,115,18630.00,""
1684,2024-08-28,88,199,17512.00,""
1684,2024-08-31,197,127,25019.00,""
1684,2024-09-02,238,65,15470.00,""
1684,2024-09-03,156,127,19812.00,""
1684,2024-09-04,202,180,36360.00,""
1567,2024-05-15,120,34,4080.00,""
1567,2024-05-17,73,81,5913.00,""
1567,2024-05-24,72,145,10440.00,""
1567,2024-05-26,85,83,7055.00,""
1567,2024-05-29,107,144,15408.00,""
1567,2024-06-01,321,142,45582.00,""
1567,2024-06-06,81,245,19845.00,""
1567,2024-06-11,188,145,27260.00,""
1567,2024-06-15,345,249,85905.00,""
1567,2024-06-18,212,209,44308.00,""
1567,2024-06-21,246,101,24846.00,""
1567,2024-06-23,151,114,17214.00,""
1567,2024-06-24,178,250,44500.00,""
1567,2024-06-26,207,188,38916.00,""
1567,2024-06-28,325,161,52325.00,""
1567,2024-07-01,241,182,43862.00,""
1567,2024-07-04,180,118,21240.00,""
1567,2024-07-07,236,212,50032.00,""
1567,2024-07-09,140,89,12460.00,""
1567,2024-07-11,129,72,9288.00,""
1567,2024-07-13,287,129,37023.00,""
1567,2024-07-14,302,212,64024.00,""
1567,2024-07-20,268,156,41808.00,""
1567,2024-07-22,181,90,16290.00,""
1567,2024-07-25,191,211,40301.00,""
1567,2024-07-28,195,170,33150.00,""
1567,2024-07-30,91,97,8827.00,""
1567,2024-08-01,95,159,15105.00,""
1567,2024-08-03,307,155,47585.00,""
1567,2024-08-05,169,50,8450.00,""
1567,2024-08-06,92,197,18124.00,""
1567,2024-08-11,251,93,23343.00,""
1567,2024-08-12,225,211,47475.00,""
1567,2024-08-14,211,135,28485.00,""
1567,2024-08-17,86,228,19608.00,""
1567,2024-08-18,151,210,31710.00,""
1567,2024-08-26,118,143,16874.00,""
1567,2024-08-27,83,170,14110.00,""
1567,2024-08-31,170,209,35530.00,""
1567,2024-09-01,121,168,20328.00,""
1567,2024-09-05,109,194,21146.00,""
1567,2024-09-09,213,123,26199.00,""
1567,2024-09-11,277,92,25484.00,""
1567,2024-09-15,262,117,30654.00,""
1567,2024-09-17,141,72,10152.00,""
1567,2024-09-20,293,120,35160.00,""
1337,2024-05-12,123,22,2706.00,""
1337,2024-05-14,127,141,17907.00,""
1337,2024-05-19,179,121,21659.00,""
1337,2024-05-20,144,112,16128.00,""
1337,2024-05-21,180,34,6120.00,""
1337,2024-05-22,145,20,2900.00,""
1337,2024-05-25,75,76,5700.00,""
1337,2024-05-26,71,44,3124.00,""
1337,2024-05-28,122,99,12078.00,""
1337,2024-05-30,115,117,13455.00,""
1337,2024-06-02,250,139,34750.00,""
1337,2024-06-03,149,159,23691.00,""
1337,2024-06-05,144,231,33264.00,""
1337,2024-06-07,203,189,38367.00,""
1337,2024-06-13,120,135,16200.00,""
1337,2024-06-15,176,250,44000.00,""
1337,2024-06-16,342,167,57114.00,""
1337,2024-06-19,204,128,26112.00,""
1337,2024-06-20,299,166,49634.00,""
1337,2024-06-22,137,112,15344.00,""
1337,2024-06-23,192,249,47808.00,""
1337,2024-06-27,307,121,37147.00,""
1337,2024-06-28,206,104,21424.00,""
1337,2024-06-30,346,199,68854.00,""
1337,2024-07-04,272,76,20672.00,""
1337,2024-07-06,162,155,25110.00,""
1337,2024-07-11,266,220,58520.00,""
1337,2024-07-16,94,132,12408.00,""
1337,2024-08-01,130,87,11310.00,""
1337,2024-08-02,214,111,23754.00,""
1337,2024-08-05,285,177,50445.00,""
1337,2024-08-06,144,209,30096.00,""
1337,2024-08-12,271,153,41463.00,""
1393,2024-05-10,67,150,10050.00,""
1393,2024-05-11,158,142,22436.00,""
1393,2024-05-13,124,34,4216.00,""
1393,2024-05-14,165,72,11880.00,""
1393,2024-05-15,74,68,5032.00,""
1393,2024-05-16,116,99,11484.00,""
1393,2024-05-17,63,36,2268.00,""
1393,2024-05-28,173,64,11072.00,""
1393,2024-05-31,117,54,6318.00,""
1393,2024-06-01,118,178,21004.00,""
1393,2024-06-03,227,218,49486.00,""
1393,2024-06-06,187,184,34408.00,""
1393,2024-06-14,229,58,13282.00,""
1437,2024-05-10,169,29,4901.00,""
1437,2024-05-14,112,45,5040.00,""
1437,2024-05-15,49,122,5978.00,""
1437,2024-05-18,198,149,29502.00,""
1437,2024-05-20,45,96,4320.00,""
1437,2024-05-23,137,51,6987.00,""
1437,2024-05-24,68,44,2992.00,""
1437,2024-05-30,89,71,6319.00,""
1437,2024-06-02,259,162,41958.00,""
1437,2024-06-03,150,62,9300.00,""
1437,2024-06-06,303,77,23331.00,""
1437,2024-06-08,191,66,12606.00,""
1437,2024-06-09,331,183,60573.00,""
1437,2024-06-10,130,165,21450.00,""
1437,2024-06-22,167,201,33567.00,""
1437,2024-06-25,252,234,58968.00,""
1437,2024-06-27,147,67,9849.00,""
1437,2024-06-29,197,92,18124.00,""
1437,2024-07-19,201,212,42612.00,""
1437,2024-07-21,281,246,69126.00,""
1437,2024-07-22,292,74,21608.00,""
1437,2024-07-24,145,109,15805.00,""
1437,2024-07-29,179,138,24702.00,""
1437,2024-08-01,94,99,9306.00,""
1437,2024-08-03,327,203,66381.00,""
1437,2024-08-12,294,231,67914.00,""
1437,2024-08-13,298,90,26820.00,""
1437,2024-08-15,106,89,9434.00,""
1437,2024-08-19,264,157,41448.00,""
1437,2024-08-21,297,141,41877.00,""
1437,2024-08-30,169,196,33124.00,""
1437,2024-09-04,130,170,22100.00,""
1437,2024-09-06,196,81,15876.00,""
1437,2024-09-08,288,154,44352.00,""
1437,2024-09-09,193,189,36477.00,""
1437,2024-09-18,265,186,49290.00,""
1437,2024-09-20,278,115,31970.00,""
1437,2024-09-21,195,146,28470.00,""
1437,2024-09-22,198,100,19800.00,""
1437,2024-09-23,193,193,37249.00,""
1437,2024-09-27,167,102,17034.00,""
1493,2024-05-11,92,96,8832.00,""
1493,2024-05-12,74,51,3774.00,""
1493,2024-05-19,60,133,7980.00,""
1493,2024-05-21,156,100,15600.00,""
1493,2024-05-24,143,25,3575.00,""
1493,2024-05-25,54,93,5022.00,""
1493,2024-05-27,137,96,13152.00,""
1493,2024-06-03,142,211,29962.00,""
1493,2024-06-05,96,216,20736.00,""
1493,2024-06-08,130,162,21060.00,""
1493,2024-06-12,180,237,42660.00,""
1493,2024-06-13,219,94,20586.00,""
1493,2024-06-18,316,140,44240.00,""
1493,2024-06-19,147,100,14700.00,""
1493,2024-06-22,328,226,74128.00,""
1493,2024-06-26,292,245,71540.00,""
1493,2024-07-03,242,132,31944.00,""
1609,2024-05-07,112,95,10640.00,""
1609,2024-05-17,157,33,5181.00,""
1609,2024-05-19,149,31,4619.00,""
1609,2024-05-23,92,36,3312.00,""
1609,2024-05-26,163,98,15974.00,""
1609,2024-05-28,164,149,24436.00,""
1609,2024-05-29,155,140,21700.00,""
1609,2024-05-30,187,47,8789.00,""
1609,2024-05-31,181,145,26245.00,""
1609,2024-06-01,108,158,17064.00,""
1609,2024-06-03,197,79,15563.00,""
1609,2024-06-10,206,73,15038.00,""
1609,2024-06-14,231,66,15246.00,""
1609,2024-06-15,150,189,28350.00,""
1609,2024-06-16,267,78,20826.00,""
1609,2024-06-22,140,171,23940.00,""
1609,2024-06-24,196,174,34104.00,""
1609,2024-06-25,255,54,13770.00,""
1609,2024-07-01,348,94,32712.00,""
1609,2024-07-02,138,143,19734.00,""
1609,2024-07-05,197,224,44128.00,""
1609,2024-07-11,198,103,20394.00,""
1609,2024-07-14,169,112,18928.00,""
1609,2024-07-17,311,224,69664.00,""
1609,2024-07-18,241,200,48200.00,""
1609,2024-07-26,332,68,22576.00,""
1609,2024-08-05,93,91,8463.00,""
1609,2024-08-07,151,212,32012.00,""
1609,2024-08-08,174,207,36018.00,""
1609,2024-08-14,145,222,32190.00,""
1609,2024-08-17,331,148,48988.00,""
1609,2024-08-18,281,113,31753.00,""
1609,2024-08-26,155,172,26660.00,""
1609,2024-08-27,343,220,75460.00,""
1761,2024-05-09,140,83,11620.00,""
1761,2024-05-15,171,56,9576.00,""
1761,2024-05-17,75,120,9000.00,""
1761,2024-05-18,194,97,18818.00,""
1761,2024-05-25,90,145,13050.00,""
1761,2024-05-28,70,22,1540.00,""
1761,2024-05-30,45,32,1440.00,""
1761,2024-06-10,226,127,28702.00,""
1761,2024-06-13,133,97,12901.00,""
1761,2024-06-24,190,224,42560.00,""
1761,2024-06-25,173,69,11937.00,""
1761,2024-07-05,296,63,18648.00,""
1761,2024-07-07,135,223,30105.00,""
1761,2024-07-08,109,196,21364.00,""
1761,2024-07-09,135,175,23625.00,""
1761,2024-07-12,347,121,41987.00,""
1761,2024-07-17,150,236,35400.00,""
1761,2024-07-19,205,94,19270.00,""
1761,2024-07-23,341,114,38874.00,""
1761,2024-07-26,315,52,16380.00,""
1761,2024-07-29,343,233,79919.00,""
1761,2024-08-01,101,139,14039.00,""
1761,2024-08-02,118,246,29028.00,""
1761,2024-08-03,335,108,36180.00,""
1761,2024-08-04,109,191,20819.00,""
1761,2024-08-05,112,176,19712.00,""
1761,2024-08-12,139,148,20572.00,""
1761,2024-08-16,182,89,16198.00,""
1761,2024-09-04,165,159,26235.00,""
1761,2024-09-05,114,82,9348.00,""
1544,2024-05-06,83,132,10956.00,""
1544,2024-05-07,61,56,3416.00,""
1544,2024-05-08,78,128,9984.00,""
1544,2024-05-11,75,79,5925.00,""
1544,2024-05-12,170,142,24140.00,""
1544,2024-05-13,111,56,6216.00,""
1544,2024-05-14,54,139,7506.00,""
1544,2024-05-15,200,78,15600.00,""
1544,2024-05-17,127,45,5715.00,""
1544,2024-05-20,74,77,5698.00,""
1544,2024-05-21,166,126,20916.00,""
1544,2024-05-23,174,150,26100.00,""
1544,2024-05-28,129,82,10578.00,""
1544,2024-06-02,151,118,17818.00,""
1544,2024-06-04,314,145,45530.00,""
1544,2024-06-05,303,137,41511.00,""
1544,2024-06-06,233,61,14213.00,""
1544,2024-06-08,184,51,9384.00,""
1544,2024-06-09,121,86,10406.00,""
1544,2024-06-13,340,195,66300.00,""
1544,2024-06-14,218,210,45780.00,""
1251,2024-05-14,173,110,19030.00,""
1251,2024-05-16,105,114,11970.00,""
1251,2024-05-20,74,144,10656.00,""
1251,2024-05-22,142,51,7242.00,""
1251,2024-05-23,138,41,5658.00,""
1251,2024-05-24,160,27,4320.00,""
1251,2024-05-27,196,86,16856.00,""
1251,2024-05-29,56,146,8176.00,""
1251,2024-05-30,200,115,23000.00,""
1251,2024-06-02,318,237,75366.00,""
1251,2024-06-07,244,162,39528.00,""
1251,2024-06-09,288,210,60480.00,""
1251,2024-06-12,81,165,13365.00,""
1251,2024-06-17,332,67,22244.00,""
1251,2024-06-18,348,209,72732.00,""
1251,2024-06-23,140,104,14560.00,""
1251,2024-06-26,230,80,18400.00,""
1251,2024-07-03,273,152,41496.00,""
1395,2024-05-14,111,103,11433.00,""
1395,2024-05-17,102,97,9894.00,""
1395,2024-05-19,90,42,3780.00,""
1395,2024-05-20,40,49,1960.00,""
1395,2024-05-22,54,94,5076.00,""
1395,2024-05-24,121,100,12100.00,""
1395,2024-05-25,172,132,22704.00,""
1395,2024-05-31,155,41,6355.00,""
1395,2024-06-01,310,249,77190.00,""
1395,2024-06-11,314,248,77872.00,""
1395,2024-06-16,170,145,24650.00,""
1395,2024-06-17,100,175,17500.00,""
1395,2024-06-19,232,235,54520.00,""
1395,2024-06-22,189,111,20979.00,""
1395,2024-06-23,133,129,17157.00,""
1395,2024-06-24,129,248,31992.00,""
1395,2024-06-29,177,174,30798.00,""
1395,2024-07-02,332,69,22908.00,""
1395,2024-07-03,227,222,50394.00,""
1395,2024-07-12,105,116,12180.00,""
1395,2024-07-14,314,188,59032.00,""
1395,2024-07-16,244,159,38796.00,""
1395,2024-07-18,159,250,39750.00,""
1395,2024-07-19,94,167,15698.00,""
1395,2024-07-21,347,148,51356.00,""
1395,2024-07-23,155,141,21855.00,""
1395,2024-07-25,181,155,28055.00,""
1395,2024-07-27,145,76,11020.00,""
1395,2024-08-01,195,93,18135.00,""
1395,2024-08-03,245,76,18620.00,""
1395,2024-08-05,228,71,16188.00,""
1395,2024-08-07,164,162,26568.00,""
1628,2024-05-12,182,104,18928.00,""
1628,2024-05-13,198,40,7920.00,""
1628,2024-05-21,47,119,5593.00,""
1628,2024-05-25,83,117,9711.00,""
1628,2024-05-30,148,125,18500.00,""
1628,2024-06-02,336,234,78624.00,""
1628,2024-06-12,191,56,10696.00,""
1605,2024-05-05,158,99,15642.00,""
1605,2024-05-07,91,130,11830.00,""
1605,2024-05-09,42,38,1596.00,""
1605,2024-05-12,200,145,29000.00,""
1605,2024-05-19,154,150,23100.00,""
1605,2024-05-25,140,81,11340.00,""
1605,2024-05-26,161,47,7567.00,""
1605,2024-05-29,154,90,13860.00,""
1605,2024-05-31,141,133,18753.00,""
1605,2024-06-05,258,163,42054.00,""
1605,2024-06-07,302,79,23858.00,""
1605,2024-06-10,126,104,13104.00,""
1605,2024-06-14,151,121,18271.00,""
1605,2024-06-16,239,123,29397.00,""
1605,2024-06-20,281,95,26695.00,""
1605,2024-06-24,264,65,17160.00,""
1605,2024-06-25,189,80,15120.00,""
1605,2024-06-29,222,184,40848.00,""
1605,2024-07-05,240,114,27360.00,""
1605,2024-07-07,283,173,48959.00,""
1605,2024-07-09,295,132,38940.00,""
1605,2024-07-12,105,144,15120.00,""
1605,2024-07-14,145,99,14355.00,""
1605,2024-07-16,297,128,38016.00,""
1363,2024-05-10,187,145,27115.00,""
1363,2024-05-14,175,147,25725.00,""
1363,2024-05-15,44,139,6116.00,""
1363,2024-05-16,132,27,3564.00,""
1363,2024-05-17,116,38,4408.00,""
1363,2024-05-19,182,77,14014.00,""
1363,2024-05-20,109,80,8720.00,""
1363,2024-05-25,112,58,6496.00,""
1363,2024-05-27,154,88,13552.00,""
1363,2024-05-30,57,62,3534.00,""
1363,2024-05-31,174,91,15834.00,""
1363,2024-06-01,288,50,14400.00,""
1363,2024-06-03,334,134,44756.00,""
1363,2024-06-05,309,182,56238.00,""
1363,2024-06-06,341,98,33418.00,""
1363,2024-06-14,105,94,9870.00,""
1363,2024-06-15,137,192,26304.00,""
1363,2024-06-26,298,201,59898.00,""
1363,2024-07-03,335,161,53935.00,""
1363,2024-07-07,333,210,69930.00,""
1363,2024-07-09,306,198,60588.00,""
1363,2024-07-14,222,109,24198.00,""
1363,2024-07-20,248,55,13640.00,""
1363,2024-07-21,266,119,31654.00,""
1363,2024-07-22,242,141,34122.00,""
1363,2024-07-27,311,180,55980.00,""
1363,2024-07-30,222,138,30636.00,""
1363,2024-08-01,256,186,47616.00,""
1363,2024-08-13,299,235,70265.00,""
1363,2024-08-19,92,185,17020.00,""
1363,2024-08-21,135,82,11070.00,""
1363,2024-08-22,279,199,55521.00,""
1363,2024-08-27,153,235,35955.00,""
1363,2024-09-03,106,172,18232.00,""
1363,2024-09-04,266,181,48146.00,""
1363,2024-09-05,120,194,23280.00,""
1363,2024-09-07,254,187,47498.00,""
1363,2024-09-08,147,198,29106.00,""
1363,2024-09-10,236,111,26196.00,""
1363,2024-09-13,146,149,21754.00,""
1363,2024-09-14,114,83,9462.00,""
1363,2024-09-15,292,72,21024.00,""
1363,2024-09-17,203,124,25172.00,""
1363,2024-09-20,268,99,26532.00,""
1363,2024-09-22,121,70,8470.00,""
1363,2024-09-24,204,77,15708.00,""
1363,2024-09-26,283,134,37922.00,""
1280,2024-05-12,145,46,6670.00,""
1280,2024-05-17,164,136,22304.00,""
1280,2024-05-19,69,121,8349.00,""
1280,2024-05-21,165,36,5940.00,""
1280,2024-05-26,48,100,4800.00,""
1280,2024-05-28,176,44,7744.00,""
1280,2024-05-29,68,35,2380.00,""
1280,2024-06-02,128,156,19968.00,""
1280,2024-06-03,303,51,15453.00,""
1280,2024-06-10,87,88,7656.00,""
1280,2024-06-15,182,181,32942.00,""
1280,2024-06-16,266,124,32984.00,""
1280,2024-06-25,206,247,50882.00,""
1280,2024-06-28,176,192,33792.00,""
1280,2024-07-03,203,244,49532.00,""
1695,2024-05-08,137,136,18632.00,""
1695,2024-05-09,163,59,9617.00,""
1695,2024-05-10,104,27,2808.00,""
1695,2024-05-12,138,97,13386.00,""
1695,2024-05-19,77,131,10087.00,""
1695,2024-05-24,101,145,14645.00,""
1695,2024-05-27,65,118,7670.00,""
1695,2024-05-28,142,112,15904.00,""
1695,2024-06-03,347,126,43722.00,""
1695,2024-06-12,185,57,10545.00,""
1695,2024-06-17,273,104,28392.00,""
1695,2024-06-19,131,248,32488.00,""
1695,2024-06-25,249,123,30627.00,""
1695,2024-06-30,206,147,30282.00,""
1695,2024-07-04,345,228,78660.00,""
1695,2024-07-06,239,223,53297.00,""
1695,2024-07-07,280,232,64960.00,""
1695,2024-07-19,155,77,11935.00,""
1695,2024-07-20,81,113,9153.00,""
1695,2024-07-22,325,223,72475.00,""
1419,2024-05-07,146,54,7884.00,""
1419,2024-05-12,115,113,12995.00,""
1419,2024-05-19,104,48,4992.00,""
1419,2024-05-20,87,78,6786.00,""
1419,2024-05-22,60,65,3900.00,""
1419,2024-05-23,165,26,4290.00,""
1419,2024-05-29,40,25,1000.00,""
1419,2024-06-02,197,75,14775.00,""
1419,2024-06-04,197,60,11820.00,""
1419,2024-06-15,219,99,21681.00,""
1419,2024-06-22,196,201,39396.00,""
1419,2024-07-02,165,57,9405.00,""
1419,2024-07-04,305,127,38735.00,""
1419,2024-07-07,189,157,29673.00,""
1419,2024-07-08,258,211,54438.00,""
1731,2024-05-11,96,107,10272.00,""
1731,2024-05-12,117,112,13104.00,""
1731,2024-05-14,180,33,5940.00,""
1731,2024-05-16,73,61,4453.00,""
1731,2024-05-17,124,131,16244.00,""
1731,2024-05-21,89,23,2047.00,""
1731,2024-05-22,175,115,20125.00,""
1731,2024-05-23,139,118,16402.00,""
1731,2024-05-24,101,63,6363.00,""
1731,2024-05-25,186,35,6510.00,""
1731,2024-05-27,156,100,15600.00,""
1731,2024-05-28,125,94,11750.00,""
1731,2024-05-29,86,29,2494.00,""
1731,2024-05-30,49,142,6958.00,""
1731,2024-06-05,184,136,25024.00,""
1389,2024-05-04,194,139,26966.00,""
1389,2024-05-05,150,150,22500.00,""
1389,2024-05-07,188,149,28012.00,""
1389,2024-05-08,142,49,6958.00,""
1389,2024-05-09,62,43,2666.00,""
1389,2024-05-12,42,56,2352.00,""
1389,2024-05-15,133,135,17955.00,""
1389,2024-05-19,42,22,924.00,""
1389,2024-05-27,173,36,6228.00,""
1389,2024-05-31,52,91,4732.00,""
1389,2024-06-05,180,58,10440.00,""
1389,2024-06-06,289,240,69360.00,""
1389,2024-06-07,133,220,29260.00,""
1389,2024-06-08,292,50,14600.00,""
1389,2024-06-09,206,147,30282.00,""
1389,2024-06-11,332,166,55112.00,""
1389,2024-06-12,94,124,11656.00,""
1389,2024-06-13,152,87,13224.00,""
1389,2024-06-15,153,170,26010.00,""
1389,2024-06-20,132,69,9108.00,""
1389,2024-06-24,338,158,53404.00,""
1389,2024-06-25,203,85,17255.00,""
1389,2024-06-28,107,67,7169.00,""
1389,2024-07-05,275,201,55275.00,""
1389,2024-07-09,286,227,64922.00,""
1389,2024-07-14,281,192,53952.00,""
1389,2024-07-18,125,72,9000.00,""
1389,2024-07-24,239,157,37523.00,""
1389,2024-07-26,338,181,61178.00,""
1389,2024-07-27,136,161,21896.00,""
1389,2024-07-28,257,250,64250.00,""
1323,2024-05-22,83,22,1826.00,""
1323,2024-05-25,111,74,8214.00,""
1323,2024-05-28,152,88,13376.00,""
1323,2024-05-30,149,94,14006.00,""
1323,2024-05-31,143,145,20735.00,""
1323,2024-06-04,328,227,74456.00,""
1323,2024-06-07,244,211,51484.00,""
1323,2024-06-12,270,62,16740.00,""
1323,2024-06-14,295,197,58115.00,""
1323,2024-06-24,108,164,17712.00,""
1323,2024-06-28,317,150,47550.00,""
1323,2024-07-01,261,233,60813.00,""
1323,2024-07-02,339,135,45765.00,""
1323,2024-07-03,110,212,23320.00,""
1323,2024-07-07,231,204,47124.00,""
1323,2024-07-08,207,155,32085.00,""
1323,2024-07-16,141,134,18894.00,""
1323,2024-07-19,319,53,16907.00,""
1323,2024-07-21,205,150,30750.00,""
1323,2024-07-24,310,91,28210.00,""
1297,2024-05-13,169,101,17069.00,""
1297,2024-05-18,54,127,6858.00,""
1297,2024-05-20,99,63,6237.00,""
1297,2024-05-25,151,99,14949.00,""
1297,2024-05-27,83,32,2656.00,""
1297,2024-05-29,175,79,13825.00,""
1297,2024-05-30,156,115,17940.00,""
1297,2024-06-01,266,60,15960.00,""
1297,2024-06-02,197,151,29747.00,""
1297,2024-06-04,280,234,65520.00,""
1297,2024-06-05,299,147,43953.00,""
1297,2024-06-10,210,219,45990.00,""
1297,2024-06-13,135,160,21600.00,""
1297,2024-06-14,247,175,43225.00,""
1297,2024-06-15,161,56,9016.00,""
1297,2024-06-18,165,189,31185.00,""
1297,2024-06-24,308,225,69300.00,""
1297,2024-06-26,336,112,37632.00,""
1300,2024-05-15,119,144,17136.00,""
1300,2024-05-16,61,97,5917.00,""
1300,2024-05-19,197,119,23443.00,""
1300,2024-05-27,185,109,20165.00,""
1300,2024-05-28,111,104,11544.00,""
1300,2024-05-29,77,93,7161.00,""
1300,2024-05-30,156,35,5460.00,""
1300,2024-06-02,268,63,16884.00,""
1300,2024-06-10,251,64,16064.00,""
1378,2024-05-07,198,148,29304.00,""
1378,2024-05-08,78,137,10686.00,""
1378,2024-05-13,168,107,17976.00,""
1378,2024-05-17,170,101,17170.00,""
1378,2024-05-18,55,134,7370.00,""
1378,2024-05-19,159,85,13515.00,""
1378,2024-05-24,172,48,8256.00,""
1378,2024-05-26,82,109,8938.00,""
1378,2024-05-30,136,23,3128.00,""
1378,2024-06-04,156,206,32136.00,""
1378,2024-06-11,184,178,32752.00,""
1378,2024-06-12,152,190,28880.00,""
1378,2024-06-15,341,244,83204.00,""
1378,2024-06-18,265,185,49025.00,""
1378,2024-06-22,93,124,11532.00,""
1378,2024-06-26,82,217,17794.00,""
1378,2024-06-27,162,217,35154.00,""
1378,2024-06-29,239,68,16252.00,""
1378,2024-06-30,163,180,29340.00,""
1378,2024-07-01,188,213,40044.00,""
1378,2024-07-04,227,228,51756.00,""
1378,2024-07-05,249,95,23655.00,""
1378,2024-07-13,84,136,11424.00,""
1378,2024-07-15,213,234,49842.00,""
1378,2024-07-23,255,242,61710.00,""
1378,2024-07-24,155,195,30225.00,""
1378,2024-07-25,165,159,26235.00,""
1378,2024-07-27,287,78,22386.00,""
1378,2024-08-01,248,234,58032.00,""
1378,2024-08-02,265,125,33125.00,""
1378,2024-08-08,154,193,29722.00,""
1429,2024-05-14,61,55,3355.00,""
1429,2024-05-16,129,50,6450.00,""
1429,2024-05-24,54,33,1782.00,""
1429,2024-05-25,103,87,8961.00,""
1429,2024-05-27,168,61,10248.00,""
1429,2024-05-28,78,141,10998.00,""
1429,2024-05-30,141,40,5640.00,""
1429,2024-06-01,242,240,58080.00,""
1429,2024-06-11,244,209,50996.00,""
1429,2024-06-12,120,136,16320.00,""
1429,2024-06-13,329,181,59549.00,""
1429,2024-06-14,262,140,36680.00,""
1429,2024-06-22,311,84,26124.00,""
1429,2024-06-23,129,159,20511.00,""
1429,2024-06-28,250,62,15500.00,""
1429,2024-06-29,246,229,56334.00,""
1429,2024-07-01,285,190,54150.00,""
1429,2024-07-04,281,206,57886.00,""
1429,2024-07-05,244,93,22692.00,""
1429,2024-07-07,290,174,50460.00,""
1429,2024-07-10,327,53,17331.00,""
1429,2024-07-16,228,236,53808.00,""
1429,2024-07-17,311,95,29545.00,""
1429,2024-07-18,252,201,50652.00,""
1429,2024-07-19,350,82,28700.00,""
1429,2024-07-20,213,78,16614.00,""
1429,2024-07-25,202,152,30704.00,""
1429,2024-07-26,183,52,9516.00,""
1429,2024-07-27,211,234,49374.00,""
1429,2024-07-30,201,180,36180.00,""
1576,2024-05-10,155,26,4030.00,""
1576,2024-05-11,176,136,23936.00,""
1576,2024-05-13,137,30,4110.00,""
1576,2024-05-14,90,67,6030.00,""
1576,2024-05-15,93,81,7533.00,""
1576,2024-05-16,56,22,1232.00,""
1576,2024-05-18,128,80,10240.00,""
1576,2024-05-20,172,123,21156.00,""
1576,2024-05-21,116,108,12528.00,""
1576,2024-05-22,184,38,6992.00,""
1576,2024-05-23,109,83,9047.00,""
1576,2024-05-26,174,82,14268.00,""
1576,2024-06-04,164,66,10824.00,""
1576,2024-06-15,268,69,18492.00,""
1576,2024-06-17,177,73,12921.00,""
1576,2024-06-18,83,132,10956.00,""
1576,2024-06-19,217,151,32767.00,""
1576,2024-06-26,129,95,12255.00,""
1318,2024-05-05,168,121,20328.00,""
1318,2024-05-07,178,131,23318.00,""
1318,2024-05-10,93,65,6045.00,""
1318,2024-05-13,71,121,8591.00,""
1318,2024-05-28,199,138,27462.00,""
1318,2024-05-31,187,82,15334.00,""
1318,2024-06-01,140,235,32900.00,""
1318,2024-06-05,327,215,70305.00,""
1318,2024-06-06,269,166,44654.00,""
1318,2024-06-07,215,217,46655.00,""
1318,2024-06-13,85,67,5695.00,""
1318,2024-06-15,151,229,34579.00,""
1318,2024-06-18,348,143,49764.00,""
1318,2024-06-20,289,198,57222.00,""
1318,2024-06-21,267,64,17088.00,""
1318,2024-06-24,91,132,12012.00,""
1318,2024-06-28,242,55,13310.00,""
1318,2024-07-01,348,85,29580.00,""
1318,2024-07-08,147,115,16905.00,""
1318,2024-07-14,209,184,38456.00,""
1318,2024-07-15,90,87,7830.00,""
1318,2024-07-21,276,247,68172.00,""
1318,2024-07-23,250,105,26250.00,""
1388,2024-05-07,147,32,4704.00,""
1388,2024-05-08,98,47,4606.00,""
1388,2024-05-09,143,28,4004.00,""
1388,2024-05-15,189,73,13797.00,""
1388,2024-05-17,117,133,15561.00,""
1388,2024-05-18,86,50,4300.00,""
1388,2024-05-19,182,81,14742.00,""
1388,2024-05-20,79,109,8611.00,""
1388,2024-05-21,150,48,7200.00,""
1388,2024-05-23,151,54,8154.00,""
1388,2024-05-26,52,81,4212.00,""
1388,2024-05-27,66,104,6864.00,""
1388,2024-05-28,156,104,16224.00,""
1388,2024-06-08,105,102,10710.00,""
1388,2024-06-10,283,189,53487.00,""
1388,2024-06-15,295,174,51330.00,""
1388,2024-06-17,128,97,12416.00,""
1388,2024-06-20,243,88,21384.00,""
1388,2024-06-22,95,115,10925.00,""
1388,2024-06-26,112,181,20272.00,""
1388,2024-07-07,94,154,14476.00,""
1388,2024-07-14,290,136,39440.00,""
1388,2024-07-16,326,134,43684.00,""
1388,2024-07-17,227,72,16344.00,""
1388,2024-07-19,123,153,18819.00,""
1388,2024-07-23,102,139,14178.00,""
1388,2024-07-24,198,71,14058.00,""
1553,2024-05-06,83,120,9960.00,""
1553,2024-05-10,85,51,4335.00,""
1553,2024-05-23,200,55,11000.00,""
1553,2024-05-26,126,26,3276.00,""
1553,2024-05-27,73,104,7592.00,""
1553,2024-05-31,64,63,4032.00,""
1553,2024-06-03,296,116,34336.00,""
1553,2024-06-07,186,237,44082.00,""
1553,2024-06-13,163,226,36838.00,""
1267,2024-05-09,95,75,7125.00,""
1267,2024-05-15,115,55,6325.00,""
1267,2024-05-16,190,128,24320.00,""
1267,2024-05-17,134,97,12998.00,""
1267,2024-05-19,195,24,4680.00,""
1267,2024-05-20,182,54,9828.00,""
1267,2024-05-21,106,66,6996.00,""
1267,2024-05-22,167,139,23213.00,""
1267,2024-05-25,158,82,12956.00,""
1267,2024-05-29,106,148,15688.00,""
1267,2024-05-30,73,115,8395.00,""
1267,2024-06-09,306,85,26010.00,""
1267,2024-06-21,350,121,42350.00,""
1267,2024-06-24,311,135,41985.00,""
1531,2024-05-13,134,66,8844.00,""
1531,2024-05-14,155,113,17515.00,""
1531,2024-05-17,170,149,25330.00,""
1531,2024-05-18,148,41,6068.00,""
1531,2024-05-19,152,95,14440.00,""
1531,2024-05-22,198,44,8712.00,""
1531,2024-05-25,106,93,9858.00,""
1531,2024-05-26,109,29,3161.00,""
1531,2024-05-29,198,27,5346.00,""
1531,2024-06-06,242,101,24442.00,""
1531,2024-06-24,229,90,20610.00,""
1531,2024-06-25,80,249,19920.00,""
1531,2024-06-29,251,98,24598.00,""
1531,2024-07-11,187,161,30107.00,""
1531,2024-07-16,333,136,45288.00,""
1531,2024-07-17,227,225,51075.00,""
1531,2024-07-19,296,119,35224.00,""
1531,2024-07-20,259,74,19166.00,""
1531,2024-07-21,348,100,34800.00,""
1328,2024-05-10,190,90,17100.00,""
1328,2024-05-11,41,20,820.00,""
1328,2024-05-12,183,37,6771.00,""
1328,2024-05-15,117,54,6318.00,""
1328,2024-05-16,145,140,20300.00,""
1328,2024-05-17,163,61,9943.00,""
1328,2024-05-21,128,113,14464.00,""
1328,2024-05-24,182,55,10010.00,""
1328,2024-05-27,181,24,4344.00,""
1328,2024-05-30,191,132,25212.00,""
1328,2024-06-02,274,162,44388.00,""
1328,2024-06-10,310,233,72230.00,""
1328,2024-06-12,305,57,17385.00,""
1328,2024-06-22,266,194,51604.00,""
1328,2024-06-28,279,179,49941.00,""
1328,2024-07-02,204,205,41820.00,""
1328,2024-07-05,87,88,7656.00,""
1328,2024-07-06,116,135,15660.00,""
1328,2024-07-07,243,129,31347.00,""
1328,2024-07-11,268,76,20368.00,""
1328,2024-07-12,231,213,49203.00,""
1328,2024-07-14,265,129,34185.00,""
1328,2024-07-18,205,109,22345.00,""
1328,2024-07-19,309,77,23793.00,""
1328,2024-07-20,163,132,21516.00,""
1328,2024-07-21,291,77,22407.00,""
1212,2024-05-10,148,141,20868.00,""
1212,2024-05-11,44,150,6600.00,""
1212,2024-05-14,120,85,10200.00,""
1212,2024-05-15,92,51,4692.00,""
1212,2024-05-16,170,84,14280.00,""
1212,2024-05-18,63,123,7749.00,""
1212,2024-05-23,68,103,7004.00,""
1212,2024-05-26,114,81,9234.00,""
1212,2024-05-30,120,41,4920.00,""
1212,2024-05-31,93,28,2604.00,""
1212,2024-06-01,173,51,8823.00,""
1212,2024-06-03,327,134,43818.00,""
1212,2024-06-11,347,181,62807.00,""
1212,2024-06-12,128,65,8320.00,""
1212,2024-06-13,152,209,31768.00,""
1212,2024-06-15,328,134,43952.00,""
1212,2024-06-19,226,91,20566.00,""
1212,2024-06-21,347,73,25331.00,""
1212,2024-06-24,280,214,59920.00,""
1212,2024-06-28,186,94,17484.00,""
1212,2024-07-01,332,212,70384.00,""
1771,2024-05-13,100,72,7200.00,""
1771,2024-05-14,148,149,22052.00,""
1771,2024-05-18,150,148,22200.00,""
1771,2024-05-21,158,102,16116.00,""
1771,2024-05-27,71,62,4402.00,""
1771,2024-05-28,192,21,4032.00,""
1771,2024-05-30,119,130,15470.00,""
1771,2024-06-02,109,248,27032.00,""
1771,2024-06-03,167,228,38076.00,""
1771,2024-06-06,314,241,75674.00,""
1771,2024-06-08,279,239,66681.00,""
1771,2024-06-11,109,240,26160.00,""
1771,2024-06-12,321,193,61953.00,""
1771,2024-06-16,199,126,25074.00,""
1771,2024-06-20,168,246,41328.00,""
1232,2024-05-14,66,107,7062.00,""
1232,2024-05-17,136,96,13056.00,""
1232,2024-05-18,84,38,3192.00,""
1232,2024-05-20,139,74,10286.00,""
1232,2024-05-21,44,71,3124.00,""
1232,2024-05-25,79,148,11692.00,""
1232,2024-05-27,79,145,11455.00,""
1232,2024-05-29,143,33,4719.00,""
1232,2024-05-31,66,49,3234.00,""
1232,2024-06-05,210,120,25200.00,""
1232,2024-06-06,174,249,43326.00,""
1232,2024-06-11,193,184,35512.00,""
1232,2024-06-15,120,158,18960.00,""
1232,2024-06-25,176,53,9328.00,""
1232,2024-06-29,328,208,68224.00,""
1232,2024-07-01,123,91,11193.00,""
1232,2024-07-08,350,150,52500.00,""
1232,2024-07-09,100,106,10600.00,""
1232,2024-07-10,227,145,32915.00,""
1232,2024-07-13,141,160,22560.00,""
1232,2024-07-15,172,151,25972.00,""
1232,2024-07-18,232,175,40600.00,""
1232,2024-07-20,180,156,28080.00,""
1232,2024-07-22,91,242,22022.00,""
1232,2024-07-24,226,79,17854.00,""
1232,2024-07-25,208,119,24752.00,""
1232,2024-07-28,162,170,27540.00,""
1232,2024-07-31,211,107,22577.00,""
1232,2024-08-06,197,75,14775.00,""
1490,2024-05-09,42,107,4494.00,""
1490,2024-05-15,198,32,6336.00,""
1490,2024-05-21,80,109,8720.00,""
1490,2024-05-29,117,111,12987.00,""
1490,2024-06-01,88,153,13464.00,""
1490,2024-06-03,192,81,15552.00,""
1490,2024-06-06,120,230,27600.00,""
1490,2024-06-07,241,233,56153.00,""
1490,2024-06-09,300,138,41400.00,""
1490,2024-06-14,278,176,48928.00,""
1490,2024-06-15,348,90,31320.00,""
1490,2024-06-20,241,188,45308.00,""
1490,2024-06-26,130,247,32110.00,""
1490,2024-06-27,292,85,24820.00,""
1490,2024-07-09,163,219,35697.00,""
1490,2024-07-11,197,62,12214.00,""
1490,2024-07-15,113,65,7345.00,""
1490,2024-07-16,126,133,16758.00,""
1632,2024-05-05,183,32,5856.00,""
1632,2024-05-09,136,43,5848.00,""
1632,2024-05-10,66,106,6996.00,""
1632,2024-05-19,102,95,9690.00,""
1632,2024-05-20,111,120,13320.00,""
1632,2024-05-21,43,59,2537.00,""
1632,2024-05-23,138,39,5382.00,""
1632,2024-05-24,56,101,5656.00,""
1632,2024-05-26,75,140,10500.00,""
1632,2024-05-27,151,38,5738.00,""
1632,2024-06-01,270,91,24570.00,""
1632,2024-06-07,264,158,41712.00,""
1632,2024-06-12,252,58,14616.00,""
1632,2024-06-14,92,214,19688.00,""
1632,2024-06-16,319,163,51997.00,""
1632,2024-06-27,176,131,23056.00,""
1632,2024-06-28,191,247,47177.00,""
1632,2024-06-29,82,138,11316.00,""
1632,2024-07-07,272,221,60112.00,""
1632,2024-07-10,233,88,20504.00,""
1632,2024-07-12,249,83,20667.00,""
1632,2024-07-14,241,83,20003.00,""
1632,2024-07-25,214,203,43442.00,""
1632,2024-07-31,257,121,31097.00,""
1632,2024-08-05,338,194,65572.00,""
1632,2024-08-12,139,236,32804.00,""
1632,2024-08-15,325,66,21450.00,""
1632,2024-08-24,108,240,25920.00,""
1627,2024-05-07,82,60,4920.00,""
1627,2024-05-10,179,112,20048.00,""
1627,2024-05-11,124,60,7440.00,""
1627,2024-05-15,160,72,11520.00,""
1627,2024-05-20,85,41,3485.00,""
1627,2024-05-22,151,149,22499.00,""
1627,2024-05-24,96,79,7584.00,""
1627,2024-05-25,146,112,16352.00,""
1627,2024-05-26,137,139,19043.00,""
1627,2024-05-31,187,86,16082.00,""
1627,2024-06-03,161,215,34615.00,""
1627,2024-06-04,87,203,17661.00,""
1627,2024-06-05,253,99,25047.00,""
1627,2024-06-10,219,235,51465.00,""
1627,2024-06-15,348,62,21576.00,""
1627,2024-06-17,321,71,22791.00,""
1627,2024-06-18,210,232,48720.00,""
1627,2024-06-19,173,168,29064.00,""
1627,2024-06-21,312,134,41808.00,""
1614,2024-05-10,168,29,4872.00,""
1614,2024-05-11,94,41,3854.00,""
1614,2024-05-12,111,123,13653.00,""
1614,2024-05-13,144,127,18288.00,""
1614,2024-05-18,80,94,7520.00,""
1614,2024-05-22,87,132,11484.00,""
1614,2024-05-24,79,52,4108.00,""
1614,2024-05-27,177,40,7080.00,""
1614,2024-05-28,177,83,14691.00,""
1614,2024-05-30,108,74,7992.00,""
1614,2024-05-31,104,131,13624.00,""
1614,2024-06-05,176,101,17776.00,""
1614,2024-06-06,181,70,12670.00,""
1614,2024-06-07,165,219,36135.00,""
1614,2024-06-08,147,78,11466.00,""
1614,2024-06-14,217,94,20398.00,""
1614,2024-06-18,128,63,8064.00,""
1614,2024-06-22,144,151,21744.00,""
1614,2024-06-24,250,175,43750.00,""
1614,2024-06-28,114,101,11514.00,""
1614,2024-07-02,186,113,21018.00,""
1614,2024-07-06,348,247,85956.00,""
1614,2024-07-07,216,90,19440.00,""
1614,2024-07-08,119,152,18088.00,""
1614,2024-07-13,245,115,28175.00,""
1614,2024-07-19,320,150,48000.00,""
1614,2024-07-21,340,186,63240.00,""
1614,2024-07-29,311,120,37320.00,""
1614,2024-08-01,212,121,25652.00,""
1614,2024-08-02,277,202,55954.00,""
1614,2024-08-03,345,63,21735.00,""
1614,2024-08-09,330,195,64350.00,""
1614,2024-08-11,86,196,16856.00,""
1614,2024-08-12,182,225,40950.00,""
1614,2024-08-15,221,129,28509.00,""
1614,2024-08-17,330,120,39600.00,""
1614,2024-08-18,95,186,17670.00,""
1234,2024-05-06,141,112,15792.00,""
1234,2024-05-07,110,113,12430.00,""
1234,2024-05-08,171,64,10944.00,""
1234,2024-05-11,90,53,4770.00,""
1234,2024-05-14,109,42,4578.00,""
1234,2024-05-16,48,120,5760.00,""
1234,2024-05-21,65,73,4745.00,""
1234,2024-05-22,89,55,4895.00,""
1234,2024-05-24,46,41,1886.00,""
1234,2024-05-25,172,130,22360.00,""
1234,2024-05-27,42,89,3738.00,""
1234,2024-05-28,100,99,9900.00,""
1234,2024-05-29,60,120,7200.00,""
1234,2024-05-31,129,128,16512.00,""
1234,2024-06-04,150,86,12900.00,""
1234,2024-06-21,168,203,34104.00,""
1234,2024-06-27,324,211,68364.00,""
1234,2024-06-28,180,75,13500.00,""
1756,2024-05-11,171,30,5130.00,""
1756,2024-05-16,133,110,14630.00,""
1756,2024-05-19,85,149,12665.00,""
1756,2024-05-25,53,108,5724.00,""
1756,2024-05-27,160,25,4000.00,""
1756,2024-05-29,49,102,4998.00,""
1756,2024-05-31,155,61,9455.00,""
1756,2024-06-03,340,127,43180.00,""
1756,2024-06-05,276,156,43056.00,""
1756,2024-06-08,302,138,41676.00,""
1306,2024-05-10,173,127,21971.00,""
1306,2024-05-11,67,35,2345.00,""
1306,2024-05-15,146,78,11388.00,""
1306,2024-05-17,117,107,12519.00,""
1306,2024-05-19,120,143,17160.00,""
1306,2024-05-24,72,94,6768.00,""
1306,2024-05-27,68,101,6868.00,""
1306,2024-06-09,211,94,19834.00,""
1306,2024-06-14,336,229,76944.00,""
1306,2024-06-19,258,110,28380.00,""
1306,2024-07-01,318,129,41022.00,""
1306,2024-07-02,179,89,15931.00,""
1306,2024-07-04,331,238,78778.00,""
1306,2024-07-05,151,219,33069.00,""
1306,2024-07-11,285,126,35910.00,""
1306,2024-07-12,127,66,8382.00,""
1306,2024-07-17,288,215,61920.00,""
1306,2024-07-21,215,166,35690.00,""
1306,2024-07-26,81,163,13203.00,""
1306,2024-08-01,186,178,33108.00,""
1306,2024-08-02,224,82,18368.00,""
1306,2024-08-03,185,165,30525.00,""
1306,2024-08-07,252,145,36540.00,""
1306,2024-08-13,331,205,67855.00,""
1306,2024-08-17,147,200,29400.00,""
1306,2024-08-19,299,84,25116.00,""
1306,2024-08-28,98,230,22540.00,""
1306,2024-08-31,277,73,20221.00,""
1306,2024-09-03,183,188,34404.00,""
1306,2024-09-05,282,150,42300.00,""
1306,2024-09-07,140,191,26740.00,""
1468,2024-05-06,170,61,10370.00,""
1468,2024-05-07,71,110,7810.00,""
1468,2024-05-14,55,139,7645.00,""
1468,2024-05-17,78,61,4758.00,""
1468,2024-05-20,60,24,1440.00,""
1468,2024-05-21,127,59,7493.00,""
1468,2024-05-25,171,37,6327.00,""
1468,2024-05-26,155,86,13330.00,""
1468,2024-05-27,59,24,1416.00,""
1468,2024-05-31,167,49,8183.00,""
1468,2024-06-04,167,188,31396.00,""
1468,2024-06-11,155,181,28055.00,""
1468,2024-06-16,255,231,58905.00,""
1468,2024-06-23,122,225,27450.00,""
1468,2024-06-24,130,167,21710.00,""
1468,2024-07-09,300,208,62400.00,""
1468,2024-07-15,305,171,52155.00,""
1468,2024-07-16,178,148,26344.00,""
1468,2024-07-17,235,212,49820.00,""
1468,2024-07-20,135,226,30510.00,""
1468,2024-07-21,350,57,19950.00,""
1468,2024-07-23,112,80,8960.00,""
1468,2024-07-25,97,152,14744.00,""
1468,2024-07-27,322,237,76314.00,""
1468,2024-08-11,114,158,18012.00,""
1468,2024-08-14,152,152,23104.00,""
1468,2024-08-15,130,178,23140.00,""
1468,2024-09-04,248,68,16864.00,""
1468,2024-09-11,210,106,22260.00,""
1468,2024-09-16,239,70,16730.00,""
1468,2024-09-17,209,90,18810.00,""
1468,2024-09-18,278,86,23908.00,""
1468,2024-09-19,259,105,27195.00,""
1468,2024-09-20,179,174,31146.00,""
1468,2024-09-24,214,152,32528.00,""
1468,2024-09-26,247,100,24700.00,""
1660,2024-05-09,112,85,9520.00,""
1660,2024-05-14,152,106,16112.00,""
1660,2024-05-20,48,117,5616.00,""
1660,2024-05-21,71,79,5609.00,""
1660,2024-05-22,108,137,14796.00,""
1660,2024-05-24,106,42,4452.00,""
1660,2024-05-31,99,38,3762.00,""
1660,2024-06-05,256,143,36608.00,""
1660,2024-06-06,228,183,41724.00,""
1660,2024-06-08,335,58,19430.00,""
1660,2024-06-10,91,53,4823.00,""
1660,2024-06-18,290,123,35670.00,""
1418,2024-05-10,79,71,5609.00,""
1418,2024-05-12,188,24,4512.00,""
1418,2024-05-15,57,44,2508.00,""
1418,2024-05-16,162,135,21870.00,""
1418,2024-05-19,107,136,14552.00,""
1418,2024-05-26,126,134,16884.00,""
1418,2024-05-27,170,101,17170.00,""
1418,2024-05-28,118,81,9558.00,""
1418,2024-05-29,94,101,9494.00,""
1418,2024-05-30,65,75,4875.00,""
1418,2024-06-01,317,103,32651.00,""
1418,2024-06-02,135,106,14310.00,""
1418,2024-06-10,244,168,40992.00,""
1418,2024-06-17,186,144,26784.00,""
1418,2024-06-19,328,132,43296.00,""
1305,2024-05-08,133,127,16891.00,""
1305,2024-05-10,167,111,18537.00,""
1305,2024-05-15,100,51,5100.00,""
1305,2024-05-20,43,27,1161.00,""
1305,2024-05-23,177,149,26373.00,""
1305,2024-05-26,68,35,2380.00,""
1305,2024-05-27,71,107,7597.00,""
1305,2024-05-30,72,149,10728.00,""
1305,2024-05-31,53,34,1802.00,""
1305,2024-06-01,257,149,38293.00,""
1305,2024-06-07,295,61,17995.00,""
1305,2024-06-13,265,141,37365.00,""
1697,2024-05-05,103,66,6798.00,""
1697,2024-05-07,185,99,18315.00,""
1697,2024-05-13,51,68,3468.00,""
1697,2024-05-16,196,76,14896.00,""
1697,2024-05-18,117,133,15561.00,""
1697,2024-05-19,112,62,6944.00,""
1697,2024-05-20,151,112,16912.00,""
1697,2024-05-21,175,72,12600.00,""
1697,2024-05-24,192,31,5952.00,""
1697,2024-05-28,131,114,14934.00,""
1697,2024-05-29,140,134,18760.00,""
1697,2024-05-30,72,98,7056.00,""
1697,2024-05-31,178,102,18156.00,""
1697,2024-06-12,215,163,35045.00,""
1697,2024-06-13,167,236,39412.00,""
1697,2024-06-16,235,224,52640.00,""
1697,2024-06-22,92,210,19320.00,""
1697,2024-06-25,256,198,50688.00,""
1697,2024-07-02,316,85,26860.00,""
1703,2024-05-12,119,59,7021.00,""
1703,2024-05-13,46,68,3128.00,""
1703,2024-05-17,51,81,4131.00,""
1703,2024-05-18,118,122,14396.00,""
1703,2024-05-22,194,41,7954.00,""
1703,2024-05-24,144,51,7344.00,""
1703,2024-05-25,177,147,26019.00,""
1703,2024-06-07,225,137,30825.00,""
1703,2024-06-10,261,189,49329.00,""
1703,2024-06-11,159,124,19716.00,""
1703,2024-06-12,237,100,23700.00,""
1703,2024-06-13,144,138,19872.00,""
1703,2024-06-14,191,123,23493.00,""
1703,2024-06-15,200,114,22800.00,""
1703,2024-06-19,207,203,42021.00,""
1596,2024-05-09,139,87,12093.00,""
1596,2024-05-13,66,69,4554.00,""
1596,2024-05-14,72,37,2664.00,""
1596,2024-05-18,161,64,10304.00,""
1596,2024-05-24,163,86,14018.00,""
1596,2024-05-26,49,31,1519.00,""
1596,2024-05-31,44,92,4048.00,""
1596,2024-06-04,211,113,23843.00,""
1596,2024-06-16,133,83,11039.00,""
1596,2024-06-29,267,112,29904.00,""
1596,2024-06-30,346,216,74736.00,""
1596,2024-07-02,210,77,16170.00,""
1518,2024-05-06,151,59,8909.00,""
1518,2024-05-10,168,87,14616.00,""
1518,2024-05-17,42,76,3192.00,""
1518,2024-05-23,170,42,7140.00,""
1518,2024-05-25,194,123,23862.00,""
1518,2024-05-28,86,25,2150.00,""
1518,2024-06-03,288,53,15264.00,""
1518,2024-06-09,232,179,41528.00,""
1518,2024-06-13,350,226,79100.00,""
1518,2024-06-15,281,216,60696.00,""
1518,2024-06-20,237,76,18012.00,""
1518,2024-06-21,204,179,36516.00,""
1518,2024-06-24,298,85,25330.00,""
1518,2024-07-03,197,160,31520.00,""
1518,2024-07-07,277,76,21052.00,""
1518,2024-07-09,322,113,36386.00,""
1518,2024-07-11,259,237,61383.00,""
1518,2024-07-14,147,117,17199.00,""
1518,2024-07-16,273,162,44226.00,""
1518,2024-07-19,162,175,28350.00,""
1518,2024-07-24,208,100,20800.00,""
1518,2024-07-29,312,158,49296.00,""
1518,2024-08-03,210,204,42840.00,""
1518,2024-08-05,314,119,37366.00,""
1518,2024-08-14,137,152,20824.00,""
1518,2024-08-21,184,178,32752.00,""
1518,2024-08-22,199,106,21094.00,""
1518,2024-08-25,317,62,19654.00,""
1518,2024-08-26,257,178,45746.00,""
1518,2024-08-28,101,203,20503.00,""
1518,2024-09-01,120,146,17520.00,""
1518,2024-09-06,238,160,38080.00,""
1518,2024-09-08,206,98,20188.00,""
1518,2024-09-14,201,148,29748.00,""
1765,2024-05-12,144,46,6624.00,""
1765,2024-05-15,62,64,3968.00,""
1765,2024-05-21,127,28,3556.00,""
1765,2024-05-25,184,63,11592.00,""
1765,2024-06-08,159,81,12879.00,""
1765,2024-06-11,146,187,27302.00,""
1230,2024-05-18,130,141,18330.00,""
1230,2024-05-19,181,121,21901.00,""
1230,2024-05-21,80,32,2560.00,""
1230,2024-05-22,119,42,4998.00,""
1230,2024-05-24,118,26,3068.00,""
1230,2024-05-27,100,37,3700.00,""
1230,2024-05-29,109,110,11990.00,""
1230,2024-05-30,165,65,10725.00,""
1230,2024-06-06,157,55,8635.00,""
1230,2024-06-08,199,187,37213.00,""
1230,2024-06-13,204,172,35088.00,""
1230,2024-06-28,152,74,11248.00,""
1230,2024-07-05,279,240,66960.00,""
1230,2024-07-06,227,250,56750.00,""
1230,2024-07-11,183,123,22509.00,""
1230,2024-07-26,272,196,53312.00,""
1230,2024-07-27,191,142,27122.00,""
1230,2024-07-29,337,128,43136.00,""
1230,2024-07-31,287,244,70028.00,""
1230,2024-08-02,87,61,5307.00,""
1230,2024-08-06,115,68,7820.00,""
