id_interne_plant,date,note
92,2025-06-05,Plante en bonne santé
92,2025-12-10,Plante en bonne santé
92,2025-10-03,Signes de stress hydrique
92,2025-11-20,Plante en bonne santé
92,2025-12-05,Feuilles abîmées
478,2025-08-25,Insectes observés
478,2025-08-28,Insectes observés
478,2025-07-21,Croissance rapide
478,2025-12-23,Feuilles abîmées
306,2025-06-12,Feuilles abîmées
306,2025-11-04,Feuilles abîmées
1055,2025-08-02,Signes de stress hydrique
1055,2025-09-10,Feuilles abîmées
1055,2025-07-16,Insectes observés
1055,2025-12-15,Plante en bonne santé
960,2025-08-13,Insectes observés
960,2025-12-23,Signes de stress hydrique
960,2025-06-07,Feuilles abîmées
960,2025-06-27,Plante en bonne santé
114,2025-09-11,Plante en bonne santé
114,2025-09-05,Feuilles abîmées
114,2025-11-08,Feuilles abîmées
637,2025-09-29,Insectes observés
637,2025-08-20,Feuilles abîmées
637,2025-11-14,Plante en bonne santé
191,2025-07-03,Insectes observés
191,2025-07-19,Feuilles abîmées
9,2025-10-29,Insectes observés
9,2025-09-17,Feuilles abîmées
9,2025-07-18,Insectes observés
9,2025-11-07,Plante en bonne santé
9,2025-06-18,Plante en bonne santé
22,2025-11-14,Plante en bonne santé
22,2025-12-02,Insectes observés
111,2025-11-01,Croissance rapide
722,2025-06-29,Insectes observés
722,2025-11-02,Insectes observés
722,2025-12-13,Signes de stress hydrique
722,2025-06-27,Feuilles abîmées
722,2025-06-10,Croissance rapide
127,2025-12-24,Plante en bonne santé
127,2025-09-08,Insectes observés
127,2025-12-25,Croissance rapide
973,2025-06-02,Plante en bonne santé
973,2025-12-30,Croissance rapide
973,2025-09-10,Feuilles abîmées
973,2025-06-14,Croissance rapide
819,2025-11-18,Croissance rapide
819,2025-10-27,Croissance rapide
556,2025-11-01,Croissance rapide
701,2025-06-29,Insectes observés
701,2025-11-29,Croissance rapide
701,2025-09-11,Feuilles abîmées
701,2025-09-03,Plante en bonne santé
347,2025-09-08,Signes de stress hydrique
258,2025-11-02,Insectes observés
258,2025-11-19,Plante en bonne santé
78,2025-11-03,Feuilles abîmées
78,2025-12-18,Insectes observés
78,2025-12-24,Insectes observés
968,2025-09-19,Plante en bonne santé
994,2025-11-14,Plante en bonne santé
994,2025-07-30,Insectes observés
994,2025-09-05,Feuilles abîmées
91,2025-06-03,Croissance rapide
91,2025-08-26,Signes de stress hydrique
91,2025-11-01,Plante en bonne santé
91,2025-12-15,Feuilles abîmées
454,2025-08-08,Feuilles abîmées
454,2025-12-24,Signes de stress hydrique
454,2025-11-21,Plante en bonne santé
454,2025-08-25,Signes de stress hydrique
693,2025-07-06,Insectes observés
693,2025-08-20,Plante en bonne santé
693,2025-09-12,Feuilles abîmées
554,2025-08-12,Plante en bonne santé
554,2025-09-11,Croissance rapide
799,2025-06-14,Plante en bonne santé
799,2025-07-21,Insectes observés
799,2025-11-03,Feuilles abîmées
799,2025-09-22,Insectes observés
799,2025-08-07,Plante en bonne santé
931,2025-09-12,Feuilles abîmées
303,2025-10-23,Signes de stress hydrique
303,2025-12-14,Feuilles abîmées
303,2025-07-27,Feuilles abîmées
303,2025-10-04,Insectes observés
713,2025-09-05,Plante en bonne santé
713,2025-06-16,Croissance rapide
713,2025-07-10,Feuilles abîmées
713,2025-08-30,Croissance rapide
713,2025-12-19,Feuilles abîmées
505,2025-11-10,Croissance rapide
936,2025-07-04,Insectes observés
936,2025-10-28,Croissance rapide
936,2025-07-20,Insectes observés
563,2025-08-28,Feuilles abîmées
563,2025-06-06,Insectes observés
563,2025-07-02,Signes de stress hydrique
313,2025-06-30,Feuilles abîmées
313,2025-12-12,Insectes observés
313,2025-10-21,Insectes observés
313,2025-06-18,Croissance rapide
313,2025-06-28,Insectes observés
976,2025-06-05,Feuilles abîmées
976,2025-09-30,Signes de stress hydrique
976,2025-06-02,Insectes observés
715,2025-07-31,Signes de stress hydrique
715,2025-09-02,Signes de stress hydrique
715,2025-08-01,Insectes observés
827,2025-06-23,Croissance rapide
827,2025-10-23,Plante en bonne santé
827,2025-12-19,Signes de stress hydrique
1,2025-07-13,Feuilles abîmées
1,2025-06-08,Signes de stress hydrique
1,2025-07-29,Insectes observés
1,2025-07-28,Croissance rapide
1,2025-06-07,Plante en bonne santé
257,2025-12-23,Feuilles abîmées
257,2025-07-09,Insectes observés
257,2025-08-29,Croissance rapide
257,2025-07-11,Croissance rapide
64,2025-09-18,Croissance rapide
64,2025-06-17,Insectes observés
64,2025-09-02,Croissance rapide
64,2025-06-05,Croissance rapide
165,2025-08-15,Plante en bonne santé
165,2025-10-12,Plante en bonne santé
165,2025-11-22,Croissance rapide
165,2025-12-23,Plante en bonne santé
165,2025-11-27,Plante en bonne santé
935,2025-11-19,Feuilles abîmées
935,2025-07-28,Feuilles abîmées
1017,2025-11-29,Feuilles abîmées
1017,2025-09-08,Insectes observés
1017,2025-08-30,Signes de stress hydrique
1017,2025-10-23,Feuilles abîmées
1017,2025-06-24,Insectes observés
39,2025-11-09,Insectes observés
39,2025-06-24,Plante en bonne santé
39,2025-06-11,Signes de stress hydrique
39,2025-11-28,Feuilles abîmées
39,2025-09-11,Feuilles abîmées
651,2025-09-17,Croissance rapide
651,2025-06-26,Croissance rapide
338,2025-10-09,Feuilles abîmées
338,2025-11-22,Signes de stress hydrique
967,2025-12-17,Signes de stress hydrique
793,2025-12-18,Croissance rapide
793,2025-07-01,Feuilles abîmées
793,2025-07-02,Signes de stress hydrique
771,2025-10-11,Feuilles abîmées
771,2025-12-13,Signes de stress hydrique
771,2025-11-13,Signes de stress hydrique
939,2025-06-06,Signes de stress hydrique
939,2025-10-17,Plante en bonne santé
939,2025-06-18,Insectes observés
939,2025-12-07,Croissance rapide
805,2025-11-24,Croissance rapide
805,2025-07-30,Insectes observés
599,2025-06-01,Plante en bonne santé
599,2025-08-03,Signes de stress hydrique
599,2025-10-04,Croissance rapide
599,2025-09-27,Plante en bonne santé
861,2025-09-18,Plante en bonne santé
1184,2025-06-05,Insectes observés
1184,2025-06-12,Plante en bonne santé
1184,2025-06-26,Insectes observés
949,2025-09-30,Plante en bonne santé
949,2025-07-23,Croissance rapide
949,2025-08-06,Croissance rapide
798,2025-10-18,Croissance rapide
1187,2025-11-06,Plante en bonne santé
1187,2025-09-21,Croissance rapide
1187,2025-06-03,Feuilles abîmées
565,2025-07-31,Plante en bonne santé
565,2025-07-02,Feuilles abîmées
565,2025-11-13,Plante en bonne santé
565,2025-06-14,Signes de stress hydrique
595,2025-07-22,Insectes observés
595,2025-09-19,Feuilles abîmées
205,2025-07-27,Feuilles abîmées
205,2025-08-22,Signes de stress hydrique
391,2025-12-28,Plante en bonne santé
216,2025-10-28,Feuilles abîmées
216,2025-11-03,Plante en bonne santé
954,2025-11-15,Insectes observés
954,2025-12-03,Plante en bonne santé
954,2025-11-11,Insectes observés
909,2025-06-17,Plante en bonne santé
350,2025-10-10,Feuilles abîmées
350,2025-11-07,Plante en bonne santé
350,2025-06-23,Signes de stress hydrique
350,2025-08-06,Croissance rapide
47,2025-10-10,Signes de stress hydrique
47,2025-06-07,Signes de stress hydrique
1105,2025-08-11,Plante en bonne santé
1105,2025-11-18,Plante en bonne santé
388,2025-10-30,Plante en bonne santé
1062,2025-08-13,Croissance rapide
1181,2025-12-01,Feuilles abîmées
1181,2025-08-30,Plante en bonne santé
1181,2025-11-15,Croissance rapide
1181,2025-07-11,Signes de stress hydrique
1096,2025-10-26,Plante en bonne santé
1096,2025-06-11,Insectes observés
235,2025-11-11,Insectes observés
235,2025-10-07,Feuilles abîmées
1183,2025-11-23,Plante en bonne santé
34,2025-06-29,Insectes observés
34,2025-11-19,Croissance rapide
34,2025-06-16,Insectes observés
34,2025-10-23,Plante en bonne santé
719,2025-10-06,Plante en bonne santé
719,2025-10-28,Signes de stress hydrique
719,2025-12-05,Insectes observés
822,2025-11-26,Insectes observés
822,2025-07-28,Croissance rapide
822,2025-07-15,Insectes observés
822,2025-10-31,Feuilles abîmées
831,2025-08-16,Feuilles abîmées
831,2025-09-03,Plante en bonne santé
354,2025-11-03,Insectes observés
132,2025-12-24,Insectes observés
132,2025-10-16,Feuilles abîmées
657,2025-10-11,Signes de stress hydrique
657,2025-11-03,Feuilles abîmées
657,2025-10-07,Insectes observés
657,2025-06-12,Insectes observés
657,2025-11-28,Insectes observés
1175,2025-12-30,Signes de stress hydrique
1175,2025-09-18,Insectes observés
1175,2025-12-01,Signes de stress hydrique
670,2025-06-28,Croissance rapide
670,2025-07-08,Signes de stress hydrique
1041,2025-06-25,Insectes observés
889,2025-10-24,Signes de stress hydrique
889,2025-06-19,Croissance rapide
889,2025-10-27,Insectes observés
889,2025-11-14,Croissance rapide
889,2025-08-02,Insectes observés
146,2025-12-16,Croissance rapide
146,2025-08-22,Signes de stress hydrique
146,2025-10-22,Signes de stress hydrique
146,2025-06-29,Croissance rapide
146,2025-11-21,Croissance rapide
172,2025-10-02,Signes de stress hydrique
172,2025-12-20,Signes de stress hydrique
172,2025-11-23,Signes de stress hydrique
172,2025-12-04,Signes de stress hydrique
125,2025-06-08,Signes de stress hydrique
125,2025-06-15,Feuilles abîmées
884,2025-12-11,Croissance rapide
884,2025-09-11,Plante en bonne santé
884,2025-12-02,Insectes observés
884,2025-11-11,Feuilles abîmées
884,2025-12-24,Insectes observés
567,2025-06-23,Plante en bonne santé
567,2025-09-10,Signes de stress hydrique
790,2025-11-09,Insectes observés
790,2025-12-19,Plante en bonne santé
790,2025-07-26,Croissance rapide
946,2025-06-09,Plante en bonne santé
946,2025-07-10,Plante en bonne santé
946,2025-11-09,Plante en bonne santé
946,2025-06-17,Signes de stress hydrique
547,2025-12-21,Feuilles abîmées
547,2025-10-05,Plante en bonne santé
645,2025-08-28,Signes de stress hydrique
645,2025-07-01,Feuilles abîmées
645,2025-11-20,Insectes observés
645,2025-09-27,Feuilles abîmées
645,2025-12-29,Feuilles abîmées
357,2025-07-12,Insectes observés
357,2025-09-14,Feuilles abîmées
357,2025-09-05,Plante en bonne santé
357,2025-09-15,Signes de stress hydrique
357,2025-08-09,Insectes observés
896,2025-12-08,Insectes observés
896,2025-07-09,Insectes observés
896,2025-11-29,Signes de stress hydrique
663,2025-11-09,Signes de stress hydrique
130,2025-06-08,Plante en bonne santé
130,2025-06-29,Insectes observés
130,2025-06-17,Insectes observés
130,2025-11-27,Insectes observés
402,2025-08-20,Signes de stress hydrique
402,2025-08-23,Feuilles abîmées
402,2025-12-14,Plante en bonne santé
402,2025-12-21,Insectes observés
541,2025-10-25,Signes de stress hydrique
541,2025-10-16,Plante en bonne santé
638,2025-09-07,Plante en bonne santé
638,2025-12-10,Signes de stress hydrique
638,2025-07-13,Signes de stress hydrique
638,2025-08-13,Signes de stress hydrique
638,2025-07-28,Insectes observés
429,2025-07-13,Plante en bonne santé
429,2025-09-09,Feuilles abîmées
429,2025-07-14,Plante en bonne santé
773,2025-09-12,Croissance rapide
403,2025-11-21,Insectes observés
403,2025-06-20,Plante en bonne santé
305,2025-09-16,Insectes observés
305,2025-09-21,Plante en bonne santé
305,2025-12-05,Feuilles abîmées
571,2025-12-29,Feuilles abîmées
571,2025-11-13,Plante en bonne santé
571,2025-11-06,Feuilles abîmées
571,2025-06-27,Feuilles abîmées
550,2025-11-02,Insectes observés
245,2025-08-03,Croissance rapide
1073,2025-07-06,Croissance rapide
1073,2025-09-25,Insectes observés
1073,2025-09-21,Plante en bonne santé
290,2025-07-09,Croissance rapide
290,2025-06-27,Insectes observés
290,2025-12-17,Feuilles abîmées
811,2025-09-30,Feuilles abîmées
811,2025-06-27,Plante en bonne santé
811,2025-09-16,Plante en bonne santé
811,2025-09-05,Feuilles abîmées
811,2025-10-17,Feuilles abîmées
458,2025-10-19,Feuilles abîmées
458,2025-07-16,Plante en bonne santé
860,2025-08-25,Croissance rapide
860,2025-06-08,Signes de stress hydrique
676,2025-07-15,Plante en bonne santé
676,2025-11-10,Feuilles abîmées
918,2025-09-22,Insectes observés
1095,2025-09-26,Insectes observés
1095,2025-06-14,Signes de stress hydrique
1095,2025-10-11,Signes de stress hydrique
85,2025-07-26,Insectes observés
85,2025-06-13,Insectes observés
85,2025-06-21,Feuilles abîmées
85,2025-08-22,Feuilles abîmées
102,2025-09-24,Feuilles abîmées
102,2025-11-09,Signes de stress hydrique
102,2025-08-25,Plante en bonne santé
102,2025-07-15,Croissance rapide
102,2025-07-08,Feuilles abîmées
1169,2025-06-08,Signes de stress hydrique
1169,2025-12-14,Feuilles abîmées
1169,2025-10-24,Plante en bonne santé
1169,2025-12-23,Plante en bonne santé
1169,2025-06-05,Plante en bonne santé
568,2025-08-15,Croissance rapide
568,2025-11-04,Plante en bonne santé
568,2025-11-24,Signes de stress hydrique
568,2025-09-16,Croissance rapide
352,2025-10-18,Plante en bonne santé
883,2025-08-16,Insectes observés
883,2025-11-03,Croissance rapide
883,2025-11-06,Signes de stress hydrique
455,2025-07-16,Feuilles abîmées
455,2025-12-21,Plante en bonne santé
455,2025-06-25,Insectes observés
455,2025-12-23,Plante en bonne santé
455,2025-11-25,Feuilles abîmées
14,2025-08-30,Feuilles abîmées
14,2025-10-14,Insectes observés
14,2025-07-07,Insectes observés
14,2025-06-17,Plante en bonne santé
1159,2025-10-05,Signes de stress hydrique
1159,2025-07-28,Feuilles abîmées
1159,2025-07-18,Croissance rapide
275,2025-10-03,Plante en bonne santé
275,2025-12-07,Croissance rapide
275,2025-08-17,Croissance rapide
275,2025-11-12,Insectes observés
169,2025-12-08,Croissance rapide
570,2025-06-24,Croissance rapide
570,2025-08-30,Plante en bonne santé
769,2025-09-25,Insectes observés
769,2025-12-26,Croissance rapide
769,2025-08-03,Plante en bonne santé
289,2025-07-12,Insectes observés
289,2025-08-18,Croissance rapide
766,2025-08-22,Croissance rapide
766,2025-09-28,Insectes observés
766,2025-12-29,Croissance rapide
766,2025-09-16,Croissance rapide
766,2025-11-11,Plante en bonne santé
911,2025-12-28,Plante en bonne santé
911,2025-10-22,Insectes observés
911,2025-09-06,Feuilles abîmées
911,2025-07-13,Signes de stress hydrique
911,2025-08-12,Feuilles abîmées
1142,2025-12-01,Feuilles abîmées
1038,2025-06-08,Croissance rapide
1038,2025-06-06,Croissance rapide
1038,2025-08-30,Insectes observés
1038,2025-10-23,Feuilles abîmées
1038,2025-08-17,Feuilles abîmées
264,2025-07-12,Croissance rapide
264,2025-10-06,Insectes observés
271,2025-06-08,Feuilles abîmées
271,2025-07-01,Signes de stress hydrique
271,2025-07-31,Feuilles abîmées
665,2025-12-17,Signes de stress hydrique
665,2025-07-17,Feuilles abîmées
477,2025-11-23,Insectes observés
477,2025-08-22,Plante en bonne santé
621,2025-08-04,Feuilles abîmées
621,2025-11-26,Signes de stress hydrique
621,2025-10-31,Plante en bonne santé
621,2025-12-25,Insectes observés
621,2025-10-07,Croissance rapide
890,2025-10-09,Insectes observés
890,2025-08-08,Insectes observés
890,2025-11-22,Insectes observés
774,2025-06-15,Insectes observés
774,2025-10-23,Croissance rapide
755,2025-06-20,Plante en bonne santé
755,2025-12-22,Insectes observés
755,2025-06-23,Croissance rapide
755,2025-09-30,Signes de stress hydrique
755,2025-09-09,Insectes observés
760,2025-12-06,Feuilles abîmées
88,2025-07-13,Signes de stress hydrique
450,2025-07-12,Plante en bonne santé
450,2025-12-28,Plante en bonne santé
450,2025-07-23,Insectes observés
450,2025-07-04,Insectes observés
1063,2025-10-04,Signes de stress hydrique
1063,2025-06-03,Croissance rapide
1063,2025-07-09,Signes de stress hydrique
449,2025-12-28,Insectes observés
449,2025-10-29,Insectes observés
449,2025-06-09,Insectes observés
449,2025-09-30,Croissance rapide
220,2025-12-01,Insectes observés
220,2025-11-17,Feuilles abîmées
220,2025-10-09,Croissance rapide
220,2025-08-23,Signes de stress hydrique
220,2025-08-07,Croissance rapide
835,2025-12-06,Croissance rapide
307,2025-12-25,Signes de stress hydrique
843,2025-06-05,Plante en bonne santé
843,2025-11-15,Insectes observés
843,2025-12-09,Insectes observés
843,2025-10-17,Plante en bonne santé
1120,2025-12-08,Feuilles abîmées
1120,2025-09-15,Plante en bonne santé
1120,2025-07-14,Feuilles abîmées
179,2025-07-03,Feuilles abîmées
179,2025-10-28,Insectes observés
179,2025-07-09,Croissance rapide
171,2025-06-18,Feuilles abîmées
171,2025-09-02,Feuilles abîmées
959,2025-10-15,Croissance rapide
959,2025-12-12,Insectes observés
878,2025-11-15,Signes de stress hydrique
797,2025-11-11,Signes de stress hydrique
797,2025-08-01,Feuilles abîmées
797,2025-06-10,Feuilles abîmées
549,2025-12-03,Insectes observés
549,2025-07-29,Feuilles abîmées
549,2025-10-12,Plante en bonne santé
549,2025-10-26,Croissance rapide
549,2025-11-23,Signes de stress hydrique
380,2025-08-14,Insectes observés
380,2025-09-02,Croissance rapide
1151,2025-12-02,Insectes observés
1151,2025-06-03,Plante en bonne santé
1151,2025-11-20,Feuilles abîmées
1151,2025-12-20,Feuilles abîmées
302,2025-06-18,Signes de stress hydrique
302,2025-09-22,Plante en bonne santé
223,2025-12-29,Feuilles abîmées
414,2025-10-11,Insectes observés
414,2025-10-08,Croissance rapide
866,2025-11-27,Plante en bonne santé
875,2025-11-19,Croissance rapide
875,2025-10-26,Croissance rapide
875,2025-10-20,Croissance rapide
875,2025-07-20,Plante en bonne santé
266,2025-12-30,Signes de stress hydrique
266,2025-09-12,Feuilles abîmées
266,2025-08-09,Plante en bonne santé
266,2025-09-14,Signes de stress hydrique
892,2025-12-15,Plante en bonne santé
892,2025-10-16,Plante en bonne santé
892,2025-06-07,Feuilles abîmées
892,2025-10-04,Feuilles abîmées
104,2025-06-02,Signes de stress hydrique
872,2025-10-15,Insectes observés
872,2025-09-01,Plante en bonne santé
872,2025-12-04,Feuilles abîmées
872,2025-12-19,Plante en bonne santé
872,2025-09-24,Feuilles abîmées
234,2025-07-13,Insectes observés
234,2025-09-07,Insectes observés
234,2025-07-27,Feuilles abîmées
234,2025-11-19,Signes de stress hydrique
82,2025-11-24,Croissance rapide
82,2025-11-25,Plante en bonne santé
82,2025-10-06,Signes de stress hydrique
420,2025-08-21,Signes de stress hydrique
420,2025-06-24,Feuilles abîmées
420,2025-06-07,Signes de stress hydrique
1029,2025-08-30,Croissance rapide
1029,2025-10-27,Croissance rapide
1029,2025-06-16,Signes de stress hydrique
1029,2025-11-24,Feuilles abîmées
251,2025-08-23,Croissance rapide
251,2025-07-25,Croissance rapide
251,2025-09-02,Feuilles abîmées
251,2025-06-15,Signes de stress hydrique
251,2025-09-01,Croissance rapide
789,2025-09-27,Signes de stress hydrique
789,2025-12-16,Plante en bonne santé
789,2025-07-28,Feuilles abîmées
789,2025-11-14,Croissance rapide
789,2025-12-21,Insectes observés
471,2025-06-22,Signes de stress hydrique
471,2025-07-28,Croissance rapide
471,2025-06-16,Feuilles abîmées
471,2025-10-21,Croissance rapide
471,2025-06-21,Insectes observés
952,2025-10-14,Feuilles abîmées
558,2025-10-26,Feuilles abîmées
847,2025-06-20,Plante en bonne santé
847,2025-12-23,Feuilles abîmées
324,2025-08-23,Croissance rapide
324,2025-10-15,Insectes observés
324,2025-11-24,Insectes observés
324,2025-06-14,Signes de stress hydrique
324,2025-10-10,Signes de stress hydrique
152,2025-07-26,Croissance rapide
318,2025-08-30,Plante en bonne santé
318,2025-07-29,Plante en bonne santé
751,2025-08-01,Croissance rapide
751,2025-06-06,Plante en bonne santé
751,2025-08-31,Feuilles abîmées
751,2025-08-08,Croissance rapide
624,2025-09-08,Signes de stress hydrique
624,2025-12-30,Feuilles abîmées
624,2025-06-17,Feuilles abîmées
624,2025-10-24,Feuilles abîmées
581,2025-11-27,Croissance rapide
581,2025-12-27,Signes de stress hydrique
581,2025-11-14,Feuilles abîmées
581,2025-08-19,Signes de stress hydrique
1006,2025-10-19,Signes de stress hydrique
1006,2025-09-08,Feuilles abîmées
1006,2025-11-25,Plante en bonne santé
1006,2025-11-15,Insectes observés
1006,2025-09-28,Plante en bonne santé
531,2025-07-19,Signes de stress hydrique
531,2025-08-23,Feuilles abîmées
851,2025-07-30,Signes de stress hydrique
851,2025-08-24,Plante en bonne santé
851,2025-11-09,Signes de stress hydrique
851,2025-07-08,Feuilles abîmées
80,2025-11-05,Plante en bonne santé
80,2025-10-12,Croissance rapide
80,2025-08-29,Feuilles abîmées
385,2025-11-21,Insectes observés
385,2025-06-30,Plante en bonne santé
385,2025-09-19,Insectes observés
232,2025-08-05,Signes de stress hydrique
1129,2025-11-27,Feuilles abîmées
1065,2025-07-15,Feuilles abîmées
1065,2025-12-07,Croissance rapide
1065,2025-10-06,Croissance rapide
1065,2025-11-11,Croissance rapide
1060,2025-09-06,Signes de stress hydrique
1060,2025-12-17,Croissance rapide
1060,2025-12-03,Plante en bonne santé
1060,2025-06-02,Croissance rapide
1060,2025-06-21,Croissance rapide
1024,2025-08-07,Plante en bonne santé
1024,2025-06-06,Croissance rapide
1024,2025-09-20,Croissance rapide
1024,2025-10-17,Plante en bonne santé
162,2025-07-02,Croissance rapide
162,2025-11-24,Feuilles abîmées
162,2025-11-17,Croissance rapide
162,2025-06-25,Insectes observés
162,2025-06-07,Feuilles abîmées
207,2025-06-30,Signes de stress hydrique
207,2025-11-20,Croissance rapide
406,2025-10-10,Insectes observés
406,2025-09-27,Feuilles abîmées
406,2025-10-23,Signes de stress hydrique
406,2025-06-02,Croissance rapide
406,2025-12-05,Feuilles abîmées
483,2025-08-16,Feuilles abîmées
483,2025-06-17,Croissance rapide
483,2025-12-28,Feuilles abîmées
483,2025-10-12,Croissance rapide
483,2025-10-02,Insectes observés
620,2025-07-16,Croissance rapide
620,2025-11-26,Insectes observés
620,2025-08-25,Insectes observés
620,2025-12-24,Signes de stress hydrique
1072,2025-08-11,Insectes observés
1072,2025-12-02,Croissance rapide
585,2025-10-14,Feuilles abîmées
278,2025-07-19,Signes de stress hydrique
278,2025-07-02,Signes de stress hydrique
278,2025-06-13,Feuilles abîmées
278,2025-07-12,Feuilles abîmées
359,2025-10-20,Feuilles abîmées
359,2025-06-29,Feuilles abîmées
359,2025-06-27,Feuilles abîmées
1034,2025-10-23,Signes de stress hydrique
1034,2025-12-10,Signes de stress hydrique
1034,2025-07-13,Insectes observés
382,2025-08-25,Insectes observés
382,2025-06-22,Plante en bonne santé
382,2025-11-27,Feuilles abîmées
494,2025-06-08,Croissance rapide
494,2025-07-08,Signes de stress hydrique
494,2025-10-01,Insectes observés
494,2025-08-10,Plante en bonne santé
494,2025-11-04,Feuilles abîmées
1111,2025-07-24,Signes de stress hydrique
1111,2025-11-21,Insectes observés
1111,2025-09-22,Signes de stress hydrique
1111,2025-10-06,Croissance rapide
971,2025-12-26,Croissance rapide
971,2025-08-16,Plante en bonne santé
997,2025-06-17,Feuilles abîmées
997,2025-09-08,Insectes observés
997,2025-10-04,Signes de stress hydrique
957,2025-09-27,Signes de stress hydrique
957,2025-06-12,Signes de stress hydrique
1097,2025-10-11,Croissance rapide
1097,2025-12-10,Signes de stress hydrique
1097,2025-07-12,Insectes observés
1097,2025-09-03,Croissance rapide
1097,2025-10-19,Croissance rapide
546,2025-08-15,Croissance rapide
546,2025-08-06,Feuilles abîmées
966,2025-09-18,Signes de stress hydrique
343,2025-10-23,Insectes observés
343,2025-06-13,Feuilles abîmées
343,2025-09-07,Signes de stress hydrique
343,2025-07-21,Plante en bonne santé
502,2025-12-24,Signes de stress hydrique
502,2025-11-17,Insectes observés
650,2025-09-16,Croissance rapide
650,2025-07-11,Insectes observés
650,2025-06-08,Feuilles abîmées
650,2025-06-04,Plante en bonne santé
691,2025-07-29,Signes de stress hydrique
691,2025-12-03,Feuilles abîmées
691,2025-10-06,Plante en bonne santé
691,2025-09-06,Insectes observés
691,2025-12-28,Plante en bonne santé
188,2025-11-20,Feuilles abîmées
188,2025-08-14,Feuilles abîmées
376,2025-06-27,Plante en bonne santé
376,2025-12-19,Insectes observés
1180,2025-08-02,Feuilles abîmées
1180,2025-10-16,Plante en bonne santé
1180,2025-08-23,Plante en bonne santé
1004,2025-09-26,Feuilles abîmées
1004,2025-09-08,Plante en bonne santé
1064,2025-10-24,Insectes observés
1191,2025-11-10,Croissance rapide
1191,2025-06-12,Insectes observés
1191,2025-11-06,Insectes observés
1191,2025-07-14,Feuilles abîmées
869,2025-12-08,Insectes observés
145,2025-10-13,Insectes observés
145,2025-08-04,Signes de stress hydrique
925,2025-09-26,Plante en bonne santé
1030,2025-10-21,Feuilles abîmées
1030,2025-06-17,Croissance rapide
1030,2025-12-30,Croissance rapide
1030,2025-09-20,Insectes observés
1030,2025-09-16,Plante en bonne santé
1000,2025-08-01,Feuilles abîmées
1000,2025-08-07,Plante en bonne santé
1000,2025-11-26,Feuilles abîmées
143,2025-08-12,Feuilles abîmées
143,2025-10-26,Feuilles abîmées
143,2025-06-16,Signes de stress hydrique
143,2025-12-26,Plante en bonne santé
119,2025-10-09,Croissance rapide
119,2025-12-11,Plante en bonne santé
119,2025-06-22,Plante en bonne santé
139,2025-10-30,Signes de stress hydrique
683,2025-06-19,Feuilles abîmées
779,2025-11-26,Croissance rapide
779,2025-06-09,Plante en bonne santé
779,2025-10-17,Feuilles abîmées
779,2025-12-07,Signes de stress hydrique
5,2025-10-13,Feuilles abîmées
5,2025-11-19,Signes de stress hydrique
5,2025-08-22,Insectes observés
426,2025-07-19,Insectes observés
426,2025-07-22,Insectes observés
426,2025-09-16,Feuilles abîmées
426,2025-06-10,Signes de stress hydrique
426,2025-10-07,Feuilles abîmées
830,2025-10-02,Insectes observés
619,2025-11-07,Feuilles abîmées
619,2025-06-09,Croissance rapide
619,2025-10-18,Croissance rapide
619,2025-11-03,Signes de stress hydrique
623,2025-07-03,Croissance rapide
623,2025-07-15,Signes de stress hydrique
623,2025-09-10,Feuilles abîmées
1119,2025-08-15,Plante en bonne santé
212,2025-12-29,Feuilles abîmées
212,2025-10-12,Plante en bonne santé
212,2025-10-23,Feuilles abîmées
980,2025-06-09,Insectes observés
980,2025-08-07,Croissance rapide
814,2025-10-21,Signes de stress hydrique
814,2025-07-27,Croissance rapide
87,2025-12-22,Insectes observés
87,2025-10-09,Feuilles abîmées
87,2025-09-28,Croissance rapide
87,2025-08-04,Plante en bonne santé
87,2025-09-15,Insectes observés
399,2025-10-18,Insectes observés
399,2025-08-13,Insectes observés
399,2025-09-13,Plante en bonne santé
399,2025-07-18,Feuilles abîmées
399,2025-10-24,Signes de stress hydrique
398,2025-09-13,Croissance rapide
398,2025-06-12,Signes de stress hydrique
398,2025-08-22,Signes de stress hydrique
38,2025-12-06,Croissance rapide
38,2025-07-12,Insectes observés
38,2025-09-09,Signes de stress hydrique
38,2025-10-31,Croissance rapide
1027,2025-09-03,Plante en bonne santé
340,2025-11-26,Signes de stress hydrique
340,2025-08-17,Signes de stress hydrique
110,2025-12-09,Feuilles abîmées
110,2025-12-17,Signes de stress hydrique
110,2025-10-01,Feuilles abîmées
110,2025-10-15,Feuilles abîmées
110,2025-09-15,Signes de stress hydrique
1016,2025-06-17,Feuilles abîmées
1016,2025-08-09,Feuilles abîmées
1016,2025-08-26,Feuilles abîmées
1016,2025-09-28,Insectes observés
1016,2025-09-13,Signes de stress hydrique
394,2025-12-12,Insectes observés
394,2025-11-21,Croissance rapide
394,2025-06-09,Croissance rapide
394,2025-10-03,Plante en bonne santé
301,2025-12-18,Croissance rapide
301,2025-07-16,Plante en bonne santé
460,2025-11-01,Insectes observés
460,2025-08-22,Plante en bonne santé
460,2025-12-10,Croissance rapide
460,2025-11-26,Croissance rapide
460,2025-08-30,Feuilles abîmées
608,2025-06-15,Croissance rapide
296,2025-12-18,Croissance rapide
296,2025-08-01,Insectes observés
296,2025-08-07,Plante en bonne santé
296,2025-11-28,Insectes observés
386,2025-07-11,Insectes observés
386,2025-11-30,Feuilles abîmées
386,2025-12-29,Signes de stress hydrique
386,2025-07-03,Plante en bonne santé
386,2025-11-10,Croissance rapide
1046,2025-09-11,Insectes observés
1046,2025-09-23,Plante en bonne santé
516,2025-12-01,Signes de stress hydrique
516,2025-08-06,Feuilles abîmées
516,2025-10-26,Insectes observés
516,2025-10-11,Signes de stress hydrique
1134,2025-07-04,Plante en bonne santé
1134,2025-11-29,Croissance rapide
1134,2025-10-29,Plante en bonne santé
1126,2025-08-29,Plante en bonne santé
1126,2025-08-17,Insectes observés
1126,2025-12-10,Croissance rapide
53,2025-06-05,Plante en bonne santé
53,2025-09-30,Insectes observés
53,2025-10-03,Plante en bonne santé
53,2025-11-17,Plante en bonne santé
53,2025-10-16,Feuilles abîmées
1033,2025-11-19,Insectes observés
1033,2025-08-15,Feuilles abîmées
8,2025-06-26,Signes de stress hydrique
8,2025-09-02,Feuilles abîmées
8,2025-11-11,Signes de stress hydrique
8,2025-06-05,Signes de stress hydrique
1161,2025-12-25,Croissance rapide
1161,2025-06-04,Signes de stress hydrique
1161,2025-07-27,Insectes observés
1161,2025-07-21,Plante en bonne santé
1161,2025-06-22,Insectes observés
764,2025-09-22,Insectes observés
764,2025-06-19,Insectes observés
764,2025-08-09,Plante en bonne santé
764,2025-11-28,Insectes observés
1146,2025-06-12,Croissance rapide
1146,2025-11-21,Feuilles abîmées
1146,2025-06-23,Insectes observés
341,2025-10-20,Feuilles abîmées
341,2025-09-14,Signes de stress hydrique
654,2025-08-23,Plante en bonne santé
654,2025-06-27,Feuilles abîmées
589,2025-09-21,Signes de stress hydrique
589,2025-11-05,Signes de stress hydrique
628,2025-06-02,Croissance rapide
628,2025-10-25,Croissance rapide
902,2025-10-10,Insectes observés
983,2025-11-09,Insectes observés
983,2025-10-21,Croissance rapide
60,2025-12-26,Feuilles abîmées
60,2025-09-16,Plante en bonne santé
60,2025-09-13,Plante en bonne santé
60,2025-12-21,Plante en bonne santé
60,2025-10-03,Plante en bonne santé
135,2025-12-06,Insectes observés
135,2025-10-25,Croissance rapide
135,2025-09-30,Insectes observés
135,2025-07-20,Croissance rapide
299,2025-09-12,Insectes observés
299,2025-07-17,Plante en bonne santé
299,2025-10-28,Signes de stress hydrique
299,2025-06-12,Signes de stress hydrique
192,2025-12-02,Plante en bonne santé
192,2025-09-03,Feuilles abîmées
192,2025-11-29,Insectes observés
192,2025-11-03,Signes de stress hydrique
192,2025-09-29,Insectes observés
228,2025-06-20,Feuilles abîmées
228,2025-09-25,Insectes observés
228,2025-11-07,Signes de stress hydrique
113,2025-11-15,Feuilles abîmées
149,2025-08-24,Croissance rapide
149,2025-08-20,Croissance rapide
149,2025-12-28,Croissance rapide
697,2025-08-05,Plante en bonne santé
697,2025-08-15,Croissance rapide
396,2025-07-17,Feuilles abîmées
826,2025-06-18,Croissance rapide
564,2025-09-22,Croissance rapide
564,2025-10-11,Signes de stress hydrique
564,2025-07-12,Croissance rapide
564,2025-11-19,Croissance rapide
687,2025-06-17,Feuilles abîmées
687,2025-08-29,Plante en bonne santé
687,2025-10-14,Insectes observés
1021,2025-10-14,Croissance rapide
1021,2025-07-29,Insectes observés
1021,2025-07-18,Feuilles abîmées
1021,2025-11-07,Feuilles abîmées
1021,2025-10-02,Croissance rapide
155,2025-07-17,Plante en bonne santé
155,2025-09-13,Insectes observés
155,2025-08-13,Insectes observés
155,2025-11-23,Feuilles abîmées
375,2025-12-08,Insectes observés
375,2025-12-14,Insectes observés
375,2025-11-10,Croissance rapide
236,2025-06-27,Feuilles abîmées
236,2025-12-15,Insectes observés
236,2025-12-30,Croissance rapide
743,2025-09-20,Feuilles abîmées
743,2025-08-15,Plante en bonne santé
743,2025-08-22,Plante en bonne santé
743,2025-12-09,Signes de stress hydrique
743,2025-09-13,Signes de stress hydrique
635,2025-11-15,Croissance rapide
635,2025-12-29,Insectes observés
1139,2025-11-17,Plante en bonne santé
1139,2025-10-07,Insectes observés
1172,2025-11-07,Plante en bonne santé
1172,2025-12-13,Feuilles abîmées
1172,2025-07-02,Signes de stress hydrique
708,2025-12-22,Insectes observés
708,2025-08-23,Signes de stress hydrique
708,2025-11-27,Plante en bonne santé
708,2025-06-19,Feuilles abîmées
336,2025-07-11,Signes de stress hydrique
336,2025-06-28,Croissance rapide
336,2025-07-06,Plante en bonne santé
906,2025-08-18,Insectes observés
906,2025-07-29,Signes de stress hydrique
906,2025-08-13,Croissance rapide
186,2025-06-15,Feuilles abîmées
186,2025-06-27,Plante en bonne santé
509,2025-12-10,Croissance rapide
509,2025-06-01,Signes de stress hydrique
509,2025-11-14,Feuilles abîmées
509,2025-10-24,Plante en bonne santé
463,2025-12-13,Croissance rapide
463,2025-10-27,Signes de stress hydrique
463,2025-10-21,Insectes observés
463,2025-08-27,Plante en bonne santé
463,2025-08-14,Feuilles abîmées
573,2025-08-25,Plante en bonne santé
573,2025-11-10,Signes de stress hydrique
573,2025-06-18,Insectes observés
679,2025-11-19,Croissance rapide
679,2025-10-07,Signes de stress hydrique
679,2025-10-30,Feuilles abîmées
679,2025-11-13,Feuilles abîmées
916,2025-06-23,Insectes observés
916,2025-10-14,Signes de stress hydrique
178,2025-06-14,Signes de stress hydrique
178,2025-08-19,Croissance rapide
178,2025-11-23,Insectes observés
1108,2025-10-19,Plante en bonne santé
1108,2025-09-26,Croissance rapide
1108,2025-07-21,Signes de stress hydrique
1108,2025-12-22,Signes de stress hydrique
900,2025-09-26,Insectes observés
900,2025-07-19,Signes de stress hydrique
900,2025-09-03,Croissance rapide
1045,2025-07-17,Feuilles abîmées
1045,2025-07-08,Croissance rapide
1045,2025-07-09,Feuilles abîmées
631,2025-10-17,Signes de stress hydrique
631,2025-07-03,Feuilles abîmées
631,2025-08-23,Croissance rapide
631,2025-08-18,Insectes observés
631,2025-06-16,Feuilles abîmées
23,2025-07-12,Feuilles abîmées
23,2025-06-11,Feuilles abîmées
23,2025-11-04,Croissance rapide
23,2025-08-31,Feuilles abîmées
728,2025-11-02,Plante en bonne santé
728,2025-08-09,Plante en bonne santé
728,2025-08-19,Insectes observés
728,2025-10-17,Feuilles abîmées
658,2025-11-06,Plante en bonne santé
71,2025-11-06,Insectes observés
71,2025-06-28,Plante en bonne santé
71,2025-08-30,Plante en bonne santé
71,2025-11-19,Feuilles abîmées
71,2025-06-21,Signes de stress hydrique
1145,2025-09-14,Signes de stress hydrique
325,2025-07-20,Plante en bonne santé
325,2025-11-20,Feuilles abîmées
325,2025-12-02,Croissance rapide
325,2025-12-16,Insectes observés
325,2025-06-16,Insectes observés
288,2025-08-12,Signes de stress hydrique
288,2025-07-26,Plante en bonne santé
538,2025-09-01,Signes de stress hydrique
538,2025-08-01,Plante en bonne santé
538,2025-07-22,Feuilles abîmées
538,2025-11-30,Plante en bonne santé
538,2025-06-18,Feuilles abîmées
203,2025-07-09,Croissance rapide
203,2025-06-13,Feuilles abîmées
203,2025-10-31,Insectes observés
203,2025-11-09,Insectes observés
457,2025-10-20,Feuilles abîmées
457,2025-07-09,Plante en bonne santé
588,2025-10-07,Signes de stress hydrique
588,2025-07-11,Insectes observés
588,2025-06-09,Feuilles abîmées
588,2025-06-07,Croissance rapide
545,2025-10-02,Plante en bonne santé
913,2025-11-27,Croissance rapide
913,2025-09-09,Feuilles abîmées
594,2025-08-30,Plante en bonne santé
594,2025-12-24,Feuilles abîmées
594,2025-12-06,Croissance rapide
1173,2025-11-20,Insectes observés
1001,2025-08-03,Signes de stress hydrique
1001,2025-10-07,Signes de stress hydrique
1001,2025-12-19,Plante en bonne santé
1001,2025-10-15,Signes de stress hydrique
1001,2025-10-18,Croissance rapide
221,2025-11-12,Feuilles abîmées
221,2025-10-02,Insectes observés
221,2025-11-29,Insectes observés
221,2025-11-28,Croissance rapide
221,2025-06-23,Insectes observés
499,2025-10-05,Plante en bonne santé
499,2025-10-06,Croissance rapide
499,2025-06-03,Croissance rapide
282,2025-12-19,Plante en bonne santé
282,2025-10-04,Plante en bonne santé
703,2025-11-16,Insectes observés
703,2025-12-13,Signes de stress hydrique
802,2025-12-18,Plante en bonne santé
844,2025-07-03,Croissance rapide
844,2025-11-05,Croissance rapide
1178,2025-11-13,Plante en bonne santé
1178,2025-12-04,Plante en bonne santé
28,2025-12-24,Croissance rapide
749,2025-09-01,Feuilles abîmées
749,2025-11-02,Feuilles abîmées
749,2025-10-09,Signes de stress hydrique
749,2025-08-15,Signes de stress hydrique
520,2025-06-23,Croissance rapide
520,2025-12-09,Insectes observés
520,2025-06-07,Feuilles abîmées
520,2025-12-25,Feuilles abîmées
520,2025-08-31,Plante en bonne santé
714,2025-06-06,Insectes observés
714,2025-10-11,Croissance rapide
714,2025-07-07,Plante en bonne santé
714,2025-11-25,Plante en bonne santé
714,2025-09-04,Signes de stress hydrique
669,2025-08-15,Croissance rapide
669,2025-10-29,Croissance rapide
669,2025-11-27,Feuilles abîmées
582,2025-11-29,Feuilles abîmées
582,2025-07-20,Signes de stress hydrique
582,2025-09-24,Signes de stress hydrique
123,2025-06-13,Feuilles abîmées
123,2025-09-17,Croissance rapide
123,2025-06-01,Signes de stress hydrique
1054,2025-10-22,Plante en bonne santé
1054,2025-08-06,Insectes observés
1054,2025-12-12,Croissance rapide
1054,2025-11-26,Signes de stress hydrique
1054,2025-08-04,Plante en bonne santé
267,2025-08-01,Plante en bonne santé
267,2025-09-25,Croissance rapide
267,2025-07-25,Plante en bonne santé
267,2025-09-26,Plante en bonne santé
759,2025-10-20,Signes de stress hydrique
759,2025-12-29,Croissance rapide
759,2025-11-06,Signes de stress hydrique
963,2025-07-20,Plante en bonne santé
963,2025-10-07,Insectes observés
963,2025-06-30,Plante en bonne santé
963,2025-09-22,Feuilles abîmées
928,2025-09-11,Croissance rapide
928,2025-10-10,Signes de stress hydrique
928,2025-07-20,Croissance rapide
928,2025-11-09,Croissance rapide
993,2025-10-22,Signes de stress hydrique
993,2025-12-12,Plante en bonne santé
993,2025-12-11,Croissance rapide
993,2025-09-20,Insectes observés
993,2025-10-23,Insectes observés
746,2025-09-20,Plante en bonne santé
746,2025-12-24,Insectes observés
1141,2025-11-15,Feuilles abîmées
1141,2025-12-30,Croissance rapide
1141,2025-09-23,Plante en bonne santé
673,2025-06-14,Signes de stress hydrique
673,2025-07-19,Croissance rapide
673,2025-09-10,Insectes observés
673,2025-12-03,Croissance rapide
121,2025-06-08,Insectes observés
121,2025-08-07,Croissance rapide
121,2025-09-08,Croissance rapide
121,2025-07-08,Plante en bonne santé
1168,2025-12-08,Signes de stress hydrique
1168,2025-08-13,Feuilles abîmées
1168,2025-10-24,Signes de stress hydrique
1168,2025-09-28,Feuilles abîmées
1168,2025-06-24,Plante en bonne santé
285,2025-06-25,Signes de stress hydrique
285,2025-11-28,Insectes observés
285,2025-07-28,Croissance rapide
1015,2025-09-02,Feuilles abîmées
1015,2025-12-17,Feuilles abîmées
1015,2025-06-28,Plante en bonne santé
904,2025-06-12,Croissance rapide
904,2025-12-05,Insectes observés
922,2025-06-25,Croissance rapide
922,2025-10-11,Croissance rapide
922,2025-06-05,Feuilles abîmées
922,2025-12-29,Insectes observés
922,2025-08-10,Feuilles abîmées
850,2025-07-01,Insectes observés
986,2025-10-29,Insectes observés
986,2025-08-28,Croissance rapide
986,2025-08-27,Insectes observés
986,2025-08-12,Croissance rapide
986,2025-07-14,Feuilles abîmées
1100,2025-11-29,Croissance rapide
616,2025-09-26,Croissance rapide
616,2025-09-14,Croissance rapide
616,2025-10-20,Croissance rapide
616,2025-07-04,Plante en bonne santé
328,2025-07-14,Insectes observés
1094,2025-10-13,Plante en bonne santé
513,2025-11-09,Croissance rapide
513,2025-09-15,Croissance rapide
513,2025-11-13,Signes de stress hydrique
513,2025-10-20,Insectes observés
561,2025-12-08,Feuilles abîmées
561,2025-11-02,Insectes observés
561,2025-10-10,Plante en bonne santé
561,2025-11-03,Feuilles abîmées
933,2025-06-22,Feuilles abîmées
933,2025-12-03,Signes de stress hydrique
933,2025-11-01,Plante en bonne santé
45,2025-11-29,Croissance rapide
45,2025-06-06,Signes de stress hydrique
748,2025-08-09,Croissance rapide
748,2025-06-26,Croissance rapide
748,2025-09-06,Insectes observés
1113,2025-09-12,Signes de stress hydrique
1113,2025-07-27,Plante en bonne santé
1113,2025-07-29,Feuilles abîmées
244,2025-11-14,Insectes observés
607,2025-08-13,Croissance rapide
607,2025-11-24,Insectes observés
607,2025-09-12,Signes de stress hydrique
607,2025-06-23,Croissance rapide
248,2025-12-08,Signes de stress hydrique
248,2025-08-25,Croissance rapide
248,2025-10-20,Croissance rapide
248,2025-12-03,Signes de stress hydrique
707,2025-07-09,Feuilles abîmées
707,2025-08-30,Signes de stress hydrique
707,2025-06-08,Signes de stress hydrique
707,2025-12-13,Plante en bonne santé
1153,2025-08-02,Croissance rapide
1153,2025-07-05,Signes de stress hydrique
1153,2025-09-07,Plante en bonne santé
1153,2025-07-31,Insectes observés
639,2025-10-02,Croissance rapide
639,2025-12-26,Plante en bonne santé
639,2025-09-02,Croissance rapide
639,2025-08-30,Signes de stress hydrique
569,2025-12-09,Insectes observés
569,2025-07-24,Plante en bonne santé
569,2025-08-12,Insectes observés
569,2025-12-08,Insectes observés
801,2025-10-06,Insectes observés
801,2025-11-03,Plante en bonne santé
164,2025-12-01,Feuilles abîmées
164,2025-08-19,Feuilles abîmées
1032,2025-11-11,Insectes observés
1032,2025-12-22,Feuilles abîmées
1032,2025-10-09,Feuilles abîmées
1032,2025-11-16,Signes de stress hydrique
1032,2025-11-03,Signes de stress hydrique
4,2025-07-11,Plante en bonne santé
476,2025-09-23,Insectes observés
476,2025-12-21,Croissance rapide
476,2025-08-30,Croissance rapide
476,2025-12-25,Plante en bonne santé
476,2025-08-16,Feuilles abîmées
61,2025-08-05,Insectes observés
61,2025-07-17,Feuilles abîmées
61,2025-09-28,Plante en bonne santé
61,2025-08-17,Signes de stress hydrique
1125,2025-08-30,Insectes observés
1125,2025-10-09,Croissance rapide
996,2025-11-04,Feuilles abîmées
996,2025-12-16,Plante en bonne santé
996,2025-09-24,Plante en bonne santé
367,2025-06-19,Croissance rapide
895,2025-11-06,Signes de stress hydrique
895,2025-09-28,Feuilles abîmées
895,2025-11-20,Insectes observés
895,2025-06-28,Insectes observés
648,2025-09-03,Insectes observés
648,2025-06-04,Plante en bonne santé
648,2025-07-14,Signes de stress hydrique
648,2025-10-12,Feuilles abîmées
648,2025-12-05,Signes de stress hydrique
277,2025-06-22,Signes de stress hydrique
277,2025-09-12,Insectes observés
277,2025-08-09,Feuilles abîmées
277,2025-06-07,Insectes observés
277,2025-07-08,Insectes observés
95,2025-12-02,Insectes observés
95,2025-09-20,Insectes observés
95,2025-10-16,Croissance rapide
95,2025-10-13,Signes de stress hydrique
1047,2025-06-15,Feuilles abîmées
1047,2025-06-27,Insectes observés
1047,2025-08-03,Croissance rapide
950,2025-06-26,Croissance rapide
950,2025-08-13,Signes de stress hydrique
950,2025-07-26,Croissance rapide
865,2025-12-09,Plante en bonne santé
865,2025-10-06,Plante en bonne santé
776,2025-07-24,Signes de stress hydrique
81,2025-09-12,Croissance rapide
1102,2025-07-16,Insectes observés
1102,2025-07-01,Feuilles abîmées
1102,2025-10-29,Croissance rapide
1102,2025-11-27,Signes de stress hydrique
1102,2025-09-24,Croissance rapide
888,2025-08-28,Plante en bonne santé
37,2025-09-22,Plante en bonne santé
37,2025-08-08,Insectes observés
37,2025-10-07,Croissance rapide
37,2025-10-24,Feuilles abîmées
37,2025-06-18,Plante en bonne santé
905,2025-07-09,Croissance rapide
905,2025-06-15,Feuilles abîmées
905,2025-08-29,Signes de stress hydrique
905,2025-09-28,Croissance rapide
905,2025-08-20,Signes de stress hydrique
999,2025-12-07,Insectes observés
999,2025-08-11,Signes de stress hydrique
999,2025-12-20,Insectes observés
932,2025-08-22,Plante en bonne santé
101,2025-07-10,Feuilles abîmées
101,2025-07-20,Croissance rapide
1010,2025-12-22,Croissance rapide
1010,2025-09-26,Insectes observés
416,2025-09-15,Insectes observés
416,2025-06-22,Plante en bonne santé
416,2025-12-02,Plante en bonne santé
416,2025-07-17,Insectes observés
945,2025-06-08,Croissance rapide
945,2025-06-20,Insectes observés
945,2025-08-29,Signes de stress hydrique
286,2025-10-11,Croissance rapide
286,2025-11-05,Insectes observés
286,2025-11-15,Feuilles abîmées
286,2025-09-08,Croissance rapide
356,2025-12-10,Feuilles abîmées
356,2025-12-08,Plante en bonne santé
356,2025-07-05,Plante en bonne santé
940,2025-07-17,Signes de stress hydrique
940,2025-08-31,Plante en bonne santé
940,2025-08-28,Signes de stress hydrique
532,2025-09-22,Insectes observés
532,2025-07-08,Signes de stress hydrique
532,2025-11-13,Plante en bonne santé
532,2025-11-06,Feuilles abîmées
532,2025-12-25,Feuilles abîmées
924,2025-06-27,Croissance rapide
924,2025-08-18,Plante en bonne santé
924,2025-12-18,Plante en bonne santé
924,2025-06-25,Signes de stress hydrique
924,2025-08-05,Signes de stress hydrique
758,2025-11-01,Feuilles abîmées
758,2025-06-25,Feuilles abîmées
758,2025-12-14,Plante en bonne santé
758,2025-12-24,Signes de stress hydrique
893,2025-08-24,Croissance rapide
893,2025-08-28,Croissance rapide
893,2025-08-18,Croissance rapide
1098,2025-06-26,Croissance rapide
124,2025-12-30,Signes de stress hydrique
124,2025-11-01,Plante en bonne santé
644,2025-09-30,Croissance rapide
269,2025-08-09,Plante en bonne santé
269,2025-10-31,Croissance rapide
745,2025-07-22,Signes de stress hydrique
745,2025-06-29,Croissance rapide
825,2025-07-11,Croissance rapide
825,2025-09-11,Feuilles abîmées
825,2025-12-26,Plante en bonne santé
344,2025-11-13,Insectes observés
344,2025-11-11,Feuilles abîmées
344,2025-09-26,Plante en bonne santé
985,2025-08-13,Croissance rapide
166,2025-08-19,Feuilles abîmées
166,2025-06-02,Plante en bonne santé
166,2025-10-04,Signes de stress hydrique
166,2025-06-08,Croissance rapide
166,2025-11-02,Plante en bonne santé
202,2025-08-31,Signes de stress hydrique
202,2025-08-06,Plante en bonne santé
366,2025-10-23,Insectes observés
366,2025-12-14,Feuilles abîmées
94,2025-06-01,Croissance rapide
94,2025-09-16,Plante en bonne santé
653,2025-07-14,Croissance rapide
653,2025-07-30,Signes de stress hydrique
653,2025-10-18,Croissance rapide
690,2025-10-01,Feuilles abîmées
690,2025-10-28,Insectes observés
690,2025-11-23,Feuilles abîmées
690,2025-12-29,Croissance rapide
222,2025-06-30,Croissance rapide
222,2025-11-21,Croissance rapide
222,2025-06-25,Insectes observés
222,2025-07-28,Croissance rapide
161,2025-12-24,Plante en bonne santé
737,2025-07-17,Insectes observés
1018,2025-11-30,Signes de stress hydrique
1018,2025-10-06,Feuilles abîmées
1018,2025-09-21,Plante en bonne santé
1018,2025-09-14,Signes de stress hydrique
1018,2025-09-07,Feuilles abîmées
903,2025-11-11,Signes de stress hydrique
903,2025-12-18,Signes de stress hydrique
903,2025-06-04,Plante en bonne santé
903,2025-11-24,Insectes observés
199,2025-06-30,Signes de stress hydrique
199,2025-07-08,Plante en bonne santé
327,2025-08-28,Croissance rapide
327,2025-07-13,Insectes observés
327,2025-11-12,Signes de stress hydrique
327,2025-07-11,Insectes observés
685,2025-12-24,Plante en bonne santé
685,2025-11-07,Insectes observés
685,2025-09-25,Signes de stress hydrique
685,2025-10-12,Croissance rapide
685,2025-06-07,Plante en bonne santé
625,2025-10-06,Insectes observés
625,2025-09-05,Plante en bonne santé
625,2025-09-25,Croissance rapide
625,2025-12-12,Croissance rapide
1081,2025-07-11,Insectes observés
1081,2025-09-12,Croissance rapide
1081,2025-11-20,Feuilles abîmées
1081,2025-08-07,Croissance rapide
180,2025-09-19,Signes de stress hydrique
180,2025-11-04,Feuilles abîmées
180,2025-08-03,Plante en bonne santé
180,2025-08-29,Feuilles abîmées
180,2025-09-06,Plante en bonne santé
56,2025-12-13,Insectes observés
56,2025-06-24,Feuilles abîmées
50,2025-12-21,Feuilles abîmées
50,2025-08-08,Feuilles abîmées
50,2025-09-01,Plante en bonne santé
50,2025-10-30,Plante en bonne santé
510,2025-07-07,Croissance rapide
510,2025-09-25,Insectes observés
510,2025-11-14,Feuilles abîmées
510,2025-06-22,Signes de stress hydrique
1084,2025-07-04,Croissance rapide
1084,2025-07-24,Insectes observés
371,2025-08-20,Feuilles abîmées
371,2025-10-19,Signes de stress hydrique
371,2025-07-10,Croissance rapide
371,2025-10-13,Signes de stress hydrique
696,2025-11-04,Insectes observés
696,2025-11-02,Insectes observés
696,2025-09-23,Croissance rapide
632,2025-08-25,Feuilles abîmées
970,2025-06-21,Insectes observés
586,2025-12-17,Croissance rapide
586,2025-11-16,Feuilles abîmées
586,2025-10-21,Insectes observés
586,2025-10-03,Insectes observés
342,2025-06-19,Croissance rapide
241,2025-12-02,Feuilles abîmées
241,2025-10-10,Signes de stress hydrique
241,2025-12-15,Feuilles abîmées
241,2025-11-10,Feuilles abîmées
211,2025-10-15,Croissance rapide
358,2025-12-10,Croissance rapide
358,2025-10-13,Insectes observés
358,2025-07-19,Insectes observés
358,2025-07-30,Insectes observés
466,2025-08-06,Plante en bonne santé
466,2025-10-02,Signes de stress hydrique
466,2025-06-06,Croissance rapide
466,2025-11-27,Signes de stress hydrique
466,2025-08-05,Plante en bonne santé
370,2025-11-21,Signes de stress hydrique
370,2025-07-03,Insectes observés
370,2025-09-16,Feuilles abîmées
370,2025-07-30,Signes de stress hydrique
523,2025-12-03,Insectes observés
523,2025-07-20,Insectes observés
523,2025-10-13,Feuilles abîmées
523,2025-11-17,Croissance rapide
523,2025-06-01,Plante en bonne santé
1075,2025-10-10,Croissance rapide
1075,2025-08-19,Plante en bonne santé
1075,2025-10-28,Croissance rapide
86,2025-08-17,Insectes observés
86,2025-11-21,Signes de stress hydrique
86,2025-11-24,Croissance rapide
86,2025-07-09,Signes de stress hydrique
901,2025-12-05,Feuilles abîmées
901,2025-11-02,Signes de stress hydrique
901,2025-07-21,Croissance rapide
70,2025-06-02,Insectes observés
70,2025-06-03,Plante en bonne santé
439,2025-11-21,Croissance rapide
439,2025-09-14,Feuilles abîmées
439,2025-07-15,Insectes observés
877,2025-08-27,Feuilles abîmées
877,2025-11-05,Plante en bonne santé
877,2025-06-20,Insectes observés
224,2025-09-22,Insectes observés
224,2025-08-24,Signes de stress hydrique
224,2025-08-16,Feuilles abîmées
224,2025-10-06,Plante en bonne santé
522,2025-09-29,Plante en bonne santé
910,2025-06-28,Plante en bonne santé
910,2025-08-17,Plante en bonne santé
910,2025-12-02,Feuilles abîmées
910,2025-09-16,Feuilles abîmées
910,2025-11-06,Signes de stress hydrique
1131,2025-12-26,Plante en bonne santé
1131,2025-12-13,Plante en bonne santé
1082,2025-08-06,Insectes observés
1082,2025-12-15,Signes de stress hydrique
365,2025-10-24,Insectes observés
365,2025-11-01,Croissance rapide
365,2025-08-25,Plante en bonne santé
536,2025-06-29,Feuilles abîmées
720,2025-11-02,Insectes observés
643,2025-08-17,Croissance rapide
643,2025-10-23,Plante en bonne santé
643,2025-10-27,Insectes observés
1042,2025-11-28,Croissance rapide
464,2025-06-10,Signes de stress hydrique
84,2025-10-07,Feuilles abîmées
209,2025-10-24,Feuilles abîmées
209,2025-08-24,Signes de stress hydrique
209,2025-09-06,Plante en bonne santé
209,2025-06-06,Croissance rapide
209,2025-07-28,Signes de stress hydrique
260,2025-08-18,Feuilles abîmées
842,2025-12-26,Insectes observés
695,2025-06-14,Insectes observés
695,2025-07-06,Feuilles abîmées
695,2025-08-15,Croissance rapide
729,2025-08-29,Insectes observés
729,2025-06-29,Croissance rapide
729,2025-08-09,Croissance rapide
729,2025-12-12,Signes de stress hydrique
729,2025-06-06,Signes de stress hydrique
744,2025-09-11,Signes de stress hydrique
744,2025-12-15,Plante en bonne santé
744,2025-09-10,Plante en bonne santé
744,2025-09-15,Insectes observés
1037,2025-12-28,Insectes observés
1037,2025-12-24,Insectes observés
345,2025-09-10,Signes de stress hydrique
40,2025-07-17,Plante en bonne santé
40,2025-08-23,Insectes observés
40,2025-09-30,Feuilles abîmées
40,2025-08-30,Plante en bonne santé
204,2025-10-26,Croissance rapide
204,2025-11-29,Feuilles abîmées
204,2025-06-08,Signes de stress hydrique
636,2025-10-13,Insectes observés
636,2025-09-11,Insectes observés
636,2025-09-30,Croissance rapide
732,2025-07-07,Plante en bonne santé
732,2025-07-11,Signes de stress hydrique
732,2025-06-02,Insectes observés
732,2025-12-18,Feuilles abîmées
431,2025-11-30,Insectes observés
431,2025-12-12,Croissance rapide
431,2025-10-06,Feuilles abîmées
518,2025-08-02,Feuilles abîmées
618,2025-07-06,Insectes observés
618,2025-11-11,Feuilles abîmées
618,2025-07-18,Insectes observés
618,2025-07-02,Feuilles abîmées
618,2025-08-14,Feuilles abîmées
512,2025-12-20,Feuilles abîmées
512,2025-08-02,Signes de stress hydrique
512,2025-11-21,Plante en bonne santé
539,2025-12-26,Feuilles abîmées
539,2025-12-25,Croissance rapide
213,2025-07-06,Feuilles abîmées
213,2025-09-22,Croissance rapide
213,2025-07-21,Feuilles abîmées
213,2025-11-23,Signes de stress hydrique
1135,2025-06-20,Signes de stress hydrique
1135,2025-07-14,Signes de stress hydrique
1135,2025-10-29,Croissance rapide
1135,2025-08-15,Croissance rapide
1135,2025-09-30,Insectes observés
579,2025-09-18,Plante en bonne santé
176,2025-11-07,Plante en bonne santé
176,2025-07-28,Feuilles abîmées
176,2025-06-20,Insectes observés
176,2025-11-15,Croissance rapide
176,2025-11-23,Signes de stress hydrique
408,2025-09-01,Feuilles abîmées
408,2025-08-19,Insectes observés
408,2025-12-25,Plante en bonne santé
408,2025-10-02,Signes de stress hydrique
1056,2025-07-13,Signes de stress hydrique
672,2025-08-28,Plante en bonne santé
1114,2025-11-05,Plante en bonne santé
735,2025-06-23,Insectes observés
735,2025-10-02,Signes de stress hydrique
735,2025-07-28,Signes de stress hydrique
735,2025-10-11,Feuilles abîmées
735,2025-10-21,Insectes observés
754,2025-08-24,Feuilles abîmées
754,2025-10-31,Insectes observés
754,2025-08-21,Signes de stress hydrique
754,2025-09-13,Signes de stress hydrique
1069,2025-08-16,Insectes observés
1069,2025-08-19,Insectes observés
1069,2025-07-16,Signes de stress hydrique
1069,2025-11-11,Signes de stress hydrique
1079,2025-11-18,Signes de stress hydrique
1079,2025-06-01,Insectes observés
1079,2025-10-03,Feuilles abîmées
1079,2025-09-12,Feuilles abîmées
141,2025-12-24,Feuilles abîmées
141,2025-06-13,Signes de stress hydrique
141,2025-11-28,Insectes observés
141,2025-06-22,Feuilles abîmées
141,2025-11-22,Insectes observés
442,2025-12-02,Plante en bonne santé
1189,2025-11-24,Signes de stress hydrique
1189,2025-10-12,Insectes observés
1189,2025-06-17,Plante en bonne santé
1189,2025-09-21,Plante en bonne santé
304,2025-11-18,Plante en bonne santé
304,2025-06-23,Signes de stress hydrique
304,2025-12-24,Signes de stress hydrique
475,2025-12-09,Insectes observés
475,2025-11-19,Insectes observés
475,2025-06-27,Feuilles abîmées
475,2025-12-12,Croissance rapide
475,2025-10-10,Feuilles abîmées
601,2025-09-14,Signes de stress hydrique
601,2025-09-23,Feuilles abîmées
601,2025-11-29,Signes de stress hydrique
601,2025-08-18,Signes de stress hydrique
601,2025-06-11,Plante en bonne santé
977,2025-12-10,Signes de stress hydrique
977,2025-10-31,Signes de stress hydrique
977,2025-09-28,Signes de stress hydrique
626,2025-07-03,Plante en bonne santé
626,2025-08-30,Croissance rapide
626,2025-11-29,Insectes observés
626,2025-07-06,Insectes observés
761,2025-07-24,Insectes observés
761,2025-06-22,Feuilles abîmées
761,2025-10-02,Croissance rapide
761,2025-06-17,Signes de stress hydrique
761,2025-10-10,Signes de stress hydrique
559,2025-10-03,Insectes observés
1052,2025-07-03,Plante en bonne santé
680,2025-10-11,Croissance rapide
680,2025-08-30,Signes de stress hydrique
680,2025-07-09,Insectes observés
680,2025-07-15,Croissance rapide
874,2025-06-01,Feuilles abîmées
874,2025-09-19,Croissance rapide
874,2025-11-27,Feuilles abîmées
874,2025-10-06,Feuilles abîmées
874,2025-11-04,Croissance rapide
31,2025-12-16,Signes de stress hydrique
31,2025-11-20,Croissance rapide
31,2025-11-19,Feuilles abîmées
31,2025-06-20,Feuilles abîmées
915,2025-08-26,Feuilles abîmées
915,2025-11-30,Croissance rapide
915,2025-12-13,Feuilles abîmées
915,2025-07-13,Signes de stress hydrique
915,2025-10-31,Insectes observés
1160,2025-08-01,Plante en bonne santé
1160,2025-11-18,Insectes observés
1160,2025-06-27,Croissance rapide
1160,2025-07-18,Insectes observés
1080,2025-10-19,Insectes observés
777,2025-10-02,Plante en bonne santé
1174,2025-10-31,Croissance rapide
1174,2025-11-21,Feuilles abîmées
1174,2025-06-04,Croissance rapide
1174,2025-06-08,Plante en bonne santé
181,2025-07-02,Signes de stress hydrique
181,2025-09-24,Signes de stress hydrique
68,2025-09-27,Croissance rapide
68,2025-12-14,Insectes observés
68,2025-10-14,Plante en bonne santé
68,2025-09-05,Feuilles abîmées
908,2025-07-18,Feuilles abîmées
908,2025-11-18,Plante en bonne santé
908,2025-11-21,Plante en bonne santé
908,2025-07-07,Signes de stress hydrique
291,2025-10-09,Insectes observés
424,2025-11-16,Signes de stress hydrique
1089,2025-09-21,Plante en bonne santé
1089,2025-11-06,Insectes observés
1089,2025-07-14,Croissance rapide
1089,2025-09-17,Plante en bonne santé
1089,2025-06-29,Insectes observés
173,2025-10-24,Signes de stress hydrique
72,2025-11-05,Insectes observés
72,2025-06-28,Croissance rapide
112,2025-10-26,Insectes observés
473,2025-06-14,Croissance rapide
473,2025-11-12,Insectes observés
473,2025-08-25,Signes de stress hydrique
473,2025-09-02,Croissance rapide
126,2025-08-05,Feuilles abîmées
126,2025-06-15,Plante en bonne santé
126,2025-11-30,Insectes observés
126,2025-11-09,Insectes observés
118,2025-08-31,Feuilles abîmées
118,2025-10-20,Plante en bonne santé
118,2025-11-13,Feuilles abîmées
154,2025-06-02,Croissance rapide
154,2025-11-08,Croissance rapide
154,2025-12-04,Feuilles abîmées
247,2025-06-29,Plante en bonne santé
219,2025-07-13,Feuilles abîmées
107,2025-08-10,Feuilles abîmées
107,2025-08-21,Croissance rapide
107,2025-06-13,Signes de stress hydrique
984,2025-08-05,Feuilles abîmées
984,2025-12-01,Signes de stress hydrique
984,2025-07-23,Insectes observés
984,2025-08-30,Insectes observés
984,2025-11-07,Feuilles abîmées
316,2025-12-17,Signes de stress hydrique
316,2025-06-08,Signes de stress hydrique
316,2025-06-29,Croissance rapide
316,2025-11-20,Insectes observés
316,2025-08-26,Feuilles abîmées
150,2025-07-09,Insectes observés
150,2025-12-08,Feuilles abîmées
150,2025-12-10,Insectes observés
150,2025-09-25,Feuilles abîmées
150,2025-11-19,Plante en bonne santé
1150,2025-11-06,Croissance rapide
1150,2025-07-23,Signes de stress hydrique
1150,2025-11-11,Insectes observés
13,2025-12-19,Plante en bonne santé
13,2025-10-17,Signes de stress hydrique
13,2025-10-27,Feuilles abîmées
13,2025-11-27,Feuilles abîmées
13,2025-07-27,Feuilles abîmées
891,2025-07-19,Croissance rapide
944,2025-11-15,Feuilles abîmées
944,2025-07-15,Croissance rapide
548,2025-10-16,Signes de stress hydrique
548,2025-11-21,Plante en bonne santé
1163,2025-11-05,Plante en bonne santé
1163,2025-06-13,Croissance rapide
1163,2025-11-30,Signes de stress hydrique
392,2025-10-20,Insectes observés
392,2025-12-26,Croissance rapide
392,2025-12-20,Feuilles abîmées
392,2025-10-15,Insectes observés
392,2025-12-05,Feuilles abîmées
128,2025-11-25,Croissance rapide
128,2025-08-19,Feuilles abîmées
128,2025-11-14,Insectes observés
128,2025-10-12,Signes de stress hydrique
873,2025-07-31,Croissance rapide
873,2025-11-11,Insectes observés
873,2025-07-15,Insectes observés
962,2025-10-23,Insectes observés
682,2025-08-20,Feuilles abîmées
682,2025-06-07,Insectes observés
346,2025-08-03,Feuilles abîmées
346,2025-08-01,Feuilles abîmées
346,2025-08-16,Insectes observés
495,2025-06-20,Feuilles abîmées
495,2025-10-02,Plante en bonne santé
334,2025-08-17,Plante en bonne santé
334,2025-12-13,Croissance rapide
334,2025-07-31,Signes de stress hydrique
334,2025-06-07,Insectes observés
815,2025-07-29,Plante en bonne santé
815,2025-08-24,Signes de stress hydrique
815,2025-08-28,Plante en bonne santé
83,2025-12-12,Feuilles abîmées
280,2025-06-13,Plante en bonne santé
280,2025-06-09,Croissance rapide
280,2025-11-15,Signes de stress hydrique
280,2025-08-08,Insectes observés
1057,2025-08-15,Croissance rapide
1057,2025-12-07,Plante en bonne santé
1057,2025-08-26,Insectes observés
36,2025-11-26,Signes de stress hydrique
36,2025-10-26,Feuilles abîmées
1147,2025-12-17,Feuilles abîmées
1147,2025-06-01,Croissance rapide
49,2025-10-04,Signes de stress hydrique
49,2025-06-24,Croissance rapide
49,2025-09-29,Plante en bonne santé
49,2025-08-23,Feuilles abîmées
898,2025-11-06,Signes de stress hydrique
898,2025-09-24,Signes de stress hydrique
898,2025-07-02,Signes de stress hydrique
709,2025-07-09,Croissance rapide
709,2025-12-11,Signes de stress hydrique
709,2025-11-18,Feuilles abîmées
709,2025-10-01,Croissance rapide
709,2025-08-08,Croissance rapide
694,2025-11-30,Signes de stress hydrique
694,2025-08-19,Feuilles abîmées
1101,2025-11-10,Signes de stress hydrique
1101,2025-10-13,Insectes observés
1101,2025-10-19,Feuilles abîmées
1101,2025-08-19,Insectes observés
1101,2025-12-09,Feuilles abîmées
373,2025-12-09,Signes de stress hydrique
330,2025-12-24,Feuilles abîmées
330,2025-12-29,Signes de stress hydrique
330,2025-11-24,Croissance rapide
330,2025-12-11,Signes de stress hydrique
604,2025-11-16,Feuilles abîmées
604,2025-06-29,Signes de stress hydrique
604,2025-09-02,Croissance rapide
157,2025-08-04,Insectes observés
157,2025-11-07,Plante en bonne santé
308,2025-08-16,Plante en bonne santé
308,2025-06-28,Signes de stress hydrique
308,2025-07-29,Feuilles abîmées
308,2025-06-20,Croissance rapide
834,2025-11-21,Signes de stress hydrique
834,2025-09-08,Feuilles abîmées
834,2025-07-02,Feuilles abîmées
834,2025-09-04,Insectes observés
834,2025-09-21,Croissance rapide
1005,2025-09-23,Signes de stress hydrique
1005,2025-10-17,Insectes observés
1005,2025-08-21,Signes de stress hydrique
1005,2025-10-14,Feuilles abîmées
1005,2025-10-13,Plante en bonne santé
808,2025-07-28,Plante en bonne santé
914,2025-10-12,Croissance rapide
519,2025-09-09,Croissance rapide
479,2025-12-23,Signes de stress hydrique
479,2025-07-16,Feuilles abîmées
479,2025-12-03,Insectes observés
459,2025-07-19,Signes de stress hydrique
459,2025-07-14,Croissance rapide
459,2025-11-12,Signes de stress hydrique
459,2025-07-10,Feuilles abîmées
733,2025-09-21,Croissance rapide
733,2025-10-26,Insectes observés
733,2025-07-10,Feuilles abîmées
733,2025-09-16,Insectes observés
183,2025-09-13,Signes de stress hydrique
183,2025-06-22,Insectes observés
183,2025-06-08,Feuilles abîmées
183,2025-06-25,Croissance rapide
99,2025-08-22,Feuilles abîmées
99,2025-12-28,Insectes observés
99,2025-09-13,Feuilles abîmées
700,2025-12-23,Plante en bonne santé
700,2025-08-04,Plante en bonne santé
1165,2025-10-12,Signes de stress hydrique
1165,2025-12-27,Plante en bonne santé
1165,2025-07-28,Signes de stress hydrique
1165,2025-12-04,Croissance rapide
1165,2025-12-24,Insectes observés
138,2025-11-08,Feuilles abîmées
1088,2025-12-29,Feuilles abîmées
1088,2025-06-25,Croissance rapide
1088,2025-10-13,Signes de stress hydrique
1088,2025-09-25,Feuilles abîmées
1088,2025-08-16,Croissance rapide
543,2025-10-13,Insectes observés
543,2025-08-26,Plante en bonne santé
543,2025-12-23,Plante en bonne santé
543,2025-06-24,Signes de stress hydrique
465,2025-09-26,Feuilles abîmées
465,2025-09-20,Plante en bonne santé
465,2025-08-02,Croissance rapide
465,2025-08-30,Plante en bonne santé
465,2025-10-17,Plante en bonne santé
712,2025-12-18,Insectes observés
712,2025-12-19,Croissance rapide
712,2025-10-24,Plante en bonne santé
712,2025-07-13,Signes de stress hydrique
250,2025-09-28,Croissance rapide
250,2025-12-02,Croissance rapide
250,2025-12-09,Feuilles abîmées
140,2025-09-24,Croissance rapide
140,2025-10-17,Signes de stress hydrique
140,2025-09-12,Croissance rapide
1076,2025-07-26,Feuilles abîmées
15,2025-09-07,Plante en bonne santé
15,2025-11-10,Feuilles abîmées
15,2025-11-06,Feuilles abîmées
15,2025-11-03,Insectes observés
379,2025-08-26,Signes de stress hydrique
640,2025-12-29,Signes de stress hydrique
640,2025-11-01,Plante en bonne santé
254,2025-12-17,Insectes observés
254,2025-10-04,Croissance rapide
254,2025-11-09,Signes de stress hydrique
254,2025-12-12,Insectes observés
369,2025-06-11,Feuilles abîmées
630,2025-12-20,Plante en bonne santé
630,2025-09-22,Insectes observés
630,2025-10-25,Feuilles abîmées
886,2025-10-20,Insectes observés
886,2025-10-18,Signes de stress hydrique
706,2025-09-08,Insectes observés
706,2025-08-18,Croissance rapide
706,2025-11-22,Signes de stress hydrique
182,2025-10-19,Signes de stress hydrique
182,2025-06-13,Signes de stress hydrique
182,2025-06-08,Plante en bonne santé
721,2025-06-08,Signes de stress hydrique
721,2025-09-19,Plante en bonne santé
917,2025-06-04,Signes de stress hydrique
1149,2025-11-02,Signes de stress hydrique
1149,2025-06-07,Feuilles abîmées
1149,2025-10-26,Croissance rapide
1149,2025-07-14,Signes de stress hydrique
1149,2025-10-10,Signes de stress hydrique
941,2025-08-23,Feuilles abîmées
941,2025-07-30,Signes de stress hydrique
941,2025-06-23,Feuilles abîmées
941,2025-08-18,Plante en bonne santé
941,2025-11-07,Feuilles abîmées
75,2025-10-24,Feuilles abîmées
75,2025-06-04,Feuilles abîmées
75,2025-07-25,Feuilles abîmées
75,2025-06-03,Signes de stress hydrique
75,2025-11-29,Insectes observés
11,2025-12-16,Plante en bonne santé
11,2025-06-15,Croissance rapide
11,2025-12-07,Plante en bonne santé
11,2025-12-18,Croissance rapide
11,2025-06-26,Croissance rapide
726,2025-08-30,Signes de stress hydrique
726,2025-07-06,Plante en bonne santé
201,2025-06-04,Insectes observés
201,2025-07-28,Feuilles abîmées
201,2025-09-23,Croissance rapide
201,2025-09-17,Feuilles abîmées
474,2025-08-27,Croissance rapide
809,2025-06-12,Croissance rapide
809,2025-09-03,Signes de stress hydrique
809,2025-07-28,Feuilles abîmées
809,2025-09-19,Insectes observés
144,2025-12-27,Feuilles abîmées
144,2025-08-31,Insectes observés
144,2025-12-16,Croissance rapide
144,2025-06-09,Plante en bonne santé
144,2025-07-10,Insectes observés
1077,2025-12-25,Plante en bonne santé
1077,2025-12-02,Croissance rapide
1077,2025-08-17,Signes de stress hydrique
1077,2025-07-15,Insectes observés
529,2025-10-07,Insectes observés
529,2025-07-11,Insectes observés
1155,2025-11-11,Insectes observés
1099,2025-08-07,Insectes observés
1099,2025-11-10,Croissance rapide
1099,2025-09-22,Insectes observés
1099,2025-07-25,Croissance rapide
43,2025-07-04,Signes de stress hydrique
43,2025-06-23,Croissance rapide
298,2025-09-12,Plante en bonne santé
298,2025-08-09,Croissance rapide
298,2025-12-11,Plante en bonne santé
298,2025-08-29,Signes de stress hydrique
59,2025-11-23,Insectes observés
59,2025-08-25,Insectes observés
59,2025-09-14,Plante en bonne santé
59,2025-07-29,Insectes observés
321,2025-10-28,Feuilles abîmées
321,2025-12-25,Plante en bonne santé
321,2025-10-16,Plante en bonne santé
609,2025-08-27,Plante en bonne santé
609,2025-11-01,Croissance rapide
609,2025-12-01,Plante en bonne santé
609,2025-10-19,Plante en bonne santé
609,2025-11-03,Plante en bonne santé
702,2025-07-23,Croissance rapide
702,2025-07-01,Plante en bonne santé
702,2025-08-08,Plante en bonne santé
702,2025-09-14,Plante en bonne santé
702,2025-12-28,Croissance rapide
927,2025-06-01,Plante en bonne santé
927,2025-09-01,Croissance rapide
508,2025-06-15,Feuilles abîmées
508,2025-07-05,Signes de stress hydrique
1023,2025-08-23,Signes de stress hydrique
1023,2025-11-25,Signes de stress hydrique
1023,2025-07-31,Croissance rapide
1023,2025-07-15,Feuilles abîmées
314,2025-10-18,Feuilles abîmées
314,2025-06-28,Plante en bonne santé
314,2025-09-28,Feuilles abîmées
314,2025-07-11,Feuilles abîmées
629,2025-08-06,Signes de stress hydrique
629,2025-09-11,Signes de stress hydrique
629,2025-09-16,Insectes observés
629,2025-12-09,Croissance rapide
629,2025-08-13,Insectes observés
765,2025-10-17,Signes de stress hydrique
553,2025-12-30,Signes de stress hydrique
553,2025-11-26,Croissance rapide
27,2025-11-28,Croissance rapide
27,2025-11-23,Plante en bonne santé
606,2025-12-01,Croissance rapide
606,2025-12-14,Plante en bonne santé
1118,2025-09-02,Signes de stress hydrique
926,2025-09-02,Signes de stress hydrique
926,2025-08-31,Croissance rapide
926,2025-09-21,Plante en bonne santé
992,2025-09-30,Croissance rapide
992,2025-09-16,Signes de stress hydrique
992,2025-10-01,Signes de stress hydrique
885,2025-07-07,Plante en bonne santé
885,2025-09-27,Plante en bonne santé
991,2025-11-30,Feuilles abîmées
991,2025-07-08,Signes de stress hydrique
413,2025-06-28,Insectes observés
198,2025-12-15,Plante en bonne santé
198,2025-07-12,Croissance rapide
1106,2025-06-30,Signes de stress hydrique
615,2025-08-12,Feuilles abîmées
615,2025-09-07,Plante en bonne santé
615,2025-09-04,Signes de stress hydrique
615,2025-10-30,Feuilles abîmées
788,2025-09-08,Feuilles abîmées
788,2025-07-23,Feuilles abîmées
788,2025-10-17,Plante en bonne santé
1144,2025-09-17,Plante en bonne santé
1144,2025-08-09,Croissance rapide
1144,2025-06-06,Insectes observés
1144,2025-11-10,Signes de stress hydrique
724,2025-08-07,Insectes observés
724,2025-06-06,Croissance rapide
724,2025-08-31,Croissance rapide
724,2025-11-19,Signes de stress hydrique
989,2025-06-14,Croissance rapide
989,2025-10-08,Signes de stress hydrique
989,2025-10-18,Plante en bonne santé
989,2025-08-25,Plante en bonne santé
989,2025-06-16,Plante en bonne santé
770,2025-11-28,Insectes observés
770,2025-09-23,Croissance rapide
103,2025-08-07,Insectes observés
103,2025-12-05,Insectes observés
768,2025-11-30,Croissance rapide
768,2025-06-22,Plante en bonne santé
19,2025-07-12,Plante en bonne santé
19,2025-10-08,Croissance rapide
19,2025-12-28,Croissance rapide
19,2025-12-23,Insectes observés
718,2025-07-27,Plante en bonne santé
784,2025-06-06,Insectes observés
784,2025-10-24,Insectes observés
784,2025-09-20,Croissance rapide
185,2025-07-26,Insectes observés
185,2025-07-25,Feuilles abîmées
185,2025-11-04,Feuilles abîmées
185,2025-06-20,Signes de stress hydrique
323,2025-07-23,Feuilles abîmées
323,2025-12-24,Plante en bonne santé
323,2025-08-11,Insectes observés
323,2025-09-30,Plante en bonne santé
323,2025-10-25,Plante en bonne santé
560,2025-12-25,Feuilles abîmées
560,2025-11-23,Plante en bonne santé
560,2025-08-27,Signes de stress hydrique
560,2025-06-01,Feuilles abîmées
560,2025-08-14,Signes de stress hydrique
955,2025-11-13,Insectes observés
955,2025-12-12,Plante en bonne santé
574,2025-06-25,Insectes observés
574,2025-06-28,Plante en bonne santé
574,2025-09-05,Feuilles abîmées
65,2025-06-23,Signes de stress hydrique
920,2025-09-12,Insectes observés
920,2025-12-26,Feuilles abîmées
920,2025-08-09,Plante en bonne santé
63,2025-08-05,Plante en bonne santé
948,2025-09-08,Croissance rapide
803,2025-07-05,Insectes observés
934,2025-09-13,Croissance rapide
934,2025-06-18,Signes de stress hydrique
934,2025-08-31,Insectes observés
934,2025-10-06,Plante en bonne santé
934,2025-07-02,Plante en bonne santé
816,2025-06-25,Feuilles abîmées
816,2025-08-11,Feuilles abîmées
106,2025-10-22,Insectes observés
489,2025-06-22,Croissance rapide
489,2025-10-04,Feuilles abîmées
489,2025-06-16,Croissance rapide
441,2025-07-17,Signes de stress hydrique
775,2025-10-20,Signes de stress hydrique
775,2025-08-20,Signes de stress hydrique
775,2025-09-11,Plante en bonne santé
775,2025-12-01,Signes de stress hydrique
775,2025-06-07,Feuilles abîmées
261,2025-11-25,Feuilles abîmées
261,2025-07-23,Feuilles abîmées
261,2025-08-09,Signes de stress hydrique
55,2025-11-05,Feuilles abîmées
55,2025-07-25,Plante en bonne santé
55,2025-08-03,Croissance rapide
55,2025-11-10,Signes de stress hydrique
55,2025-08-28,Plante en bonne santé
279,2025-12-12,Signes de stress hydrique
279,2025-11-18,Croissance rapide
279,2025-11-06,Plante en bonne santé
279,2025-08-21,Insectes observés
168,2025-12-08,Croissance rapide
252,2025-07-13,Signes de stress hydrique
252,2025-08-01,Feuilles abîmées
12,2025-10-14,Signes de stress hydrique
12,2025-08-11,Feuilles abîmées
12,2025-09-17,Feuilles abîmées
12,2025-06-05,Insectes observés
469,2025-12-28,Signes de stress hydrique
469,2025-11-03,Insectes observés
537,2025-10-02,Insectes observés
537,2025-07-10,Signes de stress hydrique
537,2025-07-01,Feuilles abîmées
537,2025-11-12,Feuilles abîmées
537,2025-06-22,Feuilles abîmées
603,2025-11-30,Croissance rapide
603,2025-10-21,Plante en bonne santé
603,2025-11-23,Feuilles abîmées
603,2025-12-13,Insectes observés
603,2025-07-29,Insectes observés
659,2025-06-30,Plante en bonne santé
659,2025-12-23,Insectes observés
796,2025-10-03,Signes de stress hydrique
796,2025-07-29,Signes de stress hydrique
796,2025-09-16,Signes de stress hydrique
668,2025-08-07,Croissance rapide
668,2025-10-17,Signes de stress hydrique
668,2025-10-21,Signes de stress hydrique
668,2025-06-27,Plante en bonne santé
387,2025-09-29,Insectes observés
849,2025-12-30,Croissance rapide
849,2025-09-20,Insectes observés
961,2025-08-26,Feuilles abîmées
961,2025-09-13,Plante en bonne santé
961,2025-07-24,Plante en bonne santé
360,2025-11-16,Insectes observés
360,2025-12-01,Croissance rapide
360,2025-07-11,Plante en bonne santé
979,2025-06-13,Plante en bonne santé
1053,2025-08-29,Feuilles abîmées
1053,2025-12-20,Feuilles abîmées
1053,2025-10-19,Feuilles abîmées
552,2025-07-03,Feuilles abîmées
552,2025-11-07,Plante en bonne santé
552,2025-11-01,Plante en bonne santé
552,2025-08-21,Feuilles abîmées
237,2025-10-09,Insectes observés
237,2025-08-04,Feuilles abîmées
237,2025-10-25,Signes de stress hydrique
237,2025-09-01,Insectes observés
237,2025-10-11,Croissance rapide
817,2025-10-06,Insectes observés
817,2025-07-02,Plante en bonne santé
817,2025-11-04,Insectes observés
817,2025-11-14,Signes de stress hydrique
67,2025-12-24,Signes de stress hydrique
67,2025-10-05,Insectes observés
67,2025-11-30,Signes de stress hydrique
67,2025-07-24,Signes de stress hydrique
1167,2025-07-16,Feuilles abîmées
1167,2025-10-18,Plante en bonne santé
1167,2025-09-03,Signes de stress hydrique
937,2025-10-03,Feuilles abîmées
937,2025-06-24,Croissance rapide
21,2025-07-25,Feuilles abîmées
1179,2025-06-04,Plante en bonne santé
1179,2025-12-02,Insectes observés
1179,2025-07-19,Feuilles abîmées
1179,2025-09-15,Plante en bonne santé
1179,2025-10-26,Signes de stress hydrique
617,2025-12-06,Feuilles abîmées
617,2025-06-15,Feuilles abîmées
617,2025-10-22,Signes de stress hydrique
190,2025-08-24,Signes de stress hydrique
368,2025-11-29,Signes de stress hydrique
368,2025-06-10,Feuilles abîmées
368,2025-09-24,Croissance rapide
1028,2025-07-16,Croissance rapide
1028,2025-07-12,Feuilles abîmées
1028,2025-06-03,Croissance rapide
1028,2025-11-17,Feuilles abîmées
1112,2025-07-12,Croissance rapide
1112,2025-09-09,Plante en bonne santé
1112,2025-11-13,Croissance rapide
407,2025-06-29,Signes de stress hydrique
407,2025-11-17,Signes de stress hydrique
407,2025-07-01,Signes de stress hydrique
407,2025-06-08,Feuilles abîmées
407,2025-09-22,Feuilles abîmées
297,2025-12-14,Feuilles abîmées
297,2025-07-14,Plante en bonne santé
297,2025-08-27,Croissance rapide
297,2025-10-28,Feuilles abîmées
297,2025-06-05,Insectes observés
217,2025-07-24,Signes de stress hydrique
666,2025-12-22,Feuilles abîmées
666,2025-07-09,Plante en bonne santé
177,2025-06-28,Plante en bonne santé
177,2025-10-07,Plante en bonne santé
156,2025-10-01,Croissance rapide
156,2025-10-09,Insectes observés
156,2025-11-29,Feuilles abîmées
417,2025-09-06,Plante en bonne santé
73,2025-11-23,Feuilles abîmées
1086,2025-11-15,Feuilles abîmées
448,2025-06-11,Croissance rapide
1078,2025-07-05,Insectes observés
1078,2025-06-05,Feuilles abîmées
1078,2025-07-26,Plante en bonne santé
1078,2025-06-19,Feuilles abîmées
1078,2025-09-08,Signes de stress hydrique
1158,2025-10-15,Signes de stress hydrique
1158,2025-08-21,Signes de stress hydrique
1158,2025-11-29,Plante en bonne santé
841,2025-11-14,Insectes observés
841,2025-08-05,Feuilles abîmées
730,2025-10-31,Insectes observés
730,2025-11-20,Feuilles abîmées
730,2025-07-23,Croissance rapide
364,2025-08-30,Insectes observés
364,2025-06-16,Insectes observés
364,2025-12-23,Plante en bonne santé
364,2025-11-05,Insectes observés
364,2025-06-03,Signes de stress hydrique
246,2025-12-08,Feuilles abîmées
246,2025-08-14,Insectes observés
480,2025-12-24,Signes de stress hydrique
480,2025-12-22,Insectes observés
89,2025-10-22,Feuilles abîmées
89,2025-11-16,Signes de stress hydrique
89,2025-06-21,Plante en bonne santé
89,2025-06-29,Croissance rapide
490,2025-08-31,Insectes observés
401,2025-07-14,Insectes observés
401,2025-06-17,Signes de stress hydrique
401,2025-10-25,Plante en bonne santé
401,2025-07-15,Feuilles abîmées
482,2025-09-01,Plante en bonne santé
482,2025-12-18,Signes de stress hydrique
482,2025-08-16,Signes de stress hydrique
482,2025-11-07,Insectes observés
378,2025-11-25,Croissance rapide
795,2025-08-28,Insectes observés
795,2025-11-10,Plante en bonne santé
795,2025-09-29,Plante en bonne santé
795,2025-08-23,Insectes observés
438,2025-12-03,Feuilles abîmées
438,2025-09-12,Plante en bonne santé
438,2025-09-29,Feuilles abîmées
438,2025-12-09,Croissance rapide
438,2025-09-19,Insectes observés
1177,2025-10-08,Croissance rapide
1177,2025-11-24,Plante en bonne santé
1177,2025-11-05,Croissance rapide
1177,2025-10-23,Croissance rapide
1177,2025-11-21,Signes de stress hydrique
1104,2025-08-22,Signes de stress hydrique
1104,2025-06-10,Signes de stress hydrique
1104,2025-09-27,Croissance rapide
1104,2025-09-01,Feuilles abîmées
642,2025-09-03,Feuilles abîmées
642,2025-09-01,Signes de stress hydrique
675,2025-12-08,Plante en bonne santé
675,2025-09-25,Plante en bonne santé
675,2025-10-27,Plante en bonne santé
742,2025-07-30,Signes de stress hydrique
742,2025-08-15,Plante en bonne santé
1020,2025-07-16,Croissance rapide
1020,2025-07-15,Croissance rapide
436,2025-10-04,Feuilles abîmées
436,2025-10-11,Plante en bonne santé
436,2025-12-02,Plante en bonne santé
436,2025-11-17,Croissance rapide
964,2025-08-14,Feuilles abîmées
964,2025-11-11,Insectes observés
964,2025-08-23,Croissance rapide
964,2025-07-21,Plante en bonne santé
349,2025-10-07,Plante en bonne santé
1176,2025-10-20,Croissance rapide
1176,2025-07-24,Plante en bonne santé
1176,2025-11-20,Signes de stress hydrique
1133,2025-08-02,Feuilles abîmées
1133,2025-10-07,Feuilles abîmées
1133,2025-11-06,Croissance rapide
1133,2025-06-29,Insectes observés
1133,2025-09-05,Croissance rapide
10,2025-09-21,Signes de stress hydrique
10,2025-06-08,Plante en bonne santé
10,2025-07-26,Croissance rapide
427,2025-08-07,Feuilles abîmées
427,2025-10-18,Signes de stress hydrique
427,2025-11-27,Plante en bonne santé
427,2025-12-04,Feuilles abîmées
868,2025-10-20,Signes de stress hydrique
868,2025-08-17,Insectes observés
30,2025-12-25,Croissance rapide
678,2025-06-12,Signes de stress hydrique
487,2025-08-23,Feuilles abîmées
487,2025-11-29,Feuilles abîmées
487,2025-09-23,Feuilles abîmées
487,2025-07-26,Croissance rapide
981,2025-08-24,Signes de stress hydrique
981,2025-06-11,Plante en bonne santé
981,2025-07-27,Signes de stress hydrique
981,2025-11-16,Feuilles abîmées
255,2025-12-08,Plante en bonne santé
7,2025-07-13,Signes de stress hydrique
7,2025-11-17,Feuilles abîmées
7,2025-08-17,Croissance rapide
7,2025-09-13,Croissance rapide
804,2025-08-26,Signes de stress hydrique
804,2025-12-12,Croissance rapide
804,2025-06-10,Feuilles abîmées
804,2025-09-09,Croissance rapide
326,2025-07-17,Plante en bonne santé
326,2025-10-16,Plante en bonne santé
326,2025-11-14,Croissance rapide
859,2025-12-11,Signes de stress hydrique
829,2025-07-08,Insectes observés
829,2025-12-30,Insectes observés
605,2025-11-06,Feuilles abîmées
605,2025-10-05,Signes de stress hydrique
605,2025-08-16,Plante en bonne santé
233,2025-11-21,Signes de stress hydrique
233,2025-09-18,Signes de stress hydrique
233,2025-11-26,Signes de stress hydrique
661,2025-12-04,Croissance rapide
661,2025-10-13,Signes de stress hydrique
661,2025-08-29,Signes de stress hydrique
661,2025-06-30,Plante en bonne santé
661,2025-08-10,Signes de stress hydrique
566,2025-10-11,Plante en bonne santé
566,2025-09-04,Plante en bonne santé
566,2025-10-20,Feuilles abîmées
593,2025-11-09,Plante en bonne santé
593,2025-08-18,Feuilles abîmées
287,2025-11-02,Signes de stress hydrique
287,2025-08-19,Insectes observés
287,2025-12-12,Insectes observés
287,2025-11-29,Croissance rapide
836,2025-08-29,Signes de stress hydrique
836,2025-10-04,Plante en bonne santé
836,2025-06-28,Croissance rapide
836,2025-10-03,Feuilles abîmées
836,2025-09-20,Insectes observés
411,2025-08-07,Insectes observés
411,2025-10-13,Feuilles abîmées
972,2025-10-01,Croissance rapide
972,2025-12-26,Plante en bonne santé
972,2025-12-22,Plante en bonne santé
972,2025-12-06,Plante en bonne santé
443,2025-07-09,Insectes observés
1043,2025-12-13,Feuilles abîmées
1043,2025-10-03,Signes de stress hydrique
1043,2025-07-09,Insectes observés
1043,2025-10-30,Feuilles abîmées
1043,2025-10-23,Croissance rapide
652,2025-07-01,Plante en bonne santé
652,2025-07-23,Signes de stress hydrique
652,2025-10-18,Insectes observés
652,2025-12-16,Feuilles abîmées
652,2025-08-06,Feuilles abîmées
422,2025-12-04,Croissance rapide
422,2025-10-23,Signes de stress hydrique
422,2025-10-27,Signes de stress hydrique
1137,2025-08-09,Signes de stress hydrique
1137,2025-11-19,Signes de stress hydrique
1137,2025-07-20,Plante en bonne santé
362,2025-08-06,Signes de stress hydrique
362,2025-10-17,Croissance rapide
500,2025-07-22,Feuilles abîmées
500,2025-09-22,Insectes observés
863,2025-06-02,Croissance rapide
445,2025-08-02,Feuilles abîmées
445,2025-07-18,Insectes observés
445,2025-10-11,Insectes observés
445,2025-10-28,Croissance rapide
137,2025-07-08,Croissance rapide
137,2025-10-24,Plante en bonne santé
137,2025-08-12,Feuilles abîmées
1087,2025-10-28,Croissance rapide
1087,2025-07-19,Signes de stress hydrique
1087,2025-10-15,Feuilles abîmées
1087,2025-11-09,Plante en bonne santé
109,2025-06-19,Insectes observés
109,2025-11-24,Insectes observés
109,2025-11-06,Plante en bonne santé
109,2025-09-25,Plante en bonne santé
602,2025-09-04,Feuilles abîmées
268,2025-12-18,Plante en bonne santé
440,2025-10-06,Feuilles abîmées
440,2025-07-21,Plante en bonne santé
497,2025-06-20,Feuilles abîmées
497,2025-07-02,Croissance rapide
497,2025-09-01,Plante en bonne santé
533,2025-11-10,Feuilles abîmées
533,2025-11-04,Signes de stress hydrique
533,2025-07-22,Insectes observés
225,2025-09-07,Insectes observés
225,2025-12-10,Croissance rapide
434,2025-11-29,Feuilles abîmées
434,2025-08-31,Signes de stress hydrique
434,2025-07-02,Feuilles abîmées
434,2025-11-01,Plante en bonne santé
1092,2025-12-14,Plante en bonne santé
1092,2025-12-04,Insectes observés
647,2025-09-05,Feuilles abîmées
647,2025-06-13,Croissance rapide
647,2025-06-25,Feuilles abîmées
647,2025-08-13,Signes de stress hydrique
647,2025-11-17,Croissance rapide
763,2025-09-28,Insectes observés
763,2025-09-17,Signes de stress hydrique
763,2025-08-25,Feuilles abîmées
763,2025-10-31,Croissance rapide
1171,2025-06-12,Signes de stress hydrique
1171,2025-12-29,Croissance rapide
542,2025-09-16,Croissance rapide
151,2025-10-24,Croissance rapide
151,2025-12-21,Signes de stress hydrique
151,2025-09-17,Plante en bonne santé
151,2025-12-02,Croissance rapide
151,2025-07-25,Feuilles abîmées
871,2025-07-28,Signes de stress hydrique
871,2025-09-06,Insectes observés
871,2025-07-18,Signes de stress hydrique
871,2025-06-29,Plante en bonne santé
470,2025-09-13,Insectes observés
470,2025-06-19,Feuilles abîmées
470,2025-08-11,Insectes observés
470,2025-12-01,Plante en bonne santé
470,2025-11-05,Feuilles abîmées
1157,2025-09-04,Insectes observés
1157,2025-12-10,Feuilles abîmées
1157,2025-11-12,Feuilles abîmées
58,2025-07-12,Insectes observés
838,2025-10-19,Croissance rapide
838,2025-06-04,Feuilles abîmées
838,2025-10-08,Plante en bonne santé
838,2025-09-13,Feuilles abîmées
511,2025-09-23,Insectes observés
1186,2025-07-23,Feuilles abîmées
468,2025-08-18,Insectes observés
468,2025-10-15,Plante en bonne santé
468,2025-07-28,Insectes observés
6,2025-10-04,Feuilles abîmées
6,2025-06-01,Signes de stress hydrique
6,2025-10-13,Plante en bonne santé
462,2025-09-30,Feuilles abîmées
462,2025-06-14,Feuilles abîmées
462,2025-08-28,Feuilles abîmées
462,2025-08-19,Plante en bonne santé
752,2025-10-23,Signes de stress hydrique
752,2025-06-14,Insectes observés
752,2025-07-05,Insectes observés
1182,2025-06-29,Plante en bonne santé
1182,2025-09-09,Feuilles abîmées
1182,2025-10-01,Plante en bonne santé
1182,2025-06-25,Signes de stress hydrique
1182,2025-11-13,Croissance rapide
832,2025-11-15,Feuilles abîmées
832,2025-10-11,Croissance rapide
832,2025-11-19,Insectes observés
832,2025-08-30,Signes de stress hydrique
294,2025-12-19,Insectes observés
294,2025-10-07,Feuilles abîmées
294,2025-09-30,Signes de stress hydrique
294,2025-11-20,Signes de stress hydrique
294,2025-06-10,Feuilles abîmées
129,2025-06-19,Signes de stress hydrique
129,2025-07-08,Signes de stress hydrique
129,2025-09-21,Feuilles abîmées
129,2025-08-03,Croissance rapide
129,2025-11-06,Signes de stress hydrique
405,2025-12-16,Signes de stress hydrique
405,2025-10-17,Feuilles abîmées
405,2025-10-11,Insectes observés
627,2025-10-29,Feuilles abîmées
627,2025-07-30,Plante en bonne santé
627,2025-11-08,Signes de stress hydrique
18,2025-08-18,Feuilles abîmées
1107,2025-06-22,Croissance rapide
76,2025-07-26,Croissance rapide
76,2025-07-03,Plante en bonne santé
452,2025-12-19,Feuilles abîmées
452,2025-12-24,Plante en bonne santé
452,2025-08-02,Plante en bonne santé
452,2025-11-18,Feuilles abîmées
452,2025-11-08,Croissance rapide
148,2025-08-20,Insectes observés
148,2025-08-06,Insectes observés
148,2025-07-15,Plante en bonne santé
634,2025-09-25,Feuilles abîmées
634,2025-08-01,Feuilles abîmées
634,2025-06-14,Plante en bonne santé
634,2025-06-11,Feuilles abîmées
634,2025-07-02,Signes de stress hydrique
108,2025-11-18,Signes de stress hydrique
108,2025-07-05,Insectes observés
792,2025-08-20,Signes de stress hydrique
792,2025-06-30,Feuilles abîmées
792,2025-07-17,Signes de stress hydrique
214,2025-08-21,Signes de stress hydrique
214,2025-12-02,Croissance rapide
214,2025-10-19,Croissance rapide
214,2025-08-16,Croissance rapide
486,2025-12-04,Signes de stress hydrique
486,2025-07-18,Feuilles abîmées
486,2025-12-22,Signes de stress hydrique
535,2025-12-08,Plante en bonne santé
535,2025-09-09,Croissance rapide
535,2025-10-18,Plante en bonne santé
535,2025-06-04,Croissance rapide
535,2025-06-30,Insectes observés
1130,2025-08-31,Signes de stress hydrique
1130,2025-11-04,Plante en bonne santé
1130,2025-07-18,Plante en bonne santé
1130,2025-11-22,Signes de stress hydrique
1130,2025-09-28,Insectes observés
551,2025-07-04,Signes de stress hydrique
551,2025-09-24,Feuilles abîmées
329,2025-10-10,Croissance rapide
329,2025-09-27,Signes de stress hydrique
1071,2025-10-13,Plante en bonne santé
1071,2025-07-01,Insectes observés
1071,2025-08-08,Plante en bonne santé
1071,2025-10-01,Croissance rapide
530,2025-10-22,Plante en bonne santé
62,2025-11-14,Feuilles abîmées
62,2025-10-20,Plante en bonne santé
62,2025-10-16,Plante en bonne santé
62,2025-12-30,Insectes observés
62,2025-06-29,Insectes observés
824,2025-10-11,Croissance rapide
848,2025-07-10,Signes de stress hydrique
848,2025-12-09,Feuilles abîmées
848,2025-09-02,Plante en bonne santé
848,2025-07-20,Croissance rapide
147,2025-08-23,Feuilles abîmées
1093,2025-09-25,Insectes observés
363,2025-06-08,Signes de stress hydrique
363,2025-06-16,Croissance rapide
363,2025-09-17,Insectes observés
363,2025-06-13,Plante en bonne santé
363,2025-06-21,Plante en bonne santé
1124,2025-09-12,Insectes observés
1124,2025-06-04,Croissance rapide
1124,2025-10-16,Feuilles abîmées
189,2025-09-15,Feuilles abîmées
189,2025-11-24,Croissance rapide
189,2025-12-30,Signes de stress hydrique
189,2025-07-11,Plante en bonne santé
122,2025-06-28,Insectes observés
122,2025-09-15,Croissance rapide
122,2025-11-01,Croissance rapide
613,2025-11-13,Feuilles abîmées
613,2025-09-21,Feuilles abîmées
613,2025-11-23,Feuilles abîmées
613,2025-06-22,Feuilles abîmées
613,2025-11-22,Insectes observés
527,2025-07-30,Signes de stress hydrique
527,2025-10-15,Plante en bonne santé
689,2025-10-15,Plante en bonne santé
689,2025-06-02,Feuilles abîmées
689,2025-11-06,Signes de stress hydrique
689,2025-08-03,Feuilles abîmées
689,2025-10-06,Feuilles abîmées
717,2025-07-03,Feuilles abîmées
717,2025-06-10,Croissance rapide
717,2025-07-29,Feuilles abîmées
717,2025-08-16,Insectes observés
717,2025-12-28,Insectes observés
947,2025-06-03,Signes de stress hydrique
947,2025-06-17,Feuilles abîmées
423,2025-07-31,Croissance rapide
423,2025-10-15,Croissance rapide
423,2025-11-04,Feuilles abîmées
423,2025-09-01,Insectes observés
423,2025-11-26,Plante en bonne santé
226,2025-08-03,Croissance rapide
226,2025-12-17,Croissance rapide
1040,2025-09-08,Signes de stress hydrique
1040,2025-08-26,Feuilles abîmées
1040,2025-07-12,Insectes observés
1040,2025-07-10,Plante en bonne santé
1040,2025-08-03,Croissance rapide
1115,2025-07-25,Plante en bonne santé
943,2025-08-04,Plante en bonne santé
740,2025-12-04,Croissance rapide
740,2025-09-30,Plante en bonne santé
740,2025-12-19,Croissance rapide
740,2025-12-18,Insectes observés
496,2025-08-15,Croissance rapide
496,2025-12-19,Croissance rapide
496,2025-09-30,Signes de stress hydrique
496,2025-10-23,Plante en bonne santé
496,2025-08-19,Croissance rapide
120,2025-08-27,Insectes observés
120,2025-06-06,Insectes observés
120,2025-09-11,Croissance rapide
120,2025-11-24,Signes de stress hydrique
120,2025-06-22,Plante en bonne santé
862,2025-12-12,Insectes observés
953,2025-12-12,Signes de stress hydrique
953,2025-10-24,Croissance rapide
953,2025-11-30,Signes de stress hydrique
1066,2025-09-13,Insectes observés
1066,2025-11-11,Feuilles abîmées
1066,2025-11-23,Insectes observés
46,2025-07-27,Insectes observés
46,2025-10-29,Signes de stress hydrique
46,2025-12-21,Insectes observés
46,2025-08-28,Croissance rapide
600,2025-07-05,Croissance rapide
600,2025-08-02,Plante en bonne santé
600,2025-07-10,Plante en bonne santé
600,2025-09-13,Plante en bonne santé
377,2025-11-01,Insectes observés
611,2025-10-31,Feuilles abîmées
870,2025-09-08,Feuilles abîmées
870,2025-12-19,Plante en bonne santé
870,2025-12-09,Signes de stress hydrique
273,2025-11-01,Feuilles abîmées
273,2025-07-15,Croissance rapide
273,2025-10-30,Signes de stress hydrique
273,2025-06-05,Insectes observés
272,2025-12-22,Feuilles abîmées
272,2025-09-16,Insectes observés
272,2025-06-26,Signes de stress hydrique
818,2025-09-04,Plante en bonne santé
818,2025-07-24,Insectes observés
818,2025-07-08,Feuilles abîmées
857,2025-10-24,Croissance rapide
857,2025-07-27,Signes de stress hydrique
857,2025-10-20,Plante en bonne santé
1074,2025-08-13,Feuilles abîmées
1074,2025-10-11,Insectes observés
1074,2025-12-12,Signes de stress hydrique
688,2025-07-04,Plante en bonne santé
515,2025-11-16,Feuilles abîmées
515,2025-10-26,Insectes observés
515,2025-07-12,Feuilles abîmées
390,2025-09-30,Feuilles abîmées
390,2025-11-20,Plante en bonne santé
390,2025-09-17,Croissance rapide
390,2025-12-12,Insectes observés
390,2025-06-09,Signes de stress hydrique
731,2025-11-07,Plante en bonne santé
312,2025-08-18,Feuilles abîmées
312,2025-08-03,Signes de stress hydrique
312,2025-12-05,Croissance rapide
312,2025-08-29,Signes de stress hydrique
312,2025-12-24,Plante en bonne santé
739,2025-11-28,Plante en bonne santé
739,2025-11-05,Signes de stress hydrique
739,2025-09-22,Croissance rapide
660,2025-12-19,Feuilles abîmées
134,2025-11-24,Plante en bonne santé
134,2025-10-17,Croissance rapide
134,2025-11-17,Signes de stress hydrique
134,2025-09-27,Feuilles abîmées
134,2025-11-19,Insectes observés
699,2025-08-20,Feuilles abîmées
820,2025-08-21,Croissance rapide
820,2025-06-30,Croissance rapide
820,2025-11-18,Insectes observés
820,2025-06-11,Feuilles abîmées
41,2025-09-05,Plante en bonne santé
41,2025-09-18,Feuilles abîmées
41,2025-09-29,Signes de stress hydrique
351,2025-10-16,Croissance rapide
351,2025-08-26,Signes de stress hydrique
351,2025-08-16,Signes de stress hydrique
1140,2025-08-02,Signes de stress hydrique
1140,2025-07-20,Signes de stress hydrique
1140,2025-09-24,Croissance rapide
1140,2025-07-25,Plante en bonne santé
1140,2025-09-19,Signes de stress hydrique
320,2025-10-25,Insectes observés
320,2025-09-05,Plante en bonne santé
320,2025-06-23,Feuilles abîmées
506,2025-09-03,Feuilles abîmées
300,2025-10-12,Signes de stress hydrique
300,2025-06-14,Signes de stress hydrique
300,2025-06-09,Plante en bonne santé
300,2025-09-27,Insectes observés
300,2025-07-20,Feuilles abîmées
1044,2025-10-21,Croissance rapide
1044,2025-09-08,Feuilles abîmées
1044,2025-07-18,Insectes observés
425,2025-12-02,Insectes observés
425,2025-09-13,Plante en bonne santé
1049,2025-07-05,Feuilles abîmées
16,2025-12-16,Plante en bonne santé
16,2025-06-09,Insectes observés
1031,2025-06-09,Insectes observés
1031,2025-07-18,Signes de stress hydrique
1031,2025-08-12,Insectes observés
812,2025-11-27,Signes de stress hydrique
812,2025-11-28,Croissance rapide
1185,2025-11-25,Feuilles abîmées
1185,2025-07-23,Croissance rapide
1185,2025-09-18,Croissance rapide
1185,2025-07-04,Croissance rapide
684,2025-11-02,Insectes observés
415,2025-12-24,Croissance rapide
253,2025-06-29,Plante en bonne santé
253,2025-07-15,Insectes observés
20,2025-07-26,Feuilles abîmées
20,2025-06-18,Feuilles abîmées
20,2025-07-29,Signes de stress hydrique
20,2025-09-17,Croissance rapide
698,2025-12-10,Feuilles abîmées
698,2025-10-25,Feuilles abîmées
698,2025-10-12,Insectes observés
698,2025-12-18,Feuilles abîmées
158,2025-06-25,Feuilles abîmées
158,2025-06-17,Plante en bonne santé
158,2025-09-26,Insectes observés
158,2025-06-19,Feuilles abîmées
158,2025-11-02,Feuilles abîmées
633,2025-07-03,Feuilles abîmées
633,2025-06-06,Signes de stress hydrique
633,2025-10-30,Feuilles abîmées
633,2025-09-18,Insectes observés
633,2025-09-12,Feuilles abîmées
498,2025-11-12,Insectes observés
498,2025-10-16,Croissance rapide
498,2025-07-16,Signes de stress hydrique
435,2025-12-24,Signes de stress hydrique
435,2025-09-10,Feuilles abîmées
501,2025-12-04,Croissance rapide
501,2025-11-12,Croissance rapide
501,2025-11-22,Plante en bonne santé
501,2025-11-28,Feuilles abîmées
521,2025-09-17,Plante en bonne santé
521,2025-08-05,Croissance rapide
521,2025-12-08,Plante en bonne santé
311,2025-12-26,Insectes observés
807,2025-07-17,Insectes observés
942,2025-09-09,Insectes observés
159,2025-12-16,Plante en bonne santé
159,2025-11-09,Plante en bonne santé
159,2025-06-11,Croissance rapide
25,2025-10-13,Signes de stress hydrique
25,2025-08-29,Croissance rapide
25,2025-07-22,Croissance rapide
25,2025-07-01,Feuilles abîmées
876,2025-10-07,Insectes observés
876,2025-08-23,Plante en bonne santé
876,2025-06-23,Feuilles abîmées
876,2025-07-21,Insectes observés
197,2025-07-06,Feuilles abîmées
197,2025-12-08,Signes de stress hydrique
1083,2025-10-01,Signes de stress hydrique
93,2025-07-19,Feuilles abîmées
93,2025-09-30,Signes de stress hydrique
93,2025-07-07,Croissance rapide
93,2025-06-15,Croissance rapide
409,2025-07-28,Signes de stress hydrique
409,2025-09-21,Croissance rapide
409,2025-06-01,Croissance rapide
409,2025-10-09,Insectes observés
504,2025-07-14,Plante en bonne santé
504,2025-07-01,Croissance rapide
504,2025-09-20,Signes de stress hydrique
52,2025-06-07,Signes de stress hydrique
52,2025-09-13,Signes de stress hydrique
52,2025-06-25,Insectes observés
711,2025-10-21,Croissance rapide
711,2025-08-20,Insectes observés
711,2025-12-06,Feuilles abîmées
711,2025-06-01,Signes de stress hydrique
711,2025-10-02,Plante en bonne santé
384,2025-06-30,Croissance rapide
840,2025-09-22,Insectes observés
840,2025-11-12,Croissance rapide
840,2025-12-01,Feuilles abîmées
840,2025-09-03,Insectes observés
33,2025-09-30,Signes de stress hydrique
33,2025-09-11,Croissance rapide
33,2025-12-18,Croissance rapide
33,2025-09-26,Signes de stress hydrique
33,2025-06-13,Croissance rapide
756,2025-07-08,Insectes observés
756,2025-07-15,Insectes observés
756,2025-11-05,Feuilles abîmées
756,2025-11-08,Plante en bonne santé
756,2025-10-26,Plante en bonne santé
854,2025-11-07,Insectes observés
854,2025-10-30,Signes de stress hydrique
854,2025-10-06,Insectes observés
592,2025-10-04,Signes de stress hydrique
592,2025-09-29,Feuilles abîmées
592,2025-09-03,Croissance rapide
592,2025-08-16,Feuilles abîmées
525,2025-08-17,Insectes observés
525,2025-08-10,Plante en bonne santé
525,2025-11-26,Insectes observés
525,2025-09-15,Insectes observés
982,2025-11-21,Insectes observés
982,2025-10-29,Insectes observés
982,2025-06-15,Croissance rapide
461,2025-10-29,Signes de stress hydrique
461,2025-10-04,Feuilles abîmées
723,2025-06-01,Signes de stress hydrique
723,2025-09-02,Signes de stress hydrique
2,2025-10-12,Feuilles abîmées
2,2025-06-27,Signes de stress hydrique
2,2025-06-02,Feuilles abîmées
2,2025-06-04,Plante en bonne santé
412,2025-12-14,Signes de stress hydrique
412,2025-07-21,Croissance rapide
544,2025-09-22,Croissance rapide
544,2025-08-16,Croissance rapide
544,2025-10-19,Croissance rapide
544,2025-07-20,Feuilles abîmées
614,2025-11-27,Insectes observés
614,2025-10-26,Feuilles abîmées
614,2025-12-26,Insectes observés
614,2025-10-22,Croissance rapide
614,2025-08-24,Plante en bonne santé
115,2025-07-15,Croissance rapide
115,2025-10-13,Feuilles abîmées
115,2025-09-09,Plante en bonne santé
200,2025-07-19,Plante en bonne santé
200,2025-11-07,Insectes observés
855,2025-06-15,Feuilles abîmées
855,2025-09-20,Plante en bonne santé
855,2025-06-09,Croissance rapide
956,2025-10-01,Feuilles abîmées
956,2025-07-20,Signes de stress hydrique
557,2025-07-18,Insectes observés
557,2025-12-16,Plante en bonne santé
3,2025-08-12,Signes de stress hydrique
3,2025-09-14,Signes de stress hydrique
517,2025-09-06,Plante en bonne santé
517,2025-09-02,Signes de stress hydrique
517,2025-06-07,Plante en bonne santé
256,2025-10-05,Plante en bonne santé
725,2025-06-14,Plante en bonne santé
725,2025-07-21,Plante en bonne santé
725,2025-11-09,Insectes observés
725,2025-11-24,Croissance rapide
170,2025-06-02,Croissance rapide
170,2025-09-26,Croissance rapide
170,2025-11-17,Feuilles abîmées
170,2025-10-18,Feuilles abîmées
1003,2025-11-09,Croissance rapide
1003,2025-10-30,Feuilles abîmées
1003,2025-09-20,Plante en bonne santé
974,2025-10-03,Croissance rapide
974,2025-09-14,Signes de stress hydrique
974,2025-10-20,Insectes observés
974,2025-11-26,Plante en bonne santé
974,2025-06-17,Signes de stress hydrique
418,2025-07-01,Croissance rapide
887,2025-12-02,Signes de stress hydrique
196,2025-12-12,Signes de stress hydrique
196,2025-09-30,Feuilles abîmées
196,2025-06-12,Signes de stress hydrique
196,2025-12-24,Feuilles abîmées
196,2025-08-24,Insectes observés
231,2025-10-08,Croissance rapide
231,2025-07-10,Insectes observés
231,2025-10-21,Feuilles abîmées
1188,2025-11-19,Insectes observés
433,2025-06-12,Feuilles abîmées
923,2025-12-15,Signes de stress hydrique
923,2025-11-04,Plante en bonne santé
562,2025-10-01,Plante en bonne santé
562,2025-08-03,Plante en bonne santé
562,2025-12-29,Feuilles abîmées
397,2025-07-04,Croissance rapide
397,2025-07-27,Plante en bonne santé
397,2025-11-03,Signes de stress hydrique
397,2025-08-14,Signes de stress hydrique
242,2025-12-01,Croissance rapide
242,2025-06-10,Insectes observés
1036,2025-09-29,Plante en bonne santé
1036,2025-10-04,Insectes observés
1036,2025-06-03,Insectes observés
1036,2025-07-21,Signes de stress hydrique
263,2025-07-21,Insectes observés
249,2025-11-24,Insectes observés
249,2025-07-20,Insectes observés
249,2025-08-21,Feuilles abîmées
249,2025-08-01,Plante en bonne santé
821,2025-09-17,Plante en bonne santé
821,2025-08-07,Croissance rapide
821,2025-07-13,Croissance rapide
821,2025-12-19,Plante en bonne santé
821,2025-06-29,Signes de stress hydrique
136,2025-09-18,Feuilles abîmées
136,2025-12-01,Plante en bonne santé
335,2025-06-29,Plante en bonne santé
335,2025-09-06,Insectes observés
335,2025-09-08,Plante en bonne santé
335,2025-12-14,Signes de stress hydrique
335,2025-10-05,Feuilles abîmées
42,2025-10-25,Insectes observés
42,2025-12-20,Plante en bonne santé
42,2025-09-22,Insectes observés
42,2025-07-24,Feuilles abîmées
96,2025-10-23,Signes de stress hydrique
96,2025-12-06,Insectes observés
96,2025-11-02,Feuilles abîmées
96,2025-08-27,Plante en bonne santé
839,2025-12-25,Signes de stress hydrique
839,2025-12-26,Insectes observés
839,2025-08-09,Feuilles abîmées
29,2025-06-23,Insectes observés
29,2025-11-12,Signes de stress hydrique
208,2025-09-28,Insectes observés
208,2025-07-02,Plante en bonne santé
295,2025-08-14,Signes de stress hydrique
295,2025-07-14,Feuilles abîmées
295,2025-09-29,Insectes observés
295,2025-07-06,Feuilles abîmées
988,2025-09-15,Signes de stress hydrique
988,2025-10-03,Insectes observés
988,2025-12-16,Feuilles abîmées
1008,2025-06-30,Plante en bonne santé
1008,2025-11-01,Feuilles abîmées
1008,2025-07-19,Croissance rapide
1008,2025-10-19,Insectes observés
1008,2025-07-27,Insectes observés
195,2025-11-27,Croissance rapide
195,2025-07-28,Croissance rapide
195,2025-10-14,Insectes observés
74,2025-06-18,Signes de stress hydrique
828,2025-09-10,Insectes observés
828,2025-07-31,Signes de stress hydrique
828,2025-08-28,Feuilles abîmées
1127,2025-06-28,Feuilles abîmées
1127,2025-11-14,Croissance rapide
1127,2025-11-26,Feuilles abîmées
1127,2025-07-19,Feuilles abîmées
853,2025-07-18,Croissance rapide
853,2025-12-20,Insectes observés
853,2025-09-06,Feuilles abîmées
274,2025-12-09,Insectes observés
274,2025-06-15,Croissance rapide
274,2025-12-21,Plante en bonne santé
274,2025-06-04,Croissance rapide
274,2025-10-31,Croissance rapide
1007,2025-06-12,Plante en bonne santé
1007,2025-12-09,Feuilles abîmées
1007,2025-07-08,Croissance rapide
1007,2025-07-17,Feuilles abîmées
622,2025-07-02,Feuilles abîmées
622,2025-08-23,Insectes observés
622,2025-07-03,Plante en bonne santé
622,2025-10-11,Feuilles abîmées
622,2025-09-04,Signes de stress hydrique
262,2025-09-10,Insectes observés
262,2025-07-30,Croissance rapide
262,2025-07-01,Signes de stress hydrique
262,2025-07-27,Insectes observés
389,2025-10-31,Signes de stress hydrique
389,2025-07-28,Insectes observés
389,2025-06-30,Feuilles abîmées
79,2025-07-08,Croissance rapide
577,2025-07-08,Insectes observés
577,2025-11-27,Plante en bonne santé
400,2025-12-14,Feuilles abîmées
400,2025-12-20,Plante en bonne santé
400,2025-12-30,Plante en bonne santé
227,2025-08-04,Feuilles abîmées
227,2025-07-12,Insectes observés
227,2025-11-29,Croissance rapide
227,2025-07-05,Feuilles abîmées
227,2025-09-04,Plante en bonne santé
317,2025-11-19,Signes de stress hydrique
317,2025-09-01,Feuilles abîmées
317,2025-06-06,Feuilles abîmées
317,2025-06-02,Feuilles abîmées
317,2025-12-03,Feuilles abîmées
677,2025-09-20,Croissance rapide
785,2025-10-08,Insectes observés
858,2025-06-27,Plante en bonne santé
858,2025-10-30,Feuilles abîmées
858,2025-09-17,Feuilles abîmées
858,2025-07-02,Insectes observés
858,2025-07-08,Feuilles abîmées
951,2025-11-10,Feuilles abîmées
484,2025-08-02,Plante en bonne santé
484,2025-09-27,Feuilles abîmées
484,2025-09-12,Plante en bonne santé
51,2025-08-10,Feuilles abîmées
319,2025-12-16,Feuilles abîmées
319,2025-12-13,Insectes observés
319,2025-09-27,Signes de stress hydrique
319,2025-08-20,Signes de stress hydrique
319,2025-06-21,Croissance rapide
485,2025-09-04,Feuilles abîmées
485,2025-12-07,Croissance rapide
485,2025-10-04,Feuilles abîmées
243,2025-10-15,Croissance rapide
1122,2025-10-01,Plante en bonne santé
1122,2025-12-25,Croissance rapide
492,2025-09-25,Plante en bonne santé
492,2025-06-10,Croissance rapide
598,2025-10-08,Signes de stress hydrique
598,2025-09-21,Insectes observés
598,2025-08-08,Insectes observés
767,2025-12-24,Croissance rapide
767,2025-11-26,Plante en bonne santé
767,2025-07-14,Feuilles abîmées
767,2025-06-05,Croissance rapide
1068,2025-10-06,Insectes observés
1068,2025-11-17,Insectes observés
1068,2025-08-13,Feuilles abîmées
238,2025-09-21,Insectes observés
90,2025-06-05,Croissance rapide
90,2025-06-10,Plante en bonne santé
90,2025-10-13,Signes de stress hydrique
1143,2025-09-05,Insectes observés
44,2025-07-27,Croissance rapide
175,2025-08-15,Signes de stress hydrique
175,2025-11-01,Plante en bonne santé
175,2025-06-17,Insectes observés
813,2025-08-01,Plante en bonne santé
813,2025-08-08,Feuilles abîmées
930,2025-08-02,Feuilles abîmées
930,2025-08-08,Croissance rapide
26,2025-06-18,Signes de stress hydrique
26,2025-07-12,Signes de stress hydrique
26,2025-11-21,Signes de stress hydrique
26,2025-11-17,Feuilles abîmées
26,2025-10-19,Croissance rapide
833,2025-12-13,Croissance rapide
491,2025-08-08,Insectes observés
491,2025-12-28,Croissance rapide
491,2025-12-04,Croissance rapide
491,2025-09-06,Croissance rapide
491,2025-11-15,Plante en bonne santé
160,2025-10-28,Plante en bonne santé
160,2025-07-09,Plante en bonne santé
230,2025-08-27,Insectes observés
230,2025-08-13,Signes de stress hydrique
230,2025-09-19,Signes de stress hydrique
230,2025-07-08,Plante en bonne santé
230,2025-11-03,Croissance rapide
310,2025-09-19,Croissance rapide
310,2025-06-07,Signes de stress hydrique
404,2025-11-03,Plante en bonne santé
404,2025-07-25,Plante en bonne santé
404,2025-08-26,Signes de stress hydrique
447,2025-06-07,Feuilles abîmées
447,2025-07-07,Plante en bonne santé
447,2025-10-16,Signes de stress hydrique
239,2025-09-11,Signes de stress hydrique
239,2025-11-07,Feuilles abîmées
239,2025-08-23,Plante en bonne santé
239,2025-07-12,Signes de stress hydrique
239,2025-06-08,Croissance rapide
348,2025-10-28,Signes de stress hydrique
421,2025-12-04,Plante en bonne santé
421,2025-10-04,Plante en bonne santé
421,2025-11-13,Signes de stress hydrique
1061,2025-08-12,Signes de stress hydrique
444,2025-11-23,Insectes observés
444,2025-08-17,Plante en bonne santé
444,2025-09-11,Croissance rapide
444,2025-11-18,Feuilles abîmées
444,2025-12-30,Plante en bonne santé
142,2025-09-19,Plante en bonne santé
142,2025-06-24,Feuilles abîmées
142,2025-12-29,Insectes observés
1121,2025-07-09,Insectes observés
1121,2025-09-01,Insectes observés
1121,2025-06-04,Signes de stress hydrique
1121,2025-08-14,Croissance rapide
881,2025-09-04,Croissance rapide
881,2025-12-03,Insectes observés
881,2025-11-29,Feuilles abîmées
881,2025-08-08,Feuilles abîmées
881,2025-11-17,Insectes observés
610,2025-11-26,Plante en bonne santé
610,2025-06-29,Croissance rapide
206,2025-09-25,Insectes observés
206,2025-10-17,Plante en bonne santé
741,2025-06-03,Feuilles abîmées
741,2025-12-11,Feuilles abîmées
787,2025-11-05,Insectes observés
787,2025-12-28,Croissance rapide
787,2025-11-07,Croissance rapide
787,2025-09-06,Plante en bonne santé
787,2025-06-24,Feuilles abîmées
284,2025-09-12,Insectes observés
284,2025-12-06,Signes de stress hydrique
584,2025-08-28,Insectes observés
584,2025-10-05,Plante en bonne santé
584,2025-07-06,Feuilles abîmées
584,2025-06-29,Croissance rapide
727,2025-09-23,Plante en bonne santé
727,2025-12-22,Croissance rapide
727,2025-08-17,Signes de stress hydrique
430,2025-08-12,Croissance rapide
649,2025-07-05,Croissance rapide
649,2025-07-18,Feuilles abîmées
649,2025-08-19,Feuilles abîmées
649,2025-06-16,Feuilles abîmées
649,2025-09-06,Plante en bonne santé
355,2025-06-27,Croissance rapide
355,2025-06-18,Croissance rapide
355,2025-12-17,Insectes observés
355,2025-09-25,Feuilles abîmées
1085,2025-10-07,Insectes observés
1085,2025-07-13,Croissance rapide
1085,2025-11-02,Signes de stress hydrique
1085,2025-08-04,Croissance rapide
587,2025-07-24,Signes de stress hydrique
587,2025-09-18,Signes de stress hydrique
587,2025-09-06,Signes de stress hydrique
587,2025-08-19,Plante en bonne santé
587,2025-12-17,Insectes observés
69,2025-12-20,Insectes observés
69,2025-12-27,Feuilles abîmées
671,2025-07-16,Signes de stress hydrique
671,2025-08-12,Insectes observés
671,2025-11-17,Insectes observés
671,2025-06-21,Plante en bonne santé
671,2025-10-15,Croissance rapide
786,2025-08-14,Croissance rapide
786,2025-12-14,Plante en bonne santé
786,2025-11-13,Signes de stress hydrique
591,2025-08-05,Croissance rapide
591,2025-06-12,Insectes observés
514,2025-08-24,Croissance rapide
583,2025-06-28,Signes de stress hydrique
583,2025-07-19,Plante en bonne santé
912,2025-10-06,Signes de stress hydrique
912,2025-07-09,Plante en bonne santé
912,2025-11-29,Plante en bonne santé
912,2025-08-27,Insectes observés
383,2025-09-25,Plante en bonne santé
383,2025-06-25,Plante en bonne santé
383,2025-10-16,Signes de stress hydrique
383,2025-10-23,Signes de stress hydrique
383,2025-07-10,Insectes observés
757,2025-11-24,Signes de stress hydrique
674,2025-11-18,Croissance rapide
674,2025-12-02,Feuilles abîmées
646,2025-10-22,Feuilles abîmées
646,2025-12-30,Insectes observés
646,2025-07-24,Insectes observés
646,2025-10-06,Signes de stress hydrique
646,2025-07-21,Insectes observés
488,2025-10-11,Croissance rapide
488,2025-12-14,Feuilles abîmées
488,2025-11-08,Insectes observés
488,2025-11-12,Insectes observés
488,2025-12-03,Feuilles abîmées
1166,2025-06-23,Plante en bonne santé
1166,2025-08-27,Signes de stress hydrique
1166,2025-08-21,Insectes observés
692,2025-06-04,Croissance rapide
1117,2025-08-31,Signes de stress hydrique
1117,2025-11-13,Croissance rapide
578,2025-07-04,Insectes observés
578,2025-07-18,Croissance rapide
578,2025-10-20,Signes de stress hydrique
578,2025-09-23,Plante en bonne santé
456,2025-11-16,Insectes observés
456,2025-10-27,Plante en bonne santé
738,2025-09-05,Signes de stress hydrique
738,2025-08-07,Insectes observés
738,2025-08-11,Insectes observés
738,2025-10-19,Insectes observés
738,2025-08-17,Feuilles abîmées
66,2025-11-30,Insectes observés
66,2025-07-03,Croissance rapide
66,2025-06-09,Insectes observés
337,2025-08-23,Croissance rapide
1014,2025-12-15,Signes de stress hydrique
1014,2025-08-11,Plante en bonne santé
1014,2025-08-29,Plante en bonne santé
1014,2025-06-14,Plante en bonne santé
1014,2025-09-29,Insectes observés
1051,2025-12-28,Plante en bonne santé
1051,2025-07-25,Plante en bonne santé
1051,2025-12-06,Feuilles abîmées
1051,2025-09-04,Plante en bonne santé
641,2025-07-09,Plante en bonne santé
612,2025-07-09,Croissance rapide
1067,2025-12-17,Insectes observés
1067,2025-07-23,Croissance rapide
1067,2025-12-01,Signes de stress hydrique
1067,2025-10-23,Plante en bonne santé
372,2025-08-15,Insectes observés
372,2025-09-17,Signes de stress hydrique
372,2025-11-30,Croissance rapide
372,2025-09-12,Croissance rapide
276,2025-06-15,Croissance rapide
276,2025-11-26,Plante en bonne santé
1164,2025-08-04,Insectes observés
1164,2025-11-27,Signes de stress hydrique
1164,2025-11-19,Insectes observés
1164,2025-06-10,Plante en bonne santé
1164,2025-08-09,Signes de stress hydrique
978,2025-07-21,Insectes observés
978,2025-08-12,Plante en bonne santé
978,2025-07-22,Plante en bonne santé
1002,2025-09-20,Insectes observés
528,2025-09-22,Insectes observés
451,2025-07-14,Plante en bonne santé
451,2025-10-25,Signes de stress hydrique
451,2025-09-13,Plante en bonne santé
716,2025-07-20,Croissance rapide
54,2025-08-06,Insectes observés
54,2025-07-07,Plante en bonne santé
54,2025-07-20,Signes de stress hydrique
54,2025-07-06,Signes de stress hydrique
428,2025-10-30,Signes de stress hydrique
428,2025-06-10,Signes de stress hydrique
428,2025-07-06,Signes de stress hydrique
428,2025-07-01,Croissance rapide
333,2025-08-19,Croissance rapide
333,2025-10-19,Plante en bonne santé
333,2025-10-28,Insectes observés
333,2025-12-16,Insectes observés
333,2025-10-03,Plante en bonne santé
806,2025-12-25,Plante en bonne santé
806,2025-07-21,Insectes observés
806,2025-11-16,Signes de stress hydrique
806,2025-07-02,Feuilles abîmées
806,2025-12-16,Plante en bonne santé
704,2025-09-09,Signes de stress hydrique
705,2025-12-24,Feuilles abîmées
1022,2025-11-10,Croissance rapide
1022,2025-11-27,Insectes observés
1022,2025-10-02,Signes de stress hydrique
1022,2025-08-17,Feuilles abîmées
1022,2025-12-29,Feuilles abîmées
503,2025-09-24,Croissance rapide
503,2025-09-20,Croissance rapide
503,2025-06-24,Insectes observés
503,2025-07-19,Feuilles abîmées
381,2025-06-17,Feuilles abîmées
381,2025-08-27,Insectes observés
381,2025-06-26,Insectes observés
894,2025-09-08,Croissance rapide
1110,2025-06-22,Plante en bonne santé
1110,2025-11-15,Plante en bonne santé
1110,2025-10-25,Insectes observés
747,2025-09-11,Croissance rapide
747,2025-08-09,Croissance rapide
374,2025-06-25,Plante en bonne santé
374,2025-10-30,Feuilles abîmées
374,2025-06-14,Plante en bonne santé
374,2025-06-30,Signes de stress hydrique
374,2025-10-17,Signes de stress hydrique
1190,2025-10-12,Signes de stress hydrique
1190,2025-08-28,Signes de stress hydrique
1190,2025-09-23,Insectes observés
1190,2025-06-15,Plante en bonne santé
332,2025-11-18,Signes de stress hydrique
332,2025-12-15,Insectes observés
856,2025-07-31,Signes de stress hydrique
856,2025-10-10,Croissance rapide
1138,2025-07-09,Croissance rapide
1138,2025-11-23,Plante en bonne santé
1138,2025-12-17,Croissance rapide
1138,2025-08-26,Insectes observés
98,2025-11-23,Croissance rapide
98,2025-08-15,Insectes observés
446,2025-10-09,Croissance rapide
446,2025-07-25,Signes de stress hydrique
1013,2025-10-22,Feuilles abîmées
281,2025-08-15,Signes de stress hydrique
281,2025-06-20,Feuilles abîmées
281,2025-09-03,Feuilles abîmées
281,2025-10-17,Signes de stress hydrique
100,2025-08-09,Croissance rapide
100,2025-11-09,Plante en bonne santé
1011,2025-10-25,Croissance rapide
1011,2025-11-12,Signes de stress hydrique
1011,2025-07-16,Feuilles abîmées
1011,2025-07-06,Croissance rapide
259,2025-06-27,Feuilles abîmées
259,2025-12-12,Plante en bonne santé
153,2025-12-27,Croissance rapide
153,2025-12-25,Feuilles abîmées
153,2025-09-02,Insectes observés
153,2025-08-16,Signes de stress hydrique
153,2025-07-16,Feuilles abîmées
105,2025-12-04,Croissance rapide
105,2025-07-17,Croissance rapide
105,2025-07-24,Signes de stress hydrique
105,2025-07-30,Signes de stress hydrique
174,2025-10-05,Feuilles abîmées
782,2025-12-30,Signes de stress hydrique
1154,2025-09-03,Insectes observés
1154,2025-11-22,Insectes observés
1154,2025-10-16,Signes de stress hydrique
1154,2025-12-29,Feuilles abîmées
1154,2025-10-23,Feuilles abîmées
1170,2025-08-06,Signes de stress hydrique
1170,2025-11-17,Insectes observés
1170,2025-09-08,Insectes observés
1035,2025-06-06,Croissance rapide
1035,2025-11-08,Feuilles abîmées
1035,2025-12-29,Plante en bonne santé
1035,2025-12-02,Signes de stress hydrique
1035,2025-12-04,Croissance rapide
1116,2025-07-23,Signes de stress hydrique
1116,2025-09-15,Signes de stress hydrique
1116,2025-08-16,Plante en bonne santé
1116,2025-11-29,Plante en bonne santé
576,2025-07-07,Croissance rapide
576,2025-06-04,Feuilles abîmées
990,2025-12-15,Feuilles abîmées
990,2025-12-14,Signes de stress hydrique
929,2025-06-12,Croissance rapide
929,2025-08-04,Feuilles abîmées
880,2025-09-01,Insectes observés
880,2025-11-15,Insectes observés
880,2025-07-02,Feuilles abîmées
880,2025-11-14,Insectes observés
880,2025-10-29,Insectes observés
32,2025-11-10,Insectes observés
32,2025-07-26,Signes de stress hydrique
32,2025-10-07,Croissance rapide
194,2025-09-17,Feuilles abîmées
194,2025-09-04,Croissance rapide
194,2025-11-26,Feuilles abîmées
194,2025-08-13,Insectes observés
194,2025-09-05,Croissance rapide
794,2025-11-04,Signes de stress hydrique
794,2025-08-27,Plante en bonne santé
794,2025-06-11,Insectes observés
555,2025-08-30,Insectes observés
555,2025-06-03,Croissance rapide
555,2025-08-02,Feuilles abîmées
283,2025-11-06,Feuilles abîmées
998,2025-08-24,Croissance rapide
998,2025-12-28,Signes de stress hydrique
998,2025-12-20,Signes de stress hydrique
998,2025-07-06,Plante en bonne santé
998,2025-08-17,Croissance rapide
467,2025-12-25,Feuilles abîmées
17,2025-11-16,Insectes observés
17,2025-08-23,Feuilles abîmées
17,2025-11-27,Feuilles abîmées
17,2025-06-07,Croissance rapide
17,2025-07-10,Feuilles abîmées
897,2025-06-06,Signes de stress hydrique
897,2025-07-30,Feuilles abîmées
897,2025-07-15,Insectes observés
1136,2025-07-24,Insectes observés
1136,2025-10-11,Plante en bonne santé
1136,2025-08-14,Croissance rapide
1136,2025-11-14,Feuilles abîmées
1136,2025-11-10,Signes de stress hydrique
681,2025-10-25,Signes de stress hydrique
681,2025-06-16,Feuilles abîmées
681,2025-09-11,Croissance rapide
681,2025-06-06,Plante en bonne santé
1058,2025-11-22,Insectes observés
1058,2025-06-21,Croissance rapide
1058,2025-12-07,Croissance rapide
1058,2025-08-06,Insectes observés
1091,2025-09-01,Plante en bonne santé
1091,2025-12-02,Signes de stress hydrique
1091,2025-07-17,Plante en bonne santé
1091,2025-11-18,Feuilles abîmées
879,2025-09-24,Signes de stress hydrique
879,2025-09-13,Insectes observés
879,2025-10-12,Insectes observés
879,2025-07-30,Feuilles abîmées
437,2025-07-27,Plante en bonne santé
437,2025-10-12,Plante en bonne santé
437,2025-09-19,Signes de stress hydrique
437,2025-06-23,Signes de stress hydrique
437,2025-10-17,Insectes observés
116,2025-09-03,Feuilles abîmées
116,2025-12-16,Insectes observés
116,2025-10-15,Feuilles abîmées
116,2025-10-28,Feuilles abîmées
596,2025-12-29,Feuilles abîmées
596,2025-08-13,Croissance rapide
596,2025-07-05,Signes de stress hydrique
596,2025-08-06,Insectes observés
322,2025-07-20,Croissance rapide
322,2025-06-15,Signes de stress hydrique
322,2025-07-07,Plante en bonne santé
322,2025-07-04,Plante en bonne santé
187,2025-10-19,Insectes observés
187,2025-12-26,Feuilles abîmées
187,2025-10-16,Insectes observés
187,2025-06-03,Insectes observés
187,2025-08-05,Feuilles abîmées
1025,2025-10-22,Insectes observés
1025,2025-12-24,Plante en bonne santé
783,2025-12-28,Feuilles abîmées
783,2025-07-28,Feuilles abîmées
783,2025-07-24,Croissance rapide
823,2025-09-25,Plante en bonne santé
117,2025-12-23,Feuilles abîmées
117,2025-10-04,Croissance rapide
117,2025-09-22,Signes de stress hydrique
117,2025-10-14,Croissance rapide
734,2025-07-27,Feuilles abîmées
734,2025-08-30,Feuilles abîmées
734,2025-09-04,Feuilles abîmées
734,2025-12-12,Insectes observés
1039,2025-12-23,Signes de stress hydrique
1039,2025-11-21,Feuilles abîmées
1039,2025-12-08,Croissance rapide
1039,2025-10-16,Feuilles abîmées
780,2025-12-13,Signes de stress hydrique
1103,2025-12-12,Plante en bonne santé
1103,2025-11-11,Plante en bonne santé
1103,2025-06-22,Signes de stress hydrique
1103,2025-07-15,Feuilles abîmées
1103,2025-09-09,Feuilles abîmées
481,2025-10-30,Plante en bonne santé
481,2025-07-12,Signes de stress hydrique
481,2025-06-08,Signes de stress hydrique
800,2025-12-20,Insectes observés
800,2025-11-03,Feuilles abîmées
800,2025-11-19,Croissance rapide
210,2025-08-24,Insectes observés
664,2025-07-12,Croissance rapide
664,2025-10-01,Croissance rapide
432,2025-07-01,Signes de stress hydrique
432,2025-11-04,Plante en bonne santé
432,2025-06-24,Signes de stress hydrique
432,2025-06-06,Insectes observés
432,2025-06-03,Plante en bonne santé
353,2025-07-07,Insectes observés
353,2025-10-30,Insectes observés
353,2025-11-21,Insectes observés
353,2025-11-15,Insectes observés
353,2025-10-23,Croissance rapide
597,2025-11-15,Signes de stress hydrique
597,2025-11-12,Feuilles abîmées
597,2025-11-26,Signes de stress hydrique
772,2025-12-06,Plante en bonne santé
772,2025-07-24,Insectes observés
772,2025-10-09,Insectes observés
772,2025-07-07,Feuilles abîmées
772,2025-12-27,Croissance rapide
1162,2025-08-31,Insectes observés
293,2025-12-19,Plante en bonne santé
293,2025-12-03,Insectes observés
921,2025-10-06,Insectes observés
867,2025-12-27,Plante en bonne santé
534,2025-06-30,Signes de stress hydrique
1128,2025-10-28,Feuilles abîmées
1128,2025-07-01,Croissance rapide
1128,2025-07-30,Plante en bonne santé
395,2025-11-25,Plante en bonne santé
395,2025-07-24,Feuilles abîmées
395,2025-07-15,Feuilles abîmées
395,2025-09-26,Feuilles abîmées
1109,2025-07-16,Insectes observés
1109,2025-06-05,Croissance rapide
864,2025-10-17,Feuilles abîmées
1148,2025-07-17,Croissance rapide
1148,2025-08-18,Insectes observés
1148,2025-11-06,Feuilles abîmées
1148,2025-10-22,Feuilles abîmées
1148,2025-10-25,Insectes observés
1090,2025-07-05,Plante en bonne santé
1090,2025-08-02,Signes de stress hydrique
1090,2025-11-30,Insectes observés
1048,2025-08-30,Plante en bonne santé
1048,2025-10-01,Feuilles abîmées
1048,2025-11-30,Croissance rapide
1048,2025-08-27,Signes de stress hydrique
975,2025-06-27,Croissance rapide
975,2025-08-13,Croissance rapide
524,2025-08-22,Signes de stress hydrique
524,2025-12-03,Croissance rapide
524,2025-06-14,Signes de stress hydrique
215,2025-12-22,Feuilles abîmées
215,2025-06-14,Insectes observés
662,2025-07-22,Signes de stress hydrique
662,2025-12-25,Croissance rapide
662,2025-12-14,Insectes observés
292,2025-09-14,Insectes observés
292,2025-06-22,Insectes observés
292,2025-10-25,Signes de stress hydrique
292,2025-07-16,Insectes observés
292,2025-11-02,Plante en bonne santé
309,2025-09-09,Signes de stress hydrique
309,2025-06-01,Insectes observés
309,2025-10-17,Feuilles abîmées
309,2025-09-03,Insectes observés
590,2025-11-25,Feuilles abîmées
57,2025-09-06,Insectes observés
57,2025-12-14,Croissance rapide
315,2025-06-29,Plante en bonne santé
315,2025-07-19,Signes de stress hydrique
315,2025-12-13,Signes de stress hydrique
315,2025-09-24,Feuilles abîmées
493,2025-06-27,Signes de stress hydrique
493,2025-09-12,Insectes observés
667,2025-09-15,Signes de stress hydrique
667,2025-07-31,Signes de stress hydrique
667,2025-11-15,Plante en bonne santé
667,2025-12-30,Feuilles abîmées
656,2025-11-23,Feuilles abîmées
656,2025-12-09,Feuilles abîmées
656,2025-06-26,Plante en bonne santé
778,2025-06-20,Signes de stress hydrique
778,2025-12-03,Insectes observés
778,2025-07-17,Insectes observés
778,2025-11-16,Insectes observés
24,2025-09-13,Feuilles abîmées
736,2025-07-01,Signes de stress hydrique
736,2025-12-19,Signes de stress hydrique
736,2025-12-30,Plante en bonne santé
736,2025-08-17,Signes de stress hydrique
882,2025-12-10,Plante en bonne santé
882,2025-08-10,Feuilles abîmées
882,2025-07-04,Plante en bonne santé
882,2025-09-18,Plante en bonne santé
987,2025-07-30,Insectes observés
710,2025-10-25,Croissance rapide
710,2025-07-26,Croissance rapide
710,2025-12-06,Signes de stress hydrique
710,2025-08-16,Insectes observés
845,2025-11-16,Signes de stress hydrique
845,2025-09-08,Signes de stress hydrique
845,2025-08-28,Plante en bonne santé
845,2025-11-19,Feuilles abîmées
331,2025-07-31,Plante en bonne santé
331,2025-08-05,Signes de stress hydrique
331,2025-12-21,Plante en bonne santé
331,2025-08-08,Signes de stress hydrique
1059,2025-09-14,Signes de stress hydrique
1059,2025-09-24,Plante en bonne santé
339,2025-10-30,Plante en bonne santé
339,2025-07-24,Plante en bonne santé
339,2025-10-12,Plante en bonne santé
339,2025-07-12,Croissance rapide
339,2025-11-23,Plante en bonne santé
753,2025-11-10,Croissance rapide
753,2025-10-21,Insectes observés
753,2025-09-18,Signes de stress hydrique
753,2025-10-03,Plante en bonne santé
753,2025-12-04,Signes de stress hydrique
575,2025-10-21,Insectes observés
575,2025-12-21,Feuilles abîmées
575,2025-06-21,Croissance rapide
575,2025-08-09,Insectes observés
575,2025-11-27,Plante en bonne santé
899,2025-07-15,Signes de stress hydrique
969,2025-09-14,Croissance rapide
969,2025-11-20,Plante en bonne santé
969,2025-12-09,Croissance rapide
969,2025-07-02,Signes de stress hydrique
969,2025-12-07,Insectes observés
580,2025-10-13,Plante en bonne santé
540,2025-07-30,Signes de stress hydrique
540,2025-07-14,Feuilles abîmées
540,2025-08-29,Feuilles abîmées
540,2025-10-21,Feuilles abîmées
958,2025-11-13,Feuilles abîmées
958,2025-11-23,Insectes observés
958,2025-08-18,Insectes observés
958,2025-10-07,Signes de stress hydrique
958,2025-09-29,Feuilles abîmées
919,2025-10-06,Plante en bonne santé
919,2025-08-16,Croissance rapide
919,2025-07-24,Croissance rapide
572,2025-09-27,Signes de stress hydrique
572,2025-12-23,Plante en bonne santé
572,2025-11-02,Insectes observés
572,2025-10-18,Signes de stress hydrique
229,2025-06-27,Signes de stress hydrique
229,2025-08-31,Croissance rapide
229,2025-07-16,Feuilles abîmées
229,2025-12-24,Feuilles abîmées
229,2025-09-23,Signes de stress hydrique
163,2025-11-26,Plante en bonne santé
163,2025-07-15,Croissance rapide
163,2025-07-18,Insectes observés
163,2025-07-21,Feuilles abîmées
1156,2025-11-28,Croissance rapide
995,2025-06-10,Plante en bonne santé
995,2025-06-30,Plante en bonne santé
995,2025-07-08,Croissance rapide
995,2025-08-12,Croissance rapide
995,2025-11-11,Plante en bonne santé
810,2025-08-24,Croissance rapide
810,2025-10-01,Signes de stress hydrique
810,2025-11-29,Croissance rapide
810,2025-12-23,Feuilles abîmées
810,2025-07-04,Signes de stress hydrique
1132,2025-12-03,Plante en bonne santé
1132,2025-09-06,Signes de stress hydrique
1132,2025-07-29,Feuilles abîmées
131,2025-10-07,Plante en bonne santé
131,2025-11-19,Croissance rapide
131,2025-07-27,Croissance rapide
131,2025-12-24,Plante en bonne santé
686,2025-08-03,Feuilles abîmées
846,2025-08-25,Signes de stress hydrique
846,2025-06-13,Signes de stress hydrique
1123,2025-10-04,Signes de stress hydrique
1123,2025-09-19,Insectes observés
453,2025-09-02,Insectes observés
453,2025-09-11,Feuilles abîmées
453,2025-08-23,Insectes observés
526,2025-11-02,Croissance rapide
526,2025-12-20,Croissance rapide
526,2025-08-16,Signes de stress hydrique
762,2025-06-26,Feuilles abîmées
938,2025-11-13,Signes de stress hydrique
938,2025-07-18,Signes de stress hydrique
938,2025-07-14,Insectes observés
938,2025-12-04,Signes de stress hydrique
1026,2025-12-30,Insectes observés
419,2025-08-13,Plante en bonne santé
419,2025-11-07,Croissance rapide
218,2025-09-08,Croissance rapide
218,2025-09-10,Insectes observés
218,2025-06-29,Insectes observés
218,2025-06-03,Plante en bonne santé
218,2025-12-03,Plante en bonne santé
907,2025-06-05,Feuilles abîmées
907,2025-07-18,Croissance rapide
1070,2025-07-10,Insectes observés
1070,2025-08-05,Feuilles abîmées
1070,2025-12-13,Feuilles abîmées
1070,2025-10-08,Insectes observés
1070,2025-08-16,Feuilles abîmées
1019,2025-07-17,Croissance rapide
1019,2025-12-18,Insectes observés
1019,2025-09-09,Feuilles abîmées
240,2025-12-12,Signes de stress hydrique
240,2025-11-21,Signes de stress hydrique
240,2025-09-22,Feuilles abîmées
133,2025-07-21,Insectes observés
133,2025-07-10,Feuilles abîmées
133,2025-09-04,Insectes observés
133,2025-06-13,Signes de stress hydrique
133,2025-10-25,Insectes observés
1152,2025-10-30,Insectes observés
1152,2025-09-10,Croissance rapide
1152,2025-08-14,Croissance rapide
1152,2025-09-04,Feuilles abîmées
1152,2025-11-16,Signes de stress hydrique
472,2025-11-17,Insectes observés
472,2025-06-15,Croissance rapide
472,2025-07-25,Signes de stress hydrique
852,2025-11-09,Signes de stress hydrique
852,2025-09-09,Feuilles abîmées
852,2025-07-12,Croissance rapide
852,2025-12-10,Signes de stress hydrique
852,2025-09-22,Insectes observés
48,2025-12-26,Signes de stress hydrique
48,2025-08-30,Insectes observés
410,2025-07-02,Signes de stress hydrique
410,2025-09-25,Feuilles abîmées
410,2025-06-17,Plante en bonne santé
410,2025-06-24,Croissance rapide
410,2025-06-07,Croissance rapide
97,2025-12-21,Signes de stress hydrique
97,2025-09-25,Feuilles abîmées
507,2025-10-21,Insectes observés
507,2025-11-25,Plante en bonne santé
507,2025-11-15,Signes de stress hydrique
507,2025-06-17,Signes de stress hydrique
1050,2025-10-05,Plante en bonne santé
1012,2025-11-13,Feuilles abîmées
1012,2025-07-28,Signes de stress hydrique
1012,2025-08-06,Croissance rapide
1012,2025-06-16,Plante en bonne santé
35,2025-06-19,Croissance rapide
35,2025-08-31,Croissance rapide
35,2025-06-14,Croissance rapide
35,2025-08-26,Signes de stress hydrique
781,2025-08-22,Signes de stress hydrique
781,2025-09-15,Insectes observés
781,2025-11-02,Signes de stress hydrique
781,2025-06-11,Croissance rapide
193,2025-07-16,Croissance rapide
193,2025-08-21,Feuilles abîmées
193,2025-10-09,Feuilles abîmées
193,2025-09-12,Croissance rapide
270,2025-10-25,Feuilles abîmées
270,2025-09-18,Croissance rapide
655,2025-11-04,Signes de stress hydrique
655,2025-07-07,Insectes observés
655,2025-12-29,Plante en bonne santé
965,2025-09-16,Plante en bonne santé
361,2025-12-02,Plante en bonne santé
1009,2025-07-09,Croissance rapide
1009,2025-12-09,Plante en bonne santé
1009,2025-06-01,Feuilles abîmées
393,2025-07-28,Croissance rapide
393,2025-07-04,Croissance rapide
393,2025-06-08,Feuilles abîmées
393,2025-09-20,Plante en bonne santé
393,2025-07-08,Feuilles abîmées
837,2025-10-29,Signes de stress hydrique
837,2025-12-13,Signes de stress hydrique
837,2025-09-20,Insectes observés
837,2025-12-30,Feuilles abîmées
837,2025-07-29,Plante en bonne santé
167,2025-12-01,Signes de stress hydrique
167,2025-10-26,Feuilles abîmées
167,2025-12-19,Feuilles abîmées
167,2025-06-25,Croissance rapide
167,2025-12-12,Feuilles abîmées
77,2025-10-18,Signes de stress hydrique
77,2025-10-16,Plante en bonne santé
77,2025-10-06,Feuilles abîmées
77,2025-11-01,Feuilles abîmées
77,2025-12-03,Croissance rapide
791,2025-12-22,Signes de stress hydrique
791,2025-06-24,Signes de stress hydrique
791,2025-07-01,Croissance rapide
791,2025-07-16,Insectes observés
750,2025-09-25,Signes de stress hydrique
750,2025-09-07,Plante en bonne santé
184,2025-12-01,Insectes observés
184,2025-10-09,Plante en bonne santé
184,2025-11-18,Plante en bonne santé
184,2025-06-16,Feuilles abîmées
265,2025-06-27,Plante en bonne santé
