id_interne_plant,date,longueur,largeur,superficie,note
92,2025-08-19,176.00,440.00,77440.0000,Plante un peu croche
92,2025-10-04,658.00,614.00,404012.0000,Un chevreuil est passé par là
92,2025-10-31,632.00,34.00,21488.0000,Goute très bon
92,2025-10-18,290.00,284.00,82360.0000,Plante un peu croche
92,2025-10-07,283.00,562.00,159046.0000,Belle forme pour celle-ci!
92,2025-07-21,921.00,187.00,172227.0000,Super belle plante
92,2025-09-07,493.00,587.00,289391.0000,Un chevreuil est passé par là
478,2025-08-29,216.00,261.00,56376.0000,Un chevreuil est passé par là
478,2025-06-12,254.00,408.00,103632.0000,Belle forme pour celle-ci!
478,2025-09-17,383.00,413.00,158179.0000,Un chevreuil est passé par là
478,2025-12-23,765.00,747.00,571455.0000,Belle forme pour celle-ci!
478,2025-09-10,209.00,810.00,169290.0000,Un chevreuil est passé par là
478,2025-10-14,329.00,526.00,173054.0000,Super belle plante
478,2025-12-01,441.00,620.00,273420.0000,Super belle plante
306,2025-08-25,45.00,474.00,21330.0000,Plante un peu croche
306,2025-07-02,424.00,304.00,128896.0000,Goute très bon
1055,2025-10-03,624.00,317.00,197808.0000,Goute très bon
1055,2025-12-24,396.00,35.00,13860.0000,Plante un peu croche
960,2025-07-23,835.00,75.00,62625.0000,Plante un peu croche
960,2025-10-31,337.00,824.00,277688.0000,Plante un peu croche
960,2025-10-18,109.00,314.00,34226.0000,Super belle plante
960,2025-06-24,424.00,606.00,256944.0000,Plante un peu croche
960,2025-09-16,911.00,66.00,60126.0000,Plante un peu croche
114,2025-08-15,407.00,564.00,229548.0000,Super belle plante
114,2025-07-26,468.00,776.00,363168.0000,Super belle plante
637,2025-12-09,223.00,48.00,10704.0000,Plante un peu croche
637,2025-11-23,634.00,511.00,323974.0000,Un chevreuil est passé par là
637,2025-08-18,223.00,700.00,156100.0000,Super belle plante
637,2025-10-21,618.00,543.00,335574.0000,Goute très bon
637,2025-11-11,846.00,204.00,172584.0000,Belle forme pour celle-ci!
191,2025-12-21,72.00,666.00,47952.0000,Plante un peu croche
191,2025-11-05,832.00,672.00,559104.0000,Plante un peu croche
191,2025-06-24,766.00,686.00,525476.0000,Super belle plante
191,2025-10-11,172.00,712.00,122464.0000,Belle forme pour celle-ci!
191,2025-07-14,714.00,822.00,586908.0000,Plante un peu croche
191,2025-10-09,496.00,429.00,212784.0000,Un chevreuil est passé par là
191,2025-09-05,922.00,113.00,104186.0000,Belle forme pour celle-ci!
9,2025-06-03,885.00,203.00,179655.0000,Un chevreuil est passé par là
9,2025-12-03,741.00,111.00,82251.0000,Super belle plante
9,2025-12-15,234.00,245.00,57330.0000,Goute très bon
9,2025-07-09,123.00,578.00,71094.0000,Un chevreuil est passé par là
9,2025-10-06,677.00,958.00,648566.0000,Un chevreuil est passé par là
22,2025-09-24,142.00,308.00,43736.0000,Goute très bon
22,2025-06-14,497.00,650.00,323050.0000,Super belle plante
22,2025-10-25,744.00,934.00,694896.0000,Plante un peu croche
22,2025-10-11,101.00,472.00,47672.0000,Belle forme pour celle-ci!
22,2025-08-23,508.00,242.00,122936.0000,Goute très bon
22,2025-10-27,564.00,817.00,460788.0000,Goute très bon
22,2025-10-10,788.00,778.00,613064.0000,Un chevreuil est passé par là
111,2025-10-12,481.00,353.00,169793.0000,Belle forme pour celle-ci!
111,2025-06-10,945.00,623.00,588735.0000,Belle forme pour celle-ci!
111,2025-10-06,354.00,292.00,103368.0000,Un chevreuil est passé par là
111,2025-09-18,900.00,998.00,898200.0000,Belle forme pour celle-ci!
111,2025-11-08,880.00,626.00,550880.0000,Plante un peu croche
111,2025-06-29,656.00,157.00,102992.0000,Belle forme pour celle-ci!
111,2025-12-24,393.00,954.00,374922.0000,Goute très bon
722,2025-08-12,713.00,565.00,402845.0000,Goute très bon
722,2025-10-24,850.00,781.00,663850.0000,Plante un peu croche
722,2025-07-29,304.00,552.00,167808.0000,Super belle plante
722,2025-10-03,263.00,355.00,93365.0000,Super belle plante
722,2025-06-11,821.00,477.00,391617.0000,Plante un peu croche
722,2025-06-18,382.00,386.00,147452.0000,Goute très bon
127,2025-09-14,315.00,30.00,9450.0000,Super belle plante
973,2025-09-30,797.00,641.00,510877.0000,Un chevreuil est passé par là
973,2025-08-05,743.00,198.00,147114.0000,Un chevreuil est passé par là
819,2025-12-14,531.00,393.00,208683.0000,Super belle plante
819,2025-06-26,110.00,592.00,65120.0000,Un chevreuil est passé par là
819,2025-11-28,978.00,108.00,105624.0000,Plante un peu croche
556,2025-09-04,381.00,165.00,62865.0000,Plante un peu croche
556,2025-06-07,209.00,137.00,28633.0000,Goute très bon
556,2025-10-03,129.00,253.00,32637.0000,Belle forme pour celle-ci!
701,2025-06-11,615.00,599.00,368385.0000,Belle forme pour celle-ci!
701,2025-10-01,31.00,506.00,15686.0000,Goute très bon
701,2025-08-26,584.00,310.00,181040.0000,Goute très bon
701,2025-10-14,713.00,835.00,595355.0000,Belle forme pour celle-ci!
701,2025-09-19,60.00,785.00,47100.0000,Goute très bon
701,2025-07-24,968.00,226.00,218768.0000,Super belle plante
701,2025-10-10,462.00,419.00,193578.0000,Plante un peu croche
347,2025-09-19,100.00,47.00,4700.0000,Super belle plante
347,2025-09-02,897.00,734.00,658398.0000,Super belle plante
347,2025-11-23,738.00,4.00,2952.0000,Super belle plante
258,2025-11-26,892.00,297.00,264924.0000,Super belle plante
258,2025-11-06,613.00,887.00,543731.0000,Goute très bon
258,2025-06-09,297.00,383.00,113751.0000,Plante un peu croche
258,2025-10-13,760.00,591.00,449160.0000,Super belle plante
258,2025-07-07,742.00,378.00,280476.0000,Goute très bon
78,2025-09-04,298.00,960.00,286080.0000,Plante un peu croche
968,2025-07-21,515.00,63.00,32445.0000,Un chevreuil est passé par là
968,2025-08-06,910.00,617.00,561470.0000,Un chevreuil est passé par là
994,2025-12-12,124.00,510.00,63240.0000,Un chevreuil est passé par là
994,2025-12-15,829.00,548.00,454292.0000,Goute très bon
994,2025-11-21,332.00,794.00,263608.0000,Goute très bon
994,2025-08-23,296.00,15.00,4440.0000,Plante un peu croche
994,2025-10-09,631.00,465.00,293415.0000,Belle forme pour celle-ci!
91,2025-12-13,326.00,981.00,319806.0000,Belle forme pour celle-ci!
91,2025-08-12,152.00,545.00,82840.0000,Un chevreuil est passé par là
91,2025-08-11,388.00,476.00,184688.0000,Plante un peu croche
91,2025-12-28,614.00,910.00,558740.0000,Goute très bon
91,2025-11-05,202.00,13.00,2626.0000,Super belle plante
91,2025-07-31,268.00,892.00,239056.0000,Goute très bon
91,2025-09-28,196.00,521.00,102116.0000,Plante un peu croche
454,2025-12-08,353.00,246.00,86838.0000,Plante un peu croche
693,2025-08-01,530.00,910.00,482300.0000,Goute très bon
693,2025-09-08,943.00,543.00,512049.0000,Super belle plante
693,2025-07-24,852.00,345.00,293940.0000,Un chevreuil est passé par là
693,2025-11-15,765.00,927.00,709155.0000,Un chevreuil est passé par là
693,2025-12-03,745.00,444.00,330780.0000,Goute très bon
693,2025-07-18,455.00,265.00,120575.0000,Super belle plante
693,2025-08-17,300.00,92.00,27600.0000,Super belle plante
554,2025-06-19,289.00,781.00,225709.0000,Goute très bon
554,2025-06-05,911.00,910.00,829010.0000,Super belle plante
554,2025-06-30,140.00,322.00,45080.0000,Belle forme pour celle-ci!
554,2025-09-14,444.00,36.00,15984.0000,Belle forme pour celle-ci!
554,2025-11-19,80.00,127.00,10160.0000,Belle forme pour celle-ci!
554,2025-10-02,611.00,366.00,223626.0000,Plante un peu croche
554,2025-12-02,792.00,518.00,410256.0000,Belle forme pour celle-ci!
799,2025-10-17,100.00,601.00,60100.0000,Un chevreuil est passé par là
799,2025-06-26,998.00,848.00,846304.0000,Un chevreuil est passé par là
799,2025-09-10,513.00,992.00,508896.0000,Plante un peu croche
799,2025-07-06,477.00,504.00,240408.0000,Super belle plante
799,2025-12-12,567.00,629.00,356643.0000,Un chevreuil est passé par là
799,2025-11-20,960.00,808.00,775680.0000,Goute très bon
799,2025-09-15,81.00,383.00,31023.0000,Super belle plante
931,2025-12-23,22.00,738.00,16236.0000,Goute très bon
931,2025-08-14,117.00,114.00,13338.0000,Un chevreuil est passé par là
931,2025-09-09,947.00,967.00,915749.0000,Plante un peu croche
303,2025-07-27,832.00,65.00,54080.0000,Un chevreuil est passé par là
303,2025-11-08,664.00,306.00,203184.0000,Belle forme pour celle-ci!
303,2025-07-08,321.00,36.00,11556.0000,Un chevreuil est passé par là
303,2025-12-17,413.00,816.00,337008.0000,Un chevreuil est passé par là
303,2025-12-02,302.00,59.00,17818.0000,Plante un peu croche
303,2025-10-19,219.00,200.00,43800.0000,Super belle plante
303,2025-11-17,140.00,274.00,38360.0000,Super belle plante
713,2025-07-14,21.00,795.00,16695.0000,Plante un peu croche
713,2025-12-29,297.00,308.00,91476.0000,Goute très bon
505,2025-09-06,366.00,265.00,96990.0000,Super belle plante
505,2025-09-08,759.00,155.00,117645.0000,Plante un peu croche
505,2025-06-30,857.00,312.00,267384.0000,Goute très bon
505,2025-09-05,1.00,969.00,969.0000,Belle forme pour celle-ci!
936,2025-09-26,882.00,115.00,101430.0000,Plante un peu croche
936,2025-07-31,728.00,954.00,694512.0000,Super belle plante
936,2025-09-11,437.00,743.00,324691.0000,Goute très bon
936,2025-11-22,116.00,786.00,91176.0000,Super belle plante
936,2025-10-16,800.00,803.00,642400.0000,Goute très bon
936,2025-07-18,108.00,554.00,59832.0000,Belle forme pour celle-ci!
936,2025-07-06,895.00,234.00,209430.0000,Goute très bon
563,2025-12-29,119.00,792.00,94248.0000,Super belle plante
313,2025-07-30,529.00,857.00,453353.0000,Goute très bon
313,2025-09-14,507.00,650.00,329550.0000,Goute très bon
313,2025-10-09,378.00,558.00,210924.0000,Belle forme pour celle-ci!
313,2025-12-11,171.00,587.00,100377.0000,Belle forme pour celle-ci!
313,2025-08-11,525.00,952.00,499800.0000,Goute très bon
976,2025-10-26,266.00,579.00,154014.0000,Un chevreuil est passé par là
715,2025-06-26,13.00,347.00,4511.0000,Plante un peu croche
715,2025-06-20,72.00,384.00,27648.0000,Belle forme pour celle-ci!
715,2025-07-17,641.00,926.00,593566.0000,Un chevreuil est passé par là
715,2025-09-05,320.00,323.00,103360.0000,Goute très bon
715,2025-11-09,223.00,428.00,95444.0000,Super belle plante
715,2025-07-31,134.00,685.00,91790.0000,Super belle plante
827,2025-06-03,491.00,531.00,260721.0000,Belle forme pour celle-ci!
1,2025-10-21,704.00,451.00,317504.0000,Un chevreuil est passé par là
257,2025-07-29,29.00,72.00,2088.0000,Super belle plante
257,2025-10-19,822.00,516.00,424152.0000,Un chevreuil est passé par là
257,2025-09-30,788.00,255.00,200940.0000,Un chevreuil est passé par là
257,2025-06-26,784.00,827.00,648368.0000,Plante un peu croche
257,2025-06-01,900.00,252.00,226800.0000,Un chevreuil est passé par là
64,2025-10-24,971.00,54.00,52434.0000,Plante un peu croche
64,2025-10-27,972.00,432.00,419904.0000,Super belle plante
64,2025-12-03,447.00,624.00,278928.0000,Super belle plante
64,2025-06-23,650.00,618.00,401700.0000,Goute très bon
64,2025-08-24,312.00,778.00,242736.0000,Goute très bon
64,2025-12-26,150.00,946.00,141900.0000,Goute très bon
165,2025-08-01,110.00,241.00,26510.0000,Un chevreuil est passé par là
165,2025-07-21,312.00,345.00,107640.0000,Un chevreuil est passé par là
165,2025-08-13,616.00,271.00,166936.0000,Belle forme pour celle-ci!
165,2025-09-25,404.00,615.00,248460.0000,Super belle plante
165,2025-11-05,558.00,428.00,238824.0000,Goute très bon
165,2025-11-03,398.00,594.00,236412.0000,Un chevreuil est passé par là
935,2025-10-27,766.00,913.00,699358.0000,Goute très bon
935,2025-11-04,633.00,175.00,110775.0000,Un chevreuil est passé par là
935,2025-12-17,533.00,266.00,141778.0000,Super belle plante
935,2025-06-25,925.00,626.00,579050.0000,Goute très bon
1017,2025-07-13,63.00,6.00,378.0000,Goute très bon
1017,2025-12-07,669.00,370.00,247530.0000,Un chevreuil est passé par là
1017,2025-08-27,671.00,948.00,636108.0000,Un chevreuil est passé par là
1017,2025-08-07,491.00,248.00,121768.0000,Plante un peu croche
39,2025-11-16,551.00,173.00,95323.0000,Super belle plante
39,2025-06-13,442.00,305.00,134810.0000,Plante un peu croche
39,2025-10-12,699.00,133.00,92967.0000,Super belle plante
39,2025-10-29,851.00,703.00,598253.0000,Un chevreuil est passé par là
39,2025-10-06,862.00,851.00,733562.0000,Super belle plante
39,2025-12-27,225.00,529.00,119025.0000,Plante un peu croche
39,2025-11-17,16.00,698.00,11168.0000,Un chevreuil est passé par là
651,2025-11-19,594.00,628.00,373032.0000,Plante un peu croche
651,2025-07-29,652.00,866.00,564632.0000,Plante un peu croche
651,2025-06-10,156.00,667.00,104052.0000,Un chevreuil est passé par là
651,2025-06-13,174.00,504.00,87696.0000,Super belle plante
338,2025-06-13,205.00,466.00,95530.0000,Goute très bon
338,2025-07-23,79.00,174.00,13746.0000,Belle forme pour celle-ci!
338,2025-11-13,449.00,329.00,147721.0000,Goute très bon
967,2025-07-12,572.00,681.00,389532.0000,Un chevreuil est passé par là
967,2025-08-20,465.00,842.00,391530.0000,Goute très bon
967,2025-09-05,677.00,201.00,136077.0000,Goute très bon
967,2025-10-14,33.00,871.00,28743.0000,Belle forme pour celle-ci!
967,2025-12-30,704.00,464.00,326656.0000,Un chevreuil est passé par là
967,2025-10-06,348.00,314.00,109272.0000,Plante un peu croche
793,2025-09-10,847.00,726.00,614922.0000,Plante un peu croche
793,2025-06-22,654.00,518.00,338772.0000,Super belle plante
793,2025-07-23,654.00,175.00,114450.0000,Super belle plante
793,2025-06-08,370.00,563.00,208310.0000,Belle forme pour celle-ci!
793,2025-11-19,526.00,667.00,350842.0000,Goute très bon
771,2025-07-25,790.00,809.00,639110.0000,Goute très bon
771,2025-10-26,319.00,711.00,226809.0000,Goute très bon
771,2025-11-25,365.00,592.00,216080.0000,Un chevreuil est passé par là
771,2025-08-16,444.00,718.00,318792.0000,Belle forme pour celle-ci!
771,2025-11-18,228.00,266.00,60648.0000,Un chevreuil est passé par là
771,2025-12-05,704.00,277.00,195008.0000,Super belle plante
771,2025-12-26,97.00,39.00,3783.0000,Goute très bon
939,2025-12-29,653.00,427.00,278831.0000,Belle forme pour celle-ci!
341,2025-08-15,26.00,703.00,18278.0000,Super belle plante
939,2025-07-09,936.00,374.00,350064.0000,Belle forme pour celle-ci!
939,2025-12-26,109.00,988.00,107692.0000,Un chevreuil est passé par là
939,2025-10-14,365.00,584.00,213160.0000,Un chevreuil est passé par là
939,2025-11-26,348.00,880.00,306240.0000,Goute très bon
939,2025-08-29,363.00,664.00,241032.0000,Un chevreuil est passé par là
805,2025-10-15,876.00,582.00,509832.0000,Goute très bon
805,2025-12-14,48.00,75.00,3600.0000,Belle forme pour celle-ci!
805,2025-08-19,515.00,36.00,18540.0000,Goute très bon
805,2025-08-15,590.00,752.00,443680.0000,Super belle plante
805,2025-08-03,468.00,531.00,248508.0000,Belle forme pour celle-ci!
599,2025-09-05,512.00,137.00,70144.0000,Goute très bon
861,2025-08-02,565.00,264.00,149160.0000,Un chevreuil est passé par là
861,2025-09-06,545.00,496.00,270320.0000,Plante un peu croche
861,2025-11-23,866.00,931.00,806246.0000,Goute très bon
861,2025-11-21,94.00,443.00,41642.0000,Belle forme pour celle-ci!
861,2025-10-15,556.00,644.00,358064.0000,Un chevreuil est passé par là
1184,2025-12-08,683.00,649.00,443267.0000,Goute très bon
1184,2025-06-22,525.00,21.00,11025.0000,Goute très bon
1184,2025-08-05,652.00,838.00,546376.0000,Plante un peu croche
949,2025-08-30,329.00,82.00,26978.0000,Belle forme pour celle-ci!
949,2025-08-20,444.00,784.00,348096.0000,Plante un peu croche
949,2025-12-28,816.00,38.00,31008.0000,Goute très bon
949,2025-10-16,126.00,165.00,20790.0000,Goute très bon
949,2025-12-19,999.00,604.00,603396.0000,Plante un peu croche
949,2025-10-19,386.00,661.00,255146.0000,Super belle plante
798,2025-07-13,304.00,374.00,113696.0000,Plante un peu croche
798,2025-11-10,558.00,876.00,488808.0000,Un chevreuil est passé par là
798,2025-06-07,205.00,72.00,14760.0000,Goute très bon
798,2025-12-03,761.00,405.00,308205.0000,Belle forme pour celle-ci!
798,2025-07-19,397.00,487.00,193339.0000,Plante un peu croche
798,2025-07-03,999.00,692.00,691308.0000,Plante un peu croche
798,2025-10-15,421.00,704.00,296384.0000,Belle forme pour celle-ci!
1187,2025-12-30,612.00,937.00,573444.0000,Goute très bon
1187,2025-08-05,675.00,726.00,490050.0000,Goute très bon
1187,2025-11-07,859.00,70.00,60130.0000,Un chevreuil est passé par là
1187,2025-12-03,361.00,918.00,331398.0000,Goute très bon
1187,2025-08-25,990.00,894.00,885060.0000,Un chevreuil est passé par là
1187,2025-11-19,556.00,228.00,126768.0000,Belle forme pour celle-ci!
1187,2025-12-18,608.00,552.00,335616.0000,Super belle plante
565,2025-12-23,783.00,662.00,518346.0000,Goute très bon
565,2025-08-26,742.00,912.00,676704.0000,Belle forme pour celle-ci!
565,2025-12-19,929.00,93.00,86397.0000,Super belle plante
595,2025-07-24,484.00,318.00,153912.0000,Un chevreuil est passé par là
595,2025-06-19,542.00,245.00,132790.0000,Super belle plante
205,2025-08-20,649.00,368.00,238832.0000,Plante un peu croche
391,2025-09-06,579.00,227.00,131433.0000,Goute très bon
216,2025-12-26,342.00,95.00,32490.0000,Goute très bon
216,2025-07-24,241.00,597.00,143877.0000,Belle forme pour celle-ci!
216,2025-07-12,104.00,254.00,26416.0000,Plante un peu croche
954,2025-06-11,997.00,717.00,714849.0000,Plante un peu croche
954,2025-06-01,314.00,291.00,91374.0000,Plante un peu croche
954,2025-10-11,381.00,333.00,126873.0000,Goute très bon
954,2025-11-14,587.00,102.00,59874.0000,Goute très bon
909,2025-06-10,476.00,995.00,473620.0000,Belle forme pour celle-ci!
909,2025-08-21,729.00,295.00,215055.0000,Goute très bon
909,2025-08-14,489.00,357.00,174573.0000,Plante un peu croche
350,2025-07-26,463.00,518.00,239834.0000,Goute très bon
350,2025-08-01,755.00,152.00,114760.0000,Un chevreuil est passé par là
350,2025-06-25,69.00,663.00,45747.0000,Un chevreuil est passé par là
350,2025-12-20,178.00,121.00,21538.0000,Belle forme pour celle-ci!
350,2025-07-09,948.00,628.00,595344.0000,Belle forme pour celle-ci!
47,2025-10-19,308.00,807.00,248556.0000,Super belle plante
47,2025-08-27,964.00,519.00,500316.0000,Belle forme pour celle-ci!
1105,2025-07-06,343.00,64.00,21952.0000,Plante un peu croche
1105,2025-10-29,717.00,298.00,213666.0000,Belle forme pour celle-ci!
1105,2025-11-02,779.00,687.00,535173.0000,Super belle plante
388,2025-10-29,40.00,511.00,20440.0000,Plante un peu croche
1062,2025-12-07,599.00,554.00,331846.0000,Belle forme pour celle-ci!
1062,2025-06-20,841.00,712.00,598792.0000,Un chevreuil est passé par là
1062,2025-07-13,422.00,915.00,386130.0000,Super belle plante
1062,2025-07-24,780.00,29.00,22620.0000,Goute très bon
1062,2025-10-08,679.00,353.00,239687.0000,Un chevreuil est passé par là
1062,2025-09-16,860.00,476.00,409360.0000,Un chevreuil est passé par là
1181,2025-10-03,369.00,753.00,277857.0000,Plante un peu croche
1181,2025-12-03,36.00,180.00,6480.0000,Goute très bon
1181,2025-07-02,183.00,667.00,122061.0000,Plante un peu croche
1181,2025-11-27,418.00,303.00,126654.0000,Un chevreuil est passé par là
1181,2025-10-01,786.00,19.00,14934.0000,Goute très bon
1181,2025-09-17,905.00,15.00,13575.0000,Belle forme pour celle-ci!
1181,2025-07-12,845.00,837.00,707265.0000,Un chevreuil est passé par là
1096,2025-08-21,193.00,793.00,153049.0000,Belle forme pour celle-ci!
1096,2025-08-23,892.00,654.00,583368.0000,Super belle plante
1096,2025-12-08,293.00,904.00,264872.0000,Un chevreuil est passé par là
1096,2025-12-22,789.00,477.00,376353.0000,Super belle plante
1096,2025-06-04,26.00,920.00,23920.0000,Un chevreuil est passé par là
1096,2025-10-10,760.00,442.00,335920.0000,Belle forme pour celle-ci!
235,2025-11-13,421.00,234.00,98514.0000,Plante un peu croche
235,2025-10-15,972.00,446.00,433512.0000,Belle forme pour celle-ci!
235,2025-09-06,407.00,867.00,352869.0000,Goute très bon
235,2025-08-24,480.00,75.00,36000.0000,Un chevreuil est passé par là
235,2025-11-03,722.00,420.00,303240.0000,Plante un peu croche
235,2025-11-19,965.00,363.00,350295.0000,Plante un peu croche
235,2025-08-23,915.00,158.00,144570.0000,Belle forme pour celle-ci!
1183,2025-10-29,163.00,454.00,74002.0000,Plante un peu croche
1183,2025-11-28,658.00,978.00,643524.0000,Super belle plante
1183,2025-09-06,58.00,735.00,42630.0000,Plante un peu croche
1183,2025-10-12,778.00,164.00,127592.0000,Belle forme pour celle-ci!
1183,2025-11-20,999.00,19.00,18981.0000,Un chevreuil est passé par là
1183,2025-06-26,586.00,107.00,62702.0000,Goute très bon
34,2025-09-13,662.00,401.00,265462.0000,Goute très bon
719,2025-10-12,408.00,449.00,183192.0000,Plante un peu croche
719,2025-12-28,287.00,569.00,163303.0000,Belle forme pour celle-ci!
719,2025-08-13,368.00,504.00,185472.0000,Belle forme pour celle-ci!
822,2025-07-02,923.00,280.00,258440.0000,Belle forme pour celle-ci!
831,2025-10-04,905.00,241.00,218105.0000,Plante un peu croche
354,2025-06-04,999.00,694.00,693306.0000,Super belle plante
354,2025-11-28,474.00,28.00,13272.0000,Belle forme pour celle-ci!
354,2025-10-12,882.00,953.00,840546.0000,Super belle plante
354,2025-06-08,483.00,2.00,966.0000,Belle forme pour celle-ci!
354,2025-10-08,470.00,798.00,375060.0000,Un chevreuil est passé par là
354,2025-10-20,348.00,602.00,209496.0000,Super belle plante
132,2025-08-08,737.00,528.00,389136.0000,Goute très bon
132,2025-06-04,973.00,156.00,151788.0000,Super belle plante
132,2025-07-08,660.00,906.00,597960.0000,Un chevreuil est passé par là
132,2025-12-24,7.00,319.00,2233.0000,Belle forme pour celle-ci!
657,2025-12-26,916.00,668.00,611888.0000,Goute très bon
657,2025-07-21,1.00,90.00,90.0000,Super belle plante
657,2025-07-17,330.00,699.00,230670.0000,Goute très bon
1175,2025-09-06,663.00,730.00,483990.0000,Super belle plante
1175,2025-11-14,421.00,712.00,299752.0000,Belle forme pour celle-ci!
1175,2025-10-02,724.00,225.00,162900.0000,Plante un peu croche
1175,2025-11-21,467.00,176.00,82192.0000,Belle forme pour celle-ci!
1175,2025-12-28,479.00,454.00,217466.0000,Un chevreuil est passé par là
670,2025-10-26,495.00,243.00,120285.0000,Goute très bon
670,2025-11-11,615.00,582.00,357930.0000,Plante un peu croche
670,2025-12-22,477.00,990.00,472230.0000,Belle forme pour celle-ci!
670,2025-06-24,159.00,150.00,23850.0000,Un chevreuil est passé par là
670,2025-09-01,680.00,997.00,677960.0000,Super belle plante
670,2025-08-04,377.00,854.00,321958.0000,Un chevreuil est passé par là
670,2025-06-23,565.00,229.00,129385.0000,Super belle plante
1041,2025-08-13,569.00,101.00,57469.0000,Belle forme pour celle-ci!
1041,2025-11-16,350.00,222.00,77700.0000,Plante un peu croche
889,2025-11-05,230.00,267.00,61410.0000,Goute très bon
889,2025-08-09,692.00,301.00,208292.0000,Goute très bon
889,2025-08-17,515.00,267.00,137505.0000,Un chevreuil est passé par là
146,2025-08-27,878.00,305.00,267790.0000,Super belle plante
146,2025-08-14,837.00,455.00,380835.0000,Plante un peu croche
146,2025-12-04,35.00,572.00,20020.0000,Belle forme pour celle-ci!
146,2025-06-03,906.00,494.00,447564.0000,Belle forme pour celle-ci!
172,2025-08-02,835.00,211.00,176185.0000,Belle forme pour celle-ci!
172,2025-12-07,485.00,139.00,67415.0000,Un chevreuil est passé par là
172,2025-10-06,357.00,291.00,103887.0000,Plante un peu croche
172,2025-12-01,572.00,253.00,144716.0000,Belle forme pour celle-ci!
125,2025-06-22,427.00,131.00,55937.0000,Super belle plante
125,2025-09-03,507.00,392.00,198744.0000,Super belle plante
884,2025-09-14,185.00,474.00,87690.0000,Super belle plante
884,2025-11-28,555.00,282.00,156510.0000,Un chevreuil est passé par là
884,2025-10-29,955.00,84.00,80220.0000,Belle forme pour celle-ci!
884,2025-12-17,394.00,555.00,218670.0000,Un chevreuil est passé par là
567,2025-06-16,113.00,222.00,25086.0000,Goute très bon
567,2025-06-12,924.00,588.00,543312.0000,Plante un peu croche
790,2025-11-30,207.00,708.00,146556.0000,Un chevreuil est passé par là
790,2025-07-15,374.00,201.00,75174.0000,Goute très bon
790,2025-08-03,716.00,558.00,399528.0000,Super belle plante
790,2025-12-14,249.00,64.00,15936.0000,Goute très bon
946,2025-08-22,20.00,219.00,4380.0000,Plante un peu croche
946,2025-06-02,793.00,560.00,444080.0000,Goute très bon
946,2025-12-16,613.00,826.00,506338.0000,Un chevreuil est passé par là
946,2025-12-19,92.00,1.00,92.0000,Un chevreuil est passé par là
547,2025-12-18,115.00,400.00,46000.0000,Belle forme pour celle-ci!
547,2025-10-04,140.00,348.00,48720.0000,Goute très bon
547,2025-08-04,717.00,69.00,49473.0000,Goute très bon
645,2025-11-29,347.00,824.00,285928.0000,Plante un peu croche
645,2025-12-15,807.00,669.00,539883.0000,Belle forme pour celle-ci!
645,2025-08-06,189.00,262.00,49518.0000,Plante un peu croche
357,2025-06-04,308.00,803.00,247324.0000,Goute très bon
357,2025-12-14,234.00,404.00,94536.0000,Un chevreuil est passé par là
357,2025-09-12,340.00,669.00,227460.0000,Goute très bon
357,2025-10-31,645.00,245.00,158025.0000,Goute très bon
357,2025-06-29,769.00,709.00,545221.0000,Un chevreuil est passé par là
357,2025-11-17,592.00,514.00,304288.0000,Belle forme pour celle-ci!
896,2025-08-14,495.00,27.00,13365.0000,Plante un peu croche
896,2025-11-16,481.00,13.00,6253.0000,Super belle plante
663,2025-11-02,880.00,317.00,278960.0000,Un chevreuil est passé par là
663,2025-06-18,412.00,66.00,27192.0000,Goute très bon
130,2025-07-18,244.00,571.00,139324.0000,Plante un peu croche
130,2025-09-06,368.00,558.00,205344.0000,Goute très bon
130,2025-07-28,181.00,374.00,67694.0000,Belle forme pour celle-ci!
402,2025-08-17,575.00,357.00,205275.0000,Belle forme pour celle-ci!
402,2025-09-25,746.00,828.00,617688.0000,Goute très bon
402,2025-08-24,248.00,148.00,36704.0000,Goute très bon
402,2025-06-10,74.00,575.00,42550.0000,Super belle plante
541,2025-09-01,524.00,609.00,319116.0000,Super belle plante
541,2025-08-19,298.00,964.00,287272.0000,Goute très bon
541,2025-09-24,673.00,615.00,413895.0000,Plante un peu croche
541,2025-09-16,314.00,885.00,277890.0000,Un chevreuil est passé par là
638,2025-09-02,151.00,907.00,136957.0000,Super belle plante
638,2025-11-14,247.00,173.00,42731.0000,Un chevreuil est passé par là
638,2025-10-09,307.00,696.00,213672.0000,Belle forme pour celle-ci!
638,2025-07-22,836.00,808.00,675488.0000,Belle forme pour celle-ci!
638,2025-09-20,83.00,964.00,80012.0000,Un chevreuil est passé par là
638,2025-12-07,8.00,930.00,7440.0000,Un chevreuil est passé par là
429,2025-08-22,420.00,701.00,294420.0000,Belle forme pour celle-ci!
429,2025-06-30,672.00,693.00,465696.0000,Un chevreuil est passé par là
429,2025-11-02,548.00,559.00,306332.0000,Un chevreuil est passé par là
429,2025-10-06,452.00,399.00,180348.0000,Super belle plante
773,2025-06-25,922.00,652.00,601144.0000,Plante un peu croche
773,2025-11-07,941.00,548.00,515668.0000,Super belle plante
773,2025-09-17,291.00,949.00,276159.0000,Goute très bon
773,2025-09-08,995.00,910.00,905450.0000,Super belle plante
773,2025-07-08,698.00,978.00,682644.0000,Goute très bon
773,2025-06-19,907.00,310.00,281170.0000,Un chevreuil est passé par là
773,2025-06-13,904.00,691.00,624664.0000,Un chevreuil est passé par là
403,2025-08-05,935.00,365.00,341275.0000,Un chevreuil est passé par là
403,2025-10-30,503.00,298.00,149894.0000,Un chevreuil est passé par là
305,2025-09-17,91.00,379.00,34489.0000,Super belle plante
305,2025-09-02,909.00,532.00,483588.0000,Un chevreuil est passé par là
305,2025-07-11,595.00,35.00,20825.0000,Belle forme pour celle-ci!
305,2025-06-29,567.00,725.00,411075.0000,Plante un peu croche
305,2025-12-04,41.00,454.00,18614.0000,Belle forme pour celle-ci!
305,2025-07-31,727.00,442.00,321334.0000,Plante un peu croche
571,2025-08-08,702.00,258.00,181116.0000,Belle forme pour celle-ci!
571,2025-08-30,850.00,181.00,153850.0000,Un chevreuil est passé par là
571,2025-11-16,856.00,677.00,579512.0000,Un chevreuil est passé par là
571,2025-09-13,141.00,509.00,71769.0000,Un chevreuil est passé par là
571,2025-08-16,289.00,351.00,101439.0000,Belle forme pour celle-ci!
550,2025-07-15,151.00,829.00,125179.0000,Super belle plante
550,2025-09-05,949.00,330.00,313170.0000,Un chevreuil est passé par là
550,2025-10-30,181.00,39.00,7059.0000,Belle forme pour celle-ci!
550,2025-11-20,382.00,862.00,329284.0000,Plante un peu croche
550,2025-12-04,96.00,962.00,92352.0000,Super belle plante
550,2025-12-05,946.00,425.00,402050.0000,Goute très bon
245,2025-12-30,259.00,723.00,187257.0000,Goute très bon
245,2025-06-09,676.00,239.00,161564.0000,Goute très bon
245,2025-11-12,517.00,663.00,342771.0000,Goute très bon
245,2025-10-31,263.00,121.00,31823.0000,Plante un peu croche
245,2025-10-01,578.00,281.00,162418.0000,Plante un peu croche
245,2025-06-16,343.00,187.00,64141.0000,Super belle plante
1073,2025-11-30,401.00,181.00,72581.0000,Un chevreuil est passé par là
1073,2025-09-26,174.00,658.00,114492.0000,Goute très bon
1073,2025-11-08,43.00,95.00,4085.0000,Un chevreuil est passé par là
290,2025-08-06,591.00,512.00,302592.0000,Super belle plante
290,2025-11-01,730.00,586.00,427780.0000,Super belle plante
290,2025-12-21,269.00,457.00,122933.0000,Plante un peu croche
290,2025-11-14,446.00,829.00,369734.0000,Goute très bon
811,2025-06-26,487.00,599.00,291713.0000,Plante un peu croche
811,2025-06-28,220.00,19.00,4180.0000,Super belle plante
811,2025-12-28,641.00,148.00,94868.0000,Goute très bon
811,2025-06-13,561.00,653.00,366333.0000,Un chevreuil est passé par là
811,2025-08-17,932.00,146.00,136072.0000,Plante un peu croche
811,2025-06-07,275.00,663.00,182325.0000,Belle forme pour celle-ci!
811,2025-10-09,78.00,505.00,39390.0000,Plante un peu croche
458,2025-10-29,688.00,570.00,392160.0000,Plante un peu croche
458,2025-07-02,159.00,708.00,112572.0000,Un chevreuil est passé par là
458,2025-07-06,558.00,628.00,350424.0000,Super belle plante
458,2025-07-01,934.00,558.00,521172.0000,Goute très bon
860,2025-11-20,126.00,177.00,22302.0000,Goute très bon
860,2025-12-10,498.00,991.00,493518.0000,Plante un peu croche
860,2025-10-31,180.00,213.00,38340.0000,Un chevreuil est passé par là
860,2025-09-08,15.00,174.00,2610.0000,Belle forme pour celle-ci!
860,2025-08-15,80.00,551.00,44080.0000,Goute très bon
860,2025-11-28,798.00,808.00,644784.0000,Plante un peu croche
860,2025-11-11,839.00,97.00,81383.0000,Super belle plante
676,2025-06-28,27.00,100.00,2700.0000,Plante un peu croche
676,2025-08-23,868.00,470.00,407960.0000,Belle forme pour celle-ci!
676,2025-11-30,685.00,57.00,39045.0000,Super belle plante
918,2025-10-20,743.00,180.00,133740.0000,Un chevreuil est passé par là
918,2025-07-31,21.00,576.00,12096.0000,Plante un peu croche
918,2025-09-30,353.00,175.00,61775.0000,Belle forme pour celle-ci!
918,2025-07-22,491.00,697.00,342227.0000,Un chevreuil est passé par là
918,2025-08-16,580.00,645.00,374100.0000,Super belle plante
1095,2025-06-08,264.00,852.00,224928.0000,Belle forme pour celle-ci!
85,2025-10-04,493.00,388.00,191284.0000,Un chevreuil est passé par là
85,2025-07-31,543.00,936.00,508248.0000,Un chevreuil est passé par là
102,2025-11-30,213.00,264.00,56232.0000,Super belle plante
1169,2025-10-06,327.00,998.00,326346.0000,Super belle plante
1169,2025-10-10,49.00,504.00,24696.0000,Goute très bon
1169,2025-10-27,745.00,538.00,400810.0000,Un chevreuil est passé par là
1169,2025-12-28,333.00,537.00,178821.0000,Goute très bon
1169,2025-06-03,439.00,900.00,395100.0000,Plante un peu croche
1169,2025-11-20,466.00,875.00,407750.0000,Belle forme pour celle-ci!
1169,2025-12-23,436.00,340.00,148240.0000,Super belle plante
568,2025-07-25,756.00,405.00,306180.0000,Super belle plante
568,2025-10-08,230.00,497.00,114310.0000,Belle forme pour celle-ci!
568,2025-10-13,975.00,928.00,904800.0000,Super belle plante
568,2025-12-10,611.00,453.00,276783.0000,Un chevreuil est passé par là
568,2025-06-25,598.00,343.00,205114.0000,Plante un peu croche
352,2025-12-26,454.00,913.00,414502.0000,Plante un peu croche
352,2025-11-12,300.00,905.00,271500.0000,Super belle plante
883,2025-06-28,47.00,830.00,39010.0000,Un chevreuil est passé par là
883,2025-10-30,215.00,795.00,170925.0000,Plante un peu croche
883,2025-09-30,33.00,487.00,16071.0000,Belle forme pour celle-ci!
883,2025-09-14,487.00,268.00,130516.0000,Goute très bon
883,2025-10-08,822.00,149.00,122478.0000,Goute très bon
883,2025-06-13,843.00,857.00,722451.0000,Plante un peu croche
455,2025-10-18,906.00,31.00,28086.0000,Goute très bon
455,2025-11-03,210.00,396.00,83160.0000,Un chevreuil est passé par là
14,2025-09-21,712.00,751.00,534712.0000,Belle forme pour celle-ci!
14,2025-06-10,46.00,973.00,44758.0000,Belle forme pour celle-ci!
1159,2025-11-03,374.00,534.00,199716.0000,Belle forme pour celle-ci!
1159,2025-11-29,411.00,480.00,197280.0000,Un chevreuil est passé par là
1159,2025-09-01,883.00,83.00,73289.0000,Goute très bon
1159,2025-06-05,53.00,175.00,9275.0000,Super belle plante
1159,2025-09-15,171.00,35.00,5985.0000,Belle forme pour celle-ci!
275,2025-08-18,397.00,835.00,331495.0000,Plante un peu croche
275,2025-10-06,394.00,3.00,1182.0000,Plante un peu croche
275,2025-06-07,812.00,553.00,449036.0000,Un chevreuil est passé par là
275,2025-09-18,722.00,484.00,349448.0000,Plante un peu croche
275,2025-06-02,525.00,664.00,348600.0000,Plante un peu croche
275,2025-07-08,588.00,619.00,363972.0000,Belle forme pour celle-ci!
275,2025-07-03,642.00,802.00,514884.0000,Belle forme pour celle-ci!
169,2025-12-01,356.00,128.00,45568.0000,Belle forme pour celle-ci!
570,2025-07-16,122.00,802.00,97844.0000,Goute très bon
570,2025-12-19,635.00,146.00,92710.0000,Super belle plante
570,2025-11-29,49.00,902.00,44198.0000,Belle forme pour celle-ci!
769,2025-12-06,510.00,152.00,77520.0000,Plante un peu croche
769,2025-09-24,906.00,493.00,446658.0000,Goute très bon
769,2025-06-20,794.00,465.00,369210.0000,Plante un peu croche
769,2025-12-18,513.00,63.00,32319.0000,Goute très bon
289,2025-08-07,411.00,239.00,98229.0000,Belle forme pour celle-ci!
766,2025-06-22,869.00,430.00,373670.0000,Goute très bon
766,2025-09-01,618.00,77.00,47586.0000,Super belle plante
766,2025-10-10,936.00,922.00,862992.0000,Un chevreuil est passé par là
766,2025-08-20,117.00,121.00,14157.0000,Goute très bon
911,2025-08-14,186.00,288.00,53568.0000,Belle forme pour celle-ci!
911,2025-09-25,637.00,531.00,338247.0000,Plante un peu croche
911,2025-07-08,901.00,540.00,486540.0000,Goute très bon
911,2025-07-31,94.00,698.00,65612.0000,Plante un peu croche
911,2025-06-03,494.00,596.00,294424.0000,Belle forme pour celle-ci!
911,2025-08-07,320.00,725.00,232000.0000,Un chevreuil est passé par là
1142,2025-09-21,880.00,418.00,367840.0000,Un chevreuil est passé par là
1142,2025-10-26,721.00,784.00,565264.0000,Plante un peu croche
1142,2025-12-21,982.00,531.00,521442.0000,Belle forme pour celle-ci!
1142,2025-06-24,33.00,273.00,9009.0000,Super belle plante
1142,2025-10-17,306.00,123.00,37638.0000,Belle forme pour celle-ci!
1038,2025-12-02,929.00,639.00,593631.0000,Goute très bon
635,2025-08-21,465.00,473.00,219945.0000,Super belle plante
264,2025-08-08,552.00,308.00,170016.0000,Un chevreuil est passé par là
264,2025-08-13,493.00,807.00,397851.0000,Un chevreuil est passé par là
271,2025-12-18,961.00,315.00,302715.0000,Super belle plante
271,2025-08-30,383.00,881.00,337423.0000,Un chevreuil est passé par là
271,2025-08-09,682.00,185.00,126170.0000,Super belle plante
665,2025-11-30,123.00,581.00,71463.0000,Plante un peu croche
665,2025-10-25,164.00,560.00,91840.0000,Super belle plante
665,2025-11-10,608.00,631.00,383648.0000,Goute très bon
665,2025-09-02,925.00,97.00,89725.0000,Belle forme pour celle-ci!
665,2025-11-18,559.00,313.00,174967.0000,Plante un peu croche
665,2025-09-24,230.00,464.00,106720.0000,Plante un peu croche
477,2025-12-19,165.00,351.00,57915.0000,Plante un peu croche
477,2025-07-10,912.00,407.00,371184.0000,Belle forme pour celle-ci!
477,2025-12-28,291.00,844.00,245604.0000,Super belle plante
477,2025-09-26,404.00,564.00,227856.0000,Goute très bon
477,2025-07-12,64.00,845.00,54080.0000,Goute très bon
477,2025-08-09,599.00,868.00,519932.0000,Goute très bon
621,2025-08-24,591.00,36.00,21276.0000,Belle forme pour celle-ci!
621,2025-06-21,734.00,98.00,71932.0000,Un chevreuil est passé par là
621,2025-09-23,210.00,379.00,79590.0000,Un chevreuil est passé par là
621,2025-09-17,504.00,97.00,48888.0000,Goute très bon
621,2025-10-28,706.00,313.00,220978.0000,Plante un peu croche
621,2025-06-16,207.00,282.00,58374.0000,Plante un peu croche
890,2025-11-16,846.00,716.00,605736.0000,Plante un peu croche
890,2025-06-16,444.00,725.00,321900.0000,Un chevreuil est passé par là
890,2025-09-28,917.00,583.00,534611.0000,Goute très bon
890,2025-09-19,448.00,975.00,436800.0000,Goute très bon
890,2025-06-30,788.00,809.00,637492.0000,Belle forme pour celle-ci!
890,2025-07-18,769.00,136.00,104584.0000,Goute très bon
890,2025-11-13,744.00,397.00,295368.0000,Super belle plante
774,2025-07-09,381.00,122.00,46482.0000,Belle forme pour celle-ci!
774,2025-08-18,791.00,701.00,554491.0000,Super belle plante
774,2025-08-17,571.00,414.00,236394.0000,Un chevreuil est passé par là
774,2025-09-14,739.00,799.00,590461.0000,Super belle plante
774,2025-07-13,362.00,450.00,162900.0000,Super belle plante
774,2025-12-02,205.00,516.00,105780.0000,Plante un peu croche
755,2025-09-02,22.00,527.00,11594.0000,Un chevreuil est passé par là
755,2025-09-07,313.00,162.00,50706.0000,Un chevreuil est passé par là
755,2025-06-02,816.00,120.00,97920.0000,Plante un peu croche
755,2025-07-15,38.00,714.00,27132.0000,Plante un peu croche
755,2025-10-12,373.00,31.00,11563.0000,Goute très bon
760,2025-06-18,396.00,30.00,11880.0000,Plante un peu croche
760,2025-07-10,943.00,612.00,577116.0000,Plante un peu croche
88,2025-12-15,168.00,843.00,141624.0000,Goute très bon
450,2025-09-05,462.00,136.00,62832.0000,Un chevreuil est passé par là
450,2025-07-01,891.00,227.00,202257.0000,Plante un peu croche
450,2025-11-02,543.00,123.00,66789.0000,Un chevreuil est passé par là
1063,2025-08-25,452.00,948.00,428496.0000,Super belle plante
1063,2025-06-17,643.00,590.00,379370.0000,Belle forme pour celle-ci!
1063,2025-08-15,167.00,527.00,88009.0000,Un chevreuil est passé par là
1063,2025-11-01,366.00,136.00,49776.0000,Un chevreuil est passé par là
449,2025-09-13,880.00,322.00,283360.0000,Belle forme pour celle-ci!
449,2025-12-24,665.00,955.00,635075.0000,Belle forme pour celle-ci!
220,2025-07-21,171.00,845.00,144495.0000,Belle forme pour celle-ci!
220,2025-06-26,643.00,746.00,479678.0000,Super belle plante
220,2025-10-17,489.00,322.00,157458.0000,Belle forme pour celle-ci!
220,2025-11-20,538.00,877.00,471826.0000,Goute très bon
220,2025-11-23,136.00,75.00,10200.0000,Belle forme pour celle-ci!
220,2025-06-28,99.00,623.00,61677.0000,Plante un peu croche
835,2025-08-28,69.00,341.00,23529.0000,Belle forme pour celle-ci!
835,2025-08-06,821.00,248.00,203608.0000,Goute très bon
835,2025-08-01,303.00,821.00,248763.0000,Belle forme pour celle-ci!
835,2025-12-14,994.00,302.00,300188.0000,Un chevreuil est passé par là
835,2025-07-03,36.00,999.00,35964.0000,Belle forme pour celle-ci!
835,2025-10-29,801.00,571.00,457371.0000,Goute très bon
835,2025-06-05,116.00,649.00,75284.0000,Plante un peu croche
307,2025-07-31,52.00,855.00,44460.0000,Goute très bon
307,2025-09-03,698.00,997.00,695906.0000,Plante un peu croche
307,2025-12-23,55.00,516.00,28380.0000,Super belle plante
307,2025-07-03,156.00,456.00,71136.0000,Super belle plante
307,2025-09-30,857.00,79.00,67703.0000,Belle forme pour celle-ci!
307,2025-09-11,805.00,852.00,685860.0000,Goute très bon
843,2025-11-18,743.00,480.00,356640.0000,Belle forme pour celle-ci!
1120,2025-11-16,81.00,897.00,72657.0000,Plante un peu croche
1120,2025-11-26,271.00,970.00,262870.0000,Goute très bon
1120,2025-06-30,379.00,768.00,291072.0000,Un chevreuil est passé par là
179,2025-12-28,538.00,173.00,93074.0000,Belle forme pour celle-ci!
179,2025-08-02,836.00,304.00,254144.0000,Goute très bon
179,2025-09-28,105.00,737.00,77385.0000,Belle forme pour celle-ci!
171,2025-12-19,504.00,45.00,22680.0000,Belle forme pour celle-ci!
171,2025-08-13,764.00,320.00,244480.0000,Super belle plante
171,2025-10-27,94.00,746.00,70124.0000,Un chevreuil est passé par là
171,2025-11-10,444.00,703.00,312132.0000,Super belle plante
171,2025-09-16,35.00,120.00,4200.0000,Un chevreuil est passé par là
171,2025-06-30,14.00,268.00,3752.0000,Belle forme pour celle-ci!
959,2025-09-09,880.00,821.00,722480.0000,Un chevreuil est passé par là
959,2025-11-01,431.00,859.00,370229.0000,Goute très bon
878,2025-06-01,216.00,191.00,41256.0000,Plante un peu croche
878,2025-07-19,248.00,787.00,195176.0000,Super belle plante
878,2025-07-07,139.00,895.00,124405.0000,Super belle plante
878,2025-06-12,944.00,896.00,845824.0000,Goute très bon
878,2025-11-19,255.00,221.00,56355.0000,Belle forme pour celle-ci!
878,2025-06-25,174.00,907.00,157818.0000,Super belle plante
878,2025-12-11,452.00,382.00,172664.0000,Plante un peu croche
797,2025-12-09,851.00,771.00,656121.0000,Super belle plante
797,2025-12-03,68.00,946.00,64328.0000,Plante un peu croche
797,2025-10-28,206.00,516.00,106296.0000,Plante un peu croche
797,2025-09-22,253.00,74.00,18722.0000,Super belle plante
797,2025-06-08,213.00,574.00,122262.0000,Belle forme pour celle-ci!
797,2025-08-10,179.00,818.00,146422.0000,Goute très bon
549,2025-07-10,220.00,828.00,182160.0000,Goute très bon
549,2025-11-29,670.00,69.00,46230.0000,Belle forme pour celle-ci!
549,2025-09-20,368.00,613.00,225584.0000,Super belle plante
549,2025-07-04,375.00,232.00,87000.0000,Goute très bon
549,2025-12-12,812.00,877.00,712124.0000,Belle forme pour celle-ci!
549,2025-09-30,108.00,316.00,34128.0000,Super belle plante
380,2025-10-28,388.00,309.00,119892.0000,Un chevreuil est passé par là
380,2025-09-30,587.00,783.00,459621.0000,Belle forme pour celle-ci!
380,2025-12-08,929.00,943.00,876047.0000,Super belle plante
380,2025-06-04,70.00,958.00,67060.0000,Super belle plante
380,2025-06-02,668.00,165.00,110220.0000,Plante un peu croche
1151,2025-08-18,503.00,139.00,69917.0000,Belle forme pour celle-ci!
1151,2025-12-22,705.00,241.00,169905.0000,Plante un peu croche
302,2025-07-13,624.00,14.00,8736.0000,Goute très bon
302,2025-09-30,632.00,961.00,607352.0000,Plante un peu croche
223,2025-12-15,457.00,98.00,44786.0000,Un chevreuil est passé par là
223,2025-06-20,496.00,290.00,143840.0000,Goute très bon
223,2025-12-05,303.00,772.00,233916.0000,Plante un peu croche
223,2025-11-22,883.00,776.00,685208.0000,Plante un peu croche
414,2025-11-17,814.00,302.00,245828.0000,Super belle plante
866,2025-10-17,868.00,99.00,85932.0000,Belle forme pour celle-ci!
866,2025-09-14,158.00,152.00,24016.0000,Super belle plante
866,2025-09-30,532.00,24.00,12768.0000,Super belle plante
866,2025-09-27,32.00,801.00,25632.0000,Super belle plante
866,2025-06-06,28.00,558.00,15624.0000,Un chevreuil est passé par là
866,2025-07-03,931.00,358.00,333298.0000,Goute très bon
875,2025-09-08,624.00,883.00,550992.0000,Belle forme pour celle-ci!
875,2025-09-29,484.00,344.00,166496.0000,Plante un peu croche
875,2025-07-06,716.00,434.00,310744.0000,Plante un peu croche
875,2025-11-27,540.00,514.00,277560.0000,Belle forme pour celle-ci!
266,2025-11-10,857.00,195.00,167115.0000,Super belle plante
266,2025-09-18,976.00,39.00,38064.0000,Un chevreuil est passé par là
266,2025-06-09,296.00,803.00,237688.0000,Belle forme pour celle-ci!
266,2025-07-13,547.00,619.00,338593.0000,Plante un peu croche
266,2025-11-04,307.00,309.00,94863.0000,Belle forme pour celle-ci!
266,2025-09-30,561.00,828.00,464508.0000,Plante un peu croche
266,2025-08-08,694.00,560.00,388640.0000,Plante un peu croche
892,2025-09-15,740.00,190.00,140600.0000,Plante un peu croche
892,2025-11-10,79.00,871.00,68809.0000,Super belle plante
892,2025-07-17,617.00,985.00,607745.0000,Plante un peu croche
892,2025-12-04,5.00,20.00,100.0000,Super belle plante
892,2025-09-21,721.00,536.00,386456.0000,Belle forme pour celle-ci!
892,2025-11-24,557.00,325.00,181025.0000,Super belle plante
104,2025-08-06,118.00,666.00,78588.0000,Goute très bon
872,2025-08-16,667.00,772.00,514924.0000,Belle forme pour celle-ci!
872,2025-10-25,320.00,330.00,105600.0000,Super belle plante
872,2025-08-24,257.00,474.00,121818.0000,Belle forme pour celle-ci!
234,2025-12-06,60.00,104.00,6240.0000,Goute très bon
234,2025-08-08,694.00,181.00,125614.0000,Un chevreuil est passé par là
234,2025-07-02,558.00,246.00,137268.0000,Un chevreuil est passé par là
234,2025-10-12,986.00,626.00,617236.0000,Un chevreuil est passé par là
82,2025-08-22,870.00,826.00,718620.0000,Goute très bon
82,2025-07-25,65.00,258.00,16770.0000,Un chevreuil est passé par là
82,2025-09-29,555.00,734.00,407370.0000,Super belle plante
82,2025-11-16,173.00,562.00,97226.0000,Super belle plante
82,2025-12-09,729.00,500.00,364500.0000,Belle forme pour celle-ci!
82,2025-12-17,670.00,166.00,111220.0000,Un chevreuil est passé par là
420,2025-10-04,926.00,667.00,617642.0000,Un chevreuil est passé par là
1029,2025-09-03,691.00,859.00,593569.0000,Goute très bon
251,2025-11-10,218.00,16.00,3488.0000,Plante un peu croche
251,2025-07-23,164.00,733.00,120212.0000,Un chevreuil est passé par là
251,2025-07-01,47.00,30.00,1410.0000,Plante un peu croche
251,2025-10-23,21.00,316.00,6636.0000,Un chevreuil est passé par là
789,2025-12-16,888.00,852.00,756576.0000,Belle forme pour celle-ci!
471,2025-10-31,715.00,816.00,583440.0000,Belle forme pour celle-ci!
471,2025-11-03,731.00,607.00,443717.0000,Plante un peu croche
471,2025-09-11,976.00,23.00,22448.0000,Goute très bon
471,2025-12-23,406.00,292.00,118552.0000,Belle forme pour celle-ci!
471,2025-08-22,454.00,242.00,109868.0000,Belle forme pour celle-ci!
471,2025-11-10,341.00,66.00,22506.0000,Un chevreuil est passé par là
952,2025-10-03,609.00,902.00,549318.0000,Plante un peu croche
952,2025-12-08,911.00,979.00,891869.0000,Un chevreuil est passé par là
952,2025-10-19,545.00,422.00,229990.0000,Plante un peu croche
952,2025-06-24,251.00,167.00,41917.0000,Plante un peu croche
952,2025-07-14,990.00,915.00,905850.0000,Un chevreuil est passé par là
952,2025-07-27,823.00,117.00,96291.0000,Goute très bon
952,2025-06-19,612.00,75.00,45900.0000,Plante un peu croche
558,2025-07-11,86.00,746.00,64156.0000,Plante un peu croche
558,2025-10-09,862.00,498.00,429276.0000,Belle forme pour celle-ci!
558,2025-06-21,596.00,848.00,505408.0000,Un chevreuil est passé par là
558,2025-12-26,333.00,188.00,62604.0000,Plante un peu croche
847,2025-08-19,292.00,713.00,208196.0000,Super belle plante
847,2025-12-15,222.00,30.00,6660.0000,Belle forme pour celle-ci!
324,2025-06-14,267.00,524.00,139908.0000,Belle forme pour celle-ci!
324,2025-09-30,117.00,13.00,1521.0000,Goute très bon
324,2025-12-13,281.00,696.00,195576.0000,Goute très bon
152,2025-10-12,479.00,431.00,206449.0000,Goute très bon
152,2025-10-26,611.00,972.00,593892.0000,Super belle plante
318,2025-12-11,762.00,387.00,294894.0000,Super belle plante
318,2025-10-23,65.00,633.00,41145.0000,Super belle plante
318,2025-06-18,452.00,612.00,276624.0000,Un chevreuil est passé par là
318,2025-08-13,11.00,415.00,4565.0000,Un chevreuil est passé par là
318,2025-10-10,236.00,448.00,105728.0000,Plante un peu croche
318,2025-06-23,986.00,909.00,896274.0000,Belle forme pour celle-ci!
318,2025-07-22,512.00,915.00,468480.0000,Goute très bon
751,2025-10-16,696.00,480.00,334080.0000,Plante un peu croche
751,2025-07-26,768.00,980.00,752640.0000,Goute très bon
751,2025-09-12,6.00,837.00,5022.0000,Super belle plante
751,2025-10-25,353.00,516.00,182148.0000,Goute très bon
624,2025-11-28,425.00,301.00,127925.0000,Un chevreuil est passé par là
624,2025-10-26,343.00,364.00,124852.0000,Goute très bon
624,2025-10-23,204.00,681.00,138924.0000,Super belle plante
624,2025-07-20,486.00,291.00,141426.0000,Super belle plante
624,2025-09-04,73.00,635.00,46355.0000,Un chevreuil est passé par là
624,2025-06-19,511.00,950.00,485450.0000,Un chevreuil est passé par là
624,2025-12-20,635.00,439.00,278765.0000,Un chevreuil est passé par là
581,2025-12-11,512.00,828.00,423936.0000,Belle forme pour celle-ci!
581,2025-11-06,778.00,376.00,292528.0000,Belle forme pour celle-ci!
581,2025-10-27,476.00,93.00,44268.0000,Goute très bon
1006,2025-12-06,98.00,840.00,82320.0000,Super belle plante
1006,2025-08-07,793.00,608.00,482144.0000,Belle forme pour celle-ci!
1006,2025-12-11,38.00,295.00,11210.0000,Super belle plante
531,2025-12-28,579.00,271.00,156909.0000,Goute très bon
531,2025-07-25,906.00,298.00,269988.0000,Un chevreuil est passé par là
851,2025-10-31,966.00,14.00,13524.0000,Goute très bon
851,2025-07-11,926.00,813.00,752838.0000,Goute très bon
80,2025-09-04,606.00,498.00,301788.0000,Goute très bon
80,2025-08-27,864.00,658.00,568512.0000,Plante un peu croche
80,2025-12-30,176.00,432.00,76032.0000,Un chevreuil est passé par là
80,2025-06-06,94.00,726.00,68244.0000,Plante un peu croche
80,2025-08-20,530.00,823.00,436190.0000,Belle forme pour celle-ci!
80,2025-09-19,419.00,412.00,172628.0000,Un chevreuil est passé par là
80,2025-11-06,91.00,308.00,28028.0000,Un chevreuil est passé par là
385,2025-10-11,873.00,540.00,471420.0000,Un chevreuil est passé par là
385,2025-06-20,51.00,503.00,25653.0000,Goute très bon
232,2025-09-15,715.00,287.00,205205.0000,Plante un peu croche
232,2025-09-19,695.00,815.00,566425.0000,Super belle plante
232,2025-09-02,996.00,312.00,310752.0000,Belle forme pour celle-ci!
232,2025-12-29,541.00,100.00,54100.0000,Super belle plante
232,2025-10-17,718.00,697.00,500446.0000,Belle forme pour celle-ci!
232,2025-07-19,672.00,902.00,606144.0000,Super belle plante
1129,2025-06-17,473.00,206.00,97438.0000,Goute très bon
1129,2025-09-18,526.00,510.00,268260.0000,Super belle plante
1129,2025-10-23,632.00,659.00,416488.0000,Un chevreuil est passé par là
1129,2025-06-26,920.00,925.00,851000.0000,Un chevreuil est passé par là
1129,2025-08-29,269.00,723.00,194487.0000,Plante un peu croche
1129,2025-09-21,949.00,693.00,657657.0000,Belle forme pour celle-ci!
1065,2025-10-20,380.00,331.00,125780.0000,Un chevreuil est passé par là
1065,2025-09-09,264.00,710.00,187440.0000,Super belle plante
1065,2025-08-17,672.00,659.00,442848.0000,Un chevreuil est passé par là
1065,2025-06-20,228.00,320.00,72960.0000,Un chevreuil est passé par là
1065,2025-11-28,311.00,145.00,45095.0000,Belle forme pour celle-ci!
1060,2025-12-20,852.00,679.00,578508.0000,Plante un peu croche
1060,2025-06-06,882.00,762.00,672084.0000,Plante un peu croche
1060,2025-10-26,76.00,421.00,31996.0000,Plante un peu croche
1060,2025-10-19,274.00,282.00,77268.0000,Un chevreuil est passé par là
1060,2025-09-02,233.00,436.00,101588.0000,Un chevreuil est passé par là
1060,2025-10-29,878.00,583.00,511874.0000,Super belle plante
1060,2025-12-04,81.00,606.00,49086.0000,Un chevreuil est passé par là
1024,2025-08-20,405.00,15.00,6075.0000,Goute très bon
1024,2025-12-06,723.00,703.00,508269.0000,Super belle plante
1024,2025-10-27,580.00,533.00,309140.0000,Plante un peu croche
1024,2025-06-01,813.00,373.00,303249.0000,Un chevreuil est passé par là
162,2025-10-20,67.00,874.00,58558.0000,Goute très bon
207,2025-12-18,98.00,46.00,4508.0000,Plante un peu croche
207,2025-06-09,106.00,265.00,28090.0000,Plante un peu croche
406,2025-07-27,112.00,297.00,33264.0000,Un chevreuil est passé par là
483,2025-06-08,778.00,175.00,136150.0000,Super belle plante
483,2025-06-23,738.00,156.00,115128.0000,Belle forme pour celle-ci!
483,2025-07-04,157.00,502.00,78814.0000,Belle forme pour celle-ci!
483,2025-09-11,378.00,787.00,297486.0000,Plante un peu croche
620,2025-12-09,952.00,593.00,564536.0000,Plante un peu croche
620,2025-06-06,140.00,36.00,5040.0000,Un chevreuil est passé par là
620,2025-08-09,830.00,599.00,497170.0000,Plante un peu croche
620,2025-10-01,159.00,954.00,151686.0000,Super belle plante
620,2025-08-12,595.00,955.00,568225.0000,Un chevreuil est passé par là
620,2025-07-12,537.00,10.00,5370.0000,Un chevreuil est passé par là
620,2025-12-03,51.00,767.00,39117.0000,Goute très bon
1072,2025-06-01,676.00,367.00,248092.0000,Goute très bon
1072,2025-09-04,834.00,7.00,5838.0000,Super belle plante
1072,2025-10-21,113.00,944.00,106672.0000,Goute très bon
1072,2025-09-22,175.00,735.00,128625.0000,Un chevreuil est passé par là
1072,2025-07-31,716.00,685.00,490460.0000,Belle forme pour celle-ci!
585,2025-12-17,643.00,873.00,561339.0000,Goute très bon
278,2025-08-27,988.00,465.00,459420.0000,Un chevreuil est passé par là
278,2025-12-14,670.00,533.00,357110.0000,Un chevreuil est passé par là
278,2025-07-28,76.00,828.00,62928.0000,Un chevreuil est passé par là
278,2025-10-02,502.00,449.00,225398.0000,Un chevreuil est passé par là
359,2025-06-28,969.00,289.00,280041.0000,Super belle plante
359,2025-11-22,734.00,10.00,7340.0000,Goute très bon
1034,2025-12-06,14.00,778.00,10892.0000,Goute très bon
1034,2025-12-08,775.00,555.00,430125.0000,Super belle plante
1034,2025-08-14,30.00,462.00,13860.0000,Belle forme pour celle-ci!
1034,2025-08-27,127.00,626.00,79502.0000,Belle forme pour celle-ci!
382,2025-06-11,57.00,379.00,21603.0000,Un chevreuil est passé par là
382,2025-08-15,364.00,602.00,219128.0000,Un chevreuil est passé par là
494,2025-12-21,115.00,478.00,54970.0000,Plante un peu croche
494,2025-12-15,416.00,612.00,254592.0000,Super belle plante
494,2025-11-24,87.00,150.00,13050.0000,Belle forme pour celle-ci!
494,2025-11-20,809.00,58.00,46922.0000,Un chevreuil est passé par là
494,2025-12-23,873.00,214.00,186822.0000,Super belle plante
494,2025-12-10,286.00,789.00,225654.0000,Belle forme pour celle-ci!
1111,2025-08-23,427.00,880.00,375760.0000,Goute très bon
1111,2025-07-09,805.00,323.00,260015.0000,Plante un peu croche
1111,2025-11-23,650.00,72.00,46800.0000,Un chevreuil est passé par là
1111,2025-07-07,640.00,507.00,324480.0000,Goute très bon
971,2025-11-21,635.00,696.00,441960.0000,Super belle plante
971,2025-07-15,549.00,182.00,99918.0000,Goute très bon
971,2025-07-21,525.00,352.00,184800.0000,Belle forme pour celle-ci!
971,2025-09-05,902.00,532.00,479864.0000,Un chevreuil est passé par là
971,2025-06-19,750.00,288.00,216000.0000,Super belle plante
971,2025-12-27,620.00,80.00,49600.0000,Plante un peu croche
997,2025-07-31,343.00,855.00,293265.0000,Belle forme pour celle-ci!
997,2025-09-27,730.00,115.00,83950.0000,Belle forme pour celle-ci!
997,2025-09-23,232.00,506.00,117392.0000,Un chevreuil est passé par là
997,2025-11-08,227.00,214.00,48578.0000,Belle forme pour celle-ci!
997,2025-09-03,738.00,780.00,575640.0000,Plante un peu croche
997,2025-08-15,808.00,545.00,440360.0000,Un chevreuil est passé par là
957,2025-11-18,574.00,214.00,122836.0000,Un chevreuil est passé par là
957,2025-06-30,734.00,484.00,355256.0000,Plante un peu croche
957,2025-07-18,354.00,996.00,352584.0000,Super belle plante
957,2025-10-26,112.00,425.00,47600.0000,Un chevreuil est passé par là
957,2025-08-31,500.00,541.00,270500.0000,Un chevreuil est passé par là
957,2025-06-18,49.00,629.00,30821.0000,Goute très bon
1097,2025-11-21,588.00,892.00,524496.0000,Super belle plante
1097,2025-10-24,494.00,469.00,231686.0000,Goute très bon
546,2025-10-20,83.00,968.00,80344.0000,Goute très bon
546,2025-08-09,149.00,415.00,61835.0000,Un chevreuil est passé par là
546,2025-11-19,560.00,659.00,369040.0000,Belle forme pour celle-ci!
546,2025-07-27,710.00,922.00,654620.0000,Plante un peu croche
546,2025-09-16,601.00,127.00,76327.0000,Super belle plante
966,2025-12-09,950.00,902.00,856900.0000,Un chevreuil est passé par là
966,2025-11-17,339.00,17.00,5763.0000,Plante un peu croche
966,2025-12-14,760.00,537.00,408120.0000,Goute très bon
966,2025-09-16,381.00,520.00,198120.0000,Un chevreuil est passé par là
966,2025-10-16,841.00,493.00,414613.0000,Goute très bon
966,2025-06-15,186.00,698.00,129828.0000,Belle forme pour celle-ci!
966,2025-07-02,774.00,905.00,700470.0000,Goute très bon
343,2025-07-06,181.00,903.00,163443.0000,Un chevreuil est passé par là
343,2025-10-16,414.00,719.00,297666.0000,Goute très bon
343,2025-09-09,941.00,640.00,602240.0000,Belle forme pour celle-ci!
343,2025-09-03,963.00,385.00,370755.0000,Belle forme pour celle-ci!
343,2025-08-21,880.00,682.00,600160.0000,Goute très bon
502,2025-12-19,976.00,487.00,475312.0000,Belle forme pour celle-ci!
502,2025-09-13,679.00,846.00,574434.0000,Super belle plante
502,2025-09-16,417.00,539.00,224763.0000,Super belle plante
502,2025-11-14,845.00,474.00,400530.0000,Plante un peu croche
502,2025-07-24,58.00,64.00,3712.0000,Belle forme pour celle-ci!
502,2025-10-02,589.00,416.00,245024.0000,Belle forme pour celle-ci!
650,2025-11-25,39.00,780.00,30420.0000,Goute très bon
650,2025-11-06,539.00,388.00,209132.0000,Plante un peu croche
650,2025-07-03,234.00,28.00,6552.0000,Plante un peu croche
691,2025-06-19,980.00,59.00,57820.0000,Plante un peu croche
691,2025-09-09,869.00,236.00,205084.0000,Belle forme pour celle-ci!
691,2025-06-04,658.00,350.00,230300.0000,Un chevreuil est passé par là
691,2025-12-06,713.00,79.00,56327.0000,Goute très bon
691,2025-12-19,108.00,661.00,71388.0000,Goute très bon
188,2025-09-30,628.00,257.00,161396.0000,Goute très bon
188,2025-07-16,809.00,297.00,240273.0000,Un chevreuil est passé par là
188,2025-07-14,942.00,600.00,565200.0000,Belle forme pour celle-ci!
188,2025-08-27,558.00,188.00,104904.0000,Goute très bon
376,2025-12-05,982.00,743.00,729626.0000,Goute très bon
1180,2025-09-04,926.00,583.00,539858.0000,Goute très bon
1180,2025-09-23,229.00,976.00,223504.0000,Plante un peu croche
1180,2025-10-22,236.00,1.00,236.0000,Un chevreuil est passé par là
1180,2025-12-02,66.00,821.00,54186.0000,Plante un peu croche
1180,2025-11-06,791.00,92.00,72772.0000,Belle forme pour celle-ci!
1180,2025-12-20,632.00,856.00,540992.0000,Goute très bon
1004,2025-07-01,545.00,701.00,382045.0000,Plante un peu croche
1004,2025-08-17,103.00,454.00,46762.0000,Plante un peu croche
1004,2025-10-22,726.00,49.00,35574.0000,Super belle plante
1004,2025-10-04,639.00,990.00,632610.0000,Plante un peu croche
1064,2025-06-20,164.00,244.00,40016.0000,Super belle plante
1064,2025-09-16,953.00,19.00,18107.0000,Plante un peu croche
1064,2025-09-07,893.00,367.00,327731.0000,Belle forme pour celle-ci!
1191,2025-07-26,711.00,74.00,52614.0000,Goute très bon
1191,2025-10-18,171.00,67.00,11457.0000,Goute très bon
869,2025-09-14,706.00,186.00,131316.0000,Un chevreuil est passé par là
145,2025-10-05,803.00,43.00,34529.0000,Goute très bon
145,2025-07-20,278.00,484.00,134552.0000,Super belle plante
145,2025-10-03,730.00,566.00,413180.0000,Belle forme pour celle-ci!
145,2025-08-30,530.00,664.00,351920.0000,Super belle plante
145,2025-12-17,396.00,517.00,204732.0000,Plante un peu croche
925,2025-10-23,115.00,721.00,82915.0000,Un chevreuil est passé par là
925,2025-08-26,598.00,319.00,190762.0000,Un chevreuil est passé par là
925,2025-12-15,837.00,637.00,533169.0000,Un chevreuil est passé par là
925,2025-11-21,562.00,296.00,166352.0000,Un chevreuil est passé par là
925,2025-06-15,260.00,888.00,230880.0000,Super belle plante
925,2025-08-01,740.00,676.00,500240.0000,Super belle plante
925,2025-08-18,654.00,978.00,639612.0000,Super belle plante
1030,2025-07-16,582.00,430.00,250260.0000,Super belle plante
1030,2025-09-23,134.00,341.00,45694.0000,Super belle plante
1030,2025-11-18,960.00,249.00,239040.0000,Plante un peu croche
1030,2025-06-03,471.00,212.00,99852.0000,Super belle plante
1000,2025-09-03,100.00,563.00,56300.0000,Un chevreuil est passé par là
1000,2025-12-12,61.00,538.00,32818.0000,Belle forme pour celle-ci!
143,2025-12-13,60.00,541.00,32460.0000,Plante un peu croche
119,2025-07-11,378.00,167.00,63126.0000,Goute très bon
119,2025-06-12,67.00,665.00,44555.0000,Plante un peu croche
119,2025-08-28,702.00,825.00,579150.0000,Un chevreuil est passé par là
139,2025-11-25,840.00,332.00,278880.0000,Un chevreuil est passé par là
139,2025-11-27,498.00,526.00,261948.0000,Super belle plante
139,2025-07-07,142.00,597.00,84774.0000,Belle forme pour celle-ci!
139,2025-06-19,305.00,598.00,182390.0000,Belle forme pour celle-ci!
139,2025-08-03,337.00,984.00,331608.0000,Goute très bon
139,2025-06-24,486.00,477.00,231822.0000,Un chevreuil est passé par là
139,2025-07-02,368.00,471.00,173328.0000,Plante un peu croche
683,2025-09-14,120.00,958.00,114960.0000,Plante un peu croche
683,2025-08-28,774.00,448.00,346752.0000,Super belle plante
683,2025-11-22,691.00,78.00,53898.0000,Super belle plante
779,2025-08-23,422.00,976.00,411872.0000,Super belle plante
779,2025-09-26,777.00,626.00,486402.0000,Belle forme pour celle-ci!
779,2025-09-20,913.00,469.00,428197.0000,Plante un peu croche
779,2025-08-01,82.00,377.00,30914.0000,Super belle plante
779,2025-07-13,154.00,300.00,46200.0000,Goute très bon
5,2025-09-28,678.00,246.00,166788.0000,Plante un peu croche
5,2025-11-03,147.00,231.00,33957.0000,Plante un peu croche
5,2025-06-10,582.00,128.00,74496.0000,Plante un peu croche
5,2025-11-05,670.00,433.00,290110.0000,Goute très bon
5,2025-07-31,30.00,718.00,21540.0000,Plante un peu croche
5,2025-12-10,891.00,958.00,853578.0000,Goute très bon
426,2025-11-10,392.00,685.00,268520.0000,Plante un peu croche
426,2025-06-10,172.00,914.00,157208.0000,Belle forme pour celle-ci!
426,2025-10-05,512.00,30.00,15360.0000,Belle forme pour celle-ci!
426,2025-06-02,802.00,248.00,198896.0000,Plante un peu croche
830,2025-08-01,265.00,89.00,23585.0000,Super belle plante
619,2025-09-05,325.00,796.00,258700.0000,Plante un peu croche
619,2025-07-02,506.00,341.00,172546.0000,Un chevreuil est passé par là
619,2025-07-03,818.00,752.00,615136.0000,Super belle plante
623,2025-12-27,591.00,428.00,252948.0000,Un chevreuil est passé par là
623,2025-08-24,613.00,611.00,374543.0000,Goute très bon
623,2025-07-09,404.00,203.00,82012.0000,Goute très bon
623,2025-12-20,773.00,284.00,219532.0000,Belle forme pour celle-ci!
1119,2025-12-12,999.00,627.00,626373.0000,Plante un peu croche
1119,2025-11-30,309.00,908.00,280572.0000,Super belle plante
1119,2025-10-04,21.00,436.00,9156.0000,Goute très bon
212,2025-12-18,126.00,586.00,73836.0000,Un chevreuil est passé par là
212,2025-06-11,545.00,313.00,170585.0000,Goute très bon
212,2025-08-26,870.00,513.00,446310.0000,Goute très bon
212,2025-07-10,22.00,852.00,18744.0000,Un chevreuil est passé par là
212,2025-12-17,386.00,450.00,173700.0000,Plante un peu croche
212,2025-07-13,386.00,11.00,4246.0000,Belle forme pour celle-ci!
212,2025-10-30,219.00,584.00,127896.0000,Un chevreuil est passé par là
980,2025-06-23,848.00,657.00,557136.0000,Plante un peu croche
980,2025-09-08,660.00,326.00,215160.0000,Goute très bon
814,2025-10-31,351.00,651.00,228501.0000,Plante un peu croche
814,2025-11-26,974.00,298.00,290252.0000,Plante un peu croche
814,2025-11-05,814.00,288.00,234432.0000,Super belle plante
814,2025-06-13,304.00,316.00,96064.0000,Super belle plante
87,2025-07-30,405.00,534.00,216270.0000,Goute très bon
87,2025-08-18,355.00,886.00,314530.0000,Belle forme pour celle-ci!
87,2025-07-03,18.00,874.00,15732.0000,Belle forme pour celle-ci!
87,2025-06-03,479.00,242.00,115918.0000,Goute très bon
399,2025-11-26,727.00,731.00,531437.0000,Belle forme pour celle-ci!
399,2025-06-09,510.00,29.00,14790.0000,Goute très bon
399,2025-06-22,457.00,795.00,363315.0000,Un chevreuil est passé par là
398,2025-11-14,398.00,794.00,316012.0000,Goute très bon
38,2025-06-10,362.00,493.00,178466.0000,Super belle plante
38,2025-06-20,182.00,717.00,130494.0000,Super belle plante
38,2025-11-07,15.00,380.00,5700.0000,Un chevreuil est passé par là
38,2025-10-10,923.00,754.00,695942.0000,Plante un peu croche
38,2025-08-20,484.00,977.00,472868.0000,Super belle plante
38,2025-07-29,722.00,96.00,69312.0000,Super belle plante
38,2025-12-12,828.00,966.00,799848.0000,Un chevreuil est passé par là
1027,2025-12-23,616.00,307.00,189112.0000,Super belle plante
1027,2025-12-28,792.00,253.00,200376.0000,Un chevreuil est passé par là
1027,2025-11-14,240.00,667.00,160080.0000,Un chevreuil est passé par là
1027,2025-12-11,81.00,912.00,73872.0000,Plante un peu croche
1027,2025-07-20,780.00,795.00,620100.0000,Plante un peu croche
1027,2025-09-08,409.00,354.00,144786.0000,Super belle plante
1027,2025-10-29,563.00,984.00,553992.0000,Goute très bon
340,2025-09-03,388.00,621.00,240948.0000,Un chevreuil est passé par là
340,2025-08-30,358.00,732.00,262056.0000,Plante un peu croche
340,2025-10-25,286.00,794.00,227084.0000,Super belle plante
340,2025-12-15,200.00,651.00,130200.0000,Goute très bon
340,2025-09-21,939.00,98.00,92022.0000,Goute très bon
340,2025-06-06,76.00,332.00,25232.0000,Un chevreuil est passé par là
110,2025-08-17,783.00,374.00,292842.0000,Belle forme pour celle-ci!
110,2025-10-23,376.00,817.00,307192.0000,Super belle plante
110,2025-09-09,261.00,436.00,113796.0000,Un chevreuil est passé par là
110,2025-10-24,530.00,758.00,401740.0000,Un chevreuil est passé par là
1016,2025-10-24,120.00,967.00,116040.0000,Super belle plante
1016,2025-08-08,832.00,277.00,230464.0000,Belle forme pour celle-ci!
1016,2025-10-26,537.00,612.00,328644.0000,Belle forme pour celle-ci!
1016,2025-06-25,125.00,167.00,20875.0000,Goute très bon
394,2025-10-11,884.00,686.00,606424.0000,Belle forme pour celle-ci!
394,2025-06-19,599.00,271.00,162329.0000,Un chevreuil est passé par là
394,2025-12-20,719.00,60.00,43140.0000,Goute très bon
301,2025-08-28,22.00,79.00,1738.0000,Belle forme pour celle-ci!
301,2025-10-21,219.00,277.00,60663.0000,Super belle plante
301,2025-09-27,60.00,497.00,29820.0000,Un chevreuil est passé par là
301,2025-10-27,895.00,888.00,794760.0000,Un chevreuil est passé par là
460,2025-09-08,872.00,265.00,231080.0000,Goute très bon
460,2025-09-02,723.00,12.00,8676.0000,Super belle plante
460,2025-10-03,419.00,914.00,382966.0000,Belle forme pour celle-ci!
460,2025-11-07,112.00,575.00,64400.0000,Belle forme pour celle-ci!
460,2025-10-04,643.00,782.00,502826.0000,Belle forme pour celle-ci!
608,2025-06-30,197.00,911.00,179467.0000,Belle forme pour celle-ci!
608,2025-10-13,964.00,677.00,652628.0000,Belle forme pour celle-ci!
296,2025-10-17,421.00,155.00,65255.0000,Un chevreuil est passé par là
296,2025-10-30,269.00,830.00,223270.0000,Belle forme pour celle-ci!
296,2025-12-26,795.00,716.00,569220.0000,Belle forme pour celle-ci!
296,2025-11-10,645.00,466.00,300570.0000,Super belle plante
296,2025-12-21,437.00,491.00,214567.0000,Goute très bon
296,2025-07-06,986.00,131.00,129166.0000,Plante un peu croche
296,2025-08-03,619.00,797.00,493343.0000,Super belle plante
386,2025-07-24,781.00,699.00,545919.0000,Belle forme pour celle-ci!
1046,2025-12-07,235.00,708.00,166380.0000,Un chevreuil est passé par là
1046,2025-10-25,129.00,452.00,58308.0000,Super belle plante
1046,2025-10-16,510.00,300.00,153000.0000,Plante un peu croche
1046,2025-12-22,426.00,741.00,315666.0000,Super belle plante
516,2025-06-23,124.00,983.00,121892.0000,Super belle plante
516,2025-10-05,611.00,643.00,392873.0000,Plante un peu croche
516,2025-11-23,779.00,583.00,454157.0000,Belle forme pour celle-ci!
516,2025-09-28,490.00,145.00,71050.0000,Un chevreuil est passé par là
516,2025-12-30,507.00,347.00,175929.0000,Belle forme pour celle-ci!
516,2025-08-03,477.00,733.00,349641.0000,Belle forme pour celle-ci!
516,2025-11-15,925.00,684.00,632700.0000,Plante un peu croche
1134,2025-10-11,269.00,732.00,196908.0000,Goute très bon
1134,2025-06-24,665.00,618.00,410970.0000,Super belle plante
1134,2025-11-11,851.00,637.00,542087.0000,Un chevreuil est passé par là
1126,2025-09-08,971.00,531.00,515601.0000,Un chevreuil est passé par là
1126,2025-08-02,629.00,191.00,120139.0000,Super belle plante
1126,2025-09-11,779.00,775.00,603725.0000,Goute très bon
1126,2025-11-30,45.00,423.00,19035.0000,Belle forme pour celle-ci!
1126,2025-08-21,870.00,962.00,836940.0000,Belle forme pour celle-ci!
1126,2025-12-28,425.00,506.00,215050.0000,Belle forme pour celle-ci!
53,2025-11-02,60.00,579.00,34740.0000,Plante un peu croche
53,2025-10-31,403.00,259.00,104377.0000,Belle forme pour celle-ci!
53,2025-08-23,508.00,749.00,380492.0000,Super belle plante
53,2025-10-20,832.00,431.00,358592.0000,Super belle plante
53,2025-10-01,121.00,460.00,55660.0000,Super belle plante
53,2025-06-21,616.00,123.00,75768.0000,Goute très bon
53,2025-06-26,384.00,911.00,349824.0000,Plante un peu croche
1033,2025-12-28,56.00,86.00,4816.0000,Goute très bon
1033,2025-11-29,404.00,558.00,225432.0000,Plante un peu croche
1033,2025-09-10,564.00,94.00,53016.0000,Un chevreuil est passé par là
1033,2025-10-07,191.00,666.00,127206.0000,Belle forme pour celle-ci!
8,2025-08-10,821.00,649.00,532829.0000,Plante un peu croche
8,2025-11-05,260.00,479.00,124540.0000,Un chevreuil est passé par là
8,2025-09-04,273.00,983.00,268359.0000,Belle forme pour celle-ci!
8,2025-10-04,207.00,127.00,26289.0000,Super belle plante
8,2025-10-14,90.00,728.00,65520.0000,Super belle plante
8,2025-09-03,623.00,187.00,116501.0000,Un chevreuil est passé par là
8,2025-07-13,125.00,266.00,33250.0000,Super belle plante
1161,2025-10-01,419.00,647.00,271093.0000,Belle forme pour celle-ci!
1161,2025-07-16,316.00,195.00,61620.0000,Plante un peu croche
1161,2025-10-05,955.00,30.00,28650.0000,Plante un peu croche
1161,2025-09-18,806.00,926.00,746356.0000,Belle forme pour celle-ci!
764,2025-10-25,958.00,719.00,688802.0000,Super belle plante
764,2025-08-19,215.00,48.00,10320.0000,Goute très bon
1146,2025-11-23,313.00,139.00,43507.0000,Super belle plante
1146,2025-12-03,693.00,189.00,130977.0000,Plante un peu croche
1146,2025-12-24,82.00,2.00,164.0000,Plante un peu croche
341,2025-06-12,91.00,652.00,59332.0000,Plante un peu croche
341,2025-09-10,28.00,401.00,11228.0000,Plante un peu croche
654,2025-09-23,480.00,562.00,269760.0000,Un chevreuil est passé par là
654,2025-08-02,326.00,138.00,44988.0000,Plante un peu croche
654,2025-10-20,282.00,964.00,271848.0000,Super belle plante
654,2025-11-19,159.00,420.00,66780.0000,Goute très bon
654,2025-08-26,811.00,217.00,175987.0000,Super belle plante
654,2025-06-13,795.00,550.00,437250.0000,Goute très bon
654,2025-12-02,530.00,310.00,164300.0000,Goute très bon
589,2025-06-01,751.00,726.00,545226.0000,Plante un peu croche
589,2025-11-25,651.00,439.00,285789.0000,Un chevreuil est passé par là
589,2025-09-04,205.00,415.00,85075.0000,Un chevreuil est passé par là
589,2025-11-02,534.00,627.00,334818.0000,Super belle plante
589,2025-12-18,170.00,557.00,94690.0000,Goute très bon
589,2025-11-16,880.00,98.00,86240.0000,Un chevreuil est passé par là
628,2025-12-19,361.00,884.00,319124.0000,Belle forme pour celle-ci!
628,2025-07-05,375.00,762.00,285750.0000,Un chevreuil est passé par là
628,2025-10-09,269.00,443.00,119167.0000,Belle forme pour celle-ci!
628,2025-07-22,203.00,511.00,103733.0000,Super belle plante
628,2025-07-16,593.00,943.00,559199.0000,Super belle plante
902,2025-10-12,190.00,683.00,129770.0000,Plante un peu croche
902,2025-06-19,161.00,357.00,57477.0000,Un chevreuil est passé par là
902,2025-11-30,351.00,336.00,117936.0000,Goute très bon
902,2025-09-19,392.00,794.00,311248.0000,Belle forme pour celle-ci!
902,2025-11-24,841.00,548.00,460868.0000,Goute très bon
983,2025-11-28,559.00,281.00,157079.0000,Un chevreuil est passé par là
983,2025-06-24,132.00,796.00,105072.0000,Goute très bon
983,2025-09-03,249.00,536.00,133464.0000,Goute très bon
983,2025-08-02,965.00,591.00,570315.0000,Plante un peu croche
60,2025-07-21,755.00,950.00,717250.0000,Belle forme pour celle-ci!
60,2025-06-12,185.00,608.00,112480.0000,Goute très bon
60,2025-09-24,435.00,852.00,370620.0000,Un chevreuil est passé par là
60,2025-09-18,162.00,726.00,117612.0000,Belle forme pour celle-ci!
60,2025-11-18,79.00,73.00,5767.0000,Plante un peu croche
135,2025-07-29,616.00,262.00,161392.0000,Plante un peu croche
135,2025-07-27,671.00,481.00,322751.0000,Un chevreuil est passé par là
135,2025-07-05,620.00,160.00,99200.0000,Belle forme pour celle-ci!
135,2025-11-12,325.00,232.00,75400.0000,Belle forme pour celle-ci!
135,2025-10-03,595.00,615.00,365925.0000,Super belle plante
135,2025-12-27,78.00,233.00,18174.0000,Belle forme pour celle-ci!
299,2025-11-23,502.00,165.00,82830.0000,Plante un peu croche
299,2025-07-24,620.00,118.00,73160.0000,Un chevreuil est passé par là
299,2025-08-09,665.00,788.00,524020.0000,Un chevreuil est passé par là
299,2025-07-28,386.00,152.00,58672.0000,Un chevreuil est passé par là
299,2025-11-28,830.00,655.00,543650.0000,Goute très bon
299,2025-06-16,717.00,254.00,182118.0000,Un chevreuil est passé par là
192,2025-09-13,802.00,987.00,791574.0000,Goute très bon
192,2025-08-06,668.00,219.00,146292.0000,Belle forme pour celle-ci!
192,2025-09-19,527.00,90.00,47430.0000,Goute très bon
192,2025-12-30,877.00,780.00,684060.0000,Goute très bon
192,2025-09-12,243.00,897.00,217971.0000,Super belle plante
192,2025-11-27,37.00,715.00,26455.0000,Un chevreuil est passé par là
192,2025-12-09,623.00,989.00,616147.0000,Super belle plante
228,2025-11-03,46.00,659.00,30314.0000,Super belle plante
228,2025-09-29,324.00,502.00,162648.0000,Plante un peu croche
228,2025-08-17,696.00,181.00,125976.0000,Plante un peu croche
228,2025-12-28,894.00,381.00,340614.0000,Goute très bon
228,2025-10-27,936.00,820.00,767520.0000,Plante un peu croche
113,2025-09-10,104.00,241.00,25064.0000,Goute très bon
113,2025-07-03,698.00,942.00,657516.0000,Plante un peu croche
113,2025-08-28,135.00,540.00,72900.0000,Goute très bon
113,2025-07-12,268.00,692.00,185456.0000,Goute très bon
113,2025-10-08,961.00,684.00,657324.0000,Goute très bon
113,2025-09-03,148.00,67.00,9916.0000,Un chevreuil est passé par là
149,2025-07-07,597.00,136.00,81192.0000,Belle forme pour celle-ci!
149,2025-06-04,257.00,889.00,228473.0000,Goute très bon
697,2025-06-12,738.00,566.00,417708.0000,Un chevreuil est passé par là
697,2025-06-09,917.00,101.00,92617.0000,Goute très bon
697,2025-10-31,720.00,117.00,84240.0000,Goute très bon
697,2025-07-14,282.00,140.00,39480.0000,Belle forme pour celle-ci!
697,2025-12-28,481.00,923.00,443963.0000,Plante un peu croche
697,2025-09-26,622.00,890.00,553580.0000,Super belle plante
396,2025-09-02,424.00,605.00,256520.0000,Super belle plante
396,2025-12-22,168.00,174.00,29232.0000,Un chevreuil est passé par là
396,2025-06-25,654.00,82.00,53628.0000,Super belle plante
396,2025-09-19,634.00,18.00,11412.0000,Belle forme pour celle-ci!
396,2025-06-06,469.00,392.00,183848.0000,Belle forme pour celle-ci!
396,2025-06-26,730.00,751.00,548230.0000,Plante un peu croche
396,2025-10-17,246.00,482.00,118572.0000,Belle forme pour celle-ci!
826,2025-10-18,212.00,289.00,61268.0000,Super belle plante
564,2025-06-03,732.00,930.00,680760.0000,Un chevreuil est passé par là
564,2025-09-14,958.00,216.00,206928.0000,Un chevreuil est passé par là
564,2025-09-29,849.00,587.00,498363.0000,Plante un peu croche
564,2025-11-01,595.00,709.00,421855.0000,Plante un peu croche
564,2025-06-20,780.00,512.00,399360.0000,Super belle plante
564,2025-10-24,591.00,324.00,191484.0000,Goute très bon
564,2025-10-21,517.00,542.00,280214.0000,Plante un peu croche
687,2025-08-26,961.00,682.00,655402.0000,Super belle plante
1021,2025-12-29,399.00,375.00,149625.0000,Goute très bon
1021,2025-08-09,522.00,646.00,337212.0000,Goute très bon
1021,2025-07-30,52.00,185.00,9620.0000,Belle forme pour celle-ci!
1021,2025-10-22,585.00,206.00,120510.0000,Goute très bon
1021,2025-06-26,192.00,10.00,1920.0000,Plante un peu croche
1021,2025-10-18,748.00,919.00,687412.0000,Un chevreuil est passé par là
155,2025-12-28,761.00,778.00,592058.0000,Belle forme pour celle-ci!
155,2025-12-01,614.00,60.00,36840.0000,Super belle plante
155,2025-06-08,119.00,446.00,53074.0000,Goute très bon
155,2025-12-29,926.00,868.00,803768.0000,Belle forme pour celle-ci!
155,2025-10-12,172.00,660.00,113520.0000,Goute très bon
155,2025-11-04,642.00,207.00,132894.0000,Plante un peu croche
155,2025-07-11,827.00,725.00,599575.0000,Plante un peu croche
375,2025-06-23,580.00,685.00,397300.0000,Un chevreuil est passé par là
375,2025-07-25,170.00,842.00,143140.0000,Un chevreuil est passé par là
375,2025-06-10,8.00,922.00,7376.0000,Belle forme pour celle-ci!
375,2025-06-01,228.00,586.00,133608.0000,Plante un peu croche
375,2025-08-07,963.00,791.00,761733.0000,Super belle plante
375,2025-06-30,488.00,23.00,11224.0000,Un chevreuil est passé par là
236,2025-09-06,321.00,901.00,289221.0000,Belle forme pour celle-ci!
743,2025-07-18,394.00,814.00,320716.0000,Super belle plante
743,2025-06-05,432.00,752.00,324864.0000,Goute très bon
635,2025-12-16,42.00,612.00,25704.0000,Un chevreuil est passé par là
635,2025-12-08,457.00,607.00,277399.0000,Goute très bon
635,2025-06-15,721.00,849.00,612129.0000,Super belle plante
1139,2025-09-12,965.00,7.00,6755.0000,Belle forme pour celle-ci!
1139,2025-10-06,231.00,739.00,170709.0000,Super belle plante
1139,2025-12-15,182.00,288.00,52416.0000,Un chevreuil est passé par là
1139,2025-11-17,132.00,260.00,34320.0000,Goute très bon
1172,2025-10-11,736.00,921.00,677856.0000,Un chevreuil est passé par là
1172,2025-08-07,39.00,997.00,38883.0000,Plante un peu croche
1172,2025-07-15,765.00,838.00,641070.0000,Super belle plante
708,2025-06-27,671.00,599.00,401929.0000,Super belle plante
708,2025-08-22,631.00,259.00,163429.0000,Super belle plante
708,2025-06-08,256.00,779.00,199424.0000,Super belle plante
708,2025-10-29,751.00,865.00,649615.0000,Plante un peu croche
708,2025-08-18,176.00,607.00,106832.0000,Belle forme pour celle-ci!
708,2025-08-11,478.00,676.00,323128.0000,Plante un peu croche
708,2025-06-15,495.00,483.00,239085.0000,Belle forme pour celle-ci!
336,2025-06-18,277.00,109.00,30193.0000,Goute très bon
336,2025-12-18,766.00,85.00,65110.0000,Goute très bon
336,2025-08-07,380.00,376.00,142880.0000,Goute très bon
336,2025-10-12,217.00,140.00,30380.0000,Plante un peu croche
336,2025-09-14,222.00,45.00,9990.0000,Plante un peu croche
906,2025-08-17,936.00,39.00,36504.0000,Plante un peu croche
906,2025-11-09,978.00,476.00,465528.0000,Un chevreuil est passé par là
906,2025-06-30,200.00,423.00,84600.0000,Un chevreuil est passé par là
906,2025-06-13,183.00,335.00,61305.0000,Goute très bon
906,2025-07-21,527.00,673.00,354671.0000,Un chevreuil est passé par là
186,2025-08-15,795.00,80.00,63600.0000,Plante un peu croche
186,2025-07-31,213.00,405.00,86265.0000,Goute très bon
186,2025-10-22,907.00,486.00,440802.0000,Un chevreuil est passé par là
186,2025-11-01,409.00,853.00,348877.0000,Goute très bon
509,2025-06-27,789.00,778.00,613842.0000,Super belle plante
509,2025-10-08,154.00,661.00,101794.0000,Super belle plante
509,2025-09-17,830.00,557.00,462310.0000,Belle forme pour celle-ci!
463,2025-07-15,3.00,161.00,483.0000,Un chevreuil est passé par là
573,2025-10-22,820.00,349.00,286180.0000,Un chevreuil est passé par là
573,2025-10-08,533.00,327.00,174291.0000,Un chevreuil est passé par là
573,2025-08-13,65.00,452.00,29380.0000,Goute très bon
573,2025-11-06,157.00,974.00,152918.0000,Goute très bon
573,2025-09-12,155.00,640.00,99200.0000,Un chevreuil est passé par là
573,2025-07-02,82.00,883.00,72406.0000,Goute très bon
573,2025-08-29,19.00,105.00,1995.0000,Super belle plante
679,2025-08-08,932.00,644.00,600208.0000,Belle forme pour celle-ci!
679,2025-10-20,137.00,763.00,104531.0000,Super belle plante
679,2025-11-14,807.00,280.00,225960.0000,Belle forme pour celle-ci!
679,2025-10-03,322.00,40.00,12880.0000,Plante un peu croche
679,2025-08-03,225.00,103.00,23175.0000,Goute très bon
679,2025-12-15,606.00,657.00,398142.0000,Goute très bon
679,2025-08-23,240.00,488.00,117120.0000,Plante un peu croche
916,2025-08-02,718.00,896.00,643328.0000,Goute très bon
916,2025-10-27,718.00,66.00,47388.0000,Belle forme pour celle-ci!
916,2025-08-18,618.00,108.00,66744.0000,Goute très bon
916,2025-07-26,277.00,362.00,100274.0000,Plante un peu croche
916,2025-11-07,194.00,200.00,38800.0000,Belle forme pour celle-ci!
178,2025-08-04,189.00,196.00,37044.0000,Belle forme pour celle-ci!
1108,2025-10-22,187.00,38.00,7106.0000,Belle forme pour celle-ci!
1108,2025-09-22,607.00,611.00,370877.0000,Plante un peu croche
1108,2025-06-10,887.00,128.00,113536.0000,Super belle plante
1108,2025-09-01,523.00,109.00,57007.0000,Belle forme pour celle-ci!
900,2025-11-17,86.00,621.00,53406.0000,Super belle plante
900,2025-09-27,24.00,557.00,13368.0000,Super belle plante
900,2025-12-06,995.00,359.00,357205.0000,Belle forme pour celle-ci!
900,2025-06-28,297.00,910.00,270270.0000,Goute très bon
900,2025-10-20,175.00,849.00,148575.0000,Belle forme pour celle-ci!
1045,2025-09-09,975.00,66.00,64350.0000,Un chevreuil est passé par là
1045,2025-10-30,531.00,117.00,62127.0000,Belle forme pour celle-ci!
1045,2025-10-15,938.00,416.00,390208.0000,Belle forme pour celle-ci!
1045,2025-07-20,699.00,20.00,13980.0000,Un chevreuil est passé par là
1045,2025-07-12,150.00,997.00,149550.0000,Goute très bon
1045,2025-09-17,939.00,85.00,79815.0000,Plante un peu croche
631,2025-07-02,679.00,86.00,58394.0000,Super belle plante
631,2025-07-13,136.00,183.00,24888.0000,Belle forme pour celle-ci!
23,2025-07-31,630.00,188.00,118440.0000,Belle forme pour celle-ci!
728,2025-11-10,932.00,104.00,96928.0000,Belle forme pour celle-ci!
658,2025-09-13,680.00,672.00,456960.0000,Plante un peu croche
658,2025-09-17,480.00,511.00,245280.0000,Plante un peu croche
658,2025-11-23,523.00,826.00,431998.0000,Un chevreuil est passé par là
71,2025-07-08,401.00,238.00,95438.0000,Un chevreuil est passé par là
71,2025-10-12,493.00,4.00,1972.0000,Plante un peu croche
1145,2025-12-18,846.00,283.00,239418.0000,Super belle plante
325,2025-11-10,493.00,837.00,412641.0000,Goute très bon
288,2025-08-07,239.00,806.00,192634.0000,Goute très bon
288,2025-08-23,201.00,219.00,44019.0000,Plante un peu croche
288,2025-06-06,338.00,996.00,336648.0000,Belle forme pour celle-ci!
288,2025-09-10,18.00,518.00,9324.0000,Belle forme pour celle-ci!
288,2025-11-24,610.00,740.00,451400.0000,Belle forme pour celle-ci!
288,2025-10-25,542.00,17.00,9214.0000,Un chevreuil est passé par là
538,2025-06-25,854.00,63.00,53802.0000,Goute très bon
538,2025-06-19,852.00,609.00,518868.0000,Un chevreuil est passé par là
538,2025-10-15,436.00,845.00,368420.0000,Un chevreuil est passé par là
538,2025-10-29,295.00,592.00,174640.0000,Super belle plante
538,2025-12-15,546.00,437.00,238602.0000,Belle forme pour celle-ci!
203,2025-06-06,138.00,681.00,93978.0000,Super belle plante
203,2025-07-24,853.00,542.00,462326.0000,Plante un peu croche
203,2025-10-19,933.00,307.00,286431.0000,Un chevreuil est passé par là
457,2025-09-26,666.00,923.00,614718.0000,Belle forme pour celle-ci!
457,2025-12-02,711.00,497.00,353367.0000,Plante un peu croche
457,2025-11-08,345.00,227.00,78315.0000,Belle forme pour celle-ci!
457,2025-09-02,609.00,746.00,454314.0000,Plante un peu croche
457,2025-07-08,209.00,361.00,75449.0000,Super belle plante
457,2025-09-10,110.00,569.00,62590.0000,Belle forme pour celle-ci!
457,2025-07-25,565.00,597.00,337305.0000,Un chevreuil est passé par là
588,2025-10-08,1.00,38.00,38.0000,Belle forme pour celle-ci!
588,2025-11-28,907.00,888.00,805416.0000,Super belle plante
588,2025-09-18,945.00,438.00,413910.0000,Belle forme pour celle-ci!
545,2025-10-24,695.00,411.00,285645.0000,Un chevreuil est passé par là
545,2025-06-22,945.00,195.00,184275.0000,Super belle plante
545,2025-07-13,492.00,383.00,188436.0000,Goute très bon
545,2025-09-14,278.00,655.00,182090.0000,Un chevreuil est passé par là
545,2025-09-13,701.00,516.00,361716.0000,Super belle plante
545,2025-11-12,520.00,936.00,486720.0000,Plante un peu croche
545,2025-09-05,973.00,923.00,898079.0000,Un chevreuil est passé par là
913,2025-06-22,73.00,18.00,1314.0000,Plante un peu croche
913,2025-12-28,890.00,951.00,846390.0000,Goute très bon
913,2025-09-13,830.00,642.00,532860.0000,Plante un peu croche
913,2025-12-04,624.00,507.00,316368.0000,Super belle plante
913,2025-12-20,413.00,412.00,170156.0000,Un chevreuil est passé par là
913,2025-11-30,12.00,306.00,3672.0000,Belle forme pour celle-ci!
594,2025-09-17,464.00,635.00,294640.0000,Un chevreuil est passé par là
594,2025-10-16,517.00,263.00,135971.0000,Goute très bon
594,2025-11-17,591.00,221.00,130611.0000,Belle forme pour celle-ci!
594,2025-08-24,416.00,91.00,37856.0000,Goute très bon
594,2025-07-28,433.00,876.00,379308.0000,Belle forme pour celle-ci!
1173,2025-11-05,688.00,835.00,574480.0000,Super belle plante
1173,2025-08-04,12.00,36.00,432.0000,Super belle plante
1173,2025-10-18,652.00,317.00,206684.0000,Belle forme pour celle-ci!
1173,2025-11-06,616.00,633.00,389928.0000,Goute très bon
1001,2025-09-14,780.00,834.00,650520.0000,Belle forme pour celle-ci!
1001,2025-07-14,327.00,244.00,79788.0000,Goute très bon
1001,2025-10-27,588.00,419.00,246372.0000,Plante un peu croche
1001,2025-06-26,681.00,850.00,578850.0000,Un chevreuil est passé par là
1001,2025-12-11,724.00,539.00,390236.0000,Plante un peu croche
1001,2025-12-01,473.00,485.00,229405.0000,Plante un peu croche
1001,2025-06-29,615.00,737.00,453255.0000,Belle forme pour celle-ci!
221,2025-10-07,662.00,907.00,600434.0000,Super belle plante
221,2025-10-01,245.00,470.00,115150.0000,Plante un peu croche
499,2025-09-02,156.00,955.00,148980.0000,Plante un peu croche
499,2025-10-08,261.00,805.00,210105.0000,Plante un peu croche
499,2025-11-30,148.00,17.00,2516.0000,Goute très bon
499,2025-12-03,248.00,531.00,131688.0000,Belle forme pour celle-ci!
282,2025-06-02,270.00,623.00,168210.0000,Un chevreuil est passé par là
282,2025-07-09,343.00,373.00,127939.0000,Plante un peu croche
282,2025-07-13,695.00,255.00,177225.0000,Plante un peu croche
282,2025-08-13,698.00,811.00,566078.0000,Belle forme pour celle-ci!
282,2025-06-19,13.00,331.00,4303.0000,Un chevreuil est passé par là
282,2025-08-27,766.00,657.00,503262.0000,Un chevreuil est passé par là
282,2025-10-17,858.00,386.00,331188.0000,Belle forme pour celle-ci!
703,2025-12-07,280.00,983.00,275240.0000,Super belle plante
703,2025-09-10,488.00,592.00,288896.0000,Un chevreuil est passé par là
802,2025-09-06,474.00,924.00,437976.0000,Goute très bon
802,2025-07-02,502.00,94.00,47188.0000,Super belle plante
802,2025-10-11,701.00,121.00,84821.0000,Goute très bon
802,2025-10-29,537.00,848.00,455376.0000,Super belle plante
844,2025-09-05,368.00,269.00,98992.0000,Un chevreuil est passé par là
1178,2025-08-27,930.00,344.00,319920.0000,Un chevreuil est passé par là
1178,2025-09-24,465.00,472.00,219480.0000,Goute très bon
1178,2025-10-27,836.00,512.00,428032.0000,Belle forme pour celle-ci!
1178,2025-07-30,276.00,994.00,274344.0000,Goute très bon
28,2025-07-24,433.00,810.00,350730.0000,Super belle plante
28,2025-07-17,957.00,422.00,403854.0000,Super belle plante
28,2025-11-15,606.00,11.00,6666.0000,Belle forme pour celle-ci!
28,2025-10-12,258.00,201.00,51858.0000,Goute très bon
28,2025-12-01,823.00,864.00,711072.0000,Plante un peu croche
749,2025-11-26,295.00,693.00,204435.0000,Plante un peu croche
749,2025-11-14,23.00,923.00,21229.0000,Plante un peu croche
749,2025-06-06,497.00,661.00,328517.0000,Goute très bon
749,2025-09-13,78.00,101.00,7878.0000,Plante un peu croche
520,2025-08-06,553.00,170.00,94010.0000,Un chevreuil est passé par là
520,2025-08-02,606.00,280.00,169680.0000,Super belle plante
520,2025-10-03,534.00,745.00,397830.0000,Belle forme pour celle-ci!
520,2025-11-05,193.00,393.00,75849.0000,Belle forme pour celle-ci!
520,2025-12-01,178.00,6.00,1068.0000,Belle forme pour celle-ci!
520,2025-07-19,207.00,533.00,110331.0000,Super belle plante
714,2025-07-14,96.00,954.00,91584.0000,Belle forme pour celle-ci!
714,2025-07-04,416.00,508.00,211328.0000,Super belle plante
669,2025-11-11,681.00,878.00,597918.0000,Goute très bon
669,2025-10-27,249.00,790.00,196710.0000,Plante un peu croche
669,2025-07-17,533.00,156.00,83148.0000,Belle forme pour celle-ci!
669,2025-11-22,666.00,690.00,459540.0000,Belle forme pour celle-ci!
669,2025-10-07,385.00,601.00,231385.0000,Belle forme pour celle-ci!
582,2025-06-12,318.00,433.00,137694.0000,Un chevreuil est passé par là
582,2025-09-04,864.00,386.00,333504.0000,Super belle plante
123,2025-06-13,957.00,254.00,243078.0000,Un chevreuil est passé par là
123,2025-09-03,964.00,421.00,405844.0000,Plante un peu croche
1054,2025-08-19,288.00,539.00,155232.0000,Super belle plante
1054,2025-09-04,493.00,88.00,43384.0000,Un chevreuil est passé par là
1054,2025-07-14,339.00,491.00,166449.0000,Goute très bon
1054,2025-12-24,974.00,936.00,911664.0000,Un chevreuil est passé par là
1054,2025-07-29,889.00,793.00,704977.0000,Goute très bon
1054,2025-10-03,588.00,663.00,389844.0000,Plante un peu croche
267,2025-09-21,878.00,782.00,686596.0000,Belle forme pour celle-ci!
267,2025-06-23,608.00,680.00,413440.0000,Un chevreuil est passé par là
267,2025-12-09,12.00,506.00,6072.0000,Plante un peu croche
267,2025-07-22,411.00,644.00,264684.0000,Goute très bon
267,2025-12-07,488.00,813.00,396744.0000,Goute très bon
267,2025-12-17,607.00,243.00,147501.0000,Plante un peu croche
759,2025-10-06,648.00,212.00,137376.0000,Plante un peu croche
759,2025-10-30,954.00,694.00,662076.0000,Un chevreuil est passé par là
759,2025-06-06,790.00,517.00,408430.0000,Belle forme pour celle-ci!
963,2025-09-04,485.00,416.00,201760.0000,Goute très bon
963,2025-12-11,703.00,879.00,617937.0000,Super belle plante
963,2025-09-01,302.00,524.00,158248.0000,Un chevreuil est passé par là
963,2025-11-12,284.00,49.00,13916.0000,Super belle plante
963,2025-08-12,398.00,889.00,353822.0000,Belle forme pour celle-ci!
963,2025-11-08,171.00,743.00,127053.0000,Belle forme pour celle-ci!
963,2025-10-24,821.00,802.00,658442.0000,Belle forme pour celle-ci!
928,2025-09-12,41.00,80.00,3280.0000,Plante un peu croche
993,2025-11-30,306.00,589.00,180234.0000,Goute très bon
746,2025-06-08,215.00,121.00,26015.0000,Un chevreuil est passé par là
746,2025-08-07,794.00,700.00,555800.0000,Plante un peu croche
746,2025-06-26,109.00,619.00,67471.0000,Un chevreuil est passé par là
1141,2025-07-13,75.00,836.00,62700.0000,Goute très bon
1141,2025-09-26,880.00,845.00,743600.0000,Belle forme pour celle-ci!
1141,2025-09-02,997.00,345.00,343965.0000,Super belle plante
1141,2025-10-10,378.00,871.00,329238.0000,Un chevreuil est passé par là
1141,2025-07-11,858.00,497.00,426426.0000,Goute très bon
1141,2025-11-12,434.00,270.00,117180.0000,Goute très bon
1141,2025-10-01,792.00,231.00,182952.0000,Super belle plante
673,2025-08-18,527.00,599.00,315673.0000,Belle forme pour celle-ci!
673,2025-10-12,479.00,317.00,151843.0000,Belle forme pour celle-ci!
673,2025-11-13,912.00,763.00,695856.0000,Goute très bon
673,2025-06-03,580.00,805.00,466900.0000,Super belle plante
673,2025-10-26,488.00,151.00,73688.0000,Plante un peu croche
673,2025-08-15,240.00,239.00,57360.0000,Goute très bon
121,2025-09-06,53.00,803.00,42559.0000,Goute très bon
121,2025-11-30,445.00,822.00,365790.0000,Plante un peu croche
121,2025-06-11,90.00,843.00,75870.0000,Goute très bon
1168,2025-10-11,473.00,2.00,946.0000,Belle forme pour celle-ci!
1168,2025-12-20,83.00,560.00,46480.0000,Un chevreuil est passé par là
1168,2025-12-28,76.00,947.00,71972.0000,Goute très bon
1168,2025-06-29,20.00,867.00,17340.0000,Belle forme pour celle-ci!
1168,2025-06-28,317.00,594.00,188298.0000,Un chevreuil est passé par là
1168,2025-10-12,803.00,123.00,98769.0000,Super belle plante
285,2025-09-06,163.00,227.00,37001.0000,Belle forme pour celle-ci!
285,2025-12-15,775.00,75.00,58125.0000,Plante un peu croche
1015,2025-07-16,99.00,458.00,45342.0000,Goute très bon
904,2025-08-08,312.00,764.00,238368.0000,Goute très bon
904,2025-12-12,315.00,192.00,60480.0000,Un chevreuil est passé par là
904,2025-11-06,103.00,742.00,76426.0000,Super belle plante
922,2025-11-05,912.00,786.00,716832.0000,Super belle plante
922,2025-06-07,109.00,439.00,47851.0000,Belle forme pour celle-ci!
850,2025-09-27,881.00,491.00,432571.0000,Super belle plante
986,2025-06-21,367.00,704.00,258368.0000,Un chevreuil est passé par là
986,2025-06-10,86.00,105.00,9030.0000,Un chevreuil est passé par là
986,2025-09-28,367.00,77.00,28259.0000,Super belle plante
986,2025-06-22,470.00,808.00,379760.0000,Un chevreuil est passé par là
986,2025-06-29,658.00,489.00,321762.0000,Belle forme pour celle-ci!
986,2025-08-19,725.00,901.00,653225.0000,Belle forme pour celle-ci!
1100,2025-11-24,139.00,665.00,92435.0000,Goute très bon
1100,2025-12-02,289.00,301.00,86989.0000,Super belle plante
1100,2025-12-27,746.00,629.00,469234.0000,Goute très bon
1100,2025-06-04,747.00,20.00,14940.0000,Goute très bon
1100,2025-11-12,987.00,62.00,61194.0000,Goute très bon
1100,2025-08-23,210.00,691.00,145110.0000,Un chevreuil est passé par là
1100,2025-12-09,713.00,248.00,176824.0000,Belle forme pour celle-ci!
616,2025-08-30,94.00,584.00,54896.0000,Goute très bon
616,2025-10-07,834.00,474.00,395316.0000,Belle forme pour celle-ci!
616,2025-11-12,729.00,720.00,524880.0000,Belle forme pour celle-ci!
616,2025-12-14,674.00,559.00,376766.0000,Super belle plante
616,2025-09-01,892.00,755.00,673460.0000,Super belle plante
328,2025-12-28,174.00,818.00,142332.0000,Super belle plante
328,2025-12-01,40.00,922.00,36880.0000,Super belle plante
328,2025-07-21,553.00,329.00,181937.0000,Belle forme pour celle-ci!
328,2025-06-04,332.00,884.00,293488.0000,Super belle plante
328,2025-12-06,375.00,24.00,9000.0000,Plante un peu croche
328,2025-09-06,515.00,519.00,267285.0000,Un chevreuil est passé par là
328,2025-09-20,966.00,468.00,452088.0000,Goute très bon
1094,2025-09-07,69.00,794.00,54786.0000,Belle forme pour celle-ci!
513,2025-07-31,147.00,61.00,8967.0000,Belle forme pour celle-ci!
513,2025-08-12,927.00,871.00,807417.0000,Goute très bon
513,2025-09-16,918.00,355.00,325890.0000,Goute très bon
513,2025-09-29,920.00,855.00,786600.0000,Un chevreuil est passé par là
513,2025-06-11,659.00,807.00,531813.0000,Belle forme pour celle-ci!
513,2025-06-27,266.00,547.00,145502.0000,Belle forme pour celle-ci!
561,2025-09-25,308.00,146.00,44968.0000,Super belle plante
561,2025-09-21,29.00,373.00,10817.0000,Goute très bon
561,2025-10-10,544.00,365.00,198560.0000,Super belle plante
933,2025-10-20,866.00,421.00,364586.0000,Goute très bon
933,2025-08-22,107.00,12.00,1284.0000,Super belle plante
933,2025-06-29,231.00,728.00,168168.0000,Belle forme pour celle-ci!
933,2025-09-18,937.00,662.00,620294.0000,Un chevreuil est passé par là
45,2025-11-26,592.00,785.00,464720.0000,Goute très bon
45,2025-07-24,513.00,239.00,122607.0000,Goute très bon
45,2025-08-03,564.00,910.00,513240.0000,Un chevreuil est passé par là
45,2025-11-08,600.00,932.00,559200.0000,Belle forme pour celle-ci!
45,2025-07-10,503.00,511.00,257033.0000,Goute très bon
45,2025-09-08,627.00,915.00,573705.0000,Belle forme pour celle-ci!
45,2025-08-27,593.00,137.00,81241.0000,Plante un peu croche
748,2025-06-16,261.00,964.00,251604.0000,Goute très bon
748,2025-08-20,927.00,727.00,673929.0000,Super belle plante
748,2025-09-18,989.00,496.00,490544.0000,Belle forme pour celle-ci!
1113,2025-11-13,956.00,474.00,453144.0000,Plante un peu croche
1113,2025-08-11,899.00,401.00,360499.0000,Plante un peu croche
1113,2025-12-03,983.00,146.00,143518.0000,Belle forme pour celle-ci!
244,2025-09-27,721.00,936.00,674856.0000,Un chevreuil est passé par là
244,2025-06-15,589.00,130.00,76570.0000,Super belle plante
244,2025-06-17,906.00,519.00,470214.0000,Un chevreuil est passé par là
244,2025-08-12,331.00,800.00,264800.0000,Super belle plante
244,2025-06-11,328.00,556.00,182368.0000,Un chevreuil est passé par là
244,2025-06-09,297.00,550.00,163350.0000,Plante un peu croche
244,2025-12-12,598.00,762.00,455676.0000,Belle forme pour celle-ci!
607,2025-07-20,290.00,859.00,249110.0000,Super belle plante
607,2025-10-16,691.00,15.00,10365.0000,Goute très bon
248,2025-10-17,492.00,998.00,491016.0000,Plante un peu croche
707,2025-11-15,444.00,998.00,443112.0000,Belle forme pour celle-ci!
707,2025-10-01,532.00,461.00,245252.0000,Plante un peu croche
707,2025-10-09,540.00,183.00,98820.0000,Un chevreuil est passé par là
707,2025-08-22,243.00,210.00,51030.0000,Super belle plante
707,2025-12-24,422.00,623.00,262906.0000,Goute très bon
1153,2025-06-15,601.00,641.00,385241.0000,Un chevreuil est passé par là
1153,2025-10-12,137.00,797.00,109189.0000,Plante un peu croche
1153,2025-08-22,714.00,584.00,416976.0000,Goute très bon
639,2025-07-17,31.00,503.00,15593.0000,Un chevreuil est passé par là
569,2025-10-27,27.00,838.00,22626.0000,Un chevreuil est passé par là
569,2025-09-02,679.00,147.00,99813.0000,Belle forme pour celle-ci!
569,2025-07-30,107.00,469.00,50183.0000,Un chevreuil est passé par là
569,2025-12-27,113.00,418.00,47234.0000,Super belle plante
801,2025-06-23,376.00,955.00,359080.0000,Un chevreuil est passé par là
801,2025-06-10,919.00,223.00,204937.0000,Belle forme pour celle-ci!
801,2025-09-30,667.00,994.00,662998.0000,Goute très bon
801,2025-08-12,927.00,321.00,297567.0000,Un chevreuil est passé par là
801,2025-09-11,855.00,169.00,144495.0000,Un chevreuil est passé par là
801,2025-11-26,542.00,498.00,269916.0000,Un chevreuil est passé par là
164,2025-10-18,223.00,416.00,92768.0000,Plante un peu croche
164,2025-12-10,977.00,228.00,222756.0000,Goute très bon
164,2025-12-15,749.00,176.00,131824.0000,Goute très bon
164,2025-11-29,55.00,962.00,52910.0000,Super belle plante
1032,2025-09-03,197.00,439.00,86483.0000,Super belle plante
1032,2025-08-21,767.00,704.00,539968.0000,Belle forme pour celle-ci!
1032,2025-06-19,870.00,84.00,73080.0000,Goute très bon
1032,2025-10-20,696.00,845.00,588120.0000,Plante un peu croche
4,2025-06-10,339.00,989.00,335271.0000,Goute très bon
4,2025-06-02,661.00,368.00,243248.0000,Goute très bon
4,2025-10-15,845.00,831.00,702195.0000,Plante un peu croche
4,2025-10-01,238.00,283.00,67354.0000,Un chevreuil est passé par là
476,2025-11-21,810.00,658.00,532980.0000,Un chevreuil est passé par là
476,2025-12-24,43.00,221.00,9503.0000,Super belle plante
476,2025-08-09,339.00,899.00,304761.0000,Super belle plante
61,2025-06-05,173.00,920.00,159160.0000,Super belle plante
61,2025-11-14,273.00,557.00,152061.0000,Plante un peu croche
61,2025-09-06,636.00,677.00,430572.0000,Goute très bon
61,2025-08-30,987.00,289.00,285243.0000,Un chevreuil est passé par là
1125,2025-07-27,231.00,654.00,151074.0000,Goute très bon
996,2025-11-22,663.00,517.00,342771.0000,Plante un peu croche
996,2025-10-23,986.00,538.00,530468.0000,Belle forme pour celle-ci!
367,2025-07-10,261.00,994.00,259434.0000,Plante un peu croche
367,2025-08-08,697.00,98.00,68306.0000,Un chevreuil est passé par là
367,2025-08-13,174.00,88.00,15312.0000,Plante un peu croche
367,2025-07-21,213.00,870.00,185310.0000,Belle forme pour celle-ci!
367,2025-10-08,539.00,638.00,343882.0000,Plante un peu croche
367,2025-11-10,689.00,168.00,115752.0000,Goute très bon
367,2025-12-25,848.00,244.00,206912.0000,Super belle plante
895,2025-06-22,469.00,660.00,309540.0000,Goute très bon
648,2025-08-02,243.00,466.00,113238.0000,Goute très bon
648,2025-09-21,791.00,67.00,52997.0000,Plante un peu croche
648,2025-08-13,123.00,921.00,113283.0000,Plante un peu croche
648,2025-08-09,713.00,96.00,68448.0000,Super belle plante
648,2025-10-11,297.00,168.00,49896.0000,Un chevreuil est passé par là
277,2025-12-11,344.00,863.00,296872.0000,Plante un peu croche
277,2025-12-29,352.00,630.00,221760.0000,Un chevreuil est passé par là
277,2025-07-20,583.00,639.00,372537.0000,Un chevreuil est passé par là
277,2025-06-21,951.00,622.00,591522.0000,Un chevreuil est passé par là
277,2025-06-04,291.00,24.00,6984.0000,Un chevreuil est passé par là
95,2025-08-22,111.00,707.00,78477.0000,Belle forme pour celle-ci!
95,2025-09-13,975.00,752.00,733200.0000,Plante un peu croche
95,2025-10-21,129.00,116.00,14964.0000,Belle forme pour celle-ci!
95,2025-08-30,727.00,360.00,261720.0000,Belle forme pour celle-ci!
95,2025-09-29,266.00,624.00,165984.0000,Plante un peu croche
95,2025-11-26,824.00,396.00,326304.0000,Goute très bon
1047,2025-07-17,138.00,918.00,126684.0000,Goute très bon
1047,2025-12-05,924.00,6.00,5544.0000,Un chevreuil est passé par là
1047,2025-09-03,734.00,753.00,552702.0000,Super belle plante
1047,2025-10-18,983.00,655.00,643865.0000,Super belle plante
1047,2025-08-08,919.00,839.00,771041.0000,Plante un peu croche
1047,2025-11-20,761.00,85.00,64685.0000,Super belle plante
950,2025-11-12,385.00,451.00,173635.0000,Un chevreuil est passé par là
865,2025-06-02,657.00,195.00,128115.0000,Goute très bon
865,2025-10-01,410.00,406.00,166460.0000,Super belle plante
865,2025-07-28,452.00,452.00,204304.0000,Super belle plante
865,2025-07-25,487.00,388.00,188956.0000,Goute très bon
865,2025-09-02,839.00,419.00,351541.0000,Un chevreuil est passé par là
776,2025-11-29,805.00,296.00,238280.0000,Un chevreuil est passé par là
776,2025-06-03,548.00,70.00,38360.0000,Goute très bon
776,2025-10-05,591.00,347.00,205077.0000,Super belle plante
776,2025-08-08,145.00,326.00,47270.0000,Goute très bon
776,2025-07-09,28.00,708.00,19824.0000,Goute très bon
776,2025-06-02,154.00,640.00,98560.0000,Un chevreuil est passé par là
81,2025-11-03,895.00,229.00,204955.0000,Un chevreuil est passé par là
81,2025-11-23,101.00,228.00,23028.0000,Super belle plante
81,2025-10-23,863.00,783.00,675729.0000,Super belle plante
81,2025-12-15,791.00,531.00,420021.0000,Plante un peu croche
81,2025-10-14,829.00,954.00,790866.0000,Un chevreuil est passé par là
81,2025-12-22,248.00,696.00,172608.0000,Super belle plante
81,2025-11-21,386.00,474.00,182964.0000,Un chevreuil est passé par là
1102,2025-09-18,876.00,864.00,756864.0000,Goute très bon
1102,2025-09-29,349.00,440.00,153560.0000,Un chevreuil est passé par là
1102,2025-08-11,664.00,816.00,541824.0000,Super belle plante
1102,2025-09-01,753.00,836.00,629508.0000,Goute très bon
1102,2025-09-22,200.00,575.00,115000.0000,Super belle plante
1102,2025-10-12,516.00,189.00,97524.0000,Goute très bon
888,2025-06-20,554.00,277.00,153458.0000,Super belle plante
888,2025-11-20,646.00,508.00,328168.0000,Belle forme pour celle-ci!
37,2025-07-19,410.00,228.00,93480.0000,Super belle plante
905,2025-08-09,23.00,819.00,18837.0000,Super belle plante
999,2025-11-05,161.00,789.00,127029.0000,Super belle plante
999,2025-06-19,758.00,272.00,206176.0000,Belle forme pour celle-ci!
999,2025-07-13,746.00,404.00,301384.0000,Plante un peu croche
999,2025-08-05,454.00,146.00,66284.0000,Super belle plante
999,2025-06-16,568.00,487.00,276616.0000,Belle forme pour celle-ci!
999,2025-08-11,452.00,944.00,426688.0000,Belle forme pour celle-ci!
932,2025-07-16,936.00,932.00,872352.0000,Un chevreuil est passé par là
932,2025-09-23,399.00,815.00,325185.0000,Super belle plante
932,2025-12-09,152.00,781.00,118712.0000,Goute très bon
932,2025-08-14,527.00,907.00,477989.0000,Belle forme pour celle-ci!
932,2025-06-17,374.00,492.00,184008.0000,Plante un peu croche
932,2025-08-02,785.00,349.00,273965.0000,Plante un peu croche
932,2025-12-08,670.00,775.00,519250.0000,Belle forme pour celle-ci!
101,2025-07-26,365.00,996.00,363540.0000,Belle forme pour celle-ci!
101,2025-10-17,399.00,943.00,376257.0000,Un chevreuil est passé par là
1010,2025-12-13,744.00,511.00,380184.0000,Un chevreuil est passé par là
416,2025-12-07,736.00,9.00,6624.0000,Un chevreuil est passé par là
416,2025-10-19,40.00,333.00,13320.0000,Un chevreuil est passé par là
416,2025-09-23,298.00,527.00,157046.0000,Un chevreuil est passé par là
416,2025-12-11,46.00,7.00,322.0000,Belle forme pour celle-ci!
945,2025-11-28,320.00,787.00,251840.0000,Super belle plante
945,2025-10-16,938.00,536.00,502768.0000,Un chevreuil est passé par là
945,2025-08-18,918.00,638.00,585684.0000,Un chevreuil est passé par là
945,2025-09-20,916.00,566.00,518456.0000,Super belle plante
286,2025-07-19,106.00,463.00,49078.0000,Plante un peu croche
286,2025-06-27,564.00,633.00,357012.0000,Super belle plante
286,2025-09-13,189.00,880.00,166320.0000,Super belle plante
286,2025-11-30,19.00,893.00,16967.0000,Un chevreuil est passé par là
286,2025-12-06,832.00,99.00,82368.0000,Un chevreuil est passé par là
356,2025-09-21,32.00,920.00,29440.0000,Belle forme pour celle-ci!
356,2025-12-12,229.00,216.00,49464.0000,Un chevreuil est passé par là
356,2025-09-10,918.00,608.00,558144.0000,Goute très bon
940,2025-06-16,130.00,755.00,98150.0000,Un chevreuil est passé par là
940,2025-08-27,450.00,809.00,364050.0000,Plante un peu croche
940,2025-10-24,207.00,544.00,112608.0000,Belle forme pour celle-ci!
940,2025-06-25,653.00,497.00,324541.0000,Plante un peu croche
532,2025-08-20,711.00,680.00,483480.0000,Un chevreuil est passé par là
532,2025-08-18,505.00,204.00,103020.0000,Belle forme pour celle-ci!
532,2025-11-04,893.00,384.00,342912.0000,Goute très bon
532,2025-09-19,672.00,842.00,565824.0000,Belle forme pour celle-ci!
532,2025-09-01,210.00,178.00,37380.0000,Belle forme pour celle-ci!
532,2025-07-10,193.00,1.00,193.0000,Belle forme pour celle-ci!
924,2025-07-29,697.00,257.00,179129.0000,Un chevreuil est passé par là
924,2025-12-27,511.00,309.00,157899.0000,Super belle plante
758,2025-12-15,826.00,815.00,673190.0000,Goute très bon
893,2025-12-12,315.00,806.00,253890.0000,Plante un peu croche
893,2025-11-20,689.00,98.00,67522.0000,Un chevreuil est passé par là
893,2025-12-15,937.00,210.00,196770.0000,Goute très bon
893,2025-06-29,818.00,972.00,795096.0000,Un chevreuil est passé par là
893,2025-11-28,356.00,314.00,111784.0000,Un chevreuil est passé par là
893,2025-11-01,388.00,669.00,259572.0000,Belle forme pour celle-ci!
1098,2025-11-16,527.00,290.00,152830.0000,Un chevreuil est passé par là
1098,2025-12-29,947.00,60.00,56820.0000,Plante un peu croche
1098,2025-12-28,363.00,106.00,38478.0000,Goute très bon
1098,2025-07-11,2.00,718.00,1436.0000,Super belle plante
124,2025-08-22,321.00,50.00,16050.0000,Belle forme pour celle-ci!
644,2025-11-22,632.00,881.00,556792.0000,Un chevreuil est passé par là
644,2025-08-11,551.00,572.00,315172.0000,Plante un peu croche
644,2025-11-09,650.00,481.00,312650.0000,Plante un peu croche
269,2025-07-02,73.00,893.00,65189.0000,Super belle plante
269,2025-06-01,903.00,54.00,48762.0000,Belle forme pour celle-ci!
269,2025-08-08,972.00,981.00,953532.0000,Super belle plante
269,2025-11-10,286.00,730.00,208780.0000,Goute très bon
745,2025-10-13,693.00,968.00,670824.0000,Super belle plante
745,2025-09-09,376.00,881.00,331256.0000,Super belle plante
745,2025-11-18,470.00,713.00,335110.0000,Un chevreuil est passé par là
745,2025-08-23,899.00,827.00,743473.0000,Plante un peu croche
825,2025-06-16,817.00,857.00,700169.0000,Goute très bon
825,2025-10-12,672.00,869.00,583968.0000,Super belle plante
825,2025-09-10,970.00,479.00,464630.0000,Un chevreuil est passé par là
825,2025-06-01,585.00,249.00,145665.0000,Un chevreuil est passé par là
344,2025-11-21,834.00,933.00,778122.0000,Goute très bon
344,2025-08-28,563.00,739.00,416057.0000,Plante un peu croche
985,2025-09-18,405.00,656.00,265680.0000,Goute très bon
985,2025-10-11,989.00,714.00,706146.0000,Plante un peu croche
985,2025-11-03,287.00,870.00,249690.0000,Super belle plante
985,2025-07-13,399.00,944.00,376656.0000,Super belle plante
985,2025-12-18,789.00,992.00,782688.0000,Goute très bon
166,2025-06-13,871.00,535.00,465985.0000,Un chevreuil est passé par là
202,2025-09-01,360.00,124.00,44640.0000,Plante un peu croche
366,2025-10-05,181.00,494.00,89414.0000,Un chevreuil est passé par là
366,2025-08-01,467.00,120.00,56040.0000,Goute très bon
366,2025-08-02,123.00,856.00,105288.0000,Un chevreuil est passé par là
366,2025-10-10,292.00,647.00,188924.0000,Belle forme pour celle-ci!
366,2025-09-08,266.00,923.00,245518.0000,Goute très bon
366,2025-08-19,183.00,523.00,95709.0000,Goute très bon
94,2025-12-15,36.00,625.00,22500.0000,Belle forme pour celle-ci!
94,2025-07-17,783.00,331.00,259173.0000,Un chevreuil est passé par là
94,2025-11-30,21.00,504.00,10584.0000,Belle forme pour celle-ci!
94,2025-09-15,560.00,862.00,482720.0000,Un chevreuil est passé par là
94,2025-10-22,431.00,175.00,75425.0000,Super belle plante
653,2025-06-09,681.00,702.00,478062.0000,Belle forme pour celle-ci!
653,2025-08-11,965.00,665.00,641725.0000,Plante un peu croche
653,2025-11-15,194.00,889.00,172466.0000,Belle forme pour celle-ci!
653,2025-08-26,766.00,7.00,5362.0000,Un chevreuil est passé par là
653,2025-12-08,229.00,606.00,138774.0000,Belle forme pour celle-ci!
653,2025-11-14,16.00,291.00,4656.0000,Belle forme pour celle-ci!
690,2025-08-31,8.00,98.00,784.0000,Super belle plante
690,2025-09-06,497.00,549.00,272853.0000,Plante un peu croche
690,2025-09-27,392.00,955.00,374360.0000,Super belle plante
690,2025-12-19,832.00,755.00,628160.0000,Plante un peu croche
222,2025-12-16,724.00,757.00,548068.0000,Belle forme pour celle-ci!
161,2025-06-16,305.00,444.00,135420.0000,Super belle plante
737,2025-08-08,750.00,742.00,556500.0000,Plante un peu croche
737,2025-09-07,935.00,5.00,4675.0000,Super belle plante
737,2025-10-19,771.00,721.00,555891.0000,Super belle plante
737,2025-10-10,103.00,899.00,92597.0000,Super belle plante
1018,2025-07-21,799.00,747.00,596853.0000,Belle forme pour celle-ci!
1018,2025-06-08,974.00,424.00,412976.0000,Belle forme pour celle-ci!
1018,2025-08-26,380.00,776.00,294880.0000,Plante un peu croche
1018,2025-10-21,930.00,407.00,378510.0000,Goute très bon
1018,2025-11-14,940.00,326.00,306440.0000,Super belle plante
903,2025-06-05,843.00,565.00,476295.0000,Super belle plante
903,2025-09-29,489.00,885.00,432765.0000,Un chevreuil est passé par là
199,2025-10-19,785.00,417.00,327345.0000,Plante un peu croche
199,2025-09-18,485.00,388.00,188180.0000,Super belle plante
327,2025-10-06,405.00,325.00,131625.0000,Un chevreuil est passé par là
685,2025-06-04,125.00,53.00,6625.0000,Un chevreuil est passé par là
625,2025-06-07,831.00,638.00,530178.0000,Un chevreuil est passé par là
625,2025-11-10,711.00,288.00,204768.0000,Plante un peu croche
625,2025-06-18,727.00,197.00,143219.0000,Un chevreuil est passé par là
625,2025-10-15,146.00,836.00,122056.0000,Un chevreuil est passé par là
625,2025-10-07,373.00,337.00,125701.0000,Super belle plante
1081,2025-11-14,96.00,812.00,77952.0000,Un chevreuil est passé par là
180,2025-09-15,935.00,311.00,290785.0000,Un chevreuil est passé par là
56,2025-06-02,269.00,739.00,198791.0000,Un chevreuil est passé par là
56,2025-08-31,303.00,34.00,10302.0000,Belle forme pour celle-ci!
56,2025-09-04,881.00,238.00,209678.0000,Super belle plante
50,2025-10-14,709.00,856.00,606904.0000,Plante un peu croche
510,2025-08-04,559.00,684.00,382356.0000,Goute très bon
510,2025-10-06,817.00,310.00,253270.0000,Super belle plante
510,2025-12-10,240.00,82.00,19680.0000,Belle forme pour celle-ci!
510,2025-08-19,313.00,209.00,65417.0000,Super belle plante
1084,2025-12-12,763.00,513.00,391419.0000,Super belle plante
1084,2025-11-29,896.00,905.00,810880.0000,Belle forme pour celle-ci!
371,2025-11-20,46.00,90.00,4140.0000,Un chevreuil est passé par là
696,2025-11-29,518.00,163.00,84434.0000,Plante un peu croche
696,2025-10-08,623.00,674.00,419902.0000,Plante un peu croche
632,2025-09-23,513.00,536.00,274968.0000,Super belle plante
632,2025-08-28,142.00,64.00,9088.0000,Un chevreuil est passé par là
970,2025-12-29,802.00,480.00,384960.0000,Un chevreuil est passé par là
970,2025-12-25,580.00,993.00,575940.0000,Plante un peu croche
586,2025-08-04,3.00,880.00,2640.0000,Goute très bon
586,2025-10-10,735.00,83.00,61005.0000,Un chevreuil est passé par là
586,2025-08-03,303.00,730.00,221190.0000,Super belle plante
586,2025-11-01,912.00,626.00,570912.0000,Super belle plante
586,2025-12-16,277.00,912.00,252624.0000,Plante un peu croche
586,2025-11-05,647.00,902.00,583594.0000,Un chevreuil est passé par là
342,2025-11-03,639.00,392.00,250488.0000,Plante un peu croche
342,2025-06-13,896.00,822.00,736512.0000,Plante un peu croche
241,2025-07-13,489.00,23.00,11247.0000,Super belle plante
211,2025-12-09,918.00,266.00,244188.0000,Plante un peu croche
211,2025-07-05,917.00,842.00,772114.0000,Goute très bon
358,2025-12-01,703.00,948.00,666444.0000,Belle forme pour celle-ci!
358,2025-12-27,913.00,647.00,590711.0000,Plante un peu croche
358,2025-07-30,776.00,649.00,503624.0000,Belle forme pour celle-ci!
358,2025-08-22,40.00,781.00,31240.0000,Belle forme pour celle-ci!
466,2025-07-17,376.00,530.00,199280.0000,Belle forme pour celle-ci!
466,2025-12-28,520.00,228.00,118560.0000,Un chevreuil est passé par là
466,2025-11-13,533.00,346.00,184418.0000,Plante un peu croche
466,2025-11-14,53.00,167.00,8851.0000,Super belle plante
466,2025-06-19,412.00,193.00,79516.0000,Super belle plante
466,2025-07-26,221.00,938.00,207298.0000,Goute très bon
370,2025-11-16,125.00,524.00,65500.0000,Goute très bon
370,2025-11-06,497.00,225.00,111825.0000,Un chevreuil est passé par là
370,2025-11-13,719.00,951.00,683769.0000,Un chevreuil est passé par là
370,2025-11-01,267.00,763.00,203721.0000,Super belle plante
370,2025-08-12,62.00,589.00,36518.0000,Goute très bon
370,2025-07-06,446.00,352.00,156992.0000,Super belle plante
370,2025-09-24,106.00,666.00,70596.0000,Goute très bon
523,2025-08-03,995.00,374.00,372130.0000,Super belle plante
523,2025-10-27,792.00,916.00,725472.0000,Super belle plante
523,2025-10-30,283.00,187.00,52921.0000,Belle forme pour celle-ci!
523,2025-07-30,784.00,818.00,641312.0000,Un chevreuil est passé par là
523,2025-09-15,928.00,171.00,158688.0000,Super belle plante
523,2025-10-21,958.00,499.00,478042.0000,Goute très bon
523,2025-10-05,97.00,688.00,66736.0000,Goute très bon
1075,2025-06-12,637.00,946.00,602602.0000,Belle forme pour celle-ci!
1075,2025-07-25,395.00,459.00,181305.0000,Plante un peu croche
1075,2025-06-07,398.00,50.00,19900.0000,Belle forme pour celle-ci!
1075,2025-07-05,772.00,775.00,598300.0000,Plante un peu croche
86,2025-11-24,721.00,254.00,183134.0000,Super belle plante
86,2025-09-22,600.00,305.00,183000.0000,Super belle plante
86,2025-08-10,17.00,404.00,6868.0000,Super belle plante
86,2025-09-21,691.00,669.00,462279.0000,Goute très bon
86,2025-11-21,611.00,843.00,515073.0000,Belle forme pour celle-ci!
86,2025-08-31,759.00,798.00,605682.0000,Belle forme pour celle-ci!
86,2025-08-15,809.00,84.00,67956.0000,Plante un peu croche
901,2025-09-21,719.00,379.00,272501.0000,Plante un peu croche
70,2025-11-20,872.00,184.00,160448.0000,Goute très bon
70,2025-07-21,369.00,407.00,150183.0000,Super belle plante
439,2025-08-03,281.00,893.00,250933.0000,Super belle plante
439,2025-09-08,210.00,124.00,26040.0000,Super belle plante
439,2025-11-15,518.00,347.00,179746.0000,Plante un peu croche
877,2025-11-25,720.00,904.00,650880.0000,Goute très bon
877,2025-10-09,311.00,954.00,296694.0000,Goute très bon
877,2025-12-09,906.00,623.00,564438.0000,Un chevreuil est passé par là
877,2025-12-06,259.00,659.00,170681.0000,Goute très bon
877,2025-12-03,398.00,163.00,64874.0000,Goute très bon
224,2025-06-08,240.00,565.00,135600.0000,Goute très bon
224,2025-07-08,430.00,499.00,214570.0000,Goute très bon
224,2025-09-13,654.00,316.00,206664.0000,Goute très bon
224,2025-11-06,517.00,71.00,36707.0000,Super belle plante
224,2025-06-10,764.00,559.00,427076.0000,Plante un peu croche
224,2025-11-01,384.00,519.00,199296.0000,Goute très bon
522,2025-10-19,337.00,826.00,278362.0000,Super belle plante
910,2025-11-18,842.00,240.00,202080.0000,Goute très bon
910,2025-10-07,828.00,339.00,280692.0000,Un chevreuil est passé par là
910,2025-11-29,801.00,690.00,552690.0000,Super belle plante
910,2025-08-05,283.00,253.00,71599.0000,Goute très bon
910,2025-07-01,383.00,570.00,218310.0000,Belle forme pour celle-ci!
910,2025-08-31,769.00,322.00,247618.0000,Belle forme pour celle-ci!
1131,2025-12-07,681.00,850.00,578850.0000,Plante un peu croche
1131,2025-11-06,625.00,733.00,458125.0000,Goute très bon
1131,2025-07-04,471.00,539.00,253869.0000,Super belle plante
1131,2025-10-12,531.00,703.00,373293.0000,Plante un peu croche
1082,2025-11-19,587.00,30.00,17610.0000,Belle forme pour celle-ci!
1082,2025-11-06,823.00,311.00,255953.0000,Plante un peu croche
1082,2025-12-22,753.00,95.00,71535.0000,Un chevreuil est passé par là
1082,2025-07-12,810.00,705.00,571050.0000,Super belle plante
1082,2025-10-19,868.00,805.00,698740.0000,Goute très bon
1082,2025-09-17,996.00,388.00,386448.0000,Belle forme pour celle-ci!
365,2025-07-04,939.00,133.00,124887.0000,Belle forme pour celle-ci!
365,2025-11-23,690.00,389.00,268410.0000,Belle forme pour celle-ci!
365,2025-08-26,71.00,476.00,33796.0000,Un chevreuil est passé par là
365,2025-09-14,962.00,239.00,229918.0000,Un chevreuil est passé par là
365,2025-08-09,704.00,905.00,637120.0000,Plante un peu croche
365,2025-07-11,374.00,480.00,179520.0000,Super belle plante
365,2025-08-20,818.00,181.00,148058.0000,Super belle plante
536,2025-07-04,101.00,222.00,22422.0000,Un chevreuil est passé par là
536,2025-09-30,217.00,453.00,98301.0000,Un chevreuil est passé par là
536,2025-10-27,900.00,892.00,802800.0000,Un chevreuil est passé par là
536,2025-10-05,938.00,884.00,829192.0000,Goute très bon
536,2025-07-10,560.00,782.00,437920.0000,Goute très bon
536,2025-07-30,144.00,249.00,35856.0000,Un chevreuil est passé par là
720,2025-11-28,864.00,358.00,309312.0000,Plante un peu croche
720,2025-10-06,656.00,580.00,380480.0000,Belle forme pour celle-ci!
643,2025-07-29,827.00,702.00,580554.0000,Belle forme pour celle-ci!
643,2025-08-15,109.00,190.00,20710.0000,Un chevreuil est passé par là
643,2025-11-30,232.00,609.00,141288.0000,Un chevreuil est passé par là
643,2025-07-22,708.00,453.00,320724.0000,Plante un peu croche
1042,2025-07-28,683.00,712.00,486296.0000,Goute très bon
1042,2025-07-09,953.00,42.00,40026.0000,Un chevreuil est passé par là
1042,2025-08-22,872.00,173.00,150856.0000,Plante un peu croche
1042,2025-06-20,700.00,402.00,281400.0000,Super belle plante
1042,2025-07-25,575.00,654.00,376050.0000,Belle forme pour celle-ci!
1042,2025-08-04,423.00,175.00,74025.0000,Un chevreuil est passé par là
464,2025-08-18,73.00,622.00,45406.0000,Belle forme pour celle-ci!
464,2025-10-17,764.00,458.00,349912.0000,Un chevreuil est passé par là
464,2025-12-16,710.00,754.00,535340.0000,Un chevreuil est passé par là
464,2025-08-12,954.00,783.00,746982.0000,Super belle plante
464,2025-06-23,72.00,703.00,50616.0000,Un chevreuil est passé par là
464,2025-08-08,581.00,560.00,325360.0000,Goute très bon
464,2025-10-04,652.00,943.00,614836.0000,Goute très bon
84,2025-11-12,788.00,401.00,315988.0000,Goute très bon
209,2025-08-01,135.00,327.00,44145.0000,Super belle plante
209,2025-08-18,240.00,139.00,33360.0000,Belle forme pour celle-ci!
209,2025-09-30,839.00,823.00,690497.0000,Un chevreuil est passé par là
209,2025-11-14,262.00,741.00,194142.0000,Belle forme pour celle-ci!
209,2025-10-14,955.00,482.00,460310.0000,Un chevreuil est passé par là
260,2025-10-25,465.00,14.00,6510.0000,Un chevreuil est passé par là
260,2025-08-07,246.00,575.00,141450.0000,Goute très bon
260,2025-07-30,680.00,773.00,525640.0000,Goute très bon
260,2025-09-22,3.00,285.00,855.0000,Super belle plante
260,2025-09-24,84.00,970.00,81480.0000,Super belle plante
842,2025-11-07,578.00,91.00,52598.0000,Super belle plante
842,2025-12-22,966.00,303.00,292698.0000,Belle forme pour celle-ci!
842,2025-11-14,616.00,199.00,122584.0000,Super belle plante
842,2025-11-24,401.00,826.00,331226.0000,Un chevreuil est passé par là
842,2025-06-29,530.00,320.00,169600.0000,Plante un peu croche
842,2025-07-26,123.00,237.00,29151.0000,Belle forme pour celle-ci!
842,2025-08-06,394.00,181.00,71314.0000,Goute très bon
695,2025-09-14,178.00,652.00,116056.0000,Belle forme pour celle-ci!
695,2025-07-28,884.00,2.00,1768.0000,Plante un peu croche
695,2025-06-20,704.00,926.00,651904.0000,Un chevreuil est passé par là
695,2025-09-02,786.00,336.00,264096.0000,Super belle plante
695,2025-06-22,728.00,351.00,255528.0000,Un chevreuil est passé par là
695,2025-10-17,716.00,8.00,5728.0000,Super belle plante
695,2025-08-01,886.00,737.00,652982.0000,Goute très bon
729,2025-08-22,803.00,264.00,211992.0000,Goute très bon
729,2025-11-23,193.00,935.00,180455.0000,Un chevreuil est passé par là
729,2025-11-20,589.00,11.00,6479.0000,Un chevreuil est passé par là
729,2025-11-22,793.00,546.00,432978.0000,Un chevreuil est passé par là
729,2025-10-02,105.00,158.00,16590.0000,Plante un peu croche
729,2025-09-04,299.00,79.00,23621.0000,Un chevreuil est passé par là
729,2025-12-01,310.00,557.00,172670.0000,Goute très bon
744,2025-11-01,855.00,74.00,63270.0000,Plante un peu croche
1037,2025-11-27,331.00,242.00,80102.0000,Goute très bon
1037,2025-10-03,305.00,680.00,207400.0000,Plante un peu croche
345,2025-10-16,955.00,269.00,256895.0000,Super belle plante
345,2025-12-15,678.00,517.00,350526.0000,Goute très bon
345,2025-11-17,72.00,891.00,64152.0000,Goute très bon
345,2025-08-30,73.00,357.00,26061.0000,Goute très bon
345,2025-11-22,497.00,749.00,372253.0000,Goute très bon
345,2025-10-25,302.00,646.00,195092.0000,Un chevreuil est passé par là
40,2025-12-02,306.00,935.00,286110.0000,Belle forme pour celle-ci!
204,2025-07-27,793.00,607.00,481351.0000,Belle forme pour celle-ci!
204,2025-12-24,521.00,464.00,241744.0000,Super belle plante
204,2025-11-11,996.00,32.00,31872.0000,Goute très bon
204,2025-06-27,478.00,481.00,229918.0000,Super belle plante
204,2025-10-25,438.00,898.00,393324.0000,Plante un peu croche
204,2025-12-09,285.00,92.00,26220.0000,Plante un peu croche
636,2025-07-16,213.00,189.00,40257.0000,Goute très bon
636,2025-08-16,110.00,116.00,12760.0000,Goute très bon
636,2025-12-09,410.00,701.00,287410.0000,Belle forme pour celle-ci!
636,2025-11-14,364.00,222.00,80808.0000,Belle forme pour celle-ci!
636,2025-06-26,434.00,266.00,115444.0000,Goute très bon
636,2025-11-11,944.00,976.00,921344.0000,Belle forme pour celle-ci!
636,2025-10-01,831.00,497.00,413007.0000,Un chevreuil est passé par là
732,2025-06-23,482.00,925.00,445850.0000,Plante un peu croche
431,2025-10-28,306.00,826.00,252756.0000,Belle forme pour celle-ci!
431,2025-09-22,291.00,479.00,139389.0000,Plante un peu croche
431,2025-08-14,666.00,345.00,229770.0000,Goute très bon
431,2025-09-19,995.00,430.00,427850.0000,Goute très bon
431,2025-08-24,770.00,100.00,77000.0000,Belle forme pour celle-ci!
431,2025-09-16,384.00,481.00,184704.0000,Un chevreuil est passé par là
431,2025-06-03,579.00,406.00,235074.0000,Super belle plante
518,2025-12-08,603.00,555.00,334665.0000,Un chevreuil est passé par là
518,2025-11-13,807.00,152.00,122664.0000,Plante un peu croche
618,2025-11-26,928.00,282.00,261696.0000,Un chevreuil est passé par là
618,2025-08-11,504.00,854.00,430416.0000,Belle forme pour celle-ci!
512,2025-08-26,767.00,491.00,376597.0000,Un chevreuil est passé par là
512,2025-12-10,512.00,350.00,179200.0000,Plante un peu croche
512,2025-09-05,665.00,265.00,176225.0000,Plante un peu croche
512,2025-08-17,431.00,978.00,421518.0000,Plante un peu croche
512,2025-07-05,357.00,584.00,208488.0000,Super belle plante
512,2025-10-02,899.00,124.00,111476.0000,Goute très bon
512,2025-06-21,32.00,125.00,4000.0000,Plante un peu croche
539,2025-11-09,478.00,661.00,315958.0000,Un chevreuil est passé par là
539,2025-11-29,12.00,285.00,3420.0000,Goute très bon
539,2025-12-19,686.00,718.00,492548.0000,Goute très bon
539,2025-08-14,313.00,304.00,95152.0000,Super belle plante
539,2025-09-27,790.00,449.00,354710.0000,Super belle plante
539,2025-12-17,565.00,312.00,176280.0000,Goute très bon
213,2025-11-22,233.00,919.00,214127.0000,Un chevreuil est passé par là
1135,2025-06-05,238.00,233.00,55454.0000,Plante un peu croche
579,2025-07-04,513.00,515.00,264195.0000,Goute très bon
579,2025-11-10,331.00,749.00,247919.0000,Super belle plante
176,2025-09-22,830.00,185.00,153550.0000,Belle forme pour celle-ci!
408,2025-09-11,877.00,635.00,556895.0000,Super belle plante
408,2025-06-12,659.00,754.00,496886.0000,Un chevreuil est passé par là
408,2025-11-15,651.00,784.00,510384.0000,Goute très bon
408,2025-11-05,722.00,371.00,267862.0000,Super belle plante
408,2025-06-27,92.00,65.00,5980.0000,Belle forme pour celle-ci!
408,2025-06-02,590.00,304.00,179360.0000,Super belle plante
1056,2025-08-04,974.00,378.00,368172.0000,Super belle plante
1056,2025-09-04,556.00,689.00,383084.0000,Un chevreuil est passé par là
1056,2025-07-14,777.00,999.00,776223.0000,Super belle plante
1056,2025-08-09,719.00,819.00,588861.0000,Plante un peu croche
1056,2025-07-26,699.00,867.00,606033.0000,Belle forme pour celle-ci!
1056,2025-10-18,856.00,519.00,444264.0000,Super belle plante
672,2025-08-17,830.00,655.00,543650.0000,Un chevreuil est passé par là
672,2025-06-24,771.00,237.00,182727.0000,Super belle plante
672,2025-07-11,22.00,654.00,14388.0000,Plante un peu croche
672,2025-06-23,527.00,872.00,459544.0000,Plante un peu croche
672,2025-10-23,464.00,519.00,240816.0000,Goute très bon
672,2025-08-14,122.00,4.00,488.0000,Plante un peu croche
672,2025-07-28,995.00,504.00,501480.0000,Plante un peu croche
1114,2025-07-03,221.00,230.00,50830.0000,Plante un peu croche
1114,2025-08-29,622.00,856.00,532432.0000,Belle forme pour celle-ci!
1114,2025-11-30,70.00,270.00,18900.0000,Goute très bon
1114,2025-12-07,522.00,810.00,422820.0000,Belle forme pour celle-ci!
1114,2025-08-18,790.00,344.00,271760.0000,Un chevreuil est passé par là
1114,2025-11-29,999.00,312.00,311688.0000,Belle forme pour celle-ci!
1114,2025-08-27,755.00,636.00,480180.0000,Super belle plante
735,2025-06-24,683.00,354.00,241782.0000,Belle forme pour celle-ci!
735,2025-09-20,474.00,679.00,321846.0000,Un chevreuil est passé par là
735,2025-11-30,609.00,759.00,462231.0000,Goute très bon
735,2025-09-17,698.00,366.00,255468.0000,Plante un peu croche
754,2025-11-05,483.00,333.00,160839.0000,Plante un peu croche
754,2025-12-12,533.00,180.00,95940.0000,Un chevreuil est passé par là
754,2025-10-01,131.00,661.00,86591.0000,Plante un peu croche
754,2025-12-10,231.00,809.00,186879.0000,Un chevreuil est passé par là
754,2025-09-08,384.00,706.00,271104.0000,Un chevreuil est passé par là
1069,2025-08-22,184.00,15.00,2760.0000,Belle forme pour celle-ci!
1079,2025-07-23,968.00,262.00,253616.0000,Goute très bon
1079,2025-11-13,50.00,268.00,13400.0000,Plante un peu croche
1079,2025-11-29,23.00,413.00,9499.0000,Belle forme pour celle-ci!
1079,2025-12-25,459.00,736.00,337824.0000,Plante un peu croche
1079,2025-06-26,564.00,217.00,122388.0000,Plante un peu croche
141,2025-11-19,422.00,262.00,110564.0000,Goute très bon
442,2025-11-04,855.00,778.00,665190.0000,Super belle plante
442,2025-07-07,697.00,195.00,135915.0000,Belle forme pour celle-ci!
442,2025-10-05,950.00,569.00,540550.0000,Super belle plante
442,2025-12-02,628.00,850.00,533800.0000,Goute très bon
442,2025-12-25,963.00,991.00,954333.0000,Super belle plante
442,2025-06-26,273.00,362.00,98826.0000,Un chevreuil est passé par là
442,2025-09-30,613.00,929.00,569477.0000,Belle forme pour celle-ci!
1189,2025-10-16,710.00,150.00,106500.0000,Plante un peu croche
1189,2025-08-27,368.00,725.00,266800.0000,Un chevreuil est passé par là
1189,2025-10-25,139.00,636.00,88404.0000,Super belle plante
304,2025-11-17,564.00,24.00,13536.0000,Goute très bon
304,2025-09-12,710.00,19.00,13490.0000,Belle forme pour celle-ci!
304,2025-10-07,753.00,483.00,363699.0000,Plante un peu croche
475,2025-11-07,346.00,37.00,12802.0000,Goute très bon
475,2025-06-27,759.00,310.00,235290.0000,Un chevreuil est passé par là
475,2025-12-26,96.00,412.00,39552.0000,Plante un peu croche
475,2025-12-04,973.00,35.00,34055.0000,Belle forme pour celle-ci!
475,2025-06-09,829.00,598.00,495742.0000,Un chevreuil est passé par là
475,2025-12-12,986.00,757.00,746402.0000,Belle forme pour celle-ci!
601,2025-09-02,860.00,831.00,714660.0000,Super belle plante
601,2025-09-06,462.00,744.00,343728.0000,Un chevreuil est passé par là
601,2025-11-25,72.00,742.00,53424.0000,Un chevreuil est passé par là
601,2025-09-16,331.00,920.00,304520.0000,Super belle plante
977,2025-07-04,833.00,288.00,239904.0000,Un chevreuil est passé par là
977,2025-12-26,900.00,646.00,581400.0000,Belle forme pour celle-ci!
977,2025-08-29,771.00,470.00,362370.0000,Goute très bon
977,2025-12-09,549.00,26.00,14274.0000,Belle forme pour celle-ci!
626,2025-12-02,942.00,465.00,438030.0000,Super belle plante
626,2025-06-14,827.00,217.00,179459.0000,Plante un peu croche
626,2025-09-12,374.00,938.00,350812.0000,Goute très bon
761,2025-08-20,211.00,226.00,47686.0000,Belle forme pour celle-ci!
761,2025-06-02,986.00,895.00,882470.0000,Belle forme pour celle-ci!
761,2025-11-07,729.00,771.00,562059.0000,Plante un peu croche
761,2025-07-20,836.00,403.00,336908.0000,Belle forme pour celle-ci!
559,2025-07-13,689.00,465.00,320385.0000,Plante un peu croche
559,2025-09-03,245.00,141.00,34545.0000,Plante un peu croche
559,2025-07-05,130.00,720.00,93600.0000,Plante un peu croche
559,2025-12-16,376.00,262.00,98512.0000,Un chevreuil est passé par là
559,2025-06-14,303.00,518.00,156954.0000,Belle forme pour celle-ci!
1052,2025-07-24,377.00,536.00,202072.0000,Plante un peu croche
1052,2025-08-23,832.00,531.00,441792.0000,Belle forme pour celle-ci!
1052,2025-07-09,100.00,199.00,19900.0000,Belle forme pour celle-ci!
1052,2025-11-02,739.00,109.00,80551.0000,Plante un peu croche
1052,2025-10-27,76.00,718.00,54568.0000,Super belle plante
680,2025-12-22,467.00,924.00,431508.0000,Super belle plante
680,2025-07-04,959.00,555.00,532245.0000,Goute très bon
680,2025-07-02,891.00,317.00,282447.0000,Un chevreuil est passé par là
680,2025-08-12,333.00,866.00,288378.0000,Plante un peu croche
680,2025-09-08,308.00,224.00,68992.0000,Plante un peu croche
874,2025-11-02,802.00,840.00,673680.0000,Belle forme pour celle-ci!
874,2025-08-11,358.00,643.00,230194.0000,Belle forme pour celle-ci!
874,2025-08-21,416.00,563.00,234208.0000,Plante un peu croche
31,2025-06-18,438.00,514.00,225132.0000,Plante un peu croche
915,2025-09-25,824.00,727.00,599048.0000,Plante un peu croche
1160,2025-08-12,302.00,51.00,15402.0000,Plante un peu croche
1160,2025-10-16,916.00,585.00,535860.0000,Goute très bon
1160,2025-07-22,516.00,276.00,142416.0000,Un chevreuil est passé par là
1160,2025-11-26,579.00,595.00,344505.0000,Plante un peu croche
1160,2025-06-03,933.00,154.00,143682.0000,Plante un peu croche
1080,2025-11-10,866.00,315.00,272790.0000,Plante un peu croche
1080,2025-07-24,967.00,670.00,647890.0000,Plante un peu croche
1080,2025-12-08,17.00,161.00,2737.0000,Un chevreuil est passé par là
1080,2025-11-22,236.00,562.00,132632.0000,Super belle plante
1080,2025-06-12,495.00,287.00,142065.0000,Goute très bon
1080,2025-10-10,202.00,709.00,143218.0000,Un chevreuil est passé par là
777,2025-08-29,651.00,595.00,387345.0000,Un chevreuil est passé par là
777,2025-09-08,600.00,364.00,218400.0000,Plante un peu croche
777,2025-06-16,924.00,530.00,489720.0000,Un chevreuil est passé par là
1174,2025-11-27,478.00,989.00,472742.0000,Super belle plante
1174,2025-09-12,251.00,323.00,81073.0000,Plante un peu croche
1174,2025-10-29,428.00,894.00,382632.0000,Goute très bon
1174,2025-09-13,801.00,36.00,28836.0000,Un chevreuil est passé par là
1174,2025-07-26,224.00,146.00,32704.0000,Plante un peu croche
181,2025-11-28,51.00,792.00,40392.0000,Belle forme pour celle-ci!
68,2025-12-04,82.00,343.00,28126.0000,Plante un peu croche
68,2025-07-12,493.00,333.00,164169.0000,Belle forme pour celle-ci!
68,2025-06-27,732.00,884.00,647088.0000,Goute très bon
68,2025-11-16,925.00,457.00,422725.0000,Plante un peu croche
908,2025-07-24,661.00,669.00,442209.0000,Un chevreuil est passé par là
908,2025-08-09,927.00,152.00,140904.0000,Super belle plante
291,2025-07-01,742.00,623.00,462266.0000,Plante un peu croche
424,2025-10-26,701.00,53.00,37153.0000,Belle forme pour celle-ci!
424,2025-12-24,830.00,712.00,590960.0000,Belle forme pour celle-ci!
424,2025-08-14,688.00,869.00,597872.0000,Plante un peu croche
424,2025-11-13,706.00,113.00,79778.0000,Goute très bon
424,2025-07-02,439.00,551.00,241889.0000,Goute très bon
424,2025-11-28,746.00,232.00,173072.0000,Un chevreuil est passé par là
1089,2025-11-21,845.00,827.00,698815.0000,Plante un peu croche
1089,2025-09-10,871.00,200.00,174200.0000,Goute très bon
1089,2025-07-12,758.00,713.00,540454.0000,Goute très bon
1089,2025-07-04,850.00,936.00,795600.0000,Plante un peu croche
173,2025-10-31,311.00,637.00,198107.0000,Belle forme pour celle-ci!
173,2025-08-24,689.00,143.00,98527.0000,Belle forme pour celle-ci!
173,2025-08-09,708.00,585.00,414180.0000,Plante un peu croche
72,2025-10-28,732.00,715.00,523380.0000,Goute très bon
72,2025-12-03,367.00,676.00,248092.0000,Un chevreuil est passé par là
72,2025-09-20,511.00,747.00,381717.0000,Super belle plante
72,2025-10-03,257.00,871.00,223847.0000,Goute très bon
72,2025-08-09,475.00,998.00,474050.0000,Un chevreuil est passé par là
72,2025-09-13,273.00,853.00,232869.0000,Super belle plante
72,2025-07-14,394.00,388.00,152872.0000,Plante un peu croche
112,2025-06-06,226.00,220.00,49720.0000,Belle forme pour celle-ci!
112,2025-06-05,855.00,677.00,578835.0000,Super belle plante
473,2025-08-01,388.00,844.00,327472.0000,Plante un peu croche
473,2025-11-07,876.00,571.00,500196.0000,Un chevreuil est passé par là
473,2025-10-06,970.00,408.00,395760.0000,Un chevreuil est passé par là
473,2025-10-24,332.00,856.00,284192.0000,Super belle plante
473,2025-12-08,535.00,416.00,222560.0000,Plante un peu croche
126,2025-12-25,702.00,916.00,643032.0000,Super belle plante
126,2025-09-20,915.00,794.00,726510.0000,Belle forme pour celle-ci!
126,2025-09-09,939.00,765.00,718335.0000,Belle forme pour celle-ci!
126,2025-11-24,969.00,158.00,153102.0000,Plante un peu croche
118,2025-06-18,864.00,209.00,180576.0000,Super belle plante
118,2025-09-09,505.00,408.00,206040.0000,Goute très bon
118,2025-12-02,618.00,203.00,125454.0000,Goute très bon
154,2025-07-30,977.00,574.00,560798.0000,Goute très bon
154,2025-12-02,752.00,543.00,408336.0000,Goute très bon
154,2025-10-17,486.00,398.00,193428.0000,Belle forme pour celle-ci!
154,2025-10-05,168.00,11.00,1848.0000,Belle forme pour celle-ci!
154,2025-09-15,803.00,977.00,784531.0000,Plante un peu croche
154,2025-09-04,431.00,828.00,356868.0000,Plante un peu croche
247,2025-11-26,336.00,219.00,73584.0000,Super belle plante
247,2025-11-05,718.00,414.00,297252.0000,Super belle plante
247,2025-12-08,12.00,347.00,4164.0000,Super belle plante
219,2025-11-11,322.00,149.00,47978.0000,Belle forme pour celle-ci!
219,2025-08-18,256.00,185.00,47360.0000,Belle forme pour celle-ci!
219,2025-09-07,906.00,614.00,556284.0000,Goute très bon
219,2025-11-01,684.00,759.00,519156.0000,Un chevreuil est passé par là
219,2025-08-17,862.00,450.00,387900.0000,Goute très bon
107,2025-12-26,155.00,163.00,25265.0000,Un chevreuil est passé par là
107,2025-11-13,982.00,341.00,334862.0000,Goute très bon
107,2025-09-26,208.00,749.00,155792.0000,Super belle plante
107,2025-08-18,948.00,223.00,211404.0000,Goute très bon
107,2025-08-04,727.00,857.00,623039.0000,Super belle plante
107,2025-11-08,283.00,798.00,225834.0000,Belle forme pour celle-ci!
984,2025-06-30,743.00,86.00,63898.0000,Goute très bon
984,2025-11-16,314.00,31.00,9734.0000,Un chevreuil est passé par là
984,2025-08-15,273.00,336.00,91728.0000,Goute très bon
984,2025-10-06,835.00,157.00,131095.0000,Goute très bon
984,2025-09-15,654.00,958.00,626532.0000,Super belle plante
984,2025-10-28,335.00,932.00,312220.0000,Un chevreuil est passé par là
316,2025-12-16,580.00,473.00,274340.0000,Plante un peu croche
316,2025-07-10,629.00,91.00,57239.0000,Super belle plante
316,2025-07-05,232.00,530.00,122960.0000,Super belle plante
150,2025-07-07,991.00,138.00,136758.0000,Belle forme pour celle-ci!
150,2025-11-03,316.00,529.00,167164.0000,Belle forme pour celle-ci!
150,2025-10-16,122.00,272.00,33184.0000,Plante un peu croche
150,2025-06-18,418.00,536.00,224048.0000,Belle forme pour celle-ci!
150,2025-08-20,388.00,751.00,291388.0000,Super belle plante
150,2025-07-16,451.00,974.00,439274.0000,Belle forme pour celle-ci!
150,2025-08-04,568.00,676.00,383968.0000,Un chevreuil est passé par là
1150,2025-07-20,500.00,39.00,19500.0000,Belle forme pour celle-ci!
1150,2025-09-23,584.00,735.00,429240.0000,Super belle plante
1150,2025-09-10,718.00,367.00,263506.0000,Plante un peu croche
1150,2025-08-13,551.00,142.00,78242.0000,Plante un peu croche
1150,2025-10-23,17.00,992.00,16864.0000,Un chevreuil est passé par là
1150,2025-06-29,194.00,418.00,81092.0000,Belle forme pour celle-ci!
13,2025-12-20,486.00,642.00,312012.0000,Goute très bon
13,2025-06-05,172.00,78.00,13416.0000,Goute très bon
13,2025-08-15,870.00,538.00,468060.0000,Goute très bon
13,2025-10-29,461.00,876.00,403836.0000,Un chevreuil est passé par là
13,2025-11-07,73.00,726.00,52998.0000,Super belle plante
891,2025-10-24,405.00,952.00,385560.0000,Un chevreuil est passé par là
891,2025-09-16,541.00,969.00,524229.0000,Plante un peu croche
944,2025-12-19,822.00,935.00,768570.0000,Un chevreuil est passé par là
944,2025-08-28,363.00,922.00,334686.0000,Super belle plante
548,2025-06-03,306.00,592.00,181152.0000,Goute très bon
548,2025-10-04,795.00,734.00,583530.0000,Plante un peu croche
548,2025-07-13,502.00,397.00,199294.0000,Super belle plante
548,2025-08-30,859.00,538.00,462142.0000,Super belle plante
1163,2025-06-13,421.00,444.00,186924.0000,Un chevreuil est passé par là
392,2025-07-27,191.00,348.00,66468.0000,Un chevreuil est passé par là
392,2025-08-08,478.00,804.00,384312.0000,Super belle plante
392,2025-09-10,33.00,974.00,32142.0000,Goute très bon
128,2025-08-17,367.00,176.00,64592.0000,Goute très bon
128,2025-11-18,421.00,751.00,316171.0000,Belle forme pour celle-ci!
128,2025-07-22,255.00,324.00,82620.0000,Plante un peu croche
128,2025-07-29,622.00,18.00,11196.0000,Goute très bon
128,2025-08-11,136.00,125.00,17000.0000,Belle forme pour celle-ci!
873,2025-12-28,676.00,788.00,532688.0000,Plante un peu croche
873,2025-07-17,933.00,457.00,426381.0000,Super belle plante
873,2025-06-03,558.00,404.00,225432.0000,Super belle plante
873,2025-09-20,875.00,556.00,486500.0000,Un chevreuil est passé par là
873,2025-10-30,301.00,396.00,119196.0000,Super belle plante
962,2025-07-02,383.00,624.00,238992.0000,Un chevreuil est passé par là
962,2025-09-15,492.00,18.00,8856.0000,Super belle plante
962,2025-12-09,587.00,702.00,412074.0000,Plante un peu croche
962,2025-09-21,252.00,269.00,67788.0000,Plante un peu croche
962,2025-11-02,629.00,579.00,364191.0000,Plante un peu croche
962,2025-06-18,220.00,113.00,24860.0000,Un chevreuil est passé par là
962,2025-11-06,446.00,840.00,374640.0000,Super belle plante
682,2025-11-24,4.00,804.00,3216.0000,Super belle plante
682,2025-11-23,982.00,363.00,356466.0000,Super belle plante
682,2025-12-10,253.00,204.00,51612.0000,Plante un peu croche
682,2025-06-02,196.00,632.00,123872.0000,Plante un peu croche
682,2025-11-03,605.00,833.00,503965.0000,Goute très bon
682,2025-08-12,254.00,60.00,15240.0000,Goute très bon
346,2025-11-19,553.00,620.00,342860.0000,Belle forme pour celle-ci!
346,2025-10-03,870.00,717.00,623790.0000,Plante un peu croche
183,2025-10-26,336.00,897.00,301392.0000,Super belle plante
346,2025-09-28,935.00,805.00,752675.0000,Un chevreuil est passé par là
346,2025-11-26,85.00,31.00,2635.0000,Goute très bon
346,2025-09-20,602.00,836.00,503272.0000,Super belle plante
346,2025-09-01,295.00,659.00,194405.0000,Belle forme pour celle-ci!
495,2025-11-13,882.00,760.00,670320.0000,Super belle plante
495,2025-11-17,638.00,285.00,181830.0000,Belle forme pour celle-ci!
495,2025-10-04,852.00,594.00,506088.0000,Belle forme pour celle-ci!
495,2025-10-20,864.00,400.00,345600.0000,Goute très bon
495,2025-07-02,522.00,990.00,516780.0000,Plante un peu croche
334,2025-06-07,840.00,204.00,171360.0000,Belle forme pour celle-ci!
334,2025-11-15,780.00,902.00,703560.0000,Super belle plante
334,2025-10-22,654.00,623.00,407442.0000,Goute très bon
815,2025-08-10,621.00,604.00,375084.0000,Un chevreuil est passé par là
83,2025-08-10,234.00,48.00,11232.0000,Plante un peu croche
83,2025-07-16,594.00,820.00,487080.0000,Belle forme pour celle-ci!
280,2025-12-21,689.00,699.00,481611.0000,Super belle plante
280,2025-07-12,171.00,631.00,107901.0000,Super belle plante
1057,2025-11-05,624.00,336.00,209664.0000,Plante un peu croche
1057,2025-06-10,288.00,534.00,153792.0000,Super belle plante
1057,2025-12-20,395.00,537.00,212115.0000,Super belle plante
1057,2025-10-31,176.00,816.00,143616.0000,Goute très bon
1057,2025-07-13,183.00,240.00,43920.0000,Belle forme pour celle-ci!
1057,2025-09-14,256.00,323.00,82688.0000,Super belle plante
1057,2025-06-21,658.00,274.00,180292.0000,Un chevreuil est passé par là
36,2025-09-27,791.00,779.00,616189.0000,Goute très bon
36,2025-09-08,18.00,475.00,8550.0000,Super belle plante
36,2025-07-02,818.00,391.00,319838.0000,Goute très bon
36,2025-08-24,68.00,745.00,50660.0000,Plante un peu croche
36,2025-11-20,332.00,930.00,308760.0000,Belle forme pour celle-ci!
36,2025-10-30,240.00,584.00,140160.0000,Goute très bon
36,2025-08-14,726.00,183.00,132858.0000,Belle forme pour celle-ci!
1147,2025-09-10,511.00,549.00,280539.0000,Plante un peu croche
1147,2025-08-24,709.00,564.00,399876.0000,Plante un peu croche
49,2025-09-26,899.00,600.00,539400.0000,Belle forme pour celle-ci!
49,2025-09-13,675.00,325.00,219375.0000,Super belle plante
49,2025-09-17,952.00,124.00,118048.0000,Goute très bon
49,2025-07-24,503.00,173.00,87019.0000,Un chevreuil est passé par là
898,2025-08-08,103.00,359.00,36977.0000,Belle forme pour celle-ci!
898,2025-07-02,757.00,565.00,427705.0000,Un chevreuil est passé par là
898,2025-07-23,317.00,820.00,259940.0000,Belle forme pour celle-ci!
898,2025-12-19,272.00,751.00,204272.0000,Super belle plante
898,2025-10-02,899.00,281.00,252619.0000,Goute très bon
898,2025-11-17,988.00,313.00,309244.0000,Plante un peu croche
709,2025-07-24,242.00,506.00,122452.0000,Belle forme pour celle-ci!
709,2025-12-25,399.00,848.00,338352.0000,Super belle plante
709,2025-10-19,784.00,623.00,488432.0000,Plante un peu croche
709,2025-06-16,94.00,83.00,7802.0000,Belle forme pour celle-ci!
709,2025-12-11,823.00,496.00,408208.0000,Super belle plante
709,2025-11-08,467.00,60.00,28020.0000,Un chevreuil est passé par là
709,2025-10-16,852.00,455.00,387660.0000,Goute très bon
694,2025-08-30,928.00,438.00,406464.0000,Un chevreuil est passé par là
694,2025-10-09,350.00,940.00,329000.0000,Goute très bon
694,2025-08-19,945.00,220.00,207900.0000,Belle forme pour celle-ci!
694,2025-12-16,736.00,768.00,565248.0000,Belle forme pour celle-ci!
694,2025-11-01,847.00,132.00,111804.0000,Belle forme pour celle-ci!
1101,2025-10-06,379.00,796.00,301684.0000,Plante un peu croche
1101,2025-11-15,594.00,848.00,503712.0000,Goute très bon
373,2025-08-12,835.00,889.00,742315.0000,Plante un peu croche
373,2025-10-21,628.00,388.00,243664.0000,Goute très bon
373,2025-11-12,630.00,220.00,138600.0000,Plante un peu croche
373,2025-12-12,138.00,614.00,84732.0000,Un chevreuil est passé par là
373,2025-06-16,575.00,495.00,284625.0000,Belle forme pour celle-ci!
373,2025-06-26,403.00,140.00,56420.0000,Belle forme pour celle-ci!
373,2025-06-18,51.00,807.00,41157.0000,Belle forme pour celle-ci!
330,2025-09-11,741.00,837.00,620217.0000,Plante un peu croche
330,2025-10-01,483.00,981.00,473823.0000,Plante un peu croche
330,2025-09-05,313.00,615.00,192495.0000,Goute très bon
330,2025-08-19,933.00,556.00,518748.0000,Belle forme pour celle-ci!
604,2025-12-12,490.00,801.00,392490.0000,Plante un peu croche
604,2025-10-18,544.00,836.00,454784.0000,Plante un peu croche
604,2025-10-22,308.00,880.00,271040.0000,Un chevreuil est passé par là
157,2025-12-20,801.00,30.00,24030.0000,Goute très bon
157,2025-09-01,914.00,67.00,61238.0000,Goute très bon
157,2025-07-04,115.00,527.00,60605.0000,Plante un peu croche
157,2025-10-21,550.00,109.00,59950.0000,Super belle plante
157,2025-12-06,846.00,113.00,95598.0000,Un chevreuil est passé par là
157,2025-12-08,369.00,336.00,123984.0000,Un chevreuil est passé par là
308,2025-12-04,728.00,706.00,513968.0000,Plante un peu croche
308,2025-10-13,410.00,757.00,310370.0000,Goute très bon
834,2025-08-08,395.00,466.00,184070.0000,Plante un peu croche
834,2025-11-08,403.00,250.00,100750.0000,Un chevreuil est passé par là
834,2025-07-22,395.00,262.00,103490.0000,Belle forme pour celle-ci!
1005,2025-07-31,743.00,305.00,226615.0000,Goute très bon
1005,2025-06-06,646.00,418.00,270028.0000,Un chevreuil est passé par là
1005,2025-11-07,787.00,881.00,693347.0000,Plante un peu croche
1005,2025-11-12,732.00,766.00,560712.0000,Super belle plante
808,2025-06-12,862.00,92.00,79304.0000,Un chevreuil est passé par là
808,2025-10-27,204.00,779.00,158916.0000,Super belle plante
808,2025-08-28,702.00,949.00,666198.0000,Plante un peu croche
808,2025-06-11,511.00,291.00,148701.0000,Goute très bon
808,2025-07-27,153.00,132.00,20196.0000,Belle forme pour celle-ci!
914,2025-11-19,152.00,144.00,21888.0000,Belle forme pour celle-ci!
914,2025-10-17,166.00,297.00,49302.0000,Plante un peu croche
914,2025-08-15,409.00,524.00,214316.0000,Goute très bon
914,2025-06-16,447.00,215.00,96105.0000,Plante un peu croche
914,2025-09-27,991.00,788.00,780908.0000,Goute très bon
914,2025-07-22,34.00,15.00,510.0000,Belle forme pour celle-ci!
914,2025-10-04,974.00,377.00,367198.0000,Goute très bon
519,2025-10-07,619.00,962.00,595478.0000,Plante un peu croche
519,2025-11-06,190.00,121.00,22990.0000,Goute très bon
519,2025-11-27,90.00,943.00,84870.0000,Super belle plante
479,2025-12-05,37.00,887.00,32819.0000,Belle forme pour celle-ci!
459,2025-11-09,54.00,195.00,10530.0000,Un chevreuil est passé par là
459,2025-11-17,788.00,750.00,591000.0000,Super belle plante
459,2025-11-11,721.00,110.00,79310.0000,Un chevreuil est passé par là
459,2025-06-16,5.00,336.00,1680.0000,Goute très bon
733,2025-12-10,225.00,253.00,56925.0000,Belle forme pour celle-ci!
733,2025-10-28,666.00,223.00,148518.0000,Un chevreuil est passé par là
183,2025-10-06,229.00,107.00,24503.0000,Belle forme pour celle-ci!
183,2025-09-25,14.00,362.00,5068.0000,Super belle plante
183,2025-06-29,594.00,969.00,575586.0000,Belle forme pour celle-ci!
99,2025-11-03,371.00,824.00,305704.0000,Super belle plante
99,2025-07-22,648.00,982.00,636336.0000,Goute très bon
99,2025-12-05,261.00,52.00,13572.0000,Un chevreuil est passé par là
700,2025-10-01,968.00,494.00,478192.0000,Un chevreuil est passé par là
700,2025-12-12,418.00,618.00,258324.0000,Un chevreuil est passé par là
700,2025-06-04,269.00,185.00,49765.0000,Plante un peu croche
1165,2025-11-25,12.00,273.00,3276.0000,Belle forme pour celle-ci!
1165,2025-09-10,495.00,278.00,137610.0000,Super belle plante
1165,2025-07-23,168.00,963.00,161784.0000,Plante un peu croche
1165,2025-12-19,907.00,564.00,511548.0000,Plante un peu croche
1165,2025-10-19,182.00,55.00,10010.0000,Super belle plante
1165,2025-10-08,991.00,767.00,760097.0000,Super belle plante
1165,2025-11-03,415.00,379.00,157285.0000,Super belle plante
138,2025-08-07,598.00,988.00,590824.0000,Belle forme pour celle-ci!
138,2025-10-09,876.00,420.00,367920.0000,Goute très bon
138,2025-07-30,994.00,522.00,518868.0000,Goute très bon
1088,2025-10-28,54.00,51.00,2754.0000,Plante un peu croche
543,2025-10-09,525.00,81.00,42525.0000,Goute très bon
465,2025-06-27,907.00,896.00,812672.0000,Plante un peu croche
465,2025-06-05,260.00,725.00,188500.0000,Plante un peu croche
712,2025-11-13,10.00,421.00,4210.0000,Un chevreuil est passé par là
712,2025-10-10,130.00,290.00,37700.0000,Goute très bon
712,2025-11-02,632.00,656.00,414592.0000,Goute très bon
712,2025-08-16,679.00,679.00,461041.0000,Un chevreuil est passé par là
250,2025-07-14,896.00,753.00,674688.0000,Super belle plante
250,2025-11-06,515.00,731.00,376465.0000,Plante un peu croche
250,2025-07-07,913.00,34.00,31042.0000,Super belle plante
250,2025-09-25,243.00,748.00,181764.0000,Un chevreuil est passé par là
250,2025-12-12,760.00,94.00,71440.0000,Belle forme pour celle-ci!
250,2025-10-10,370.00,157.00,58090.0000,Goute très bon
140,2025-09-18,642.00,639.00,410238.0000,Un chevreuil est passé par là
140,2025-06-27,535.00,174.00,93090.0000,Super belle plante
140,2025-11-19,162.00,874.00,141588.0000,Plante un peu croche
1076,2025-09-09,595.00,425.00,252875.0000,Super belle plante
1076,2025-11-08,331.00,852.00,282012.0000,Un chevreuil est passé par là
1076,2025-07-05,20.00,299.00,5980.0000,Belle forme pour celle-ci!
15,2025-09-29,346.00,290.00,100340.0000,Un chevreuil est passé par là
379,2025-10-04,384.00,74.00,28416.0000,Un chevreuil est passé par là
379,2025-07-14,714.00,333.00,237762.0000,Super belle plante
640,2025-07-21,10.00,685.00,6850.0000,Belle forme pour celle-ci!
640,2025-08-10,996.00,205.00,204180.0000,Belle forme pour celle-ci!
254,2025-09-14,322.00,209.00,67298.0000,Un chevreuil est passé par là
254,2025-08-21,563.00,321.00,180723.0000,Goute très bon
254,2025-11-14,301.00,764.00,229964.0000,Un chevreuil est passé par là
254,2025-11-13,954.00,890.00,849060.0000,Goute très bon
254,2025-07-13,440.00,851.00,374440.0000,Belle forme pour celle-ci!
369,2025-11-08,898.00,590.00,529820.0000,Goute très bon
369,2025-07-19,117.00,324.00,37908.0000,Super belle plante
369,2025-12-04,306.00,975.00,298350.0000,Belle forme pour celle-ci!
630,2025-10-04,218.00,125.00,27250.0000,Plante un peu croche
630,2025-12-04,37.00,96.00,3552.0000,Plante un peu croche
630,2025-06-27,378.00,954.00,360612.0000,Super belle plante
630,2025-06-11,870.00,631.00,548970.0000,Belle forme pour celle-ci!
630,2025-06-03,239.00,980.00,234220.0000,Un chevreuil est passé par là
630,2025-07-06,775.00,627.00,485925.0000,Plante un peu croche
886,2025-11-29,505.00,407.00,205535.0000,Plante un peu croche
886,2025-11-27,66.00,93.00,6138.0000,Goute très bon
886,2025-07-03,840.00,810.00,680400.0000,Plante un peu croche
706,2025-10-21,223.00,636.00,141828.0000,Plante un peu croche
706,2025-09-25,861.00,710.00,611310.0000,Goute très bon
182,2025-06-01,923.00,921.00,850083.0000,Belle forme pour celle-ci!
182,2025-06-12,977.00,34.00,33218.0000,Goute très bon
721,2025-11-19,837.00,877.00,734049.0000,Goute très bon
721,2025-11-06,701.00,401.00,281101.0000,Goute très bon
721,2025-07-29,408.00,496.00,202368.0000,Goute très bon
917,2025-12-20,719.00,863.00,620497.0000,Un chevreuil est passé par là
917,2025-11-26,991.00,768.00,761088.0000,Plante un peu croche
917,2025-10-28,977.00,480.00,468960.0000,Un chevreuil est passé par là
1149,2025-07-28,426.00,949.00,404274.0000,Super belle plante
941,2025-10-27,965.00,261.00,251865.0000,Un chevreuil est passé par là
941,2025-10-06,862.00,643.00,554266.0000,Goute très bon
941,2025-12-03,695.00,124.00,86180.0000,Belle forme pour celle-ci!
941,2025-09-28,445.00,975.00,433875.0000,Goute très bon
941,2025-12-11,598.00,772.00,461656.0000,Belle forme pour celle-ci!
941,2025-10-16,611.00,795.00,485745.0000,Plante un peu croche
75,2025-10-24,442.00,885.00,391170.0000,Un chevreuil est passé par là
75,2025-10-31,389.00,440.00,171160.0000,Un chevreuil est passé par là
75,2025-11-13,94.00,608.00,57152.0000,Goute très bon
11,2025-09-25,173.00,211.00,36503.0000,Belle forme pour celle-ci!
726,2025-10-08,648.00,4.00,2592.0000,Belle forme pour celle-ci!
726,2025-09-14,562.00,419.00,235478.0000,Plante un peu croche
726,2025-09-21,850.00,706.00,600100.0000,Plante un peu croche
726,2025-11-23,473.00,903.00,427119.0000,Plante un peu croche
201,2025-12-25,239.00,731.00,174709.0000,Super belle plante
201,2025-08-09,755.00,786.00,593430.0000,Plante un peu croche
201,2025-09-21,166.00,604.00,100264.0000,Belle forme pour celle-ci!
474,2025-07-23,351.00,811.00,284661.0000,Super belle plante
474,2025-07-27,911.00,705.00,642255.0000,Super belle plante
809,2025-08-18,635.00,674.00,427990.0000,Goute très bon
809,2025-09-25,548.00,303.00,166044.0000,Belle forme pour celle-ci!
144,2025-08-17,284.00,577.00,163868.0000,Super belle plante
1077,2025-10-25,288.00,675.00,194400.0000,Un chevreuil est passé par là
1077,2025-06-10,445.00,380.00,169100.0000,Super belle plante
1077,2025-11-12,60.00,488.00,29280.0000,Goute très bon
1077,2025-09-25,123.00,178.00,21894.0000,Un chevreuil est passé par là
529,2025-06-08,241.00,545.00,131345.0000,Belle forme pour celle-ci!
529,2025-07-20,105.00,9.00,945.0000,Un chevreuil est passé par là
529,2025-10-23,887.00,210.00,186270.0000,Plante un peu croche
529,2025-09-08,653.00,917.00,598801.0000,Un chevreuil est passé par là
529,2025-09-24,656.00,242.00,158752.0000,Super belle plante
529,2025-08-08,986.00,388.00,382568.0000,Belle forme pour celle-ci!
529,2025-06-02,232.00,419.00,97208.0000,Plante un peu croche
1155,2025-06-20,818.00,154.00,125972.0000,Plante un peu croche
1155,2025-07-16,369.00,706.00,260514.0000,Super belle plante
1099,2025-07-14,774.00,746.00,577404.0000,Plante un peu croche
1099,2025-10-15,344.00,255.00,87720.0000,Goute très bon
1099,2025-09-05,675.00,732.00,494100.0000,Plante un peu croche
1099,2025-12-09,602.00,573.00,344946.0000,Super belle plante
1099,2025-09-12,964.00,996.00,960144.0000,Goute très bon
1099,2025-12-21,852.00,716.00,610032.0000,Super belle plante
43,2025-06-20,923.00,958.00,884234.0000,Belle forme pour celle-ci!
43,2025-10-22,21.00,501.00,10521.0000,Plante un peu croche
298,2025-11-07,384.00,689.00,264576.0000,Belle forme pour celle-ci!
59,2025-08-30,833.00,919.00,765527.0000,Plante un peu croche
59,2025-06-29,343.00,121.00,41503.0000,Un chevreuil est passé par là
321,2025-12-20,266.00,676.00,179816.0000,Plante un peu croche
321,2025-08-20,148.00,2.00,296.0000,Super belle plante
321,2025-11-07,7.00,828.00,5796.0000,Super belle plante
321,2025-07-15,811.00,811.00,657721.0000,Goute très bon
321,2025-09-23,947.00,962.00,911014.0000,Goute très bon
321,2025-08-30,982.00,133.00,130606.0000,Goute très bon
321,2025-06-28,699.00,158.00,110442.0000,Belle forme pour celle-ci!
609,2025-11-13,842.00,930.00,783060.0000,Plante un peu croche
609,2025-10-31,98.00,307.00,30086.0000,Belle forme pour celle-ci!
609,2025-09-21,412.00,748.00,308176.0000,Belle forme pour celle-ci!
609,2025-12-28,257.00,931.00,239267.0000,Plante un peu croche
609,2025-09-24,559.00,550.00,307450.0000,Plante un peu croche
702,2025-11-06,708.00,933.00,660564.0000,Super belle plante
702,2025-07-04,345.00,43.00,14835.0000,Plante un peu croche
702,2025-09-05,92.00,269.00,24748.0000,Plante un peu croche
927,2025-09-25,467.00,255.00,119085.0000,Un chevreuil est passé par là
927,2025-12-23,324.00,716.00,231984.0000,Belle forme pour celle-ci!
927,2025-09-02,577.00,674.00,388898.0000,Goute très bon
927,2025-10-20,410.00,818.00,335380.0000,Super belle plante
508,2025-06-09,825.00,511.00,421575.0000,Un chevreuil est passé par là
508,2025-09-08,185.00,402.00,74370.0000,Super belle plante
1023,2025-11-25,745.00,388.00,289060.0000,Goute très bon
1023,2025-11-07,643.00,318.00,204474.0000,Goute très bon
1023,2025-09-10,979.00,814.00,796906.0000,Un chevreuil est passé par là
1023,2025-08-07,700.00,644.00,450800.0000,Belle forme pour celle-ci!
314,2025-11-22,130.00,183.00,23790.0000,Un chevreuil est passé par là
314,2025-12-19,561.00,249.00,139689.0000,Goute très bon
314,2025-11-01,189.00,470.00,88830.0000,Goute très bon
314,2025-09-30,851.00,163.00,138713.0000,Super belle plante
314,2025-12-05,843.00,875.00,737625.0000,Un chevreuil est passé par là
314,2025-12-10,149.00,734.00,109366.0000,Un chevreuil est passé par là
314,2025-07-28,560.00,682.00,381920.0000,Plante un peu croche
629,2025-10-15,107.00,500.00,53500.0000,Goute très bon
629,2025-09-11,741.00,994.00,736554.0000,Belle forme pour celle-ci!
629,2025-06-22,241.00,48.00,11568.0000,Plante un peu croche
629,2025-06-04,831.00,776.00,644856.0000,Plante un peu croche
629,2025-10-20,139.00,414.00,57546.0000,Super belle plante
629,2025-11-12,608.00,883.00,536864.0000,Un chevreuil est passé par là
629,2025-08-31,649.00,624.00,404976.0000,Plante un peu croche
765,2025-12-23,784.00,146.00,114464.0000,Plante un peu croche
765,2025-06-06,425.00,217.00,92225.0000,Plante un peu croche
765,2025-10-06,857.00,947.00,811579.0000,Belle forme pour celle-ci!
765,2025-11-29,11.00,871.00,9581.0000,Un chevreuil est passé par là
765,2025-08-17,823.00,329.00,270767.0000,Plante un peu croche
553,2025-09-25,32.00,785.00,25120.0000,Goute très bon
553,2025-08-04,314.00,656.00,205984.0000,Un chevreuil est passé par là
553,2025-06-27,380.00,552.00,209760.0000,Plante un peu croche
553,2025-10-05,845.00,212.00,179140.0000,Goute très bon
553,2025-11-23,685.00,514.00,352090.0000,Belle forme pour celle-ci!
553,2025-06-10,18.00,11.00,198.0000,Goute très bon
553,2025-07-03,222.00,655.00,145410.0000,Plante un peu croche
27,2025-06-08,639.00,334.00,213426.0000,Plante un peu croche
27,2025-11-13,130.00,308.00,40040.0000,Un chevreuil est passé par là
27,2025-10-22,264.00,10.00,2640.0000,Super belle plante
606,2025-11-19,165.00,89.00,14685.0000,Goute très bon
606,2025-09-08,178.00,907.00,161446.0000,Un chevreuil est passé par là
606,2025-12-08,766.00,894.00,684804.0000,Super belle plante
606,2025-12-04,322.00,307.00,98854.0000,Super belle plante
606,2025-09-12,748.00,578.00,432344.0000,Goute très bon
606,2025-11-04,310.00,87.00,26970.0000,Super belle plante
606,2025-08-13,905.00,968.00,876040.0000,Un chevreuil est passé par là
1118,2025-07-12,57.00,563.00,32091.0000,Plante un peu croche
926,2025-08-26,442.00,719.00,317798.0000,Plante un peu croche
926,2025-07-21,530.00,115.00,60950.0000,Un chevreuil est passé par là
926,2025-07-09,967.00,175.00,169225.0000,Belle forme pour celle-ci!
926,2025-11-26,860.00,601.00,516860.0000,Goute très bon
926,2025-09-18,886.00,424.00,375664.0000,Super belle plante
926,2025-07-15,552.00,602.00,332304.0000,Goute très bon
992,2025-06-26,235.00,680.00,159800.0000,Un chevreuil est passé par là
992,2025-10-22,470.00,974.00,457780.0000,Un chevreuil est passé par là
992,2025-11-09,437.00,404.00,176548.0000,Belle forme pour celle-ci!
885,2025-11-25,613.00,662.00,405806.0000,Belle forme pour celle-ci!
885,2025-06-13,930.00,383.00,356190.0000,Un chevreuil est passé par là
885,2025-08-16,649.00,193.00,125257.0000,Plante un peu croche
885,2025-07-18,537.00,813.00,436581.0000,Plante un peu croche
885,2025-07-19,938.00,875.00,820750.0000,Super belle plante
991,2025-11-28,796.00,497.00,395612.0000,Plante un peu croche
991,2025-12-25,677.00,625.00,423125.0000,Goute très bon
991,2025-06-15,802.00,912.00,731424.0000,Goute très bon
991,2025-07-17,782.00,96.00,75072.0000,Belle forme pour celle-ci!
413,2025-07-11,806.00,953.00,768118.0000,Goute très bon
413,2025-09-10,624.00,963.00,600912.0000,Plante un peu croche
413,2025-11-25,874.00,27.00,23598.0000,Goute très bon
413,2025-06-20,778.00,344.00,267632.0000,Super belle plante
198,2025-12-14,697.00,276.00,192372.0000,Super belle plante
198,2025-06-17,946.00,30.00,28380.0000,Goute très bon
198,2025-11-10,864.00,41.00,35424.0000,Un chevreuil est passé par là
198,2025-11-09,763.00,255.00,194565.0000,Goute très bon
198,2025-06-25,967.00,332.00,321044.0000,Un chevreuil est passé par là
198,2025-11-29,306.00,122.00,37332.0000,Goute très bon
1106,2025-10-09,555.00,147.00,81585.0000,Plante un peu croche
1106,2025-06-15,872.00,827.00,721144.0000,Plante un peu croche
1106,2025-11-22,198.00,7.00,1386.0000,Super belle plante
1106,2025-11-03,562.00,690.00,387780.0000,Plante un peu croche
1106,2025-10-04,737.00,890.00,655930.0000,Super belle plante
1106,2025-12-27,310.00,213.00,66030.0000,Plante un peu croche
1106,2025-07-24,129.00,607.00,78303.0000,Goute très bon
615,2025-10-19,845.00,311.00,262795.0000,Goute très bon
615,2025-06-19,634.00,594.00,376596.0000,Un chevreuil est passé par là
788,2025-12-01,821.00,888.00,729048.0000,Un chevreuil est passé par là
788,2025-11-16,953.00,709.00,675677.0000,Un chevreuil est passé par là
788,2025-11-28,820.00,711.00,583020.0000,Goute très bon
788,2025-08-06,506.00,874.00,442244.0000,Goute très bon
788,2025-06-21,819.00,752.00,615888.0000,Un chevreuil est passé par là
1144,2025-10-25,566.00,637.00,360542.0000,Super belle plante
1144,2025-08-22,380.00,793.00,301340.0000,Belle forme pour celle-ci!
724,2025-11-13,715.00,933.00,667095.0000,Plante un peu croche
724,2025-10-14,609.00,702.00,427518.0000,Goute très bon
724,2025-10-02,795.00,552.00,438840.0000,Super belle plante
989,2025-11-30,277.00,217.00,60109.0000,Goute très bon
770,2025-09-15,922.00,35.00,32270.0000,Super belle plante
770,2025-11-27,643.00,186.00,119598.0000,Un chevreuil est passé par là
770,2025-11-08,848.00,140.00,118720.0000,Plante un peu croche
770,2025-10-24,535.00,902.00,482570.0000,Belle forme pour celle-ci!
103,2025-09-20,626.00,900.00,563400.0000,Goute très bon
768,2025-11-22,842.00,552.00,464784.0000,Goute très bon
768,2025-08-29,504.00,950.00,478800.0000,Belle forme pour celle-ci!
768,2025-10-26,21.00,514.00,10794.0000,Un chevreuil est passé par là
19,2025-09-22,898.00,654.00,587292.0000,Super belle plante
19,2025-10-12,79.00,883.00,69757.0000,Super belle plante
718,2025-10-20,271.00,287.00,77777.0000,Plante un peu croche
784,2025-10-16,594.00,702.00,416988.0000,Plante un peu croche
784,2025-11-19,955.00,749.00,715295.0000,Super belle plante
784,2025-11-16,944.00,949.00,895856.0000,Goute très bon
784,2025-10-29,41.00,530.00,21730.0000,Plante un peu croche
784,2025-08-24,255.00,831.00,211905.0000,Goute très bon
784,2025-06-25,551.00,340.00,187340.0000,Plante un peu croche
185,2025-06-07,471.00,681.00,320751.0000,Belle forme pour celle-ci!
185,2025-06-20,651.00,136.00,88536.0000,Super belle plante
185,2025-11-03,293.00,227.00,66511.0000,Goute très bon
185,2025-11-25,102.00,635.00,64770.0000,Super belle plante
185,2025-06-05,48.00,577.00,27696.0000,Belle forme pour celle-ci!
185,2025-06-14,565.00,628.00,354820.0000,Goute très bon
185,2025-08-26,772.00,275.00,212300.0000,Plante un peu croche
323,2025-10-22,345.00,242.00,83490.0000,Super belle plante
560,2025-11-20,114.00,477.00,54378.0000,Super belle plante
560,2025-10-02,589.00,664.00,391096.0000,Un chevreuil est passé par là
560,2025-11-26,706.00,345.00,243570.0000,Belle forme pour celle-ci!
560,2025-06-25,194.00,923.00,179062.0000,Plante un peu croche
560,2025-10-14,364.00,263.00,95732.0000,Un chevreuil est passé par là
560,2025-07-14,992.00,57.00,56544.0000,Super belle plante
560,2025-09-16,365.00,436.00,159140.0000,Super belle plante
955,2025-07-07,125.00,728.00,91000.0000,Plante un peu croche
955,2025-06-27,34.00,988.00,33592.0000,Plante un peu croche
574,2025-12-08,660.00,925.00,610500.0000,Super belle plante
574,2025-07-22,535.00,169.00,90415.0000,Belle forme pour celle-ci!
574,2025-07-10,440.00,67.00,29480.0000,Belle forme pour celle-ci!
574,2025-06-06,523.00,951.00,497373.0000,Plante un peu croche
65,2025-07-14,578.00,111.00,64158.0000,Un chevreuil est passé par là
65,2025-11-12,260.00,8.00,2080.0000,Un chevreuil est passé par là
65,2025-10-21,663.00,282.00,186966.0000,Goute très bon
65,2025-08-15,696.00,500.00,348000.0000,Goute très bon
920,2025-07-12,309.00,266.00,82194.0000,Belle forme pour celle-ci!
920,2025-07-16,899.00,801.00,720099.0000,Super belle plante
63,2025-11-08,540.00,993.00,536220.0000,Belle forme pour celle-ci!
948,2025-06-22,927.00,611.00,566397.0000,Belle forme pour celle-ci!
948,2025-08-06,312.00,496.00,154752.0000,Super belle plante
948,2025-11-02,339.00,347.00,117633.0000,Goute très bon
948,2025-10-31,799.00,502.00,401098.0000,Plante un peu croche
803,2025-08-09,213.00,970.00,206610.0000,Goute très bon
803,2025-12-15,724.00,584.00,422816.0000,Super belle plante
803,2025-11-20,882.00,851.00,750582.0000,Plante un peu croche
803,2025-06-13,550.00,981.00,539550.0000,Belle forme pour celle-ci!
803,2025-11-26,367.00,60.00,22020.0000,Belle forme pour celle-ci!
934,2025-08-16,693.00,267.00,185031.0000,Belle forme pour celle-ci!
934,2025-09-01,971.00,139.00,134969.0000,Plante un peu croche
934,2025-07-26,816.00,626.00,510816.0000,Belle forme pour celle-ci!
934,2025-08-23,202.00,286.00,57772.0000,Goute très bon
816,2025-10-27,900.00,911.00,819900.0000,Plante un peu croche
816,2025-07-15,490.00,454.00,222460.0000,Un chevreuil est passé par là
816,2025-06-02,42.00,300.00,12600.0000,Goute très bon
106,2025-12-29,961.00,179.00,172019.0000,Plante un peu croche
489,2025-10-06,332.00,588.00,195216.0000,Un chevreuil est passé par là
489,2025-10-21,679.00,477.00,323883.0000,Plante un peu croche
489,2025-11-06,841.00,480.00,403680.0000,Goute très bon
489,2025-10-02,632.00,112.00,70784.0000,Belle forme pour celle-ci!
441,2025-12-13,479.00,329.00,157591.0000,Plante un peu croche
441,2025-10-29,121.00,93.00,11253.0000,Plante un peu croche
775,2025-09-09,359.00,300.00,107700.0000,Plante un peu croche
775,2025-08-21,572.00,676.00,386672.0000,Un chevreuil est passé par là
775,2025-12-05,275.00,637.00,175175.0000,Belle forme pour celle-ci!
261,2025-06-19,248.00,91.00,22568.0000,Plante un peu croche
55,2025-12-26,314.00,285.00,89490.0000,Goute très bon
55,2025-12-28,207.00,279.00,57753.0000,Super belle plante
279,2025-06-28,931.00,117.00,108927.0000,Un chevreuil est passé par là
168,2025-09-09,431.00,905.00,390055.0000,Belle forme pour celle-ci!
168,2025-10-31,648.00,558.00,361584.0000,Belle forme pour celle-ci!
168,2025-12-11,506.00,73.00,36938.0000,Super belle plante
168,2025-07-19,150.00,221.00,33150.0000,Un chevreuil est passé par là
168,2025-09-25,849.00,21.00,17829.0000,Plante un peu croche
252,2025-08-10,228.00,933.00,212724.0000,Super belle plante
252,2025-10-14,126.00,708.00,89208.0000,Super belle plante
252,2025-12-06,895.00,840.00,751800.0000,Goute très bon
252,2025-12-27,707.00,948.00,670236.0000,Un chevreuil est passé par là
12,2025-09-13,514.00,300.00,154200.0000,Goute très bon
12,2025-10-18,151.00,825.00,124575.0000,Goute très bon
12,2025-08-01,757.00,852.00,644964.0000,Un chevreuil est passé par là
469,2025-09-15,383.00,596.00,228268.0000,Plante un peu croche
469,2025-06-19,320.00,112.00,35840.0000,Goute très bon
469,2025-11-30,366.00,116.00,42456.0000,Plante un peu croche
469,2025-12-07,607.00,860.00,522020.0000,Goute très bon
469,2025-06-25,906.00,848.00,768288.0000,Un chevreuil est passé par là
469,2025-07-02,837.00,437.00,365769.0000,Plante un peu croche
469,2025-06-29,635.00,22.00,13970.0000,Belle forme pour celle-ci!
537,2025-06-22,12.00,104.00,1248.0000,Super belle plante
537,2025-11-05,145.00,363.00,52635.0000,Belle forme pour celle-ci!
603,2025-06-20,73.00,803.00,58619.0000,Un chevreuil est passé par là
659,2025-09-03,235.00,110.00,25850.0000,Un chevreuil est passé par là
659,2025-10-18,280.00,928.00,259840.0000,Un chevreuil est passé par là
659,2025-06-03,469.00,849.00,398181.0000,Un chevreuil est passé par là
659,2025-09-27,999.00,61.00,60939.0000,Belle forme pour celle-ci!
659,2025-09-24,670.00,722.00,483740.0000,Belle forme pour celle-ci!
1137,2025-11-22,827.00,648.00,535896.0000,Goute très bon
659,2025-08-31,277.00,192.00,53184.0000,Plante un peu croche
659,2025-11-21,301.00,560.00,168560.0000,Goute très bon
796,2025-10-11,32.00,302.00,9664.0000,Super belle plante
796,2025-12-11,245.00,105.00,25725.0000,Plante un peu croche
796,2025-08-05,677.00,652.00,441404.0000,Un chevreuil est passé par là
796,2025-12-04,450.00,632.00,284400.0000,Plante un peu croche
796,2025-11-07,583.00,947.00,552101.0000,Goute très bon
796,2025-11-22,251.00,938.00,235438.0000,Un chevreuil est passé par là
668,2025-09-19,521.00,357.00,185997.0000,Belle forme pour celle-ci!
668,2025-08-11,942.00,124.00,116808.0000,Goute très bon
668,2025-12-05,822.00,187.00,153714.0000,Belle forme pour celle-ci!
387,2025-12-03,932.00,460.00,428720.0000,Belle forme pour celle-ci!
387,2025-11-07,808.00,790.00,638320.0000,Belle forme pour celle-ci!
387,2025-06-02,663.00,7.00,4641.0000,Super belle plante
387,2025-07-30,137.00,826.00,113162.0000,Goute très bon
387,2025-08-08,391.00,4.00,1564.0000,Belle forme pour celle-ci!
387,2025-12-23,282.00,354.00,99828.0000,Goute très bon
387,2025-08-21,539.00,350.00,188650.0000,Belle forme pour celle-ci!
849,2025-06-23,11.00,570.00,6270.0000,Belle forme pour celle-ci!
961,2025-07-18,914.00,761.00,695554.0000,Goute très bon
961,2025-07-20,515.00,131.00,67465.0000,Plante un peu croche
961,2025-06-05,528.00,930.00,491040.0000,Belle forme pour celle-ci!
961,2025-10-17,90.00,253.00,22770.0000,Goute très bon
360,2025-06-03,454.00,676.00,306904.0000,Super belle plante
360,2025-07-23,836.00,468.00,391248.0000,Belle forme pour celle-ci!
360,2025-08-07,57.00,863.00,49191.0000,Belle forme pour celle-ci!
360,2025-08-10,911.00,497.00,452767.0000,Goute très bon
360,2025-12-04,231.00,297.00,68607.0000,Goute très bon
360,2025-09-14,974.00,3.00,2922.0000,Belle forme pour celle-ci!
360,2025-07-15,741.00,258.00,191178.0000,Super belle plante
979,2025-10-06,241.00,274.00,66034.0000,Plante un peu croche
979,2025-06-28,542.00,346.00,187532.0000,Un chevreuil est passé par là
979,2025-12-21,930.00,959.00,891870.0000,Super belle plante
979,2025-08-27,271.00,134.00,36314.0000,Goute très bon
979,2025-08-26,90.00,774.00,69660.0000,Un chevreuil est passé par là
979,2025-12-20,822.00,864.00,710208.0000,Un chevreuil est passé par là
979,2025-06-26,548.00,476.00,260848.0000,Goute très bon
1053,2025-10-31,689.00,141.00,97149.0000,Super belle plante
1053,2025-08-12,36.00,427.00,15372.0000,Plante un peu croche
1053,2025-07-03,243.00,200.00,48600.0000,Plante un peu croche
1053,2025-11-13,585.00,757.00,442845.0000,Goute très bon
552,2025-12-25,858.00,856.00,734448.0000,Belle forme pour celle-ci!
237,2025-07-16,741.00,611.00,452751.0000,Belle forme pour celle-ci!
237,2025-11-13,974.00,732.00,712968.0000,Belle forme pour celle-ci!
237,2025-12-11,789.00,521.00,411069.0000,Super belle plante
817,2025-12-14,759.00,135.00,102465.0000,Un chevreuil est passé par là
817,2025-10-05,149.00,359.00,53491.0000,Goute très bon
817,2025-10-27,797.00,644.00,513268.0000,Plante un peu croche
817,2025-06-19,402.00,116.00,46632.0000,Plante un peu croche
817,2025-12-27,542.00,604.00,327368.0000,Plante un peu croche
817,2025-07-21,417.00,997.00,415749.0000,Belle forme pour celle-ci!
67,2025-08-19,602.00,749.00,450898.0000,Plante un peu croche
67,2025-07-22,190.00,730.00,138700.0000,Belle forme pour celle-ci!
67,2025-11-18,206.00,679.00,139874.0000,Goute très bon
1167,2025-08-20,26.00,992.00,25792.0000,Belle forme pour celle-ci!
1167,2025-12-12,931.00,556.00,517636.0000,Belle forme pour celle-ci!
1167,2025-09-12,516.00,616.00,317856.0000,Super belle plante
1167,2025-09-26,605.00,413.00,249865.0000,Plante un peu croche
937,2025-10-29,878.00,738.00,647964.0000,Goute très bon
937,2025-09-13,54.00,474.00,25596.0000,Plante un peu croche
937,2025-11-24,55.00,789.00,43395.0000,Un chevreuil est passé par là
937,2025-06-04,63.00,404.00,25452.0000,Plante un peu croche
937,2025-12-06,677.00,754.00,510458.0000,Belle forme pour celle-ci!
937,2025-07-30,330.00,522.00,172260.0000,Belle forme pour celle-ci!
21,2025-06-28,391.00,622.00,243202.0000,Belle forme pour celle-ci!
21,2025-09-05,722.00,5.00,3610.0000,Goute très bon
1179,2025-09-27,234.00,562.00,131508.0000,Goute très bon
1179,2025-07-29,739.00,704.00,520256.0000,Goute très bon
1179,2025-12-27,630.00,825.00,519750.0000,Un chevreuil est passé par là
1179,2025-11-30,11.00,875.00,9625.0000,Super belle plante
617,2025-12-14,803.00,551.00,442453.0000,Un chevreuil est passé par là
617,2025-12-10,605.00,710.00,429550.0000,Un chevreuil est passé par là
617,2025-08-10,810.00,439.00,355590.0000,Goute très bon
617,2025-06-25,710.00,65.00,46150.0000,Super belle plante
617,2025-08-07,254.00,279.00,70866.0000,Goute très bon
617,2025-12-15,314.00,251.00,78814.0000,Goute très bon
190,2025-06-28,742.00,670.00,497140.0000,Goute très bon
190,2025-08-15,573.00,154.00,88242.0000,Un chevreuil est passé par là
368,2025-10-22,345.00,743.00,256335.0000,Super belle plante
368,2025-11-07,332.00,80.00,26560.0000,Plante un peu croche
368,2025-06-24,16.00,667.00,10672.0000,Un chevreuil est passé par là
368,2025-09-05,532.00,543.00,288876.0000,Plante un peu croche
368,2025-10-06,772.00,157.00,121204.0000,Super belle plante
368,2025-11-10,197.00,637.00,125489.0000,Un chevreuil est passé par là
368,2025-06-02,438.00,564.00,247032.0000,Super belle plante
1028,2025-11-20,171.00,389.00,66519.0000,Goute très bon
1028,2025-12-08,945.00,932.00,880740.0000,Plante un peu croche
1028,2025-10-15,862.00,806.00,694772.0000,Goute très bon
1028,2025-11-17,381.00,538.00,204978.0000,Belle forme pour celle-ci!
1028,2025-11-30,261.00,678.00,176958.0000,Plante un peu croche
1028,2025-11-10,217.00,205.00,44485.0000,Goute très bon
1112,2025-10-25,214.00,350.00,74900.0000,Goute très bon
1112,2025-11-26,980.00,469.00,459620.0000,Super belle plante
1112,2025-12-12,756.00,670.00,506520.0000,Un chevreuil est passé par là
1112,2025-06-01,986.00,972.00,958392.0000,Un chevreuil est passé par là
407,2025-10-28,683.00,989.00,675487.0000,Goute très bon
407,2025-07-26,309.00,351.00,108459.0000,Belle forme pour celle-ci!
297,2025-07-01,499.00,232.00,115768.0000,Super belle plante
297,2025-12-11,762.00,493.00,375666.0000,Goute très bon
297,2025-06-10,678.00,806.00,546468.0000,Goute très bon
217,2025-06-02,336.00,793.00,266448.0000,Goute très bon
217,2025-08-03,81.00,992.00,80352.0000,Un chevreuil est passé par là
217,2025-08-24,969.00,820.00,794580.0000,Super belle plante
217,2025-06-15,585.00,450.00,263250.0000,Un chevreuil est passé par là
217,2025-08-09,995.00,20.00,19900.0000,Plante un peu croche
217,2025-11-10,212.00,231.00,48972.0000,Super belle plante
217,2025-08-22,261.00,669.00,174609.0000,Un chevreuil est passé par là
666,2025-07-31,12.00,858.00,10296.0000,Plante un peu croche
666,2025-09-19,895.00,749.00,670355.0000,Un chevreuil est passé par là
666,2025-10-05,532.00,382.00,203224.0000,Goute très bon
666,2025-06-07,387.00,970.00,375390.0000,Un chevreuil est passé par là
666,2025-06-29,372.00,990.00,368280.0000,Belle forme pour celle-ci!
666,2025-11-06,791.00,468.00,370188.0000,Belle forme pour celle-ci!
666,2025-10-24,927.00,255.00,236385.0000,Goute très bon
177,2025-12-20,114.00,129.00,14706.0000,Belle forme pour celle-ci!
177,2025-11-24,280.00,284.00,79520.0000,Goute très bon
177,2025-11-06,866.00,681.00,589746.0000,Belle forme pour celle-ci!
177,2025-07-15,825.00,578.00,476850.0000,Plante un peu croche
177,2025-09-06,288.00,967.00,278496.0000,Un chevreuil est passé par là
156,2025-06-06,711.00,172.00,122292.0000,Super belle plante
156,2025-10-05,486.00,767.00,372762.0000,Super belle plante
156,2025-12-09,199.00,671.00,133529.0000,Plante un peu croche
156,2025-08-21,777.00,118.00,91686.0000,Plante un peu croche
417,2025-07-15,696.00,215.00,149640.0000,Belle forme pour celle-ci!
417,2025-12-26,977.00,3.00,2931.0000,Un chevreuil est passé par là
417,2025-11-25,796.00,201.00,159996.0000,Super belle plante
417,2025-11-14,893.00,617.00,550981.0000,Belle forme pour celle-ci!
417,2025-07-16,504.00,801.00,403704.0000,Super belle plante
417,2025-08-21,954.00,899.00,857646.0000,Un chevreuil est passé par là
417,2025-06-03,250.00,270.00,67500.0000,Un chevreuil est passé par là
73,2025-12-16,332.00,108.00,35856.0000,Super belle plante
1086,2025-07-11,693.00,779.00,539847.0000,Goute très bon
1086,2025-11-15,148.00,122.00,18056.0000,Plante un peu croche
1086,2025-08-16,162.00,98.00,15876.0000,Plante un peu croche
1086,2025-06-09,661.00,353.00,233333.0000,Goute très bon
1086,2025-07-30,195.00,963.00,187785.0000,Super belle plante
1086,2025-11-25,330.00,216.00,71280.0000,Un chevreuil est passé par là
1086,2025-12-26,402.00,70.00,28140.0000,Super belle plante
448,2025-10-22,255.00,512.00,130560.0000,Belle forme pour celle-ci!
448,2025-12-13,44.00,73.00,3212.0000,Goute très bon
448,2025-08-29,987.00,259.00,255633.0000,Plante un peu croche
448,2025-09-07,407.00,315.00,128205.0000,Super belle plante
448,2025-06-24,764.00,155.00,118420.0000,Goute très bon
1078,2025-09-30,566.00,754.00,426764.0000,Belle forme pour celle-ci!
1078,2025-10-03,961.00,437.00,419957.0000,Super belle plante
1078,2025-10-30,603.00,620.00,373860.0000,Goute très bon
1078,2025-10-12,599.00,623.00,373177.0000,Belle forme pour celle-ci!
1078,2025-09-28,592.00,443.00,262256.0000,Plante un peu croche
1078,2025-10-23,718.00,108.00,77544.0000,Belle forme pour celle-ci!
1158,2025-11-19,135.00,776.00,104760.0000,Super belle plante
1158,2025-08-30,9.00,688.00,6192.0000,Super belle plante
1158,2025-08-28,653.00,975.00,636675.0000,Super belle plante
1158,2025-10-22,994.00,974.00,968156.0000,Super belle plante
1158,2025-10-26,628.00,49.00,30772.0000,Plante un peu croche
1158,2025-07-02,650.00,251.00,163150.0000,Goute très bon
1158,2025-07-16,712.00,811.00,577432.0000,Goute très bon
841,2025-07-25,403.00,961.00,387283.0000,Un chevreuil est passé par là
841,2025-11-25,567.00,868.00,492156.0000,Belle forme pour celle-ci!
841,2025-06-09,330.00,848.00,279840.0000,Un chevreuil est passé par là
841,2025-09-02,841.00,494.00,415454.0000,Belle forme pour celle-ci!
841,2025-12-03,101.00,960.00,96960.0000,Goute très bon
841,2025-07-23,53.00,885.00,46905.0000,Goute très bon
730,2025-07-05,521.00,970.00,505370.0000,Super belle plante
364,2025-07-19,297.00,600.00,178200.0000,Un chevreuil est passé par là
246,2025-08-22,224.00,373.00,83552.0000,Goute très bon
246,2025-06-06,842.00,664.00,559088.0000,Plante un peu croche
246,2025-08-05,139.00,869.00,120791.0000,Goute très bon
246,2025-08-06,55.00,38.00,2090.0000,Un chevreuil est passé par là
246,2025-09-28,653.00,576.00,376128.0000,Belle forme pour celle-ci!
246,2025-12-27,40.00,941.00,37640.0000,Belle forme pour celle-ci!
480,2025-07-19,421.00,798.00,335958.0000,Plante un peu croche
480,2025-08-27,783.00,895.00,700785.0000,Un chevreuil est passé par là
480,2025-07-14,211.00,561.00,118371.0000,Belle forme pour celle-ci!
480,2025-12-20,584.00,801.00,467784.0000,Un chevreuil est passé par là
480,2025-11-24,753.00,581.00,437493.0000,Plante un peu croche
480,2025-11-21,144.00,148.00,21312.0000,Plante un peu croche
89,2025-09-14,572.00,956.00,546832.0000,Belle forme pour celle-ci!
89,2025-08-07,780.00,883.00,688740.0000,Belle forme pour celle-ci!
89,2025-10-31,940.00,484.00,454960.0000,Super belle plante
490,2025-07-12,487.00,541.00,263467.0000,Belle forme pour celle-ci!
490,2025-07-09,437.00,878.00,383686.0000,Plante un peu croche
490,2025-12-14,578.00,678.00,391884.0000,Un chevreuil est passé par là
490,2025-07-21,231.00,802.00,185262.0000,Plante un peu croche
401,2025-10-04,516.00,89.00,45924.0000,Goute très bon
401,2025-07-29,891.00,800.00,712800.0000,Super belle plante
401,2025-08-20,179.00,808.00,144632.0000,Belle forme pour celle-ci!
482,2025-06-03,650.00,379.00,246350.0000,Goute très bon
378,2025-08-24,332.00,387.00,128484.0000,Super belle plante
378,2025-10-27,501.00,500.00,250500.0000,Plante un peu croche
378,2025-10-15,180.00,704.00,126720.0000,Plante un peu croche
378,2025-10-19,633.00,854.00,540582.0000,Super belle plante
795,2025-12-27,598.00,330.00,197340.0000,Goute très bon
438,2025-07-31,388.00,799.00,310012.0000,Belle forme pour celle-ci!
438,2025-11-16,337.00,104.00,35048.0000,Goute très bon
438,2025-11-20,362.00,727.00,263174.0000,Super belle plante
438,2025-12-24,830.00,743.00,616690.0000,Super belle plante
1177,2025-11-01,800.00,356.00,284800.0000,Goute très bon
1177,2025-10-27,432.00,224.00,96768.0000,Un chevreuil est passé par là
1177,2025-11-10,805.00,268.00,215740.0000,Plante un peu croche
1104,2025-08-08,600.00,222.00,133200.0000,Un chevreuil est passé par là
1104,2025-10-08,144.00,287.00,41328.0000,Plante un peu croche
1104,2025-11-15,380.00,838.00,318440.0000,Super belle plante
1104,2025-07-26,258.00,120.00,30960.0000,Un chevreuil est passé par là
1104,2025-08-04,451.00,809.00,364859.0000,Goute très bon
642,2025-12-05,674.00,476.00,320824.0000,Un chevreuil est passé par là
642,2025-12-25,875.00,641.00,560875.0000,Goute très bon
642,2025-06-14,756.00,647.00,489132.0000,Un chevreuil est passé par là
642,2025-10-27,938.00,198.00,185724.0000,Belle forme pour celle-ci!
642,2025-09-07,382.00,386.00,147452.0000,Goute très bon
642,2025-08-28,511.00,882.00,450702.0000,Plante un peu croche
642,2025-07-08,471.00,787.00,370677.0000,Super belle plante
675,2025-08-09,712.00,441.00,313992.0000,Un chevreuil est passé par là
675,2025-11-30,76.00,393.00,29868.0000,Plante un peu croche
675,2025-09-06,951.00,655.00,622905.0000,Belle forme pour celle-ci!
742,2025-10-02,957.00,338.00,323466.0000,Super belle plante
742,2025-07-08,423.00,515.00,217845.0000,Goute très bon
1020,2025-11-17,702.00,896.00,628992.0000,Belle forme pour celle-ci!
1020,2025-11-19,96.00,469.00,45024.0000,Un chevreuil est passé par là
1020,2025-11-21,860.00,465.00,399900.0000,Plante un peu croche
436,2025-12-24,873.00,826.00,721098.0000,Un chevreuil est passé par là
436,2025-08-20,731.00,29.00,21199.0000,Belle forme pour celle-ci!
964,2025-08-27,131.00,68.00,8908.0000,Un chevreuil est passé par là
964,2025-08-20,661.00,385.00,254485.0000,Goute très bon
964,2025-08-26,705.00,725.00,511125.0000,Super belle plante
964,2025-06-03,542.00,997.00,540374.0000,Plante un peu croche
349,2025-07-13,242.00,130.00,31460.0000,Belle forme pour celle-ci!
349,2025-12-15,291.00,638.00,185658.0000,Super belle plante
349,2025-06-29,871.00,320.00,278720.0000,Un chevreuil est passé par là
349,2025-09-12,903.00,264.00,238392.0000,Un chevreuil est passé par là
1176,2025-09-10,190.00,450.00,85500.0000,Plante un peu croche
1176,2025-10-24,469.00,257.00,120533.0000,Super belle plante
1176,2025-06-09,922.00,33.00,30426.0000,Goute très bon
1133,2025-10-02,448.00,945.00,423360.0000,Belle forme pour celle-ci!
10,2025-07-21,878.00,134.00,117652.0000,Belle forme pour celle-ci!
10,2025-11-20,362.00,317.00,114754.0000,Un chevreuil est passé par là
10,2025-09-05,694.00,771.00,535074.0000,Goute très bon
10,2025-08-04,958.00,685.00,656230.0000,Super belle plante
10,2025-11-01,182.00,291.00,52962.0000,Goute très bon
427,2025-09-09,810.00,413.00,334530.0000,Belle forme pour celle-ci!
427,2025-09-06,959.00,760.00,728840.0000,Plante un peu croche
868,2025-08-12,780.00,624.00,486720.0000,Plante un peu croche
868,2025-06-01,2.00,474.00,948.0000,Un chevreuil est passé par là
30,2025-09-16,549.00,83.00,45567.0000,Super belle plante
30,2025-06-11,210.00,593.00,124530.0000,Plante un peu croche
30,2025-10-02,129.00,669.00,86301.0000,Super belle plante
30,2025-09-25,163.00,241.00,39283.0000,Plante un peu croche
678,2025-10-19,143.00,111.00,15873.0000,Belle forme pour celle-ci!
678,2025-08-25,311.00,931.00,289541.0000,Goute très bon
678,2025-09-14,358.00,713.00,255254.0000,Plante un peu croche
678,2025-08-24,896.00,629.00,563584.0000,Un chevreuil est passé par là
487,2025-07-05,81.00,61.00,4941.0000,Belle forme pour celle-ci!
487,2025-10-26,791.00,666.00,526806.0000,Plante un peu croche
487,2025-09-30,849.00,35.00,29715.0000,Belle forme pour celle-ci!
487,2025-06-27,837.00,822.00,688014.0000,Belle forme pour celle-ci!
487,2025-08-18,296.00,35.00,10360.0000,Super belle plante
981,2025-08-16,188.00,106.00,19928.0000,Belle forme pour celle-ci!
981,2025-10-22,400.00,719.00,287600.0000,Goute très bon
981,2025-07-02,53.00,400.00,21200.0000,Super belle plante
981,2025-12-05,174.00,895.00,155730.0000,Goute très bon
255,2025-12-05,73.00,106.00,7738.0000,Plante un peu croche
255,2025-11-27,855.00,392.00,335160.0000,Goute très bon
255,2025-12-23,581.00,854.00,496174.0000,Un chevreuil est passé par là
7,2025-12-30,54.00,189.00,10206.0000,Plante un peu croche
7,2025-10-01,102.00,948.00,96696.0000,Un chevreuil est passé par là
7,2025-08-24,822.00,366.00,300852.0000,Goute très bon
804,2025-12-24,325.00,949.00,308425.0000,Goute très bon
804,2025-07-08,539.00,425.00,229075.0000,Plante un peu croche
326,2025-11-19,292.00,914.00,266888.0000,Un chevreuil est passé par là
326,2025-08-20,866.00,43.00,37238.0000,Un chevreuil est passé par là
326,2025-06-02,860.00,34.00,29240.0000,Super belle plante
326,2025-06-29,624.00,421.00,262704.0000,Super belle plante
859,2025-11-13,128.00,386.00,49408.0000,Super belle plante
859,2025-11-18,937.00,182.00,170534.0000,Goute très bon
859,2025-09-24,243.00,239.00,58077.0000,Super belle plante
859,2025-07-19,338.00,941.00,318058.0000,Un chevreuil est passé par là
859,2025-07-20,830.00,640.00,531200.0000,Plante un peu croche
859,2025-12-10,264.00,307.00,81048.0000,Belle forme pour celle-ci!
829,2025-07-05,361.00,122.00,44042.0000,Goute très bon
829,2025-08-18,114.00,609.00,69426.0000,Belle forme pour celle-ci!
829,2025-07-26,373.00,753.00,280869.0000,Belle forme pour celle-ci!
829,2025-08-02,555.00,219.00,121545.0000,Belle forme pour celle-ci!
829,2025-11-30,502.00,644.00,323288.0000,Plante un peu croche
829,2025-07-27,851.00,142.00,120842.0000,Goute très bon
829,2025-10-14,984.00,302.00,297168.0000,Plante un peu croche
605,2025-08-04,478.00,372.00,177816.0000,Belle forme pour celle-ci!
605,2025-10-24,222.00,847.00,188034.0000,Goute très bon
605,2025-07-17,740.00,397.00,293780.0000,Un chevreuil est passé par là
233,2025-07-30,136.00,511.00,69496.0000,Belle forme pour celle-ci!
233,2025-06-18,300.00,505.00,151500.0000,Plante un peu croche
233,2025-08-31,387.00,52.00,20124.0000,Super belle plante
661,2025-07-05,143.00,773.00,110539.0000,Belle forme pour celle-ci!
566,2025-09-18,372.00,103.00,38316.0000,Un chevreuil est passé par là
566,2025-09-08,141.00,161.00,22701.0000,Plante un peu croche
566,2025-11-19,888.00,1.00,888.0000,Un chevreuil est passé par là
566,2025-06-02,869.00,696.00,604824.0000,Goute très bon
566,2025-12-20,361.00,225.00,81225.0000,Super belle plante
566,2025-06-22,479.00,339.00,162381.0000,Un chevreuil est passé par là
566,2025-08-16,430.00,704.00,302720.0000,Un chevreuil est passé par là
593,2025-12-08,7.00,16.00,112.0000,Goute très bon
593,2025-11-19,927.00,872.00,808344.0000,Super belle plante
593,2025-06-18,859.00,663.00,569517.0000,Super belle plante
593,2025-09-20,430.00,335.00,144050.0000,Goute très bon
287,2025-06-25,891.00,939.00,836649.0000,Plante un peu croche
287,2025-10-20,89.00,552.00,49128.0000,Belle forme pour celle-ci!
836,2025-09-23,316.00,846.00,267336.0000,Goute très bon
836,2025-07-23,302.00,465.00,140430.0000,Un chevreuil est passé par là
411,2025-11-12,941.00,191.00,179731.0000,Super belle plante
411,2025-07-01,112.00,524.00,58688.0000,Belle forme pour celle-ci!
411,2025-06-18,585.00,645.00,377325.0000,Goute très bon
411,2025-09-29,164.00,298.00,48872.0000,Un chevreuil est passé par là
411,2025-06-12,805.00,536.00,431480.0000,Goute très bon
972,2025-09-24,356.00,505.00,179780.0000,Un chevreuil est passé par là
972,2025-08-05,439.00,791.00,347249.0000,Belle forme pour celle-ci!
972,2025-11-26,564.00,702.00,395928.0000,Un chevreuil est passé par là
972,2025-08-16,505.00,224.00,113120.0000,Super belle plante
972,2025-09-15,383.00,739.00,283037.0000,Super belle plante
443,2025-08-17,457.00,569.00,260033.0000,Belle forme pour celle-ci!
443,2025-08-21,946.00,994.00,940324.0000,Super belle plante
443,2025-08-28,507.00,737.00,373659.0000,Un chevreuil est passé par là
1043,2025-11-25,793.00,889.00,704977.0000,Belle forme pour celle-ci!
652,2025-06-17,220.00,918.00,201960.0000,Goute très bon
652,2025-07-25,352.00,613.00,215776.0000,Belle forme pour celle-ci!
652,2025-06-10,206.00,584.00,120304.0000,Belle forme pour celle-ci!
652,2025-07-29,666.00,23.00,15318.0000,Goute très bon
652,2025-06-28,693.00,450.00,311850.0000,Belle forme pour celle-ci!
422,2025-06-29,664.00,63.00,41832.0000,Un chevreuil est passé par là
422,2025-06-14,285.00,217.00,61845.0000,Goute très bon
422,2025-09-24,10.00,433.00,4330.0000,Plante un peu croche
1137,2025-07-23,839.00,104.00,87256.0000,Goute très bon
1137,2025-12-26,580.00,692.00,401360.0000,Super belle plante
362,2025-07-26,665.00,673.00,447545.0000,Un chevreuil est passé par là
362,2025-08-08,165.00,100.00,16500.0000,Super belle plante
362,2025-06-08,800.00,917.00,733600.0000,Un chevreuil est passé par là
362,2025-10-15,281.00,960.00,269760.0000,Un chevreuil est passé par là
362,2025-12-26,221.00,703.00,155363.0000,Plante un peu croche
500,2025-07-03,511.00,649.00,331639.0000,Un chevreuil est passé par là
500,2025-09-28,491.00,929.00,456139.0000,Un chevreuil est passé par là
500,2025-07-28,972.00,798.00,775656.0000,Un chevreuil est passé par là
500,2025-08-31,617.00,603.00,372051.0000,Plante un peu croche
863,2025-11-04,923.00,64.00,59072.0000,Un chevreuil est passé par là
863,2025-11-19,68.00,235.00,15980.0000,Super belle plante
445,2025-10-26,246.00,847.00,208362.0000,Plante un peu croche
445,2025-06-27,958.00,125.00,119750.0000,Plante un peu croche
445,2025-10-05,653.00,846.00,552438.0000,Super belle plante
445,2025-07-27,533.00,318.00,169494.0000,Super belle plante
445,2025-11-06,535.00,242.00,129470.0000,Un chevreuil est passé par là
137,2025-06-09,840.00,445.00,373800.0000,Un chevreuil est passé par là
137,2025-07-25,181.00,130.00,23530.0000,Un chevreuil est passé par là
137,2025-07-24,254.00,374.00,94996.0000,Un chevreuil est passé par là
137,2025-10-19,556.00,950.00,528200.0000,Super belle plante
1087,2025-11-19,641.00,17.00,10897.0000,Super belle plante
109,2025-12-05,285.00,34.00,9690.0000,Plante un peu croche
109,2025-08-11,647.00,799.00,516953.0000,Plante un peu croche
109,2025-12-12,697.00,523.00,364531.0000,Un chevreuil est passé par là
109,2025-09-17,367.00,332.00,121844.0000,Goute très bon
602,2025-06-30,451.00,113.00,50963.0000,Goute très bon
602,2025-06-25,585.00,148.00,86580.0000,Super belle plante
602,2025-07-18,797.00,115.00,91655.0000,Belle forme pour celle-ci!
268,2025-06-09,547.00,47.00,25709.0000,Un chevreuil est passé par là
440,2025-12-14,398.00,134.00,53332.0000,Super belle plante
440,2025-12-09,132.00,52.00,6864.0000,Goute très bon
440,2025-06-05,290.00,323.00,93670.0000,Plante un peu croche
440,2025-12-07,280.00,863.00,241640.0000,Goute très bon
440,2025-11-27,35.00,187.00,6545.0000,Belle forme pour celle-ci!
440,2025-08-27,879.00,140.00,123060.0000,Super belle plante
440,2025-11-18,657.00,975.00,640575.0000,Goute très bon
497,2025-12-07,667.00,781.00,520927.0000,Goute très bon
497,2025-10-13,276.00,351.00,96876.0000,Belle forme pour celle-ci!
497,2025-11-16,716.00,792.00,567072.0000,Super belle plante
497,2025-08-10,579.00,995.00,576105.0000,Super belle plante
533,2025-12-11,612.00,115.00,70380.0000,Super belle plante
533,2025-08-19,942.00,954.00,898668.0000,Super belle plante
533,2025-10-07,953.00,918.00,874854.0000,Belle forme pour celle-ci!
225,2025-12-09,238.00,641.00,152558.0000,Goute très bon
225,2025-09-20,892.00,145.00,129340.0000,Plante un peu croche
434,2025-10-04,814.00,483.00,393162.0000,Belle forme pour celle-ci!
434,2025-11-02,673.00,450.00,302850.0000,Goute très bon
434,2025-08-20,241.00,968.00,233288.0000,Goute très bon
434,2025-11-26,698.00,238.00,166124.0000,Plante un peu croche
434,2025-06-07,395.00,291.00,114945.0000,Goute très bon
434,2025-08-26,295.00,84.00,24780.0000,Un chevreuil est passé par là
1092,2025-09-01,849.00,786.00,667314.0000,Goute très bon
1092,2025-11-24,124.00,39.00,4836.0000,Super belle plante
1092,2025-12-17,719.00,26.00,18694.0000,Un chevreuil est passé par là
647,2025-10-17,960.00,555.00,532800.0000,Goute très bon
763,2025-12-16,743.00,852.00,633036.0000,Super belle plante
763,2025-08-20,676.00,396.00,267696.0000,Goute très bon
1171,2025-07-24,504.00,830.00,418320.0000,Un chevreuil est passé par là
1171,2025-11-26,732.00,463.00,338916.0000,Goute très bon
1171,2025-10-30,118.00,51.00,6018.0000,Un chevreuil est passé par là
542,2025-11-03,355.00,489.00,173595.0000,Super belle plante
151,2025-12-21,716.00,107.00,76612.0000,Plante un peu croche
151,2025-09-09,252.00,715.00,180180.0000,Un chevreuil est passé par là
871,2025-11-28,42.00,915.00,38430.0000,Belle forme pour celle-ci!
871,2025-11-08,16.00,883.00,14128.0000,Super belle plante
871,2025-09-18,547.00,5.00,2735.0000,Goute très bon
871,2025-09-25,978.00,868.00,848904.0000,Plante un peu croche
871,2025-11-15,253.00,749.00,189497.0000,Plante un peu croche
871,2025-11-04,356.00,895.00,318620.0000,Plante un peu croche
470,2025-11-09,927.00,206.00,190962.0000,Super belle plante
470,2025-12-24,194.00,195.00,37830.0000,Belle forme pour celle-ci!
470,2025-11-07,577.00,184.00,106168.0000,Plante un peu croche
1157,2025-07-18,259.00,101.00,26159.0000,Goute très bon
1157,2025-11-28,949.00,865.00,820885.0000,Goute très bon
1157,2025-11-27,688.00,121.00,83248.0000,Super belle plante
1157,2025-08-05,841.00,308.00,259028.0000,Plante un peu croche
1157,2025-12-09,463.00,749.00,346787.0000,Goute très bon
1157,2025-12-15,964.00,894.00,861816.0000,Super belle plante
1157,2025-08-10,501.00,587.00,294087.0000,Belle forme pour celle-ci!
58,2025-06-26,187.00,834.00,155958.0000,Goute très bon
58,2025-08-12,756.00,551.00,416556.0000,Plante un peu croche
58,2025-07-22,448.00,727.00,325696.0000,Plante un peu croche
58,2025-09-29,455.00,283.00,128765.0000,Belle forme pour celle-ci!
58,2025-07-01,188.00,83.00,15604.0000,Goute très bon
58,2025-08-01,81.00,286.00,23166.0000,Goute très bon
58,2025-12-20,394.00,259.00,102046.0000,Goute très bon
838,2025-09-07,840.00,884.00,742560.0000,Super belle plante
838,2025-12-20,589.00,443.00,260927.0000,Goute très bon
838,2025-11-24,51.00,234.00,11934.0000,Belle forme pour celle-ci!
838,2025-08-31,65.00,495.00,32175.0000,Belle forme pour celle-ci!
511,2025-12-18,342.00,690.00,235980.0000,Belle forme pour celle-ci!
511,2025-06-21,331.00,153.00,50643.0000,Un chevreuil est passé par là
511,2025-11-26,682.00,262.00,178684.0000,Goute très bon
511,2025-08-29,869.00,285.00,247665.0000,Un chevreuil est passé par là
1186,2025-06-15,611.00,602.00,367822.0000,Un chevreuil est passé par là
1186,2025-09-12,889.00,61.00,54229.0000,Belle forme pour celle-ci!
1186,2025-06-17,922.00,74.00,68228.0000,Un chevreuil est passé par là
1186,2025-06-10,645.00,722.00,465690.0000,Belle forme pour celle-ci!
1186,2025-09-18,30.00,765.00,22950.0000,Un chevreuil est passé par là
1186,2025-12-09,329.00,505.00,166145.0000,Un chevreuil est passé par là
468,2025-07-11,125.00,781.00,97625.0000,Plante un peu croche
468,2025-11-23,489.00,583.00,285087.0000,Goute très bon
6,2025-07-26,714.00,331.00,236334.0000,Belle forme pour celle-ci!
462,2025-11-25,190.00,959.00,182210.0000,Goute très bon
752,2025-11-19,230.00,674.00,155020.0000,Un chevreuil est passé par là
1182,2025-10-23,723.00,589.00,425847.0000,Super belle plante
832,2025-09-21,625.00,937.00,585625.0000,Belle forme pour celle-ci!
294,2025-10-13,656.00,266.00,174496.0000,Super belle plante
294,2025-08-31,544.00,394.00,214336.0000,Super belle plante
294,2025-07-19,914.00,542.00,495388.0000,Super belle plante
294,2025-06-19,742.00,115.00,85330.0000,Super belle plante
294,2025-11-25,541.00,991.00,536131.0000,Plante un peu croche
129,2025-06-01,305.00,873.00,266265.0000,Goute très bon
129,2025-08-13,34.00,128.00,4352.0000,Plante un peu croche
129,2025-08-09,848.00,184.00,156032.0000,Belle forme pour celle-ci!
129,2025-11-10,128.00,495.00,63360.0000,Goute très bon
129,2025-09-22,488.00,307.00,149816.0000,Plante un peu croche
129,2025-07-27,52.00,897.00,46644.0000,Un chevreuil est passé par là
405,2025-10-31,487.00,919.00,447553.0000,Goute très bon
405,2025-08-10,245.00,240.00,58800.0000,Goute très bon
405,2025-11-09,826.00,468.00,386568.0000,Belle forme pour celle-ci!
405,2025-06-24,937.00,499.00,467563.0000,Belle forme pour celle-ci!
405,2025-10-11,701.00,130.00,91130.0000,Plante un peu croche
405,2025-07-01,283.00,716.00,202628.0000,Super belle plante
627,2025-08-15,380.00,286.00,108680.0000,Belle forme pour celle-ci!
627,2025-11-17,271.00,492.00,133332.0000,Goute très bon
627,2025-06-23,263.00,22.00,5786.0000,Un chevreuil est passé par là
627,2025-12-15,239.00,538.00,128582.0000,Un chevreuil est passé par là
627,2025-10-11,495.00,903.00,446985.0000,Belle forme pour celle-ci!
627,2025-09-26,931.00,987.00,918897.0000,Plante un peu croche
18,2025-06-23,661.00,399.00,263739.0000,Goute très bon
1107,2025-06-14,631.00,239.00,150809.0000,Plante un peu croche
1107,2025-07-19,672.00,83.00,55776.0000,Super belle plante
76,2025-10-10,635.00,462.00,293370.0000,Plante un peu croche
452,2025-06-22,519.00,372.00,193068.0000,Un chevreuil est passé par là
452,2025-08-24,588.00,74.00,43512.0000,Plante un peu croche
452,2025-09-16,914.00,810.00,740340.0000,Goute très bon
452,2025-08-22,118.00,453.00,53454.0000,Super belle plante
452,2025-06-15,78.00,665.00,51870.0000,Un chevreuil est passé par là
148,2025-07-29,997.00,323.00,322031.0000,Plante un peu croche
148,2025-10-23,880.00,748.00,658240.0000,Un chevreuil est passé par là
634,2025-08-27,21.00,573.00,12033.0000,Super belle plante
634,2025-09-14,42.00,852.00,35784.0000,Plante un peu croche
108,2025-12-10,597.00,374.00,223278.0000,Belle forme pour celle-ci!
108,2025-07-07,701.00,7.00,4907.0000,Plante un peu croche
108,2025-06-25,886.00,458.00,405788.0000,Belle forme pour celle-ci!
108,2025-10-22,582.00,876.00,509832.0000,Belle forme pour celle-ci!
108,2025-09-26,129.00,76.00,9804.0000,Un chevreuil est passé par là
792,2025-07-22,413.00,702.00,289926.0000,Plante un peu croche
792,2025-09-04,712.00,509.00,362408.0000,Un chevreuil est passé par là
792,2025-06-09,17.00,700.00,11900.0000,Super belle plante
792,2025-09-02,482.00,806.00,388492.0000,Un chevreuil est passé par là
214,2025-12-19,546.00,206.00,112476.0000,Plante un peu croche
214,2025-06-27,506.00,856.00,433136.0000,Goute très bon
486,2025-12-28,243.00,3.00,729.0000,Plante un peu croche
486,2025-09-14,949.00,559.00,530491.0000,Super belle plante
486,2025-11-16,282.00,48.00,13536.0000,Plante un peu croche
486,2025-06-23,527.00,464.00,244528.0000,Plante un peu croche
486,2025-06-26,616.00,165.00,101640.0000,Goute très bon
535,2025-11-22,989.00,26.00,25714.0000,Un chevreuil est passé par là
1130,2025-09-07,511.00,744.00,380184.0000,Belle forme pour celle-ci!
1130,2025-10-24,496.00,118.00,58528.0000,Plante un peu croche
551,2025-10-25,711.00,13.00,9243.0000,Plante un peu croche
551,2025-11-12,622.00,392.00,243824.0000,Un chevreuil est passé par là
551,2025-08-30,963.00,820.00,789660.0000,Plante un peu croche
551,2025-08-29,203.00,402.00,81606.0000,Un chevreuil est passé par là
551,2025-12-27,361.00,163.00,58843.0000,Plante un peu croche
329,2025-07-01,695.00,162.00,112590.0000,Super belle plante
329,2025-08-22,240.00,623.00,149520.0000,Super belle plante
329,2025-11-24,590.00,435.00,256650.0000,Belle forme pour celle-ci!
1071,2025-06-05,984.00,489.00,481176.0000,Plante un peu croche
1071,2025-07-19,805.00,635.00,511175.0000,Un chevreuil est passé par là
1071,2025-07-01,225.00,628.00,141300.0000,Plante un peu croche
1071,2025-11-06,57.00,404.00,23028.0000,Plante un peu croche
1071,2025-07-25,462.00,94.00,43428.0000,Goute très bon
1071,2025-07-28,296.00,43.00,12728.0000,Plante un peu croche
530,2025-08-22,404.00,773.00,312292.0000,Un chevreuil est passé par là
530,2025-12-29,624.00,187.00,116688.0000,Belle forme pour celle-ci!
530,2025-09-06,120.00,935.00,112200.0000,Plante un peu croche
530,2025-11-27,556.00,206.00,114536.0000,Super belle plante
530,2025-12-09,909.00,240.00,218160.0000,Plante un peu croche
62,2025-08-20,13.00,583.00,7579.0000,Goute très bon
62,2025-09-26,635.00,563.00,357505.0000,Belle forme pour celle-ci!
62,2025-11-29,337.00,472.00,159064.0000,Goute très bon
62,2025-09-03,985.00,637.00,627445.0000,Belle forme pour celle-ci!
62,2025-11-24,143.00,463.00,66209.0000,Belle forme pour celle-ci!
62,2025-07-28,169.00,907.00,153283.0000,Plante un peu croche
824,2025-11-26,870.00,527.00,458490.0000,Un chevreuil est passé par là
848,2025-09-30,71.00,684.00,48564.0000,Goute très bon
848,2025-12-06,374.00,521.00,194854.0000,Goute très bon
848,2025-12-04,762.00,904.00,688848.0000,Super belle plante
848,2025-10-17,279.00,792.00,220968.0000,Plante un peu croche
848,2025-12-09,230.00,758.00,174340.0000,Goute très bon
848,2025-12-14,459.00,881.00,404379.0000,Goute très bon
848,2025-10-14,607.00,852.00,517164.0000,Goute très bon
147,2025-06-09,82.00,223.00,18286.0000,Super belle plante
147,2025-12-29,902.00,745.00,671990.0000,Super belle plante
1093,2025-12-27,722.00,871.00,628862.0000,Super belle plante
363,2025-06-28,599.00,697.00,417503.0000,Super belle plante
363,2025-10-27,535.00,410.00,219350.0000,Un chevreuil est passé par là
363,2025-06-21,302.00,398.00,120196.0000,Goute très bon
363,2025-09-25,7.00,732.00,5124.0000,Goute très bon
1124,2025-12-15,211.00,149.00,31439.0000,Plante un peu croche
1124,2025-12-13,243.00,683.00,165969.0000,Un chevreuil est passé par là
1124,2025-06-14,313.00,608.00,190304.0000,Super belle plante
1124,2025-08-30,502.00,162.00,81324.0000,Super belle plante
1124,2025-08-12,225.00,553.00,124425.0000,Goute très bon
1124,2025-10-22,838.00,602.00,504476.0000,Un chevreuil est passé par là
189,2025-11-07,943.00,758.00,714794.0000,Plante un peu croche
189,2025-06-28,73.00,172.00,12556.0000,Super belle plante
189,2025-11-30,854.00,705.00,602070.0000,Un chevreuil est passé par là
189,2025-07-25,785.00,897.00,704145.0000,Un chevreuil est passé par là
189,2025-10-18,367.00,151.00,55417.0000,Plante un peu croche
189,2025-06-27,267.00,48.00,12816.0000,Goute très bon
189,2025-09-09,640.00,373.00,238720.0000,Belle forme pour celle-ci!
122,2025-10-25,861.00,682.00,587202.0000,Goute très bon
122,2025-09-16,852.00,344.00,293088.0000,Super belle plante
613,2025-12-13,489.00,16.00,7824.0000,Plante un peu croche
613,2025-06-13,524.00,607.00,318068.0000,Belle forme pour celle-ci!
613,2025-10-27,781.00,101.00,78881.0000,Belle forme pour celle-ci!
613,2025-10-09,996.00,135.00,134460.0000,Plante un peu croche
613,2025-08-04,711.00,268.00,190548.0000,Un chevreuil est passé par là
527,2025-07-22,656.00,57.00,37392.0000,Goute très bon
527,2025-07-28,248.00,93.00,23064.0000,Super belle plante
527,2025-10-25,191.00,24.00,4584.0000,Goute très bon
527,2025-11-19,297.00,26.00,7722.0000,Belle forme pour celle-ci!
527,2025-09-21,375.00,563.00,211125.0000,Plante un peu croche
689,2025-10-31,939.00,819.00,769041.0000,Belle forme pour celle-ci!
689,2025-07-21,434.00,555.00,240870.0000,Super belle plante
689,2025-06-19,10.00,760.00,7600.0000,Goute très bon
689,2025-07-04,359.00,390.00,140010.0000,Belle forme pour celle-ci!
689,2025-08-18,374.00,515.00,192610.0000,Goute très bon
689,2025-10-02,366.00,119.00,43554.0000,Super belle plante
717,2025-10-07,539.00,832.00,448448.0000,Plante un peu croche
717,2025-10-03,194.00,48.00,9312.0000,Plante un peu croche
717,2025-11-13,807.00,41.00,33087.0000,Plante un peu croche
717,2025-07-28,598.00,597.00,357006.0000,Super belle plante
947,2025-09-22,159.00,976.00,155184.0000,Goute très bon
947,2025-12-17,767.00,545.00,418015.0000,Super belle plante
947,2025-10-10,40.00,632.00,25280.0000,Goute très bon
947,2025-12-12,608.00,400.00,243200.0000,Un chevreuil est passé par là
947,2025-10-31,191.00,6.00,1146.0000,Super belle plante
947,2025-08-05,149.00,759.00,113091.0000,Super belle plante
947,2025-07-10,4.00,836.00,3344.0000,Plante un peu croche
423,2025-11-20,751.00,188.00,141188.0000,Un chevreuil est passé par là
423,2025-06-30,687.00,649.00,445863.0000,Super belle plante
423,2025-09-25,679.00,107.00,72653.0000,Plante un peu croche
226,2025-07-04,461.00,506.00,233266.0000,Goute très bon
226,2025-08-11,107.00,972.00,104004.0000,Goute très bon
226,2025-12-30,587.00,681.00,399747.0000,Belle forme pour celle-ci!
226,2025-11-02,739.00,205.00,151495.0000,Super belle plante
226,2025-09-12,752.00,151.00,113552.0000,Super belle plante
226,2025-12-14,111.00,66.00,7326.0000,Plante un peu croche
1040,2025-06-13,490.00,928.00,454720.0000,Un chevreuil est passé par là
1040,2025-11-09,304.00,1.00,304.0000,Un chevreuil est passé par là
1040,2025-07-15,771.00,658.00,507318.0000,Goute très bon
1040,2025-06-20,951.00,117.00,111267.0000,Un chevreuil est passé par là
1040,2025-11-07,867.00,34.00,29478.0000,Un chevreuil est passé par là
1115,2025-06-03,240.00,707.00,169680.0000,Plante un peu croche
1115,2025-08-01,760.00,669.00,508440.0000,Belle forme pour celle-ci!
1115,2025-12-17,682.00,830.00,566060.0000,Super belle plante
1115,2025-12-26,928.00,131.00,121568.0000,Goute très bon
1115,2025-12-22,56.00,822.00,46032.0000,Goute très bon
943,2025-06-03,573.00,886.00,507678.0000,Plante un peu croche
943,2025-08-31,626.00,872.00,545872.0000,Super belle plante
943,2025-11-10,287.00,631.00,181097.0000,Plante un peu croche
740,2025-09-05,307.00,432.00,132624.0000,Super belle plante
740,2025-12-16,29.00,84.00,2436.0000,Un chevreuil est passé par là
740,2025-06-04,320.00,307.00,98240.0000,Plante un peu croche
740,2025-07-23,200.00,641.00,128200.0000,Plante un peu croche
740,2025-12-02,767.00,696.00,533832.0000,Plante un peu croche
740,2025-08-17,245.00,362.00,88690.0000,Super belle plante
496,2025-09-29,130.00,793.00,103090.0000,Goute très bon
496,2025-10-11,518.00,433.00,224294.0000,Plante un peu croche
496,2025-10-17,257.00,147.00,37779.0000,Un chevreuil est passé par là
496,2025-09-20,571.00,103.00,58813.0000,Plante un peu croche
496,2025-12-10,726.00,689.00,500214.0000,Plante un peu croche
496,2025-11-19,698.00,128.00,89344.0000,Plante un peu croche
496,2025-08-14,423.00,460.00,194580.0000,Belle forme pour celle-ci!
120,2025-12-10,78.00,84.00,6552.0000,Super belle plante
862,2025-12-07,900.00,44.00,39600.0000,Goute très bon
862,2025-12-05,891.00,698.00,621918.0000,Un chevreuil est passé par là
953,2025-10-13,219.00,26.00,5694.0000,Super belle plante
953,2025-06-15,263.00,512.00,134656.0000,Plante un peu croche
953,2025-06-12,499.00,334.00,166666.0000,Un chevreuil est passé par là
953,2025-12-08,606.00,282.00,170892.0000,Belle forme pour celle-ci!
953,2025-12-13,176.00,772.00,135872.0000,Plante un peu croche
1066,2025-09-07,127.00,614.00,77978.0000,Plante un peu croche
1066,2025-11-09,43.00,34.00,1462.0000,Un chevreuil est passé par là
1066,2025-12-09,266.00,334.00,88844.0000,Belle forme pour celle-ci!
1066,2025-06-07,548.00,540.00,295920.0000,Plante un peu croche
1066,2025-09-03,892.00,853.00,760876.0000,Goute très bon
1066,2025-10-03,49.00,865.00,42385.0000,Un chevreuil est passé par là
1066,2025-10-06,648.00,917.00,594216.0000,Goute très bon
46,2025-10-26,223.00,226.00,50398.0000,Super belle plante
46,2025-11-15,773.00,659.00,509407.0000,Un chevreuil est passé par là
600,2025-08-28,151.00,71.00,10721.0000,Goute très bon
377,2025-09-30,816.00,481.00,392496.0000,Belle forme pour celle-ci!
611,2025-06-30,291.00,805.00,234255.0000,Un chevreuil est passé par là
611,2025-10-25,527.00,547.00,288269.0000,Goute très bon
611,2025-08-12,398.00,987.00,392826.0000,Goute très bon
611,2025-08-06,590.00,266.00,156940.0000,Un chevreuil est passé par là
611,2025-07-09,184.00,600.00,110400.0000,Goute très bon
870,2025-09-15,807.00,227.00,183189.0000,Plante un peu croche
273,2025-11-01,98.00,137.00,13426.0000,Plante un peu croche
273,2025-12-29,892.00,356.00,317552.0000,Plante un peu croche
272,2025-09-15,679.00,773.00,524867.0000,Super belle plante
272,2025-10-07,46.00,351.00,16146.0000,Belle forme pour celle-ci!
272,2025-06-02,933.00,374.00,348942.0000,Plante un peu croche
272,2025-10-11,285.00,431.00,122835.0000,Un chevreuil est passé par là
272,2025-08-18,534.00,644.00,343896.0000,Un chevreuil est passé par là
272,2025-07-09,721.00,15.00,10815.0000,Un chevreuil est passé par là
818,2025-10-12,887.00,823.00,730001.0000,Un chevreuil est passé par là
857,2025-06-05,212.00,883.00,187196.0000,Belle forme pour celle-ci!
857,2025-07-12,692.00,687.00,475404.0000,Plante un peu croche
857,2025-07-08,143.00,548.00,78364.0000,Un chevreuil est passé par là
857,2025-09-18,113.00,874.00,98762.0000,Un chevreuil est passé par là
857,2025-08-11,237.00,747.00,177039.0000,Belle forme pour celle-ci!
857,2025-12-01,267.00,409.00,109203.0000,Belle forme pour celle-ci!
1074,2025-08-01,103.00,128.00,13184.0000,Goute très bon
1074,2025-08-13,968.00,81.00,78408.0000,Belle forme pour celle-ci!
1074,2025-09-26,12.00,389.00,4668.0000,Belle forme pour celle-ci!
1074,2025-09-07,971.00,628.00,609788.0000,Goute très bon
1074,2025-09-03,15.00,437.00,6555.0000,Un chevreuil est passé par là
1074,2025-11-01,148.00,738.00,109224.0000,Belle forme pour celle-ci!
1074,2025-07-01,160.00,826.00,132160.0000,Goute très bon
688,2025-11-09,618.00,343.00,211974.0000,Belle forme pour celle-ci!
688,2025-07-12,599.00,662.00,396538.0000,Super belle plante
688,2025-11-15,305.00,406.00,123830.0000,Un chevreuil est passé par là
688,2025-10-27,372.00,356.00,132432.0000,Belle forme pour celle-ci!
515,2025-08-11,560.00,287.00,160720.0000,Super belle plante
515,2025-08-02,644.00,941.00,606004.0000,Belle forme pour celle-ci!
515,2025-07-21,143.00,615.00,87945.0000,Goute très bon
515,2025-12-24,510.00,632.00,322320.0000,Belle forme pour celle-ci!
515,2025-10-07,326.00,722.00,235372.0000,Plante un peu croche
515,2025-08-25,430.00,842.00,362060.0000,Un chevreuil est passé par là
390,2025-10-10,947.00,180.00,170460.0000,Goute très bon
390,2025-12-24,218.00,618.00,134724.0000,Belle forme pour celle-ci!
390,2025-11-04,102.00,985.00,100470.0000,Un chevreuil est passé par là
390,2025-10-14,27.00,578.00,15606.0000,Belle forme pour celle-ci!
731,2025-06-14,738.00,293.00,216234.0000,Super belle plante
731,2025-11-22,388.00,237.00,91956.0000,Un chevreuil est passé par là
731,2025-10-04,841.00,197.00,165677.0000,Un chevreuil est passé par là
312,2025-07-11,272.00,398.00,108256.0000,Super belle plante
739,2025-07-05,911.00,25.00,22775.0000,Goute très bon
739,2025-10-06,613.00,903.00,553539.0000,Super belle plante
660,2025-06-18,306.00,333.00,101898.0000,Un chevreuil est passé par là
660,2025-11-14,657.00,374.00,245718.0000,Goute très bon
660,2025-08-19,772.00,673.00,519556.0000,Un chevreuil est passé par là
660,2025-09-16,486.00,891.00,433026.0000,Belle forme pour celle-ci!
660,2025-08-27,291.00,448.00,130368.0000,Belle forme pour celle-ci!
660,2025-11-09,920.00,419.00,385480.0000,Un chevreuil est passé par là
134,2025-06-21,155.00,392.00,60760.0000,Goute très bon
134,2025-07-13,403.00,413.00,166439.0000,Plante un peu croche
134,2025-09-29,209.00,151.00,31559.0000,Super belle plante
134,2025-07-10,717.00,134.00,96078.0000,Super belle plante
699,2025-06-25,269.00,573.00,154137.0000,Super belle plante
699,2025-09-24,464.00,185.00,85840.0000,Super belle plante
699,2025-12-27,86.00,305.00,26230.0000,Belle forme pour celle-ci!
699,2025-09-25,25.00,937.00,23425.0000,Goute très bon
699,2025-12-26,152.00,883.00,134216.0000,Super belle plante
699,2025-06-02,91.00,647.00,58877.0000,Un chevreuil est passé par là
699,2025-08-18,949.00,656.00,622544.0000,Super belle plante
820,2025-06-08,858.00,288.00,247104.0000,Belle forme pour celle-ci!
820,2025-09-06,134.00,865.00,115910.0000,Plante un peu croche
820,2025-08-07,62.00,465.00,28830.0000,Belle forme pour celle-ci!
41,2025-11-01,358.00,415.00,148570.0000,Un chevreuil est passé par là
41,2025-06-10,622.00,821.00,510662.0000,Goute très bon
41,2025-06-09,43.00,245.00,10535.0000,Goute très bon
41,2025-06-14,389.00,257.00,99973.0000,Super belle plante
41,2025-07-19,311.00,162.00,50382.0000,Belle forme pour celle-ci!
351,2025-09-30,496.00,329.00,163184.0000,Un chevreuil est passé par là
351,2025-08-01,264.00,231.00,60984.0000,Belle forme pour celle-ci!
351,2025-12-30,995.00,417.00,414915.0000,Goute très bon
351,2025-06-13,953.00,983.00,936799.0000,Belle forme pour celle-ci!
351,2025-09-10,302.00,871.00,263042.0000,Goute très bon
351,2025-10-30,404.00,734.00,296536.0000,Un chevreuil est passé par là
351,2025-12-25,446.00,227.00,101242.0000,Super belle plante
1140,2025-06-13,781.00,823.00,642763.0000,Plante un peu croche
1140,2025-07-23,332.00,171.00,56772.0000,Un chevreuil est passé par là
1140,2025-10-04,844.00,981.00,827964.0000,Goute très bon
1140,2025-08-30,815.00,271.00,220865.0000,Goute très bon
1140,2025-09-12,570.00,508.00,289560.0000,Plante un peu croche
1140,2025-12-23,957.00,426.00,407682.0000,Super belle plante
1140,2025-07-14,333.00,328.00,109224.0000,Goute très bon
320,2025-08-03,614.00,750.00,460500.0000,Un chevreuil est passé par là
320,2025-07-10,353.00,493.00,174029.0000,Super belle plante
320,2025-10-04,336.00,421.00,141456.0000,Super belle plante
320,2025-11-01,645.00,360.00,232200.0000,Super belle plante
506,2025-10-26,404.00,947.00,382588.0000,Plante un peu croche
506,2025-12-27,42.00,454.00,19068.0000,Belle forme pour celle-ci!
506,2025-09-21,569.00,323.00,183787.0000,Super belle plante
506,2025-07-18,394.00,665.00,262010.0000,Un chevreuil est passé par là
506,2025-09-03,24.00,335.00,8040.0000,Belle forme pour celle-ci!
506,2025-07-22,386.00,523.00,201878.0000,Super belle plante
506,2025-10-08,421.00,444.00,186924.0000,Super belle plante
300,2025-06-11,207.00,884.00,182988.0000,Super belle plante
300,2025-09-28,36.00,522.00,18792.0000,Super belle plante
300,2025-11-29,261.00,502.00,131022.0000,Plante un peu croche
300,2025-11-28,888.00,103.00,91464.0000,Belle forme pour celle-ci!
300,2025-09-23,535.00,148.00,79180.0000,Plante un peu croche
300,2025-10-10,464.00,986.00,457504.0000,Plante un peu croche
300,2025-10-24,572.00,113.00,64636.0000,Plante un peu croche
1044,2025-08-10,861.00,507.00,436527.0000,Plante un peu croche
1044,2025-09-19,416.00,494.00,205504.0000,Plante un peu croche
1044,2025-09-28,418.00,882.00,368676.0000,Plante un peu croche
1044,2025-07-19,714.00,760.00,542640.0000,Belle forme pour celle-ci!
1044,2025-08-24,910.00,736.00,669760.0000,Goute très bon
1044,2025-12-19,776.00,762.00,591312.0000,Goute très bon
425,2025-06-29,252.00,448.00,112896.0000,Goute très bon
425,2025-09-07,888.00,339.00,301032.0000,Un chevreuil est passé par là
425,2025-12-12,43.00,861.00,37023.0000,Belle forme pour celle-ci!
1049,2025-08-13,716.00,684.00,489744.0000,Goute très bon
1049,2025-12-25,254.00,169.00,42926.0000,Un chevreuil est passé par là
1049,2025-06-28,453.00,244.00,110532.0000,Un chevreuil est passé par là
16,2025-11-02,904.00,556.00,502624.0000,Plante un peu croche
16,2025-12-02,711.00,289.00,205479.0000,Plante un peu croche
16,2025-08-04,684.00,330.00,225720.0000,Un chevreuil est passé par là
16,2025-12-27,393.00,215.00,84495.0000,Belle forme pour celle-ci!
16,2025-06-09,265.00,704.00,186560.0000,Belle forme pour celle-ci!
16,2025-10-13,553.00,58.00,32074.0000,Un chevreuil est passé par là
16,2025-06-17,369.00,337.00,124353.0000,Un chevreuil est passé par là
1031,2025-11-13,843.00,224.00,188832.0000,Plante un peu croche
1031,2025-10-03,285.00,174.00,49590.0000,Belle forme pour celle-ci!
1031,2025-11-18,516.00,497.00,256452.0000,Belle forme pour celle-ci!
1031,2025-07-08,787.00,506.00,398222.0000,Belle forme pour celle-ci!
812,2025-12-30,852.00,870.00,741240.0000,Goute très bon
812,2025-12-28,993.00,3.00,2979.0000,Un chevreuil est passé par là
812,2025-08-11,235.00,586.00,137710.0000,Plante un peu croche
812,2025-09-22,282.00,237.00,66834.0000,Plante un peu croche
1185,2025-11-16,425.00,203.00,86275.0000,Belle forme pour celle-ci!
1185,2025-11-24,766.00,692.00,530072.0000,Un chevreuil est passé par là
1185,2025-07-11,559.00,573.00,320307.0000,Un chevreuil est passé par là
1185,2025-09-02,793.00,792.00,628056.0000,Super belle plante
684,2025-07-21,612.00,29.00,17748.0000,Super belle plante
415,2025-09-08,980.00,312.00,305760.0000,Plante un peu croche
415,2025-10-10,601.00,485.00,291485.0000,Goute très bon
253,2025-06-06,353.00,299.00,105547.0000,Super belle plante
253,2025-06-30,943.00,734.00,692162.0000,Super belle plante
253,2025-09-20,513.00,12.00,6156.0000,Un chevreuil est passé par là
253,2025-11-15,307.00,217.00,66619.0000,Goute très bon
253,2025-06-26,93.00,423.00,39339.0000,Goute très bon
20,2025-08-09,380.00,685.00,260300.0000,Un chevreuil est passé par là
20,2025-10-20,325.00,720.00,234000.0000,Super belle plante
20,2025-12-24,419.00,157.00,65783.0000,Un chevreuil est passé par là
20,2025-12-08,615.00,252.00,154980.0000,Super belle plante
20,2025-08-29,37.00,269.00,9953.0000,Super belle plante
698,2025-07-08,367.00,833.00,305711.0000,Plante un peu croche
698,2025-09-18,228.00,11.00,2508.0000,Un chevreuil est passé par là
698,2025-12-09,897.00,900.00,807300.0000,Belle forme pour celle-ci!
698,2025-11-13,385.00,96.00,36960.0000,Goute très bon
698,2025-10-08,404.00,132.00,53328.0000,Belle forme pour celle-ci!
698,2025-10-10,642.00,379.00,243318.0000,Goute très bon
158,2025-09-02,399.00,256.00,102144.0000,Un chevreuil est passé par là
158,2025-11-15,229.00,979.00,224191.0000,Un chevreuil est passé par là
158,2025-12-10,986.00,944.00,930784.0000,Super belle plante
633,2025-06-22,924.00,562.00,519288.0000,Super belle plante
633,2025-07-30,646.00,36.00,23256.0000,Un chevreuil est passé par là
633,2025-12-11,883.00,579.00,511257.0000,Plante un peu croche
633,2025-08-07,196.00,164.00,32144.0000,Belle forme pour celle-ci!
633,2025-11-29,910.00,386.00,351260.0000,Super belle plante
498,2025-07-28,447.00,789.00,352683.0000,Belle forme pour celle-ci!
498,2025-10-29,453.00,542.00,245526.0000,Plante un peu croche
498,2025-11-29,630.00,655.00,412650.0000,Un chevreuil est passé par là
498,2025-06-26,327.00,830.00,271410.0000,Plante un peu croche
498,2025-09-26,212.00,533.00,112996.0000,Goute très bon
435,2025-06-02,452.00,220.00,99440.0000,Plante un peu croche
435,2025-09-20,802.00,143.00,114686.0000,Goute très bon
501,2025-09-16,195.00,359.00,70005.0000,Goute très bon
501,2025-10-07,441.00,937.00,413217.0000,Un chevreuil est passé par là
501,2025-11-14,983.00,67.00,65861.0000,Un chevreuil est passé par là
501,2025-12-03,92.00,440.00,40480.0000,Goute très bon
501,2025-09-27,354.00,884.00,312936.0000,Goute très bon
501,2025-07-01,577.00,140.00,80780.0000,Belle forme pour celle-ci!
501,2025-09-18,750.00,236.00,177000.0000,Goute très bon
521,2025-09-19,967.00,635.00,614045.0000,Goute très bon
521,2025-12-05,736.00,509.00,374624.0000,Super belle plante
521,2025-06-16,803.00,83.00,66649.0000,Belle forme pour celle-ci!
311,2025-11-13,957.00,990.00,947430.0000,Goute très bon
311,2025-10-31,611.00,992.00,606112.0000,Plante un peu croche
807,2025-06-23,860.00,828.00,712080.0000,Belle forme pour celle-ci!
807,2025-07-23,452.00,579.00,261708.0000,Un chevreuil est passé par là
807,2025-07-29,495.00,378.00,187110.0000,Plante un peu croche
807,2025-11-16,889.00,759.00,674751.0000,Belle forme pour celle-ci!
807,2025-08-15,510.00,543.00,276930.0000,Super belle plante
942,2025-07-28,640.00,551.00,352640.0000,Un chevreuil est passé par là
942,2025-09-27,613.00,761.00,466493.0000,Un chevreuil est passé par là
942,2025-08-10,259.00,539.00,139601.0000,Belle forme pour celle-ci!
942,2025-08-11,53.00,711.00,37683.0000,Super belle plante
942,2025-10-10,845.00,308.00,260260.0000,Plante un peu croche
159,2025-07-16,299.00,130.00,38870.0000,Goute très bon
159,2025-11-06,288.00,508.00,146304.0000,Goute très bon
159,2025-09-06,999.00,123.00,122877.0000,Plante un peu croche
159,2025-08-04,787.00,54.00,42498.0000,Un chevreuil est passé par là
159,2025-12-20,549.00,960.00,527040.0000,Goute très bon
159,2025-12-09,113.00,603.00,68139.0000,Belle forme pour celle-ci!
25,2025-12-21,267.00,466.00,124422.0000,Un chevreuil est passé par là
25,2025-11-07,380.00,970.00,368600.0000,Goute très bon
25,2025-06-26,209.00,999.00,208791.0000,Goute très bon
876,2025-11-10,990.00,804.00,795960.0000,Belle forme pour celle-ci!
197,2025-11-25,929.00,45.00,41805.0000,Plante un peu croche
197,2025-10-11,485.00,400.00,194000.0000,Plante un peu croche
197,2025-10-25,790.00,811.00,640690.0000,Plante un peu croche
197,2025-12-21,474.00,87.00,41238.0000,Plante un peu croche
1083,2025-12-04,781.00,173.00,135113.0000,Super belle plante
1083,2025-06-03,161.00,554.00,89194.0000,Belle forme pour celle-ci!
1083,2025-11-30,767.00,421.00,322907.0000,Un chevreuil est passé par là
1083,2025-07-15,834.00,86.00,71724.0000,Plante un peu croche
1083,2025-07-04,985.00,279.00,274815.0000,Belle forme pour celle-ci!
1083,2025-07-06,80.00,294.00,23520.0000,Super belle plante
1083,2025-08-02,141.00,264.00,37224.0000,Goute très bon
93,2025-07-06,15.00,344.00,5160.0000,Plante un peu croche
93,2025-10-29,42.00,82.00,3444.0000,Goute très bon
409,2025-08-23,809.00,246.00,199014.0000,Super belle plante
409,2025-10-25,430.00,75.00,32250.0000,Un chevreuil est passé par là
409,2025-09-07,716.00,312.00,223392.0000,Goute très bon
504,2025-12-18,360.00,104.00,37440.0000,Plante un peu croche
504,2025-06-26,270.00,735.00,198450.0000,Plante un peu croche
504,2025-10-16,221.00,676.00,149396.0000,Belle forme pour celle-ci!
504,2025-08-29,168.00,875.00,147000.0000,Plante un peu croche
504,2025-06-21,625.00,567.00,354375.0000,Un chevreuil est passé par là
504,2025-12-07,788.00,927.00,730476.0000,Belle forme pour celle-ci!
52,2025-12-28,810.00,884.00,716040.0000,Plante un peu croche
52,2025-12-26,917.00,802.00,735434.0000,Belle forme pour celle-ci!
52,2025-06-13,32.00,520.00,16640.0000,Plante un peu croche
711,2025-10-24,217.00,749.00,162533.0000,Belle forme pour celle-ci!
711,2025-12-17,635.00,570.00,361950.0000,Plante un peu croche
384,2025-09-19,50.00,109.00,5450.0000,Super belle plante
384,2025-10-10,198.00,609.00,120582.0000,Un chevreuil est passé par là
384,2025-10-23,57.00,59.00,3363.0000,Goute très bon
384,2025-07-17,70.00,700.00,49000.0000,Un chevreuil est passé par là
384,2025-10-31,836.00,158.00,132088.0000,Belle forme pour celle-ci!
384,2025-06-28,999.00,82.00,81918.0000,Goute très bon
384,2025-12-26,129.00,820.00,105780.0000,Belle forme pour celle-ci!
840,2025-12-16,200.00,56.00,11200.0000,Goute très bon
840,2025-11-22,510.00,511.00,260610.0000,Belle forme pour celle-ci!
840,2025-12-17,360.00,769.00,276840.0000,Plante un peu croche
840,2025-08-16,496.00,396.00,196416.0000,Super belle plante
840,2025-12-26,509.00,58.00,29522.0000,Un chevreuil est passé par là
33,2025-07-24,691.00,801.00,553491.0000,Super belle plante
33,2025-10-05,628.00,373.00,234244.0000,Goute très bon
33,2025-10-03,69.00,320.00,22080.0000,Goute très bon
33,2025-10-27,631.00,353.00,222743.0000,Super belle plante
33,2025-06-21,98.00,96.00,9408.0000,Plante un peu croche
33,2025-10-10,334.00,539.00,180026.0000,Un chevreuil est passé par là
33,2025-09-22,480.00,523.00,251040.0000,Plante un peu croche
756,2025-10-09,548.00,420.00,230160.0000,Un chevreuil est passé par là
756,2025-07-02,848.00,881.00,747088.0000,Un chevreuil est passé par là
756,2025-12-04,842.00,778.00,655076.0000,Goute très bon
854,2025-12-05,161.00,281.00,45241.0000,Plante un peu croche
854,2025-07-30,910.00,603.00,548730.0000,Goute très bon
592,2025-09-14,123.00,491.00,60393.0000,Super belle plante
525,2025-08-12,544.00,585.00,318240.0000,Super belle plante
525,2025-07-20,302.00,726.00,219252.0000,Belle forme pour celle-ci!
525,2025-08-08,252.00,609.00,153468.0000,Un chevreuil est passé par là
525,2025-09-08,170.00,975.00,165750.0000,Plante un peu croche
525,2025-06-03,86.00,815.00,70090.0000,Belle forme pour celle-ci!
982,2025-12-08,736.00,195.00,143520.0000,Goute très bon
982,2025-12-10,752.00,162.00,121824.0000,Goute très bon
461,2025-11-18,539.00,16.00,8624.0000,Goute très bon
461,2025-12-02,495.00,113.00,55935.0000,Goute très bon
723,2025-08-26,121.00,537.00,64977.0000,Plante un peu croche
723,2025-12-10,976.00,262.00,255712.0000,Plante un peu croche
723,2025-06-01,628.00,811.00,509308.0000,Belle forme pour celle-ci!
723,2025-09-09,460.00,662.00,304520.0000,Un chevreuil est passé par là
2,2025-06-15,377.00,404.00,152308.0000,Super belle plante
2,2025-06-09,174.00,338.00,58812.0000,Goute très bon
2,2025-09-19,436.00,726.00,316536.0000,Plante un peu croche
2,2025-10-28,841.00,480.00,403680.0000,Goute très bon
2,2025-12-18,16.00,95.00,1520.0000,Super belle plante
2,2025-10-01,59.00,623.00,36757.0000,Super belle plante
412,2025-12-29,852.00,757.00,644964.0000,Belle forme pour celle-ci!
544,2025-11-07,607.00,371.00,225197.0000,Plante un peu croche
614,2025-12-14,426.00,533.00,227058.0000,Super belle plante
115,2025-11-09,291.00,649.00,188859.0000,Un chevreuil est passé par là
115,2025-08-31,999.00,821.00,820179.0000,Belle forme pour celle-ci!
200,2025-08-09,748.00,66.00,49368.0000,Super belle plante
200,2025-08-20,140.00,582.00,81480.0000,Super belle plante
200,2025-07-24,478.00,235.00,112330.0000,Plante un peu croche
200,2025-11-03,365.00,492.00,179580.0000,Goute très bon
855,2025-11-01,35.00,749.00,26215.0000,Plante un peu croche
855,2025-07-08,268.00,593.00,158924.0000,Un chevreuil est passé par là
855,2025-10-06,17.00,845.00,14365.0000,Goute très bon
855,2025-12-27,382.00,884.00,337688.0000,Super belle plante
855,2025-07-24,714.00,921.00,657594.0000,Goute très bon
855,2025-11-02,893.00,231.00,206283.0000,Belle forme pour celle-ci!
855,2025-08-10,412.00,696.00,286752.0000,Un chevreuil est passé par là
956,2025-11-26,913.00,360.00,328680.0000,Belle forme pour celle-ci!
956,2025-06-08,152.00,262.00,39824.0000,Goute très bon
956,2025-08-27,234.00,40.00,9360.0000,Super belle plante
956,2025-06-22,539.00,326.00,175714.0000,Goute très bon
956,2025-10-31,799.00,46.00,36754.0000,Plante un peu croche
956,2025-09-24,488.00,14.00,6832.0000,Super belle plante
956,2025-07-15,771.00,183.00,141093.0000,Goute très bon
557,2025-07-13,420.00,443.00,186060.0000,Plante un peu croche
557,2025-09-16,334.00,673.00,224782.0000,Goute très bon
557,2025-09-13,114.00,510.00,58140.0000,Goute très bon
557,2025-08-25,612.00,502.00,307224.0000,Belle forme pour celle-ci!
557,2025-11-16,112.00,718.00,80416.0000,Plante un peu croche
557,2025-09-08,444.00,445.00,197580.0000,Un chevreuil est passé par là
557,2025-10-23,239.00,101.00,24139.0000,Plante un peu croche
3,2025-12-20,57.00,416.00,23712.0000,Super belle plante
3,2025-12-29,678.00,360.00,244080.0000,Super belle plante
3,2025-09-29,760.00,904.00,687040.0000,Super belle plante
3,2025-11-04,321.00,642.00,206082.0000,Goute très bon
3,2025-06-02,525.00,315.00,165375.0000,Super belle plante
517,2025-07-03,696.00,782.00,544272.0000,Goute très bon
517,2025-11-11,207.00,245.00,50715.0000,Plante un peu croche
517,2025-09-24,824.00,438.00,360912.0000,Goute très bon
517,2025-10-09,460.00,445.00,204700.0000,Goute très bon
517,2025-11-09,269.00,612.00,164628.0000,Goute très bon
517,2025-07-15,646.00,170.00,109820.0000,Goute très bon
517,2025-06-05,479.00,410.00,196390.0000,Goute très bon
256,2025-06-10,255.00,123.00,31365.0000,Plante un peu croche
256,2025-12-23,56.00,828.00,46368.0000,Belle forme pour celle-ci!
256,2025-11-21,407.00,470.00,191290.0000,Un chevreuil est passé par là
256,2025-08-02,800.00,394.00,315200.0000,Belle forme pour celle-ci!
725,2025-09-11,261.00,767.00,200187.0000,Belle forme pour celle-ci!
725,2025-07-14,468.00,97.00,45396.0000,Super belle plante
725,2025-10-05,433.00,849.00,367617.0000,Goute très bon
725,2025-11-11,2.00,879.00,1758.0000,Belle forme pour celle-ci!
725,2025-11-25,966.00,595.00,574770.0000,Goute très bon
725,2025-08-25,693.00,367.00,254331.0000,Belle forme pour celle-ci!
170,2025-07-24,168.00,532.00,89376.0000,Belle forme pour celle-ci!
1003,2025-09-08,283.00,996.00,281868.0000,Un chevreuil est passé par là
1003,2025-06-21,688.00,214.00,147232.0000,Belle forme pour celle-ci!
1003,2025-12-14,963.00,17.00,16371.0000,Plante un peu croche
1003,2025-09-05,731.00,757.00,553367.0000,Un chevreuil est passé par là
1003,2025-10-16,768.00,504.00,387072.0000,Super belle plante
1003,2025-11-28,440.00,900.00,396000.0000,Un chevreuil est passé par là
1003,2025-06-18,681.00,204.00,138924.0000,Belle forme pour celle-ci!
974,2025-07-13,956.00,855.00,817380.0000,Plante un peu croche
974,2025-06-14,724.00,338.00,244712.0000,Un chevreuil est passé par là
974,2025-08-20,768.00,560.00,430080.0000,Super belle plante
974,2025-06-15,822.00,194.00,159468.0000,Un chevreuil est passé par là
418,2025-06-05,984.00,53.00,52152.0000,Un chevreuil est passé par là
418,2025-07-05,980.00,246.00,241080.0000,Plante un peu croche
418,2025-08-20,712.00,225.00,160200.0000,Goute très bon
887,2025-08-09,655.00,922.00,603910.0000,Un chevreuil est passé par là
887,2025-09-03,221.00,121.00,26741.0000,Super belle plante
887,2025-09-01,409.00,217.00,88753.0000,Belle forme pour celle-ci!
196,2025-09-22,803.00,779.00,625537.0000,Un chevreuil est passé par là
196,2025-10-16,580.00,687.00,398460.0000,Un chevreuil est passé par là
231,2025-07-28,130.00,127.00,16510.0000,Un chevreuil est passé par là
1188,2025-11-15,397.00,104.00,41288.0000,Un chevreuil est passé par là
1188,2025-12-22,416.00,127.00,52832.0000,Plante un peu croche
1188,2025-11-28,868.00,480.00,416640.0000,Goute très bon
433,2025-11-01,511.00,727.00,371497.0000,Un chevreuil est passé par là
923,2025-07-03,474.00,158.00,74892.0000,Goute très bon
923,2025-07-07,825.00,307.00,253275.0000,Super belle plante
923,2025-06-21,73.00,563.00,41099.0000,Belle forme pour celle-ci!
923,2025-10-13,782.00,850.00,664700.0000,Super belle plante
562,2025-10-19,733.00,815.00,597395.0000,Super belle plante
562,2025-11-11,628.00,621.00,389988.0000,Super belle plante
562,2025-11-08,206.00,500.00,103000.0000,Plante un peu croche
562,2025-08-01,152.00,279.00,42408.0000,Un chevreuil est passé par là
397,2025-07-18,238.00,914.00,217532.0000,Goute très bon
397,2025-08-15,903.00,576.00,520128.0000,Belle forme pour celle-ci!
397,2025-11-04,501.00,830.00,415830.0000,Plante un peu croche
397,2025-09-16,565.00,234.00,132210.0000,Super belle plante
242,2025-10-16,21.00,961.00,20181.0000,Goute très bon
1036,2025-11-17,815.00,243.00,198045.0000,Belle forme pour celle-ci!
1036,2025-10-02,243.00,204.00,49572.0000,Plante un peu croche
1036,2025-10-16,530.00,718.00,380540.0000,Goute très bon
263,2025-11-03,29.00,825.00,23925.0000,Un chevreuil est passé par là
263,2025-09-22,326.00,933.00,304158.0000,Super belle plante
249,2025-07-22,34.00,769.00,26146.0000,Super belle plante
249,2025-08-10,564.00,960.00,541440.0000,Super belle plante
249,2025-08-16,565.00,19.00,10735.0000,Super belle plante
821,2025-08-07,757.00,945.00,715365.0000,Un chevreuil est passé par là
821,2025-11-01,514.00,244.00,125416.0000,Goute très bon
821,2025-08-31,834.00,286.00,238524.0000,Un chevreuil est passé par là
821,2025-09-22,965.00,306.00,295290.0000,Goute très bon
821,2025-08-24,92.00,138.00,12696.0000,Super belle plante
821,2025-07-29,737.00,28.00,20636.0000,Goute très bon
136,2025-11-13,783.00,26.00,20358.0000,Un chevreuil est passé par là
136,2025-08-24,433.00,93.00,40269.0000,Belle forme pour celle-ci!
136,2025-12-02,116.00,541.00,62756.0000,Belle forme pour celle-ci!
136,2025-06-19,646.00,614.00,396644.0000,Plante un peu croche
136,2025-11-08,8.00,257.00,2056.0000,Un chevreuil est passé par là
335,2025-07-18,965.00,955.00,921575.0000,Un chevreuil est passé par là
335,2025-06-15,795.00,846.00,672570.0000,Super belle plante
335,2025-10-07,763.00,526.00,401338.0000,Plante un peu croche
335,2025-07-31,662.00,400.00,264800.0000,Super belle plante
335,2025-07-07,493.00,634.00,312562.0000,Un chevreuil est passé par là
42,2025-07-24,770.00,981.00,755370.0000,Un chevreuil est passé par là
42,2025-06-06,81.00,704.00,57024.0000,Plante un peu croche
42,2025-12-16,180.00,470.00,84600.0000,Super belle plante
42,2025-07-26,862.00,609.00,524958.0000,Super belle plante
96,2025-10-14,845.00,518.00,437710.0000,Belle forme pour celle-ci!
96,2025-06-30,633.00,87.00,55071.0000,Plante un peu croche
96,2025-09-20,60.00,815.00,48900.0000,Super belle plante
96,2025-12-05,948.00,537.00,509076.0000,Super belle plante
96,2025-07-16,552.00,862.00,475824.0000,Un chevreuil est passé par là
96,2025-08-09,830.00,869.00,721270.0000,Super belle plante
96,2025-06-16,775.00,17.00,13175.0000,Super belle plante
839,2025-07-09,485.00,212.00,102820.0000,Belle forme pour celle-ci!
839,2025-06-01,403.00,707.00,284921.0000,Goute très bon
839,2025-09-01,455.00,161.00,73255.0000,Un chevreuil est passé par là
839,2025-08-30,416.00,438.00,182208.0000,Goute très bon
839,2025-06-17,226.00,149.00,33674.0000,Super belle plante
839,2025-08-12,256.00,831.00,212736.0000,Un chevreuil est passé par là
839,2025-12-16,855.00,311.00,265905.0000,Goute très bon
29,2025-11-17,46.00,571.00,26266.0000,Un chevreuil est passé par là
29,2025-11-18,747.00,166.00,124002.0000,Goute très bon
29,2025-09-18,662.00,238.00,157556.0000,Goute très bon
29,2025-08-05,295.00,500.00,147500.0000,Goute très bon
208,2025-06-19,592.00,135.00,79920.0000,Belle forme pour celle-ci!
208,2025-09-29,322.00,762.00,245364.0000,Super belle plante
208,2025-11-15,264.00,556.00,146784.0000,Goute très bon
208,2025-07-07,854.00,950.00,811300.0000,Goute très bon
208,2025-08-31,273.00,408.00,111384.0000,Plante un peu croche
208,2025-06-22,700.00,149.00,104300.0000,Goute très bon
208,2025-11-17,269.00,210.00,56490.0000,Goute très bon
295,2025-10-29,511.00,312.00,159432.0000,Goute très bon
295,2025-12-11,283.00,652.00,184516.0000,Goute très bon
295,2025-09-27,819.00,472.00,386568.0000,Goute très bon
295,2025-11-15,17.00,601.00,10217.0000,Un chevreuil est passé par là
295,2025-11-13,948.00,446.00,422808.0000,Belle forme pour celle-ci!
295,2025-06-17,914.00,362.00,330868.0000,Plante un peu croche
295,2025-10-21,123.00,914.00,112422.0000,Plante un peu croche
988,2025-07-30,238.00,978.00,232764.0000,Super belle plante
988,2025-12-02,515.00,692.00,356380.0000,Plante un peu croche
988,2025-11-21,394.00,68.00,26792.0000,Un chevreuil est passé par là
1008,2025-11-25,590.00,309.00,182310.0000,Super belle plante
1008,2025-08-23,380.00,38.00,14440.0000,Un chevreuil est passé par là
1008,2025-10-19,489.00,355.00,173595.0000,Un chevreuil est passé par là
1008,2025-07-13,550.00,187.00,102850.0000,Goute très bon
1008,2025-12-02,79.00,636.00,50244.0000,Super belle plante
195,2025-09-22,860.00,890.00,765400.0000,Goute très bon
195,2025-08-06,545.00,584.00,318280.0000,Goute très bon
195,2025-06-26,266.00,602.00,160132.0000,Belle forme pour celle-ci!
195,2025-10-04,416.00,940.00,391040.0000,Plante un peu croche
195,2025-07-07,792.00,655.00,518760.0000,Un chevreuil est passé par là
74,2025-07-16,997.00,707.00,704879.0000,Plante un peu croche
74,2025-12-16,650.00,424.00,275600.0000,Super belle plante
74,2025-09-22,791.00,979.00,774389.0000,Un chevreuil est passé par là
828,2025-11-14,598.00,968.00,578864.0000,Super belle plante
828,2025-12-12,685.00,921.00,630885.0000,Goute très bon
828,2025-06-23,129.00,764.00,98556.0000,Belle forme pour celle-ci!
828,2025-08-11,9.00,363.00,3267.0000,Un chevreuil est passé par là
828,2025-11-24,547.00,666.00,364302.0000,Un chevreuil est passé par là
828,2025-09-21,128.00,351.00,44928.0000,Super belle plante
1127,2025-11-29,927.00,69.00,63963.0000,Goute très bon
1127,2025-12-30,682.00,641.00,437162.0000,Super belle plante
1127,2025-06-22,160.00,577.00,92320.0000,Goute très bon
1127,2025-07-14,406.00,641.00,260246.0000,Super belle plante
1127,2025-06-30,382.00,579.00,221178.0000,Super belle plante
1127,2025-12-28,135.00,375.00,50625.0000,Un chevreuil est passé par là
853,2025-08-19,719.00,759.00,545721.0000,Super belle plante
853,2025-12-23,565.00,349.00,197185.0000,Goute très bon
853,2025-08-26,792.00,439.00,347688.0000,Un chevreuil est passé par là
853,2025-09-10,86.00,629.00,54094.0000,Super belle plante
853,2025-12-19,770.00,912.00,702240.0000,Goute très bon
274,2025-06-22,946.00,710.00,671660.0000,Belle forme pour celle-ci!
274,2025-07-02,951.00,820.00,779820.0000,Un chevreuil est passé par là
1007,2025-11-23,882.00,395.00,348390.0000,Un chevreuil est passé par là
1007,2025-06-10,501.00,433.00,216933.0000,Goute très bon
1007,2025-09-11,761.00,591.00,449751.0000,Belle forme pour celle-ci!
1007,2025-10-14,264.00,259.00,68376.0000,Plante un peu croche
1007,2025-06-04,125.00,617.00,77125.0000,Super belle plante
622,2025-07-25,529.00,899.00,475571.0000,Belle forme pour celle-ci!
622,2025-12-03,14.00,908.00,12712.0000,Super belle plante
622,2025-08-17,614.00,439.00,269546.0000,Super belle plante
622,2025-06-23,618.00,650.00,401700.0000,Super belle plante
622,2025-12-13,35.00,396.00,13860.0000,Plante un peu croche
622,2025-06-03,710.00,116.00,82360.0000,Goute très bon
262,2025-10-30,791.00,890.00,703990.0000,Plante un peu croche
262,2025-08-23,955.00,621.00,593055.0000,Un chevreuil est passé par là
262,2025-10-19,31.00,478.00,14818.0000,Un chevreuil est passé par là
262,2025-06-04,222.00,910.00,202020.0000,Un chevreuil est passé par là
262,2025-10-15,860.00,425.00,365500.0000,Goute très bon
389,2025-07-08,907.00,883.00,800881.0000,Super belle plante
389,2025-11-07,446.00,764.00,340744.0000,Plante un peu croche
389,2025-10-02,475.00,833.00,395675.0000,Goute très bon
389,2025-08-19,88.00,311.00,27368.0000,Plante un peu croche
389,2025-11-14,752.00,437.00,328624.0000,Super belle plante
389,2025-12-21,505.00,488.00,246440.0000,Belle forme pour celle-ci!
389,2025-06-28,441.00,570.00,251370.0000,Goute très bon
79,2025-08-23,922.00,816.00,752352.0000,Un chevreuil est passé par là
79,2025-11-03,343.00,347.00,119021.0000,Belle forme pour celle-ci!
79,2025-06-20,201.00,374.00,75174.0000,Un chevreuil est passé par là
79,2025-08-11,828.00,577.00,477756.0000,Super belle plante
79,2025-11-02,51.00,395.00,20145.0000,Super belle plante
79,2025-08-19,987.00,597.00,589239.0000,Goute très bon
577,2025-08-01,931.00,308.00,286748.0000,Belle forme pour celle-ci!
577,2025-08-25,875.00,209.00,182875.0000,Un chevreuil est passé par là
400,2025-07-19,254.00,383.00,97282.0000,Un chevreuil est passé par là
400,2025-08-15,680.00,530.00,360400.0000,Un chevreuil est passé par là
400,2025-06-11,558.00,288.00,160704.0000,Un chevreuil est passé par là
227,2025-10-20,540.00,32.00,17280.0000,Super belle plante
227,2025-11-18,298.00,677.00,201746.0000,Plante un peu croche
227,2025-06-23,420.00,809.00,339780.0000,Belle forme pour celle-ci!
317,2025-12-01,851.00,157.00,133607.0000,Super belle plante
677,2025-07-16,108.00,413.00,44604.0000,Plante un peu croche
677,2025-10-16,679.00,334.00,226786.0000,Plante un peu croche
677,2025-11-28,768.00,652.00,500736.0000,Plante un peu croche
677,2025-09-05,950.00,534.00,507300.0000,Goute très bon
677,2025-10-02,300.00,683.00,204900.0000,Belle forme pour celle-ci!
677,2025-10-23,730.00,316.00,230680.0000,Belle forme pour celle-ci!
785,2025-12-25,727.00,142.00,103234.0000,Super belle plante
785,2025-11-10,924.00,748.00,691152.0000,Belle forme pour celle-ci!
785,2025-11-27,849.00,822.00,697878.0000,Goute très bon
785,2025-09-13,236.00,389.00,91804.0000,Goute très bon
785,2025-06-30,533.00,339.00,180687.0000,Super belle plante
858,2025-08-20,795.00,440.00,349800.0000,Un chevreuil est passé par là
858,2025-06-13,625.00,87.00,54375.0000,Belle forme pour celle-ci!
858,2025-10-06,807.00,155.00,125085.0000,Super belle plante
858,2025-06-21,419.00,792.00,331848.0000,Plante un peu croche
858,2025-10-29,356.00,651.00,231756.0000,Goute très bon
951,2025-09-05,393.00,963.00,378459.0000,Goute très bon
951,2025-12-06,613.00,290.00,177770.0000,Un chevreuil est passé par là
951,2025-09-20,84.00,348.00,29232.0000,Super belle plante
951,2025-09-12,554.00,603.00,334062.0000,Belle forme pour celle-ci!
951,2025-11-13,463.00,432.00,200016.0000,Goute très bon
484,2025-11-30,970.00,532.00,516040.0000,Belle forme pour celle-ci!
484,2025-07-22,998.00,285.00,284430.0000,Plante un peu croche
51,2025-06-22,949.00,914.00,867386.0000,Super belle plante
51,2025-10-04,497.00,171.00,84987.0000,Belle forme pour celle-ci!
51,2025-08-29,935.00,580.00,542300.0000,Goute très bon
51,2025-11-18,509.00,704.00,358336.0000,Goute très bon
51,2025-12-08,252.00,574.00,144648.0000,Goute très bon
51,2025-08-16,555.00,393.00,218115.0000,Goute très bon
319,2025-06-27,849.00,158.00,134142.0000,Plante un peu croche
485,2025-08-19,623.00,789.00,491547.0000,Goute très bon
243,2025-08-08,37.00,500.00,18500.0000,Goute très bon
243,2025-10-14,450.00,21.00,9450.0000,Belle forme pour celle-ci!
243,2025-06-08,152.00,26.00,3952.0000,Super belle plante
243,2025-09-27,204.00,831.00,169524.0000,Belle forme pour celle-ci!
243,2025-06-23,896.00,495.00,443520.0000,Un chevreuil est passé par là
243,2025-06-14,165.00,615.00,101475.0000,Plante un peu croche
1122,2025-09-12,393.00,833.00,327369.0000,Plante un peu croche
1122,2025-06-30,485.00,234.00,113490.0000,Goute très bon
1122,2025-09-08,327.00,959.00,313593.0000,Goute très bon
1122,2025-07-12,391.00,210.00,82110.0000,Belle forme pour celle-ci!
1122,2025-07-26,316.00,533.00,168428.0000,Super belle plante
1122,2025-07-09,49.00,425.00,20825.0000,Un chevreuil est passé par là
1122,2025-10-10,627.00,897.00,562419.0000,Belle forme pour celle-ci!
492,2025-10-25,499.00,613.00,305887.0000,Belle forme pour celle-ci!
492,2025-07-30,112.00,416.00,46592.0000,Plante un peu croche
492,2025-07-11,814.00,547.00,445258.0000,Super belle plante
492,2025-11-26,483.00,267.00,128961.0000,Plante un peu croche
492,2025-12-18,708.00,421.00,298068.0000,Goute très bon
492,2025-08-27,188.00,278.00,52264.0000,Plante un peu croche
598,2025-11-27,215.00,961.00,206615.0000,Goute très bon
598,2025-08-26,354.00,165.00,58410.0000,Belle forme pour celle-ci!
598,2025-10-14,425.00,484.00,205700.0000,Super belle plante
598,2025-09-03,607.00,125.00,75875.0000,Super belle plante
767,2025-06-21,499.00,602.00,300398.0000,Goute très bon
767,2025-11-08,155.00,64.00,9920.0000,Un chevreuil est passé par là
767,2025-12-02,889.00,699.00,621411.0000,Un chevreuil est passé par là
767,2025-11-01,956.00,59.00,56404.0000,Plante un peu croche
1068,2025-11-28,474.00,532.00,252168.0000,Belle forme pour celle-ci!
1068,2025-08-04,401.00,581.00,232981.0000,Goute très bon
1068,2025-11-05,435.00,675.00,293625.0000,Belle forme pour celle-ci!
1068,2025-07-02,731.00,982.00,717842.0000,Plante un peu croche
1068,2025-11-08,14.00,488.00,6832.0000,Belle forme pour celle-ci!
238,2025-10-20,173.00,182.00,31486.0000,Belle forme pour celle-ci!
238,2025-08-06,596.00,807.00,480972.0000,Plante un peu croche
238,2025-12-03,954.00,526.00,501804.0000,Un chevreuil est passé par là
238,2025-09-06,715.00,897.00,641355.0000,Plante un peu croche
238,2025-12-21,908.00,688.00,624704.0000,Un chevreuil est passé par là
238,2025-10-16,119.00,890.00,105910.0000,Goute très bon
90,2025-08-13,427.00,953.00,406931.0000,Plante un peu croche
90,2025-12-08,503.00,383.00,192649.0000,Plante un peu croche
90,2025-09-03,108.00,345.00,37260.0000,Plante un peu croche
90,2025-08-18,313.00,86.00,26918.0000,Un chevreuil est passé par là
90,2025-08-15,3.00,787.00,2361.0000,Belle forme pour celle-ci!
1143,2025-07-01,615.00,821.00,504915.0000,Un chevreuil est passé par là
44,2025-10-12,517.00,582.00,300894.0000,Super belle plante
44,2025-09-16,528.00,543.00,286704.0000,Un chevreuil est passé par là
44,2025-06-03,952.00,110.00,104720.0000,Super belle plante
44,2025-06-11,874.00,537.00,469338.0000,Goute très bon
44,2025-08-27,997.00,893.00,890321.0000,Belle forme pour celle-ci!
44,2025-06-06,57.00,54.00,3078.0000,Super belle plante
44,2025-09-01,983.00,434.00,426622.0000,Super belle plante
175,2025-09-06,920.00,1.00,920.0000,Plante un peu croche
175,2025-07-20,603.00,88.00,53064.0000,Plante un peu croche
813,2025-11-26,476.00,420.00,199920.0000,Super belle plante
813,2025-09-07,791.00,81.00,64071.0000,Super belle plante
930,2025-10-26,666.00,246.00,163836.0000,Un chevreuil est passé par là
26,2025-07-21,336.00,609.00,204624.0000,Belle forme pour celle-ci!
26,2025-08-29,414.00,462.00,191268.0000,Un chevreuil est passé par là
26,2025-10-06,139.00,207.00,28773.0000,Plante un peu croche
26,2025-07-14,639.00,747.00,477333.0000,Belle forme pour celle-ci!
833,2025-07-30,691.00,669.00,462279.0000,Goute très bon
833,2025-10-10,442.00,810.00,358020.0000,Goute très bon
833,2025-11-19,28.00,856.00,23968.0000,Plante un peu croche
833,2025-12-15,769.00,693.00,532917.0000,Plante un peu croche
833,2025-09-06,9.00,676.00,6084.0000,Un chevreuil est passé par là
491,2025-09-29,805.00,904.00,727720.0000,Goute très bon
491,2025-07-04,409.00,372.00,152148.0000,Belle forme pour celle-ci!
160,2025-12-02,532.00,944.00,502208.0000,Belle forme pour celle-ci!
160,2025-12-12,60.00,450.00,27000.0000,Plante un peu croche
160,2025-06-04,54.00,115.00,6210.0000,Un chevreuil est passé par là
230,2025-10-05,945.00,621.00,586845.0000,Belle forme pour celle-ci!
230,2025-10-29,379.00,663.00,251277.0000,Un chevreuil est passé par là
230,2025-11-18,175.00,205.00,35875.0000,Goute très bon
310,2025-08-22,546.00,513.00,280098.0000,Plante un peu croche
404,2025-11-28,576.00,309.00,177984.0000,Plante un peu croche
404,2025-10-08,189.00,43.00,8127.0000,Un chevreuil est passé par là
404,2025-07-01,261.00,79.00,20619.0000,Belle forme pour celle-ci!
404,2025-09-08,460.00,985.00,453100.0000,Plante un peu croche
404,2025-11-14,550.00,109.00,59950.0000,Belle forme pour celle-ci!
404,2025-09-25,592.00,119.00,70448.0000,Un chevreuil est passé par là
404,2025-08-19,147.00,906.00,133182.0000,Super belle plante
447,2025-07-28,16.00,611.00,9776.0000,Goute très bon
447,2025-12-08,710.00,343.00,243530.0000,Goute très bon
447,2025-10-06,388.00,761.00,295268.0000,Goute très bon
239,2025-12-17,421.00,419.00,176399.0000,Super belle plante
239,2025-11-29,528.00,32.00,16896.0000,Super belle plante
239,2025-06-01,418.00,452.00,188936.0000,Plante un peu croche
239,2025-08-03,879.00,52.00,45708.0000,Super belle plante
239,2025-06-12,623.00,907.00,565061.0000,Goute très bon
239,2025-06-30,399.00,648.00,258552.0000,Super belle plante
239,2025-08-15,553.00,982.00,543046.0000,Super belle plante
348,2025-09-20,434.00,109.00,47306.0000,Goute très bon
348,2025-06-07,948.00,687.00,651276.0000,Plante un peu croche
421,2025-12-29,330.00,449.00,148170.0000,Goute très bon
421,2025-08-12,409.00,95.00,38855.0000,Goute très bon
421,2025-09-16,730.00,181.00,132130.0000,Super belle plante
1061,2025-10-09,732.00,446.00,326472.0000,Belle forme pour celle-ci!
1061,2025-10-03,899.00,797.00,716503.0000,Goute très bon
1061,2025-08-30,569.00,762.00,433578.0000,Un chevreuil est passé par là
444,2025-06-14,545.00,921.00,501945.0000,Plante un peu croche
444,2025-12-05,379.00,491.00,186089.0000,Belle forme pour celle-ci!
444,2025-12-06,793.00,964.00,764452.0000,Super belle plante
444,2025-06-22,789.00,915.00,721935.0000,Super belle plante
444,2025-09-23,683.00,287.00,196021.0000,Belle forme pour celle-ci!
142,2025-12-02,814.00,694.00,564916.0000,Super belle plante
142,2025-11-06,266.00,984.00,261744.0000,Belle forme pour celle-ci!
142,2025-11-26,476.00,353.00,168028.0000,Belle forme pour celle-ci!
142,2025-12-06,334.00,289.00,96526.0000,Super belle plante
142,2025-06-04,702.00,230.00,161460.0000,Super belle plante
1121,2025-10-04,465.00,514.00,239010.0000,Un chevreuil est passé par là
1121,2025-10-13,689.00,544.00,374816.0000,Goute très bon
1121,2025-11-18,744.00,722.00,537168.0000,Un chevreuil est passé par là
1121,2025-10-01,95.00,825.00,78375.0000,Un chevreuil est passé par là
1121,2025-06-12,80.00,285.00,22800.0000,Super belle plante
881,2025-12-11,977.00,46.00,44942.0000,Plante un peu croche
881,2025-07-02,100.00,890.00,89000.0000,Plante un peu croche
881,2025-12-20,326.00,321.00,104646.0000,Super belle plante
881,2025-10-14,835.00,141.00,117735.0000,Super belle plante
881,2025-06-28,65.00,371.00,24115.0000,Plante un peu croche
610,2025-08-01,735.00,121.00,88935.0000,Plante un peu croche
610,2025-09-21,569.00,16.00,9104.0000,Plante un peu croche
206,2025-12-20,860.00,257.00,221020.0000,Plante un peu croche
206,2025-10-17,696.00,117.00,81432.0000,Belle forme pour celle-ci!
206,2025-12-18,64.00,596.00,38144.0000,Belle forme pour celle-ci!
741,2025-08-17,183.00,192.00,35136.0000,Belle forme pour celle-ci!
741,2025-11-15,284.00,508.00,144272.0000,Belle forme pour celle-ci!
741,2025-12-06,263.00,180.00,47340.0000,Plante un peu croche
741,2025-12-23,420.00,748.00,314160.0000,Goute très bon
787,2025-12-26,120.00,220.00,26400.0000,Un chevreuil est passé par là
787,2025-09-03,457.00,524.00,239468.0000,Plante un peu croche
787,2025-11-07,26.00,20.00,520.0000,Belle forme pour celle-ci!
787,2025-06-06,523.00,768.00,401664.0000,Belle forme pour celle-ci!
284,2025-08-28,270.00,126.00,34020.0000,Super belle plante
284,2025-06-06,636.00,493.00,313548.0000,Plante un peu croche
584,2025-08-21,529.00,978.00,517362.0000,Goute très bon
584,2025-11-07,980.00,252.00,246960.0000,Goute très bon
584,2025-08-11,896.00,432.00,387072.0000,Plante un peu croche
584,2025-06-05,855.00,944.00,807120.0000,Un chevreuil est passé par là
584,2025-10-15,198.00,71.00,14058.0000,Goute très bon
727,2025-12-12,273.00,530.00,144690.0000,Goute très bon
430,2025-11-19,397.00,219.00,86943.0000,Plante un peu croche
430,2025-11-28,305.00,872.00,265960.0000,Plante un peu croche
430,2025-08-26,824.00,531.00,437544.0000,Belle forme pour celle-ci!
430,2025-12-11,67.00,374.00,25058.0000,Super belle plante
430,2025-07-28,610.00,596.00,363560.0000,Plante un peu croche
430,2025-06-07,756.00,507.00,383292.0000,Belle forme pour celle-ci!
649,2025-10-01,325.00,453.00,147225.0000,Belle forme pour celle-ci!
355,2025-12-09,820.00,950.00,779000.0000,Plante un peu croche
355,2025-08-23,325.00,142.00,46150.0000,Goute très bon
1085,2025-06-08,232.00,570.00,132240.0000,Belle forme pour celle-ci!
1085,2025-12-22,248.00,519.00,128712.0000,Goute très bon
587,2025-09-29,966.00,669.00,646254.0000,Plante un peu croche
587,2025-12-20,289.00,112.00,32368.0000,Plante un peu croche
587,2025-11-16,727.00,440.00,319880.0000,Belle forme pour celle-ci!
587,2025-08-29,471.00,13.00,6123.0000,Un chevreuil est passé par là
587,2025-11-23,188.00,119.00,22372.0000,Belle forme pour celle-ci!
587,2025-10-17,323.00,585.00,188955.0000,Plante un peu croche
587,2025-06-19,702.00,845.00,593190.0000,Un chevreuil est passé par là
69,2025-10-08,609.00,646.00,393414.0000,Goute très bon
69,2025-12-23,298.00,84.00,25032.0000,Un chevreuil est passé par là
69,2025-12-08,491.00,446.00,218986.0000,Plante un peu croche
69,2025-07-25,310.00,382.00,118420.0000,Goute très bon
69,2025-09-06,296.00,803.00,237688.0000,Un chevreuil est passé par là
671,2025-06-02,863.00,598.00,516074.0000,Goute très bon
786,2025-09-19,210.00,873.00,183330.0000,Super belle plante
786,2025-08-01,782.00,277.00,216614.0000,Plante un peu croche
591,2025-07-02,440.00,912.00,401280.0000,Goute très bon
591,2025-06-18,738.00,330.00,243540.0000,Goute très bon
591,2025-10-02,500.00,732.00,366000.0000,Plante un peu croche
591,2025-11-19,596.00,905.00,539380.0000,Un chevreuil est passé par là
514,2025-10-26,987.00,807.00,796509.0000,Super belle plante
514,2025-06-28,712.00,302.00,215024.0000,Super belle plante
514,2025-10-18,844.00,716.00,604304.0000,Belle forme pour celle-ci!
514,2025-07-24,477.00,771.00,367767.0000,Super belle plante
514,2025-12-13,296.00,585.00,173160.0000,Plante un peu croche
514,2025-09-10,558.00,687.00,383346.0000,Plante un peu croche
514,2025-08-11,895.00,236.00,211220.0000,Belle forme pour celle-ci!
583,2025-09-28,242.00,446.00,107932.0000,Un chevreuil est passé par là
583,2025-06-25,900.00,235.00,211500.0000,Super belle plante
912,2025-07-03,826.00,193.00,159418.0000,Super belle plante
912,2025-10-05,134.00,701.00,93934.0000,Super belle plante
912,2025-09-10,15.00,938.00,14070.0000,Un chevreuil est passé par là
912,2025-06-18,300.00,958.00,287400.0000,Un chevreuil est passé par là
912,2025-07-12,692.00,884.00,611728.0000,Belle forme pour celle-ci!
912,2025-07-31,558.00,766.00,427428.0000,Un chevreuil est passé par là
383,2025-08-14,552.00,38.00,20976.0000,Goute très bon
383,2025-09-29,915.00,970.00,887550.0000,Plante un peu croche
383,2025-10-07,75.00,234.00,17550.0000,Super belle plante
383,2025-07-04,7.00,711.00,4977.0000,Plante un peu croche
383,2025-12-01,909.00,807.00,733563.0000,Belle forme pour celle-ci!
757,2025-06-05,523.00,41.00,21443.0000,Belle forme pour celle-ci!
757,2025-06-23,835.00,5.00,4175.0000,Goute très bon
757,2025-11-27,958.00,170.00,162860.0000,Belle forme pour celle-ci!
674,2025-12-02,956.00,835.00,798260.0000,Plante un peu croche
674,2025-08-16,786.00,934.00,734124.0000,Belle forme pour celle-ci!
674,2025-08-12,752.00,633.00,476016.0000,Belle forme pour celle-ci!
674,2025-09-05,340.00,398.00,135320.0000,Plante un peu croche
674,2025-08-01,567.00,552.00,312984.0000,Super belle plante
674,2025-10-05,899.00,32.00,28768.0000,Belle forme pour celle-ci!
674,2025-10-31,676.00,346.00,233896.0000,Belle forme pour celle-ci!
646,2025-11-02,280.00,902.00,252560.0000,Super belle plante
646,2025-06-30,344.00,950.00,326800.0000,Goute très bon
646,2025-12-19,311.00,691.00,214901.0000,Plante un peu croche
646,2025-09-18,640.00,166.00,106240.0000,Plante un peu croche
646,2025-08-19,856.00,360.00,308160.0000,Plante un peu croche
646,2025-06-13,618.00,131.00,80958.0000,Belle forme pour celle-ci!
646,2025-07-19,396.00,316.00,125136.0000,Plante un peu croche
488,2025-09-13,283.00,518.00,146594.0000,Plante un peu croche
488,2025-10-29,868.00,998.00,866264.0000,Super belle plante
488,2025-08-24,304.00,215.00,65360.0000,Belle forme pour celle-ci!
1166,2025-10-18,937.00,204.00,191148.0000,Belle forme pour celle-ci!
1166,2025-09-08,611.00,880.00,537680.0000,Goute très bon
1166,2025-08-08,742.00,92.00,68264.0000,Un chevreuil est passé par là
1166,2025-10-10,632.00,212.00,133984.0000,Goute très bon
1166,2025-10-03,409.00,100.00,40900.0000,Belle forme pour celle-ci!
1166,2025-07-26,826.00,282.00,232932.0000,Goute très bon
692,2025-07-08,339.00,874.00,296286.0000,Super belle plante
692,2025-06-14,121.00,107.00,12947.0000,Plante un peu croche
1117,2025-06-20,844.00,692.00,584048.0000,Plante un peu croche
1117,2025-11-03,484.00,696.00,336864.0000,Plante un peu croche
1117,2025-10-07,893.00,386.00,344698.0000,Goute très bon
1117,2025-09-10,339.00,633.00,214587.0000,Un chevreuil est passé par là
578,2025-11-05,364.00,671.00,244244.0000,Goute très bon
578,2025-11-06,792.00,966.00,765072.0000,Goute très bon
578,2025-07-23,538.00,720.00,387360.0000,Super belle plante
578,2025-08-14,138.00,629.00,86802.0000,Goute très bon
456,2025-07-21,987.00,302.00,298074.0000,Goute très bon
456,2025-09-28,562.00,593.00,333266.0000,Super belle plante
738,2025-07-12,889.00,907.00,806323.0000,Goute très bon
738,2025-08-05,126.00,856.00,107856.0000,Plante un peu croche
66,2025-10-18,831.00,184.00,152904.0000,Un chevreuil est passé par là
66,2025-06-01,520.00,370.00,192400.0000,Un chevreuil est passé par là
66,2025-10-02,486.00,274.00,133164.0000,Un chevreuil est passé par là
66,2025-09-29,409.00,439.00,179551.0000,Belle forme pour celle-ci!
66,2025-08-23,840.00,450.00,378000.0000,Plante un peu croche
337,2025-06-15,613.00,985.00,603805.0000,Super belle plante
1014,2025-06-09,483.00,483.00,233289.0000,Goute très bon
1014,2025-08-20,621.00,123.00,76383.0000,Un chevreuil est passé par là
1014,2025-06-25,926.00,357.00,330582.0000,Belle forme pour celle-ci!
1014,2025-10-14,421.00,35.00,14735.0000,Plante un peu croche
1014,2025-09-15,916.00,78.00,71448.0000,Goute très bon
1051,2025-12-09,849.00,901.00,764949.0000,Belle forme pour celle-ci!
1051,2025-06-17,764.00,99.00,75636.0000,Plante un peu croche
1051,2025-09-08,520.00,974.00,506480.0000,Un chevreuil est passé par là
1051,2025-11-09,583.00,251.00,146333.0000,Goute très bon
1051,2025-07-26,200.00,672.00,134400.0000,Super belle plante
1051,2025-06-16,990.00,621.00,614790.0000,Plante un peu croche
641,2025-06-11,83.00,683.00,56689.0000,Un chevreuil est passé par là
641,2025-10-19,44.00,991.00,43604.0000,Un chevreuil est passé par là
641,2025-12-08,583.00,194.00,113102.0000,Goute très bon
641,2025-08-06,992.00,193.00,191456.0000,Belle forme pour celle-ci!
641,2025-12-11,553.00,781.00,431893.0000,Super belle plante
641,2025-10-22,359.00,958.00,343922.0000,Belle forme pour celle-ci!
612,2025-09-08,883.00,88.00,77704.0000,Plante un peu croche
612,2025-06-24,48.00,459.00,22032.0000,Plante un peu croche
612,2025-06-30,883.00,864.00,762912.0000,Plante un peu croche
612,2025-09-22,980.00,558.00,546840.0000,Goute très bon
1067,2025-11-24,668.00,560.00,374080.0000,Un chevreuil est passé par là
1067,2025-09-25,642.00,72.00,46224.0000,Un chevreuil est passé par là
1067,2025-07-31,103.00,657.00,67671.0000,Super belle plante
372,2025-07-17,141.00,524.00,73884.0000,Super belle plante
276,2025-11-22,443.00,955.00,423065.0000,Un chevreuil est passé par là
276,2025-11-01,675.00,298.00,201150.0000,Plante un peu croche
276,2025-06-26,969.00,655.00,634695.0000,Un chevreuil est passé par là
276,2025-08-06,592.00,202.00,119584.0000,Super belle plante
276,2025-10-11,641.00,241.00,154481.0000,Belle forme pour celle-ci!
1164,2025-12-26,490.00,90.00,44100.0000,Goute très bon
1164,2025-09-30,289.00,538.00,155482.0000,Un chevreuil est passé par là
1164,2025-11-09,554.00,309.00,171186.0000,Plante un peu croche
1164,2025-11-29,739.00,976.00,721264.0000,Plante un peu croche
1164,2025-11-16,305.00,167.00,50935.0000,Un chevreuil est passé par là
1164,2025-10-21,300.00,238.00,71400.0000,Plante un peu croche
1164,2025-07-06,654.00,839.00,548706.0000,Un chevreuil est passé par là
978,2025-12-14,285.00,273.00,77805.0000,Plante un peu croche
978,2025-06-06,222.00,36.00,7992.0000,Plante un peu croche
978,2025-11-16,293.00,233.00,68269.0000,Plante un peu croche
978,2025-12-20,137.00,653.00,89461.0000,Belle forme pour celle-ci!
978,2025-07-08,671.00,273.00,183183.0000,Super belle plante
1002,2025-07-10,319.00,685.00,218515.0000,Belle forme pour celle-ci!
1002,2025-11-19,770.00,831.00,639870.0000,Goute très bon
1002,2025-06-12,978.00,764.00,747192.0000,Super belle plante
1002,2025-07-27,240.00,517.00,124080.0000,Plante un peu croche
1002,2025-12-07,537.00,141.00,75717.0000,Plante un peu croche
528,2025-08-05,336.00,960.00,322560.0000,Un chevreuil est passé par là
528,2025-08-18,938.00,749.00,702562.0000,Belle forme pour celle-ci!
528,2025-09-23,307.00,232.00,71224.0000,Un chevreuil est passé par là
528,2025-06-30,786.00,854.00,671244.0000,Super belle plante
451,2025-09-27,68.00,572.00,38896.0000,Super belle plante
451,2025-09-25,133.00,954.00,126882.0000,Goute très bon
451,2025-07-14,839.00,669.00,561291.0000,Super belle plante
451,2025-11-22,268.00,700.00,187600.0000,Goute très bon
451,2025-09-04,932.00,509.00,474388.0000,Goute très bon
716,2025-09-28,457.00,930.00,425010.0000,Goute très bon
716,2025-07-15,449.00,831.00,373119.0000,Super belle plante
716,2025-09-14,688.00,57.00,39216.0000,Un chevreuil est passé par là
716,2025-10-02,696.00,339.00,235944.0000,Plante un peu croche
716,2025-10-19,56.00,964.00,53984.0000,Plante un peu croche
54,2025-12-25,211.00,541.00,114151.0000,Belle forme pour celle-ci!
54,2025-09-10,181.00,547.00,99007.0000,Super belle plante
54,2025-07-28,554.00,720.00,398880.0000,Belle forme pour celle-ci!
54,2025-12-30,412.00,801.00,330012.0000,Belle forme pour celle-ci!
54,2025-10-23,574.00,303.00,173922.0000,Plante un peu croche
428,2025-12-29,894.00,20.00,17880.0000,Goute très bon
428,2025-06-19,6.00,568.00,3408.0000,Super belle plante
333,2025-10-31,282.00,739.00,208398.0000,Belle forme pour celle-ci!
333,2025-11-17,237.00,380.00,90060.0000,Belle forme pour celle-ci!
806,2025-12-24,2.00,636.00,1272.0000,Super belle plante
806,2025-12-20,376.00,914.00,343664.0000,Goute très bon
806,2025-12-11,263.00,688.00,180944.0000,Un chevreuil est passé par là
704,2025-08-22,564.00,645.00,363780.0000,Super belle plante
704,2025-06-26,659.00,423.00,278757.0000,Goute très bon
704,2025-07-14,907.00,572.00,518804.0000,Super belle plante
704,2025-07-26,700.00,438.00,306600.0000,Super belle plante
704,2025-10-17,315.00,511.00,160965.0000,Super belle plante
704,2025-06-17,321.00,136.00,43656.0000,Goute très bon
705,2025-10-30,879.00,382.00,335778.0000,Plante un peu croche
705,2025-08-03,644.00,791.00,509404.0000,Goute très bon
705,2025-07-13,686.00,692.00,474712.0000,Belle forme pour celle-ci!
705,2025-11-29,983.00,828.00,813924.0000,Un chevreuil est passé par là
705,2025-10-22,78.00,799.00,62322.0000,Belle forme pour celle-ci!
705,2025-10-23,984.00,746.00,734064.0000,Belle forme pour celle-ci!
1022,2025-11-24,693.00,354.00,245322.0000,Plante un peu croche
1022,2025-11-04,264.00,458.00,120912.0000,Super belle plante
1022,2025-10-20,129.00,607.00,78303.0000,Super belle plante
1022,2025-11-15,795.00,289.00,229755.0000,Un chevreuil est passé par là
1022,2025-09-20,51.00,110.00,5610.0000,Belle forme pour celle-ci!
503,2025-07-11,329.00,548.00,180292.0000,Belle forme pour celle-ci!
503,2025-10-23,39.00,79.00,3081.0000,Goute très bon
503,2025-10-06,865.00,446.00,385790.0000,Un chevreuil est passé par là
503,2025-06-26,223.00,315.00,70245.0000,Goute très bon
503,2025-10-04,126.00,215.00,27090.0000,Belle forme pour celle-ci!
503,2025-10-11,668.00,205.00,136940.0000,Belle forme pour celle-ci!
381,2025-12-19,810.00,8.00,6480.0000,Belle forme pour celle-ci!
381,2025-11-11,964.00,264.00,254496.0000,Un chevreuil est passé par là
894,2025-06-10,651.00,892.00,580692.0000,Plante un peu croche
894,2025-08-21,143.00,95.00,13585.0000,Super belle plante
894,2025-12-08,123.00,3.00,369.0000,Plante un peu croche
894,2025-10-27,902.00,906.00,817212.0000,Goute très bon
1110,2025-11-12,644.00,616.00,396704.0000,Super belle plante
747,2025-12-20,576.00,362.00,208512.0000,Belle forme pour celle-ci!
747,2025-12-23,338.00,850.00,287300.0000,Super belle plante
747,2025-07-23,547.00,123.00,67281.0000,Un chevreuil est passé par là
747,2025-08-10,939.00,502.00,471378.0000,Goute très bon
374,2025-08-07,754.00,916.00,690664.0000,Plante un peu croche
374,2025-07-23,467.00,573.00,267591.0000,Belle forme pour celle-ci!
374,2025-07-18,573.00,252.00,144396.0000,Goute très bon
374,2025-06-15,674.00,206.00,138844.0000,Plante un peu croche
1190,2025-10-30,618.00,269.00,166242.0000,Plante un peu croche
1190,2025-09-21,170.00,217.00,36890.0000,Un chevreuil est passé par là
1190,2025-07-24,26.00,861.00,22386.0000,Super belle plante
1190,2025-12-03,579.00,722.00,418038.0000,Un chevreuil est passé par là
1190,2025-06-27,855.00,4.00,3420.0000,Un chevreuil est passé par là
332,2025-11-04,47.00,224.00,10528.0000,Goute très bon
332,2025-09-21,757.00,27.00,20439.0000,Plante un peu croche
332,2025-08-25,411.00,710.00,291810.0000,Goute très bon
332,2025-08-17,279.00,537.00,149823.0000,Plante un peu croche
332,2025-09-27,876.00,636.00,557136.0000,Belle forme pour celle-ci!
856,2025-09-16,516.00,136.00,70176.0000,Belle forme pour celle-ci!
856,2025-09-11,450.00,523.00,235350.0000,Un chevreuil est passé par là
856,2025-06-04,532.00,743.00,395276.0000,Super belle plante
1138,2025-06-26,479.00,438.00,209802.0000,Plante un peu croche
1138,2025-10-10,642.00,873.00,560466.0000,Belle forme pour celle-ci!
1138,2025-10-23,776.00,446.00,346096.0000,Un chevreuil est passé par là
1138,2025-12-26,975.00,970.00,945750.0000,Super belle plante
1138,2025-11-08,526.00,688.00,361888.0000,Belle forme pour celle-ci!
98,2025-07-26,532.00,424.00,225568.0000,Plante un peu croche
98,2025-09-30,971.00,581.00,564151.0000,Super belle plante
98,2025-06-04,445.00,24.00,10680.0000,Belle forme pour celle-ci!
98,2025-08-07,751.00,807.00,606057.0000,Belle forme pour celle-ci!
98,2025-06-28,266.00,717.00,190722.0000,Un chevreuil est passé par là
98,2025-08-28,306.00,377.00,115362.0000,Belle forme pour celle-ci!
446,2025-11-21,886.00,915.00,810690.0000,Goute très bon
446,2025-08-28,9.00,853.00,7677.0000,Plante un peu croche
1013,2025-07-19,703.00,730.00,513190.0000,Belle forme pour celle-ci!
1013,2025-10-30,966.00,996.00,962136.0000,Super belle plante
1013,2025-11-03,659.00,541.00,356519.0000,Un chevreuil est passé par là
1013,2025-10-21,611.00,907.00,554177.0000,Plante un peu croche
1013,2025-11-28,913.00,918.00,838134.0000,Plante un peu croche
1013,2025-08-07,136.00,354.00,48144.0000,Super belle plante
281,2025-07-17,419.00,295.00,123605.0000,Goute très bon
281,2025-08-20,520.00,973.00,505960.0000,Super belle plante
281,2025-09-09,204.00,479.00,97716.0000,Belle forme pour celle-ci!
281,2025-09-29,56.00,184.00,10304.0000,Super belle plante
281,2025-11-14,529.00,245.00,129605.0000,Plante un peu croche
281,2025-07-16,130.00,548.00,71240.0000,Belle forme pour celle-ci!
100,2025-09-11,32.00,247.00,7904.0000,Belle forme pour celle-ci!
100,2025-08-26,159.00,798.00,126882.0000,Super belle plante
100,2025-07-23,289.00,239.00,69071.0000,Goute très bon
1011,2025-07-23,342.00,908.00,310536.0000,Goute très bon
1011,2025-10-22,110.00,999.00,109890.0000,Goute très bon
1011,2025-07-08,46.00,344.00,15824.0000,Plante un peu croche
259,2025-06-19,609.00,33.00,20097.0000,Un chevreuil est passé par là
259,2025-06-05,72.00,899.00,64728.0000,Un chevreuil est passé par là
153,2025-07-04,827.00,144.00,119088.0000,Un chevreuil est passé par là
153,2025-09-03,46.00,428.00,19688.0000,Un chevreuil est passé par là
153,2025-08-19,764.00,936.00,715104.0000,Plante un peu croche
153,2025-09-27,381.00,655.00,249555.0000,Goute très bon
153,2025-11-18,785.00,286.00,224510.0000,Un chevreuil est passé par là
153,2025-08-31,71.00,828.00,58788.0000,Super belle plante
105,2025-10-21,600.00,972.00,583200.0000,Goute très bon
105,2025-11-08,442.00,507.00,224094.0000,Plante un peu croche
105,2025-07-15,865.00,408.00,352920.0000,Un chevreuil est passé par là
105,2025-06-22,622.00,358.00,222676.0000,Belle forme pour celle-ci!
105,2025-10-15,866.00,90.00,77940.0000,Un chevreuil est passé par là
105,2025-11-22,29.00,174.00,5046.0000,Super belle plante
174,2025-09-06,73.00,849.00,61977.0000,Un chevreuil est passé par là
782,2025-09-19,333.00,695.00,231435.0000,Plante un peu croche
782,2025-10-30,361.00,154.00,55594.0000,Super belle plante
1154,2025-10-22,562.00,737.00,414194.0000,Super belle plante
1154,2025-07-19,556.00,875.00,486500.0000,Super belle plante
1154,2025-08-03,891.00,407.00,362637.0000,Super belle plante
1154,2025-10-30,349.00,943.00,329107.0000,Plante un peu croche
1170,2025-06-04,206.00,558.00,114948.0000,Goute très bon
1035,2025-11-20,462.00,395.00,182490.0000,Un chevreuil est passé par là
1035,2025-07-31,772.00,352.00,271744.0000,Goute très bon
1116,2025-10-11,772.00,361.00,278692.0000,Un chevreuil est passé par là
1116,2025-11-17,228.00,423.00,96444.0000,Un chevreuil est passé par là
576,2025-12-24,226.00,924.00,208824.0000,Un chevreuil est passé par là
576,2025-10-20,762.00,315.00,240030.0000,Super belle plante
576,2025-09-30,882.00,934.00,823788.0000,Un chevreuil est passé par là
576,2025-10-25,833.00,363.00,302379.0000,Goute très bon
576,2025-07-14,676.00,205.00,138580.0000,Super belle plante
576,2025-08-21,187.00,825.00,154275.0000,Plante un peu croche
576,2025-08-03,619.00,616.00,381304.0000,Super belle plante
990,2025-12-01,385.00,128.00,49280.0000,Goute très bon
990,2025-11-28,154.00,895.00,137830.0000,Super belle plante
990,2025-06-16,372.00,668.00,248496.0000,Goute très bon
990,2025-12-04,480.00,391.00,187680.0000,Un chevreuil est passé par là
990,2025-07-15,99.00,672.00,66528.0000,Un chevreuil est passé par là
929,2025-07-21,283.00,300.00,84900.0000,Goute très bon
929,2025-09-02,16.00,333.00,5328.0000,Goute très bon
929,2025-09-10,844.00,671.00,566324.0000,Super belle plante
929,2025-09-30,343.00,758.00,259994.0000,Goute très bon
929,2025-06-13,284.00,541.00,153644.0000,Un chevreuil est passé par là
929,2025-11-11,430.00,540.00,232200.0000,Un chevreuil est passé par là
929,2025-07-31,627.00,603.00,378081.0000,Plante un peu croche
880,2025-07-07,444.00,988.00,438672.0000,Super belle plante
880,2025-12-04,123.00,637.00,78351.0000,Belle forme pour celle-ci!
880,2025-09-29,750.00,263.00,197250.0000,Belle forme pour celle-ci!
880,2025-08-04,688.00,448.00,308224.0000,Belle forme pour celle-ci!
880,2025-09-11,998.00,386.00,385228.0000,Goute très bon
880,2025-09-09,47.00,653.00,30691.0000,Plante un peu croche
32,2025-07-23,643.00,20.00,12860.0000,Belle forme pour celle-ci!
32,2025-08-10,34.00,141.00,4794.0000,Plante un peu croche
32,2025-11-30,389.00,375.00,145875.0000,Belle forme pour celle-ci!
194,2025-10-20,957.00,41.00,39237.0000,Un chevreuil est passé par là
794,2025-12-22,391.00,356.00,139196.0000,Super belle plante
794,2025-11-28,767.00,567.00,434889.0000,Super belle plante
555,2025-09-30,532.00,106.00,56392.0000,Belle forme pour celle-ci!
555,2025-12-16,766.00,831.00,636546.0000,Plante un peu croche
555,2025-09-21,380.00,995.00,378100.0000,Plante un peu croche
555,2025-12-26,16.00,791.00,12656.0000,Plante un peu croche
555,2025-07-31,687.00,243.00,166941.0000,Un chevreuil est passé par là
283,2025-07-27,789.00,371.00,292719.0000,Belle forme pour celle-ci!
283,2025-06-18,553.00,489.00,270417.0000,Goute très bon
283,2025-12-06,320.00,669.00,214080.0000,Belle forme pour celle-ci!
283,2025-12-10,972.00,152.00,147744.0000,Belle forme pour celle-ci!
283,2025-08-31,272.00,492.00,133824.0000,Plante un peu croche
283,2025-11-04,274.00,707.00,193718.0000,Goute très bon
283,2025-11-29,156.00,983.00,153348.0000,Super belle plante
998,2025-06-04,370.00,114.00,42180.0000,Belle forme pour celle-ci!
998,2025-07-24,527.00,201.00,105927.0000,Plante un peu croche
998,2025-09-26,666.00,215.00,143190.0000,Super belle plante
998,2025-07-25,654.00,934.00,610836.0000,Super belle plante
998,2025-10-16,518.00,646.00,334628.0000,Super belle plante
467,2025-08-23,288.00,497.00,143136.0000,Un chevreuil est passé par là
467,2025-12-22,411.00,962.00,395382.0000,Goute très bon
467,2025-12-20,885.00,341.00,301785.0000,Plante un peu croche
467,2025-11-19,577.00,919.00,530263.0000,Goute très bon
17,2025-07-03,760.00,667.00,506920.0000,Plante un peu croche
17,2025-09-08,920.00,836.00,769120.0000,Goute très bon
17,2025-09-06,928.00,917.00,850976.0000,Super belle plante
17,2025-08-12,115.00,630.00,72450.0000,Super belle plante
897,2025-09-25,817.00,767.00,626639.0000,Un chevreuil est passé par là
1136,2025-08-31,267.00,195.00,52065.0000,Un chevreuil est passé par là
1136,2025-09-19,641.00,708.00,453828.0000,Belle forme pour celle-ci!
1136,2025-09-15,89.00,244.00,21716.0000,Plante un peu croche
1136,2025-07-28,518.00,614.00,318052.0000,Goute très bon
1136,2025-07-10,7.00,221.00,1547.0000,Plante un peu croche
681,2025-11-09,776.00,995.00,772120.0000,Super belle plante
681,2025-06-18,23.00,665.00,15295.0000,Goute très bon
681,2025-10-08,365.00,846.00,308790.0000,Un chevreuil est passé par là
681,2025-11-27,452.00,762.00,344424.0000,Un chevreuil est passé par là
681,2025-09-02,50.00,125.00,6250.0000,Un chevreuil est passé par là
681,2025-08-26,27.00,549.00,14823.0000,Un chevreuil est passé par là
1058,2025-11-01,283.00,567.00,160461.0000,Goute très bon
1058,2025-08-19,928.00,508.00,471424.0000,Belle forme pour celle-ci!
1058,2025-09-13,513.00,375.00,192375.0000,Un chevreuil est passé par là
1058,2025-07-14,584.00,438.00,255792.0000,Un chevreuil est passé par là
1058,2025-10-03,948.00,218.00,206664.0000,Belle forme pour celle-ci!
1058,2025-07-30,986.00,149.00,146914.0000,Goute très bon
1091,2025-11-29,108.00,426.00,46008.0000,Goute très bon
1091,2025-07-27,670.00,510.00,341700.0000,Belle forme pour celle-ci!
1091,2025-11-06,904.00,627.00,566808.0000,Super belle plante
1091,2025-06-22,835.00,60.00,50100.0000,Super belle plante
879,2025-08-08,971.00,272.00,264112.0000,Un chevreuil est passé par là
879,2025-09-02,642.00,469.00,301098.0000,Plante un peu croche
879,2025-12-24,762.00,215.00,163830.0000,Super belle plante
879,2025-08-03,815.00,651.00,530565.0000,Goute très bon
879,2025-11-22,616.00,732.00,450912.0000,Goute très bon
437,2025-09-06,261.00,766.00,199926.0000,Plante un peu croche
437,2025-08-19,216.00,554.00,119664.0000,Plante un peu croche
437,2025-12-27,127.00,648.00,82296.0000,Super belle plante
437,2025-07-03,235.00,813.00,191055.0000,Goute très bon
437,2025-08-30,370.00,246.00,91020.0000,Super belle plante
437,2025-06-23,322.00,249.00,80178.0000,Plante un peu croche
116,2025-10-07,857.00,66.00,56562.0000,Super belle plante
116,2025-08-11,326.00,850.00,277100.0000,Super belle plante
116,2025-10-12,870.00,611.00,531570.0000,Un chevreuil est passé par là
116,2025-11-02,993.00,178.00,176754.0000,Un chevreuil est passé par là
596,2025-07-27,781.00,346.00,270226.0000,Belle forme pour celle-ci!
596,2025-08-25,117.00,26.00,3042.0000,Super belle plante
596,2025-07-28,255.00,86.00,21930.0000,Super belle plante
596,2025-11-29,754.00,709.00,534586.0000,Plante un peu croche
596,2025-12-20,643.00,498.00,320214.0000,Goute très bon
596,2025-09-09,250.00,581.00,145250.0000,Super belle plante
596,2025-08-18,901.00,30.00,27030.0000,Belle forme pour celle-ci!
322,2025-11-25,221.00,548.00,121108.0000,Belle forme pour celle-ci!
322,2025-07-27,626.00,196.00,122696.0000,Plante un peu croche
322,2025-10-10,69.00,557.00,38433.0000,Plante un peu croche
322,2025-12-01,252.00,419.00,105588.0000,Belle forme pour celle-ci!
187,2025-06-26,726.00,930.00,675180.0000,Un chevreuil est passé par là
1025,2025-12-11,870.00,265.00,230550.0000,Belle forme pour celle-ci!
1025,2025-12-24,913.00,14.00,12782.0000,Belle forme pour celle-ci!
783,2025-11-10,34.00,987.00,33558.0000,Plante un peu croche
823,2025-11-29,960.00,376.00,360960.0000,Plante un peu croche
117,2025-10-03,834.00,833.00,694722.0000,Super belle plante
117,2025-07-23,338.00,908.00,306904.0000,Un chevreuil est passé par là
117,2025-10-04,806.00,509.00,410254.0000,Un chevreuil est passé par là
117,2025-11-30,265.00,48.00,12720.0000,Goute très bon
117,2025-07-09,404.00,313.00,126452.0000,Super belle plante
117,2025-12-05,166.00,916.00,152056.0000,Un chevreuil est passé par là
734,2025-07-30,42.00,910.00,38220.0000,Goute très bon
734,2025-10-27,148.00,556.00,82288.0000,Un chevreuil est passé par là
734,2025-11-28,420.00,676.00,283920.0000,Plante un peu croche
734,2025-08-31,245.00,684.00,167580.0000,Super belle plante
734,2025-06-08,242.00,894.00,216348.0000,Un chevreuil est passé par là
734,2025-11-06,95.00,282.00,26790.0000,Plante un peu croche
734,2025-06-22,114.00,628.00,71592.0000,Belle forme pour celle-ci!
1039,2025-08-20,727.00,440.00,319880.0000,Goute très bon
1039,2025-09-05,656.00,160.00,104960.0000,Super belle plante
780,2025-11-27,583.00,138.00,80454.0000,Plante un peu croche
780,2025-11-01,139.00,881.00,122459.0000,Belle forme pour celle-ci!
780,2025-09-05,622.00,928.00,577216.0000,Goute très bon
780,2025-12-13,294.00,426.00,125244.0000,Un chevreuil est passé par là
780,2025-09-01,614.00,855.00,524970.0000,Super belle plante
780,2025-07-24,521.00,717.00,373557.0000,Super belle plante
780,2025-11-30,83.00,968.00,80344.0000,Super belle plante
1103,2025-09-18,942.00,200.00,188400.0000,Belle forme pour celle-ci!
1103,2025-06-25,400.00,195.00,78000.0000,Super belle plante
1103,2025-10-04,235.00,425.00,99875.0000,Plante un peu croche
1103,2025-12-22,155.00,287.00,44485.0000,Un chevreuil est passé par là
1103,2025-11-07,931.00,571.00,531601.0000,Goute très bon
1103,2025-08-19,225.00,306.00,68850.0000,Super belle plante
1103,2025-10-31,750.00,574.00,430500.0000,Plante un peu croche
481,2025-10-02,774.00,779.00,602946.0000,Goute très bon
481,2025-11-26,468.00,33.00,15444.0000,Goute très bon
481,2025-09-17,302.00,149.00,44998.0000,Plante un peu croche
800,2025-11-07,634.00,819.00,519246.0000,Belle forme pour celle-ci!
800,2025-11-29,100.00,317.00,31700.0000,Belle forme pour celle-ci!
800,2025-06-14,637.00,136.00,86632.0000,Un chevreuil est passé par là
800,2025-07-24,799.00,450.00,359550.0000,Goute très bon
800,2025-10-16,552.00,913.00,503976.0000,Goute très bon
800,2025-11-09,450.00,21.00,9450.0000,Un chevreuil est passé par là
210,2025-12-17,584.00,917.00,535528.0000,Super belle plante
210,2025-07-16,858.00,165.00,141570.0000,Belle forme pour celle-ci!
210,2025-12-29,176.00,194.00,34144.0000,Belle forme pour celle-ci!
210,2025-08-09,389.00,504.00,196056.0000,Goute très bon
664,2025-06-21,130.00,397.00,51610.0000,Un chevreuil est passé par là
664,2025-12-04,501.00,773.00,387273.0000,Un chevreuil est passé par là
664,2025-12-03,977.00,999.00,976023.0000,Un chevreuil est passé par là
664,2025-06-16,766.00,836.00,640376.0000,Belle forme pour celle-ci!
664,2025-09-22,541.00,768.00,415488.0000,Belle forme pour celle-ci!
664,2025-07-09,720.00,81.00,58320.0000,Goute très bon
432,2025-11-09,503.00,908.00,456724.0000,Un chevreuil est passé par là
432,2025-10-01,857.00,649.00,556193.0000,Super belle plante
432,2025-09-16,341.00,154.00,52514.0000,Un chevreuil est passé par là
432,2025-12-15,670.00,853.00,571510.0000,Super belle plante
432,2025-08-01,802.00,32.00,25664.0000,Plante un peu croche
432,2025-11-12,961.00,900.00,864900.0000,Goute très bon
353,2025-07-09,998.00,112.00,111776.0000,Belle forme pour celle-ci!
353,2025-07-27,700.00,246.00,172200.0000,Goute très bon
353,2025-10-26,317.00,681.00,215877.0000,Super belle plante
597,2025-06-21,112.00,975.00,109200.0000,Plante un peu croche
597,2025-07-01,569.00,34.00,19346.0000,Belle forme pour celle-ci!
597,2025-10-11,916.00,475.00,435100.0000,Plante un peu croche
597,2025-07-08,646.00,395.00,255170.0000,Super belle plante
597,2025-08-16,604.00,133.00,80332.0000,Plante un peu croche
597,2025-06-14,18.00,931.00,16758.0000,Un chevreuil est passé par là
772,2025-10-17,877.00,729.00,639333.0000,Goute très bon
772,2025-08-04,723.00,444.00,321012.0000,Super belle plante
772,2025-11-19,54.00,872.00,47088.0000,Goute très bon
772,2025-10-20,794.00,285.00,226290.0000,Goute très bon
1162,2025-06-17,129.00,469.00,60501.0000,Un chevreuil est passé par là
1162,2025-11-02,514.00,235.00,120790.0000,Super belle plante
1162,2025-06-28,126.00,42.00,5292.0000,Un chevreuil est passé par là
293,2025-12-18,734.00,196.00,143864.0000,Belle forme pour celle-ci!
293,2025-10-09,14.00,390.00,5460.0000,Belle forme pour celle-ci!
293,2025-07-24,67.00,922.00,61774.0000,Plante un peu croche
293,2025-07-21,811.00,898.00,728278.0000,Super belle plante
921,2025-09-16,531.00,666.00,353646.0000,Un chevreuil est passé par là
921,2025-12-23,949.00,899.00,853151.0000,Super belle plante
921,2025-06-19,957.00,2.00,1914.0000,Plante un peu croche
867,2025-10-27,154.00,179.00,27566.0000,Goute très bon
867,2025-09-15,166.00,625.00,103750.0000,Goute très bon
867,2025-06-04,199.00,750.00,149250.0000,Super belle plante
534,2025-07-02,276.00,101.00,27876.0000,Plante un peu croche
534,2025-10-14,748.00,604.00,451792.0000,Goute très bon
534,2025-07-31,74.00,249.00,18426.0000,Plante un peu croche
534,2025-11-28,948.00,736.00,697728.0000,Super belle plante
1128,2025-11-08,833.00,633.00,527289.0000,Goute très bon
1128,2025-11-12,251.00,606.00,152106.0000,Un chevreuil est passé par là
1128,2025-09-23,882.00,37.00,32634.0000,Plante un peu croche
395,2025-06-03,344.00,150.00,51600.0000,Super belle plante
395,2025-07-09,180.00,828.00,149040.0000,Goute très bon
395,2025-10-12,892.00,898.00,801016.0000,Plante un peu croche
395,2025-08-26,252.00,910.00,229320.0000,Plante un peu croche
1109,2025-07-25,935.00,635.00,593725.0000,Un chevreuil est passé par là
1109,2025-12-30,977.00,73.00,71321.0000,Plante un peu croche
1109,2025-10-01,14.00,478.00,6692.0000,Super belle plante
1109,2025-11-16,914.00,979.00,894806.0000,Super belle plante
1109,2025-09-10,32.00,25.00,800.0000,Un chevreuil est passé par là
864,2025-07-03,341.00,331.00,112871.0000,Plante un peu croche
864,2025-10-11,760.00,141.00,107160.0000,Plante un peu croche
864,2025-10-06,426.00,405.00,172530.0000,Plante un peu croche
864,2025-11-02,899.00,22.00,19778.0000,Super belle plante
1148,2025-09-12,300.00,93.00,27900.0000,Super belle plante
1090,2025-07-12,822.00,585.00,480870.0000,Un chevreuil est passé par là
1090,2025-10-11,496.00,226.00,112096.0000,Super belle plante
1090,2025-08-30,610.00,258.00,157380.0000,Plante un peu croche
1090,2025-06-26,95.00,875.00,83125.0000,Un chevreuil est passé par là
1090,2025-11-20,190.00,843.00,160170.0000,Goute très bon
1048,2025-07-11,304.00,191.00,58064.0000,Super belle plante
975,2025-11-22,212.00,909.00,192708.0000,Un chevreuil est passé par là
975,2025-06-16,112.00,562.00,62944.0000,Super belle plante
975,2025-07-12,767.00,701.00,537667.0000,Super belle plante
975,2025-09-22,350.00,883.00,309050.0000,Un chevreuil est passé par là
975,2025-08-07,527.00,753.00,396831.0000,Goute très bon
975,2025-06-22,884.00,36.00,31824.0000,Plante un peu croche
975,2025-10-11,735.00,950.00,698250.0000,Goute très bon
524,2025-08-03,885.00,17.00,15045.0000,Goute très bon
524,2025-10-18,54.00,844.00,45576.0000,Super belle plante
524,2025-12-05,954.00,802.00,765108.0000,Goute très bon
215,2025-08-14,191.00,771.00,147261.0000,Goute très bon
215,2025-09-16,365.00,630.00,229950.0000,Un chevreuil est passé par là
662,2025-06-25,971.00,25.00,24275.0000,Belle forme pour celle-ci!
662,2025-09-12,857.00,995.00,852715.0000,Plante un peu croche
662,2025-11-29,763.00,485.00,370055.0000,Super belle plante
662,2025-08-22,396.00,370.00,146520.0000,Un chevreuil est passé par là
292,2025-09-29,486.00,547.00,265842.0000,Goute très bon
309,2025-08-06,209.00,195.00,40755.0000,Plante un peu croche
309,2025-08-15,399.00,562.00,224238.0000,Belle forme pour celle-ci!
309,2025-06-22,819.00,472.00,386568.0000,Goute très bon
590,2025-07-24,686.00,220.00,150920.0000,Plante un peu croche
57,2025-09-21,331.00,601.00,198931.0000,Goute très bon
315,2025-11-18,204.00,73.00,14892.0000,Goute très bon
315,2025-10-30,397.00,520.00,206440.0000,Goute très bon
493,2025-11-16,170.00,205.00,34850.0000,Plante un peu croche
667,2025-11-17,196.00,912.00,178752.0000,Super belle plante
656,2025-06-23,906.00,319.00,289014.0000,Goute très bon
656,2025-08-24,184.00,543.00,99912.0000,Plante un peu croche
778,2025-11-24,365.00,271.00,98915.0000,Goute très bon
778,2025-09-15,484.00,909.00,439956.0000,Goute très bon
24,2025-08-26,65.00,786.00,51090.0000,Goute très bon
24,2025-09-03,859.00,661.00,567799.0000,Un chevreuil est passé par là
24,2025-09-14,346.00,948.00,328008.0000,Belle forme pour celle-ci!
24,2025-11-23,607.00,377.00,228839.0000,Un chevreuil est passé par là
24,2025-06-01,977.00,315.00,307755.0000,Belle forme pour celle-ci!
736,2025-07-14,528.00,598.00,315744.0000,Goute très bon
736,2025-10-09,944.00,181.00,170864.0000,Super belle plante
736,2025-07-28,120.00,590.00,70800.0000,Belle forme pour celle-ci!
736,2025-09-17,935.00,679.00,634865.0000,Un chevreuil est passé par là
736,2025-06-11,825.00,584.00,481800.0000,Belle forme pour celle-ci!
736,2025-12-05,10.00,115.00,1150.0000,Super belle plante
736,2025-10-04,601.00,927.00,557127.0000,Super belle plante
882,2025-07-06,999.00,863.00,862137.0000,Belle forme pour celle-ci!
882,2025-08-11,206.00,218.00,44908.0000,Belle forme pour celle-ci!
882,2025-06-15,716.00,786.00,562776.0000,Un chevreuil est passé par là
987,2025-11-19,682.00,979.00,667678.0000,Belle forme pour celle-ci!
987,2025-07-13,130.00,925.00,120250.0000,Plante un peu croche
987,2025-08-21,199.00,216.00,42984.0000,Plante un peu croche
987,2025-12-18,702.00,621.00,435942.0000,Super belle plante
987,2025-11-12,473.00,928.00,438944.0000,Un chevreuil est passé par là
987,2025-10-07,55.00,783.00,43065.0000,Un chevreuil est passé par là
987,2025-12-22,732.00,10.00,7320.0000,Belle forme pour celle-ci!
710,2025-12-09,132.00,342.00,45144.0000,Goute très bon
710,2025-07-09,558.00,385.00,214830.0000,Super belle plante
710,2025-06-13,644.00,124.00,79856.0000,Goute très bon
710,2025-07-02,816.00,482.00,393312.0000,Super belle plante
845,2025-12-09,856.00,733.00,627448.0000,Goute très bon
845,2025-08-28,4.00,787.00,3148.0000,Super belle plante
845,2025-08-09,310.00,994.00,308140.0000,Belle forme pour celle-ci!
845,2025-08-25,135.00,958.00,129330.0000,Belle forme pour celle-ci!
331,2025-07-30,978.00,893.00,873354.0000,Goute très bon
331,2025-08-13,169.00,191.00,32279.0000,Belle forme pour celle-ci!
331,2025-08-01,2.00,90.00,180.0000,Goute très bon
331,2025-09-21,476.00,812.00,386512.0000,Plante un peu croche
331,2025-11-05,657.00,462.00,303534.0000,Plante un peu croche
1059,2025-06-09,718.00,328.00,235504.0000,Goute très bon
1059,2025-11-17,967.00,4.00,3868.0000,Un chevreuil est passé par là
1059,2025-10-29,385.00,19.00,7315.0000,Goute très bon
1059,2025-12-26,148.00,815.00,120620.0000,Belle forme pour celle-ci!
1059,2025-06-13,922.00,203.00,187166.0000,Belle forme pour celle-ci!
339,2025-08-23,393.00,985.00,387105.0000,Un chevreuil est passé par là
339,2025-10-18,253.00,449.00,113597.0000,Plante un peu croche
339,2025-06-06,219.00,170.00,37230.0000,Plante un peu croche
339,2025-09-21,64.00,112.00,7168.0000,Goute très bon
339,2025-08-29,860.00,78.00,67080.0000,Plante un peu croche
339,2025-08-13,411.00,104.00,42744.0000,Goute très bon
339,2025-11-02,800.00,481.00,384800.0000,Belle forme pour celle-ci!
753,2025-12-06,764.00,942.00,719688.0000,Plante un peu croche
575,2025-08-07,457.00,388.00,177316.0000,Plante un peu croche
575,2025-06-22,94.00,437.00,41078.0000,Goute très bon
575,2025-08-21,297.00,724.00,215028.0000,Goute très bon
575,2025-11-07,936.00,518.00,484848.0000,Un chevreuil est passé par là
575,2025-06-14,994.00,833.00,828002.0000,Super belle plante
899,2025-07-02,706.00,417.00,294402.0000,Super belle plante
899,2025-08-01,709.00,201.00,142509.0000,Super belle plante
899,2025-08-13,637.00,460.00,293020.0000,Plante un peu croche
899,2025-08-20,970.00,448.00,434560.0000,Goute très bon
969,2025-08-25,227.00,418.00,94886.0000,Belle forme pour celle-ci!
969,2025-11-27,952.00,662.00,630224.0000,Plante un peu croche
580,2025-08-04,605.00,219.00,132495.0000,Goute très bon
580,2025-08-01,277.00,851.00,235727.0000,Super belle plante
580,2025-07-03,137.00,178.00,24386.0000,Plante un peu croche
580,2025-11-13,870.00,571.00,496770.0000,Super belle plante
580,2025-06-28,753.00,213.00,160389.0000,Goute très bon
540,2025-09-30,152.00,582.00,88464.0000,Un chevreuil est passé par là
540,2025-06-13,115.00,476.00,54740.0000,Super belle plante
958,2025-11-22,533.00,243.00,129519.0000,Un chevreuil est passé par là
919,2025-10-13,431.00,192.00,82752.0000,Plante un peu croche
919,2025-10-06,72.00,789.00,56808.0000,Belle forme pour celle-ci!
919,2025-10-11,804.00,237.00,190548.0000,Goute très bon
919,2025-07-10,636.00,663.00,421668.0000,Plante un peu croche
919,2025-08-04,437.00,604.00,263948.0000,Goute très bon
572,2025-08-03,182.00,859.00,156338.0000,Un chevreuil est passé par là
572,2025-12-21,45.00,704.00,31680.0000,Plante un peu croche
572,2025-12-09,82.00,50.00,4100.0000,Plante un peu croche
572,2025-10-21,929.00,20.00,18580.0000,Belle forme pour celle-ci!
572,2025-07-30,189.00,838.00,158382.0000,Belle forme pour celle-ci!
229,2025-11-14,246.00,573.00,140958.0000,Un chevreuil est passé par là
229,2025-07-07,516.00,743.00,383388.0000,Goute très bon
229,2025-07-19,837.00,807.00,675459.0000,Belle forme pour celle-ci!
163,2025-09-22,78.00,704.00,54912.0000,Plante un peu croche
163,2025-09-13,126.00,857.00,107982.0000,Plante un peu croche
163,2025-12-03,785.00,675.00,529875.0000,Goute très bon
163,2025-12-26,519.00,203.00,105357.0000,Belle forme pour celle-ci!
163,2025-06-11,368.00,702.00,258336.0000,Belle forme pour celle-ci!
163,2025-06-08,52.00,151.00,7852.0000,Plante un peu croche
1156,2025-10-31,176.00,989.00,174064.0000,Plante un peu croche
1156,2025-11-28,683.00,308.00,210364.0000,Un chevreuil est passé par là
1156,2025-10-01,182.00,152.00,27664.0000,Plante un peu croche
1156,2025-10-26,233.00,341.00,79453.0000,Belle forme pour celle-ci!
995,2025-09-28,119.00,83.00,9877.0000,Un chevreuil est passé par là
995,2025-07-22,243.00,531.00,129033.0000,Super belle plante
995,2025-10-09,669.00,585.00,391365.0000,Plante un peu croche
995,2025-11-18,723.00,540.00,390420.0000,Un chevreuil est passé par là
810,2025-10-15,622.00,316.00,196552.0000,Goute très bon
810,2025-10-04,325.00,297.00,96525.0000,Plante un peu croche
810,2025-12-04,274.00,919.00,251806.0000,Goute très bon
810,2025-07-02,261.00,109.00,28449.0000,Goute très bon
810,2025-07-12,249.00,9.00,2241.0000,Plante un peu croche
1132,2025-12-05,470.00,348.00,163560.0000,Plante un peu croche
131,2025-12-15,535.00,34.00,18190.0000,Plante un peu croche
131,2025-12-13,337.00,671.00,226127.0000,Un chevreuil est passé par là
131,2025-11-09,25.00,526.00,13150.0000,Un chevreuil est passé par là
131,2025-08-04,896.00,417.00,373632.0000,Un chevreuil est passé par là
686,2025-06-04,581.00,434.00,252154.0000,Goute très bon
686,2025-10-18,558.00,642.00,358236.0000,Plante un peu croche
846,2025-09-30,525.00,981.00,515025.0000,Belle forme pour celle-ci!
846,2025-08-26,55.00,927.00,50985.0000,Un chevreuil est passé par là
846,2025-10-20,563.00,557.00,313591.0000,Plante un peu croche
846,2025-10-18,731.00,840.00,614040.0000,Plante un peu croche
1123,2025-07-03,571.00,479.00,273509.0000,Super belle plante
1123,2025-12-08,665.00,48.00,31920.0000,Goute très bon
1123,2025-08-01,194.00,985.00,191090.0000,Un chevreuil est passé par là
1123,2025-06-13,48.00,613.00,29424.0000,Goute très bon
1123,2025-08-06,982.00,379.00,372178.0000,Belle forme pour celle-ci!
1123,2025-10-14,138.00,356.00,49128.0000,Un chevreuil est passé par là
1123,2025-09-03,406.00,496.00,201376.0000,Belle forme pour celle-ci!
453,2025-11-13,25.00,935.00,23375.0000,Goute très bon
453,2025-06-23,829.00,456.00,378024.0000,Plante un peu croche
453,2025-12-25,512.00,240.00,122880.0000,Super belle plante
453,2025-11-04,512.00,125.00,64000.0000,Belle forme pour celle-ci!
453,2025-10-27,761.00,460.00,350060.0000,Plante un peu croche
453,2025-10-01,946.00,830.00,785180.0000,Goute très bon
526,2025-07-07,856.00,595.00,509320.0000,Belle forme pour celle-ci!
526,2025-07-28,248.00,424.00,105152.0000,Belle forme pour celle-ci!
526,2025-09-26,528.00,278.00,146784.0000,Plante un peu croche
526,2025-07-15,834.00,581.00,484554.0000,Belle forme pour celle-ci!
526,2025-06-05,244.00,634.00,154696.0000,Plante un peu croche
526,2025-06-23,753.00,495.00,372735.0000,Plante un peu croche
762,2025-09-29,307.00,981.00,301167.0000,Plante un peu croche
762,2025-09-08,112.00,40.00,4480.0000,Goute très bon
762,2025-10-09,287.00,99.00,28413.0000,Plante un peu croche
938,2025-11-06,511.00,853.00,435883.0000,Un chevreuil est passé par là
1026,2025-09-24,534.00,525.00,280350.0000,Belle forme pour celle-ci!
1026,2025-11-24,775.00,526.00,407650.0000,Un chevreuil est passé par là
1026,2025-10-10,102.00,185.00,18870.0000,Goute très bon
1026,2025-11-17,68.00,792.00,53856.0000,Belle forme pour celle-ci!
1026,2025-11-12,240.00,837.00,200880.0000,Plante un peu croche
1026,2025-11-01,96.00,194.00,18624.0000,Belle forme pour celle-ci!
419,2025-08-19,628.00,204.00,128112.0000,Super belle plante
218,2025-09-09,656.00,51.00,33456.0000,Super belle plante
218,2025-11-30,433.00,941.00,407453.0000,Un chevreuil est passé par là
218,2025-12-21,824.00,500.00,412000.0000,Belle forme pour celle-ci!
907,2025-06-06,224.00,433.00,96992.0000,Goute très bon
907,2025-06-17,573.00,207.00,118611.0000,Plante un peu croche
907,2025-10-01,536.00,331.00,177416.0000,Goute très bon
1070,2025-09-15,811.00,582.00,472002.0000,Belle forme pour celle-ci!
1070,2025-07-06,265.00,38.00,10070.0000,Plante un peu croche
1070,2025-11-27,300.00,63.00,18900.0000,Plante un peu croche
1070,2025-08-06,92.00,99.00,9108.0000,Super belle plante
1070,2025-08-16,925.00,257.00,237725.0000,Plante un peu croche
1019,2025-12-19,398.00,613.00,243974.0000,Plante un peu croche
1019,2025-08-24,72.00,973.00,70056.0000,Un chevreuil est passé par là
1019,2025-12-07,582.00,537.00,312534.0000,Un chevreuil est passé par là
1019,2025-09-26,853.00,487.00,415411.0000,Super belle plante
240,2025-07-18,800.00,682.00,545600.0000,Plante un peu croche
240,2025-07-21,638.00,279.00,178002.0000,Plante un peu croche
240,2025-07-15,763.00,348.00,265524.0000,Un chevreuil est passé par là
240,2025-11-29,331.00,399.00,132069.0000,Goute très bon
240,2025-06-09,335.00,633.00,212055.0000,Super belle plante
240,2025-11-26,197.00,364.00,71708.0000,Goute très bon
240,2025-10-09,5.00,479.00,2395.0000,Plante un peu croche
133,2025-10-06,616.00,40.00,24640.0000,Plante un peu croche
133,2025-09-15,589.00,231.00,136059.0000,Belle forme pour celle-ci!
133,2025-08-13,810.00,300.00,243000.0000,Goute très bon
133,2025-10-07,656.00,476.00,312256.0000,Belle forme pour celle-ci!
133,2025-06-27,10.00,821.00,8210.0000,Belle forme pour celle-ci!
1152,2025-06-20,935.00,837.00,782595.0000,Goute très bon
1152,2025-11-07,798.00,558.00,445284.0000,Belle forme pour celle-ci!
1152,2025-09-22,781.00,981.00,766161.0000,Goute très bon
1152,2025-11-23,45.00,993.00,44685.0000,Plante un peu croche
1152,2025-12-18,137.00,757.00,103709.0000,Super belle plante
1152,2025-09-09,654.00,651.00,425754.0000,Belle forme pour celle-ci!
472,2025-08-10,369.00,979.00,361251.0000,Plante un peu croche
472,2025-10-25,486.00,620.00,301320.0000,Goute très bon
472,2025-12-28,426.00,744.00,316944.0000,Goute très bon
472,2025-09-12,353.00,174.00,61422.0000,Un chevreuil est passé par là
472,2025-08-09,850.00,257.00,218450.0000,Super belle plante
852,2025-12-06,460.00,759.00,349140.0000,Plante un peu croche
852,2025-06-26,370.00,637.00,235690.0000,Plante un peu croche
852,2025-08-09,958.00,588.00,563304.0000,Belle forme pour celle-ci!
852,2025-08-15,876.00,611.00,535236.0000,Super belle plante
852,2025-10-01,819.00,557.00,456183.0000,Belle forme pour celle-ci!
852,2025-09-24,790.00,242.00,191180.0000,Goute très bon
852,2025-10-09,862.00,842.00,725804.0000,Goute très bon
48,2025-08-25,809.00,818.00,661762.0000,Goute très bon
48,2025-09-24,699.00,940.00,657060.0000,Plante un peu croche
48,2025-11-12,630.00,431.00,271530.0000,Un chevreuil est passé par là
48,2025-10-19,440.00,514.00,226160.0000,Plante un peu croche
48,2025-10-29,393.00,576.00,226368.0000,Plante un peu croche
410,2025-09-19,374.00,29.00,10846.0000,Plante un peu croche
410,2025-10-02,125.00,336.00,42000.0000,Super belle plante
410,2025-08-24,353.00,318.00,112254.0000,Super belle plante
410,2025-06-13,22.00,504.00,11088.0000,Belle forme pour celle-ci!
410,2025-08-04,455.00,585.00,266175.0000,Belle forme pour celle-ci!
97,2025-07-23,118.00,591.00,69738.0000,Un chevreuil est passé par là
97,2025-07-25,704.00,747.00,525888.0000,Plante un peu croche
97,2025-11-07,551.00,731.00,402781.0000,Plante un peu croche
97,2025-06-03,864.00,952.00,822528.0000,Super belle plante
97,2025-06-30,783.00,914.00,715662.0000,Un chevreuil est passé par là
507,2025-09-02,744.00,523.00,389112.0000,Super belle plante
507,2025-07-06,211.00,328.00,69208.0000,Plante un peu croche
507,2025-06-24,247.00,632.00,156104.0000,Un chevreuil est passé par là
507,2025-08-01,780.00,500.00,390000.0000,Goute très bon
1050,2025-08-09,642.00,733.00,470586.0000,Goute très bon
1050,2025-09-20,96.00,312.00,29952.0000,Super belle plante
1050,2025-06-29,571.00,333.00,190143.0000,Belle forme pour celle-ci!
1012,2025-08-01,550.00,164.00,90200.0000,Plante un peu croche
1012,2025-12-04,115.00,667.00,76705.0000,Plante un peu croche
35,2025-06-04,808.00,586.00,473488.0000,Un chevreuil est passé par là
781,2025-12-25,276.00,177.00,48852.0000,Belle forme pour celle-ci!
193,2025-08-10,232.00,902.00,209264.0000,Goute très bon
193,2025-11-08,329.00,182.00,59878.0000,Un chevreuil est passé par là
193,2025-07-02,698.00,606.00,422988.0000,Goute très bon
193,2025-11-19,318.00,882.00,280476.0000,Goute très bon
270,2025-06-04,471.00,246.00,115866.0000,Belle forme pour celle-ci!
270,2025-06-17,492.00,123.00,60516.0000,Super belle plante
270,2025-06-16,290.00,821.00,238090.0000,Plante un peu croche
270,2025-08-27,354.00,135.00,47790.0000,Un chevreuil est passé par là
270,2025-09-21,703.00,573.00,402819.0000,Un chevreuil est passé par là
270,2025-11-17,91.00,922.00,83902.0000,Super belle plante
270,2025-07-01,770.00,345.00,265650.0000,Belle forme pour celle-ci!
655,2025-09-04,539.00,709.00,382151.0000,Un chevreuil est passé par là
655,2025-11-20,776.00,952.00,738752.0000,Goute très bon
655,2025-12-08,750.00,606.00,454500.0000,Goute très bon
655,2025-12-06,153.00,91.00,13923.0000,Plante un peu croche
655,2025-11-14,743.00,667.00,495581.0000,Super belle plante
655,2025-08-19,473.00,853.00,403469.0000,Belle forme pour celle-ci!
655,2025-09-19,112.00,340.00,38080.0000,Plante un peu croche
965,2025-12-23,166.00,523.00,86818.0000,Super belle plante
965,2025-07-03,650.00,949.00,616850.0000,Plante un peu croche
965,2025-08-29,370.00,534.00,197580.0000,Un chevreuil est passé par là
361,2025-10-18,791.00,922.00,729302.0000,Un chevreuil est passé par là
361,2025-09-01,363.00,177.00,64251.0000,Goute très bon
361,2025-07-31,173.00,956.00,165388.0000,Un chevreuil est passé par là
1009,2025-11-08,769.00,163.00,125347.0000,Plante un peu croche
1009,2025-11-01,551.00,800.00,440800.0000,Un chevreuil est passé par là
1009,2025-11-28,302.00,635.00,191770.0000,Belle forme pour celle-ci!
1009,2025-07-10,262.00,159.00,41658.0000,Un chevreuil est passé par là
1009,2025-08-15,842.00,54.00,45468.0000,Belle forme pour celle-ci!
1009,2025-10-24,239.00,157.00,37523.0000,Belle forme pour celle-ci!
393,2025-06-10,571.00,416.00,237536.0000,Belle forme pour celle-ci!
837,2025-11-30,246.00,695.00,170970.0000,Super belle plante
837,2025-06-17,247.00,560.00,138320.0000,Goute très bon
837,2025-10-18,189.00,933.00,176337.0000,Plante un peu croche
837,2025-06-16,891.00,875.00,779625.0000,Goute très bon
837,2025-10-09,499.00,478.00,238522.0000,Plante un peu croche
837,2025-09-01,441.00,364.00,160524.0000,Un chevreuil est passé par là
167,2025-10-20,124.00,388.00,48112.0000,Belle forme pour celle-ci!
167,2025-11-18,62.00,734.00,45508.0000,Goute très bon
167,2025-09-27,315.00,209.00,65835.0000,Belle forme pour celle-ci!
167,2025-12-28,247.00,881.00,217607.0000,Goute très bon
167,2025-10-31,72.00,162.00,11664.0000,Belle forme pour celle-ci!
167,2025-07-12,899.00,975.00,876525.0000,Plante un peu croche
167,2025-09-25,860.00,880.00,756800.0000,Un chevreuil est passé par là
77,2025-07-02,210.00,799.00,167790.0000,Super belle plante
77,2025-08-20,64.00,61.00,3904.0000,Plante un peu croche
77,2025-09-30,169.00,937.00,158353.0000,Un chevreuil est passé par là
77,2025-10-28,113.00,803.00,90739.0000,Un chevreuil est passé par là
77,2025-06-25,190.00,160.00,30400.0000,Belle forme pour celle-ci!
791,2025-11-17,983.00,838.00,823754.0000,Belle forme pour celle-ci!
791,2025-07-21,171.00,603.00,103113.0000,Super belle plante
791,2025-09-07,965.00,177.00,170805.0000,Goute très bon
791,2025-09-09,302.00,769.00,232238.0000,Un chevreuil est passé par là
791,2025-11-30,416.00,232.00,96512.0000,Super belle plante
791,2025-08-30,975.00,622.00,606450.0000,Super belle plante
791,2025-06-15,818.00,233.00,190594.0000,Plante un peu croche
750,2025-07-07,549.00,754.00,413946.0000,Belle forme pour celle-ci!
750,2025-08-09,301.00,719.00,216419.0000,Belle forme pour celle-ci!
750,2025-12-09,929.00,826.00,767354.0000,Goute très bon
184,2025-11-12,283.00,199.00,56317.0000,Super belle plante
184,2025-08-31,746.00,322.00,240212.0000,Goute très bon
184,2025-11-07,557.00,367.00,204419.0000,Un chevreuil est passé par là
184,2025-10-19,476.00,769.00,366044.0000,Super belle plante
184,2025-08-01,237.00,173.00,41001.0000,Belle forme pour celle-ci!
265,2025-06-20,633.00,792.00,501336.0000,Goute très bon
265,2025-11-06,562.00,247.00,138814.0000,Super belle plante
265,2025-07-31,833.00,460.00,383180.0000,Goute très bon
265,2025-09-06,283.00,626.00,177158.0000,Plante un peu croche
265,2025-07-29,662.00,780.00,516360.0000,Un chevreuil est passé par là
