id_interne_plant,date,etat,note
92,2025-08-12,Excellent,Observation automatique
92,2025-08-29,Excellent,Observation automatique
92,2025-09-05,Mauvais,Observation automatique
478,2025-11-14,Bon,Observation automatique
478,2025-12-09,Très mauvais,Observation automatique
478,2025-09-04,Bon,Observation automatique
478,2025-09-08,Très mauvais,Observation automatique
478,2025-10-28,Très mauvais,Observation automatique
478,2025-11-28,Excellent,Observation automatique
478,2025-08-16,Très mauvais,Observation automatique
306,2025-12-02,Excellent,Observation automatique
306,2025-10-25,Très mauvais,Observation automatique
306,2025-10-19,Très mauvais,Observation automatique
306,2025-10-01,Bon,Observation automatique
306,2025-12-07,Bon,Observation automatique
1055,2025-10-25,Excellent,Observation automatique
1055,2025-10-27,Correct,Observation automatique
1055,2025-09-06,Mauvais,Observation automatique
1055,2025-09-29,Mauvais,Observation automatique
1055,2025-12-05,Bon,Observation automatique
960,2025-07-24,Très mauvais,Observation automatique
960,2025-12-09,Mauvais,Observation automatique
114,2025-09-27,Excellent,Observation automatique
114,2025-06-09,Bon,Observation automatique
637,2025-08-18,Excellent,Observation automatique
637,2025-10-26,Correct,Observation automatique
637,2025-09-28,Excellent,Observation automatique
637,2025-07-26,Correct,Observation automatique
191,2025-10-15,Excellent,Observation automatique
191,2025-12-17,Excellent,Observation automatique
191,2025-08-05,Bon,Observation automatique
191,2025-06-21,Mauvais,Observation automatique
191,2025-07-14,Mauvais,Observation automatique
191,2025-12-04,Mauvais,Observation automatique
9,2025-08-08,Bon,Observation automatique
9,2025-06-25,Excellent,Observation automatique
9,2025-09-16,Très mauvais,Observation automatique
9,2025-09-17,Bon,Observation automatique
9,2025-10-02,Très mauvais,Observation automatique
22,2025-06-06,Excellent,Observation automatique
22,2025-10-03,Excellent,Observation automatique
111,2025-09-05,Bon,Observation automatique
111,2025-09-06,Très mauvais,Observation automatique
111,2025-08-03,Correct,Observation automatique
111,2025-06-05,Correct,Observation automatique
111,2025-11-26,Excellent,Observation automatique
111,2025-06-10,Bon,Observation automatique
111,2025-07-25,Correct,Observation automatique
722,2025-10-09,Bon,Observation automatique
722,2025-11-05,Très mauvais,Observation automatique
722,2025-06-11,Correct,Observation automatique
127,2025-11-06,Très mauvais,Observation automatique
127,2025-06-24,Mauvais,Observation automatique
127,2025-06-11,Correct,Observation automatique
127,2025-09-12,Bon,Observation automatique
127,2025-08-09,Très mauvais,Observation automatique
127,2025-09-30,Correct,Observation automatique
973,2025-08-23,Bon,Observation automatique
973,2025-10-01,Mauvais,Observation automatique
973,2025-08-20,Correct,Observation automatique
973,2025-07-11,Bon,Observation automatique
973,2025-10-25,Excellent,Observation automatique
973,2025-08-16,Très mauvais,Observation automatique
973,2025-07-25,Correct,Observation automatique
819,2025-10-24,Correct,Observation automatique
556,2025-07-13,Excellent,Observation automatique
556,2025-06-01,Excellent,Observation automatique
556,2025-10-21,Correct,Observation automatique
556,2025-06-02,Très mauvais,Observation automatique
556,2025-12-26,Excellent,Observation automatique
556,2025-09-22,Excellent,Observation automatique
556,2025-09-25,Mauvais,Observation automatique
701,2025-11-12,Très mauvais,Observation automatique
701,2025-07-17,Mauvais,Observation automatique
701,2025-10-20,Mauvais,Observation automatique
347,2025-10-01,Mauvais,Observation automatique
347,2025-10-15,Mauvais,Observation automatique
347,2025-12-11,Correct,Observation automatique
347,2025-10-20,Bon,Observation automatique
347,2025-06-04,Très mauvais,Observation automatique
347,2025-12-22,Excellent,Observation automatique
258,2025-09-14,Mauvais,Observation automatique
78,2025-11-19,Mauvais,Observation automatique
78,2025-09-22,Bon,Observation automatique
78,2025-06-16,Très mauvais,Observation automatique
78,2025-10-17,Correct,Observation automatique
968,2025-12-06,Bon,Observation automatique
968,2025-11-11,Mauvais,Observation automatique
994,2025-09-02,Bon,Observation automatique
994,2025-09-09,Correct,Observation automatique
994,2025-07-09,Mauvais,Observation automatique
994,2025-07-08,Excellent,Observation automatique
994,2025-10-12,Très mauvais,Observation automatique
91,2025-08-07,Excellent,Observation automatique
454,2025-11-18,Correct,Observation automatique
454,2025-06-13,Mauvais,Observation automatique
454,2025-09-23,Mauvais,Observation automatique
454,2025-11-03,Très mauvais,Observation automatique
693,2025-06-26,Bon,Observation automatique
554,2025-11-27,Très mauvais,Observation automatique
554,2025-06-29,Mauvais,Observation automatique
554,2025-12-05,Excellent,Observation automatique
554,2025-06-07,Excellent,Observation automatique
554,2025-11-01,Bon,Observation automatique
554,2025-09-07,Bon,Observation automatique
799,2025-12-19,Bon,Observation automatique
799,2025-11-13,Mauvais,Observation automatique
799,2025-08-21,Excellent,Observation automatique
799,2025-07-28,Excellent,Observation automatique
799,2025-06-04,Excellent,Observation automatique
799,2025-07-06,Bon,Observation automatique
931,2025-11-16,Bon,Observation automatique
931,2025-08-17,Correct,Observation automatique
931,2025-12-03,Mauvais,Observation automatique
931,2025-10-11,Bon,Observation automatique
931,2025-07-26,Excellent,Observation automatique
303,2025-08-02,Très mauvais,Observation automatique
713,2025-10-12,Mauvais,Observation automatique
713,2025-12-10,Très mauvais,Observation automatique
505,2025-07-16,Très mauvais,Observation automatique
505,2025-10-25,Mauvais,Observation automatique
505,2025-06-28,Bon,Observation automatique
936,2025-08-12,Correct,Observation automatique
563,2025-06-27,Très mauvais,Observation automatique
563,2025-09-05,Bon,Observation automatique
563,2025-08-06,Mauvais,Observation automatique
563,2025-09-11,Correct,Observation automatique
563,2025-12-18,Correct,Observation automatique
313,2025-09-13,Correct,Observation automatique
313,2025-09-14,Excellent,Observation automatique
313,2025-09-19,Très mauvais,Observation automatique
313,2025-12-17,Très mauvais,Observation automatique
313,2025-08-13,Bon,Observation automatique
976,2025-06-13,Bon,Observation automatique
976,2025-11-10,Correct,Observation automatique
976,2025-11-17,Correct,Observation automatique
715,2025-12-12,Mauvais,Observation automatique
715,2025-11-18,Bon,Observation automatique
715,2025-10-13,Mauvais,Observation automatique
715,2025-09-22,Très mauvais,Observation automatique
715,2025-12-23,Très mauvais,Observation automatique
715,2025-08-23,Excellent,Observation automatique
827,2025-09-06,Excellent,Observation automatique
827,2025-11-17,Mauvais,Observation automatique
827,2025-11-14,Très mauvais,Observation automatique
827,2025-07-18,Excellent,Observation automatique
827,2025-09-26,Mauvais,Observation automatique
827,2025-10-18,Mauvais,Observation automatique
827,2025-07-24,Bon,Observation automatique
1,2025-12-29,Mauvais,Observation automatique
257,2025-09-10,Mauvais,Observation automatique
257,2025-10-24,Très mauvais,Observation automatique
257,2025-06-24,Bon,Observation automatique
64,2025-07-27,Très mauvais,Observation automatique
64,2025-09-27,Bon,Observation automatique
64,2025-08-30,Excellent,Observation automatique
64,2025-08-22,Correct,Observation automatique
64,2025-11-08,Bon,Observation automatique
165,2025-07-28,Mauvais,Observation automatique
165,2025-06-28,Mauvais,Observation automatique
165,2025-10-29,Correct,Observation automatique
165,2025-11-19,Correct,Observation automatique
165,2025-10-19,Correct,Observation automatique
165,2025-12-15,Correct,Observation automatique
935,2025-07-15,Mauvais,Observation automatique
935,2025-07-25,Correct,Observation automatique
935,2025-08-04,Bon,Observation automatique
935,2025-12-08,Excellent,Observation automatique
1017,2025-10-26,Correct,Observation automatique
1017,2025-08-25,Correct,Observation automatique
1017,2025-12-16,Très mauvais,Observation automatique
1017,2025-07-22,Excellent,Observation automatique
1017,2025-06-06,Mauvais,Observation automatique
39,2025-06-26,Mauvais,Observation automatique
39,2025-11-06,Bon,Observation automatique
39,2025-10-28,Mauvais,Observation automatique
39,2025-09-11,Mauvais,Observation automatique
39,2025-08-26,Mauvais,Observation automatique
39,2025-11-03,Correct,Observation automatique
651,2025-12-13,Bon,Observation automatique
338,2025-07-05,Bon,Observation automatique
338,2025-06-04,Excellent,Observation automatique
338,2025-11-27,Correct,Observation automatique
338,2025-07-20,Correct,Observation automatique
967,2025-08-16,Très mauvais,Observation automatique
967,2025-12-10,Correct,Observation automatique
967,2025-09-08,Correct,Observation automatique
967,2025-11-18,Très mauvais,Observation automatique
793,2025-11-15,Excellent,Observation automatique
793,2025-11-17,Correct,Observation automatique
771,2025-08-19,Mauvais,Observation automatique
771,2025-10-26,Excellent,Observation automatique
939,2025-08-14,Mauvais,Observation automatique
939,2025-10-02,Très mauvais,Observation automatique
939,2025-07-01,Excellent,Observation automatique
939,2025-09-03,Très mauvais,Observation automatique
939,2025-08-04,Très mauvais,Observation automatique
805,2025-08-18,Excellent,Observation automatique
805,2025-06-11,Excellent,Observation automatique
805,2025-12-27,Correct,Observation automatique
805,2025-07-12,Bon,Observation automatique
805,2025-06-22,Excellent,Observation automatique
805,2025-11-04,Bon,Observation automatique
805,2025-11-03,Correct,Observation automatique
599,2025-06-12,Bon,Observation automatique
599,2025-11-03,Mauvais,Observation automatique
599,2025-12-26,Bon,Observation automatique
599,2025-11-04,Correct,Observation automatique
861,2025-09-06,Très mauvais,Observation automatique
861,2025-08-27,Très mauvais,Observation automatique
861,2025-10-12,Correct,Observation automatique
861,2025-06-14,Correct,Observation automatique
1184,2025-12-30,Très mauvais,Observation automatique
1184,2025-10-15,Bon,Observation automatique
1184,2025-12-10,Excellent,Observation automatique
949,2025-08-05,Très mauvais,Observation automatique
949,2025-12-16,Mauvais,Observation automatique
949,2025-06-14,Mauvais,Observation automatique
949,2025-12-27,Bon,Observation automatique
798,2025-09-28,Mauvais,Observation automatique
798,2025-07-12,Correct,Observation automatique
798,2025-11-26,Correct,Observation automatique
798,2025-10-27,Bon,Observation automatique
1187,2025-12-20,Bon,Observation automatique
1187,2025-10-06,Correct,Observation automatique
1187,2025-12-16,Mauvais,Observation automatique
1187,2025-07-11,Excellent,Observation automatique
1187,2025-10-18,Excellent,Observation automatique
1187,2025-10-04,Très mauvais,Observation automatique
565,2025-06-11,Bon,Observation automatique
565,2025-07-06,Bon,Observation automatique
565,2025-09-07,Très mauvais,Observation automatique
595,2025-10-04,Très mauvais,Observation automatique
595,2025-10-01,Très mauvais,Observation automatique
595,2025-11-10,Mauvais,Observation automatique
595,2025-12-14,Mauvais,Observation automatique
205,2025-10-01,Excellent,Observation automatique
205,2025-06-02,Mauvais,Observation automatique
205,2025-06-20,Excellent,Observation automatique
391,2025-09-02,Bon,Observation automatique
391,2025-11-07,Bon,Observation automatique
391,2025-10-08,Très mauvais,Observation automatique
216,2025-10-29,Très mauvais,Observation automatique
216,2025-11-23,Très mauvais,Observation automatique
216,2025-07-07,Mauvais,Observation automatique
216,2025-08-27,Mauvais,Observation automatique
216,2025-07-18,Mauvais,Observation automatique
216,2025-07-31,Bon,Observation automatique
954,2025-09-02,Bon,Observation automatique
954,2025-10-22,Bon,Observation automatique
954,2025-06-14,Correct,Observation automatique
954,2025-09-28,Très mauvais,Observation automatique
954,2025-12-24,Bon,Observation automatique
954,2025-11-13,Excellent,Observation automatique
954,2025-12-25,Bon,Observation automatique
909,2025-08-29,Excellent,Observation automatique
909,2025-10-24,Bon,Observation automatique
350,2025-08-03,Bon,Observation automatique
350,2025-10-07,Excellent,Observation automatique
350,2025-06-03,Bon,Observation automatique
350,2025-07-09,Excellent,Observation automatique
350,2025-11-11,Correct,Observation automatique
47,2025-07-24,Très mauvais,Observation automatique
47,2025-10-23,Très mauvais,Observation automatique
47,2025-11-15,Mauvais,Observation automatique
47,2025-11-26,Correct,Observation automatique
1105,2025-12-13,Correct,Observation automatique
1105,2025-09-29,Très mauvais,Observation automatique
1105,2025-10-30,Bon,Observation automatique
1105,2025-10-15,Excellent,Observation automatique
1105,2025-09-27,Correct,Observation automatique
388,2025-08-22,Excellent,Observation automatique
388,2025-08-29,Très mauvais,Observation automatique
388,2025-06-14,Très mauvais,Observation automatique
388,2025-09-04,Correct,Observation automatique
1062,2025-08-03,Très mauvais,Observation automatique
1062,2025-11-14,Mauvais,Observation automatique
1062,2025-06-28,Correct,Observation automatique
1062,2025-07-03,Bon,Observation automatique
1062,2025-06-20,Bon,Observation automatique
1062,2025-07-09,Correct,Observation automatique
1181,2025-08-19,Mauvais,Observation automatique
1181,2025-12-26,Correct,Observation automatique
1096,2025-11-05,Correct,Observation automatique
1096,2025-09-30,Très mauvais,Observation automatique
1096,2025-12-19,Excellent,Observation automatique
1096,2025-08-09,Très mauvais,Observation automatique
1096,2025-08-17,Très mauvais,Observation automatique
235,2025-07-16,Excellent,Observation automatique
235,2025-11-07,Excellent,Observation automatique
235,2025-09-21,Bon,Observation automatique
235,2025-08-13,Excellent,Observation automatique
235,2025-07-26,Correct,Observation automatique
235,2025-08-06,Correct,Observation automatique
1183,2025-07-18,Correct,Observation automatique
1183,2025-07-20,Très mauvais,Observation automatique
1183,2025-09-19,Mauvais,Observation automatique
1183,2025-09-30,Mauvais,Observation automatique
1183,2025-12-05,Mauvais,Observation automatique
34,2025-08-20,Excellent,Observation automatique
34,2025-10-21,Excellent,Observation automatique
34,2025-06-05,Mauvais,Observation automatique
34,2025-08-23,Très mauvais,Observation automatique
34,2025-09-11,Mauvais,Observation automatique
719,2025-12-17,Correct,Observation automatique
719,2025-07-23,Correct,Observation automatique
719,2025-07-20,Bon,Observation automatique
719,2025-06-04,Bon,Observation automatique
719,2025-11-22,Correct,Observation automatique
719,2025-06-27,Très mauvais,Observation automatique
719,2025-12-01,Mauvais,Observation automatique
822,2025-08-11,Très mauvais,Observation automatique
822,2025-09-29,Bon,Observation automatique
822,2025-06-04,Correct,Observation automatique
822,2025-09-05,Très mauvais,Observation automatique
831,2025-07-04,Excellent,Observation automatique
831,2025-10-12,Très mauvais,Observation automatique
831,2025-11-25,Correct,Observation automatique
831,2025-08-27,Correct,Observation automatique
831,2025-12-28,Mauvais,Observation automatique
831,2025-08-15,Excellent,Observation automatique
354,2025-06-26,Excellent,Observation automatique
354,2025-11-02,Très mauvais,Observation automatique
354,2025-08-04,Excellent,Observation automatique
354,2025-07-20,Excellent,Observation automatique
132,2025-11-27,Excellent,Observation automatique
132,2025-09-21,Excellent,Observation automatique
132,2025-12-10,Excellent,Observation automatique
132,2025-09-14,Excellent,Observation automatique
132,2025-07-09,Excellent,Observation automatique
132,2025-11-05,Très mauvais,Observation automatique
657,2025-08-07,Bon,Observation automatique
657,2025-12-24,Très mauvais,Observation automatique
657,2025-06-27,Mauvais,Observation automatique
657,2025-12-09,Excellent,Observation automatique
1175,2025-06-15,Correct,Observation automatique
1175,2025-06-16,Très mauvais,Observation automatique
1175,2025-12-29,Bon,Observation automatique
1175,2025-09-24,Bon,Observation automatique
670,2025-07-05,Bon,Observation automatique
670,2025-11-28,Excellent,Observation automatique
670,2025-07-01,Correct,Observation automatique
670,2025-08-09,Excellent,Observation automatique
670,2025-09-12,Excellent,Observation automatique
1041,2025-12-27,Mauvais,Observation automatique
1041,2025-08-31,Excellent,Observation automatique
1041,2025-06-08,Bon,Observation automatique
889,2025-10-03,Correct,Observation automatique
889,2025-06-06,Bon,Observation automatique
889,2025-06-24,Mauvais,Observation automatique
889,2025-09-16,Excellent,Observation automatique
889,2025-06-10,Très mauvais,Observation automatique
889,2025-11-20,Correct,Observation automatique
146,2025-12-07,Mauvais,Observation automatique
146,2025-10-24,Très mauvais,Observation automatique
146,2025-09-23,Très mauvais,Observation automatique
146,2025-10-28,Mauvais,Observation automatique
172,2025-11-05,Excellent,Observation automatique
172,2025-08-18,Bon,Observation automatique
172,2025-10-01,Mauvais,Observation automatique
172,2025-09-27,Très mauvais,Observation automatique
172,2025-11-29,Très mauvais,Observation automatique
125,2025-06-17,Excellent,Observation automatique
125,2025-11-15,Correct,Observation automatique
125,2025-08-29,Excellent,Observation automatique
125,2025-12-27,Très mauvais,Observation automatique
884,2025-12-10,Correct,Observation automatique
884,2025-09-01,Bon,Observation automatique
884,2025-10-29,Mauvais,Observation automatique
884,2025-08-21,Très mauvais,Observation automatique
884,2025-10-03,Très mauvais,Observation automatique
884,2025-07-13,Bon,Observation automatique
884,2025-12-29,Très mauvais,Observation automatique
567,2025-10-31,Mauvais,Observation automatique
567,2025-07-13,Correct,Observation automatique
567,2025-06-01,Très mauvais,Observation automatique
567,2025-08-03,Excellent,Observation automatique
790,2025-08-20,Très mauvais,Observation automatique
790,2025-09-26,Très mauvais,Observation automatique
790,2025-07-21,Mauvais,Observation automatique
790,2025-06-18,Mauvais,Observation automatique
790,2025-12-22,Correct,Observation automatique
790,2025-12-17,Très mauvais,Observation automatique
790,2025-07-01,Très mauvais,Observation automatique
946,2025-10-27,Très mauvais,Observation automatique
946,2025-09-14,Correct,Observation automatique
946,2025-08-20,Très mauvais,Observation automatique
946,2025-10-11,Très mauvais,Observation automatique
547,2025-08-03,Correct,Observation automatique
645,2025-09-18,Très mauvais,Observation automatique
645,2025-12-01,Bon,Observation automatique
645,2025-09-10,Bon,Observation automatique
645,2025-09-15,Bon,Observation automatique
645,2025-07-01,Mauvais,Observation automatique
645,2025-12-25,Excellent,Observation automatique
357,2025-08-28,Bon,Observation automatique
896,2025-06-06,Bon,Observation automatique
896,2025-09-11,Très mauvais,Observation automatique
896,2025-12-17,Correct,Observation automatique
663,2025-08-25,Mauvais,Observation automatique
663,2025-08-13,Bon,Observation automatique
663,2025-09-12,Correct,Observation automatique
663,2025-06-19,Correct,Observation automatique
130,2025-06-05,Bon,Observation automatique
130,2025-10-20,Excellent,Observation automatique
130,2025-10-16,Excellent,Observation automatique
130,2025-09-14,Excellent,Observation automatique
402,2025-06-28,Correct,Observation automatique
402,2025-06-05,Bon,Observation automatique
541,2025-12-03,Mauvais,Observation automatique
541,2025-06-21,Correct,Observation automatique
541,2025-12-19,Très mauvais,Observation automatique
541,2025-08-12,Excellent,Observation automatique
541,2025-09-26,Correct,Observation automatique
541,2025-12-18,Mauvais,Observation automatique
638,2025-12-21,Mauvais,Observation automatique
638,2025-07-06,Excellent,Observation automatique
638,2025-12-02,Très mauvais,Observation automatique
638,2025-12-19,Bon,Observation automatique
638,2025-06-02,Très mauvais,Observation automatique
638,2025-10-02,Très mauvais,Observation automatique
638,2025-07-05,Correct,Observation automatique
429,2025-09-18,Bon,Observation automatique
429,2025-07-26,Correct,Observation automatique
429,2025-09-22,Correct,Observation automatique
429,2025-10-02,Très mauvais,Observation automatique
773,2025-06-13,Mauvais,Observation automatique
773,2025-11-18,Excellent,Observation automatique
773,2025-08-18,Mauvais,Observation automatique
403,2025-08-21,Très mauvais,Observation automatique
403,2025-08-15,Correct,Observation automatique
403,2025-12-28,Excellent,Observation automatique
403,2025-12-19,Très mauvais,Observation automatique
403,2025-12-17,Excellent,Observation automatique
403,2025-08-31,Mauvais,Observation automatique
305,2025-06-20,Très mauvais,Observation automatique
305,2025-06-25,Mauvais,Observation automatique
571,2025-12-11,Très mauvais,Observation automatique
571,2025-06-18,Bon,Observation automatique
571,2025-09-30,Excellent,Observation automatique
571,2025-09-28,Correct,Observation automatique
571,2025-10-19,Mauvais,Observation automatique
571,2025-07-21,Bon,Observation automatique
571,2025-12-18,Bon,Observation automatique
550,2025-10-07,Excellent,Observation automatique
550,2025-08-11,Mauvais,Observation automatique
245,2025-07-28,Mauvais,Observation automatique
245,2025-08-01,Bon,Observation automatique
245,2025-12-20,Mauvais,Observation automatique
1073,2025-10-15,Très mauvais,Observation automatique
1073,2025-06-21,Correct,Observation automatique
1073,2025-09-07,Mauvais,Observation automatique
1073,2025-12-17,Correct,Observation automatique
290,2025-10-06,Excellent,Observation automatique
290,2025-06-12,Très mauvais,Observation automatique
290,2025-12-16,Bon,Observation automatique
290,2025-10-15,Mauvais,Observation automatique
290,2025-06-16,Excellent,Observation automatique
290,2025-09-17,Bon,Observation automatique
290,2025-10-07,Correct,Observation automatique
811,2025-10-25,Excellent,Observation automatique
811,2025-11-20,Très mauvais,Observation automatique
811,2025-12-24,Mauvais,Observation automatique
811,2025-06-07,Bon,Observation automatique
811,2025-12-25,Très mauvais,Observation automatique
811,2025-10-02,Correct,Observation automatique
458,2025-06-26,Mauvais,Observation automatique
458,2025-12-23,Correct,Observation automatique
458,2025-10-31,Bon,Observation automatique
458,2025-09-26,Mauvais,Observation automatique
860,2025-12-21,Très mauvais,Observation automatique
860,2025-08-28,Excellent,Observation automatique
860,2025-08-01,Mauvais,Observation automatique
860,2025-11-17,Bon,Observation automatique
860,2025-06-15,Très mauvais,Observation automatique
860,2025-11-14,Mauvais,Observation automatique
676,2025-07-27,Correct,Observation automatique
676,2025-07-28,Bon,Observation automatique
676,2025-11-27,Correct,Observation automatique
918,2025-08-24,Correct,Observation automatique
918,2025-09-08,Très mauvais,Observation automatique
918,2025-12-13,Correct,Observation automatique
1095,2025-12-25,Excellent,Observation automatique
1095,2025-06-13,Correct,Observation automatique
85,2025-07-13,Mauvais,Observation automatique
102,2025-11-06,Excellent,Observation automatique
102,2025-10-31,Excellent,Observation automatique
102,2025-12-08,Correct,Observation automatique
102,2025-11-26,Mauvais,Observation automatique
102,2025-07-18,Très mauvais,Observation automatique
102,2025-09-07,Très mauvais,Observation automatique
1169,2025-12-30,Très mauvais,Observation automatique
1169,2025-07-15,Correct,Observation automatique
1169,2025-07-27,Mauvais,Observation automatique
1169,2025-09-17,Très mauvais,Observation automatique
1169,2025-09-26,Correct,Observation automatique
568,2025-06-22,Bon,Observation automatique
568,2025-06-20,Bon,Observation automatique
568,2025-06-29,Très mauvais,Observation automatique
352,2025-09-28,Mauvais,Observation automatique
352,2025-09-14,Excellent,Observation automatique
352,2025-12-13,Mauvais,Observation automatique
352,2025-10-25,Excellent,Observation automatique
883,2025-08-31,Bon,Observation automatique
455,2025-06-01,Correct,Observation automatique
455,2025-11-01,Bon,Observation automatique
455,2025-06-16,Très mauvais,Observation automatique
455,2025-12-17,Très mauvais,Observation automatique
455,2025-11-20,Bon,Observation automatique
455,2025-06-04,Très mauvais,Observation automatique
14,2025-11-01,Correct,Observation automatique
14,2025-06-17,Excellent,Observation automatique
14,2025-10-10,Excellent,Observation automatique
14,2025-09-06,Très mauvais,Observation automatique
14,2025-06-01,Excellent,Observation automatique
14,2025-07-28,Excellent,Observation automatique
1159,2025-09-08,Correct,Observation automatique
1159,2025-11-09,Mauvais,Observation automatique
275,2025-12-23,Très mauvais,Observation automatique
169,2025-11-04,Bon,Observation automatique
570,2025-11-26,Correct,Observation automatique
570,2025-08-03,Très mauvais,Observation automatique
570,2025-11-30,Bon,Observation automatique
570,2025-09-17,Excellent,Observation automatique
769,2025-06-25,Mauvais,Observation automatique
769,2025-11-23,Bon,Observation automatique
769,2025-10-12,Correct,Observation automatique
769,2025-12-11,Correct,Observation automatique
769,2025-12-17,Excellent,Observation automatique
769,2025-10-15,Excellent,Observation automatique
769,2025-06-02,Correct,Observation automatique
289,2025-06-10,Mauvais,Observation automatique
766,2025-08-05,Mauvais,Observation automatique
766,2025-07-27,Excellent,Observation automatique
766,2025-11-10,Excellent,Observation automatique
911,2025-08-05,Bon,Observation automatique
911,2025-07-15,Bon,Observation automatique
911,2025-12-12,Mauvais,Observation automatique
911,2025-06-10,Correct,Observation automatique
911,2025-11-08,Mauvais,Observation automatique
911,2025-09-02,Excellent,Observation automatique
1142,2025-10-24,Excellent,Observation automatique
1142,2025-07-30,Mauvais,Observation automatique
1142,2025-09-08,Très mauvais,Observation automatique
1142,2025-11-24,Bon,Observation automatique
1142,2025-11-23,Excellent,Observation automatique
1142,2025-11-13,Mauvais,Observation automatique
1038,2025-11-03,Excellent,Observation automatique
264,2025-08-12,Mauvais,Observation automatique
264,2025-11-28,Bon,Observation automatique
264,2025-09-15,Correct,Observation automatique
264,2025-08-23,Correct,Observation automatique
264,2025-10-23,Très mauvais,Observation automatique
264,2025-06-10,Très mauvais,Observation automatique
271,2025-11-28,Très mauvais,Observation automatique
271,2025-08-06,Mauvais,Observation automatique
271,2025-12-29,Mauvais,Observation automatique
271,2025-11-17,Mauvais,Observation automatique
271,2025-07-24,Bon,Observation automatique
665,2025-07-03,Mauvais,Observation automatique
665,2025-09-11,Mauvais,Observation automatique
477,2025-07-10,Excellent,Observation automatique
477,2025-09-21,Bon,Observation automatique
621,2025-07-12,Très mauvais,Observation automatique
621,2025-12-19,Bon,Observation automatique
621,2025-06-14,Correct,Observation automatique
621,2025-12-02,Excellent,Observation automatique
890,2025-11-14,Très mauvais,Observation automatique
890,2025-12-27,Excellent,Observation automatique
890,2025-11-16,Bon,Observation automatique
890,2025-10-21,Correct,Observation automatique
890,2025-07-29,Bon,Observation automatique
774,2025-08-13,Mauvais,Observation automatique
774,2025-07-04,Excellent,Observation automatique
755,2025-07-04,Bon,Observation automatique
755,2025-09-30,Excellent,Observation automatique
755,2025-12-03,Bon,Observation automatique
755,2025-07-07,Correct,Observation automatique
755,2025-12-21,Mauvais,Observation automatique
755,2025-11-27,Correct,Observation automatique
755,2025-12-16,Bon,Observation automatique
760,2025-09-01,Mauvais,Observation automatique
760,2025-10-07,Très mauvais,Observation automatique
760,2025-09-13,Correct,Observation automatique
760,2025-11-27,Très mauvais,Observation automatique
760,2025-09-15,Très mauvais,Observation automatique
760,2025-07-11,Excellent,Observation automatique
760,2025-08-29,Excellent,Observation automatique
88,2025-11-18,Bon,Observation automatique
88,2025-11-07,Bon,Observation automatique
88,2025-11-03,Bon,Observation automatique
450,2025-10-23,Bon,Observation automatique
1063,2025-11-26,Excellent,Observation automatique
1063,2025-08-13,Correct,Observation automatique
1063,2025-12-22,Mauvais,Observation automatique
449,2025-09-01,Bon,Observation automatique
449,2025-06-16,Mauvais,Observation automatique
449,2025-06-06,Très mauvais,Observation automatique
220,2025-11-19,Bon,Observation automatique
220,2025-11-02,Excellent,Observation automatique
220,2025-12-07,Très mauvais,Observation automatique
835,2025-08-10,Excellent,Observation automatique
835,2025-07-19,Mauvais,Observation automatique
835,2025-06-30,Mauvais,Observation automatique
307,2025-09-20,Très mauvais,Observation automatique
307,2025-10-10,Très mauvais,Observation automatique
307,2025-07-31,Excellent,Observation automatique
307,2025-10-05,Bon,Observation automatique
843,2025-10-03,Excellent,Observation automatique
1120,2025-08-23,Correct,Observation automatique
179,2025-12-06,Très mauvais,Observation automatique
171,2025-10-30,Mauvais,Observation automatique
171,2025-09-03,Bon,Observation automatique
171,2025-12-26,Correct,Observation automatique
171,2025-11-09,Très mauvais,Observation automatique
959,2025-11-23,Bon,Observation automatique
959,2025-10-18,Mauvais,Observation automatique
959,2025-12-03,Mauvais,Observation automatique
878,2025-07-30,Excellent,Observation automatique
878,2025-11-05,Excellent,Observation automatique
878,2025-11-29,Excellent,Observation automatique
797,2025-06-03,Bon,Observation automatique
797,2025-08-18,Mauvais,Observation automatique
797,2025-11-27,Très mauvais,Observation automatique
797,2025-10-09,Correct,Observation automatique
797,2025-12-03,Excellent,Observation automatique
797,2025-06-01,Très mauvais,Observation automatique
549,2025-12-23,Bon,Observation automatique
549,2025-12-03,Excellent,Observation automatique
549,2025-06-25,Bon,Observation automatique
380,2025-09-13,Très mauvais,Observation automatique
380,2025-06-20,Correct,Observation automatique
380,2025-08-02,Excellent,Observation automatique
380,2025-09-12,Mauvais,Observation automatique
380,2025-07-08,Bon,Observation automatique
380,2025-08-09,Bon,Observation automatique
1151,2025-09-30,Excellent,Observation automatique
1151,2025-06-19,Excellent,Observation automatique
1151,2025-10-04,Bon,Observation automatique
1151,2025-11-08,Bon,Observation automatique
1151,2025-07-16,Bon,Observation automatique
1151,2025-11-10,Très mauvais,Observation automatique
1151,2025-10-27,Excellent,Observation automatique
302,2025-08-23,Mauvais,Observation automatique
302,2025-08-28,Bon,Observation automatique
302,2025-12-11,Mauvais,Observation automatique
302,2025-07-26,Excellent,Observation automatique
302,2025-09-21,Excellent,Observation automatique
302,2025-10-20,Très mauvais,Observation automatique
302,2025-10-24,Correct,Observation automatique
223,2025-12-24,Correct,Observation automatique
223,2025-06-10,Correct,Observation automatique
223,2025-11-21,Très mauvais,Observation automatique
414,2025-12-14,Bon,Observation automatique
414,2025-08-06,Bon,Observation automatique
414,2025-12-03,Correct,Observation automatique
414,2025-07-31,Excellent,Observation automatique
414,2025-12-11,Excellent,Observation automatique
414,2025-11-05,Mauvais,Observation automatique
866,2025-07-09,Mauvais,Observation automatique
866,2025-09-03,Bon,Observation automatique
875,2025-09-14,Mauvais,Observation automatique
875,2025-09-09,Correct,Observation automatique
875,2025-09-12,Bon,Observation automatique
875,2025-09-07,Très mauvais,Observation automatique
266,2025-12-13,Mauvais,Observation automatique
266,2025-08-01,Excellent,Observation automatique
266,2025-11-29,Mauvais,Observation automatique
266,2025-09-07,Excellent,Observation automatique
266,2025-11-23,Correct,Observation automatique
266,2025-12-24,Bon,Observation automatique
266,2025-11-17,Bon,Observation automatique
892,2025-12-19,Bon,Observation automatique
892,2025-11-13,Bon,Observation automatique
892,2025-06-24,Excellent,Observation automatique
892,2025-10-22,Très mauvais,Observation automatique
104,2025-08-09,Excellent,Observation automatique
104,2025-11-14,Bon,Observation automatique
104,2025-09-07,Très mauvais,Observation automatique
104,2025-10-16,Très mauvais,Observation automatique
104,2025-09-10,Excellent,Observation automatique
872,2025-11-21,Très mauvais,Observation automatique
872,2025-09-02,Excellent,Observation automatique
872,2025-11-07,Mauvais,Observation automatique
234,2025-06-16,Très mauvais,Observation automatique
234,2025-08-27,Mauvais,Observation automatique
234,2025-08-26,Correct,Observation automatique
82,2025-10-09,Bon,Observation automatique
82,2025-09-24,Mauvais,Observation automatique
82,2025-11-27,Bon,Observation automatique
420,2025-06-19,Correct,Observation automatique
420,2025-06-24,Très mauvais,Observation automatique
420,2025-12-20,Excellent,Observation automatique
420,2025-10-31,Mauvais,Observation automatique
420,2025-09-13,Mauvais,Observation automatique
1029,2025-08-24,Excellent,Observation automatique
251,2025-10-16,Très mauvais,Observation automatique
251,2025-10-15,Excellent,Observation automatique
251,2025-09-24,Bon,Observation automatique
251,2025-09-03,Très mauvais,Observation automatique
251,2025-11-21,Excellent,Observation automatique
251,2025-11-27,Correct,Observation automatique
251,2025-06-07,Correct,Observation automatique
789,2025-06-11,Bon,Observation automatique
789,2025-07-20,Mauvais,Observation automatique
789,2025-10-07,Correct,Observation automatique
789,2025-10-30,Mauvais,Observation automatique
789,2025-08-21,Correct,Observation automatique
789,2025-11-13,Correct,Observation automatique
789,2025-11-30,Mauvais,Observation automatique
471,2025-07-01,Correct,Observation automatique
471,2025-10-08,Excellent,Observation automatique
471,2025-08-15,Mauvais,Observation automatique
471,2025-07-03,Bon,Observation automatique
471,2025-11-24,Correct,Observation automatique
471,2025-12-02,Très mauvais,Observation automatique
471,2025-10-31,Correct,Observation automatique
952,2025-09-18,Correct,Observation automatique
952,2025-08-13,Correct,Observation automatique
952,2025-06-12,Très mauvais,Observation automatique
952,2025-10-20,Bon,Observation automatique
952,2025-08-22,Bon,Observation automatique
952,2025-06-27,Correct,Observation automatique
558,2025-08-07,Excellent,Observation automatique
558,2025-09-21,Très mauvais,Observation automatique
558,2025-07-19,Mauvais,Observation automatique
558,2025-06-17,Correct,Observation automatique
558,2025-08-27,Correct,Observation automatique
847,2025-10-17,Correct,Observation automatique
847,2025-09-05,Bon,Observation automatique
847,2025-11-17,Mauvais,Observation automatique
847,2025-12-20,Correct,Observation automatique
847,2025-12-30,Correct,Observation automatique
324,2025-06-26,Excellent,Observation automatique
324,2025-06-05,Mauvais,Observation automatique
324,2025-11-09,Bon,Observation automatique
324,2025-09-23,Excellent,Observation automatique
152,2025-12-10,Mauvais,Observation automatique
152,2025-10-30,Bon,Observation automatique
152,2025-07-24,Très mauvais,Observation automatique
152,2025-06-15,Mauvais,Observation automatique
152,2025-10-27,Très mauvais,Observation automatique
152,2025-07-23,Très mauvais,Observation automatique
318,2025-11-02,Très mauvais,Observation automatique
318,2025-07-15,Correct,Observation automatique
751,2025-12-20,Mauvais,Observation automatique
751,2025-11-08,Très mauvais,Observation automatique
751,2025-09-28,Très mauvais,Observation automatique
751,2025-07-21,Très mauvais,Observation automatique
751,2025-06-27,Très mauvais,Observation automatique
624,2025-07-25,Mauvais,Observation automatique
624,2025-09-04,Très mauvais,Observation automatique
624,2025-12-08,Mauvais,Observation automatique
624,2025-12-29,Correct,Observation automatique
581,2025-09-18,Très mauvais,Observation automatique
581,2025-11-18,Excellent,Observation automatique
581,2025-06-19,Bon,Observation automatique
581,2025-07-04,Très mauvais,Observation automatique
581,2025-07-02,Correct,Observation automatique
1006,2025-11-26,Bon,Observation automatique
1006,2025-07-31,Excellent,Observation automatique
1006,2025-07-15,Très mauvais,Observation automatique
1006,2025-07-05,Bon,Observation automatique
1006,2025-11-19,Correct,Observation automatique
1006,2025-08-25,Excellent,Observation automatique
531,2025-08-01,Mauvais,Observation automatique
851,2025-11-22,Excellent,Observation automatique
851,2025-10-19,Bon,Observation automatique
851,2025-07-31,Excellent,Observation automatique
851,2025-11-28,Très mauvais,Observation automatique
80,2025-08-14,Mauvais,Observation automatique
385,2025-08-11,Mauvais,Observation automatique
385,2025-10-12,Correct,Observation automatique
385,2025-09-19,Correct,Observation automatique
385,2025-09-01,Bon,Observation automatique
232,2025-11-19,Excellent,Observation automatique
232,2025-09-06,Très mauvais,Observation automatique
232,2025-08-15,Excellent,Observation automatique
232,2025-12-10,Excellent,Observation automatique
232,2025-08-01,Correct,Observation automatique
232,2025-06-05,Excellent,Observation automatique
232,2025-06-25,Bon,Observation automatique
1129,2025-12-14,Correct,Observation automatique
1129,2025-09-22,Mauvais,Observation automatique
1129,2025-12-03,Excellent,Observation automatique
1129,2025-06-24,Correct,Observation automatique
1129,2025-09-17,Mauvais,Observation automatique
1065,2025-10-18,Bon,Observation automatique
1065,2025-10-09,Bon,Observation automatique
1065,2025-12-11,Bon,Observation automatique
1065,2025-09-11,Très mauvais,Observation automatique
1065,2025-07-09,Mauvais,Observation automatique
1065,2025-10-01,Bon,Observation automatique
1060,2025-07-29,Excellent,Observation automatique
1060,2025-06-29,Correct,Observation automatique
1060,2025-12-15,Excellent,Observation automatique
1060,2025-07-15,Excellent,Observation automatique
1060,2025-09-01,Mauvais,Observation automatique
1060,2025-10-11,Très mauvais,Observation automatique
1060,2025-08-01,Bon,Observation automatique
1024,2025-09-01,Mauvais,Observation automatique
1024,2025-11-13,Correct,Observation automatique
1024,2025-10-14,Mauvais,Observation automatique
1024,2025-09-12,Bon,Observation automatique
1024,2025-11-15,Bon,Observation automatique
1024,2025-06-30,Correct,Observation automatique
1024,2025-12-09,Correct,Observation automatique
162,2025-06-06,Très mauvais,Observation automatique
162,2025-12-14,Très mauvais,Observation automatique
162,2025-07-08,Très mauvais,Observation automatique
162,2025-11-04,Excellent,Observation automatique
162,2025-10-28,Excellent,Observation automatique
207,2025-09-17,Très mauvais,Observation automatique
406,2025-07-26,Très mauvais,Observation automatique
406,2025-12-06,Excellent,Observation automatique
406,2025-09-29,Excellent,Observation automatique
406,2025-06-16,Bon,Observation automatique
406,2025-08-05,Très mauvais,Observation automatique
406,2025-10-06,Très mauvais,Observation automatique
483,2025-07-02,Correct,Observation automatique
483,2025-07-09,Correct,Observation automatique
483,2025-12-08,Bon,Observation automatique
483,2025-07-19,Correct,Observation automatique
483,2025-08-13,Très mauvais,Observation automatique
483,2025-11-28,Mauvais,Observation automatique
620,2025-11-11,Correct,Observation automatique
620,2025-12-06,Mauvais,Observation automatique
1072,2025-08-13,Mauvais,Observation automatique
1072,2025-08-03,Très mauvais,Observation automatique
1072,2025-06-24,Bon,Observation automatique
1072,2025-11-22,Bon,Observation automatique
585,2025-07-01,Excellent,Observation automatique
585,2025-11-16,Correct,Observation automatique
585,2025-06-23,Correct,Observation automatique
585,2025-08-09,Correct,Observation automatique
278,2025-11-10,Mauvais,Observation automatique
278,2025-10-22,Correct,Observation automatique
278,2025-10-03,Très mauvais,Observation automatique
278,2025-10-13,Excellent,Observation automatique
278,2025-08-08,Mauvais,Observation automatique
359,2025-07-17,Excellent,Observation automatique
359,2025-11-04,Correct,Observation automatique
359,2025-08-05,Bon,Observation automatique
359,2025-09-11,Correct,Observation automatique
359,2025-08-17,Très mauvais,Observation automatique
1034,2025-11-29,Excellent,Observation automatique
1034,2025-09-10,Excellent,Observation automatique
1034,2025-12-24,Correct,Observation automatique
1034,2025-09-13,Excellent,Observation automatique
382,2025-08-19,Excellent,Observation automatique
382,2025-09-29,Correct,Observation automatique
382,2025-08-05,Très mauvais,Observation automatique
382,2025-12-18,Très mauvais,Observation automatique
382,2025-12-23,Très mauvais,Observation automatique
494,2025-07-07,Bon,Observation automatique
1111,2025-11-02,Mauvais,Observation automatique
971,2025-11-10,Mauvais,Observation automatique
971,2025-10-08,Très mauvais,Observation automatique
997,2025-08-23,Bon,Observation automatique
997,2025-11-17,Mauvais,Observation automatique
997,2025-06-03,Mauvais,Observation automatique
997,2025-07-02,Bon,Observation automatique
997,2025-10-21,Excellent,Observation automatique
997,2025-09-10,Correct,Observation automatique
997,2025-11-15,Mauvais,Observation automatique
957,2025-08-21,Excellent,Observation automatique
957,2025-12-28,Bon,Observation automatique
957,2025-11-01,Correct,Observation automatique
957,2025-10-31,Très mauvais,Observation automatique
957,2025-11-02,Correct,Observation automatique
957,2025-11-25,Très mauvais,Observation automatique
957,2025-09-01,Excellent,Observation automatique
1097,2025-08-14,Mauvais,Observation automatique
1097,2025-07-02,Correct,Observation automatique
1097,2025-06-17,Mauvais,Observation automatique
546,2025-07-09,Bon,Observation automatique
546,2025-09-05,Excellent,Observation automatique
966,2025-10-30,Mauvais,Observation automatique
966,2025-09-30,Correct,Observation automatique
966,2025-06-23,Excellent,Observation automatique
966,2025-11-03,Excellent,Observation automatique
966,2025-10-07,Excellent,Observation automatique
966,2025-11-24,Correct,Observation automatique
966,2025-11-30,Bon,Observation automatique
343,2025-08-13,Excellent,Observation automatique
343,2025-06-27,Correct,Observation automatique
343,2025-12-19,Très mauvais,Observation automatique
343,2025-11-02,Bon,Observation automatique
343,2025-11-28,Excellent,Observation automatique
343,2025-07-03,Très mauvais,Observation automatique
502,2025-09-27,Excellent,Observation automatique
502,2025-07-11,Très mauvais,Observation automatique
502,2025-12-05,Bon,Observation automatique
502,2025-09-01,Mauvais,Observation automatique
502,2025-06-09,Très mauvais,Observation automatique
502,2025-08-16,Mauvais,Observation automatique
502,2025-10-30,Excellent,Observation automatique
650,2025-06-14,Mauvais,Observation automatique
691,2025-10-07,Bon,Observation automatique
691,2025-07-17,Mauvais,Observation automatique
691,2025-08-12,Très mauvais,Observation automatique
188,2025-09-28,Très mauvais,Observation automatique
188,2025-07-05,Mauvais,Observation automatique
188,2025-10-01,Très mauvais,Observation automatique
376,2025-09-11,Excellent,Observation automatique
376,2025-08-24,Excellent,Observation automatique
376,2025-07-13,Mauvais,Observation automatique
376,2025-08-14,Correct,Observation automatique
376,2025-10-24,Très mauvais,Observation automatique
376,2025-08-08,Très mauvais,Observation automatique
376,2025-12-24,Bon,Observation automatique
1180,2025-06-06,Correct,Observation automatique
1180,2025-08-14,Correct,Observation automatique
1180,2025-10-12,Très mauvais,Observation automatique
1180,2025-12-08,Très mauvais,Observation automatique
1180,2025-06-27,Correct,Observation automatique
1004,2025-08-06,Mauvais,Observation automatique
1004,2025-08-02,Mauvais,Observation automatique
1004,2025-08-09,Mauvais,Observation automatique
1064,2025-08-04,Très mauvais,Observation automatique
1064,2025-06-05,Bon,Observation automatique
1064,2025-08-05,Très mauvais,Observation automatique
1064,2025-08-14,Mauvais,Observation automatique
1064,2025-10-01,Très mauvais,Observation automatique
1191,2025-07-05,Excellent,Observation automatique
1191,2025-10-29,Bon,Observation automatique
1191,2025-12-08,Correct,Observation automatique
1191,2025-09-01,Très mauvais,Observation automatique
869,2025-06-01,Excellent,Observation automatique
869,2025-11-20,Correct,Observation automatique
869,2025-09-30,Excellent,Observation automatique
869,2025-12-07,Correct,Observation automatique
869,2025-10-28,Très mauvais,Observation automatique
869,2025-10-01,Excellent,Observation automatique
145,2025-11-20,Bon,Observation automatique
145,2025-06-27,Bon,Observation automatique
145,2025-08-18,Très mauvais,Observation automatique
145,2025-10-02,Correct,Observation automatique
925,2025-10-04,Excellent,Observation automatique
925,2025-08-28,Mauvais,Observation automatique
925,2025-10-05,Excellent,Observation automatique
1030,2025-09-21,Bon,Observation automatique
1030,2025-07-06,Bon,Observation automatique
1030,2025-06-08,Très mauvais,Observation automatique
1030,2025-12-04,Très mauvais,Observation automatique
1030,2025-08-26,Excellent,Observation automatique
1000,2025-06-29,Bon,Observation automatique
1000,2025-07-25,Correct,Observation automatique
1000,2025-08-29,Correct,Observation automatique
1000,2025-08-19,Mauvais,Observation automatique
1000,2025-09-15,Bon,Observation automatique
143,2025-07-25,Bon,Observation automatique
143,2025-06-21,Excellent,Observation automatique
143,2025-08-07,Mauvais,Observation automatique
143,2025-11-27,Correct,Observation automatique
143,2025-08-11,Très mauvais,Observation automatique
119,2025-09-22,Bon,Observation automatique
119,2025-11-02,Correct,Observation automatique
119,2025-11-28,Très mauvais,Observation automatique
119,2025-12-02,Très mauvais,Observation automatique
119,2025-06-22,Très mauvais,Observation automatique
139,2025-08-06,Excellent,Observation automatique
139,2025-08-31,Mauvais,Observation automatique
139,2025-08-07,Correct,Observation automatique
139,2025-06-13,Correct,Observation automatique
683,2025-12-21,Mauvais,Observation automatique
683,2025-07-02,Très mauvais,Observation automatique
683,2025-10-21,Très mauvais,Observation automatique
683,2025-11-28,Très mauvais,Observation automatique
779,2025-07-04,Très mauvais,Observation automatique
5,2025-07-06,Très mauvais,Observation automatique
426,2025-11-21,Mauvais,Observation automatique
426,2025-12-19,Mauvais,Observation automatique
426,2025-08-07,Mauvais,Observation automatique
426,2025-07-22,Très mauvais,Observation automatique
426,2025-09-19,Excellent,Observation automatique
830,2025-10-11,Bon,Observation automatique
830,2025-11-19,Très mauvais,Observation automatique
619,2025-09-30,Bon,Observation automatique
619,2025-10-05,Correct,Observation automatique
619,2025-12-14,Excellent,Observation automatique
623,2025-09-18,Correct,Observation automatique
623,2025-10-29,Très mauvais,Observation automatique
1119,2025-12-24,Bon,Observation automatique
1119,2025-06-26,Très mauvais,Observation automatique
1119,2025-09-03,Correct,Observation automatique
1119,2025-07-25,Mauvais,Observation automatique
1119,2025-08-03,Excellent,Observation automatique
1119,2025-07-24,Bon,Observation automatique
212,2025-11-14,Bon,Observation automatique
212,2025-12-19,Très mauvais,Observation automatique
212,2025-10-14,Mauvais,Observation automatique
980,2025-09-10,Excellent,Observation automatique
980,2025-12-19,Correct,Observation automatique
814,2025-07-28,Mauvais,Observation automatique
814,2025-07-05,Excellent,Observation automatique
814,2025-06-28,Très mauvais,Observation automatique
814,2025-12-05,Bon,Observation automatique
814,2025-07-01,Bon,Observation automatique
814,2025-10-28,Excellent,Observation automatique
814,2025-09-24,Bon,Observation automatique
87,2025-12-14,Très mauvais,Observation automatique
87,2025-09-29,Très mauvais,Observation automatique
87,2025-12-15,Bon,Observation automatique
399,2025-07-01,Correct,Observation automatique
399,2025-10-16,Très mauvais,Observation automatique
399,2025-06-11,Excellent,Observation automatique
399,2025-10-30,Mauvais,Observation automatique
398,2025-08-26,Correct,Observation automatique
398,2025-07-11,Très mauvais,Observation automatique
398,2025-10-10,Mauvais,Observation automatique
398,2025-09-06,Correct,Observation automatique
398,2025-10-01,Correct,Observation automatique
398,2025-07-05,Bon,Observation automatique
398,2025-11-19,Bon,Observation automatique
38,2025-07-11,Bon,Observation automatique
38,2025-08-09,Excellent,Observation automatique
1027,2025-12-01,Bon,Observation automatique
1027,2025-07-03,Excellent,Observation automatique
1027,2025-11-08,Mauvais,Observation automatique
1027,2025-12-26,Correct,Observation automatique
340,2025-09-18,Très mauvais,Observation automatique
340,2025-12-09,Bon,Observation automatique
340,2025-09-30,Mauvais,Observation automatique
340,2025-08-11,Excellent,Observation automatique
340,2025-07-12,Correct,Observation automatique
340,2025-11-10,Bon,Observation automatique
110,2025-07-18,Excellent,Observation automatique
110,2025-08-25,Très mauvais,Observation automatique
1016,2025-12-22,Mauvais,Observation automatique
1016,2025-08-05,Mauvais,Observation automatique
1016,2025-09-02,Correct,Observation automatique
1016,2025-12-13,Excellent,Observation automatique
1016,2025-12-03,Très mauvais,Observation automatique
1016,2025-08-08,Très mauvais,Observation automatique
1016,2025-07-23,Correct,Observation automatique
394,2025-12-13,Correct,Observation automatique
301,2025-09-20,Excellent,Observation automatique
301,2025-10-13,Excellent,Observation automatique
301,2025-12-05,Très mauvais,Observation automatique
301,2025-11-30,Bon,Observation automatique
301,2025-10-01,Mauvais,Observation automatique
460,2025-07-24,Correct,Observation automatique
460,2025-09-11,Excellent,Observation automatique
460,2025-11-06,Excellent,Observation automatique
460,2025-09-15,Bon,Observation automatique
460,2025-11-12,Mauvais,Observation automatique
608,2025-06-14,Bon,Observation automatique
608,2025-12-17,Très mauvais,Observation automatique
608,2025-09-19,Bon,Observation automatique
296,2025-08-04,Excellent,Observation automatique
296,2025-08-15,Correct,Observation automatique
296,2025-06-25,Correct,Observation automatique
386,2025-07-08,Mauvais,Observation automatique
1046,2025-07-26,Mauvais,Observation automatique
1046,2025-09-24,Correct,Observation automatique
1046,2025-09-06,Excellent,Observation automatique
1046,2025-06-30,Excellent,Observation automatique
1046,2025-10-30,Correct,Observation automatique
1046,2025-10-14,Excellent,Observation automatique
516,2025-06-01,Très mauvais,Observation automatique
516,2025-09-21,Bon,Observation automatique
516,2025-08-06,Bon,Observation automatique
516,2025-11-02,Mauvais,Observation automatique
516,2025-09-10,Correct,Observation automatique
1134,2025-09-08,Bon,Observation automatique
1134,2025-06-06,Excellent,Observation automatique
1134,2025-09-11,Excellent,Observation automatique
1134,2025-11-17,Excellent,Observation automatique
1134,2025-11-07,Bon,Observation automatique
1134,2025-09-12,Excellent,Observation automatique
1134,2025-09-17,Très mauvais,Observation automatique
1126,2025-07-23,Très mauvais,Observation automatique
1126,2025-09-21,Bon,Observation automatique
1126,2025-12-16,Excellent,Observation automatique
53,2025-10-21,Très mauvais,Observation automatique
53,2025-11-16,Correct,Observation automatique
53,2025-08-23,Mauvais,Observation automatique
1033,2025-07-11,Bon,Observation automatique
1033,2025-06-17,Excellent,Observation automatique
1033,2025-11-23,Très mauvais,Observation automatique
1033,2025-07-01,Mauvais,Observation automatique
1033,2025-08-20,Correct,Observation automatique
1033,2025-09-06,Bon,Observation automatique
8,2025-09-08,Excellent,Observation automatique
8,2025-12-22,Correct,Observation automatique
8,2025-07-01,Bon,Observation automatique
8,2025-12-01,Mauvais,Observation automatique
8,2025-07-18,Très mauvais,Observation automatique
8,2025-09-19,Bon,Observation automatique
1161,2025-09-29,Excellent,Observation automatique
1161,2025-12-12,Très mauvais,Observation automatique
1161,2025-07-22,Bon,Observation automatique
1161,2025-10-25,Bon,Observation automatique
1161,2025-11-15,Mauvais,Observation automatique
1161,2025-08-17,Bon,Observation automatique
764,2025-09-20,Excellent,Observation automatique
764,2025-10-04,Mauvais,Observation automatique
764,2025-07-31,Très mauvais,Observation automatique
764,2025-06-07,Correct,Observation automatique
764,2025-09-24,Très mauvais,Observation automatique
1146,2025-10-13,Mauvais,Observation automatique
1146,2025-10-23,Bon,Observation automatique
1146,2025-12-29,Excellent,Observation automatique
1146,2025-08-30,Mauvais,Observation automatique
341,2025-07-07,Mauvais,Observation automatique
341,2025-07-18,Mauvais,Observation automatique
341,2025-10-13,Correct,Observation automatique
654,2025-11-05,Mauvais,Observation automatique
654,2025-07-11,Mauvais,Observation automatique
654,2025-07-18,Très mauvais,Observation automatique
654,2025-12-03,Bon,Observation automatique
589,2025-07-23,Correct,Observation automatique
589,2025-09-17,Correct,Observation automatique
589,2025-10-23,Correct,Observation automatique
589,2025-12-07,Mauvais,Observation automatique
589,2025-11-02,Excellent,Observation automatique
628,2025-12-18,Mauvais,Observation automatique
628,2025-12-14,Bon,Observation automatique
628,2025-08-10,Bon,Observation automatique
628,2025-10-17,Très mauvais,Observation automatique
902,2025-07-07,Bon,Observation automatique
902,2025-08-15,Très mauvais,Observation automatique
902,2025-08-05,Bon,Observation automatique
902,2025-07-24,Excellent,Observation automatique
902,2025-06-08,Mauvais,Observation automatique
902,2025-11-12,Très mauvais,Observation automatique
983,2025-07-28,Mauvais,Observation automatique
983,2025-12-28,Correct,Observation automatique
983,2025-07-01,Mauvais,Observation automatique
983,2025-07-14,Correct,Observation automatique
60,2025-10-31,Correct,Observation automatique
60,2025-12-08,Excellent,Observation automatique
60,2025-10-17,Excellent,Observation automatique
60,2025-09-23,Très mauvais,Observation automatique
60,2025-08-15,Mauvais,Observation automatique
60,2025-11-23,Excellent,Observation automatique
135,2025-11-09,Excellent,Observation automatique
135,2025-10-23,Excellent,Observation automatique
135,2025-06-07,Très mauvais,Observation automatique
135,2025-08-13,Très mauvais,Observation automatique
299,2025-06-30,Très mauvais,Observation automatique
299,2025-09-23,Très mauvais,Observation automatique
192,2025-12-24,Mauvais,Observation automatique
192,2025-10-23,Bon,Observation automatique
192,2025-06-29,Excellent,Observation automatique
192,2025-10-17,Correct,Observation automatique
192,2025-06-22,Correct,Observation automatique
192,2025-11-11,Correct,Observation automatique
192,2025-06-01,Correct,Observation automatique
228,2025-07-25,Mauvais,Observation automatique
228,2025-09-07,Très mauvais,Observation automatique
113,2025-07-16,Très mauvais,Observation automatique
113,2025-08-03,Très mauvais,Observation automatique
113,2025-10-23,Bon,Observation automatique
113,2025-11-02,Bon,Observation automatique
113,2025-12-22,Bon,Observation automatique
113,2025-11-15,Mauvais,Observation automatique
149,2025-07-27,Mauvais,Observation automatique
149,2025-11-18,Correct,Observation automatique
697,2025-07-16,Bon,Observation automatique
697,2025-08-10,Bon,Observation automatique
396,2025-12-30,Mauvais,Observation automatique
396,2025-10-18,Bon,Observation automatique
396,2025-07-04,Excellent,Observation automatique
826,2025-08-26,Bon,Observation automatique
826,2025-11-01,Très mauvais,Observation automatique
564,2025-09-21,Très mauvais,Observation automatique
564,2025-06-05,Correct,Observation automatique
564,2025-07-15,Bon,Observation automatique
564,2025-12-15,Bon,Observation automatique
687,2025-08-11,Mauvais,Observation automatique
687,2025-09-13,Excellent,Observation automatique
687,2025-12-29,Excellent,Observation automatique
687,2025-09-11,Excellent,Observation automatique
687,2025-12-21,Excellent,Observation automatique
687,2025-11-25,Excellent,Observation automatique
1021,2025-07-11,Mauvais,Observation automatique
1021,2025-08-21,Bon,Observation automatique
155,2025-12-25,Mauvais,Observation automatique
155,2025-08-16,Très mauvais,Observation automatique
155,2025-08-12,Bon,Observation automatique
155,2025-08-29,Très mauvais,Observation automatique
155,2025-07-29,Mauvais,Observation automatique
375,2025-11-10,Très mauvais,Observation automatique
375,2025-11-06,Correct,Observation automatique
375,2025-10-14,Mauvais,Observation automatique
375,2025-11-08,Correct,Observation automatique
236,2025-10-06,Excellent,Observation automatique
236,2025-06-10,Très mauvais,Observation automatique
236,2025-08-16,Bon,Observation automatique
236,2025-11-02,Bon,Observation automatique
236,2025-07-18,Très mauvais,Observation automatique
236,2025-12-30,Correct,Observation automatique
743,2025-07-22,Excellent,Observation automatique
743,2025-12-15,Bon,Observation automatique
743,2025-06-10,Correct,Observation automatique
743,2025-08-28,Correct,Observation automatique
743,2025-08-04,Correct,Observation automatique
743,2025-11-25,Correct,Observation automatique
635,2025-08-18,Très mauvais,Observation automatique
635,2025-12-23,Très mauvais,Observation automatique
635,2025-06-29,Très mauvais,Observation automatique
635,2025-06-09,Très mauvais,Observation automatique
635,2025-06-01,Très mauvais,Observation automatique
1139,2025-08-01,Excellent,Observation automatique
1139,2025-11-03,Bon,Observation automatique
1139,2025-12-29,Correct,Observation automatique
1139,2025-11-22,Correct,Observation automatique
1139,2025-09-03,Mauvais,Observation automatique
1172,2025-11-13,Mauvais,Observation automatique
1172,2025-12-10,Correct,Observation automatique
1172,2025-08-05,Mauvais,Observation automatique
1172,2025-07-04,Très mauvais,Observation automatique
1172,2025-06-03,Bon,Observation automatique
1172,2025-07-10,Mauvais,Observation automatique
1172,2025-07-15,Bon,Observation automatique
708,2025-08-10,Bon,Observation automatique
708,2025-06-13,Mauvais,Observation automatique
708,2025-06-04,Bon,Observation automatique
708,2025-06-29,Très mauvais,Observation automatique
708,2025-09-25,Mauvais,Observation automatique
708,2025-11-23,Mauvais,Observation automatique
708,2025-11-25,Très mauvais,Observation automatique
336,2025-11-19,Correct,Observation automatique
906,2025-10-12,Mauvais,Observation automatique
186,2025-07-24,Bon,Observation automatique
186,2025-09-14,Bon,Observation automatique
186,2025-12-05,Excellent,Observation automatique
509,2025-07-04,Excellent,Observation automatique
509,2025-07-13,Excellent,Observation automatique
509,2025-09-23,Mauvais,Observation automatique
509,2025-08-04,Bon,Observation automatique
509,2025-09-21,Mauvais,Observation automatique
463,2025-11-29,Mauvais,Observation automatique
463,2025-08-23,Très mauvais,Observation automatique
463,2025-06-07,Bon,Observation automatique
573,2025-10-08,Bon,Observation automatique
573,2025-12-23,Mauvais,Observation automatique
573,2025-10-15,Mauvais,Observation automatique
573,2025-07-10,Mauvais,Observation automatique
573,2025-10-31,Excellent,Observation automatique
573,2025-12-21,Bon,Observation automatique
679,2025-09-05,Mauvais,Observation automatique
679,2025-12-06,Mauvais,Observation automatique
679,2025-07-17,Très mauvais,Observation automatique
679,2025-08-25,Excellent,Observation automatique
916,2025-10-19,Très mauvais,Observation automatique
916,2025-11-27,Bon,Observation automatique
178,2025-10-03,Excellent,Observation automatique
178,2025-06-25,Très mauvais,Observation automatique
1108,2025-10-07,Très mauvais,Observation automatique
1108,2025-11-09,Très mauvais,Observation automatique
1108,2025-07-01,Mauvais,Observation automatique
1108,2025-09-12,Bon,Observation automatique
1108,2025-07-17,Correct,Observation automatique
1108,2025-07-03,Bon,Observation automatique
1108,2025-12-23,Mauvais,Observation automatique
900,2025-11-15,Excellent,Observation automatique
900,2025-12-27,Excellent,Observation automatique
900,2025-06-03,Correct,Observation automatique
900,2025-11-16,Bon,Observation automatique
1045,2025-09-26,Excellent,Observation automatique
1045,2025-06-22,Bon,Observation automatique
1045,2025-12-06,Très mauvais,Observation automatique
631,2025-07-12,Bon,Observation automatique
631,2025-07-22,Très mauvais,Observation automatique
631,2025-11-20,Très mauvais,Observation automatique
631,2025-08-30,Excellent,Observation automatique
631,2025-12-01,Mauvais,Observation automatique
23,2025-10-08,Très mauvais,Observation automatique
23,2025-09-01,Très mauvais,Observation automatique
23,2025-11-16,Mauvais,Observation automatique
23,2025-11-28,Correct,Observation automatique
23,2025-08-23,Très mauvais,Observation automatique
23,2025-08-09,Très mauvais,Observation automatique
728,2025-09-09,Bon,Observation automatique
728,2025-10-31,Correct,Observation automatique
728,2025-11-30,Correct,Observation automatique
728,2025-12-05,Correct,Observation automatique
658,2025-10-28,Bon,Observation automatique
658,2025-11-02,Mauvais,Observation automatique
71,2025-07-17,Bon,Observation automatique
71,2025-06-18,Excellent,Observation automatique
71,2025-12-13,Mauvais,Observation automatique
71,2025-11-28,Correct,Observation automatique
1145,2025-11-02,Très mauvais,Observation automatique
1145,2025-11-09,Très mauvais,Observation automatique
1145,2025-07-29,Bon,Observation automatique
1145,2025-10-05,Très mauvais,Observation automatique
1145,2025-06-06,Excellent,Observation automatique
1145,2025-12-30,Bon,Observation automatique
1145,2025-06-26,Mauvais,Observation automatique
325,2025-06-20,Très mauvais,Observation automatique
288,2025-12-26,Très mauvais,Observation automatique
288,2025-11-11,Bon,Observation automatique
538,2025-06-06,Excellent,Observation automatique
538,2025-12-21,Bon,Observation automatique
538,2025-09-22,Correct,Observation automatique
538,2025-07-30,Mauvais,Observation automatique
538,2025-06-12,Mauvais,Observation automatique
203,2025-08-19,Excellent,Observation automatique
457,2025-06-11,Très mauvais,Observation automatique
457,2025-12-18,Bon,Observation automatique
457,2025-06-01,Excellent,Observation automatique
588,2025-07-25,Très mauvais,Observation automatique
588,2025-08-11,Très mauvais,Observation automatique
588,2025-12-20,Excellent,Observation automatique
588,2025-06-30,Correct,Observation automatique
545,2025-11-14,Correct,Observation automatique
545,2025-12-17,Excellent,Observation automatique
913,2025-10-10,Correct,Observation automatique
913,2025-06-20,Bon,Observation automatique
913,2025-08-21,Très mauvais,Observation automatique
913,2025-06-28,Excellent,Observation automatique
913,2025-07-07,Correct,Observation automatique
594,2025-10-14,Excellent,Observation automatique
594,2025-11-26,Mauvais,Observation automatique
594,2025-07-17,Très mauvais,Observation automatique
594,2025-12-02,Bon,Observation automatique
594,2025-10-18,Bon,Observation automatique
594,2025-07-21,Correct,Observation automatique
594,2025-12-07,Très mauvais,Observation automatique
1173,2025-06-09,Très mauvais,Observation automatique
1001,2025-11-19,Bon,Observation automatique
1001,2025-10-22,Bon,Observation automatique
221,2025-12-27,Très mauvais,Observation automatique
221,2025-11-14,Très mauvais,Observation automatique
499,2025-08-10,Bon,Observation automatique
499,2025-08-07,Excellent,Observation automatique
499,2025-10-29,Mauvais,Observation automatique
499,2025-07-08,Correct,Observation automatique
499,2025-09-28,Très mauvais,Observation automatique
499,2025-06-29,Correct,Observation automatique
282,2025-06-28,Mauvais,Observation automatique
282,2025-11-23,Très mauvais,Observation automatique
282,2025-10-29,Excellent,Observation automatique
282,2025-09-06,Excellent,Observation automatique
282,2025-10-16,Bon,Observation automatique
282,2025-11-26,Très mauvais,Observation automatique
282,2025-12-25,Bon,Observation automatique
703,2025-08-22,Bon,Observation automatique
703,2025-09-15,Excellent,Observation automatique
802,2025-11-09,Excellent,Observation automatique
802,2025-09-04,Bon,Observation automatique
802,2025-12-18,Bon,Observation automatique
802,2025-12-25,Très mauvais,Observation automatique
802,2025-11-18,Correct,Observation automatique
802,2025-07-10,Bon,Observation automatique
844,2025-12-20,Correct,Observation automatique
844,2025-09-30,Très mauvais,Observation automatique
844,2025-07-18,Correct,Observation automatique
844,2025-09-04,Excellent,Observation automatique
844,2025-06-04,Bon,Observation automatique
844,2025-10-23,Mauvais,Observation automatique
844,2025-11-02,Correct,Observation automatique
1178,2025-07-18,Mauvais,Observation automatique
1178,2025-06-28,Mauvais,Observation automatique
1178,2025-11-06,Bon,Observation automatique
28,2025-08-18,Excellent,Observation automatique
28,2025-07-19,Excellent,Observation automatique
28,2025-11-04,Mauvais,Observation automatique
749,2025-08-22,Correct,Observation automatique
749,2025-07-30,Excellent,Observation automatique
749,2025-09-03,Correct,Observation automatique
520,2025-07-06,Bon,Observation automatique
520,2025-12-03,Très mauvais,Observation automatique
520,2025-08-08,Excellent,Observation automatique
520,2025-09-15,Bon,Observation automatique
714,2025-06-10,Correct,Observation automatique
714,2025-11-15,Mauvais,Observation automatique
714,2025-10-03,Correct,Observation automatique
714,2025-11-12,Correct,Observation automatique
714,2025-12-14,Bon,Observation automatique
714,2025-10-26,Très mauvais,Observation automatique
669,2025-08-29,Très mauvais,Observation automatique
669,2025-09-09,Très mauvais,Observation automatique
669,2025-06-20,Bon,Observation automatique
669,2025-09-01,Bon,Observation automatique
669,2025-12-24,Excellent,Observation automatique
582,2025-09-15,Très mauvais,Observation automatique
123,2025-06-15,Correct,Observation automatique
1054,2025-12-02,Très mauvais,Observation automatique
267,2025-07-14,Excellent,Observation automatique
267,2025-07-19,Excellent,Observation automatique
267,2025-11-26,Très mauvais,Observation automatique
267,2025-09-04,Bon,Observation automatique
759,2025-12-30,Bon,Observation automatique
759,2025-07-23,Très mauvais,Observation automatique
759,2025-07-01,Bon,Observation automatique
963,2025-09-20,Mauvais,Observation automatique
928,2025-10-01,Correct,Observation automatique
928,2025-10-17,Correct,Observation automatique
928,2025-12-09,Excellent,Observation automatique
928,2025-10-03,Excellent,Observation automatique
928,2025-09-04,Bon,Observation automatique
993,2025-06-29,Bon,Observation automatique
993,2025-06-22,Excellent,Observation automatique
746,2025-06-07,Mauvais,Observation automatique
746,2025-11-09,Très mauvais,Observation automatique
746,2025-11-13,Excellent,Observation automatique
746,2025-12-30,Excellent,Observation automatique
1141,2025-10-24,Très mauvais,Observation automatique
1141,2025-09-22,Bon,Observation automatique
673,2025-07-03,Excellent,Observation automatique
673,2025-11-19,Bon,Observation automatique
673,2025-06-11,Très mauvais,Observation automatique
673,2025-10-06,Bon,Observation automatique
673,2025-06-30,Mauvais,Observation automatique
121,2025-09-08,Excellent,Observation automatique
121,2025-06-15,Très mauvais,Observation automatique
121,2025-12-28,Excellent,Observation automatique
121,2025-08-29,Excellent,Observation automatique
121,2025-07-23,Excellent,Observation automatique
121,2025-11-06,Excellent,Observation automatique
1168,2025-11-03,Excellent,Observation automatique
1168,2025-11-20,Mauvais,Observation automatique
1168,2025-11-19,Mauvais,Observation automatique
1168,2025-10-28,Bon,Observation automatique
1168,2025-06-30,Excellent,Observation automatique
1168,2025-08-10,Très mauvais,Observation automatique
1168,2025-10-17,Excellent,Observation automatique
285,2025-08-03,Mauvais,Observation automatique
285,2025-09-10,Excellent,Observation automatique
1015,2025-07-04,Bon,Observation automatique
1015,2025-07-23,Bon,Observation automatique
904,2025-06-15,Bon,Observation automatique
904,2025-11-13,Bon,Observation automatique
922,2025-12-12,Bon,Observation automatique
922,2025-11-08,Excellent,Observation automatique
922,2025-07-04,Correct,Observation automatique
850,2025-08-15,Mauvais,Observation automatique
850,2025-07-02,Bon,Observation automatique
850,2025-12-07,Excellent,Observation automatique
850,2025-09-02,Très mauvais,Observation automatique
850,2025-10-17,Excellent,Observation automatique
986,2025-12-26,Très mauvais,Observation automatique
986,2025-07-29,Correct,Observation automatique
986,2025-10-13,Bon,Observation automatique
986,2025-11-17,Mauvais,Observation automatique
1100,2025-06-24,Très mauvais,Observation automatique
616,2025-10-28,Très mauvais,Observation automatique
616,2025-08-26,Correct,Observation automatique
616,2025-12-28,Mauvais,Observation automatique
328,2025-11-09,Correct,Observation automatique
328,2025-08-13,Correct,Observation automatique
328,2025-10-19,Bon,Observation automatique
328,2025-12-22,Très mauvais,Observation automatique
328,2025-10-14,Correct,Observation automatique
1094,2025-09-03,Excellent,Observation automatique
1094,2025-08-23,Bon,Observation automatique
1094,2025-08-22,Bon,Observation automatique
1094,2025-08-29,Très mauvais,Observation automatique
1094,2025-11-24,Excellent,Observation automatique
1094,2025-11-16,Mauvais,Observation automatique
513,2025-10-08,Bon,Observation automatique
513,2025-10-16,Mauvais,Observation automatique
513,2025-12-05,Excellent,Observation automatique
513,2025-07-19,Bon,Observation automatique
513,2025-09-29,Correct,Observation automatique
513,2025-07-24,Correct,Observation automatique
561,2025-06-07,Mauvais,Observation automatique
561,2025-10-19,Bon,Observation automatique
561,2025-06-13,Correct,Observation automatique
933,2025-07-12,Très mauvais,Observation automatique
933,2025-06-28,Mauvais,Observation automatique
933,2025-07-13,Mauvais,Observation automatique
933,2025-10-27,Mauvais,Observation automatique
933,2025-10-05,Très mauvais,Observation automatique
45,2025-10-13,Mauvais,Observation automatique
45,2025-10-02,Bon,Observation automatique
45,2025-10-24,Mauvais,Observation automatique
45,2025-06-08,Très mauvais,Observation automatique
45,2025-08-20,Très mauvais,Observation automatique
45,2025-09-10,Bon,Observation automatique
748,2025-10-25,Correct,Observation automatique
1113,2025-06-03,Très mauvais,Observation automatique
1113,2025-11-19,Mauvais,Observation automatique
1113,2025-06-17,Mauvais,Observation automatique
1113,2025-07-01,Mauvais,Observation automatique
1113,2025-11-28,Excellent,Observation automatique
1113,2025-07-13,Mauvais,Observation automatique
1113,2025-07-11,Correct,Observation automatique
244,2025-06-20,Bon,Observation automatique
244,2025-09-09,Mauvais,Observation automatique
244,2025-07-07,Correct,Observation automatique
244,2025-11-08,Excellent,Observation automatique
244,2025-11-27,Mauvais,Observation automatique
244,2025-06-22,Bon,Observation automatique
244,2025-10-19,Mauvais,Observation automatique
607,2025-09-09,Excellent,Observation automatique
607,2025-07-25,Mauvais,Observation automatique
607,2025-10-08,Mauvais,Observation automatique
607,2025-10-19,Bon,Observation automatique
248,2025-10-02,Correct,Observation automatique
707,2025-07-22,Mauvais,Observation automatique
707,2025-11-19,Très mauvais,Observation automatique
1153,2025-08-07,Excellent,Observation automatique
1153,2025-07-20,Mauvais,Observation automatique
1153,2025-08-15,Mauvais,Observation automatique
1153,2025-09-30,Correct,Observation automatique
1153,2025-12-18,Correct,Observation automatique
639,2025-08-13,Correct,Observation automatique
639,2025-09-26,Mauvais,Observation automatique
639,2025-08-28,Correct,Observation automatique
639,2025-08-19,Bon,Observation automatique
569,2025-09-25,Mauvais,Observation automatique
569,2025-10-09,Mauvais,Observation automatique
569,2025-12-26,Bon,Observation automatique
569,2025-11-25,Bon,Observation automatique
569,2025-12-04,Correct,Observation automatique
569,2025-08-31,Excellent,Observation automatique
801,2025-06-13,Bon,Observation automatique
164,2025-12-24,Très mauvais,Observation automatique
164,2025-09-10,Correct,Observation automatique
164,2025-07-13,Très mauvais,Observation automatique
164,2025-09-02,Correct,Observation automatique
164,2025-11-16,Très mauvais,Observation automatique
164,2025-08-29,Très mauvais,Observation automatique
164,2025-09-05,Mauvais,Observation automatique
1032,2025-10-15,Mauvais,Observation automatique
1032,2025-12-20,Bon,Observation automatique
1032,2025-10-10,Mauvais,Observation automatique
1032,2025-10-25,Correct,Observation automatique
4,2025-09-04,Bon,Observation automatique
4,2025-09-02,Correct,Observation automatique
476,2025-10-20,Excellent,Observation automatique
476,2025-07-14,Bon,Observation automatique
476,2025-12-08,Correct,Observation automatique
476,2025-12-18,Excellent,Observation automatique
476,2025-07-26,Bon,Observation automatique
61,2025-10-19,Excellent,Observation automatique
61,2025-06-16,Mauvais,Observation automatique
61,2025-07-02,Correct,Observation automatique
61,2025-09-18,Très mauvais,Observation automatique
61,2025-11-17,Mauvais,Observation automatique
61,2025-06-08,Bon,Observation automatique
61,2025-10-29,Correct,Observation automatique
1125,2025-06-17,Bon,Observation automatique
1125,2025-12-30,Excellent,Observation automatique
1125,2025-07-08,Très mauvais,Observation automatique
996,2025-10-13,Correct,Observation automatique
996,2025-06-08,Très mauvais,Observation automatique
996,2025-07-26,Excellent,Observation automatique
996,2025-10-14,Mauvais,Observation automatique
996,2025-08-14,Excellent,Observation automatique
996,2025-06-10,Correct,Observation automatique
367,2025-10-31,Excellent,Observation automatique
367,2025-12-24,Très mauvais,Observation automatique
367,2025-08-29,Bon,Observation automatique
367,2025-11-07,Mauvais,Observation automatique
367,2025-08-28,Excellent,Observation automatique
367,2025-10-30,Excellent,Observation automatique
895,2025-08-29,Correct,Observation automatique
895,2025-06-08,Mauvais,Observation automatique
895,2025-08-24,Mauvais,Observation automatique
895,2025-08-16,Bon,Observation automatique
895,2025-11-17,Bon,Observation automatique
895,2025-07-03,Bon,Observation automatique
895,2025-09-03,Bon,Observation automatique
648,2025-06-06,Bon,Observation automatique
648,2025-06-27,Correct,Observation automatique
648,2025-12-03,Correct,Observation automatique
648,2025-08-11,Excellent,Observation automatique
277,2025-06-24,Bon,Observation automatique
277,2025-06-25,Mauvais,Observation automatique
277,2025-07-23,Très mauvais,Observation automatique
277,2025-10-08,Correct,Observation automatique
95,2025-06-17,Excellent,Observation automatique
1047,2025-08-06,Excellent,Observation automatique
1047,2025-07-26,Mauvais,Observation automatique
950,2025-11-03,Très mauvais,Observation automatique
950,2025-06-10,Mauvais,Observation automatique
950,2025-06-04,Bon,Observation automatique
950,2025-08-27,Bon,Observation automatique
950,2025-10-06,Correct,Observation automatique
865,2025-08-02,Bon,Observation automatique
865,2025-06-23,Très mauvais,Observation automatique
865,2025-07-29,Excellent,Observation automatique
865,2025-11-08,Excellent,Observation automatique
865,2025-07-21,Très mauvais,Observation automatique
865,2025-08-26,Très mauvais,Observation automatique
776,2025-12-02,Mauvais,Observation automatique
776,2025-06-25,Bon,Observation automatique
776,2025-12-20,Excellent,Observation automatique
776,2025-09-17,Très mauvais,Observation automatique
776,2025-06-16,Correct,Observation automatique
776,2025-08-27,Mauvais,Observation automatique
81,2025-08-05,Correct,Observation automatique
1102,2025-07-10,Excellent,Observation automatique
1102,2025-11-11,Correct,Observation automatique
888,2025-10-07,Mauvais,Observation automatique
888,2025-08-06,Correct,Observation automatique
37,2025-08-11,Excellent,Observation automatique
37,2025-08-16,Très mauvais,Observation automatique
37,2025-08-13,Très mauvais,Observation automatique
37,2025-06-13,Bon,Observation automatique
37,2025-07-31,Mauvais,Observation automatique
905,2025-10-23,Très mauvais,Observation automatique
905,2025-08-23,Mauvais,Observation automatique
905,2025-11-29,Mauvais,Observation automatique
999,2025-11-12,Très mauvais,Observation automatique
999,2025-12-20,Très mauvais,Observation automatique
999,2025-09-11,Mauvais,Observation automatique
932,2025-10-10,Mauvais,Observation automatique
101,2025-06-21,Mauvais,Observation automatique
101,2025-07-13,Mauvais,Observation automatique
101,2025-09-03,Très mauvais,Observation automatique
101,2025-09-28,Excellent,Observation automatique
101,2025-10-03,Excellent,Observation automatique
1010,2025-10-15,Excellent,Observation automatique
1010,2025-10-16,Mauvais,Observation automatique
1010,2025-08-29,Mauvais,Observation automatique
1010,2025-12-11,Excellent,Observation automatique
416,2025-11-27,Mauvais,Observation automatique
945,2025-06-14,Excellent,Observation automatique
945,2025-11-23,Excellent,Observation automatique
945,2025-11-06,Très mauvais,Observation automatique
286,2025-11-23,Excellent,Observation automatique
356,2025-06-14,Bon,Observation automatique
356,2025-08-11,Mauvais,Observation automatique
356,2025-07-21,Bon,Observation automatique
356,2025-08-22,Excellent,Observation automatique
356,2025-10-09,Excellent,Observation automatique
356,2025-12-05,Bon,Observation automatique
356,2025-11-12,Très mauvais,Observation automatique
940,2025-11-21,Mauvais,Observation automatique
940,2025-10-10,Excellent,Observation automatique
940,2025-08-05,Très mauvais,Observation automatique
940,2025-08-02,Correct,Observation automatique
940,2025-07-12,Mauvais,Observation automatique
532,2025-07-20,Bon,Observation automatique
532,2025-10-28,Excellent,Observation automatique
532,2025-12-26,Excellent,Observation automatique
532,2025-12-19,Mauvais,Observation automatique
532,2025-07-13,Bon,Observation automatique
532,2025-12-28,Bon,Observation automatique
924,2025-11-20,Mauvais,Observation automatique
924,2025-11-14,Très mauvais,Observation automatique
924,2025-10-27,Bon,Observation automatique
924,2025-12-19,Bon,Observation automatique
924,2025-12-02,Correct,Observation automatique
924,2025-11-23,Excellent,Observation automatique
924,2025-08-03,Correct,Observation automatique
758,2025-12-22,Bon,Observation automatique
758,2025-11-05,Mauvais,Observation automatique
758,2025-07-23,Correct,Observation automatique
758,2025-09-05,Bon,Observation automatique
758,2025-06-19,Excellent,Observation automatique
893,2025-12-29,Correct,Observation automatique
893,2025-10-07,Mauvais,Observation automatique
893,2025-10-25,Mauvais,Observation automatique
1098,2025-07-23,Correct,Observation automatique
1098,2025-08-28,Excellent,Observation automatique
1098,2025-07-04,Mauvais,Observation automatique
124,2025-09-25,Excellent,Observation automatique
124,2025-08-09,Bon,Observation automatique
124,2025-11-27,Mauvais,Observation automatique
124,2025-07-13,Très mauvais,Observation automatique
124,2025-10-15,Très mauvais,Observation automatique
124,2025-12-27,Correct,Observation automatique
644,2025-07-17,Correct,Observation automatique
644,2025-06-09,Très mauvais,Observation automatique
644,2025-06-02,Correct,Observation automatique
269,2025-11-26,Correct,Observation automatique
269,2025-12-05,Très mauvais,Observation automatique
269,2025-08-04,Correct,Observation automatique
745,2025-12-25,Correct,Observation automatique
745,2025-12-08,Très mauvais,Observation automatique
745,2025-08-30,Très mauvais,Observation automatique
745,2025-11-27,Excellent,Observation automatique
745,2025-08-07,Correct,Observation automatique
825,2025-09-06,Correct,Observation automatique
825,2025-06-15,Bon,Observation automatique
825,2025-12-05,Bon,Observation automatique
825,2025-11-11,Très mauvais,Observation automatique
344,2025-10-25,Bon,Observation automatique
344,2025-09-29,Bon,Observation automatique
344,2025-09-13,Excellent,Observation automatique
985,2025-09-10,Bon,Observation automatique
985,2025-11-28,Mauvais,Observation automatique
985,2025-08-30,Mauvais,Observation automatique
985,2025-10-28,Très mauvais,Observation automatique
166,2025-12-19,Mauvais,Observation automatique
166,2025-12-14,Très mauvais,Observation automatique
166,2025-09-19,Très mauvais,Observation automatique
166,2025-07-30,Mauvais,Observation automatique
166,2025-07-07,Mauvais,Observation automatique
202,2025-08-23,Mauvais,Observation automatique
202,2025-09-12,Excellent,Observation automatique
202,2025-08-10,Mauvais,Observation automatique
366,2025-08-11,Bon,Observation automatique
366,2025-08-23,Bon,Observation automatique
366,2025-12-22,Mauvais,Observation automatique
94,2025-11-17,Correct,Observation automatique
94,2025-08-18,Correct,Observation automatique
94,2025-07-20,Excellent,Observation automatique
94,2025-08-15,Excellent,Observation automatique
94,2025-06-26,Mauvais,Observation automatique
94,2025-10-14,Excellent,Observation automatique
653,2025-08-11,Excellent,Observation automatique
653,2025-08-26,Correct,Observation automatique
653,2025-12-13,Correct,Observation automatique
653,2025-07-27,Correct,Observation automatique
653,2025-10-07,Excellent,Observation automatique
653,2025-10-20,Excellent,Observation automatique
653,2025-12-18,Bon,Observation automatique
690,2025-09-27,Correct,Observation automatique
690,2025-10-21,Excellent,Observation automatique
690,2025-12-30,Mauvais,Observation automatique
690,2025-09-17,Très mauvais,Observation automatique
222,2025-07-07,Correct,Observation automatique
161,2025-09-05,Excellent,Observation automatique
161,2025-09-07,Mauvais,Observation automatique
161,2025-10-08,Bon,Observation automatique
161,2025-09-23,Bon,Observation automatique
161,2025-09-15,Très mauvais,Observation automatique
737,2025-09-22,Correct,Observation automatique
737,2025-06-07,Correct,Observation automatique
737,2025-11-08,Excellent,Observation automatique
1018,2025-06-28,Très mauvais,Observation automatique
1018,2025-07-13,Bon,Observation automatique
1018,2025-12-30,Mauvais,Observation automatique
1018,2025-06-22,Très mauvais,Observation automatique
1018,2025-12-28,Mauvais,Observation automatique
1018,2025-06-02,Mauvais,Observation automatique
903,2025-07-26,Très mauvais,Observation automatique
903,2025-06-11,Mauvais,Observation automatique
199,2025-09-28,Mauvais,Observation automatique
327,2025-08-14,Excellent,Observation automatique
327,2025-12-01,Bon,Observation automatique
685,2025-09-21,Très mauvais,Observation automatique
685,2025-12-17,Correct,Observation automatique
685,2025-11-02,Très mauvais,Observation automatique
685,2025-12-24,Bon,Observation automatique
685,2025-07-21,Correct,Observation automatique
685,2025-07-20,Très mauvais,Observation automatique
625,2025-09-18,Excellent,Observation automatique
625,2025-06-28,Très mauvais,Observation automatique
625,2025-11-19,Excellent,Observation automatique
625,2025-06-25,Bon,Observation automatique
625,2025-08-11,Bon,Observation automatique
1081,2025-12-21,Bon,Observation automatique
1081,2025-08-06,Correct,Observation automatique
1081,2025-10-08,Très mauvais,Observation automatique
1081,2025-07-19,Très mauvais,Observation automatique
1081,2025-08-08,Excellent,Observation automatique
1081,2025-11-22,Mauvais,Observation automatique
1081,2025-11-05,Très mauvais,Observation automatique
180,2025-11-10,Excellent,Observation automatique
180,2025-07-28,Excellent,Observation automatique
180,2025-09-23,Mauvais,Observation automatique
180,2025-12-02,Bon,Observation automatique
180,2025-09-08,Excellent,Observation automatique
180,2025-08-11,Correct,Observation automatique
56,2025-06-18,Mauvais,Observation automatique
56,2025-11-16,Correct,Observation automatique
56,2025-10-15,Correct,Observation automatique
56,2025-08-31,Mauvais,Observation automatique
56,2025-09-04,Correct,Observation automatique
56,2025-09-29,Mauvais,Observation automatique
50,2025-06-28,Bon,Observation automatique
50,2025-12-05,Mauvais,Observation automatique
50,2025-11-13,Très mauvais,Observation automatique
50,2025-08-15,Correct,Observation automatique
50,2025-12-10,Correct,Observation automatique
50,2025-12-16,Excellent,Observation automatique
510,2025-09-27,Mauvais,Observation automatique
510,2025-12-02,Très mauvais,Observation automatique
510,2025-10-11,Excellent,Observation automatique
1084,2025-09-17,Excellent,Observation automatique
1084,2025-10-27,Très mauvais,Observation automatique
1084,2025-10-31,Bon,Observation automatique
1084,2025-08-25,Correct,Observation automatique
371,2025-10-02,Très mauvais,Observation automatique
371,2025-12-01,Bon,Observation automatique
371,2025-06-28,Bon,Observation automatique
696,2025-10-25,Très mauvais,Observation automatique
696,2025-06-05,Mauvais,Observation automatique
696,2025-06-22,Mauvais,Observation automatique
696,2025-08-23,Bon,Observation automatique
696,2025-10-21,Bon,Observation automatique
696,2025-09-25,Excellent,Observation automatique
696,2025-09-24,Très mauvais,Observation automatique
632,2025-08-10,Très mauvais,Observation automatique
632,2025-06-10,Mauvais,Observation automatique
970,2025-07-29,Mauvais,Observation automatique
970,2025-07-21,Bon,Observation automatique
970,2025-09-02,Mauvais,Observation automatique
970,2025-06-26,Très mauvais,Observation automatique
586,2025-09-17,Mauvais,Observation automatique
586,2025-06-04,Bon,Observation automatique
586,2025-07-16,Correct,Observation automatique
586,2025-11-25,Correct,Observation automatique
586,2025-09-29,Bon,Observation automatique
586,2025-06-21,Correct,Observation automatique
342,2025-09-23,Mauvais,Observation automatique
241,2025-11-29,Correct,Observation automatique
241,2025-10-05,Bon,Observation automatique
241,2025-09-11,Mauvais,Observation automatique
241,2025-08-29,Excellent,Observation automatique
241,2025-10-07,Excellent,Observation automatique
241,2025-07-26,Bon,Observation automatique
211,2025-09-09,Correct,Observation automatique
211,2025-06-26,Correct,Observation automatique
358,2025-11-25,Bon,Observation automatique
358,2025-09-25,Bon,Observation automatique
358,2025-06-02,Correct,Observation automatique
358,2025-10-06,Mauvais,Observation automatique
466,2025-12-26,Bon,Observation automatique
466,2025-06-11,Mauvais,Observation automatique
466,2025-11-28,Mauvais,Observation automatique
466,2025-10-07,Très mauvais,Observation automatique
466,2025-09-21,Très mauvais,Observation automatique
466,2025-07-21,Bon,Observation automatique
370,2025-11-20,Très mauvais,Observation automatique
370,2025-08-05,Correct,Observation automatique
370,2025-06-11,Correct,Observation automatique
370,2025-07-11,Mauvais,Observation automatique
370,2025-09-11,Mauvais,Observation automatique
370,2025-06-30,Bon,Observation automatique
523,2025-06-15,Correct,Observation automatique
523,2025-07-25,Bon,Observation automatique
523,2025-10-19,Correct,Observation automatique
1075,2025-09-28,Bon,Observation automatique
1075,2025-11-16,Excellent,Observation automatique
1075,2025-12-03,Correct,Observation automatique
86,2025-08-11,Très mauvais,Observation automatique
86,2025-10-05,Bon,Observation automatique
86,2025-09-14,Mauvais,Observation automatique
86,2025-10-31,Mauvais,Observation automatique
86,2025-10-19,Bon,Observation automatique
901,2025-09-25,Mauvais,Observation automatique
901,2025-10-12,Excellent,Observation automatique
901,2025-12-02,Bon,Observation automatique
901,2025-11-30,Excellent,Observation automatique
70,2025-07-27,Très mauvais,Observation automatique
70,2025-10-11,Excellent,Observation automatique
70,2025-08-26,Excellent,Observation automatique
70,2025-07-09,Correct,Observation automatique
70,2025-09-02,Excellent,Observation automatique
439,2025-10-31,Bon,Observation automatique
439,2025-11-23,Bon,Observation automatique
439,2025-10-17,Très mauvais,Observation automatique
439,2025-06-19,Très mauvais,Observation automatique
439,2025-07-06,Excellent,Observation automatique
439,2025-11-01,Bon,Observation automatique
877,2025-08-30,Excellent,Observation automatique
877,2025-12-09,Mauvais,Observation automatique
877,2025-09-12,Correct,Observation automatique
224,2025-12-30,Excellent,Observation automatique
224,2025-08-31,Correct,Observation automatique
224,2025-08-23,Très mauvais,Observation automatique
522,2025-09-07,Excellent,Observation automatique
522,2025-09-02,Bon,Observation automatique
522,2025-12-18,Correct,Observation automatique
522,2025-10-22,Excellent,Observation automatique
522,2025-12-04,Très mauvais,Observation automatique
910,2025-10-01,Mauvais,Observation automatique
910,2025-07-18,Très mauvais,Observation automatique
910,2025-09-20,Excellent,Observation automatique
910,2025-06-05,Excellent,Observation automatique
910,2025-07-14,Mauvais,Observation automatique
910,2025-10-02,Mauvais,Observation automatique
910,2025-12-27,Bon,Observation automatique
1131,2025-10-05,Bon,Observation automatique
1082,2025-11-09,Excellent,Observation automatique
1082,2025-08-04,Excellent,Observation automatique
365,2025-07-13,Très mauvais,Observation automatique
365,2025-12-10,Mauvais,Observation automatique
365,2025-07-29,Mauvais,Observation automatique
365,2025-12-28,Excellent,Observation automatique
365,2025-11-14,Bon,Observation automatique
536,2025-11-02,Mauvais,Observation automatique
720,2025-11-17,Bon,Observation automatique
643,2025-11-08,Mauvais,Observation automatique
643,2025-08-03,Correct,Observation automatique
643,2025-07-04,Bon,Observation automatique
643,2025-07-05,Excellent,Observation automatique
643,2025-08-17,Correct,Observation automatique
643,2025-12-02,Mauvais,Observation automatique
1042,2025-09-26,Bon,Observation automatique
1042,2025-07-23,Mauvais,Observation automatique
1042,2025-09-02,Correct,Observation automatique
1042,2025-06-23,Très mauvais,Observation automatique
1042,2025-11-27,Excellent,Observation automatique
464,2025-11-02,Mauvais,Observation automatique
464,2025-07-13,Mauvais,Observation automatique
464,2025-07-24,Excellent,Observation automatique
464,2025-08-12,Mauvais,Observation automatique
464,2025-12-04,Très mauvais,Observation automatique
84,2025-12-14,Excellent,Observation automatique
84,2025-12-02,Bon,Observation automatique
84,2025-08-31,Correct,Observation automatique
84,2025-06-21,Mauvais,Observation automatique
84,2025-07-12,Mauvais,Observation automatique
84,2025-11-08,Très mauvais,Observation automatique
84,2025-07-10,Bon,Observation automatique
209,2025-11-17,Correct,Observation automatique
209,2025-10-10,Excellent,Observation automatique
209,2025-06-04,Correct,Observation automatique
209,2025-06-27,Correct,Observation automatique
209,2025-11-21,Excellent,Observation automatique
209,2025-08-02,Mauvais,Observation automatique
209,2025-11-01,Très mauvais,Observation automatique
260,2025-11-07,Excellent,Observation automatique
260,2025-12-12,Correct,Observation automatique
260,2025-11-03,Mauvais,Observation automatique
260,2025-07-08,Correct,Observation automatique
260,2025-11-29,Très mauvais,Observation automatique
260,2025-07-27,Bon,Observation automatique
842,2025-06-10,Mauvais,Observation automatique
842,2025-12-18,Bon,Observation automatique
842,2025-10-13,Mauvais,Observation automatique
842,2025-10-09,Très mauvais,Observation automatique
842,2025-11-21,Excellent,Observation automatique
842,2025-06-27,Excellent,Observation automatique
695,2025-10-01,Correct,Observation automatique
695,2025-08-08,Excellent,Observation automatique
695,2025-09-14,Bon,Observation automatique
695,2025-06-19,Excellent,Observation automatique
695,2025-12-05,Excellent,Observation automatique
729,2025-11-19,Bon,Observation automatique
729,2025-10-04,Correct,Observation automatique
729,2025-11-11,Bon,Observation automatique
729,2025-09-01,Bon,Observation automatique
729,2025-12-24,Bon,Observation automatique
729,2025-07-17,Mauvais,Observation automatique
744,2025-09-01,Très mauvais,Observation automatique
744,2025-09-19,Correct,Observation automatique
744,2025-11-19,Très mauvais,Observation automatique
744,2025-07-29,Très mauvais,Observation automatique
744,2025-09-16,Très mauvais,Observation automatique
744,2025-11-09,Très mauvais,Observation automatique
744,2025-10-30,Correct,Observation automatique
1037,2025-11-16,Correct,Observation automatique
345,2025-09-02,Correct,Observation automatique
345,2025-09-05,Mauvais,Observation automatique
345,2025-10-14,Mauvais,Observation automatique
40,2025-07-15,Mauvais,Observation automatique
40,2025-08-08,Très mauvais,Observation automatique
40,2025-08-09,Mauvais,Observation automatique
40,2025-10-11,Correct,Observation automatique
40,2025-06-30,Mauvais,Observation automatique
40,2025-09-10,Mauvais,Observation automatique
204,2025-08-31,Mauvais,Observation automatique
204,2025-11-12,Mauvais,Observation automatique
636,2025-11-07,Correct,Observation automatique
636,2025-06-04,Très mauvais,Observation automatique
636,2025-06-25,Correct,Observation automatique
732,2025-12-16,Excellent,Observation automatique
732,2025-12-03,Bon,Observation automatique
732,2025-08-30,Très mauvais,Observation automatique
732,2025-07-16,Correct,Observation automatique
431,2025-09-21,Très mauvais,Observation automatique
431,2025-06-28,Mauvais,Observation automatique
431,2025-11-11,Excellent,Observation automatique
518,2025-08-07,Très mauvais,Observation automatique
518,2025-08-21,Mauvais,Observation automatique
518,2025-11-16,Mauvais,Observation automatique
518,2025-09-03,Bon,Observation automatique
618,2025-09-11,Correct,Observation automatique
618,2025-07-18,Mauvais,Observation automatique
618,2025-09-06,Très mauvais,Observation automatique
618,2025-12-09,Correct,Observation automatique
618,2025-08-19,Excellent,Observation automatique
512,2025-10-08,Excellent,Observation automatique
512,2025-10-17,Bon,Observation automatique
539,2025-11-28,Bon,Observation automatique
539,2025-06-20,Très mauvais,Observation automatique
539,2025-11-14,Très mauvais,Observation automatique
213,2025-12-01,Correct,Observation automatique
213,2025-09-23,Bon,Observation automatique
1135,2025-12-20,Excellent,Observation automatique
579,2025-12-09,Mauvais,Observation automatique
579,2025-10-18,Mauvais,Observation automatique
579,2025-10-20,Excellent,Observation automatique
176,2025-08-15,Mauvais,Observation automatique
176,2025-09-16,Très mauvais,Observation automatique
176,2025-06-14,Mauvais,Observation automatique
176,2025-09-15,Bon,Observation automatique
176,2025-11-05,Correct,Observation automatique
176,2025-08-04,Excellent,Observation automatique
176,2025-12-25,Correct,Observation automatique
408,2025-06-28,Excellent,Observation automatique
408,2025-07-16,Correct,Observation automatique
408,2025-10-26,Excellent,Observation automatique
408,2025-08-28,Bon,Observation automatique
1056,2025-08-23,Correct,Observation automatique
1056,2025-11-30,Excellent,Observation automatique
1056,2025-06-29,Très mauvais,Observation automatique
1056,2025-11-09,Excellent,Observation automatique
672,2025-11-15,Mauvais,Observation automatique
672,2025-08-05,Correct,Observation automatique
672,2025-07-22,Excellent,Observation automatique
672,2025-12-17,Très mauvais,Observation automatique
672,2025-07-02,Mauvais,Observation automatique
672,2025-06-01,Très mauvais,Observation automatique
672,2025-07-23,Mauvais,Observation automatique
1114,2025-12-24,Correct,Observation automatique
1114,2025-12-07,Mauvais,Observation automatique
1114,2025-11-24,Mauvais,Observation automatique
1114,2025-09-24,Correct,Observation automatique
1114,2025-12-25,Mauvais,Observation automatique
1114,2025-07-28,Correct,Observation automatique
1114,2025-11-16,Correct,Observation automatique
735,2025-07-21,Excellent,Observation automatique
735,2025-11-13,Excellent,Observation automatique
735,2025-10-12,Très mauvais,Observation automatique
735,2025-10-02,Très mauvais,Observation automatique
754,2025-08-09,Très mauvais,Observation automatique
754,2025-06-10,Très mauvais,Observation automatique
754,2025-07-22,Très mauvais,Observation automatique
754,2025-07-20,Excellent,Observation automatique
754,2025-10-12,Mauvais,Observation automatique
754,2025-09-02,Très mauvais,Observation automatique
754,2025-06-27,Excellent,Observation automatique
1069,2025-07-28,Bon,Observation automatique
1069,2025-10-17,Correct,Observation automatique
1079,2025-10-28,Bon,Observation automatique
1079,2025-10-14,Correct,Observation automatique
141,2025-11-27,Bon,Observation automatique
442,2025-12-04,Correct,Observation automatique
442,2025-10-30,Très mauvais,Observation automatique
442,2025-09-23,Excellent,Observation automatique
442,2025-10-10,Excellent,Observation automatique
442,2025-09-01,Excellent,Observation automatique
442,2025-11-10,Bon,Observation automatique
1189,2025-06-06,Très mauvais,Observation automatique
1189,2025-09-08,Excellent,Observation automatique
304,2025-09-06,Correct,Observation automatique
475,2025-10-15,Très mauvais,Observation automatique
475,2025-12-18,Bon,Observation automatique
475,2025-09-16,Mauvais,Observation automatique
475,2025-08-28,Excellent,Observation automatique
475,2025-08-25,Très mauvais,Observation automatique
601,2025-12-22,Bon,Observation automatique
601,2025-11-05,Très mauvais,Observation automatique
601,2025-07-19,Correct,Observation automatique
601,2025-06-03,Correct,Observation automatique
601,2025-11-13,Correct,Observation automatique
601,2025-07-17,Bon,Observation automatique
601,2025-07-04,Très mauvais,Observation automatique
977,2025-07-12,Mauvais,Observation automatique
626,2025-10-27,Mauvais,Observation automatique
626,2025-10-05,Excellent,Observation automatique
626,2025-07-26,Bon,Observation automatique
761,2025-11-11,Bon,Observation automatique
761,2025-10-18,Très mauvais,Observation automatique
761,2025-06-30,Mauvais,Observation automatique
761,2025-12-25,Excellent,Observation automatique
761,2025-07-06,Mauvais,Observation automatique
761,2025-08-10,Mauvais,Observation automatique
761,2025-10-07,Mauvais,Observation automatique
559,2025-08-09,Mauvais,Observation automatique
559,2025-11-01,Excellent,Observation automatique
559,2025-09-05,Mauvais,Observation automatique
559,2025-12-15,Excellent,Observation automatique
1052,2025-09-19,Correct,Observation automatique
1052,2025-09-11,Mauvais,Observation automatique
680,2025-09-18,Bon,Observation automatique
680,2025-12-02,Excellent,Observation automatique
680,2025-08-27,Mauvais,Observation automatique
680,2025-11-07,Excellent,Observation automatique
680,2025-10-23,Très mauvais,Observation automatique
680,2025-10-21,Bon,Observation automatique
874,2025-11-12,Bon,Observation automatique
874,2025-06-18,Correct,Observation automatique
874,2025-11-23,Très mauvais,Observation automatique
874,2025-09-26,Bon,Observation automatique
874,2025-06-15,Correct,Observation automatique
874,2025-06-25,Bon,Observation automatique
874,2025-08-21,Mauvais,Observation automatique
31,2025-12-24,Très mauvais,Observation automatique
31,2025-07-07,Très mauvais,Observation automatique
915,2025-06-15,Correct,Observation automatique
915,2025-10-22,Très mauvais,Observation automatique
1160,2025-08-05,Mauvais,Observation automatique
1160,2025-12-06,Excellent,Observation automatique
1160,2025-06-02,Excellent,Observation automatique
1080,2025-09-29,Bon,Observation automatique
1080,2025-06-30,Mauvais,Observation automatique
1080,2025-10-29,Correct,Observation automatique
1080,2025-12-17,Mauvais,Observation automatique
1080,2025-10-06,Correct,Observation automatique
1080,2025-07-21,Excellent,Observation automatique
1080,2025-11-04,Excellent,Observation automatique
777,2025-10-14,Excellent,Observation automatique
1174,2025-10-12,Excellent,Observation automatique
1174,2025-06-13,Très mauvais,Observation automatique
1174,2025-11-09,Très mauvais,Observation automatique
181,2025-07-23,Très mauvais,Observation automatique
181,2025-10-13,Excellent,Observation automatique
181,2025-08-08,Correct,Observation automatique
181,2025-07-24,Correct,Observation automatique
181,2025-12-28,Bon,Observation automatique
181,2025-07-10,Bon,Observation automatique
68,2025-10-10,Excellent,Observation automatique
908,2025-11-19,Très mauvais,Observation automatique
908,2025-06-10,Mauvais,Observation automatique
291,2025-07-20,Excellent,Observation automatique
291,2025-11-04,Bon,Observation automatique
291,2025-09-23,Bon,Observation automatique
424,2025-12-10,Excellent,Observation automatique
424,2025-06-18,Correct,Observation automatique
424,2025-12-26,Très mauvais,Observation automatique
424,2025-12-01,Bon,Observation automatique
1089,2025-07-04,Bon,Observation automatique
1089,2025-06-29,Correct,Observation automatique
1089,2025-06-18,Très mauvais,Observation automatique
1089,2025-09-02,Très mauvais,Observation automatique
1089,2025-08-21,Très mauvais,Observation automatique
1089,2025-10-09,Très mauvais,Observation automatique
1089,2025-11-13,Excellent,Observation automatique
173,2025-10-21,Bon,Observation automatique
173,2025-12-11,Bon,Observation automatique
173,2025-06-13,Mauvais,Observation automatique
173,2025-08-12,Bon,Observation automatique
173,2025-12-19,Mauvais,Observation automatique
173,2025-06-04,Excellent,Observation automatique
72,2025-08-03,Excellent,Observation automatique
72,2025-07-16,Correct,Observation automatique
72,2025-08-26,Bon,Observation automatique
72,2025-09-19,Excellent,Observation automatique
72,2025-11-23,Très mauvais,Observation automatique
112,2025-07-29,Très mauvais,Observation automatique
112,2025-07-08,Excellent,Observation automatique
473,2025-11-15,Correct,Observation automatique
126,2025-07-07,Mauvais,Observation automatique
126,2025-07-29,Correct,Observation automatique
126,2025-10-04,Très mauvais,Observation automatique
126,2025-09-19,Bon,Observation automatique
126,2025-06-22,Excellent,Observation automatique
126,2025-11-05,Excellent,Observation automatique
118,2025-09-12,Correct,Observation automatique
118,2025-09-14,Très mauvais,Observation automatique
118,2025-10-14,Correct,Observation automatique
118,2025-11-15,Très mauvais,Observation automatique
154,2025-08-05,Excellent,Observation automatique
154,2025-08-16,Mauvais,Observation automatique
154,2025-06-28,Bon,Observation automatique
154,2025-08-03,Bon,Observation automatique
247,2025-08-07,Excellent,Observation automatique
247,2025-09-05,Très mauvais,Observation automatique
247,2025-09-19,Très mauvais,Observation automatique
219,2025-08-27,Bon,Observation automatique
219,2025-09-27,Bon,Observation automatique
219,2025-07-18,Bon,Observation automatique
219,2025-11-01,Mauvais,Observation automatique
107,2025-08-21,Excellent,Observation automatique
107,2025-08-03,Excellent,Observation automatique
107,2025-06-21,Correct,Observation automatique
984,2025-10-24,Excellent,Observation automatique
316,2025-06-18,Mauvais,Observation automatique
316,2025-08-30,Excellent,Observation automatique
316,2025-07-15,Très mauvais,Observation automatique
316,2025-09-30,Mauvais,Observation automatique
316,2025-11-09,Correct,Observation automatique
316,2025-06-14,Très mauvais,Observation automatique
316,2025-07-21,Bon,Observation automatique
150,2025-08-10,Bon,Observation automatique
150,2025-09-01,Correct,Observation automatique
150,2025-11-17,Excellent,Observation automatique
150,2025-10-27,Très mauvais,Observation automatique
1150,2025-06-03,Bon,Observation automatique
1150,2025-07-25,Bon,Observation automatique
1150,2025-07-15,Bon,Observation automatique
1150,2025-10-02,Mauvais,Observation automatique
1150,2025-11-12,Très mauvais,Observation automatique
1150,2025-07-09,Très mauvais,Observation automatique
1150,2025-06-24,Correct,Observation automatique
13,2025-12-11,Bon,Observation automatique
13,2025-11-27,Correct,Observation automatique
13,2025-08-20,Excellent,Observation automatique
13,2025-06-22,Correct,Observation automatique
13,2025-12-08,Correct,Observation automatique
891,2025-11-06,Excellent,Observation automatique
891,2025-12-19,Mauvais,Observation automatique
891,2025-06-18,Bon,Observation automatique
891,2025-10-16,Très mauvais,Observation automatique
891,2025-08-22,Excellent,Observation automatique
891,2025-08-15,Bon,Observation automatique
891,2025-10-27,Très mauvais,Observation automatique
944,2025-06-20,Très mauvais,Observation automatique
944,2025-06-19,Bon,Observation automatique
944,2025-11-17,Correct,Observation automatique
944,2025-12-06,Correct,Observation automatique
548,2025-12-10,Bon,Observation automatique
548,2025-12-01,Très mauvais,Observation automatique
548,2025-07-14,Excellent,Observation automatique
548,2025-07-21,Mauvais,Observation automatique
548,2025-06-17,Correct,Observation automatique
548,2025-09-14,Très mauvais,Observation automatique
1163,2025-09-27,Très mauvais,Observation automatique
392,2025-11-02,Très mauvais,Observation automatique
392,2025-08-11,Mauvais,Observation automatique
128,2025-06-08,Bon,Observation automatique
128,2025-06-15,Très mauvais,Observation automatique
128,2025-07-07,Très mauvais,Observation automatique
128,2025-07-03,Excellent,Observation automatique
873,2025-07-25,Correct,Observation automatique
962,2025-08-19,Correct,Observation automatique
682,2025-09-24,Correct,Observation automatique
682,2025-06-17,Correct,Observation automatique
346,2025-10-18,Excellent,Observation automatique
346,2025-07-10,Excellent,Observation automatique
346,2025-11-19,Excellent,Observation automatique
346,2025-11-30,Bon,Observation automatique
495,2025-08-24,Correct,Observation automatique
495,2025-09-27,Excellent,Observation automatique
495,2025-11-24,Correct,Observation automatique
495,2025-11-21,Correct,Observation automatique
495,2025-12-02,Bon,Observation automatique
495,2025-10-24,Excellent,Observation automatique
495,2025-07-31,Très mauvais,Observation automatique
334,2025-12-05,Excellent,Observation automatique
334,2025-12-26,Bon,Observation automatique
334,2025-09-20,Excellent,Observation automatique
334,2025-08-31,Bon,Observation automatique
334,2025-07-08,Excellent,Observation automatique
334,2025-12-10,Bon,Observation automatique
815,2025-06-04,Excellent,Observation automatique
815,2025-12-26,Bon,Observation automatique
83,2025-07-03,Correct,Observation automatique
83,2025-10-02,Très mauvais,Observation automatique
83,2025-06-17,Mauvais,Observation automatique
83,2025-10-26,Correct,Observation automatique
280,2025-07-14,Correct,Observation automatique
280,2025-06-04,Excellent,Observation automatique
280,2025-06-23,Correct,Observation automatique
280,2025-12-29,Très mauvais,Observation automatique
280,2025-10-02,Mauvais,Observation automatique
280,2025-07-02,Bon,Observation automatique
1057,2025-12-17,Correct,Observation automatique
1057,2025-12-26,Bon,Observation automatique
1057,2025-09-12,Bon,Observation automatique
36,2025-08-05,Correct,Observation automatique
36,2025-10-27,Bon,Observation automatique
36,2025-09-14,Mauvais,Observation automatique
36,2025-11-12,Excellent,Observation automatique
36,2025-07-17,Mauvais,Observation automatique
36,2025-07-02,Très mauvais,Observation automatique
1147,2025-07-27,Mauvais,Observation automatique
1147,2025-08-02,Mauvais,Observation automatique
49,2025-07-13,Correct,Observation automatique
49,2025-12-30,Mauvais,Observation automatique
49,2025-10-11,Mauvais,Observation automatique
49,2025-07-09,Excellent,Observation automatique
898,2025-07-17,Bon,Observation automatique
898,2025-06-18,Très mauvais,Observation automatique
898,2025-10-13,Très mauvais,Observation automatique
898,2025-09-06,Mauvais,Observation automatique
898,2025-09-03,Très mauvais,Observation automatique
709,2025-11-12,Excellent,Observation automatique
694,2025-11-06,Correct,Observation automatique
694,2025-11-27,Excellent,Observation automatique
694,2025-12-24,Correct,Observation automatique
694,2025-07-02,Mauvais,Observation automatique
694,2025-09-02,Correct,Observation automatique
694,2025-06-14,Correct,Observation automatique
694,2025-12-10,Très mauvais,Observation automatique
1101,2025-10-29,Mauvais,Observation automatique
1101,2025-09-04,Mauvais,Observation automatique
1101,2025-06-08,Très mauvais,Observation automatique
1101,2025-10-22,Bon,Observation automatique
1101,2025-10-26,Mauvais,Observation automatique
1101,2025-08-28,Correct,Observation automatique
373,2025-11-30,Très mauvais,Observation automatique
330,2025-09-14,Mauvais,Observation automatique
330,2025-09-15,Correct,Observation automatique
330,2025-12-30,Très mauvais,Observation automatique
604,2025-07-20,Bon,Observation automatique
157,2025-11-02,Correct,Observation automatique
157,2025-07-13,Excellent,Observation automatique
157,2025-06-13,Bon,Observation automatique
308,2025-12-24,Mauvais,Observation automatique
308,2025-06-07,Bon,Observation automatique
308,2025-06-24,Mauvais,Observation automatique
308,2025-09-30,Excellent,Observation automatique
308,2025-07-26,Excellent,Observation automatique
308,2025-12-20,Très mauvais,Observation automatique
308,2025-11-03,Excellent,Observation automatique
834,2025-07-09,Très mauvais,Observation automatique
834,2025-07-11,Correct,Observation automatique
834,2025-12-18,Bon,Observation automatique
834,2025-10-02,Très mauvais,Observation automatique
834,2025-07-28,Mauvais,Observation automatique
834,2025-06-21,Correct,Observation automatique
834,2025-12-25,Correct,Observation automatique
1005,2025-10-29,Excellent,Observation automatique
1005,2025-08-20,Bon,Observation automatique
1005,2025-08-02,Très mauvais,Observation automatique
1005,2025-10-24,Bon,Observation automatique
1005,2025-06-27,Très mauvais,Observation automatique
1005,2025-11-02,Excellent,Observation automatique
1005,2025-07-22,Très mauvais,Observation automatique
808,2025-07-27,Mauvais,Observation automatique
808,2025-08-05,Excellent,Observation automatique
808,2025-11-23,Très mauvais,Observation automatique
914,2025-12-27,Mauvais,Observation automatique
914,2025-11-27,Excellent,Observation automatique
914,2025-08-08,Très mauvais,Observation automatique
914,2025-06-16,Très mauvais,Observation automatique
914,2025-07-20,Correct,Observation automatique
914,2025-10-01,Correct,Observation automatique
519,2025-12-18,Excellent,Observation automatique
519,2025-06-25,Très mauvais,Observation automatique
519,2025-10-11,Mauvais,Observation automatique
519,2025-12-02,Très mauvais,Observation automatique
519,2025-09-14,Bon,Observation automatique
519,2025-09-09,Bon,Observation automatique
479,2025-12-18,Mauvais,Observation automatique
479,2025-10-03,Bon,Observation automatique
479,2025-09-20,Excellent,Observation automatique
479,2025-08-03,Très mauvais,Observation automatique
459,2025-12-07,Mauvais,Observation automatique
459,2025-11-23,Correct,Observation automatique
459,2025-08-02,Bon,Observation automatique
459,2025-06-02,Correct,Observation automatique
733,2025-12-09,Bon,Observation automatique
733,2025-10-05,Excellent,Observation automatique
733,2025-12-06,Mauvais,Observation automatique
733,2025-09-19,Correct,Observation automatique
733,2025-12-23,Bon,Observation automatique
733,2025-10-11,Très mauvais,Observation automatique
733,2025-06-24,Mauvais,Observation automatique
183,2025-12-17,Mauvais,Observation automatique
183,2025-12-30,Très mauvais,Observation automatique
183,2025-06-11,Très mauvais,Observation automatique
183,2025-09-23,Bon,Observation automatique
183,2025-07-31,Très mauvais,Observation automatique
183,2025-09-01,Excellent,Observation automatique
99,2025-08-30,Bon,Observation automatique
99,2025-06-08,Mauvais,Observation automatique
99,2025-06-05,Correct,Observation automatique
99,2025-11-03,Correct,Observation automatique
99,2025-10-25,Mauvais,Observation automatique
99,2025-09-05,Très mauvais,Observation automatique
99,2025-12-10,Très mauvais,Observation automatique
700,2025-06-05,Correct,Observation automatique
700,2025-09-29,Excellent,Observation automatique
700,2025-07-01,Correct,Observation automatique
700,2025-12-19,Mauvais,Observation automatique
1165,2025-09-07,Mauvais,Observation automatique
1165,2025-09-01,Correct,Observation automatique
1165,2025-07-19,Mauvais,Observation automatique
138,2025-09-08,Bon,Observation automatique
1088,2025-08-19,Correct,Observation automatique
1088,2025-09-26,Très mauvais,Observation automatique
1088,2025-07-09,Correct,Observation automatique
1088,2025-09-10,Bon,Observation automatique
1088,2025-07-02,Bon,Observation automatique
1088,2025-06-20,Mauvais,Observation automatique
1088,2025-06-18,Excellent,Observation automatique
543,2025-06-06,Mauvais,Observation automatique
543,2025-07-05,Excellent,Observation automatique
543,2025-09-22,Excellent,Observation automatique
543,2025-06-29,Bon,Observation automatique
465,2025-06-16,Très mauvais,Observation automatique
465,2025-07-22,Mauvais,Observation automatique
465,2025-11-27,Très mauvais,Observation automatique
465,2025-12-07,Correct,Observation automatique
465,2025-10-04,Mauvais,Observation automatique
465,2025-07-10,Correct,Observation automatique
465,2025-08-24,Bon,Observation automatique
712,2025-11-03,Très mauvais,Observation automatique
250,2025-11-01,Bon,Observation automatique
250,2025-10-11,Très mauvais,Observation automatique
250,2025-11-02,Très mauvais,Observation automatique
250,2025-06-11,Mauvais,Observation automatique
140,2025-12-17,Très mauvais,Observation automatique
140,2025-08-20,Correct,Observation automatique
1076,2025-09-29,Excellent,Observation automatique
1076,2025-11-12,Excellent,Observation automatique
15,2025-10-28,Mauvais,Observation automatique
379,2025-06-21,Très mauvais,Observation automatique
379,2025-11-27,Mauvais,Observation automatique
640,2025-12-26,Très mauvais,Observation automatique
640,2025-12-19,Mauvais,Observation automatique
640,2025-09-10,Mauvais,Observation automatique
640,2025-10-31,Correct,Observation automatique
640,2025-06-28,Excellent,Observation automatique
254,2025-12-10,Bon,Observation automatique
369,2025-06-13,Correct,Observation automatique
369,2025-11-27,Mauvais,Observation automatique
369,2025-10-26,Mauvais,Observation automatique
369,2025-07-29,Très mauvais,Observation automatique
369,2025-09-25,Bon,Observation automatique
369,2025-06-07,Excellent,Observation automatique
369,2025-10-25,Mauvais,Observation automatique
630,2025-06-25,Très mauvais,Observation automatique
630,2025-07-02,Très mauvais,Observation automatique
630,2025-10-02,Bon,Observation automatique
886,2025-09-29,Très mauvais,Observation automatique
886,2025-10-01,Excellent,Observation automatique
886,2025-09-11,Excellent,Observation automatique
886,2025-08-18,Mauvais,Observation automatique
886,2025-11-15,Mauvais,Observation automatique
886,2025-12-03,Bon,Observation automatique
706,2025-08-11,Mauvais,Observation automatique
706,2025-07-17,Correct,Observation automatique
182,2025-12-22,Très mauvais,Observation automatique
182,2025-08-15,Bon,Observation automatique
721,2025-08-15,Excellent,Observation automatique
917,2025-11-27,Mauvais,Observation automatique
1149,2025-12-09,Bon,Observation automatique
1149,2025-07-25,Correct,Observation automatique
1149,2025-06-16,Très mauvais,Observation automatique
1149,2025-12-16,Bon,Observation automatique
941,2025-09-18,Mauvais,Observation automatique
941,2025-12-04,Très mauvais,Observation automatique
941,2025-11-25,Correct,Observation automatique
75,2025-12-24,Bon,Observation automatique
75,2025-09-08,Mauvais,Observation automatique
75,2025-06-29,Correct,Observation automatique
75,2025-07-16,Bon,Observation automatique
75,2025-11-27,Mauvais,Observation automatique
75,2025-09-01,Bon,Observation automatique
75,2025-10-13,Correct,Observation automatique
11,2025-07-28,Très mauvais,Observation automatique
11,2025-07-05,Bon,Observation automatique
726,2025-10-29,Bon,Observation automatique
726,2025-08-21,Bon,Observation automatique
201,2025-09-30,Correct,Observation automatique
201,2025-07-08,Correct,Observation automatique
201,2025-08-13,Très mauvais,Observation automatique
474,2025-10-20,Excellent,Observation automatique
474,2025-12-29,Excellent,Observation automatique
474,2025-10-11,Mauvais,Observation automatique
474,2025-09-17,Très mauvais,Observation automatique
474,2025-12-02,Excellent,Observation automatique
474,2025-06-11,Excellent,Observation automatique
809,2025-06-29,Excellent,Observation automatique
809,2025-08-02,Très mauvais,Observation automatique
144,2025-06-01,Mauvais,Observation automatique
144,2025-07-03,Très mauvais,Observation automatique
144,2025-10-02,Mauvais,Observation automatique
144,2025-10-24,Bon,Observation automatique
1077,2025-10-24,Excellent,Observation automatique
1077,2025-06-05,Bon,Observation automatique
1077,2025-08-06,Bon,Observation automatique
529,2025-12-09,Mauvais,Observation automatique
529,2025-07-07,Excellent,Observation automatique
1155,2025-08-10,Bon,Observation automatique
1155,2025-11-23,Mauvais,Observation automatique
1155,2025-06-16,Mauvais,Observation automatique
1155,2025-06-20,Bon,Observation automatique
1155,2025-07-31,Bon,Observation automatique
1099,2025-12-27,Bon,Observation automatique
43,2025-07-28,Excellent,Observation automatique
298,2025-10-09,Bon,Observation automatique
298,2025-09-16,Bon,Observation automatique
298,2025-12-27,Bon,Observation automatique
298,2025-10-14,Bon,Observation automatique
298,2025-06-11,Mauvais,Observation automatique
298,2025-06-02,Correct,Observation automatique
298,2025-08-13,Très mauvais,Observation automatique
59,2025-09-15,Excellent,Observation automatique
59,2025-11-13,Mauvais,Observation automatique
59,2025-06-20,Mauvais,Observation automatique
59,2025-06-22,Mauvais,Observation automatique
59,2025-10-06,Mauvais,Observation automatique
321,2025-11-16,Mauvais,Observation automatique
321,2025-12-18,Bon,Observation automatique
321,2025-11-28,Bon,Observation automatique
321,2025-12-26,Mauvais,Observation automatique
321,2025-09-10,Bon,Observation automatique
321,2025-10-07,Excellent,Observation automatique
321,2025-12-09,Très mauvais,Observation automatique
609,2025-08-27,Excellent,Observation automatique
609,2025-12-07,Très mauvais,Observation automatique
609,2025-07-17,Bon,Observation automatique
702,2025-09-20,Très mauvais,Observation automatique
702,2025-10-31,Mauvais,Observation automatique
702,2025-06-02,Excellent,Observation automatique
927,2025-09-26,Mauvais,Observation automatique
927,2025-10-11,Excellent,Observation automatique
927,2025-06-28,Bon,Observation automatique
927,2025-12-26,Bon,Observation automatique
508,2025-06-08,Excellent,Observation automatique
508,2025-11-08,Correct,Observation automatique
1023,2025-08-30,Bon,Observation automatique
1023,2025-07-06,Bon,Observation automatique
1023,2025-09-11,Très mauvais,Observation automatique
1023,2025-09-15,Correct,Observation automatique
1023,2025-09-19,Bon,Observation automatique
1023,2025-12-26,Mauvais,Observation automatique
314,2025-10-18,Correct,Observation automatique
314,2025-08-16,Bon,Observation automatique
629,2025-12-08,Mauvais,Observation automatique
629,2025-12-27,Bon,Observation automatique
629,2025-12-25,Excellent,Observation automatique
629,2025-08-08,Très mauvais,Observation automatique
629,2025-11-11,Excellent,Observation automatique
765,2025-11-25,Correct,Observation automatique
765,2025-12-17,Mauvais,Observation automatique
765,2025-08-26,Très mauvais,Observation automatique
765,2025-10-31,Mauvais,Observation automatique
765,2025-08-13,Bon,Observation automatique
765,2025-09-13,Mauvais,Observation automatique
765,2025-11-30,Très mauvais,Observation automatique
553,2025-07-27,Excellent,Observation automatique
553,2025-11-19,Excellent,Observation automatique
553,2025-09-04,Très mauvais,Observation automatique
553,2025-11-17,Excellent,Observation automatique
27,2025-11-29,Excellent,Observation automatique
27,2025-12-26,Très mauvais,Observation automatique
27,2025-09-26,Mauvais,Observation automatique
27,2025-09-03,Très mauvais,Observation automatique
27,2025-07-07,Correct,Observation automatique
606,2025-11-10,Très mauvais,Observation automatique
606,2025-06-15,Correct,Observation automatique
606,2025-09-27,Excellent,Observation automatique
1118,2025-12-18,Excellent,Observation automatique
1118,2025-10-09,Mauvais,Observation automatique
1118,2025-11-15,Bon,Observation automatique
1118,2025-06-27,Correct,Observation automatique
1118,2025-06-30,Bon,Observation automatique
926,2025-12-27,Correct,Observation automatique
926,2025-12-01,Bon,Observation automatique
992,2025-11-28,Très mauvais,Observation automatique
992,2025-10-07,Mauvais,Observation automatique
885,2025-07-16,Bon,Observation automatique
885,2025-07-15,Bon,Observation automatique
991,2025-06-18,Mauvais,Observation automatique
991,2025-12-03,Correct,Observation automatique
991,2025-11-29,Très mauvais,Observation automatique
991,2025-07-23,Bon,Observation automatique
991,2025-08-04,Très mauvais,Observation automatique
413,2025-11-03,Excellent,Observation automatique
413,2025-10-27,Mauvais,Observation automatique
413,2025-07-31,Correct,Observation automatique
198,2025-12-29,Excellent,Observation automatique
1106,2025-06-30,Mauvais,Observation automatique
1106,2025-07-27,Très mauvais,Observation automatique
1106,2025-12-29,Très mauvais,Observation automatique
615,2025-09-06,Excellent,Observation automatique
615,2025-08-05,Bon,Observation automatique
615,2025-09-11,Mauvais,Observation automatique
615,2025-09-18,Correct,Observation automatique
615,2025-10-17,Bon,Observation automatique
788,2025-07-10,Très mauvais,Observation automatique
1144,2025-11-17,Mauvais,Observation automatique
1144,2025-12-19,Bon,Observation automatique
1144,2025-06-13,Excellent,Observation automatique
1144,2025-10-25,Correct,Observation automatique
1144,2025-12-18,Excellent,Observation automatique
1144,2025-10-24,Excellent,Observation automatique
1144,2025-10-03,Bon,Observation automatique
724,2025-12-02,Très mauvais,Observation automatique
724,2025-06-28,Mauvais,Observation automatique
724,2025-07-25,Très mauvais,Observation automatique
724,2025-10-24,Très mauvais,Observation automatique
989,2025-08-25,Excellent,Observation automatique
989,2025-08-10,Correct,Observation automatique
989,2025-07-10,Correct,Observation automatique
989,2025-07-29,Mauvais,Observation automatique
989,2025-08-12,Excellent,Observation automatique
989,2025-06-16,Bon,Observation automatique
770,2025-06-29,Bon,Observation automatique
770,2025-09-02,Excellent,Observation automatique
103,2025-10-11,Bon,Observation automatique
103,2025-06-24,Correct,Observation automatique
103,2025-12-06,Excellent,Observation automatique
103,2025-08-08,Mauvais,Observation automatique
103,2025-08-13,Mauvais,Observation automatique
103,2025-12-07,Bon,Observation automatique
103,2025-07-04,Très mauvais,Observation automatique
768,2025-11-07,Correct,Observation automatique
768,2025-09-26,Correct,Observation automatique
768,2025-07-29,Correct,Observation automatique
768,2025-10-11,Correct,Observation automatique
768,2025-07-28,Excellent,Observation automatique
768,2025-12-13,Mauvais,Observation automatique
768,2025-06-27,Correct,Observation automatique
19,2025-08-23,Excellent,Observation automatique
19,2025-07-19,Excellent,Observation automatique
19,2025-07-25,Bon,Observation automatique
19,2025-11-19,Bon,Observation automatique
19,2025-12-29,Bon,Observation automatique
19,2025-07-08,Excellent,Observation automatique
718,2025-08-16,Mauvais,Observation automatique
718,2025-06-25,Bon,Observation automatique
718,2025-11-10,Très mauvais,Observation automatique
718,2025-09-03,Mauvais,Observation automatique
718,2025-10-10,Excellent,Observation automatique
784,2025-08-17,Très mauvais,Observation automatique
784,2025-06-22,Correct,Observation automatique
784,2025-11-15,Bon,Observation automatique
784,2025-11-16,Bon,Observation automatique
784,2025-10-04,Très mauvais,Observation automatique
784,2025-07-09,Correct,Observation automatique
784,2025-07-31,Correct,Observation automatique
185,2025-10-21,Correct,Observation automatique
323,2025-10-17,Excellent,Observation automatique
323,2025-11-13,Mauvais,Observation automatique
323,2025-11-21,Mauvais,Observation automatique
323,2025-08-23,Bon,Observation automatique
323,2025-07-17,Très mauvais,Observation automatique
323,2025-07-18,Mauvais,Observation automatique
560,2025-09-29,Mauvais,Observation automatique
560,2025-07-05,Très mauvais,Observation automatique
560,2025-07-22,Mauvais,Observation automatique
560,2025-09-15,Correct,Observation automatique
955,2025-07-31,Excellent,Observation automatique
955,2025-07-06,Excellent,Observation automatique
955,2025-11-25,Excellent,Observation automatique
955,2025-11-14,Très mauvais,Observation automatique
955,2025-12-12,Bon,Observation automatique
955,2025-11-13,Correct,Observation automatique
574,2025-12-04,Bon,Observation automatique
574,2025-07-23,Très mauvais,Observation automatique
574,2025-08-18,Bon,Observation automatique
574,2025-11-28,Correct,Observation automatique
574,2025-10-02,Excellent,Observation automatique
574,2025-12-08,Bon,Observation automatique
65,2025-07-26,Bon,Observation automatique
65,2025-06-18,Correct,Observation automatique
65,2025-09-22,Très mauvais,Observation automatique
65,2025-10-20,Excellent,Observation automatique
65,2025-08-12,Correct,Observation automatique
65,2025-06-19,Très mauvais,Observation automatique
65,2025-09-18,Excellent,Observation automatique
920,2025-06-10,Mauvais,Observation automatique
920,2025-07-31,Excellent,Observation automatique
920,2025-06-08,Très mauvais,Observation automatique
920,2025-08-09,Correct,Observation automatique
920,2025-10-30,Correct,Observation automatique
63,2025-09-10,Bon,Observation automatique
63,2025-10-26,Très mauvais,Observation automatique
948,2025-06-15,Très mauvais,Observation automatique
948,2025-06-16,Bon,Observation automatique
948,2025-09-09,Mauvais,Observation automatique
948,2025-07-09,Correct,Observation automatique
948,2025-10-03,Excellent,Observation automatique
948,2025-10-01,Excellent,Observation automatique
948,2025-10-28,Mauvais,Observation automatique
803,2025-12-22,Correct,Observation automatique
803,2025-12-30,Très mauvais,Observation automatique
803,2025-08-25,Très mauvais,Observation automatique
803,2025-08-16,Correct,Observation automatique
803,2025-08-03,Excellent,Observation automatique
934,2025-12-16,Très mauvais,Observation automatique
934,2025-12-02,Excellent,Observation automatique
934,2025-10-23,Mauvais,Observation automatique
934,2025-10-14,Bon,Observation automatique
934,2025-06-01,Bon,Observation automatique
934,2025-07-31,Bon,Observation automatique
934,2025-09-22,Mauvais,Observation automatique
816,2025-09-12,Correct,Observation automatique
816,2025-09-24,Bon,Observation automatique
816,2025-10-14,Correct,Observation automatique
106,2025-09-22,Bon,Observation automatique
106,2025-11-11,Mauvais,Observation automatique
489,2025-07-08,Correct,Observation automatique
489,2025-10-16,Correct,Observation automatique
489,2025-08-05,Mauvais,Observation automatique
489,2025-08-02,Bon,Observation automatique
441,2025-10-08,Bon,Observation automatique
441,2025-12-16,Mauvais,Observation automatique
775,2025-09-23,Bon,Observation automatique
261,2025-08-09,Excellent,Observation automatique
261,2025-09-15,Mauvais,Observation automatique
261,2025-07-09,Bon,Observation automatique
261,2025-10-25,Mauvais,Observation automatique
261,2025-11-13,Mauvais,Observation automatique
55,2025-09-19,Très mauvais,Observation automatique
55,2025-11-02,Mauvais,Observation automatique
55,2025-10-11,Correct,Observation automatique
55,2025-07-31,Bon,Observation automatique
279,2025-08-09,Correct,Observation automatique
279,2025-12-30,Correct,Observation automatique
279,2025-09-03,Correct,Observation automatique
279,2025-11-25,Très mauvais,Observation automatique
168,2025-12-01,Très mauvais,Observation automatique
168,2025-08-01,Très mauvais,Observation automatique
168,2025-06-21,Excellent,Observation automatique
168,2025-06-03,Mauvais,Observation automatique
168,2025-09-04,Mauvais,Observation automatique
252,2025-08-06,Bon,Observation automatique
252,2025-08-25,Très mauvais,Observation automatique
252,2025-11-13,Excellent,Observation automatique
252,2025-12-26,Très mauvais,Observation automatique
252,2025-11-22,Mauvais,Observation automatique
252,2025-11-29,Très mauvais,Observation automatique
252,2025-06-06,Excellent,Observation automatique
12,2025-07-17,Excellent,Observation automatique
12,2025-07-22,Très mauvais,Observation automatique
12,2025-11-16,Mauvais,Observation automatique
12,2025-10-17,Excellent,Observation automatique
12,2025-12-20,Correct,Observation automatique
469,2025-12-07,Bon,Observation automatique
469,2025-07-12,Très mauvais,Observation automatique
537,2025-08-09,Mauvais,Observation automatique
603,2025-10-26,Très mauvais,Observation automatique
659,2025-11-01,Bon,Observation automatique
659,2025-09-27,Mauvais,Observation automatique
659,2025-07-05,Mauvais,Observation automatique
659,2025-08-26,Bon,Observation automatique
659,2025-06-04,Excellent,Observation automatique
659,2025-10-21,Très mauvais,Observation automatique
659,2025-06-08,Mauvais,Observation automatique
796,2025-11-29,Mauvais,Observation automatique
796,2025-12-14,Très mauvais,Observation automatique
796,2025-07-16,Correct,Observation automatique
796,2025-08-29,Mauvais,Observation automatique
668,2025-06-05,Excellent,Observation automatique
668,2025-12-22,Mauvais,Observation automatique
668,2025-08-13,Correct,Observation automatique
668,2025-08-22,Très mauvais,Observation automatique
387,2025-06-30,Mauvais,Observation automatique
387,2025-08-08,Bon,Observation automatique
387,2025-07-28,Correct,Observation automatique
387,2025-11-28,Bon,Observation automatique
387,2025-07-02,Correct,Observation automatique
387,2025-11-21,Très mauvais,Observation automatique
387,2025-10-30,Excellent,Observation automatique
849,2025-08-01,Mauvais,Observation automatique
961,2025-09-20,Bon,Observation automatique
961,2025-08-05,Excellent,Observation automatique
961,2025-12-05,Correct,Observation automatique
961,2025-08-28,Excellent,Observation automatique
961,2025-10-18,Bon,Observation automatique
961,2025-07-18,Mauvais,Observation automatique
961,2025-11-25,Mauvais,Observation automatique
360,2025-06-23,Bon,Observation automatique
360,2025-10-13,Excellent,Observation automatique
979,2025-06-14,Mauvais,Observation automatique
1053,2025-09-26,Excellent,Observation automatique
1053,2025-08-26,Très mauvais,Observation automatique
1053,2025-09-25,Bon,Observation automatique
1053,2025-09-03,Excellent,Observation automatique
1053,2025-10-08,Très mauvais,Observation automatique
552,2025-10-17,Correct,Observation automatique
552,2025-07-21,Très mauvais,Observation automatique
552,2025-08-01,Excellent,Observation automatique
552,2025-11-24,Mauvais,Observation automatique
552,2025-10-07,Très mauvais,Observation automatique
552,2025-12-11,Bon,Observation automatique
552,2025-06-12,Excellent,Observation automatique
237,2025-10-20,Excellent,Observation automatique
237,2025-06-03,Excellent,Observation automatique
237,2025-07-28,Bon,Observation automatique
237,2025-09-09,Bon,Observation automatique
237,2025-07-09,Bon,Observation automatique
817,2025-12-10,Bon,Observation automatique
817,2025-09-19,Correct,Observation automatique
817,2025-10-15,Très mauvais,Observation automatique
817,2025-11-04,Bon,Observation automatique
817,2025-10-23,Excellent,Observation automatique
817,2025-10-17,Très mauvais,Observation automatique
67,2025-07-25,Correct,Observation automatique
67,2025-07-01,Mauvais,Observation automatique
1167,2025-08-17,Très mauvais,Observation automatique
1167,2025-09-10,Excellent,Observation automatique
1167,2025-08-14,Bon,Observation automatique
1167,2025-08-20,Bon,Observation automatique
1167,2025-11-14,Bon,Observation automatique
1167,2025-12-06,Très mauvais,Observation automatique
937,2025-07-29,Excellent,Observation automatique
937,2025-09-01,Bon,Observation automatique
937,2025-12-12,Excellent,Observation automatique
937,2025-12-16,Excellent,Observation automatique
937,2025-09-30,Mauvais,Observation automatique
937,2025-12-23,Mauvais,Observation automatique
21,2025-10-16,Correct,Observation automatique
21,2025-10-04,Excellent,Observation automatique
1179,2025-08-24,Excellent,Observation automatique
1179,2025-10-07,Bon,Observation automatique
1179,2025-09-30,Excellent,Observation automatique
1179,2025-08-22,Mauvais,Observation automatique
1179,2025-09-26,Très mauvais,Observation automatique
617,2025-09-30,Très mauvais,Observation automatique
617,2025-08-15,Mauvais,Observation automatique
617,2025-07-14,Très mauvais,Observation automatique
617,2025-06-06,Bon,Observation automatique
617,2025-12-20,Correct,Observation automatique
617,2025-11-02,Bon,Observation automatique
190,2025-10-14,Bon,Observation automatique
190,2025-08-04,Mauvais,Observation automatique
190,2025-07-19,Très mauvais,Observation automatique
190,2025-12-25,Excellent,Observation automatique
368,2025-10-02,Très mauvais,Observation automatique
368,2025-08-07,Mauvais,Observation automatique
1028,2025-09-04,Très mauvais,Observation automatique
1028,2025-09-17,Mauvais,Observation automatique
1028,2025-06-20,Mauvais,Observation automatique
1112,2025-07-12,Bon,Observation automatique
1112,2025-06-11,Correct,Observation automatique
1112,2025-07-21,Correct,Observation automatique
1112,2025-09-29,Bon,Observation automatique
1112,2025-10-01,Correct,Observation automatique
1112,2025-06-18,Excellent,Observation automatique
1112,2025-10-17,Correct,Observation automatique
407,2025-06-09,Très mauvais,Observation automatique
407,2025-11-03,Bon,Observation automatique
407,2025-12-11,Mauvais,Observation automatique
407,2025-08-31,Mauvais,Observation automatique
407,2025-11-01,Correct,Observation automatique
407,2025-09-09,Bon,Observation automatique
407,2025-07-08,Excellent,Observation automatique
297,2025-08-11,Très mauvais,Observation automatique
297,2025-08-07,Bon,Observation automatique
217,2025-06-01,Excellent,Observation automatique
217,2025-06-18,Excellent,Observation automatique
217,2025-09-27,Très mauvais,Observation automatique
217,2025-10-07,Mauvais,Observation automatique
666,2025-06-13,Mauvais,Observation automatique
666,2025-12-18,Bon,Observation automatique
666,2025-07-09,Très mauvais,Observation automatique
177,2025-06-21,Très mauvais,Observation automatique
177,2025-06-20,Bon,Observation automatique
177,2025-09-15,Excellent,Observation automatique
156,2025-09-14,Mauvais,Observation automatique
156,2025-08-04,Très mauvais,Observation automatique
156,2025-06-15,Très mauvais,Observation automatique
417,2025-06-25,Bon,Observation automatique
417,2025-06-09,Correct,Observation automatique
417,2025-11-02,Mauvais,Observation automatique
417,2025-10-29,Mauvais,Observation automatique
417,2025-08-21,Correct,Observation automatique
73,2025-08-13,Très mauvais,Observation automatique
73,2025-09-03,Très mauvais,Observation automatique
1086,2025-11-14,Mauvais,Observation automatique
1086,2025-06-11,Correct,Observation automatique
448,2025-07-08,Très mauvais,Observation automatique
448,2025-10-28,Excellent,Observation automatique
448,2025-11-14,Bon,Observation automatique
1078,2025-11-25,Très mauvais,Observation automatique
1078,2025-10-20,Très mauvais,Observation automatique
1158,2025-09-02,Excellent,Observation automatique
841,2025-10-14,Mauvais,Observation automatique
841,2025-06-02,Mauvais,Observation automatique
841,2025-10-07,Bon,Observation automatique
841,2025-08-30,Bon,Observation automatique
841,2025-06-21,Très mauvais,Observation automatique
841,2025-12-09,Excellent,Observation automatique
841,2025-11-09,Très mauvais,Observation automatique
730,2025-09-08,Bon,Observation automatique
730,2025-12-07,Mauvais,Observation automatique
730,2025-10-04,Très mauvais,Observation automatique
364,2025-10-08,Mauvais,Observation automatique
364,2025-09-26,Très mauvais,Observation automatique
364,2025-06-14,Mauvais,Observation automatique
364,2025-07-06,Excellent,Observation automatique
364,2025-06-21,Bon,Observation automatique
246,2025-08-11,Excellent,Observation automatique
246,2025-11-08,Correct,Observation automatique
480,2025-10-18,Correct,Observation automatique
480,2025-10-10,Excellent,Observation automatique
480,2025-07-29,Mauvais,Observation automatique
480,2025-08-16,Bon,Observation automatique
480,2025-12-03,Bon,Observation automatique
89,2025-10-23,Excellent,Observation automatique
89,2025-07-14,Excellent,Observation automatique
490,2025-12-09,Correct,Observation automatique
490,2025-09-02,Excellent,Observation automatique
490,2025-06-17,Très mauvais,Observation automatique
490,2025-11-08,Bon,Observation automatique
490,2025-09-19,Correct,Observation automatique
490,2025-07-29,Correct,Observation automatique
401,2025-08-23,Bon,Observation automatique
401,2025-09-26,Excellent,Observation automatique
401,2025-07-23,Excellent,Observation automatique
401,2025-08-18,Bon,Observation automatique
401,2025-07-14,Correct,Observation automatique
482,2025-11-27,Excellent,Observation automatique
482,2025-06-19,Mauvais,Observation automatique
482,2025-12-13,Bon,Observation automatique
482,2025-12-23,Bon,Observation automatique
482,2025-12-27,Très mauvais,Observation automatique
482,2025-06-07,Bon,Observation automatique
378,2025-06-28,Bon,Observation automatique
378,2025-07-04,Excellent,Observation automatique
795,2025-08-22,Excellent,Observation automatique
795,2025-08-25,Très mauvais,Observation automatique
795,2025-06-24,Très mauvais,Observation automatique
795,2025-11-13,Mauvais,Observation automatique
438,2025-08-19,Mauvais,Observation automatique
438,2025-07-21,Correct,Observation automatique
1177,2025-11-29,Excellent,Observation automatique
1104,2025-09-05,Correct,Observation automatique
1104,2025-12-18,Mauvais,Observation automatique
1104,2025-12-15,Bon,Observation automatique
1104,2025-09-23,Correct,Observation automatique
1104,2025-06-23,Très mauvais,Observation automatique
1104,2025-08-21,Excellent,Observation automatique
642,2025-12-23,Correct,Observation automatique
642,2025-09-16,Bon,Observation automatique
642,2025-06-08,Mauvais,Observation automatique
642,2025-12-09,Correct,Observation automatique
642,2025-09-02,Correct,Observation automatique
642,2025-10-13,Excellent,Observation automatique
675,2025-09-29,Très mauvais,Observation automatique
742,2025-06-14,Correct,Observation automatique
742,2025-10-20,Excellent,Observation automatique
742,2025-12-26,Très mauvais,Observation automatique
1020,2025-12-15,Correct,Observation automatique
1020,2025-06-27,Excellent,Observation automatique
1020,2025-10-12,Correct,Observation automatique
436,2025-07-03,Mauvais,Observation automatique
436,2025-06-10,Bon,Observation automatique
436,2025-11-28,Très mauvais,Observation automatique
436,2025-12-03,Bon,Observation automatique
436,2025-11-05,Mauvais,Observation automatique
964,2025-07-11,Bon,Observation automatique
964,2025-09-17,Mauvais,Observation automatique
964,2025-11-09,Bon,Observation automatique
349,2025-11-19,Mauvais,Observation automatique
349,2025-06-09,Excellent,Observation automatique
1176,2025-11-23,Excellent,Observation automatique
1176,2025-06-20,Correct,Observation automatique
1176,2025-11-12,Excellent,Observation automatique
1176,2025-07-18,Bon,Observation automatique
1176,2025-06-14,Correct,Observation automatique
1176,2025-12-21,Excellent,Observation automatique
1176,2025-06-13,Excellent,Observation automatique
1133,2025-07-13,Bon,Observation automatique
10,2025-11-14,Correct,Observation automatique
427,2025-11-23,Mauvais,Observation automatique
868,2025-07-01,Correct,Observation automatique
868,2025-06-18,Excellent,Observation automatique
868,2025-10-29,Excellent,Observation automatique
30,2025-10-30,Bon,Observation automatique
30,2025-09-24,Bon,Observation automatique
30,2025-06-29,Excellent,Observation automatique
678,2025-11-18,Correct,Observation automatique
487,2025-09-29,Correct,Observation automatique
981,2025-06-11,Bon,Observation automatique
981,2025-06-15,Mauvais,Observation automatique
981,2025-12-19,Très mauvais,Observation automatique
981,2025-12-09,Bon,Observation automatique
981,2025-08-10,Très mauvais,Observation automatique
981,2025-11-18,Bon,Observation automatique
255,2025-09-03,Correct,Observation automatique
255,2025-10-06,Bon,Observation automatique
255,2025-11-29,Très mauvais,Observation automatique
7,2025-12-16,Excellent,Observation automatique
7,2025-09-13,Bon,Observation automatique
804,2025-07-19,Bon,Observation automatique
804,2025-12-05,Correct,Observation automatique
804,2025-08-19,Bon,Observation automatique
804,2025-11-23,Excellent,Observation automatique
326,2025-12-10,Correct,Observation automatique
326,2025-08-04,Très mauvais,Observation automatique
326,2025-08-09,Bon,Observation automatique
859,2025-11-01,Excellent,Observation automatique
859,2025-09-06,Correct,Observation automatique
859,2025-09-18,Correct,Observation automatique
859,2025-08-04,Excellent,Observation automatique
859,2025-11-15,Très mauvais,Observation automatique
859,2025-10-04,Très mauvais,Observation automatique
859,2025-07-26,Correct,Observation automatique
829,2025-12-26,Très mauvais,Observation automatique
829,2025-12-16,Bon,Observation automatique
829,2025-10-12,Bon,Observation automatique
829,2025-07-29,Mauvais,Observation automatique
829,2025-12-19,Correct,Observation automatique
829,2025-10-02,Mauvais,Observation automatique
605,2025-11-19,Correct,Observation automatique
605,2025-11-06,Bon,Observation automatique
605,2025-08-21,Bon,Observation automatique
605,2025-11-21,Très mauvais,Observation automatique
605,2025-11-18,Correct,Observation automatique
605,2025-12-01,Mauvais,Observation automatique
605,2025-11-05,Excellent,Observation automatique
233,2025-11-11,Très mauvais,Observation automatique
233,2025-12-17,Bon,Observation automatique
233,2025-12-14,Correct,Observation automatique
233,2025-11-29,Correct,Observation automatique
233,2025-09-08,Mauvais,Observation automatique
233,2025-12-05,Très mauvais,Observation automatique
233,2025-11-21,Bon,Observation automatique
661,2025-06-13,Correct,Observation automatique
661,2025-08-10,Correct,Observation automatique
661,2025-07-14,Correct,Observation automatique
566,2025-09-30,Très mauvais,Observation automatique
566,2025-08-29,Bon,Observation automatique
566,2025-07-05,Bon,Observation automatique
566,2025-08-07,Excellent,Observation automatique
566,2025-12-23,Excellent,Observation automatique
566,2025-07-19,Très mauvais,Observation automatique
593,2025-09-02,Correct,Observation automatique
593,2025-11-29,Correct,Observation automatique
593,2025-09-30,Correct,Observation automatique
593,2025-11-22,Très mauvais,Observation automatique
593,2025-09-07,Mauvais,Observation automatique
593,2025-11-05,Bon,Observation automatique
287,2025-11-09,Mauvais,Observation automatique
287,2025-11-10,Excellent,Observation automatique
287,2025-12-01,Correct,Observation automatique
836,2025-12-11,Bon,Observation automatique
411,2025-06-28,Excellent,Observation automatique
411,2025-06-19,Mauvais,Observation automatique
411,2025-08-17,Très mauvais,Observation automatique
411,2025-10-05,Très mauvais,Observation automatique
411,2025-09-15,Très mauvais,Observation automatique
411,2025-10-01,Mauvais,Observation automatique
411,2025-11-02,Excellent,Observation automatique
972,2025-12-07,Bon,Observation automatique
972,2025-10-22,Correct,Observation automatique
443,2025-06-23,Bon,Observation automatique
443,2025-10-24,Excellent,Observation automatique
1043,2025-09-15,Bon,Observation automatique
1043,2025-12-14,Très mauvais,Observation automatique
652,2025-10-11,Très mauvais,Observation automatique
652,2025-12-23,Mauvais,Observation automatique
652,2025-06-08,Bon,Observation automatique
652,2025-11-13,Correct,Observation automatique
422,2025-12-26,Bon,Observation automatique
422,2025-07-17,Bon,Observation automatique
422,2025-12-25,Bon,Observation automatique
422,2025-11-03,Correct,Observation automatique
422,2025-09-05,Très mauvais,Observation automatique
422,2025-07-12,Correct,Observation automatique
1137,2025-09-25,Bon,Observation automatique
1137,2025-10-20,Bon,Observation automatique
1137,2025-09-21,Mauvais,Observation automatique
1137,2025-11-24,Mauvais,Observation automatique
1137,2025-12-23,Correct,Observation automatique
362,2025-08-23,Bon,Observation automatique
362,2025-08-04,Excellent,Observation automatique
362,2025-06-14,Bon,Observation automatique
362,2025-08-17,Correct,Observation automatique
500,2025-09-20,Excellent,Observation automatique
863,2025-09-02,Très mauvais,Observation automatique
863,2025-11-17,Excellent,Observation automatique
863,2025-06-12,Bon,Observation automatique
863,2025-07-21,Très mauvais,Observation automatique
863,2025-11-15,Bon,Observation automatique
863,2025-06-19,Mauvais,Observation automatique
445,2025-06-30,Excellent,Observation automatique
445,2025-07-20,Correct,Observation automatique
445,2025-08-23,Excellent,Observation automatique
445,2025-08-28,Correct,Observation automatique
137,2025-09-11,Excellent,Observation automatique
137,2025-12-21,Très mauvais,Observation automatique
137,2025-11-27,Mauvais,Observation automatique
137,2025-06-17,Excellent,Observation automatique
137,2025-08-09,Bon,Observation automatique
137,2025-09-25,Mauvais,Observation automatique
1087,2025-09-28,Excellent,Observation automatique
1087,2025-06-09,Très mauvais,Observation automatique
1087,2025-10-05,Excellent,Observation automatique
1087,2025-12-16,Correct,Observation automatique
1087,2025-09-22,Excellent,Observation automatique
1087,2025-07-10,Très mauvais,Observation automatique
109,2025-07-03,Très mauvais,Observation automatique
109,2025-06-03,Correct,Observation automatique
109,2025-07-26,Mauvais,Observation automatique
109,2025-08-01,Très mauvais,Observation automatique
109,2025-06-01,Correct,Observation automatique
109,2025-06-20,Excellent,Observation automatique
602,2025-10-02,Mauvais,Observation automatique
602,2025-07-19,Correct,Observation automatique
602,2025-08-09,Correct,Observation automatique
602,2025-12-21,Bon,Observation automatique
268,2025-06-27,Excellent,Observation automatique
268,2025-09-05,Bon,Observation automatique
440,2025-12-25,Correct,Observation automatique
440,2025-06-03,Mauvais,Observation automatique
440,2025-08-19,Mauvais,Observation automatique
497,2025-12-01,Très mauvais,Observation automatique
497,2025-06-10,Mauvais,Observation automatique
497,2025-06-12,Correct,Observation automatique
533,2025-10-02,Mauvais,Observation automatique
533,2025-11-11,Bon,Observation automatique
533,2025-10-21,Mauvais,Observation automatique
533,2025-09-15,Mauvais,Observation automatique
533,2025-06-10,Très mauvais,Observation automatique
533,2025-07-26,Correct,Observation automatique
533,2025-06-03,Correct,Observation automatique
225,2025-09-01,Mauvais,Observation automatique
434,2025-12-11,Mauvais,Observation automatique
434,2025-08-05,Excellent,Observation automatique
434,2025-09-16,Très mauvais,Observation automatique
434,2025-10-04,Correct,Observation automatique
434,2025-06-11,Correct,Observation automatique
1092,2025-11-14,Mauvais,Observation automatique
1092,2025-11-05,Correct,Observation automatique
1092,2025-12-22,Mauvais,Observation automatique
1092,2025-12-16,Correct,Observation automatique
1092,2025-07-25,Excellent,Observation automatique
1092,2025-08-04,Très mauvais,Observation automatique
647,2025-10-05,Excellent,Observation automatique
647,2025-10-25,Mauvais,Observation automatique
647,2025-07-18,Excellent,Observation automatique
647,2025-11-18,Bon,Observation automatique
647,2025-11-15,Très mauvais,Observation automatique
647,2025-08-28,Mauvais,Observation automatique
763,2025-09-12,Mauvais,Observation automatique
763,2025-11-12,Bon,Observation automatique
763,2025-12-24,Excellent,Observation automatique
763,2025-08-05,Correct,Observation automatique
1171,2025-07-24,Correct,Observation automatique
1171,2025-10-02,Excellent,Observation automatique
1171,2025-08-01,Bon,Observation automatique
1171,2025-06-02,Mauvais,Observation automatique
542,2025-07-28,Bon,Observation automatique
542,2025-06-28,Excellent,Observation automatique
542,2025-10-03,Excellent,Observation automatique
151,2025-12-22,Correct,Observation automatique
151,2025-12-09,Très mauvais,Observation automatique
151,2025-11-16,Bon,Observation automatique
871,2025-07-22,Bon,Observation automatique
871,2025-06-13,Excellent,Observation automatique
871,2025-09-30,Très mauvais,Observation automatique
871,2025-06-15,Mauvais,Observation automatique
470,2025-09-25,Correct,Observation automatique
470,2025-08-15,Mauvais,Observation automatique
470,2025-06-03,Correct,Observation automatique
470,2025-06-19,Excellent,Observation automatique
470,2025-06-04,Correct,Observation automatique
470,2025-11-07,Bon,Observation automatique
470,2025-06-07,Très mauvais,Observation automatique
1157,2025-06-17,Correct,Observation automatique
1157,2025-09-20,Correct,Observation automatique
1157,2025-06-30,Correct,Observation automatique
1157,2025-07-18,Très mauvais,Observation automatique
1157,2025-07-29,Correct,Observation automatique
1157,2025-09-17,Mauvais,Observation automatique
1157,2025-08-31,Excellent,Observation automatique
58,2025-12-12,Bon,Observation automatique
58,2025-07-15,Excellent,Observation automatique
838,2025-12-12,Excellent,Observation automatique
838,2025-07-24,Correct,Observation automatique
838,2025-09-07,Bon,Observation automatique
838,2025-12-19,Excellent,Observation automatique
511,2025-08-12,Excellent,Observation automatique
1186,2025-07-03,Correct,Observation automatique
1186,2025-10-16,Mauvais,Observation automatique
1186,2025-12-13,Mauvais,Observation automatique
1186,2025-09-15,Mauvais,Observation automatique
1186,2025-11-18,Excellent,Observation automatique
1186,2025-09-29,Bon,Observation automatique
468,2025-10-12,Très mauvais,Observation automatique
468,2025-12-14,Excellent,Observation automatique
468,2025-12-30,Mauvais,Observation automatique
468,2025-08-29,Mauvais,Observation automatique
468,2025-08-26,Excellent,Observation automatique
468,2025-08-03,Très mauvais,Observation automatique
468,2025-09-09,Correct,Observation automatique
6,2025-12-17,Bon,Observation automatique
6,2025-11-18,Correct,Observation automatique
6,2025-09-03,Très mauvais,Observation automatique
462,2025-11-06,Correct,Observation automatique
462,2025-12-10,Mauvais,Observation automatique
462,2025-07-22,Très mauvais,Observation automatique
462,2025-10-13,Excellent,Observation automatique
462,2025-07-24,Très mauvais,Observation automatique
462,2025-12-27,Excellent,Observation automatique
462,2025-09-22,Bon,Observation automatique
752,2025-06-23,Très mauvais,Observation automatique
752,2025-12-17,Correct,Observation automatique
752,2025-09-07,Correct,Observation automatique
752,2025-10-26,Mauvais,Observation automatique
752,2025-07-07,Excellent,Observation automatique
1182,2025-11-25,Correct,Observation automatique
1182,2025-08-20,Très mauvais,Observation automatique
1182,2025-08-17,Très mauvais,Observation automatique
832,2025-07-31,Bon,Observation automatique
832,2025-08-06,Excellent,Observation automatique
832,2025-08-08,Mauvais,Observation automatique
294,2025-06-17,Très mauvais,Observation automatique
294,2025-06-19,Excellent,Observation automatique
129,2025-06-28,Très mauvais,Observation automatique
129,2025-10-26,Bon,Observation automatique
129,2025-09-15,Bon,Observation automatique
405,2025-07-16,Très mauvais,Observation automatique
405,2025-07-20,Bon,Observation automatique
405,2025-12-25,Mauvais,Observation automatique
405,2025-11-01,Mauvais,Observation automatique
405,2025-12-08,Correct,Observation automatique
405,2025-11-06,Bon,Observation automatique
627,2025-10-07,Très mauvais,Observation automatique
627,2025-09-06,Excellent,Observation automatique
18,2025-12-30,Très mauvais,Observation automatique
1107,2025-11-30,Correct,Observation automatique
1107,2025-09-15,Bon,Observation automatique
1107,2025-10-13,Mauvais,Observation automatique
1107,2025-06-09,Très mauvais,Observation automatique
1107,2025-10-30,Bon,Observation automatique
76,2025-07-08,Excellent,Observation automatique
76,2025-10-18,Mauvais,Observation automatique
76,2025-12-29,Très mauvais,Observation automatique
76,2025-09-07,Très mauvais,Observation automatique
452,2025-11-09,Très mauvais,Observation automatique
148,2025-07-10,Excellent,Observation automatique
148,2025-10-05,Mauvais,Observation automatique
148,2025-11-20,Correct,Observation automatique
148,2025-08-17,Bon,Observation automatique
148,2025-09-07,Correct,Observation automatique
634,2025-08-14,Très mauvais,Observation automatique
634,2025-10-16,Excellent,Observation automatique
634,2025-07-20,Excellent,Observation automatique
634,2025-10-08,Excellent,Observation automatique
634,2025-07-23,Correct,Observation automatique
634,2025-11-16,Mauvais,Observation automatique
634,2025-11-21,Bon,Observation automatique
108,2025-10-17,Excellent,Observation automatique
108,2025-08-20,Correct,Observation automatique
108,2025-10-11,Mauvais,Observation automatique
108,2025-07-21,Très mauvais,Observation automatique
108,2025-06-21,Correct,Observation automatique
108,2025-06-15,Très mauvais,Observation automatique
792,2025-07-25,Bon,Observation automatique
214,2025-08-15,Correct,Observation automatique
214,2025-07-10,Mauvais,Observation automatique
214,2025-06-18,Correct,Observation automatique
214,2025-06-25,Bon,Observation automatique
214,2025-12-18,Mauvais,Observation automatique
214,2025-07-31,Bon,Observation automatique
486,2025-07-05,Excellent,Observation automatique
486,2025-06-08,Correct,Observation automatique
486,2025-10-16,Excellent,Observation automatique
486,2025-06-09,Correct,Observation automatique
486,2025-10-11,Très mauvais,Observation automatique
486,2025-06-06,Bon,Observation automatique
486,2025-06-23,Bon,Observation automatique
535,2025-10-18,Mauvais,Observation automatique
535,2025-11-25,Bon,Observation automatique
535,2025-12-13,Mauvais,Observation automatique
535,2025-09-26,Mauvais,Observation automatique
535,2025-06-11,Bon,Observation automatique
535,2025-12-27,Bon,Observation automatique
1130,2025-12-05,Excellent,Observation automatique
551,2025-07-17,Très mauvais,Observation automatique
551,2025-08-24,Correct,Observation automatique
551,2025-07-09,Excellent,Observation automatique
329,2025-08-30,Bon,Observation automatique
329,2025-11-05,Excellent,Observation automatique
329,2025-09-08,Correct,Observation automatique
1071,2025-12-29,Mauvais,Observation automatique
530,2025-06-18,Excellent,Observation automatique
530,2025-11-24,Correct,Observation automatique
530,2025-06-01,Bon,Observation automatique
530,2025-07-07,Correct,Observation automatique
530,2025-11-02,Bon,Observation automatique
530,2025-09-30,Excellent,Observation automatique
530,2025-10-10,Correct,Observation automatique
62,2025-08-17,Correct,Observation automatique
62,2025-11-07,Correct,Observation automatique
62,2025-12-25,Mauvais,Observation automatique
62,2025-07-28,Excellent,Observation automatique
824,2025-09-28,Mauvais,Observation automatique
824,2025-10-20,Très mauvais,Observation automatique
824,2025-10-01,Correct,Observation automatique
824,2025-10-18,Très mauvais,Observation automatique
848,2025-09-24,Excellent,Observation automatique
848,2025-09-07,Correct,Observation automatique
848,2025-11-20,Très mauvais,Observation automatique
147,2025-12-19,Très mauvais,Observation automatique
1093,2025-11-26,Excellent,Observation automatique
1093,2025-09-24,Très mauvais,Observation automatique
363,2025-07-10,Excellent,Observation automatique
363,2025-09-30,Correct,Observation automatique
363,2025-11-04,Excellent,Observation automatique
363,2025-10-16,Excellent,Observation automatique
363,2025-06-20,Très mauvais,Observation automatique
363,2025-07-20,Mauvais,Observation automatique
363,2025-10-17,Correct,Observation automatique
1124,2025-10-10,Mauvais,Observation automatique
1124,2025-06-24,Bon,Observation automatique
1124,2025-12-24,Correct,Observation automatique
189,2025-09-13,Excellent,Observation automatique
189,2025-11-25,Bon,Observation automatique
189,2025-09-12,Bon,Observation automatique
189,2025-11-13,Très mauvais,Observation automatique
189,2025-07-30,Très mauvais,Observation automatique
189,2025-11-18,Mauvais,Observation automatique
189,2025-09-02,Mauvais,Observation automatique
122,2025-08-07,Mauvais,Observation automatique
122,2025-06-13,Bon,Observation automatique
613,2025-07-23,Excellent,Observation automatique
613,2025-08-16,Correct,Observation automatique
613,2025-11-19,Très mauvais,Observation automatique
527,2025-08-30,Excellent,Observation automatique
527,2025-06-25,Bon,Observation automatique
527,2025-11-15,Correct,Observation automatique
527,2025-09-29,Excellent,Observation automatique
689,2025-12-26,Excellent,Observation automatique
689,2025-09-28,Correct,Observation automatique
689,2025-06-12,Excellent,Observation automatique
689,2025-12-30,Bon,Observation automatique
689,2025-11-02,Excellent,Observation automatique
717,2025-09-28,Mauvais,Observation automatique
717,2025-10-07,Excellent,Observation automatique
717,2025-12-25,Excellent,Observation automatique
717,2025-07-20,Mauvais,Observation automatique
947,2025-09-26,Très mauvais,Observation automatique
947,2025-09-11,Mauvais,Observation automatique
947,2025-12-09,Bon,Observation automatique
947,2025-07-10,Mauvais,Observation automatique
947,2025-08-18,Correct,Observation automatique
423,2025-06-23,Mauvais,Observation automatique
423,2025-08-24,Bon,Observation automatique
423,2025-10-27,Mauvais,Observation automatique
226,2025-12-09,Excellent,Observation automatique
1040,2025-09-14,Excellent,Observation automatique
1115,2025-08-26,Excellent,Observation automatique
1115,2025-10-16,Correct,Observation automatique
1115,2025-06-15,Très mauvais,Observation automatique
1115,2025-12-18,Très mauvais,Observation automatique
1115,2025-10-06,Correct,Observation automatique
943,2025-06-02,Excellent,Observation automatique
740,2025-09-07,Bon,Observation automatique
740,2025-12-02,Bon,Observation automatique
740,2025-07-06,Excellent,Observation automatique
740,2025-07-05,Bon,Observation automatique
740,2025-12-29,Correct,Observation automatique
740,2025-12-20,Bon,Observation automatique
496,2025-07-17,Très mauvais,Observation automatique
496,2025-06-30,Mauvais,Observation automatique
120,2025-07-18,Très mauvais,Observation automatique
120,2025-10-08,Excellent,Observation automatique
120,2025-12-30,Excellent,Observation automatique
120,2025-09-19,Mauvais,Observation automatique
862,2025-09-24,Mauvais,Observation automatique
862,2025-10-19,Mauvais,Observation automatique
862,2025-12-27,Correct,Observation automatique
862,2025-09-10,Très mauvais,Observation automatique
862,2025-12-21,Bon,Observation automatique
953,2025-11-07,Bon,Observation automatique
953,2025-06-02,Bon,Observation automatique
953,2025-08-22,Mauvais,Observation automatique
953,2025-12-24,Correct,Observation automatique
1066,2025-08-10,Bon,Observation automatique
1066,2025-12-22,Très mauvais,Observation automatique
1066,2025-11-20,Bon,Observation automatique
1066,2025-08-31,Excellent,Observation automatique
1066,2025-12-20,Correct,Observation automatique
46,2025-06-17,Bon,Observation automatique
46,2025-12-11,Très mauvais,Observation automatique
46,2025-11-20,Mauvais,Observation automatique
46,2025-09-03,Bon,Observation automatique
46,2025-10-20,Mauvais,Observation automatique
46,2025-08-08,Correct,Observation automatique
600,2025-06-06,Mauvais,Observation automatique
600,2025-09-17,Excellent,Observation automatique
600,2025-06-13,Excellent,Observation automatique
600,2025-11-14,Bon,Observation automatique
600,2025-06-23,Excellent,Observation automatique
600,2025-06-12,Bon,Observation automatique
600,2025-09-14,Excellent,Observation automatique
377,2025-06-30,Excellent,Observation automatique
377,2025-11-26,Bon,Observation automatique
377,2025-08-25,Très mauvais,Observation automatique
377,2025-11-21,Mauvais,Observation automatique
377,2025-09-25,Mauvais,Observation automatique
611,2025-12-01,Bon,Observation automatique
611,2025-06-03,Mauvais,Observation automatique
611,2025-11-02,Très mauvais,Observation automatique
611,2025-10-07,Excellent,Observation automatique
870,2025-08-17,Bon,Observation automatique
870,2025-07-06,Excellent,Observation automatique
870,2025-10-16,Bon,Observation automatique
870,2025-09-17,Très mauvais,Observation automatique
870,2025-10-27,Correct,Observation automatique
870,2025-11-27,Bon,Observation automatique
870,2025-08-02,Correct,Observation automatique
273,2025-08-21,Excellent,Observation automatique
273,2025-06-18,Correct,Observation automatique
272,2025-10-31,Correct,Observation automatique
272,2025-10-17,Correct,Observation automatique
272,2025-11-29,Correct,Observation automatique
272,2025-11-07,Excellent,Observation automatique
272,2025-06-07,Bon,Observation automatique
272,2025-06-23,Mauvais,Observation automatique
272,2025-08-30,Très mauvais,Observation automatique
818,2025-11-07,Très mauvais,Observation automatique
857,2025-08-11,Bon,Observation automatique
1074,2025-11-25,Excellent,Observation automatique
1074,2025-11-17,Bon,Observation automatique
688,2025-09-29,Excellent,Observation automatique
688,2025-11-03,Correct,Observation automatique
688,2025-07-13,Mauvais,Observation automatique
515,2025-10-15,Bon,Observation automatique
515,2025-08-14,Bon,Observation automatique
515,2025-09-08,Correct,Observation automatique
515,2025-08-03,Correct,Observation automatique
390,2025-12-11,Bon,Observation automatique
390,2025-09-18,Très mauvais,Observation automatique
731,2025-06-10,Bon,Observation automatique
731,2025-07-10,Mauvais,Observation automatique
731,2025-10-29,Très mauvais,Observation automatique
312,2025-07-08,Excellent,Observation automatique
312,2025-08-10,Bon,Observation automatique
312,2025-07-04,Correct,Observation automatique
312,2025-09-14,Mauvais,Observation automatique
312,2025-06-03,Mauvais,Observation automatique
739,2025-06-15,Très mauvais,Observation automatique
739,2025-11-06,Très mauvais,Observation automatique
739,2025-10-29,Très mauvais,Observation automatique
739,2025-06-05,Excellent,Observation automatique
739,2025-11-18,Mauvais,Observation automatique
739,2025-11-19,Bon,Observation automatique
739,2025-08-22,Excellent,Observation automatique
660,2025-12-13,Bon,Observation automatique
660,2025-11-18,Mauvais,Observation automatique
660,2025-09-11,Mauvais,Observation automatique
660,2025-08-04,Excellent,Observation automatique
660,2025-11-10,Excellent,Observation automatique
660,2025-09-15,Excellent,Observation automatique
660,2025-08-17,Bon,Observation automatique
134,2025-11-29,Mauvais,Observation automatique
134,2025-07-07,Correct,Observation automatique
134,2025-06-03,Très mauvais,Observation automatique
134,2025-06-29,Excellent,Observation automatique
134,2025-10-16,Bon,Observation automatique
134,2025-11-17,Bon,Observation automatique
134,2025-08-18,Mauvais,Observation automatique
699,2025-10-28,Mauvais,Observation automatique
699,2025-09-24,Très mauvais,Observation automatique
699,2025-11-21,Correct,Observation automatique
699,2025-10-25,Très mauvais,Observation automatique
820,2025-10-20,Très mauvais,Observation automatique
820,2025-11-22,Mauvais,Observation automatique
41,2025-06-27,Bon,Observation automatique
41,2025-12-07,Bon,Observation automatique
41,2025-12-18,Mauvais,Observation automatique
41,2025-11-11,Excellent,Observation automatique
351,2025-12-02,Mauvais,Observation automatique
351,2025-07-20,Excellent,Observation automatique
351,2025-08-03,Correct,Observation automatique
351,2025-12-09,Mauvais,Observation automatique
351,2025-08-26,Mauvais,Observation automatique
351,2025-07-14,Bon,Observation automatique
1140,2025-10-27,Excellent,Observation automatique
320,2025-11-04,Correct,Observation automatique
320,2025-08-24,Correct,Observation automatique
320,2025-08-22,Correct,Observation automatique
320,2025-09-11,Excellent,Observation automatique
320,2025-07-16,Correct,Observation automatique
506,2025-06-14,Très mauvais,Observation automatique
506,2025-12-26,Bon,Observation automatique
506,2025-06-17,Correct,Observation automatique
506,2025-10-16,Excellent,Observation automatique
300,2025-08-27,Très mauvais,Observation automatique
300,2025-08-22,Très mauvais,Observation automatique
300,2025-07-15,Très mauvais,Observation automatique
300,2025-12-13,Excellent,Observation automatique
300,2025-07-22,Très mauvais,Observation automatique
300,2025-07-29,Correct,Observation automatique
300,2025-06-15,Correct,Observation automatique
1044,2025-08-14,Bon,Observation automatique
1044,2025-07-22,Bon,Observation automatique
1044,2025-07-17,Bon,Observation automatique
425,2025-06-10,Excellent,Observation automatique
425,2025-10-27,Très mauvais,Observation automatique
425,2025-07-24,Excellent,Observation automatique
425,2025-09-08,Très mauvais,Observation automatique
425,2025-06-26,Excellent,Observation automatique
425,2025-09-27,Bon,Observation automatique
1049,2025-12-29,Correct,Observation automatique
1049,2025-11-12,Très mauvais,Observation automatique
1049,2025-11-27,Très mauvais,Observation automatique
16,2025-06-10,Mauvais,Observation automatique
16,2025-07-28,Très mauvais,Observation automatique
16,2025-11-10,Bon,Observation automatique
16,2025-09-20,Très mauvais,Observation automatique
16,2025-10-25,Très mauvais,Observation automatique
16,2025-10-21,Correct,Observation automatique
1031,2025-12-09,Correct,Observation automatique
1031,2025-08-27,Excellent,Observation automatique
1031,2025-09-07,Excellent,Observation automatique
1031,2025-08-26,Mauvais,Observation automatique
1031,2025-11-09,Correct,Observation automatique
1031,2025-07-17,Correct,Observation automatique
1031,2025-12-05,Mauvais,Observation automatique
812,2025-08-01,Mauvais,Observation automatique
1185,2025-08-27,Bon,Observation automatique
1185,2025-11-09,Très mauvais,Observation automatique
684,2025-10-21,Excellent,Observation automatique
684,2025-07-04,Correct,Observation automatique
415,2025-12-25,Mauvais,Observation automatique
415,2025-07-07,Mauvais,Observation automatique
415,2025-07-09,Excellent,Observation automatique
415,2025-06-22,Correct,Observation automatique
415,2025-10-15,Mauvais,Observation automatique
415,2025-12-13,Excellent,Observation automatique
415,2025-11-12,Très mauvais,Observation automatique
253,2025-10-30,Correct,Observation automatique
253,2025-12-10,Bon,Observation automatique
253,2025-06-16,Bon,Observation automatique
253,2025-10-19,Correct,Observation automatique
253,2025-06-07,Correct,Observation automatique
253,2025-10-24,Très mauvais,Observation automatique
253,2025-08-30,Bon,Observation automatique
20,2025-12-30,Correct,Observation automatique
20,2025-09-30,Correct,Observation automatique
20,2025-07-16,Bon,Observation automatique
20,2025-12-19,Excellent,Observation automatique
698,2025-11-14,Excellent,Observation automatique
698,2025-09-25,Correct,Observation automatique
698,2025-10-04,Mauvais,Observation automatique
698,2025-07-15,Correct,Observation automatique
698,2025-08-28,Très mauvais,Observation automatique
698,2025-06-10,Très mauvais,Observation automatique
698,2025-10-09,Mauvais,Observation automatique
158,2025-08-16,Mauvais,Observation automatique
158,2025-09-07,Mauvais,Observation automatique
158,2025-07-02,Bon,Observation automatique
158,2025-10-11,Correct,Observation automatique
633,2025-07-28,Bon,Observation automatique
633,2025-12-24,Mauvais,Observation automatique
633,2025-08-26,Correct,Observation automatique
498,2025-11-13,Bon,Observation automatique
498,2025-07-18,Très mauvais,Observation automatique
435,2025-07-26,Bon,Observation automatique
435,2025-09-30,Correct,Observation automatique
435,2025-07-18,Bon,Observation automatique
435,2025-12-25,Bon,Observation automatique
435,2025-10-13,Très mauvais,Observation automatique
435,2025-06-18,Mauvais,Observation automatique
435,2025-06-06,Excellent,Observation automatique
501,2025-07-22,Très mauvais,Observation automatique
501,2025-07-31,Bon,Observation automatique
501,2025-10-21,Correct,Observation automatique
501,2025-12-01,Très mauvais,Observation automatique
501,2025-09-13,Bon,Observation automatique
501,2025-08-17,Bon,Observation automatique
521,2025-11-25,Très mauvais,Observation automatique
521,2025-09-30,Bon,Observation automatique
521,2025-09-24,Très mauvais,Observation automatique
521,2025-08-09,Excellent,Observation automatique
521,2025-08-13,Bon,Observation automatique
521,2025-07-12,Mauvais,Observation automatique
311,2025-06-14,Excellent,Observation automatique
311,2025-11-13,Mauvais,Observation automatique
311,2025-09-25,Bon,Observation automatique
311,2025-06-17,Correct,Observation automatique
807,2025-09-09,Excellent,Observation automatique
807,2025-12-14,Mauvais,Observation automatique
807,2025-11-21,Mauvais,Observation automatique
807,2025-11-29,Bon,Observation automatique
807,2025-07-05,Très mauvais,Observation automatique
807,2025-08-24,Excellent,Observation automatique
807,2025-06-09,Mauvais,Observation automatique
942,2025-06-06,Bon,Observation automatique
942,2025-09-09,Excellent,Observation automatique
942,2025-07-31,Mauvais,Observation automatique
942,2025-12-21,Très mauvais,Observation automatique
942,2025-09-13,Bon,Observation automatique
159,2025-07-28,Mauvais,Observation automatique
159,2025-10-17,Correct,Observation automatique
25,2025-07-06,Très mauvais,Observation automatique
25,2025-06-06,Bon,Observation automatique
876,2025-09-26,Excellent,Observation automatique
876,2025-06-15,Très mauvais,Observation automatique
876,2025-06-04,Mauvais,Observation automatique
876,2025-09-08,Mauvais,Observation automatique
197,2025-11-07,Excellent,Observation automatique
197,2025-09-17,Mauvais,Observation automatique
197,2025-11-01,Correct,Observation automatique
197,2025-06-02,Mauvais,Observation automatique
197,2025-09-01,Correct,Observation automatique
197,2025-06-10,Bon,Observation automatique
197,2025-11-12,Mauvais,Observation automatique
1083,2025-11-11,Très mauvais,Observation automatique
1083,2025-06-20,Bon,Observation automatique
1083,2025-07-14,Très mauvais,Observation automatique
1083,2025-07-12,Correct,Observation automatique
1083,2025-06-29,Excellent,Observation automatique
1083,2025-09-28,Très mauvais,Observation automatique
1083,2025-10-25,Bon,Observation automatique
93,2025-09-12,Très mauvais,Observation automatique
93,2025-09-30,Très mauvais,Observation automatique
93,2025-06-09,Excellent,Observation automatique
93,2025-11-01,Bon,Observation automatique
93,2025-07-20,Excellent,Observation automatique
93,2025-07-06,Bon,Observation automatique
409,2025-07-11,Excellent,Observation automatique
409,2025-12-05,Bon,Observation automatique
504,2025-06-15,Mauvais,Observation automatique
504,2025-07-31,Excellent,Observation automatique
52,2025-10-09,Correct,Observation automatique
52,2025-10-05,Excellent,Observation automatique
52,2025-10-19,Excellent,Observation automatique
52,2025-09-07,Mauvais,Observation automatique
52,2025-06-19,Bon,Observation automatique
52,2025-09-23,Bon,Observation automatique
52,2025-11-02,Correct,Observation automatique
711,2025-07-25,Correct,Observation automatique
711,2025-08-24,Correct,Observation automatique
711,2025-11-20,Excellent,Observation automatique
711,2025-12-03,Correct,Observation automatique
711,2025-07-06,Très mauvais,Observation automatique
384,2025-07-14,Excellent,Observation automatique
384,2025-11-21,Très mauvais,Observation automatique
384,2025-11-03,Très mauvais,Observation automatique
840,2025-07-28,Excellent,Observation automatique
840,2025-08-01,Très mauvais,Observation automatique
840,2025-06-23,Excellent,Observation automatique
840,2025-10-07,Excellent,Observation automatique
840,2025-10-01,Excellent,Observation automatique
33,2025-12-15,Très mauvais,Observation automatique
33,2025-10-25,Excellent,Observation automatique
33,2025-09-26,Bon,Observation automatique
33,2025-07-02,Très mauvais,Observation automatique
33,2025-06-05,Très mauvais,Observation automatique
33,2025-11-01,Bon,Observation automatique
33,2025-10-11,Bon,Observation automatique
756,2025-12-21,Mauvais,Observation automatique
854,2025-08-20,Bon,Observation automatique
854,2025-07-17,Excellent,Observation automatique
592,2025-11-27,Correct,Observation automatique
525,2025-10-12,Très mauvais,Observation automatique
525,2025-09-07,Bon,Observation automatique
982,2025-08-02,Mauvais,Observation automatique
982,2025-06-17,Bon,Observation automatique
982,2025-11-10,Excellent,Observation automatique
982,2025-09-11,Bon,Observation automatique
461,2025-11-15,Excellent,Observation automatique
461,2025-07-22,Excellent,Observation automatique
461,2025-09-10,Mauvais,Observation automatique
461,2025-10-25,Très mauvais,Observation automatique
461,2025-12-19,Très mauvais,Observation automatique
723,2025-08-17,Correct,Observation automatique
723,2025-10-21,Bon,Observation automatique
723,2025-11-01,Bon,Observation automatique
723,2025-10-29,Très mauvais,Observation automatique
723,2025-08-10,Très mauvais,Observation automatique
723,2025-10-28,Bon,Observation automatique
723,2025-12-17,Excellent,Observation automatique
2,2025-07-21,Bon,Observation automatique
412,2025-06-19,Excellent,Observation automatique
412,2025-09-11,Bon,Observation automatique
412,2025-12-27,Mauvais,Observation automatique
412,2025-08-03,Mauvais,Observation automatique
412,2025-07-04,Correct,Observation automatique
544,2025-11-27,Mauvais,Observation automatique
544,2025-06-06,Correct,Observation automatique
544,2025-07-28,Correct,Observation automatique
614,2025-07-29,Très mauvais,Observation automatique
614,2025-08-11,Correct,Observation automatique
115,2025-07-20,Bon,Observation automatique
115,2025-06-29,Bon,Observation automatique
115,2025-12-07,Correct,Observation automatique
115,2025-08-25,Bon,Observation automatique
200,2025-09-14,Bon,Observation automatique
200,2025-09-16,Bon,Observation automatique
855,2025-06-13,Mauvais,Observation automatique
855,2025-07-11,Bon,Observation automatique
855,2025-11-05,Correct,Observation automatique
855,2025-12-29,Excellent,Observation automatique
855,2025-11-24,Très mauvais,Observation automatique
855,2025-12-13,Excellent,Observation automatique
956,2025-09-15,Très mauvais,Observation automatique
956,2025-07-14,Très mauvais,Observation automatique
956,2025-12-27,Mauvais,Observation automatique
956,2025-10-08,Correct,Observation automatique
956,2025-06-22,Très mauvais,Observation automatique
956,2025-07-02,Très mauvais,Observation automatique
956,2025-06-24,Bon,Observation automatique
557,2025-07-10,Correct,Observation automatique
3,2025-07-12,Correct,Observation automatique
3,2025-08-31,Très mauvais,Observation automatique
517,2025-08-07,Bon,Observation automatique
517,2025-06-16,Très mauvais,Observation automatique
517,2025-07-07,Bon,Observation automatique
517,2025-08-09,Correct,Observation automatique
517,2025-09-02,Mauvais,Observation automatique
256,2025-12-03,Très mauvais,Observation automatique
256,2025-10-15,Correct,Observation automatique
256,2025-08-01,Excellent,Observation automatique
256,2025-10-23,Bon,Observation automatique
256,2025-11-27,Bon,Observation automatique
725,2025-08-29,Très mauvais,Observation automatique
725,2025-09-27,Bon,Observation automatique
725,2025-10-16,Mauvais,Observation automatique
725,2025-10-30,Très mauvais,Observation automatique
725,2025-08-14,Mauvais,Observation automatique
725,2025-10-13,Très mauvais,Observation automatique
725,2025-09-10,Correct,Observation automatique
170,2025-12-06,Mauvais,Observation automatique
1003,2025-06-07,Mauvais,Observation automatique
1003,2025-12-08,Correct,Observation automatique
974,2025-09-07,Excellent,Observation automatique
974,2025-08-20,Excellent,Observation automatique
974,2025-12-04,Correct,Observation automatique
974,2025-06-05,Correct,Observation automatique
974,2025-07-09,Correct,Observation automatique
974,2025-09-12,Correct,Observation automatique
974,2025-06-09,Correct,Observation automatique
418,2025-10-11,Correct,Observation automatique
418,2025-10-15,Correct,Observation automatique
418,2025-07-30,Bon,Observation automatique
418,2025-08-20,Excellent,Observation automatique
418,2025-09-25,Excellent,Observation automatique
887,2025-10-09,Mauvais,Observation automatique
887,2025-07-13,Très mauvais,Observation automatique
196,2025-07-07,Correct,Observation automatique
196,2025-08-23,Excellent,Observation automatique
196,2025-07-23,Mauvais,Observation automatique
196,2025-10-29,Bon,Observation automatique
196,2025-06-09,Très mauvais,Observation automatique
196,2025-07-03,Correct,Observation automatique
196,2025-07-04,Excellent,Observation automatique
231,2025-10-03,Très mauvais,Observation automatique
231,2025-08-12,Excellent,Observation automatique
231,2025-06-09,Correct,Observation automatique
231,2025-11-09,Bon,Observation automatique
1188,2025-12-18,Mauvais,Observation automatique
433,2025-06-10,Correct,Observation automatique
433,2025-11-12,Correct,Observation automatique
923,2025-10-25,Très mauvais,Observation automatique
562,2025-08-06,Très mauvais,Observation automatique
562,2025-12-22,Bon,Observation automatique
562,2025-08-24,Bon,Observation automatique
562,2025-09-18,Très mauvais,Observation automatique
562,2025-09-11,Excellent,Observation automatique
397,2025-09-27,Correct,Observation automatique
397,2025-11-24,Mauvais,Observation automatique
397,2025-08-24,Correct,Observation automatique
397,2025-08-06,Très mauvais,Observation automatique
397,2025-07-08,Correct,Observation automatique
397,2025-12-06,Excellent,Observation automatique
242,2025-12-24,Excellent,Observation automatique
242,2025-08-14,Excellent,Observation automatique
242,2025-07-29,Correct,Observation automatique
1036,2025-08-14,Très mauvais,Observation automatique
263,2025-08-14,Mauvais,Observation automatique
263,2025-11-13,Mauvais,Observation automatique
263,2025-12-30,Bon,Observation automatique
263,2025-12-08,Excellent,Observation automatique
263,2025-10-10,Très mauvais,Observation automatique
263,2025-09-21,Excellent,Observation automatique
263,2025-06-29,Correct,Observation automatique
249,2025-12-26,Bon,Observation automatique
249,2025-07-13,Excellent,Observation automatique
249,2025-08-08,Bon,Observation automatique
821,2025-07-14,Très mauvais,Observation automatique
821,2025-06-15,Excellent,Observation automatique
821,2025-12-15,Correct,Observation automatique
821,2025-09-19,Excellent,Observation automatique
821,2025-10-02,Excellent,Observation automatique
821,2025-11-03,Bon,Observation automatique
821,2025-11-10,Bon,Observation automatique
136,2025-07-30,Très mauvais,Observation automatique
136,2025-11-11,Excellent,Observation automatique
136,2025-12-17,Mauvais,Observation automatique
136,2025-07-03,Excellent,Observation automatique
136,2025-07-15,Correct,Observation automatique
136,2025-10-19,Mauvais,Observation automatique
136,2025-06-23,Correct,Observation automatique
335,2025-07-23,Bon,Observation automatique
335,2025-06-08,Très mauvais,Observation automatique
335,2025-08-19,Mauvais,Observation automatique
335,2025-06-13,Excellent,Observation automatique
335,2025-10-18,Correct,Observation automatique
335,2025-09-30,Bon,Observation automatique
335,2025-08-21,Excellent,Observation automatique
42,2025-10-26,Excellent,Observation automatique
42,2025-06-21,Correct,Observation automatique
96,2025-11-06,Bon,Observation automatique
96,2025-09-19,Excellent,Observation automatique
96,2025-06-30,Très mauvais,Observation automatique
96,2025-08-11,Très mauvais,Observation automatique
96,2025-08-26,Excellent,Observation automatique
96,2025-06-16,Excellent,Observation automatique
96,2025-07-15,Correct,Observation automatique
839,2025-10-27,Bon,Observation automatique
839,2025-08-20,Bon,Observation automatique
839,2025-11-20,Bon,Observation automatique
839,2025-07-20,Mauvais,Observation automatique
839,2025-11-19,Excellent,Observation automatique
839,2025-07-14,Correct,Observation automatique
29,2025-08-26,Correct,Observation automatique
208,2025-09-06,Mauvais,Observation automatique
208,2025-08-30,Bon,Observation automatique
208,2025-09-22,Excellent,Observation automatique
295,2025-07-08,Excellent,Observation automatique
295,2025-09-28,Bon,Observation automatique
295,2025-06-29,Excellent,Observation automatique
295,2025-12-25,Bon,Observation automatique
988,2025-11-02,Bon,Observation automatique
988,2025-07-01,Mauvais,Observation automatique
1008,2025-08-27,Très mauvais,Observation automatique
1008,2025-07-20,Très mauvais,Observation automatique
1008,2025-10-13,Très mauvais,Observation automatique
1008,2025-08-03,Correct,Observation automatique
1008,2025-06-03,Excellent,Observation automatique
195,2025-11-19,Très mauvais,Observation automatique
195,2025-10-24,Mauvais,Observation automatique
74,2025-09-12,Correct,Observation automatique
74,2025-07-22,Très mauvais,Observation automatique
74,2025-08-07,Bon,Observation automatique
74,2025-10-07,Excellent,Observation automatique
74,2025-07-06,Bon,Observation automatique
74,2025-08-01,Correct,Observation automatique
74,2025-07-23,Correct,Observation automatique
828,2025-10-25,Excellent,Observation automatique
828,2025-07-17,Bon,Observation automatique
828,2025-09-13,Correct,Observation automatique
1127,2025-06-12,Bon,Observation automatique
1127,2025-09-25,Bon,Observation automatique
1127,2025-10-06,Excellent,Observation automatique
853,2025-06-15,Très mauvais,Observation automatique
853,2025-07-10,Très mauvais,Observation automatique
853,2025-12-23,Bon,Observation automatique
853,2025-11-02,Mauvais,Observation automatique
853,2025-10-15,Mauvais,Observation automatique
853,2025-11-28,Correct,Observation automatique
274,2025-08-01,Correct,Observation automatique
274,2025-11-21,Bon,Observation automatique
274,2025-08-26,Correct,Observation automatique
1007,2025-08-21,Mauvais,Observation automatique
622,2025-10-11,Très mauvais,Observation automatique
622,2025-08-31,Excellent,Observation automatique
262,2025-07-21,Excellent,Observation automatique
262,2025-11-02,Excellent,Observation automatique
262,2025-12-30,Mauvais,Observation automatique
262,2025-07-15,Très mauvais,Observation automatique
262,2025-11-19,Très mauvais,Observation automatique
262,2025-08-21,Correct,Observation automatique
389,2025-11-03,Excellent,Observation automatique
389,2025-12-16,Très mauvais,Observation automatique
389,2025-10-31,Mauvais,Observation automatique
389,2025-08-12,Mauvais,Observation automatique
79,2025-12-30,Correct,Observation automatique
79,2025-09-26,Excellent,Observation automatique
79,2025-08-13,Excellent,Observation automatique
79,2025-08-23,Correct,Observation automatique
79,2025-09-22,Correct,Observation automatique
79,2025-10-02,Mauvais,Observation automatique
79,2025-09-20,Correct,Observation automatique
577,2025-07-17,Correct,Observation automatique
577,2025-12-30,Excellent,Observation automatique
577,2025-06-23,Bon,Observation automatique
400,2025-09-13,Bon,Observation automatique
400,2025-11-17,Correct,Observation automatique
400,2025-07-25,Bon,Observation automatique
400,2025-06-13,Excellent,Observation automatique
400,2025-11-16,Bon,Observation automatique
227,2025-09-21,Excellent,Observation automatique
227,2025-11-23,Excellent,Observation automatique
227,2025-08-23,Bon,Observation automatique
317,2025-09-28,Bon,Observation automatique
317,2025-07-02,Excellent,Observation automatique
317,2025-06-23,Correct,Observation automatique
317,2025-08-12,Bon,Observation automatique
317,2025-11-09,Correct,Observation automatique
317,2025-09-01,Très mauvais,Observation automatique
677,2025-12-13,Bon,Observation automatique
677,2025-09-13,Correct,Observation automatique
677,2025-08-03,Très mauvais,Observation automatique
677,2025-11-01,Très mauvais,Observation automatique
785,2025-07-25,Bon,Observation automatique
785,2025-12-23,Très mauvais,Observation automatique
858,2025-06-12,Mauvais,Observation automatique
858,2025-10-04,Bon,Observation automatique
858,2025-12-22,Correct,Observation automatique
858,2025-07-22,Correct,Observation automatique
858,2025-11-06,Excellent,Observation automatique
951,2025-09-01,Bon,Observation automatique
951,2025-07-08,Excellent,Observation automatique
484,2025-11-20,Bon,Observation automatique
484,2025-10-06,Excellent,Observation automatique
484,2025-11-24,Très mauvais,Observation automatique
484,2025-11-08,Bon,Observation automatique
484,2025-07-08,Très mauvais,Observation automatique
484,2025-06-16,Très mauvais,Observation automatique
51,2025-08-03,Correct,Observation automatique
51,2025-06-23,Bon,Observation automatique
51,2025-07-22,Bon,Observation automatique
319,2025-08-29,Correct,Observation automatique
319,2025-06-07,Très mauvais,Observation automatique
319,2025-11-12,Très mauvais,Observation automatique
319,2025-06-08,Bon,Observation automatique
319,2025-09-23,Bon,Observation automatique
319,2025-09-06,Mauvais,Observation automatique
319,2025-06-13,Mauvais,Observation automatique
485,2025-07-02,Mauvais,Observation automatique
485,2025-12-27,Mauvais,Observation automatique
485,2025-09-03,Bon,Observation automatique
485,2025-10-20,Bon,Observation automatique
485,2025-11-24,Excellent,Observation automatique
243,2025-10-27,Mauvais,Observation automatique
243,2025-06-24,Mauvais,Observation automatique
243,2025-07-08,Correct,Observation automatique
243,2025-10-10,Mauvais,Observation automatique
243,2025-06-02,Excellent,Observation automatique
243,2025-08-31,Excellent,Observation automatique
243,2025-09-02,Bon,Observation automatique
1122,2025-10-08,Excellent,Observation automatique
1122,2025-08-13,Excellent,Observation automatique
1122,2025-07-29,Très mauvais,Observation automatique
1122,2025-10-06,Correct,Observation automatique
1122,2025-09-25,Correct,Observation automatique
1122,2025-09-21,Mauvais,Observation automatique
1122,2025-06-24,Très mauvais,Observation automatique
492,2025-08-22,Correct,Observation automatique
598,2025-08-18,Très mauvais,Observation automatique
598,2025-07-30,Correct,Observation automatique
598,2025-10-21,Correct,Observation automatique
598,2025-09-17,Mauvais,Observation automatique
598,2025-07-29,Très mauvais,Observation automatique
598,2025-12-14,Excellent,Observation automatique
767,2025-10-09,Excellent,Observation automatique
767,2025-11-12,Correct,Observation automatique
767,2025-06-04,Correct,Observation automatique
767,2025-06-19,Très mauvais,Observation automatique
1068,2025-10-05,Mauvais,Observation automatique
1068,2025-09-07,Mauvais,Observation automatique
1068,2025-07-12,Bon,Observation automatique
1068,2025-12-02,Bon,Observation automatique
1068,2025-10-09,Bon,Observation automatique
238,2025-11-15,Très mauvais,Observation automatique
90,2025-11-27,Bon,Observation automatique
90,2025-06-13,Très mauvais,Observation automatique
90,2025-10-13,Correct,Observation automatique
90,2025-07-27,Excellent,Observation automatique
90,2025-07-19,Très mauvais,Observation automatique
90,2025-08-10,Mauvais,Observation automatique
1143,2025-11-28,Très mauvais,Observation automatique
1143,2025-07-03,Correct,Observation automatique
1143,2025-06-01,Correct,Observation automatique
1143,2025-08-06,Bon,Observation automatique
1143,2025-07-04,Bon,Observation automatique
44,2025-07-21,Très mauvais,Observation automatique
44,2025-09-18,Correct,Observation automatique
44,2025-06-28,Bon,Observation automatique
44,2025-11-28,Bon,Observation automatique
175,2025-07-09,Excellent,Observation automatique
175,2025-07-07,Bon,Observation automatique
175,2025-11-13,Mauvais,Observation automatique
175,2025-12-20,Excellent,Observation automatique
175,2025-10-31,Correct,Observation automatique
175,2025-11-20,Très mauvais,Observation automatique
813,2025-09-02,Bon,Observation automatique
813,2025-12-20,Très mauvais,Observation automatique
813,2025-07-09,Bon,Observation automatique
930,2025-11-27,Bon,Observation automatique
930,2025-10-12,Excellent,Observation automatique
930,2025-06-20,Correct,Observation automatique
930,2025-08-12,Très mauvais,Observation automatique
930,2025-07-07,Excellent,Observation automatique
26,2025-10-10,Très mauvais,Observation automatique
26,2025-09-03,Très mauvais,Observation automatique
833,2025-07-26,Correct,Observation automatique
833,2025-09-25,Bon,Observation automatique
833,2025-11-12,Mauvais,Observation automatique
833,2025-09-20,Très mauvais,Observation automatique
491,2025-08-17,Très mauvais,Observation automatique
491,2025-09-24,Très mauvais,Observation automatique
160,2025-07-06,Correct,Observation automatique
230,2025-08-18,Mauvais,Observation automatique
230,2025-12-08,Excellent,Observation automatique
230,2025-11-10,Excellent,Observation automatique
310,2025-08-03,Très mauvais,Observation automatique
310,2025-06-08,Mauvais,Observation automatique
310,2025-08-23,Excellent,Observation automatique
404,2025-07-20,Excellent,Observation automatique
447,2025-07-09,Bon,Observation automatique
447,2025-07-25,Mauvais,Observation automatique
239,2025-09-18,Très mauvais,Observation automatique
348,2025-08-13,Très mauvais,Observation automatique
348,2025-07-10,Très mauvais,Observation automatique
348,2025-12-16,Mauvais,Observation automatique
348,2025-12-29,Très mauvais,Observation automatique
348,2025-08-16,Excellent,Observation automatique
348,2025-06-12,Excellent,Observation automatique
421,2025-10-21,Très mauvais,Observation automatique
421,2025-08-31,Excellent,Observation automatique
421,2025-11-25,Mauvais,Observation automatique
1061,2025-07-04,Très mauvais,Observation automatique
1061,2025-09-21,Très mauvais,Observation automatique
444,2025-09-02,Bon,Observation automatique
444,2025-09-13,Bon,Observation automatique
444,2025-07-25,Correct,Observation automatique
444,2025-12-09,Mauvais,Observation automatique
444,2025-10-25,Mauvais,Observation automatique
142,2025-08-21,Très mauvais,Observation automatique
142,2025-10-08,Très mauvais,Observation automatique
142,2025-12-27,Bon,Observation automatique
142,2025-12-15,Excellent,Observation automatique
142,2025-06-23,Très mauvais,Observation automatique
1121,2025-11-22,Correct,Observation automatique
881,2025-12-22,Très mauvais,Observation automatique
610,2025-08-08,Mauvais,Observation automatique
610,2025-10-31,Excellent,Observation automatique
610,2025-12-19,Mauvais,Observation automatique
206,2025-10-07,Excellent,Observation automatique
206,2025-11-30,Correct,Observation automatique
206,2025-11-28,Mauvais,Observation automatique
206,2025-11-13,Bon,Observation automatique
206,2025-09-24,Mauvais,Observation automatique
206,2025-07-02,Mauvais,Observation automatique
206,2025-08-12,Correct,Observation automatique
741,2025-06-14,Mauvais,Observation automatique
741,2025-06-24,Excellent,Observation automatique
741,2025-08-01,Mauvais,Observation automatique
741,2025-08-13,Excellent,Observation automatique
741,2025-08-22,Mauvais,Observation automatique
741,2025-12-05,Bon,Observation automatique
787,2025-11-21,Mauvais,Observation automatique
787,2025-11-20,Très mauvais,Observation automatique
787,2025-06-12,Mauvais,Observation automatique
787,2025-06-01,Très mauvais,Observation automatique
787,2025-09-18,Mauvais,Observation automatique
787,2025-07-01,Excellent,Observation automatique
787,2025-10-30,Très mauvais,Observation automatique
284,2025-11-12,Excellent,Observation automatique
284,2025-11-13,Excellent,Observation automatique
584,2025-07-30,Correct,Observation automatique
727,2025-12-26,Très mauvais,Observation automatique
727,2025-07-29,Très mauvais,Observation automatique
430,2025-08-05,Très mauvais,Observation automatique
430,2025-10-16,Correct,Observation automatique
649,2025-11-30,Excellent,Observation automatique
649,2025-10-17,Très mauvais,Observation automatique
649,2025-11-24,Très mauvais,Observation automatique
649,2025-07-20,Excellent,Observation automatique
649,2025-07-22,Mauvais,Observation automatique
355,2025-08-20,Mauvais,Observation automatique
355,2025-11-04,Très mauvais,Observation automatique
355,2025-08-05,Bon,Observation automatique
355,2025-11-24,Excellent,Observation automatique
355,2025-11-06,Excellent,Observation automatique
1085,2025-07-08,Bon,Observation automatique
1085,2025-11-20,Mauvais,Observation automatique
1085,2025-10-29,Très mauvais,Observation automatique
1085,2025-12-25,Mauvais,Observation automatique
587,2025-11-25,Correct,Observation automatique
69,2025-10-31,Correct,Observation automatique
69,2025-12-06,Très mauvais,Observation automatique
69,2025-08-21,Correct,Observation automatique
69,2025-07-10,Très mauvais,Observation automatique
69,2025-09-09,Mauvais,Observation automatique
671,2025-09-01,Correct,Observation automatique
786,2025-06-03,Très mauvais,Observation automatique
786,2025-10-22,Excellent,Observation automatique
786,2025-11-25,Excellent,Observation automatique
786,2025-07-02,Bon,Observation automatique
786,2025-09-30,Excellent,Observation automatique
591,2025-06-08,Mauvais,Observation automatique
591,2025-07-08,Correct,Observation automatique
591,2025-08-04,Mauvais,Observation automatique
591,2025-09-08,Correct,Observation automatique
591,2025-07-10,Très mauvais,Observation automatique
591,2025-10-31,Très mauvais,Observation automatique
591,2025-10-04,Mauvais,Observation automatique
514,2025-08-28,Excellent,Observation automatique
583,2025-06-22,Correct,Observation automatique
912,2025-10-11,Mauvais,Observation automatique
912,2025-11-22,Très mauvais,Observation automatique
912,2025-12-23,Correct,Observation automatique
912,2025-08-15,Correct,Observation automatique
912,2025-09-04,Mauvais,Observation automatique
912,2025-10-01,Excellent,Observation automatique
383,2025-12-02,Correct,Observation automatique
383,2025-09-09,Très mauvais,Observation automatique
757,2025-08-19,Excellent,Observation automatique
757,2025-11-25,Correct,Observation automatique
757,2025-12-28,Très mauvais,Observation automatique
757,2025-09-27,Correct,Observation automatique
757,2025-11-26,Mauvais,Observation automatique
757,2025-07-03,Très mauvais,Observation automatique
674,2025-08-22,Correct,Observation automatique
674,2025-11-05,Excellent,Observation automatique
674,2025-11-02,Mauvais,Observation automatique
674,2025-10-10,Excellent,Observation automatique
674,2025-09-08,Bon,Observation automatique
674,2025-11-09,Correct,Observation automatique
646,2025-06-18,Mauvais,Observation automatique
646,2025-07-25,Excellent,Observation automatique
646,2025-06-14,Correct,Observation automatique
646,2025-06-09,Mauvais,Observation automatique
646,2025-10-04,Bon,Observation automatique
646,2025-12-06,Bon,Observation automatique
646,2025-10-31,Mauvais,Observation automatique
488,2025-11-01,Mauvais,Observation automatique
488,2025-10-16,Excellent,Observation automatique
488,2025-06-16,Excellent,Observation automatique
1166,2025-11-20,Correct,Observation automatique
1166,2025-11-10,Bon,Observation automatique
1166,2025-08-22,Très mauvais,Observation automatique
1166,2025-12-07,Excellent,Observation automatique
692,2025-10-29,Bon,Observation automatique
692,2025-11-28,Mauvais,Observation automatique
692,2025-11-20,Bon,Observation automatique
692,2025-09-28,Bon,Observation automatique
1117,2025-06-09,Excellent,Observation automatique
1117,2025-06-07,Excellent,Observation automatique
1117,2025-09-11,Très mauvais,Observation automatique
1117,2025-06-25,Excellent,Observation automatique
1117,2025-07-27,Correct,Observation automatique
578,2025-06-15,Correct,Observation automatique
578,2025-11-03,Correct,Observation automatique
456,2025-08-16,Très mauvais,Observation automatique
456,2025-08-04,Bon,Observation automatique
456,2025-12-30,Correct,Observation automatique
456,2025-06-18,Mauvais,Observation automatique
456,2025-08-11,Excellent,Observation automatique
456,2025-11-18,Mauvais,Observation automatique
456,2025-06-17,Mauvais,Observation automatique
738,2025-12-03,Correct,Observation automatique
738,2025-11-21,Bon,Observation automatique
738,2025-09-07,Mauvais,Observation automatique
738,2025-06-21,Excellent,Observation automatique
66,2025-09-01,Correct,Observation automatique
66,2025-11-27,Correct,Observation automatique
66,2025-11-25,Correct,Observation automatique
66,2025-11-26,Excellent,Observation automatique
337,2025-06-17,Excellent,Observation automatique
337,2025-10-18,Très mauvais,Observation automatique
337,2025-10-26,Excellent,Observation automatique
337,2025-11-01,Correct,Observation automatique
337,2025-08-03,Bon,Observation automatique
337,2025-06-16,Correct,Observation automatique
337,2025-10-28,Mauvais,Observation automatique
1014,2025-09-09,Bon,Observation automatique
1051,2025-09-08,Correct,Observation automatique
1051,2025-08-11,Bon,Observation automatique
1051,2025-10-02,Mauvais,Observation automatique
1051,2025-10-27,Correct,Observation automatique
1051,2025-07-09,Bon,Observation automatique
641,2025-12-26,Excellent,Observation automatique
641,2025-11-15,Correct,Observation automatique
641,2025-11-09,Correct,Observation automatique
641,2025-10-24,Excellent,Observation automatique
641,2025-08-03,Mauvais,Observation automatique
641,2025-08-22,Bon,Observation automatique
612,2025-07-24,Excellent,Observation automatique
612,2025-06-23,Mauvais,Observation automatique
612,2025-06-27,Mauvais,Observation automatique
612,2025-06-07,Très mauvais,Observation automatique
1067,2025-11-13,Bon,Observation automatique
1067,2025-09-17,Très mauvais,Observation automatique
1067,2025-06-06,Correct,Observation automatique
1067,2025-12-02,Excellent,Observation automatique
372,2025-12-02,Bon,Observation automatique
372,2025-07-05,Correct,Observation automatique
372,2025-06-15,Très mauvais,Observation automatique
372,2025-12-29,Mauvais,Observation automatique
372,2025-08-03,Excellent,Observation automatique
372,2025-08-22,Bon,Observation automatique
372,2025-07-24,Très mauvais,Observation automatique
276,2025-06-08,Correct,Observation automatique
276,2025-06-02,Mauvais,Observation automatique
276,2025-08-28,Correct,Observation automatique
1164,2025-07-29,Correct,Observation automatique
1164,2025-07-06,Très mauvais,Observation automatique
978,2025-11-10,Correct,Observation automatique
978,2025-10-21,Excellent,Observation automatique
1002,2025-09-22,Excellent,Observation automatique
1002,2025-09-20,Excellent,Observation automatique
1002,2025-11-01,Mauvais,Observation automatique
1002,2025-09-27,Excellent,Observation automatique
1002,2025-08-21,Très mauvais,Observation automatique
1002,2025-11-26,Bon,Observation automatique
1002,2025-10-04,Bon,Observation automatique
528,2025-11-19,Correct,Observation automatique
451,2025-10-21,Mauvais,Observation automatique
451,2025-07-09,Mauvais,Observation automatique
451,2025-12-12,Bon,Observation automatique
451,2025-06-04,Excellent,Observation automatique
451,2025-12-09,Mauvais,Observation automatique
451,2025-10-26,Excellent,Observation automatique
451,2025-11-20,Excellent,Observation automatique
716,2025-11-24,Correct,Observation automatique
54,2025-12-01,Très mauvais,Observation automatique
54,2025-12-04,Correct,Observation automatique
428,2025-09-09,Excellent,Observation automatique
428,2025-11-19,Mauvais,Observation automatique
428,2025-09-01,Mauvais,Observation automatique
428,2025-11-04,Bon,Observation automatique
333,2025-12-26,Correct,Observation automatique
806,2025-08-29,Très mauvais,Observation automatique
806,2025-07-17,Bon,Observation automatique
806,2025-06-21,Très mauvais,Observation automatique
806,2025-10-17,Très mauvais,Observation automatique
806,2025-11-17,Mauvais,Observation automatique
806,2025-09-27,Bon,Observation automatique
704,2025-10-19,Bon,Observation automatique
704,2025-12-01,Très mauvais,Observation automatique
704,2025-08-11,Très mauvais,Observation automatique
704,2025-11-17,Bon,Observation automatique
704,2025-07-31,Très mauvais,Observation automatique
704,2025-07-21,Correct,Observation automatique
704,2025-07-14,Bon,Observation automatique
705,2025-11-08,Très mauvais,Observation automatique
1022,2025-11-17,Correct,Observation automatique
1022,2025-08-24,Correct,Observation automatique
1022,2025-11-03,Excellent,Observation automatique
503,2025-12-29,Bon,Observation automatique
503,2025-08-21,Bon,Observation automatique
503,2025-12-16,Mauvais,Observation automatique
503,2025-12-03,Très mauvais,Observation automatique
503,2025-06-06,Très mauvais,Observation automatique
503,2025-08-28,Correct,Observation automatique
381,2025-08-01,Correct,Observation automatique
381,2025-09-14,Mauvais,Observation automatique
894,2025-07-29,Excellent,Observation automatique
1110,2025-06-12,Bon,Observation automatique
1110,2025-11-25,Très mauvais,Observation automatique
1110,2025-08-19,Correct,Observation automatique
1110,2025-12-05,Bon,Observation automatique
1110,2025-10-09,Bon,Observation automatique
1110,2025-07-24,Correct,Observation automatique
1110,2025-08-05,Mauvais,Observation automatique
747,2025-07-03,Excellent,Observation automatique
747,2025-08-11,Excellent,Observation automatique
747,2025-06-20,Mauvais,Observation automatique
747,2025-11-12,Correct,Observation automatique
747,2025-07-29,Mauvais,Observation automatique
747,2025-11-30,Très mauvais,Observation automatique
374,2025-10-24,Très mauvais,Observation automatique
374,2025-07-01,Excellent,Observation automatique
374,2025-11-02,Très mauvais,Observation automatique
1190,2025-10-09,Excellent,Observation automatique
1190,2025-10-27,Bon,Observation automatique
1190,2025-09-18,Bon,Observation automatique
1190,2025-11-10,Excellent,Observation automatique
1190,2025-08-20,Mauvais,Observation automatique
1190,2025-08-01,Excellent,Observation automatique
1190,2025-09-25,Correct,Observation automatique
332,2025-07-22,Mauvais,Observation automatique
332,2025-12-06,Bon,Observation automatique
332,2025-12-04,Correct,Observation automatique
856,2025-08-30,Mauvais,Observation automatique
856,2025-10-16,Très mauvais,Observation automatique
856,2025-11-19,Très mauvais,Observation automatique
856,2025-11-12,Mauvais,Observation automatique
856,2025-08-15,Mauvais,Observation automatique
856,2025-06-27,Correct,Observation automatique
856,2025-12-11,Mauvais,Observation automatique
1138,2025-11-20,Bon,Observation automatique
98,2025-08-12,Correct,Observation automatique
98,2025-06-04,Correct,Observation automatique
98,2025-08-31,Correct,Observation automatique
98,2025-10-05,Correct,Observation automatique
446,2025-09-28,Mauvais,Observation automatique
446,2025-10-12,Mauvais,Observation automatique
446,2025-08-25,Très mauvais,Observation automatique
446,2025-08-15,Correct,Observation automatique
446,2025-07-22,Correct,Observation automatique
1013,2025-11-12,Bon,Observation automatique
1013,2025-07-19,Bon,Observation automatique
1013,2025-09-16,Bon,Observation automatique
281,2025-10-27,Excellent,Observation automatique
281,2025-12-22,Mauvais,Observation automatique
281,2025-10-15,Correct,Observation automatique
281,2025-09-08,Très mauvais,Observation automatique
100,2025-10-07,Excellent,Observation automatique
100,2025-10-21,Très mauvais,Observation automatique
100,2025-07-06,Bon,Observation automatique
100,2025-09-22,Mauvais,Observation automatique
100,2025-09-16,Bon,Observation automatique
100,2025-06-21,Mauvais,Observation automatique
1011,2025-10-05,Excellent,Observation automatique
1011,2025-12-13,Correct,Observation automatique
1011,2025-11-26,Mauvais,Observation automatique
1011,2025-12-30,Bon,Observation automatique
259,2025-10-18,Mauvais,Observation automatique
259,2025-06-19,Très mauvais,Observation automatique
259,2025-11-13,Mauvais,Observation automatique
153,2025-06-12,Excellent,Observation automatique
153,2025-11-02,Correct,Observation automatique
153,2025-09-29,Mauvais,Observation automatique
153,2025-10-13,Excellent,Observation automatique
153,2025-11-03,Bon,Observation automatique
105,2025-12-21,Mauvais,Observation automatique
105,2025-10-28,Excellent,Observation automatique
105,2025-11-02,Correct,Observation automatique
105,2025-10-11,Très mauvais,Observation automatique
105,2025-07-01,Correct,Observation automatique
105,2025-08-17,Mauvais,Observation automatique
105,2025-06-15,Correct,Observation automatique
174,2025-07-13,Très mauvais,Observation automatique
174,2025-09-06,Excellent,Observation automatique
174,2025-11-20,Excellent,Observation automatique
174,2025-10-27,Très mauvais,Observation automatique
174,2025-10-08,Excellent,Observation automatique
782,2025-11-11,Mauvais,Observation automatique
782,2025-11-13,Bon,Observation automatique
782,2025-10-03,Correct,Observation automatique
782,2025-07-22,Très mauvais,Observation automatique
782,2025-09-07,Correct,Observation automatique
782,2025-12-04,Mauvais,Observation automatique
782,2025-06-02,Très mauvais,Observation automatique
1154,2025-11-12,Excellent,Observation automatique
1154,2025-11-19,Mauvais,Observation automatique
1154,2025-11-01,Excellent,Observation automatique
1154,2025-09-14,Correct,Observation automatique
1170,2025-10-04,Mauvais,Observation automatique
1035,2025-10-17,Excellent,Observation automatique
1035,2025-07-20,Excellent,Observation automatique
1035,2025-12-08,Très mauvais,Observation automatique
1116,2025-09-16,Bon,Observation automatique
576,2025-06-21,Mauvais,Observation automatique
576,2025-09-11,Correct,Observation automatique
576,2025-12-30,Correct,Observation automatique
576,2025-08-06,Mauvais,Observation automatique
576,2025-07-18,Mauvais,Observation automatique
576,2025-06-24,Mauvais,Observation automatique
990,2025-07-13,Très mauvais,Observation automatique
990,2025-10-03,Correct,Observation automatique
990,2025-08-19,Très mauvais,Observation automatique
929,2025-06-20,Correct,Observation automatique
929,2025-10-23,Très mauvais,Observation automatique
929,2025-12-17,Bon,Observation automatique
929,2025-10-10,Très mauvais,Observation automatique
929,2025-10-25,Excellent,Observation automatique
880,2025-08-25,Bon,Observation automatique
880,2025-06-02,Très mauvais,Observation automatique
880,2025-11-01,Très mauvais,Observation automatique
880,2025-07-28,Mauvais,Observation automatique
880,2025-09-23,Correct,Observation automatique
880,2025-10-22,Mauvais,Observation automatique
32,2025-09-25,Bon,Observation automatique
32,2025-09-05,Correct,Observation automatique
32,2025-08-26,Très mauvais,Observation automatique
32,2025-12-25,Bon,Observation automatique
32,2025-12-30,Mauvais,Observation automatique
32,2025-12-06,Très mauvais,Observation automatique
194,2025-09-16,Correct,Observation automatique
194,2025-11-26,Correct,Observation automatique
194,2025-11-14,Excellent,Observation automatique
194,2025-11-21,Excellent,Observation automatique
194,2025-09-15,Mauvais,Observation automatique
794,2025-08-28,Correct,Observation automatique
794,2025-08-23,Correct,Observation automatique
555,2025-10-16,Correct,Observation automatique
555,2025-07-28,Correct,Observation automatique
555,2025-07-25,Bon,Observation automatique
555,2025-07-08,Très mauvais,Observation automatique
555,2025-10-07,Mauvais,Observation automatique
283,2025-12-21,Excellent,Observation automatique
283,2025-08-22,Correct,Observation automatique
283,2025-08-03,Correct,Observation automatique
283,2025-10-25,Très mauvais,Observation automatique
998,2025-09-21,Très mauvais,Observation automatique
998,2025-10-23,Excellent,Observation automatique
998,2025-12-26,Très mauvais,Observation automatique
998,2025-11-20,Mauvais,Observation automatique
467,2025-11-18,Correct,Observation automatique
467,2025-09-17,Mauvais,Observation automatique
467,2025-10-28,Bon,Observation automatique
467,2025-10-22,Bon,Observation automatique
17,2025-12-21,Bon,Observation automatique
17,2025-08-23,Correct,Observation automatique
17,2025-06-04,Bon,Observation automatique
17,2025-08-22,Excellent,Observation automatique
17,2025-08-04,Mauvais,Observation automatique
897,2025-09-22,Bon,Observation automatique
897,2025-12-05,Très mauvais,Observation automatique
1136,2025-06-04,Bon,Observation automatique
1136,2025-07-14,Excellent,Observation automatique
1136,2025-07-23,Excellent,Observation automatique
1136,2025-07-19,Très mauvais,Observation automatique
1136,2025-06-02,Correct,Observation automatique
1136,2025-08-14,Mauvais,Observation automatique
681,2025-08-22,Correct,Observation automatique
681,2025-06-11,Bon,Observation automatique
681,2025-07-25,Très mauvais,Observation automatique
681,2025-12-08,Bon,Observation automatique
1058,2025-09-20,Très mauvais,Observation automatique
1058,2025-07-11,Correct,Observation automatique
1058,2025-12-14,Bon,Observation automatique
1091,2025-10-11,Excellent,Observation automatique
1091,2025-08-02,Très mauvais,Observation automatique
1091,2025-08-11,Bon,Observation automatique
1091,2025-11-09,Correct,Observation automatique
1091,2025-08-28,Excellent,Observation automatique
1091,2025-10-17,Bon,Observation automatique
1091,2025-08-15,Excellent,Observation automatique
879,2025-06-21,Très mauvais,Observation automatique
879,2025-09-12,Correct,Observation automatique
879,2025-06-12,Correct,Observation automatique
879,2025-12-24,Bon,Observation automatique
879,2025-10-16,Très mauvais,Observation automatique
879,2025-10-23,Correct,Observation automatique
879,2025-07-29,Mauvais,Observation automatique
437,2025-10-16,Excellent,Observation automatique
437,2025-10-11,Mauvais,Observation automatique
437,2025-10-29,Très mauvais,Observation automatique
437,2025-06-01,Excellent,Observation automatique
437,2025-12-22,Excellent,Observation automatique
437,2025-09-20,Correct,Observation automatique
437,2025-08-19,Correct,Observation automatique
116,2025-10-22,Mauvais,Observation automatique
116,2025-11-14,Excellent,Observation automatique
116,2025-12-21,Excellent,Observation automatique
596,2025-11-07,Très mauvais,Observation automatique
596,2025-07-28,Mauvais,Observation automatique
596,2025-06-14,Bon,Observation automatique
596,2025-11-08,Correct,Observation automatique
322,2025-09-06,Correct,Observation automatique
322,2025-08-09,Correct,Observation automatique
322,2025-12-26,Mauvais,Observation automatique
187,2025-09-30,Correct,Observation automatique
187,2025-12-27,Bon,Observation automatique
187,2025-09-27,Très mauvais,Observation automatique
1025,2025-11-27,Correct,Observation automatique
783,2025-08-13,Excellent,Observation automatique
783,2025-06-09,Très mauvais,Observation automatique
783,2025-10-05,Correct,Observation automatique
823,2025-09-13,Excellent,Observation automatique
823,2025-12-02,Très mauvais,Observation automatique
823,2025-12-22,Excellent,Observation automatique
823,2025-10-27,Excellent,Observation automatique
823,2025-06-27,Mauvais,Observation automatique
117,2025-08-07,Excellent,Observation automatique
734,2025-10-06,Bon,Observation automatique
734,2025-07-29,Correct,Observation automatique
734,2025-09-11,Très mauvais,Observation automatique
734,2025-12-09,Excellent,Observation automatique
734,2025-10-11,Correct,Observation automatique
734,2025-06-26,Bon,Observation automatique
734,2025-06-18,Excellent,Observation automatique
1039,2025-11-12,Bon,Observation automatique
780,2025-10-17,Très mauvais,Observation automatique
780,2025-10-02,Correct,Observation automatique
780,2025-08-07,Bon,Observation automatique
780,2025-10-13,Correct,Observation automatique
780,2025-08-30,Excellent,Observation automatique
780,2025-12-03,Très mauvais,Observation automatique
780,2025-07-05,Mauvais,Observation automatique
1103,2025-07-10,Bon,Observation automatique
1103,2025-07-29,Très mauvais,Observation automatique
1103,2025-06-26,Excellent,Observation automatique
481,2025-11-03,Excellent,Observation automatique
481,2025-07-08,Correct,Observation automatique
481,2025-09-22,Bon,Observation automatique
481,2025-09-24,Correct,Observation automatique
481,2025-09-25,Bon,Observation automatique
800,2025-09-07,Excellent,Observation automatique
800,2025-06-07,Très mauvais,Observation automatique
800,2025-08-31,Bon,Observation automatique
800,2025-06-08,Excellent,Observation automatique
210,2025-10-23,Bon,Observation automatique
210,2025-08-13,Excellent,Observation automatique
210,2025-06-17,Excellent,Observation automatique
210,2025-06-18,Très mauvais,Observation automatique
210,2025-06-05,Bon,Observation automatique
664,2025-07-17,Excellent,Observation automatique
664,2025-08-14,Excellent,Observation automatique
664,2025-11-27,Mauvais,Observation automatique
664,2025-07-23,Très mauvais,Observation automatique
664,2025-08-12,Bon,Observation automatique
664,2025-10-26,Mauvais,Observation automatique
664,2025-09-17,Mauvais,Observation automatique
432,2025-10-14,Excellent,Observation automatique
432,2025-08-07,Très mauvais,Observation automatique
432,2025-09-09,Bon,Observation automatique
432,2025-12-01,Très mauvais,Observation automatique
432,2025-07-05,Mauvais,Observation automatique
353,2025-07-15,Bon,Observation automatique
353,2025-12-27,Excellent,Observation automatique
353,2025-10-21,Excellent,Observation automatique
597,2025-07-12,Mauvais,Observation automatique
597,2025-08-26,Correct,Observation automatique
597,2025-11-03,Très mauvais,Observation automatique
597,2025-10-26,Très mauvais,Observation automatique
597,2025-12-25,Bon,Observation automatique
597,2025-12-01,Bon,Observation automatique
772,2025-10-17,Excellent,Observation automatique
772,2025-06-11,Très mauvais,Observation automatique
772,2025-08-20,Très mauvais,Observation automatique
772,2025-09-09,Mauvais,Observation automatique
1162,2025-08-24,Très mauvais,Observation automatique
1162,2025-09-17,Correct,Observation automatique
293,2025-10-11,Bon,Observation automatique
293,2025-09-20,Mauvais,Observation automatique
921,2025-07-04,Correct,Observation automatique
921,2025-07-17,Très mauvais,Observation automatique
921,2025-08-05,Correct,Observation automatique
921,2025-06-27,Bon,Observation automatique
921,2025-07-23,Bon,Observation automatique
921,2025-10-28,Excellent,Observation automatique
867,2025-08-24,Excellent,Observation automatique
867,2025-07-07,Excellent,Observation automatique
867,2025-06-07,Très mauvais,Observation automatique
867,2025-12-27,Mauvais,Observation automatique
867,2025-10-09,Très mauvais,Observation automatique
534,2025-06-04,Très mauvais,Observation automatique
534,2025-10-07,Mauvais,Observation automatique
534,2025-08-12,Correct,Observation automatique
534,2025-11-11,Bon,Observation automatique
534,2025-07-14,Très mauvais,Observation automatique
534,2025-08-04,Excellent,Observation automatique
1128,2025-08-25,Excellent,Observation automatique
1128,2025-09-10,Excellent,Observation automatique
395,2025-06-17,Excellent,Observation automatique
395,2025-07-07,Mauvais,Observation automatique
395,2025-10-29,Bon,Observation automatique
1109,2025-07-03,Correct,Observation automatique
864,2025-08-08,Bon,Observation automatique
864,2025-10-05,Mauvais,Observation automatique
1148,2025-12-12,Correct,Observation automatique
1148,2025-12-21,Très mauvais,Observation automatique
1090,2025-06-16,Correct,Observation automatique
1090,2025-08-30,Bon,Observation automatique
1048,2025-11-05,Excellent,Observation automatique
1048,2025-07-24,Correct,Observation automatique
1048,2025-06-02,Très mauvais,Observation automatique
1048,2025-06-03,Très mauvais,Observation automatique
1048,2025-11-01,Excellent,Observation automatique
975,2025-07-13,Bon,Observation automatique
975,2025-09-09,Correct,Observation automatique
975,2025-12-08,Bon,Observation automatique
975,2025-09-28,Excellent,Observation automatique
975,2025-07-28,Bon,Observation automatique
975,2025-09-18,Mauvais,Observation automatique
524,2025-08-01,Mauvais,Observation automatique
524,2025-11-16,Correct,Observation automatique
524,2025-08-26,Très mauvais,Observation automatique
524,2025-11-10,Bon,Observation automatique
215,2025-09-14,Bon,Observation automatique
215,2025-06-28,Excellent,Observation automatique
215,2025-09-26,Mauvais,Observation automatique
215,2025-06-13,Mauvais,Observation automatique
215,2025-06-04,Excellent,Observation automatique
215,2025-08-08,Excellent,Observation automatique
662,2025-06-11,Mauvais,Observation automatique
292,2025-09-26,Mauvais,Observation automatique
292,2025-07-15,Excellent,Observation automatique
292,2025-08-28,Bon,Observation automatique
292,2025-06-29,Très mauvais,Observation automatique
292,2025-12-30,Mauvais,Observation automatique
292,2025-08-07,Bon,Observation automatique
292,2025-12-21,Excellent,Observation automatique
309,2025-06-04,Bon,Observation automatique
309,2025-08-19,Bon,Observation automatique
309,2025-06-05,Bon,Observation automatique
309,2025-09-26,Bon,Observation automatique
590,2025-12-19,Correct,Observation automatique
590,2025-06-24,Mauvais,Observation automatique
590,2025-09-26,Excellent,Observation automatique
590,2025-12-23,Excellent,Observation automatique
57,2025-06-14,Excellent,Observation automatique
57,2025-10-17,Mauvais,Observation automatique
57,2025-11-21,Très mauvais,Observation automatique
57,2025-08-22,Bon,Observation automatique
315,2025-12-18,Très mauvais,Observation automatique
315,2025-08-06,Très mauvais,Observation automatique
493,2025-08-07,Mauvais,Observation automatique
493,2025-12-17,Mauvais,Observation automatique
493,2025-11-20,Très mauvais,Observation automatique
493,2025-06-09,Excellent,Observation automatique
493,2025-10-02,Très mauvais,Observation automatique
667,2025-09-04,Bon,Observation automatique
667,2025-06-27,Très mauvais,Observation automatique
667,2025-08-15,Correct,Observation automatique
656,2025-11-19,Mauvais,Observation automatique
656,2025-07-02,Bon,Observation automatique
656,2025-09-23,Très mauvais,Observation automatique
656,2025-09-27,Correct,Observation automatique
778,2025-10-20,Mauvais,Observation automatique
778,2025-09-17,Très mauvais,Observation automatique
778,2025-07-21,Correct,Observation automatique
778,2025-11-21,Bon,Observation automatique
778,2025-06-29,Correct,Observation automatique
24,2025-06-06,Excellent,Observation automatique
24,2025-06-04,Correct,Observation automatique
24,2025-10-10,Bon,Observation automatique
24,2025-10-27,Excellent,Observation automatique
24,2025-08-23,Bon,Observation automatique
24,2025-07-19,Correct,Observation automatique
24,2025-12-22,Bon,Observation automatique
736,2025-10-18,Excellent,Observation automatique
736,2025-09-11,Correct,Observation automatique
736,2025-07-15,Très mauvais,Observation automatique
736,2025-06-29,Bon,Observation automatique
736,2025-12-17,Bon,Observation automatique
882,2025-10-22,Excellent,Observation automatique
882,2025-09-06,Mauvais,Observation automatique
882,2025-06-16,Correct,Observation automatique
882,2025-07-13,Mauvais,Observation automatique
882,2025-11-10,Correct,Observation automatique
882,2025-07-20,Correct,Observation automatique
987,2025-10-14,Très mauvais,Observation automatique
987,2025-10-16,Correct,Observation automatique
987,2025-06-01,Correct,Observation automatique
987,2025-10-30,Correct,Observation automatique
987,2025-12-03,Bon,Observation automatique
710,2025-10-06,Mauvais,Observation automatique
710,2025-07-25,Très mauvais,Observation automatique
710,2025-08-21,Excellent,Observation automatique
710,2025-11-14,Excellent,Observation automatique
710,2025-06-29,Très mauvais,Observation automatique
845,2025-11-04,Correct,Observation automatique
845,2025-09-08,Mauvais,Observation automatique
331,2025-06-13,Mauvais,Observation automatique
331,2025-10-26,Correct,Observation automatique
331,2025-12-08,Mauvais,Observation automatique
331,2025-07-03,Bon,Observation automatique
331,2025-11-15,Correct,Observation automatique
1059,2025-09-17,Correct,Observation automatique
1059,2025-08-28,Bon,Observation automatique
1059,2025-12-05,Correct,Observation automatique
1059,2025-11-14,Très mauvais,Observation automatique
1059,2025-12-30,Excellent,Observation automatique
1059,2025-07-04,Excellent,Observation automatique
339,2025-06-16,Très mauvais,Observation automatique
339,2025-08-14,Excellent,Observation automatique
339,2025-09-10,Correct,Observation automatique
753,2025-10-10,Très mauvais,Observation automatique
575,2025-10-01,Bon,Observation automatique
575,2025-08-07,Mauvais,Observation automatique
575,2025-08-29,Bon,Observation automatique
575,2025-06-16,Mauvais,Observation automatique
899,2025-10-01,Mauvais,Observation automatique
969,2025-07-16,Très mauvais,Observation automatique
969,2025-08-03,Excellent,Observation automatique
580,2025-09-18,Bon,Observation automatique
580,2025-07-03,Mauvais,Observation automatique
540,2025-12-20,Très mauvais,Observation automatique
540,2025-11-03,Très mauvais,Observation automatique
540,2025-07-11,Bon,Observation automatique
540,2025-07-01,Bon,Observation automatique
540,2025-06-13,Excellent,Observation automatique
958,2025-07-19,Excellent,Observation automatique
958,2025-06-18,Bon,Observation automatique
958,2025-11-14,Bon,Observation automatique
958,2025-06-22,Mauvais,Observation automatique
958,2025-11-01,Correct,Observation automatique
919,2025-06-11,Mauvais,Observation automatique
919,2025-06-24,Excellent,Observation automatique
572,2025-12-16,Bon,Observation automatique
572,2025-07-28,Excellent,Observation automatique
572,2025-08-03,Excellent,Observation automatique
572,2025-06-04,Bon,Observation automatique
572,2025-06-30,Très mauvais,Observation automatique
572,2025-09-05,Mauvais,Observation automatique
229,2025-10-04,Excellent,Observation automatique
229,2025-06-30,Bon,Observation automatique
229,2025-12-11,Mauvais,Observation automatique
229,2025-08-31,Très mauvais,Observation automatique
229,2025-08-20,Mauvais,Observation automatique
163,2025-12-25,Bon,Observation automatique
163,2025-10-05,Correct,Observation automatique
163,2025-12-02,Excellent,Observation automatique
163,2025-10-13,Excellent,Observation automatique
163,2025-06-03,Correct,Observation automatique
163,2025-06-25,Très mauvais,Observation automatique
1156,2025-08-29,Excellent,Observation automatique
1156,2025-12-08,Mauvais,Observation automatique
995,2025-11-21,Très mauvais,Observation automatique
995,2025-12-30,Excellent,Observation automatique
810,2025-12-26,Mauvais,Observation automatique
810,2025-09-05,Bon,Observation automatique
810,2025-07-23,Excellent,Observation automatique
1132,2025-09-18,Correct,Observation automatique
1132,2025-11-03,Mauvais,Observation automatique
1132,2025-09-16,Mauvais,Observation automatique
1132,2025-12-11,Bon,Observation automatique
1132,2025-08-26,Excellent,Observation automatique
1132,2025-12-04,Bon,Observation automatique
131,2025-08-02,Correct,Observation automatique
131,2025-10-17,Bon,Observation automatique
131,2025-08-16,Mauvais,Observation automatique
131,2025-10-31,Mauvais,Observation automatique
131,2025-06-17,Correct,Observation automatique
686,2025-09-27,Mauvais,Observation automatique
686,2025-09-02,Très mauvais,Observation automatique
686,2025-06-14,Mauvais,Observation automatique
686,2025-12-23,Bon,Observation automatique
846,2025-11-04,Excellent,Observation automatique
846,2025-12-30,Correct,Observation automatique
846,2025-07-04,Mauvais,Observation automatique
846,2025-07-12,Mauvais,Observation automatique
1123,2025-10-26,Correct,Observation automatique
1123,2025-12-15,Excellent,Observation automatique
1123,2025-12-09,Correct,Observation automatique
1123,2025-06-13,Excellent,Observation automatique
1123,2025-09-19,Très mauvais,Observation automatique
1123,2025-08-01,Mauvais,Observation automatique
453,2025-06-12,Correct,Observation automatique
526,2025-12-20,Très mauvais,Observation automatique
526,2025-12-12,Mauvais,Observation automatique
526,2025-08-17,Très mauvais,Observation automatique
526,2025-09-26,Bon,Observation automatique
526,2025-08-25,Bon,Observation automatique
762,2025-12-04,Bon,Observation automatique
762,2025-08-28,Bon,Observation automatique
762,2025-08-18,Correct,Observation automatique
762,2025-12-09,Très mauvais,Observation automatique
762,2025-10-11,Mauvais,Observation automatique
762,2025-06-24,Mauvais,Observation automatique
938,2025-10-07,Correct,Observation automatique
938,2025-07-23,Bon,Observation automatique
938,2025-12-07,Très mauvais,Observation automatique
938,2025-10-30,Très mauvais,Observation automatique
1026,2025-06-02,Correct,Observation automatique
419,2025-08-24,Mauvais,Observation automatique
419,2025-10-23,Excellent,Observation automatique
419,2025-10-21,Bon,Observation automatique
419,2025-10-13,Mauvais,Observation automatique
419,2025-06-17,Bon,Observation automatique
218,2025-11-15,Correct,Observation automatique
218,2025-06-22,Correct,Observation automatique
907,2025-11-27,Mauvais,Observation automatique
907,2025-08-06,Très mauvais,Observation automatique
1070,2025-12-16,Bon,Observation automatique
1070,2025-09-02,Correct,Observation automatique
1019,2025-06-30,Bon,Observation automatique
1019,2025-12-14,Bon,Observation automatique
1019,2025-06-14,Bon,Observation automatique
240,2025-09-30,Mauvais,Observation automatique
240,2025-12-20,Bon,Observation automatique
240,2025-09-03,Correct,Observation automatique
133,2025-11-13,Bon,Observation automatique
133,2025-08-02,Correct,Observation automatique
1152,2025-12-17,Très mauvais,Observation automatique
1152,2025-12-11,Mauvais,Observation automatique
1152,2025-09-23,Mauvais,Observation automatique
1152,2025-12-25,Excellent,Observation automatique
1152,2025-11-23,Bon,Observation automatique
472,2025-09-20,Mauvais,Observation automatique
852,2025-11-06,Bon,Observation automatique
852,2025-10-03,Correct,Observation automatique
852,2025-07-23,Bon,Observation automatique
852,2025-12-13,Très mauvais,Observation automatique
48,2025-08-09,Excellent,Observation automatique
48,2025-08-06,Excellent,Observation automatique
48,2025-08-26,Bon,Observation automatique
48,2025-09-09,Très mauvais,Observation automatique
410,2025-08-23,Excellent,Observation automatique
410,2025-06-16,Bon,Observation automatique
410,2025-07-02,Mauvais,Observation automatique
410,2025-10-02,Très mauvais,Observation automatique
410,2025-11-06,Excellent,Observation automatique
410,2025-08-27,Très mauvais,Observation automatique
97,2025-08-20,Bon,Observation automatique
97,2025-06-02,Bon,Observation automatique
97,2025-11-18,Bon,Observation automatique
507,2025-12-29,Très mauvais,Observation automatique
507,2025-07-03,Correct,Observation automatique
507,2025-06-05,Bon,Observation automatique
1050,2025-09-09,Bon,Observation automatique
1050,2025-12-07,Excellent,Observation automatique
1050,2025-08-06,Bon,Observation automatique
1050,2025-08-08,Mauvais,Observation automatique
1050,2025-09-06,Correct,Observation automatique
1050,2025-10-14,Bon,Observation automatique
1012,2025-06-02,Très mauvais,Observation automatique
1012,2025-06-05,Mauvais,Observation automatique
1012,2025-06-12,Très mauvais,Observation automatique
1012,2025-06-07,Excellent,Observation automatique
1012,2025-06-11,Bon,Observation automatique
1012,2025-11-19,Excellent,Observation automatique
1012,2025-07-22,Excellent,Observation automatique
35,2025-08-29,Bon,Observation automatique
35,2025-08-04,Très mauvais,Observation automatique
35,2025-12-14,Excellent,Observation automatique
35,2025-08-30,Très mauvais,Observation automatique
35,2025-09-05,Correct,Observation automatique
35,2025-09-28,Correct,Observation automatique
781,2025-11-12,Très mauvais,Observation automatique
781,2025-08-23,Bon,Observation automatique
781,2025-12-15,Correct,Observation automatique
193,2025-12-01,Très mauvais,Observation automatique
193,2025-09-19,Excellent,Observation automatique
193,2025-06-02,Correct,Observation automatique
193,2025-11-04,Bon,Observation automatique
193,2025-12-29,Mauvais,Observation automatique
193,2025-06-29,Correct,Observation automatique
270,2025-09-27,Très mauvais,Observation automatique
655,2025-09-03,Mauvais,Observation automatique
655,2025-08-07,Excellent,Observation automatique
655,2025-12-15,Très mauvais,Observation automatique
965,2025-07-04,Excellent,Observation automatique
965,2025-10-01,Correct,Observation automatique
965,2025-07-19,Très mauvais,Observation automatique
361,2025-10-17,Très mauvais,Observation automatique
361,2025-08-01,Très mauvais,Observation automatique
361,2025-10-10,Très mauvais,Observation automatique
1009,2025-06-18,Correct,Observation automatique
1009,2025-11-05,Correct,Observation automatique
393,2025-11-21,Excellent,Observation automatique
393,2025-07-10,Mauvais,Observation automatique
393,2025-08-16,Correct,Observation automatique
837,2025-12-28,Excellent,Observation automatique
837,2025-06-22,Mauvais,Observation automatique
837,2025-09-11,Bon,Observation automatique
837,2025-10-01,Excellent,Observation automatique
837,2025-06-29,Très mauvais,Observation automatique
837,2025-06-11,Excellent,Observation automatique
167,2025-11-13,Correct,Observation automatique
167,2025-09-06,Bon,Observation automatique
167,2025-12-22,Mauvais,Observation automatique
167,2025-11-20,Correct,Observation automatique
167,2025-12-27,Mauvais,Observation automatique
167,2025-11-04,Correct,Observation automatique
77,2025-12-06,Mauvais,Observation automatique
791,2025-08-07,Bon,Observation automatique
791,2025-09-12,Correct,Observation automatique
791,2025-07-06,Excellent,Observation automatique
791,2025-10-28,Très mauvais,Observation automatique
791,2025-06-02,Mauvais,Observation automatique
791,2025-08-29,Mauvais,Observation automatique
791,2025-07-04,Très mauvais,Observation automatique
750,2025-09-03,Excellent,Observation automatique
184,2025-12-01,Correct,Observation automatique
184,2025-09-25,Mauvais,Observation automatique
184,2025-12-10,Très mauvais,Observation automatique
184,2025-07-07,Mauvais,Observation automatique
184,2025-12-11,Très mauvais,Observation automatique
184,2025-10-12,Excellent,Observation automatique
184,2025-06-06,Correct,Observation automatique
265,2025-09-26,Bon,Observation automatique
265,2025-09-05,Bon,Observation automatique
265,2025-07-11,Correct,Observation automatique
265,2025-07-01,Correct,Observation automatique
