id,date_observation,longueur,largeur
1001,2024-05-27,51,20
1001,2024-06-04,265,239
1001,2024-06-06,309,234
1001,2024-06-07,137,105
1001,2024-06-13,267,127
1001,2024-06-17,81,228
1001,2024-06-18,334,64
1001,2024-06-20,256,129
1001,2024-06-23,347,158
1001,2024-07-04,163,57
1001,2024-07-06,249,70
1001,2024-07-07,215,152
1001,2024-07-08,96,98
1001,2024-07-09,196,80
1001,2024-07-17,205,219
1001,2024-07-22,209,52
1001,2024-07-28,209,157
1001,2024-07-31,172,153
1001,2024-08-07,271,131
1002,2024-05-15,132,49
1002,2024-05-20,144,69
1002,2024-05-21,152,72
1002,2024-05-23,53,106
1002,2024-05-30,170,40
1002,2024-05-31,190,20
1002,2024-06-15,214,231
1002,2024-06-16,317,161
1002,2024-06-19,165,200
1002,2024-06-21,208,102
1002,2024-06-29,161,200
1002,2024-07-02,263,194
1002,2024-07-07,323,166
1002,2024-07-09,350,199
1002,2024-07-10,229,86
1002,2024-07-11,129,74
1002,2024-07-18,209,53
1002,2024-07-19,303,236
1002,2024-08-02,244,195
1002,2024-08-03,343,172
1002,2024-08-04,104,196
1002,2024-08-06,190,132
1002,2024-08-10,201,76
1002,2024-08-14,275,143
1002,2024-08-18,280,122
1002,2024-08-20,307,113
1002,2024-08-28,161,63
1004,2024-05-10,114,135
1004,2024-05-15,53,141
1004,2024-05-16,54,90
1004,2024-05-20,127,65
1004,2024-05-22,67,86
1004,2024-05-23,69,29
1004,2024-05-24,158,144
1004,2024-05-26,130,115
1004,2024-05-28,111,99
1004,2024-06-01,331,232
1004,2024-06-03,332,242
1004,2024-06-10,120,123
1004,2024-06-12,116,77
1004,2024-06-16,300,158
1004,2024-06-19,271,146
1004,2024-06-20,220,117
1004,2024-06-25,162,200
1004,2024-06-29,186,201
1004,2024-07-03,220,89
1004,2024-07-04,104,230
1004,2024-07-21,130,116
1004,2024-07-22,164,78
1004,2024-07-27,145,211
1004,2024-07-29,319,151
1004,2024-08-02,272,132
1004,2024-08-04,268,211
1004,2024-08-10,113,115
1004,2024-08-11,82,64
1004,2024-08-12,134,122
1004,2024-08-13,289,88
1004,2024-08-14,300,117
1004,2024-08-15,120,113
1004,2024-08-19,310,90
1004,2024-08-30,159,167
1004,2024-08-31,234,126
1004,2024-09-01,245,81
1005,2024-05-10,124,24
1005,2024-05-14,63,43
1005,2024-05-15,90,113
1005,2024-05-18,153,83
1005,2024-05-24,175,97
1005,2024-05-25,150,148
1005,2024-06-01,269,69
1005,2024-06-08,292,108
1005,2024-06-13,134,187
1005,2024-06-16,211,150
1005,2024-06-19,278,242
1005,2024-06-23,319,195
1005,2024-06-24,208,242
1005,2024-06-25,265,155
1005,2024-06-27,321,188
1005,2024-07-03,316,148
1005,2024-07-09,319,124
1005,2024-07-14,265,157
1005,2024-07-19,265,83
1005,2024-07-23,305,154
1005,2024-07-24,179,172
1005,2024-07-28,163,238
1005,2024-07-30,335,83
1006,2024-05-18,60,66
1006,2024-05-28,101,22
1006,2024-06-01,320,70
1006,2024-06-02,301,245
1006,2024-06-04,262,229
1006,2024-06-13,308,123
1006,2024-06-14,155,172
1006,2024-06-17,251,79
1006,2024-06-25,290,176
1006,2024-06-30,276,239
1006,2024-07-01,247,210
1006,2024-07-07,276,67
1006,2024-07-09,312,235
1006,2024-07-11,309,154
1006,2024-07-12,105,129
1007,2024-05-11,136,73
1007,2024-05-17,69,64
1007,2024-05-18,70,143
1007,2024-05-23,197,82
1007,2024-05-25,44,145
1007,2024-05-28,81,83
1007,2024-05-31,53,120
1007,2024-06-03,168,51
1007,2024-06-04,323,85
1007,2024-06-09,81,68
1007,2024-06-12,257,147
1007,2024-06-16,170,197
1007,2024-06-24,175,58
1007,2024-07-09,218,78
1007,2024-07-11,135,194
1007,2024-07-16,88,152
1007,2024-07-29,278,183
1007,2024-08-03,317,201
1007,2024-08-06,80,51
1007,2024-08-07,237,140
1007,2024-08-13,348,145
1007,2024-08-17,114,224
1007,2024-08-18,247,51
1007,2024-08-22,145,111
1010,2024-05-13,42,27
1010,2024-05-14,193,141
1010,2024-05-17,62,89
1010,2024-05-19,115,143
1010,2024-05-22,182,27
1010,2024-05-24,82,122
1010,2024-05-27,86,55
1010,2024-05-30,135,53
1010,2024-06-05,238,123
1010,2024-06-09,185,97
1010,2024-06-12,128,229
1010,2024-06-16,125,173
1010,2024-06-19,218,89
1010,2024-06-22,100,173
1010,2024-06-30,219,167
1010,2024-07-07,218,220
1010,2024-07-08,337,90
1010,2024-07-15,107,82
1010,2024-07-18,137,228
1010,2024-07-21,209,108
1010,2024-07-22,110,119
1010,2024-07-30,250,197
1010,2024-08-01,315,53
1010,2024-08-09,133,62
1010,2024-08-12,80,79
1010,2024-08-17,203,228
1010,2024-08-21,87,140
1010,2024-09-03,191,79
1010,2024-09-04,283,162
1010,2024-09-06,170,175
1010,2024-09-07,207,101
1010,2024-09-10,138,98
1010,2024-09-12,221,75
1010,2024-09-15,236,69
1010,2024-09-19,122,116
1010,2024-09-22,276,99
1010,2024-09-23,154,85
1010,2024-09-26,245,81
1010,2024-09-28,179,137
1010,2024-09-29,142,169
1011,2024-05-17,82,71
1011,2024-05-18,75,108
1011,2024-05-20,89,46
1011,2024-05-31,62,24
1011,2024-06-03,157,245
1011,2024-06-06,300,234
1011,2024-06-07,335,172
1011,2024-06-08,236,249
1011,2024-06-17,179,235
1011,2024-06-21,172,205
1011,2024-06-24,138,203
1011,2024-06-26,99,204
1012,2024-05-15,191,141
1012,2024-05-28,120,99
1012,2024-05-29,69,38
1012,2024-05-31,73,92
1012,2024-06-03,317,203
1012,2024-06-04,265,240
1012,2024-06-05,120,113
1012,2024-06-06,113,110
1012,2024-06-08,155,110
1012,2024-06-09,305,160
1012,2024-06-17,97,154
1012,2024-06-24,174,85
1012,2024-06-26,126,238
1012,2024-06-28,122,153
1012,2024-07-01,273,200
1012,2024-07-03,327,50
1012,2024-07-10,350,72
1012,2024-07-13,83,187
1012,2024-07-18,105,129
1012,2024-08-07,292,109
1012,2024-08-10,309,195
1012,2024-08-11,302,51
1012,2024-08-12,121,196
1012,2024-08-13,318,146
1012,2024-08-23,259,188
1014,2024-05-15,74,93
1014,2024-05-17,123,135
1014,2024-05-22,48,100
1014,2024-05-26,75,32
1014,2024-05-27,103,43
1014,2024-06-06,350,153
1014,2024-06-07,292,204
1014,2024-06-08,182,83
1014,2024-06-11,252,213
1014,2024-06-13,114,162
1014,2024-06-17,245,53
1014,2024-06-22,129,140
1014,2024-06-25,230,137
1014,2024-06-28,255,216
1014,2024-06-29,313,72
1014,2024-07-02,133,178
1014,2024-07-05,308,115
1014,2024-07-12,313,180
1014,2024-07-15,111,112
1014,2024-07-17,211,210
1014,2024-07-19,144,159
1014,2024-07-22,195,165
1014,2024-07-25,124,176
1014,2024-07-27,345,237
1014,2024-07-28,144,116
1014,2024-08-04,224,184
1014,2024-08-07,149,135
1014,2024-08-08,102,172
1014,2024-08-09,122,164
1014,2024-08-11,260,75
1014,2024-08-13,195,250
1015,2024-05-16,200,63
1015,2024-05-19,55,96
1015,2024-05-21,149,137
1015,2024-05-23,137,60
1015,2024-05-25,152,46
1015,2024-05-26,112,85
1015,2024-05-31,55,86
1015,2024-06-01,137,223
1015,2024-06-10,168,178
1015,2024-06-18,220,243
1015,2024-06-19,155,101
1015,2024-06-25,218,198
1015,2024-06-29,216,243
1015,2024-07-02,308,222
1015,2024-07-04,336,94
1015,2024-07-05,89,145
1015,2024-07-08,185,93
1015,2024-07-12,338,184
1015,2024-07-13,240,118
1015,2024-07-23,217,230
1015,2024-08-04,259,58
1015,2024-08-05,138,194
1015,2024-08-12,174,54
1015,2024-08-14,210,213
1015,2024-08-17,251,53
1015,2024-08-20,184,119
1015,2024-08-23,269,195
1015,2024-08-30,317,176
1015,2024-08-31,198,167
1015,2024-09-10,154,168
1016,2024-05-15,96,23
1016,2024-05-17,48,149
1016,2024-05-18,142,121
1016,2024-05-19,80,96
1016,2024-05-20,48,70
1016,2024-05-21,102,53
1016,2024-05-23,169,116
1016,2024-05-29,74,80
1016,2024-05-30,73,21
1016,2024-06-01,246,202
1016,2024-06-13,311,136
1016,2024-06-17,335,106
1016,2024-06-20,327,242
1016,2024-06-22,314,185
1016,2024-06-26,189,147
1016,2024-06-27,101,172
1016,2024-06-28,257,62
1016,2024-06-30,155,88
1016,2024-07-03,186,204
1016,2024-07-06,128,87
1016,2024-07-08,146,173
1016,2024-07-14,158,160
1016,2024-07-16,290,225
1016,2024-07-21,91,73
1016,2024-07-22,331,226
1016,2024-07-23,224,64
1016,2024-08-03,281,201
1016,2024-08-05,263,224
1016,2024-08-08,330,76
1016,2024-08-12,276,189
1016,2024-08-15,265,119
1016,2024-08-16,236,225
1016,2024-08-18,187,134
1016,2024-08-19,262,175
1016,2024-08-23,250,230
1016,2024-08-24,83,161
1017,2024-05-17,162,69
1017,2024-05-20,64,31
1017,2024-05-21,71,147
1017,2024-05-24,177,97
1017,2024-05-25,172,99
1017,2024-05-31,192,78
1017,2024-06-02,171,225
1017,2024-06-11,345,173
1017,2024-06-16,105,54
1017,2024-06-19,101,139
1017,2024-06-20,262,74
1017,2024-06-23,290,225
1017,2024-07-02,122,192
1017,2024-07-05,286,171
1017,2024-07-09,275,86
1017,2024-07-10,136,127
1017,2024-07-13,314,157
1017,2024-07-18,149,177
1017,2024-07-29,137,128
1017,2024-07-31,185,115
1017,2024-08-03,175,208
1017,2024-08-04,279,77
1017,2024-08-06,322,178
1017,2024-08-11,224,211
1017,2024-08-14,149,134
1017,2024-08-20,325,111
1017,2024-08-25,280,239
1017,2024-08-26,90,148
1017,2024-08-28,315,222
1017,2024-09-11,217,161
1017,2024-09-14,138,154
1017,2024-09-19,260,122
1017,2024-09-21,206,163
1018,2024-05-18,128,145
1018,2024-05-27,166,30
1018,2024-05-29,120,136
1018,2024-05-30,90,30
1018,2024-06-01,100,134
1018,2024-06-02,184,177
1018,2024-06-07,304,210
1018,2024-06-08,185,105
1018,2024-06-09,143,115
1018,2024-06-10,197,159
1018,2024-06-22,218,208
1018,2024-06-26,256,125
1018,2024-06-28,81,62
1018,2024-06-29,174,203
1019,2024-05-14,83,86
1019,2024-05-16,96,114
1019,2024-05-21,114,91
1019,2024-05-22,118,132
1019,2024-05-27,59,67
1019,2024-05-29,173,49
1019,2024-05-31,135,130
1019,2024-06-08,350,95
1019,2024-06-11,168,61
1019,2024-06-12,196,195
1019,2024-06-14,299,141
1019,2024-06-16,161,228
1019,2024-06-17,264,240
1019,2024-06-30,283,201
1019,2024-07-01,139,87
1019,2024-07-03,200,164
1019,2024-07-05,348,245
1019,2024-07-07,110,249
1019,2024-07-11,106,190
1019,2024-07-13,229,244
1019,2024-07-14,319,80
1020,2024-05-17,190,70
1020,2024-05-19,133,64
1020,2024-05-21,187,108
1020,2024-05-24,141,94
1020,2024-05-28,42,101
1020,2024-05-29,157,59
1020,2024-06-01,333,125
1020,2024-06-06,248,89
1020,2024-06-12,252,102
1020,2024-06-13,251,100
1020,2024-06-29,238,250
1020,2024-07-03,169,160
1020,2024-07-04,262,63
1020,2024-07-07,220,154
1020,2024-07-08,287,215
1020,2024-07-21,294,184
1020,2024-07-22,215,231
1020,2024-07-26,104,81
1020,2024-08-07,243,181
1020,2024-08-14,183,98
1020,2024-08-15,198,59
1020,2024-08-19,212,185
1020,2024-08-21,248,234
1020,2024-08-23,271,82
1020,2024-08-25,312,150
1020,2024-08-29,83,67
1020,2024-09-04,266,122
1020,2024-09-05,179,106
1020,2024-09-06,292,173
1021,2024-05-12,89,73
1021,2024-05-18,161,122
1021,2024-05-21,154,50
1021,2024-05-28,100,113
1021,2024-05-29,115,122
1021,2024-05-30,42,22
1021,2024-06-03,146,73
1021,2024-06-04,161,191
1021,2024-06-10,102,138
1021,2024-06-22,243,55
1021,2024-06-25,120,202
1021,2024-07-02,304,74
1021,2024-07-04,274,135
1021,2024-07-08,273,242
1021,2024-07-10,166,174
1021,2024-07-11,121,206
1021,2024-07-13,237,203
1021,2024-07-16,272,218
1021,2024-07-17,87,91
1021,2024-07-18,348,182
1021,2024-07-19,246,60
1021,2024-07-20,313,141
1021,2024-07-21,332,103
1021,2024-07-26,297,192
1021,2024-07-29,237,50
1021,2024-07-31,254,122
1021,2024-08-01,122,55
1021,2024-08-06,231,220
1021,2024-08-07,156,135
1021,2024-08-11,318,167
1021,2024-08-27,288,54
1022,2024-05-16,53,86
1022,2024-05-17,52,48
1022,2024-05-18,118,122
1022,2024-05-21,126,100
1022,2024-05-22,157,94
1022,2024-05-24,102,40
1022,2024-05-25,154,140
1022,2024-05-29,65,122
1022,2024-06-01,135,209
1022,2024-06-08,113,115
1022,2024-06-10,81,54
1022,2024-06-11,93,123
1022,2024-06-28,112,187
1022,2024-07-07,248,160
1022,2024-07-08,205,111
1022,2024-07-12,155,53
1022,2024-07-13,250,134
1022,2024-07-17,142,155
1022,2024-07-18,273,171
1022,2024-07-24,221,221
1022,2024-07-26,134,103
1022,2024-07-29,304,158
1022,2024-08-04,154,236
1022,2024-08-10,122,198
1022,2024-08-11,205,232
1023,2024-05-17,175,35
1023,2024-05-20,190,39
1023,2024-05-24,173,95
1023,2024-05-25,69,67
1023,2024-05-27,176,140
1023,2024-05-29,74,149
1023,2024-05-30,179,94
1023,2024-05-31,98,93
1023,2024-06-04,271,95
1023,2024-06-07,163,116
1023,2024-06-18,251,123
1023,2024-06-21,287,182
1023,2024-06-23,215,96
1023,2024-06-25,307,108
1023,2024-06-27,228,197
1023,2024-06-29,212,195
1023,2024-07-01,96,183
1023,2024-07-06,186,212
1023,2024-07-08,287,240
1023,2024-07-09,143,174
1023,2024-07-13,329,207
1023,2024-07-18,285,62
1023,2024-07-19,199,249
1023,2024-07-25,291,81
1024,2024-05-16,46,107
1024,2024-05-17,137,86
1024,2024-05-21,113,96
1024,2024-05-25,99,143
1024,2024-05-30,186,48
1024,2024-05-31,114,107
1024,2024-06-10,254,229
1024,2024-06-11,85,60
1024,2024-06-14,227,103
1024,2024-06-15,294,73
1024,2024-06-22,260,207
1024,2024-06-25,149,91
1024,2024-06-27,331,178
1024,2024-07-05,348,104
1024,2024-07-06,262,203
1024,2024-07-08,116,119
1024,2024-07-12,154,137
1024,2024-07-16,140,80
1024,2024-07-17,201,198
1024,2024-07-26,205,65
1024,2024-07-28,271,247
1024,2024-08-12,198,223
1024,2024-08-13,135,138
1024,2024-08-20,301,197
1024,2024-08-22,236,224
1024,2024-09-01,115,171
1024,2024-09-04,101,185
1025,2024-05-20,183,134
1025,2024-05-28,168,110
1025,2024-06-06,350,109
1025,2024-06-07,309,205
1025,2024-06-13,225,250
1025,2024-06-15,293,170
1025,2024-06-25,128,124
1025,2024-06-27,174,105
1025,2024-06-28,208,62
1025,2024-07-02,333,54
1025,2024-07-05,217,181
1025,2024-07-16,211,187
1025,2024-07-26,181,101
1025,2024-07-28,254,59
1025,2024-07-29,311,176
1025,2024-07-31,86,228
1025,2024-08-03,269,241
1025,2024-08-07,349,250
1025,2024-08-10,248,137
1025,2024-08-14,123,60
1025,2024-08-16,273,55
1025,2024-08-18,282,130
1026,2024-05-16,67,94
1026,2024-05-17,193,137
1026,2024-05-18,196,78
1026,2024-05-22,126,125
1026,2024-05-23,42,53
1026,2024-05-24,179,144
1026,2024-05-26,150,42
1026,2024-05-29,178,102
1026,2024-05-30,165,92
1026,2024-06-01,281,212
1026,2024-06-05,163,157
1026,2024-06-15,189,166
1026,2024-06-16,139,152
1026,2024-06-18,291,88
1026,2024-06-28,221,162
1026,2024-07-02,345,153
1026,2024-07-03,258,115
1026,2024-07-04,288,124
1026,2024-07-05,100,185
1026,2024-07-09,142,208
1026,2024-07-12,304,193
1026,2024-07-13,296,156
1026,2024-07-18,167,53
1026,2024-07-19,107,208
1026,2024-07-20,104,75
1026,2024-07-21,143,69
1026,2024-07-22,190,225
1026,2024-07-23,152,196
1027,2024-05-15,82,135
1027,2024-05-16,193,130
1027,2024-05-19,160,139
1027,2024-05-21,91,33
1027,2024-05-22,185,30
1027,2024-05-27,126,56
1027,2024-05-29,115,105
1027,2024-06-02,104,119
1027,2024-06-08,270,133
1027,2024-06-14,309,58
1027,2024-06-15,106,222
1027,2024-06-16,240,139
1027,2024-06-24,169,94
1027,2024-06-26,174,192
1027,2024-06-30,217,114
1027,2024-07-01,291,208
1027,2024-07-02,244,74
1027,2024-07-09,224,250
1027,2024-07-13,195,154
1028,2024-05-12,103,87
1028,2024-05-15,118,92
1028,2024-05-22,50,61
1028,2024-05-25,85,143
1028,2024-05-28,150,43
1028,2024-06-04,290,192
1028,2024-06-05,159,120
1028,2024-06-09,226,237
1030,2024-05-11,129,46
1030,2024-05-12,152,142
1030,2024-05-14,177,68
1030,2024-05-17,98,45
1030,2024-05-18,190,100
1030,2024-05-20,166,128
1030,2024-05-21,78,34
1030,2024-05-23,173,101
1030,2024-05-25,121,127
1030,2024-05-28,167,59
1030,2024-05-29,131,47
1030,2024-05-31,68,72
1030,2024-06-06,181,119
1030,2024-06-07,119,168
1031,2024-05-22,154,25
1031,2024-05-23,117,20
1031,2024-05-24,197,24
1031,2024-05-25,90,94
1031,2024-05-27,137,56
1031,2024-05-30,64,45
1031,2024-06-02,87,211
1031,2024-06-12,349,78
1031,2024-06-14,177,213
1031,2024-06-15,176,68
1031,2024-06-19,154,52
1031,2024-06-26,341,190
1031,2024-06-30,194,245
1031,2024-07-05,158,195
1031,2024-07-09,310,113
1031,2024-07-10,147,119
1031,2024-07-12,175,70
1031,2024-07-23,250,230
1031,2024-07-24,322,135
1031,2024-07-27,92,54
1031,2024-07-29,206,80
1033,2024-05-16,44,122
1033,2024-05-17,196,128
1033,2024-05-21,96,62
1033,2024-05-22,91,139
1033,2024-05-25,48,85
1033,2024-05-27,122,83
1033,2024-05-28,46,59
1033,2024-05-29,103,136
1033,2024-05-30,69,85
1033,2024-06-08,81,198
1033,2024-06-13,239,140
1033,2024-06-16,251,125
1033,2024-06-23,201,111
1033,2024-06-24,164,129
1033,2024-06-29,206,199
1033,2024-07-06,242,51
1033,2024-07-10,300,50
1033,2024-07-18,281,62
1033,2024-07-22,130,68
1033,2024-08-09,268,67
1033,2024-08-11,151,97
1033,2024-08-12,226,170
1033,2024-08-18,246,116
1033,2024-08-20,88,133
1033,2024-09-03,106,62
1033,2024-09-08,288,129
1033,2024-09-13,136,181
1033,2024-09-14,275,91
1033,2024-09-23,297,88
1033,2024-09-24,117,168
1033,2024-09-27,202,185
1037,2024-05-11,173,80
1037,2024-05-12,98,138
1037,2024-05-20,163,83
1037,2024-05-23,115,135
1037,2024-05-30,197,106
1037,2024-06-17,329,193
1037,2024-06-22,345,228
1037,2024-06-25,163,193
1037,2024-07-01,118,79
1037,2024-07-06,89,247
1037,2024-07-09,137,210
1037,2024-07-12,102,236
1037,2024-07-16,191,220
1037,2024-07-17,200,82
1038,2024-05-11,167,131
1038,2024-05-17,185,70
1038,2024-05-18,182,108
1038,2024-05-25,94,125
1038,2024-05-27,160,43
1038,2024-06-01,143,185
1038,2024-06-02,170,132
1038,2024-06-09,90,139
1038,2024-06-16,123,180
1038,2024-07-13,110,174
1038,2024-07-17,168,132
1038,2024-07-19,311,215
1038,2024-07-21,283,98
1038,2024-07-26,221,176
1038,2024-08-09,303,196
1038,2024-08-12,104,171
1038,2024-08-13,196,212
1038,2024-08-19,330,198
1038,2024-08-28,333,97
1038,2024-09-03,220,157
1038,2024-09-10,205,74
1038,2024-09-11,131,174
1038,2024-09-14,188,105
1038,2024-09-15,176,168
1038,2024-09-17,164,130
1038,2024-09-25,106,95
1038,2024-09-27,151,145
1038,2024-09-28,252,64
1038,2024-09-29,225,134
1040,2024-05-21,198,96
1040,2024-05-22,78,126
1040,2024-05-23,171,56
1040,2024-05-26,97,100
1040,2024-05-28,42,108
1040,2024-05-30,102,131
1040,2024-06-01,139,143
1040,2024-06-03,123,130
1040,2024-06-05,269,132
1040,2024-06-09,157,185
1040,2024-06-13,279,165
1040,2024-06-14,305,131
1040,2024-06-15,194,66
1040,2024-06-16,144,200
1040,2024-06-17,130,250
1040,2024-06-18,301,167
1040,2024-06-22,211,190
1040,2024-06-24,345,196
1040,2024-06-25,263,72
1042,2024-05-14,54,85
1042,2024-05-16,140,21
1042,2024-05-17,104,53
1042,2024-05-20,147,82
1042,2024-05-21,61,44
1042,2024-05-25,177,116
1042,2024-05-27,200,63
1042,2024-05-29,127,42
1042,2024-06-06,181,102
1042,2024-06-07,285,199
1042,2024-06-09,137,230
1042,2024-06-12,284,160
1042,2024-06-13,81,190
1042,2024-06-14,89,205
1042,2024-06-16,243,113
1042,2024-06-22,82,213
1042,2024-06-24,223,214
1042,2024-07-08,156,237
1042,2024-07-11,119,215
1042,2024-07-13,125,216
1042,2024-07-17,184,140
1042,2024-07-20,152,121
1042,2024-07-24,314,210
1042,2024-07-31,185,189
1042,2024-08-01,206,235
1042,2024-08-02,330,206
1042,2024-08-04,219,90
1042,2024-08-06,185,192
1042,2024-08-13,200,210
1042,2024-08-20,324,249
1042,2024-08-21,169,112
1042,2024-08-25,108,121
1042,2024-08-26,110,98
1042,2024-09-02,259,79
1042,2024-09-05,169,99
1042,2024-09-06,142,80
1042,2024-09-11,139,77
1042,2024-09-13,259,189
1042,2024-09-14,129,110
1043,2024-05-11,133,38
1043,2024-05-17,72,28
1043,2024-05-24,171,103
1043,2024-05-25,140,94
1043,2024-05-28,199,114
1043,2024-06-02,128,115
1043,2024-06-06,84,67
1043,2024-06-07,93,230
1043,2024-06-11,83,166
1043,2024-06-12,100,111
1043,2024-06-14,174,164
1043,2024-06-16,289,97
1043,2024-06-18,205,222
1043,2024-06-20,337,91
1043,2024-06-21,191,148
1043,2024-06-23,176,84
1043,2024-06-30,153,117
1043,2024-07-01,143,196
1043,2024-07-06,209,227
1043,2024-07-08,119,143
1043,2024-07-13,332,235
1043,2024-07-19,122,215
1044,2024-05-15,156,61
1044,2024-05-19,140,45
1044,2024-05-22,93,54
1044,2024-05-27,195,115
1044,2024-05-29,43,22
1044,2024-05-31,61,42
1044,2024-06-03,282,215
1044,2024-06-04,197,133
1044,2024-06-06,292,105
1044,2024-06-11,134,200
1044,2024-06-12,223,203
1044,2024-06-21,81,178
1044,2024-06-22,287,144
1044,2024-06-24,171,223
1044,2024-06-27,110,224
1044,2024-06-28,245,115
1044,2024-06-29,179,114
1044,2024-06-30,290,238
1044,2024-07-01,126,200
1044,2024-07-03,138,101
1044,2024-07-04,198,190
1044,2024-07-06,262,184
1044,2024-07-11,164,128
1044,2024-07-16,194,97
1044,2024-07-18,350,150
1044,2024-08-05,180,224
1044,2024-08-07,148,202
1044,2024-08-08,149,92
1044,2024-08-09,184,58
1044,2024-08-18,235,143
1044,2024-08-20,226,221
1044,2024-08-22,176,206
1044,2024-08-23,122,113
1045,2024-05-11,58,92
1045,2024-05-13,109,149
1045,2024-05-15,125,106
1045,2024-05-17,195,76
1045,2024-05-19,161,49
1045,2024-05-20,145,97
1045,2024-05-22,77,131
1045,2024-05-23,121,49
1045,2024-05-26,133,144
1045,2024-05-27,48,86
1045,2024-06-01,327,172
1045,2024-06-07,293,96
1045,2024-06-09,322,200
1045,2024-06-15,232,177
1045,2024-06-16,199,209
1045,2024-06-18,268,82
1046,2024-05-09,82,76
1046,2024-05-12,41,50
1046,2024-05-17,177,115
1046,2024-05-18,140,32
1046,2024-05-19,114,68
1046,2024-05-20,90,67
1046,2024-05-22,127,31
1046,2024-05-23,94,77
1046,2024-05-25,153,110
1046,2024-05-26,184,27
1046,2024-06-01,315,224
1046,2024-06-13,300,124
1046,2024-06-21,108,76
1046,2024-06-22,154,219
1046,2024-06-24,164,125
1046,2024-06-26,80,195
1046,2024-07-01,180,164
1046,2024-07-11,99,197
1046,2024-07-14,288,205
1046,2024-07-15,253,116
1046,2024-07-21,326,100
1046,2024-07-26,252,112
1046,2024-08-01,264,218
1046,2024-08-04,267,169
1046,2024-08-11,273,245
1046,2024-08-19,330,201
1046,2024-08-20,100,118
1046,2024-08-26,258,136
1046,2024-08-31,268,176
1046,2024-09-01,171,86
1046,2024-09-06,201,151
1046,2024-09-08,212,139
1046,2024-09-10,132,184
1047,2024-05-17,102,72
1047,2024-05-21,141,72
1047,2024-05-22,184,43
1047,2024-05-24,64,78
1047,2024-05-27,167,44
1047,2024-05-29,76,53
1047,2024-06-09,271,172
1047,2024-06-11,203,181
1047,2024-06-12,169,207
1047,2024-07-06,270,242
1047,2024-07-09,137,55
1047,2024-07-10,245,180
1047,2024-07-15,123,116
1047,2024-07-24,287,127
1047,2024-07-25,279,206
1047,2024-07-28,349,111
1047,2024-07-30,142,121
1047,2024-08-03,207,172
1047,2024-08-04,221,212
1047,2024-08-08,103,120
1047,2024-08-11,155,83
1047,2024-08-14,286,201
1047,2024-08-16,219,193
1047,2024-08-21,226,102
1047,2024-08-22,189,134
1047,2024-08-26,176,135
1047,2024-08-29,241,93
1047,2024-08-31,169,220
1047,2024-09-01,141,80
1047,2024-09-05,102,101
1047,2024-09-08,247,176
1048,2024-05-11,114,128
1048,2024-05-14,125,106
1048,2024-05-20,103,148
1048,2024-05-22,111,46
1048,2024-05-24,91,83
1048,2024-06-03,188,195
1048,2024-06-08,325,178
1048,2024-06-09,288,133
1048,2024-06-12,94,70
1048,2024-06-13,208,237
1048,2024-06-15,220,129
1048,2024-06-16,333,121
1048,2024-06-19,138,231
1048,2024-06-23,324,121
1048,2024-06-24,250,135
1048,2024-06-25,253,183
1048,2024-06-26,150,81
1048,2024-06-28,199,210
1048,2024-06-30,130,231
1048,2024-07-15,200,245
1048,2024-07-18,276,186
1048,2024-07-19,327,76
1048,2024-07-24,176,212
1048,2024-07-28,190,190
1048,2024-08-04,270,141
1050,2024-05-13,85,53
1050,2024-05-14,159,147
1050,2024-05-15,54,121
1050,2024-05-16,148,136
1050,2024-05-23,84,85
1050,2024-05-28,179,119
1050,2024-05-29,154,121
1050,2024-06-02,248,69
1050,2024-06-05,136,87
1050,2024-06-15,119,174
1050,2024-06-23,217,221
1050,2024-06-26,195,109
1050,2024-06-28,94,212
1050,2024-07-01,148,51
1050,2024-07-10,164,129
1050,2024-07-11,95,210
1050,2024-07-13,105,57
1050,2024-07-20,250,130
1050,2024-07-21,152,242
1050,2024-07-22,171,216
1050,2024-07-24,229,149
1050,2024-07-28,299,201
1050,2024-07-30,111,177
1050,2024-07-31,338,109
1050,2024-08-11,225,153
1050,2024-08-15,163,115
1050,2024-08-17,211,201
1050,2024-08-20,143,195
1050,2024-08-23,213,58
1050,2024-08-25,253,116
1050,2024-08-26,276,204
1050,2024-08-27,313,160
1050,2024-09-02,289,176
1050,2024-09-06,267,82
1050,2024-09-08,283,96
1051,2024-05-16,156,49
1051,2024-05-17,58,87
1051,2024-05-21,43,83
1051,2024-05-24,154,129
1051,2024-05-30,126,65
1051,2024-06-03,86,148
1051,2024-06-07,339,127
1051,2024-06-09,151,178
1051,2024-06-10,295,67
1051,2024-06-11,330,114
1051,2024-06-15,325,153
1051,2024-06-17,154,111
1051,2024-06-19,104,54
1051,2024-06-29,151,95
1051,2024-07-03,263,248
1051,2024-07-05,120,213
1051,2024-07-07,109,169
1051,2024-07-11,344,203
1052,2024-05-18,155,44
1052,2024-05-19,144,111
1052,2024-05-21,88,93
1052,2024-05-22,80,143
1052,2024-05-27,74,118
1052,2024-05-29,182,85
1052,2024-05-30,82,24
1052,2024-06-05,340,215
1052,2024-06-06,102,103
1052,2024-06-07,257,101
1052,2024-06-09,167,247
1052,2024-06-14,326,51
1052,2024-06-17,198,246
1052,2024-06-27,192,229
1052,2024-07-07,229,90
1052,2024-07-11,256,103
1052,2024-07-17,333,151
1052,2024-07-23,258,137
1052,2024-07-25,321,163
1052,2024-08-01,343,131
1052,2024-08-02,197,150
1052,2024-08-06,340,247
1052,2024-08-08,217,130
1052,2024-08-09,146,69
1052,2024-08-10,264,97
1052,2024-08-12,235,239
1052,2024-08-13,350,147
1052,2024-09-01,207,146
1052,2024-09-06,209,135
1052,2024-09-08,252,142
1052,2024-09-12,154,132
1052,2024-09-13,265,155
1052,2024-09-17,190,151
1052,2024-09-19,266,89
1052,2024-09-20,282,140
1052,2024-09-21,126,123
1052,2024-09-25,192,159
1053,2024-05-14,119,59
1053,2024-05-15,90,43
1053,2024-05-17,192,31
1053,2024-05-20,155,39
1053,2024-05-21,129,62
1053,2024-05-25,185,140
1053,2024-05-27,83,109
1053,2024-05-29,120,51
1053,2024-06-07,197,230
1053,2024-06-08,111,92
1053,2024-06-12,147,65
1053,2024-06-16,230,218
1055,2024-05-16,63,128
1055,2024-05-22,143,143
1055,2024-05-24,165,114
1055,2024-05-25,43,65
1055,2024-05-28,154,83
1055,2024-06-01,106,53
1055,2024-06-03,296,235
1055,2024-06-04,315,213
1055,2024-06-05,282,151
1055,2024-06-06,175,151
1055,2024-06-10,165,111
1055,2024-06-16,220,75
1055,2024-06-17,199,64
1055,2024-06-20,102,80
1055,2024-06-21,215,173
1055,2024-06-24,350,60
1055,2024-06-29,265,58
1055,2024-06-30,134,250
1055,2024-07-03,197,66
1055,2024-07-04,284,234
1055,2024-07-05,124,133
1055,2024-07-08,317,144
1055,2024-07-10,128,94
1055,2024-07-12,321,217
1055,2024-07-17,229,204
1055,2024-07-29,153,137
1055,2024-08-04,138,72
1055,2024-08-05,258,50
1058,2024-05-11,156,53
1058,2024-05-13,149,139
1058,2024-05-15,104,39
1058,2024-05-19,52,125
1058,2024-05-21,157,132
1058,2024-05-22,143,48
1058,2024-06-04,107,221
1058,2024-06-08,305,191
1058,2024-06-12,97,209
1058,2024-06-19,173,134
1058,2024-06-21,253,248
1060,2024-05-10,58,39
1060,2024-05-11,92,79
1060,2024-05-12,115,20
1060,2024-05-13,89,90
1060,2024-05-15,64,30
1060,2024-05-17,61,124
1060,2024-05-24,121,132
1060,2024-05-28,126,82
1060,2024-05-29,73,106
1060,2024-06-04,284,229
1060,2024-06-16,305,78
1060,2024-06-21,135,228
1060,2024-06-23,155,123
1061,2024-05-11,125,100
1061,2024-05-13,99,54
1061,2024-05-14,67,130
1061,2024-05-15,158,119
1061,2024-05-19,158,53
1061,2024-05-24,51,95
1061,2024-05-25,176,110
1061,2024-05-26,103,90
1061,2024-05-27,148,109
1061,2024-05-28,181,129
1061,2024-05-29,69,21
1061,2024-06-09,257,137
1061,2024-06-21,192,145
1061,2024-06-22,277,237
1061,2024-06-24,143,234
1061,2024-06-25,241,159
1061,2024-06-27,315,68
1061,2024-06-28,319,54
1061,2024-06-29,334,68
1061,2024-07-04,114,111
1061,2024-07-06,217,179
1064,2024-05-17,80,51
1064,2024-05-20,188,117
1064,2024-05-22,42,132
1064,2024-05-23,181,106
1064,2024-05-24,175,89
1064,2024-05-25,134,142
1064,2024-05-26,149,89
1064,2024-05-29,146,146
1064,2024-05-30,85,72
1064,2024-05-31,139,51
1064,2024-06-01,226,144
1064,2024-06-02,80,189
1064,2024-06-05,216,184
1064,2024-06-06,258,168
1064,2024-06-07,300,169
1064,2024-06-11,147,192
1064,2024-06-18,209,209
1064,2024-06-23,289,126
1064,2024-06-24,229,170
1064,2024-06-28,219,241
1064,2024-07-10,128,75
1064,2024-07-12,93,209
1064,2024-07-17,138,92
1065,2024-05-21,69,143
1065,2024-05-26,44,63
1065,2024-06-01,192,149
1065,2024-06-07,327,213
1065,2024-06-10,250,85
1065,2024-06-11,164,150
1065,2024-06-14,280,70
1065,2024-06-20,127,142
1065,2024-06-26,332,232
1065,2024-07-06,332,199
1065,2024-07-07,95,50
1065,2024-07-11,117,65
1065,2024-07-16,287,125
1065,2024-07-17,197,186
1065,2024-07-20,256,146
1065,2024-07-23,299,213
1065,2024-07-24,248,247
1065,2024-08-04,194,219
1065,2024-08-06,170,216
1065,2024-08-16,285,131
1065,2024-08-18,300,87
1065,2024-08-19,193,75
1065,2024-08-20,231,178
1065,2024-08-21,221,90
1066,2024-05-12,180,35
1066,2024-05-13,61,48
1066,2024-05-20,90,138
1066,2024-05-23,190,87
1066,2024-05-25,105,84
1066,2024-05-28,130,146
1066,2024-05-31,182,96
1066,2024-06-11,285,246
1066,2024-06-17,291,119
1066,2024-06-19,275,75
1066,2024-06-21,221,86
1066,2024-06-23,299,198
1066,2024-06-24,82,61
1066,2024-06-25,175,103
1066,2024-06-29,314,51
1066,2024-06-30,158,179
1066,2024-07-06,209,105
1066,2024-07-08,211,66
1066,2024-07-12,210,229
1066,2024-07-17,157,173
1066,2024-07-20,237,205
1066,2024-07-25,127,129
1067,2024-05-15,111,83
1067,2024-05-16,182,90
1067,2024-05-19,141,114
1067,2024-05-22,43,82
1067,2024-05-25,164,139
1067,2024-05-26,59,24
1067,2024-05-28,137,51
1067,2024-05-30,120,90
1067,2024-06-12,216,68
1067,2024-06-13,278,232
1067,2024-06-25,291,76
1067,2024-07-04,182,101
1070,2024-05-13,58,64
1070,2024-05-17,128,68
1070,2024-05-18,200,86
1070,2024-05-27,198,47
1070,2024-05-28,74,127
1070,2024-06-01,237,58
1070,2024-06-03,296,54
1070,2024-06-07,309,112
1070,2024-06-14,193,178
1070,2024-06-17,216,91
1070,2024-06-19,177,228
1070,2024-06-22,92,75
1070,2024-06-27,256,165
1070,2024-07-02,323,96
1070,2024-07-06,268,90
1070,2024-07-07,93,101
1070,2024-07-10,335,75
1070,2024-07-11,337,120
1070,2024-07-14,334,245
1070,2024-07-23,340,69
1070,2024-07-26,91,158
1070,2024-07-28,289,245
1070,2024-08-06,190,202
1070,2024-08-17,145,219
1070,2024-08-19,249,227
1070,2024-08-20,227,242
1070,2024-08-21,179,126
1070,2024-08-23,255,188
1070,2024-08-30,118,60
1070,2024-08-31,133,143
1071,2024-05-15,135,140
1071,2024-05-16,158,132
1071,2024-05-23,47,42
1071,2024-05-27,154,137
1071,2024-05-28,99,41
1071,2024-05-30,76,138
1071,2024-06-03,130,53
1071,2024-06-04,269,195
1071,2024-06-09,240,102
1071,2024-06-15,243,69
1071,2024-06-18,328,116
1071,2024-06-19,342,69
1071,2024-06-21,307,190
1071,2024-06-22,219,142
1071,2024-06-24,121,109
1071,2024-06-26,302,208
1071,2024-06-27,338,181
1071,2024-06-29,162,197
1071,2024-07-03,220,144
1071,2024-07-06,283,126
1071,2024-07-10,199,102
1071,2024-07-18,197,165
1071,2024-07-22,129,203
1071,2024-07-24,156,66
1071,2024-07-30,134,170
1071,2024-08-07,312,143
1072,2024-05-17,96,76
1072,2024-05-19,158,75
1072,2024-05-20,127,96
1072,2024-05-21,149,56
1072,2024-05-22,118,54
1072,2024-05-23,56,48
1072,2024-05-25,130,100
1072,2024-05-26,153,105
1072,2024-05-31,55,41
1072,2024-06-07,326,165
1072,2024-06-10,134,141
1072,2024-06-15,306,124
1072,2024-06-17,107,172
1072,2024-06-18,178,107
1072,2024-06-19,144,148
1072,2024-06-24,86,163
1072,2024-07-02,277,115
1072,2024-07-09,130,66
1072,2024-07-12,177,175
1072,2024-07-14,89,74
1072,2024-07-19,142,135
1072,2024-07-21,308,190
1072,2024-07-26,154,50
1072,2024-07-28,121,59
1072,2024-07-29,180,69
1072,2024-07-30,130,79
1072,2024-08-02,328,196
1072,2024-08-06,228,199
1072,2024-08-07,239,112
1072,2024-08-10,137,165
1072,2024-08-11,229,99
1072,2024-08-21,284,91
1072,2024-08-26,312,234
1072,2024-09-01,111,181
1072,2024-09-03,108,190
1072,2024-09-04,245,79
1072,2024-09-07,296,175
1072,2024-09-08,227,180
1072,2024-09-09,110,114
1072,2024-09-13,230,192
1072,2024-09-16,265,155
1072,2024-09-17,163,127
1072,2024-09-18,100,167
1072,2024-09-20,250,172
1072,2024-09-22,273,133
1072,2024-09-24,272,103
1072,2024-09-26,288,106
1073,2024-05-13,75,94
1073,2024-05-14,174,21
1073,2024-05-17,52,132
1073,2024-05-20,189,111
1073,2024-05-21,190,123
1073,2024-05-22,150,38
1073,2024-05-24,167,135
1073,2024-05-26,121,102
1073,2024-06-01,287,118
1073,2024-06-03,276,126
1073,2024-06-04,188,163
1073,2024-06-13,164,182
1073,2024-06-19,154,141
1073,2024-06-21,263,73
1073,2024-07-04,166,164
1073,2024-07-05,328,180
1073,2024-07-17,209,198
1073,2024-07-20,275,94
1073,2024-07-26,297,80
1073,2024-07-30,280,193
1073,2024-07-31,253,190
1073,2024-08-07,87,177
1073,2024-08-10,136,50
1073,2024-08-14,288,68
1073,2024-08-21,334,119
1073,2024-08-26,89,87
1073,2024-08-27,256,242
1073,2024-08-31,273,176
1073,2024-09-02,107,79
1074,2024-05-10,132,38
1074,2024-05-11,41,22
1074,2024-05-17,97,86
1074,2024-05-19,54,33
1074,2024-05-24,178,84
1074,2024-05-25,120,53
1074,2024-05-27,64,140
1074,2024-05-31,144,112
1074,2024-06-02,203,159
1074,2024-06-06,97,160
1074,2024-06-09,218,188
1074,2024-06-10,270,115
1074,2024-06-11,232,137
1074,2024-06-17,128,69
1074,2024-06-18,135,67
1074,2024-06-20,114,153
1074,2024-06-21,237,220
1074,2024-06-29,193,73
1074,2024-06-30,91,62
1075,2024-05-15,156,82
1075,2024-05-16,158,46
1075,2024-05-17,121,20
1075,2024-05-19,118,84
1075,2024-05-26,52,143
1075,2024-05-27,182,25
1075,2024-05-28,53,150
1075,2024-05-29,188,148
1075,2024-05-30,157,108
1075,2024-06-04,100,169
1075,2024-06-08,299,114
1075,2024-06-13,247,70
1075,2024-06-15,143,147
1075,2024-06-17,84,221
1075,2024-06-18,131,224
1077,2024-05-18,172,102
1077,2024-05-20,67,73
1077,2024-05-21,114,140
1077,2024-05-27,86,64
1077,2024-05-30,195,69
1077,2024-05-31,169,51
1077,2024-06-04,334,145
1077,2024-06-13,93,99
1077,2024-06-22,290,78
1077,2024-06-25,289,81
1077,2024-06-30,92,171
1077,2024-07-05,221,79
1077,2024-07-08,83,191
1077,2024-07-09,278,132
1077,2024-07-16,319,161
1077,2024-07-18,293,156
1077,2024-07-21,152,79
1077,2024-07-29,270,247
1077,2024-08-02,124,194
1077,2024-08-03,207,130
1077,2024-08-06,308,166
1077,2024-08-08,343,75
1077,2024-08-16,267,146
1077,2024-08-18,117,184
1077,2024-08-20,193,187
1077,2024-08-31,187,130
1077,2024-09-03,148,158
1077,2024-09-04,276,122
1077,2024-09-09,153,66
1077,2024-09-10,264,119
1077,2024-09-11,237,162
1078,2024-05-16,57,90
1078,2024-05-21,70,106
1078,2024-05-22,46,64
1078,2024-05-23,169,66
1078,2024-05-25,51,76
1078,2024-05-28,44,59
1078,2024-05-29,172,39
1078,2024-05-31,162,92
1078,2024-06-02,234,242
1078,2024-06-04,326,233
1078,2024-06-05,168,65
1078,2024-06-14,156,129
1078,2024-06-15,159,76
1078,2024-06-17,182,235
1078,2024-06-21,254,157
1078,2024-06-23,95,91
1078,2024-06-25,232,234
1078,2024-06-26,259,88
1078,2024-07-06,304,207
1078,2024-07-13,270,166
1079,2024-05-14,114,73
1079,2024-05-15,164,49
1079,2024-05-16,41,135
1079,2024-05-22,178,39
1079,2024-05-26,194,90
1079,2024-05-28,49,126
1079,2024-06-08,213,184
1079,2024-06-14,221,192
1079,2024-06-15,95,99
1079,2024-06-17,89,55
1079,2024-06-21,94,132
1079,2024-06-22,150,193
1079,2024-06-23,349,148
1079,2024-06-30,91,197
1080,2024-05-19,155,47
1080,2024-05-20,62,136
1080,2024-05-22,75,25
1080,2024-05-23,93,45
1080,2024-05-24,56,91
1080,2024-05-25,120,25
1080,2024-05-27,171,120
1080,2024-06-01,280,50
1080,2024-06-06,136,208
1080,2024-06-07,248,127
1080,2024-06-08,111,72
1080,2024-06-10,159,100
1080,2024-06-11,300,113
1080,2024-06-14,219,248
1080,2024-06-17,103,103
1080,2024-06-23,304,162
1080,2024-07-02,333,75
1080,2024-07-03,306,167
1080,2024-07-05,247,141
1080,2024-07-07,222,191
1080,2024-07-08,272,156
1080,2024-07-10,254,78
1080,2024-07-13,285,121
1080,2024-07-18,292,177
1080,2024-07-24,83,249
1080,2024-07-25,197,188
1080,2024-07-26,324,185
1080,2024-07-31,235,57
1080,2024-08-05,228,104
1080,2024-08-08,241,61
1080,2024-08-09,111,130
1080,2024-08-15,120,241
1080,2024-08-18,248,194
1080,2024-08-22,301,232
1080,2024-08-31,143,227
1080,2024-09-11,176,174
1080,2024-09-12,167,181
1080,2024-09-16,124,83
1080,2024-09-17,165,131
1080,2024-09-19,211,149
1080,2024-09-20,277,116
1080,2024-09-30,264,137
1081,2024-05-10,152,57
1081,2024-05-12,138,48
1081,2024-05-13,117,26
1081,2024-05-17,58,75
1081,2024-05-19,105,49
1081,2024-05-20,114,130
1081,2024-05-25,180,78
1081,2024-05-30,127,92
1081,2024-06-01,249,147
1081,2024-06-04,185,181
1081,2024-06-06,259,195
1081,2024-06-07,311,188
1081,2024-06-10,179,248
1081,2024-06-13,106,123
1081,2024-06-20,224,225
1081,2024-07-02,240,74
1081,2024-07-03,81,195
1081,2024-07-09,136,156
1081,2024-07-12,242,55
1081,2024-07-18,161,236
1082,2024-05-12,182,86
1082,2024-05-15,137,94
1082,2024-05-16,180,97
1082,2024-05-19,182,99
1082,2024-05-23,176,80
1082,2024-05-24,175,50
1082,2024-05-27,48,77
1082,2024-05-29,171,42
1082,2024-05-31,160,94
1082,2024-06-01,161,164
1082,2024-06-04,87,102
1082,2024-06-09,331,203
1082,2024-06-12,188,222
1082,2024-06-14,260,228
1082,2024-06-21,231,239
1082,2024-06-22,247,180
1082,2024-06-25,183,93
1082,2024-07-02,272,171
1082,2024-07-03,336,66
1082,2024-07-06,281,150
1082,2024-07-07,349,181
1082,2024-07-09,272,219
1082,2024-07-24,123,78
1082,2024-07-26,254,108
1082,2024-07-27,238,125
1082,2024-08-03,338,240
1082,2024-08-23,323,51
1082,2024-08-28,234,96
1082,2024-09-01,113,162
1082,2024-09-07,260,111
1082,2024-09-10,268,164
1082,2024-09-11,120,156
1082,2024-09-13,283,100
1082,2024-09-14,184,166
1082,2024-09-19,117,133
1082,2024-09-24,188,161
1084,2024-05-12,61,53
1084,2024-05-15,132,32
1084,2024-05-16,78,73
1084,2024-05-19,172,41
1084,2024-05-24,111,145
1084,2024-05-27,168,92
1084,2024-05-30,60,44
1084,2024-06-09,194,102
1084,2024-06-22,279,128
1084,2024-06-23,192,74
1084,2024-06-28,80,214
1084,2024-07-03,275,203
1084,2024-07-05,269,233
1084,2024-07-11,328,100
1084,2024-07-17,318,124
1084,2024-07-18,243,145
1084,2024-07-20,285,134
1084,2024-07-21,93,217
1084,2024-07-22,325,76
1084,2024-07-24,291,212
1084,2024-07-25,266,71
1084,2024-07-31,334,126
1084,2024-08-07,96,58
1085,2024-05-16,80,105
1085,2024-05-18,105,39
1085,2024-05-21,172,110
1085,2024-05-26,138,27
1085,2024-05-28,78,80
1085,2024-05-31,117,88
1085,2024-06-10,89,213
1085,2024-06-11,103,170
1085,2024-06-14,230,174
1085,2024-06-15,142,78
1085,2024-07-01,192,154
1085,2024-07-03,261,213
1085,2024-07-08,348,91
1085,2024-07-10,269,149
1085,2024-07-11,268,77
1085,2024-07-13,145,221
1085,2024-07-16,166,106
1086,2024-05-24,114,144
1086,2024-05-25,102,135
1086,2024-05-31,173,54
1086,2024-06-11,242,113
1087,2024-05-17,47,144
1087,2024-05-22,140,119
1087,2024-05-24,174,60
1087,2024-05-27,50,71
1087,2024-05-28,125,132
1087,2024-05-29,151,38
1087,2024-05-31,127,71
1087,2024-06-01,265,86
1087,2024-06-02,148,174
1087,2024-06-04,230,112
1087,2024-06-11,238,97
1087,2024-06-13,298,151
1087,2024-06-17,265,62
1088,2024-05-15,140,39
1088,2024-05-17,108,81
1088,2024-05-25,197,73
1088,2024-05-26,144,105
1088,2024-05-28,61,81
1088,2024-05-30,78,94
1088,2024-06-04,132,200
1088,2024-06-05,236,115
1088,2024-06-21,343,159
1088,2024-06-28,215,65
1088,2024-07-01,264,64
1088,2024-07-06,330,203
1088,2024-07-09,159,227
1088,2024-07-12,99,158
1088,2024-07-16,199,119
1088,2024-07-25,210,58
1088,2024-08-05,275,209
1088,2024-08-09,328,122
1088,2024-08-14,235,229
1088,2024-08-16,347,175
1088,2024-08-17,128,156
1088,2024-08-19,219,195
1088,2024-08-28,185,69
1088,2024-09-02,162,93
1088,2024-09-03,179,117
1088,2024-09-06,178,100
1088,2024-09-10,177,126
1089,2024-05-15,127,93
1089,2024-05-17,186,127
1089,2024-05-21,117,82
1089,2024-05-23,172,52
1089,2024-05-25,56,144
1089,2024-05-28,101,93
1089,2024-05-31,170,65
1089,2024-06-11,228,200
1089,2024-06-14,262,214
1089,2024-06-23,157,142
1089,2024-06-24,108,94
1089,2024-06-25,174,160
1089,2024-07-04,149,112
1089,2024-07-06,135,213
1089,2024-07-08,173,58
1089,2024-07-17,333,53
1089,2024-07-18,131,226
1089,2024-07-22,132,134
1089,2024-07-25,303,78
1089,2024-08-04,211,244
1089,2024-08-19,223,202
1089,2024-08-23,343,58
1089,2024-08-25,228,79
1089,2024-09-06,268,168
1090,2024-05-17,105,109
1090,2024-05-19,67,28
1090,2024-05-20,146,21
1090,2024-05-22,122,125
1090,2024-05-25,168,127
1090,2024-05-26,176,60
1090,2024-06-02,321,184
1090,2024-06-08,273,164
1090,2024-06-13,108,66
1090,2024-06-16,289,123
1090,2024-06-26,163,171
1090,2024-06-28,91,244
1090,2024-06-29,248,205
1090,2024-07-01,145,159
1090,2024-07-03,340,51
1090,2024-07-10,253,203
1090,2024-07-13,271,246
1090,2024-07-17,173,183
1090,2024-07-29,283,76
1090,2024-07-30,326,236
1090,2024-08-01,158,131
1090,2024-08-02,303,90
1090,2024-08-08,260,145
1090,2024-08-15,111,180
1090,2024-08-16,115,77
1090,2024-08-17,214,107
1090,2024-08-18,90,120
1090,2024-08-19,271,248
1090,2024-08-20,325,161
1090,2024-08-23,212,231
1090,2024-08-24,325,69
1090,2024-08-26,100,175
1090,2024-09-01,108,200
1090,2024-09-05,281,113
1090,2024-09-09,152,160
1090,2024-09-11,235,141
1090,2024-09-15,150,161
1090,2024-09-18,198,124
1091,2024-05-19,116,92
1091,2024-05-22,178,118
1091,2024-05-23,106,75
1091,2024-06-01,178,93
1091,2024-06-06,180,107
1091,2024-06-11,331,136
1091,2024-06-12,95,129
1091,2024-06-16,255,146
1091,2024-06-17,317,91
1091,2024-06-22,181,57
1091,2024-06-25,133,71
1091,2024-07-10,172,72
1091,2024-07-11,164,134
1091,2024-07-18,318,207
1091,2024-07-21,197,206
1091,2024-07-26,281,221
1091,2024-08-07,281,179
1091,2024-08-20,298,70
1091,2024-08-22,310,169
1091,2024-08-23,307,148
1091,2024-08-29,109,176
1091,2024-08-30,219,205
1092,2024-05-16,193,113
1092,2024-05-21,194,128
1092,2024-05-25,59,85
1092,2024-05-29,143,93
1092,2024-05-30,59,134
1092,2024-06-07,219,69
1092,2024-06-09,130,123
1092,2024-06-12,145,228
1092,2024-06-16,146,159
1092,2024-06-17,342,223
1092,2024-06-18,219,248
1092,2024-06-24,168,53
1092,2024-06-28,194,114
1092,2024-07-07,133,84
1092,2024-07-13,125,71
1092,2024-07-15,126,136
1092,2024-07-25,225,81
1092,2024-07-26,192,127
1092,2024-07-31,241,57
1092,2024-08-03,229,74
1092,2024-08-16,200,118
1092,2024-08-25,211,198
1092,2024-08-30,93,247
1092,2024-09-01,257,182
1092,2024-09-02,141,93
1092,2024-09-04,168,119
1092,2024-09-10,291,188
1092,2024-09-15,286,192
1092,2024-09-18,162,173
1092,2024-09-21,279,79
1092,2024-09-23,134,138
1092,2024-09-24,232,175
1092,2024-09-25,192,121
1093,2024-05-11,168,147
1093,2024-05-12,59,41
1093,2024-05-13,145,100
1093,2024-05-14,145,103
1093,2024-05-17,168,79
1093,2024-05-20,61,127
1093,2024-05-21,167,119
1093,2024-05-22,170,92
1093,2024-05-23,190,60
1093,2024-05-25,122,131
1093,2024-05-29,159,67
1093,2024-05-30,130,117
1093,2024-06-08,336,88
1093,2024-06-09,193,151
1093,2024-06-20,159,139
1093,2024-06-23,347,122
1093,2024-06-26,105,182
1093,2024-07-03,168,80
1093,2024-07-05,84,168
1093,2024-07-09,236,193
1093,2024-07-26,112,121
1093,2024-08-02,323,145
1093,2024-08-08,151,162
1093,2024-08-10,258,228
1093,2024-08-12,329,199
1093,2024-08-15,92,244
1093,2024-08-16,288,71
1093,2024-08-17,136,154
1093,2024-08-18,190,150
1093,2024-08-21,234,55
1093,2024-08-28,265,238
1094,2024-05-15,103,112
1094,2024-05-23,106,108
1094,2024-06-02,334,180
1094,2024-06-07,240,240
1094,2024-06-13,251,87
1094,2024-06-16,345,90
1094,2024-06-21,206,198
1094,2024-06-24,317,66
1094,2024-06-27,184,186
1094,2024-06-28,146,239
1094,2024-06-29,90,135
1094,2024-07-01,302,64
1095,2024-05-20,126,83
1095,2024-05-23,187,31
1095,2024-05-25,103,112
1095,2024-05-27,114,110
1095,2024-05-31,138,103
1095,2024-06-02,97,173
1095,2024-06-04,186,136
1095,2024-06-06,227,202
1095,2024-06-13,107,228
1095,2024-06-15,123,61
1095,2024-06-22,258,229
1095,2024-07-01,86,246
1095,2024-07-03,170,193
1095,2024-07-04,191,104
1096,2024-05-13,75,33
1096,2024-05-15,121,62
1096,2024-05-20,146,101
1096,2024-05-23,195,108
1096,2024-05-25,69,71
1096,2024-05-26,115,123
1096,2024-05-30,84,118
1096,2024-06-05,193,157
1096,2024-06-07,304,216
1096,2024-06-11,270,216
1096,2024-06-13,329,238
1096,2024-06-26,298,183
1096,2024-07-01,228,214
1096,2024-07-11,115,118
1096,2024-07-15,268,103
1096,2024-07-17,253,64
1096,2024-07-19,295,179
1096,2024-07-21,124,123
1096,2024-08-01,236,119
1096,2024-08-05,314,93
1096,2024-08-10,318,86
1096,2024-08-15,291,96
1096,2024-08-21,183,248
1096,2024-08-24,112,247
1096,2024-08-28,340,155
1096,2024-08-30,98,228
1096,2024-08-31,238,171
1096,2024-09-03,104,77
1096,2024-09-05,141,78
1097,2024-05-12,162,114
1097,2024-05-14,87,33
1097,2024-05-18,55,81
1097,2024-05-19,48,35
1097,2024-05-20,149,109
1097,2024-05-21,97,40
1097,2024-05-22,89,91
1097,2024-05-23,119,105
1097,2024-05-27,161,103
1097,2024-06-01,227,244
1097,2024-06-03,259,61
1097,2024-06-11,97,65
1097,2024-06-21,165,209
1097,2024-06-22,218,130
1097,2024-06-23,135,136
1097,2024-07-03,323,61
1097,2024-07-08,145,213
1097,2024-07-15,129,65
1097,2024-07-16,185,205
1098,2024-05-10,121,90
1098,2024-05-15,186,55
1098,2024-05-16,154,21
1098,2024-05-22,117,42
1098,2024-05-24,86,96
1098,2024-05-31,181,63
1098,2024-06-01,328,164
1098,2024-06-07,156,200
1098,2024-06-12,103,57
1098,2024-06-14,292,243
1098,2024-06-20,189,204
1098,2024-06-28,112,248
1098,2024-06-29,176,135
1098,2024-07-08,204,82
1098,2024-07-09,251,89
1098,2024-07-11,326,228
1098,2024-07-13,175,133
1098,2024-07-14,81,230
1098,2024-07-15,229,234
1098,2024-07-18,152,130
1098,2024-07-23,199,152
1098,2024-07-24,280,110
1098,2024-07-25,200,118
1098,2024-08-04,137,213
1098,2024-08-05,270,123
1098,2024-08-06,332,180
1098,2024-08-18,302,205
1098,2024-08-22,220,237
1098,2024-08-25,150,142
1098,2024-08-28,98,208
1098,2024-08-29,299,237
1099,2024-05-16,122,130
1099,2024-05-19,147,30
1099,2024-05-21,163,122
1099,2024-05-22,113,150
1099,2024-05-27,48,118
1099,2024-05-30,92,41
1099,2024-05-31,76,80
1099,2024-06-08,285,147
1099,2024-06-17,170,81
1099,2024-06-19,203,174
1099,2024-06-25,213,119
1099,2024-06-29,127,166
1099,2024-07-02,132,79
1099,2024-07-03,178,175
1099,2024-07-04,279,234
1099,2024-07-11,282,137
1099,2024-07-12,93,171
1099,2024-07-19,106,62
1099,2024-07-22,215,127
1099,2024-07-25,210,210
1099,2024-07-26,252,164
1099,2024-08-08,328,163
1099,2024-08-11,125,156
1099,2024-08-18,93,234
1099,2024-08-19,225,194
1099,2024-08-20,142,180
1099,2024-08-30,260,101
1099,2024-09-01,258,100
1099,2024-09-02,296,117
1099,2024-09-06,140,150
1099,2024-09-07,217,112
1099,2024-09-08,290,139
1099,2024-09-10,226,162
1099,2024-09-11,207,71
1100,2024-05-17,163,107
1100,2024-05-18,181,29
1100,2024-05-19,117,107
1100,2024-05-20,82,116
1100,2024-05-23,141,44
1100,2024-06-07,194,151
1100,2024-06-14,221,65
1100,2024-06-17,218,220
1100,2024-06-19,85,90
1100,2024-06-20,119,79
1100,2024-06-21,348,143
1100,2024-06-25,103,115
1100,2024-06-26,164,193
1100,2024-06-29,278,146
1100,2024-07-05,312,101
1100,2024-07-13,288,157
1100,2024-07-15,228,115
1100,2024-07-16,310,222
1100,2024-07-19,343,112
1100,2024-07-20,260,89
1100,2024-07-24,339,188
1100,2024-07-27,100,248
1100,2024-07-31,127,97
1100,2024-08-01,84,57
1100,2024-08-03,125,62
1100,2024-08-09,151,104
1100,2024-08-10,338,248
1100,2024-08-17,240,155
1100,2024-08-18,203,126
1100,2024-08-23,188,135
1101,2024-05-18,138,60
1101,2024-05-19,198,78
1101,2024-05-20,131,20
1101,2024-05-22,141,62
1101,2024-05-23,93,91
1101,2024-05-24,155,96
1101,2024-05-29,198,91
1101,2024-06-03,204,69
1101,2024-06-11,345,125
1101,2024-06-14,326,169
1101,2024-06-15,160,183
1101,2024-06-23,233,207
1101,2024-07-02,256,97
1101,2024-07-07,305,63
1101,2024-07-10,317,188
1101,2024-07-12,238,74
1102,2024-05-15,88,51
1102,2024-05-19,41,20
1102,2024-05-20,182,31
1102,2024-05-21,197,67
1102,2024-05-23,135,64
1102,2024-06-01,96,51
1102,2024-06-06,95,60
1102,2024-06-07,228,216
1102,2024-06-09,199,219
1102,2024-06-12,115,212
1102,2024-06-14,105,160
1102,2024-06-16,154,218
1102,2024-06-19,303,150
1102,2024-06-26,225,234
1103,2024-05-16,103,86
1103,2024-05-19,78,105
1103,2024-05-22,121,86
1103,2024-05-30,80,23
1103,2024-06-09,236,140
1103,2024-06-11,130,153
1103,2024-06-13,103,100
1103,2024-06-30,145,154
1103,2024-07-14,299,135
1103,2024-07-15,251,102
1103,2024-07-23,192,230
1103,2024-07-28,125,242
1104,2024-05-15,96,64
1104,2024-05-16,104,57
1104,2024-05-18,140,82
1104,2024-05-20,146,51
1104,2024-05-22,91,116
1104,2024-05-26,193,125
1104,2024-05-27,137,118
1104,2024-05-30,122,59
1104,2024-06-02,237,88
1104,2024-06-05,305,64
1104,2024-06-10,273,164
1104,2024-06-11,330,207
1104,2024-06-12,134,239
1104,2024-06-15,309,102
1104,2024-06-19,305,243
1104,2024-06-22,195,135
1104,2024-06-25,135,180
1104,2024-07-03,273,95
1104,2024-07-05,263,146
1104,2024-07-06,276,196
1104,2024-07-12,297,213
1104,2024-07-15,175,229
1104,2024-07-19,231,164
1104,2024-07-22,118,168
1104,2024-07-23,202,117
1104,2024-07-30,130,190
1104,2024-08-02,146,81
1104,2024-08-08,185,146
1104,2024-08-09,277,203
1104,2024-08-14,219,60
1104,2024-08-17,293,79
1104,2024-08-18,293,111
1104,2024-08-24,165,192
1104,2024-08-30,83,143
1104,2024-08-31,239,233
1104,2024-09-03,145,120
1104,2024-09-05,230,62
1104,2024-09-10,256,121
1104,2024-09-11,207,200
1104,2024-09-14,234,171
1104,2024-09-15,109,128
1104,2024-09-17,181,162
1104,2024-09-19,175,64
1104,2024-09-27,122,129
1104,2024-09-28,105,141
1104,2024-09-29,166,97
1105,2024-05-13,56,55
1105,2024-05-16,69,104
1105,2024-05-17,188,83
1105,2024-05-19,119,139
1105,2024-05-24,181,67
1105,2024-05-25,76,77
1105,2024-05-26,168,116
1105,2024-05-27,62,112
1105,2024-05-28,100,91
1105,2024-06-05,161,222
1105,2024-06-14,254,100
1105,2024-06-16,233,80
1105,2024-06-17,239,101
1105,2024-06-20,256,246
1105,2024-06-27,272,176
1105,2024-06-29,236,70
1105,2024-06-30,348,242
1105,2024-07-01,144,65
1105,2024-07-08,100,143
1105,2024-07-10,184,147
1105,2024-07-21,140,211
1105,2024-07-26,297,149
1105,2024-07-29,107,185
1105,2024-08-04,184,168
1105,2024-08-05,326,51
1105,2024-08-06,259,70
1105,2024-08-08,232,100
1105,2024-08-12,275,125
1105,2024-08-13,347,239
1105,2024-08-17,110,69
1105,2024-08-29,237,233
1105,2024-08-30,95,152
1108,2024-05-16,177,114
1108,2024-05-19,148,22
1108,2024-05-21,136,142
1108,2024-05-26,55,46
1108,2024-05-30,70,44
1108,2024-06-04,180,244
1108,2024-06-10,289,226
1108,2024-06-21,130,188
1108,2024-06-25,121,87
1108,2024-06-26,208,124
1108,2024-06-30,257,236
1108,2024-07-08,214,245
1108,2024-07-16,163,66
1108,2024-07-20,295,220
1108,2024-07-22,104,147
1108,2024-07-30,247,206
1108,2024-08-01,338,175
1108,2024-08-13,255,62
1108,2024-08-17,147,183
1108,2024-08-18,207,200
1108,2024-08-21,140,213
1108,2024-08-23,337,100
1108,2024-08-31,91,95
1108,2024-09-02,144,179
1108,2024-09-03,146,141
1108,2024-09-10,184,115
1108,2024-09-11,135,113
1108,2024-09-15,206,156
1108,2024-09-18,180,87
1108,2024-09-26,119,115
1108,2024-09-27,179,84
1108,2024-09-28,189,186
1109,2024-05-12,177,37
1109,2024-05-13,180,133
1109,2024-05-23,59,99
1109,2024-06-03,200,69
1109,2024-06-04,219,197
1109,2024-06-06,284,203
1109,2024-06-11,172,194
1109,2024-06-12,206,82
1109,2024-06-24,105,140
1109,2024-07-02,302,183
1109,2024-07-04,335,94
1109,2024-07-09,252,98
1111,2024-05-20,86,141
1111,2024-05-23,197,118
1111,2024-05-24,138,107
1111,2024-05-27,56,127
1111,2024-05-29,47,136
1111,2024-05-30,150,69
1111,2024-06-01,271,180
1111,2024-06-05,183,233
1111,2024-06-06,169,94
1111,2024-06-10,81,159
1111,2024-06-14,332,166
1111,2024-06-15,251,196
1111,2024-06-16,220,113
1111,2024-06-24,168,153
1111,2024-07-03,339,91
1111,2024-07-05,332,244
1111,2024-07-12,143,172
1111,2024-07-21,274,172
1111,2024-07-24,257,178
1111,2024-07-27,118,161
1111,2024-07-28,201,182
1111,2024-07-29,103,249
1111,2024-08-02,272,240
1111,2024-08-04,172,72
1111,2024-08-07,138,114
1111,2024-08-11,334,170
1111,2024-08-14,272,239
1111,2024-08-16,175,179
1111,2024-08-22,324,153
1111,2024-08-23,173,247
1111,2024-08-24,252,163
1111,2024-08-28,307,164
1112,2024-05-26,163,81
1112,2024-05-27,69,110
1112,2024-05-30,103,66
1112,2024-06-08,257,233
1112,2024-06-14,106,133
1112,2024-06-15,219,118
1112,2024-06-16,337,62
1112,2024-06-17,228,178
1112,2024-06-18,121,234
1112,2024-06-19,253,111
1114,2024-05-16,62,38
1114,2024-05-18,173,79
1114,2024-05-19,108,109
1114,2024-05-20,113,121
1114,2024-05-21,77,94
1114,2024-05-24,70,90
1114,2024-05-25,196,82
1114,2024-05-28,185,114
1114,2024-05-29,127,135
1114,2024-06-02,275,201
1114,2024-06-09,206,117
1114,2024-06-11,85,68
1114,2024-06-14,106,179
1114,2024-06-28,131,119
1114,2024-07-07,346,95
1114,2024-07-08,252,83
1114,2024-07-28,344,244
1114,2024-08-05,347,110
1116,2024-05-18,188,80
1116,2024-05-21,89,86
1116,2024-05-22,165,51
1116,2024-05-23,146,73
1116,2024-05-27,142,78
1116,2024-05-28,128,144
1116,2024-06-02,326,199
1116,2024-06-03,330,141
1116,2024-06-07,276,244
1116,2024-06-18,323,115
1116,2024-06-21,337,180
1116,2024-06-24,174,171
1116,2024-06-25,149,137
1116,2024-06-30,160,114
1116,2024-07-03,124,235
1116,2024-07-04,142,223
1116,2024-07-05,268,125
1116,2024-07-06,298,147
1116,2024-07-07,339,159
1116,2024-07-14,155,135
1116,2024-07-15,192,71
1116,2024-07-16,177,233
1116,2024-07-18,348,127
1116,2024-07-19,211,59
1116,2024-07-26,243,221
1116,2024-07-28,261,205
1116,2024-07-29,174,246
1116,2024-08-03,244,87
1116,2024-08-06,97,213
1116,2024-08-09,105,136
1116,2024-08-10,225,184
1116,2024-08-14,320,202
1116,2024-08-18,120,227
1116,2024-08-20,215,165
1116,2024-08-21,107,108
1116,2024-08-28,119,216
1116,2024-08-31,132,65
1116,2024-09-01,267,147
1116,2024-09-03,150,99
1116,2024-09-04,250,120
1116,2024-09-05,158,65
1117,2024-05-15,132,97
1117,2024-05-16,126,102
1117,2024-05-20,55,142
1117,2024-05-22,108,87
1117,2024-05-24,138,55
1117,2024-05-29,122,88
1117,2024-05-30,158,134
1117,2024-06-05,277,146
1117,2024-06-11,215,99
1117,2024-06-16,275,243
1117,2024-06-17,193,152
1117,2024-06-18,254,161
1117,2024-06-19,121,184
1117,2024-06-22,96,79
1117,2024-06-25,232,87
1117,2024-07-01,123,87
1117,2024-07-02,157,99
1117,2024-07-03,198,210
1117,2024-07-04,270,193
1117,2024-07-19,111,205
1117,2024-07-29,233,240
1117,2024-07-30,116,245
1117,2024-08-02,317,158
1117,2024-08-03,260,81
1117,2024-08-07,228,119
1117,2024-08-12,314,226
1117,2024-08-14,340,229
1118,2024-05-09,85,77
1118,2024-05-12,114,84
1118,2024-05-18,98,90
1118,2024-05-24,139,94
1119,2024-05-14,106,20
1119,2024-05-19,73,69
1119,2024-05-24,100,70
1119,2024-05-26,147,93
1119,2024-05-28,139,124
1119,2024-06-03,262,238
1119,2024-06-08,340,126
1119,2024-06-09,276,96
1119,2024-06-11,342,112
1119,2024-06-13,300,170
1119,2024-06-16,220,68
1119,2024-06-24,96,92
1119,2024-06-29,200,113
1119,2024-06-30,172,81
1119,2024-07-09,98,82
1119,2024-07-14,285,57
1119,2024-07-16,331,122
1119,2024-07-18,105,80
1119,2024-07-20,330,153
1119,2024-07-24,115,129
1119,2024-07-25,99,203
1119,2024-07-26,214,149
1119,2024-07-30,147,102
1119,2024-08-02,140,198
1119,2024-08-07,251,153
1119,2024-08-09,343,183
1119,2024-08-13,282,87
1119,2024-08-17,81,76
1119,2024-08-21,186,65
1119,2024-08-22,281,163
1119,2024-08-25,218,192
1119,2024-08-26,172,123
1119,2024-08-28,165,207
1119,2024-09-01,170,71
1119,2024-09-05,175,110
1119,2024-09-09,293,101
1119,2024-09-10,133,164
1119,2024-09-11,191,113
1119,2024-09-20,267,189
1119,2024-09-21,190,104
1119,2024-09-22,151,93
1119,2024-09-25,205,85
1119,2024-09-28,181,121
1120,2024-05-13,80,65
1120,2024-05-17,169,67
1120,2024-05-24,192,65
1120,2024-05-25,92,128
1120,2024-05-28,192,107
1120,2024-05-29,90,69
1120,2024-05-30,195,113
1120,2024-06-07,82,214
1120,2024-06-09,335,121
1120,2024-06-12,283,214
1120,2024-06-15,293,245
1120,2024-06-26,263,146
1120,2024-06-28,315,59
1120,2024-06-30,124,166
1120,2024-07-01,184,217
1120,2024-07-14,201,145
1120,2024-07-16,251,134
1120,2024-07-20,345,179
1120,2024-07-29,129,68
1120,2024-07-31,142,64
1120,2024-08-11,323,193
1121,2024-05-15,191,24
1121,2024-05-16,158,52
1121,2024-05-20,50,104
1121,2024-05-23,198,101
1121,2024-05-29,200,132
1121,2024-06-08,93,71
1121,2024-06-11,317,97
1121,2024-06-19,165,209
1121,2024-06-27,146,116
1121,2024-07-01,314,242
1121,2024-07-07,153,166
1121,2024-07-12,267,207
1121,2024-07-19,152,155
1121,2024-07-20,243,87
1121,2024-07-25,152,91
1121,2024-07-30,233,158
1121,2024-07-31,212,160
1121,2024-08-03,168,163
1121,2024-08-04,238,203
1121,2024-08-16,174,57
1121,2024-08-22,127,247
1121,2024-08-28,226,212
1121,2024-08-29,253,94
1121,2024-09-01,163,188
1121,2024-09-02,233,161
1121,2024-09-03,164,164
1121,2024-09-04,158,64
1121,2024-09-05,252,71
1121,2024-09-07,250,85
1121,2024-09-08,209,174
1121,2024-09-10,290,104
1121,2024-09-12,262,60
1121,2024-09-16,217,88
1121,2024-09-18,178,157
1121,2024-09-19,140,168
1123,2024-05-22,87,138
1123,2024-05-24,89,36
1123,2024-05-26,80,87
1123,2024-05-27,102,124
1123,2024-05-28,71,39
1123,2024-05-29,71,97
1123,2024-05-30,151,82
1123,2024-05-31,67,22
1123,2024-06-05,184,208
1123,2024-06-07,346,97
1123,2024-06-11,203,160
1123,2024-06-18,253,88
1123,2024-06-27,300,189
1123,2024-06-29,107,239
1123,2024-07-02,292,180
1123,2024-07-07,229,72
1123,2024-07-12,103,116
1123,2024-07-14,313,202
1123,2024-07-17,326,150
1123,2024-07-21,346,71
1123,2024-07-22,308,85
1123,2024-07-24,91,233
1123,2024-07-26,332,145
1123,2024-07-28,115,154
1124,2024-05-18,200,34
1124,2024-05-21,90,74
1124,2024-05-24,195,60
1124,2024-05-31,62,127
1124,2024-06-14,256,230
1124,2024-06-23,311,163
1124,2024-06-25,305,228
1124,2024-06-26,233,242
1124,2024-06-27,168,146
1124,2024-06-29,222,53
1124,2024-06-30,278,101
1124,2024-07-14,293,217
1124,2024-07-18,173,57
1124,2024-07-19,151,99
1124,2024-07-22,288,74
1124,2024-07-24,319,52
1126,2024-05-16,133,127
1126,2024-05-18,83,47
1126,2024-05-19,140,95
1126,2024-05-26,100,87
1126,2024-05-30,93,68
1126,2024-05-31,115,68
1126,2024-06-01,247,110
1126,2024-06-04,178,66
1126,2024-06-12,99,71
1126,2024-06-13,148,167
1126,2024-06-15,164,150
1126,2024-06-16,87,101
1126,2024-06-22,189,161
1126,2024-06-26,198,96
1126,2024-06-27,200,157
1126,2024-06-28,349,88
1126,2024-06-29,100,142
1126,2024-07-01,215,230
1126,2024-07-02,270,211
1126,2024-07-05,250,95
1126,2024-07-06,287,87
1126,2024-07-09,225,54
1126,2024-07-10,134,165
1126,2024-07-20,121,237
1126,2024-07-25,336,212
1126,2024-07-28,83,212
1126,2024-08-10,101,241
1126,2024-08-15,299,207
1126,2024-08-18,113,159
1126,2024-09-04,269,79
1126,2024-09-05,230,80
1126,2024-09-07,137,146
1126,2024-09-09,239,87
1126,2024-09-19,150,200
1126,2024-09-20,201,107
1126,2024-09-24,132,147
1127,2024-05-25,108,49
1127,2024-05-29,169,128
1127,2024-05-31,180,77
1127,2024-06-04,99,67
1127,2024-06-05,165,110
1127,2024-06-06,218,116
1127,2024-06-07,153,95
1127,2024-06-09,184,88
1127,2024-06-15,226,142
1127,2024-06-16,264,199
1127,2024-06-19,335,53
1127,2024-06-22,323,245
1127,2024-06-25,254,242
1127,2024-06-30,243,56
1127,2024-07-03,135,140
1127,2024-07-09,294,152
1127,2024-07-11,265,59
1127,2024-07-13,176,57
1127,2024-07-15,329,144
1127,2024-07-16,189,109
1128,2024-05-13,140,112
1128,2024-05-22,179,112
1128,2024-05-25,165,123
1128,2024-05-26,107,150
1128,2024-05-28,111,103
1128,2024-05-29,148,83
1128,2024-06-01,86,155
1128,2024-06-02,147,74
1128,2024-06-03,185,212
1128,2024-06-04,225,64
1128,2024-06-05,253,243
1128,2024-06-06,296,204
1128,2024-06-11,216,88
1128,2024-06-13,219,85
1128,2024-06-24,182,193
1128,2024-06-27,113,126
1128,2024-07-03,280,217
1128,2024-07-11,278,82
1128,2024-07-16,243,189
1128,2024-07-19,85,61
1128,2024-07-26,323,111
1128,2024-08-01,90,87
1131,2024-05-13,87,67
1131,2024-05-15,45,76
1131,2024-05-17,65,31
1131,2024-05-22,154,60
1131,2024-05-23,88,49
1131,2024-05-26,58,113
1131,2024-05-27,195,110
1131,2024-05-30,197,93
1131,2024-06-06,226,67
1131,2024-06-07,194,167
1131,2024-06-14,209,115
1131,2024-06-16,83,221
1131,2024-06-17,329,187
1131,2024-06-18,102,147
1131,2024-07-08,132,157
1131,2024-07-18,227,87
1131,2024-07-19,187,148
1131,2024-07-22,184,131
1131,2024-07-28,121,218
1131,2024-07-31,152,239
1131,2024-08-03,169,196
1131,2024-08-04,275,72
1131,2024-08-06,114,192
1131,2024-08-07,152,53
1131,2024-08-12,116,169
1131,2024-08-16,122,117
1131,2024-08-17,159,222
1131,2024-08-18,214,66
1131,2024-08-19,257,148
1131,2024-08-22,331,150
1131,2024-08-24,156,117
1131,2024-08-27,333,56
1131,2024-08-29,147,88
1131,2024-09-06,137,108
1131,2024-09-07,224,117
1131,2024-09-08,255,91
1131,2024-09-09,177,118
1131,2024-09-13,121,144
1131,2024-09-20,152,112
1131,2024-09-24,248,130
1131,2024-09-25,198,86
1131,2024-09-27,128,172
1131,2024-09-30,246,62
1132,2024-05-14,188,125
1132,2024-05-15,111,72
1132,2024-05-19,169,38
1132,2024-05-21,198,141
1132,2024-05-30,69,86
1132,2024-06-02,343,167
1132,2024-06-08,95,228
1132,2024-06-14,176,91
1132,2024-06-18,321,199
1132,2024-06-22,298,96
1132,2024-06-29,138,202
1132,2024-07-06,273,146
1132,2024-07-10,324,160
1132,2024-07-19,278,162
1132,2024-07-21,197,105
1132,2024-07-31,328,249
1132,2024-08-05,203,171
1132,2024-08-15,310,141
1132,2024-08-19,95,163
1132,2024-08-24,321,171
1132,2024-08-25,251,163
1132,2024-08-28,344,119
1132,2024-09-02,141,182
1132,2024-09-07,204,184
1132,2024-09-10,239,153
1132,2024-09-11,283,99
1132,2024-09-17,220,70
1134,2024-05-10,50,65
1134,2024-05-12,96,31
1134,2024-05-15,104,95
1134,2024-05-23,55,144
1134,2024-05-24,124,44
1134,2024-05-26,46,107
1134,2024-05-27,81,66
1134,2024-05-28,174,44
1134,2024-06-06,170,227
1134,2024-06-20,137,123
1134,2024-06-25,137,88
1134,2024-07-05,260,159
1134,2024-07-10,345,158
1134,2024-07-11,155,110
1134,2024-07-14,137,245
1134,2024-07-23,323,146
1134,2024-07-25,338,81
1134,2024-07-27,93,225
1134,2024-08-11,312,82
1134,2024-08-16,219,73
1134,2024-08-21,288,103
1134,2024-08-22,167,87
1134,2024-08-29,342,81
1134,2024-09-01,235,176
1134,2024-09-08,174,184
1134,2024-09-09,173,80
1134,2024-09-11,267,154
1134,2024-09-15,270,139
1134,2024-09-24,271,127
1134,2024-09-29,163,98
1136,2024-05-14,132,133
1136,2024-05-17,144,46
1136,2024-05-20,169,49
1136,2024-05-23,117,68
1136,2024-05-26,119,147
1136,2024-05-27,195,59
1136,2024-05-29,199,57
1136,2024-05-30,121,148
1136,2024-06-07,199,171
1136,2024-06-10,144,191
1136,2024-06-13,87,74
1136,2024-06-20,120,178
1136,2024-06-24,228,236
1136,2024-06-25,253,66
1136,2024-06-26,192,212
1136,2024-06-27,245,110
1136,2024-07-09,267,167
1136,2024-07-13,264,239
1136,2024-07-15,242,228
1136,2024-07-16,335,175
1136,2024-07-17,98,231
1136,2024-07-24,87,118
1136,2024-07-25,331,60
1136,2024-07-26,233,199
1136,2024-07-30,299,101
1136,2024-08-02,161,177
1137,2024-05-14,152,77
1137,2024-05-16,77,28
1137,2024-05-17,67,133
1137,2024-05-18,53,139
1137,2024-05-20,96,63
1137,2024-05-22,81,103
1137,2024-05-23,91,129
1137,2024-05-30,101,60
1137,2024-05-31,83,78
1137,2024-06-09,180,244
1137,2024-06-11,156,119
1137,2024-06-17,333,183
1137,2024-06-23,338,109
1137,2024-07-14,304,123
1137,2024-07-17,324,137
1137,2024-07-18,157,74
1137,2024-07-21,309,183
1137,2024-07-29,99,227
1137,2024-08-06,214,126
1138,2024-05-14,136,59
1138,2024-05-17,58,114
1138,2024-05-20,120,100
1138,2024-05-22,56,43
1138,2024-05-28,41,142
1138,2024-05-31,134,46
1138,2024-06-01,292,143
1138,2024-06-02,110,139
1138,2024-06-04,324,57
1138,2024-06-07,157,242
1138,2024-06-09,253,172
1138,2024-06-14,323,97
1138,2024-06-16,110,177
1138,2024-06-17,313,161
1138,2024-06-26,173,84
1138,2024-06-28,328,113
1138,2024-07-05,135,238
1138,2024-07-08,269,55
1138,2024-07-19,99,150
1138,2024-07-25,233,84
1138,2024-08-02,239,143
1139,2024-05-17,184,53
1139,2024-05-18,186,119
1139,2024-05-19,195,41
1139,2024-05-26,134,119
1139,2024-05-31,63,148
1139,2024-06-01,100,239
1139,2024-06-03,238,196
1139,2024-06-05,220,201
1139,2024-06-06,238,97
1139,2024-06-11,80,105
1139,2024-06-14,300,236
1139,2024-06-21,137,204
1139,2024-06-24,105,230
1139,2024-06-25,323,67
1139,2024-06-26,251,173
1139,2024-06-30,341,87
1139,2024-07-02,231,130
1139,2024-07-09,297,125
1139,2024-07-10,283,158
1139,2024-07-15,222,60
1139,2024-07-17,89,171
1139,2024-07-20,272,78
1139,2024-07-22,259,207
1139,2024-07-25,239,229
1139,2024-07-27,233,196
1139,2024-08-07,104,93
1139,2024-08-08,238,174
1139,2024-08-09,305,198
1140,2024-05-13,46,60
1140,2024-05-14,82,114
1140,2024-05-16,43,23
1140,2024-05-19,81,99
1140,2024-05-21,195,58
1140,2024-05-22,184,27
1140,2024-05-28,182,149
1140,2024-05-29,44,83
1140,2024-05-31,83,128
1140,2024-06-02,116,167
1140,2024-06-04,269,130
1140,2024-06-09,196,183
1140,2024-06-10,249,58
1140,2024-06-13,263,199
1141,2024-05-14,57,122
1141,2024-05-15,160,145
1141,2024-05-18,175,115
1141,2024-05-20,138,72
1141,2024-05-24,47,140
1141,2024-05-26,90,50
1141,2024-05-29,138,135
1141,2024-05-31,138,126
1141,2024-06-05,261,140
1141,2024-06-06,94,198
1141,2024-06-15,120,247
1141,2024-06-21,232,94
1141,2024-06-22,279,129
1141,2024-06-26,173,167
1141,2024-07-03,263,218
1141,2024-07-05,219,232
1141,2024-07-08,257,199
1141,2024-07-13,299,98
1141,2024-07-14,133,79
1141,2024-07-18,309,76
1141,2024-07-22,173,113
1141,2024-07-23,332,203
1141,2024-07-27,318,113
1141,2024-07-29,348,162
1141,2024-08-01,264,140
1141,2024-08-12,187,173
1141,2024-08-13,103,103
1141,2024-08-17,153,176
1141,2024-08-19,80,153
1141,2024-08-27,292,205
1141,2024-09-03,163,128
1141,2024-09-13,288,113
1141,2024-09-22,123,174
1141,2024-09-27,208,66
1141,2024-09-29,229,112
1142,2024-05-13,156,85
1142,2024-05-18,121,29
1142,2024-05-22,83,122
1142,2024-05-25,196,69
1142,2024-06-01,280,79
1142,2024-06-03,292,83
1142,2024-06-05,290,64
1142,2024-06-06,194,162
1142,2024-06-08,301,224
1142,2024-06-12,263,237
1142,2024-06-15,339,130
1142,2024-06-18,255,203
1142,2024-06-21,247,209
1142,2024-06-22,265,120
1142,2024-06-23,302,108
1142,2024-06-24,196,185
1142,2024-06-26,165,79
1144,2024-05-12,51,126
1144,2024-05-17,56,133
1144,2024-05-21,118,148
1144,2024-05-23,170,145
1144,2024-05-24,99,95
1144,2024-05-25,71,145
1144,2024-05-27,71,58
1144,2024-06-03,207,209
1144,2024-06-06,284,183
1144,2024-06-18,212,217
1144,2024-06-22,282,206
1144,2024-06-24,349,75
1144,2024-06-25,98,244
1144,2024-07-04,339,74
1144,2024-07-18,204,98
1144,2024-07-23,124,167
1144,2024-07-25,153,250
1144,2024-07-26,317,148
1144,2024-08-01,155,208
1144,2024-08-02,299,87
1144,2024-08-04,176,125
1144,2024-08-13,330,150
1144,2024-08-16,177,200
1144,2024-08-20,127,240
1144,2024-08-23,132,229
1145,2024-05-09,55,53
1145,2024-05-11,96,92
1145,2024-05-13,87,123
1145,2024-05-16,50,27
1145,2024-05-21,125,85
1145,2024-05-25,121,27
1145,2024-05-26,185,67
1145,2024-05-28,42,127
1145,2024-05-29,139,136
1145,2024-05-31,131,90
1145,2024-06-01,172,215
1145,2024-06-02,161,149
1145,2024-06-03,212,58
1145,2024-06-10,350,101
1145,2024-06-11,302,158
1145,2024-06-13,315,158
1145,2024-06-14,87,161
1145,2024-06-21,163,175
1145,2024-06-23,199,243
1145,2024-06-26,141,160
1145,2024-06-27,138,214
1145,2024-06-29,103,94
1145,2024-06-30,265,218
1145,2024-07-06,293,133
1145,2024-07-08,214,235
1145,2024-07-09,173,246
1145,2024-07-10,165,161
1145,2024-07-12,167,133
1145,2024-07-18,179,57
1145,2024-07-20,175,137
1145,2024-07-23,331,115
1145,2024-07-24,211,182
1145,2024-07-25,107,65
1145,2024-07-26,194,241
1145,2024-07-28,221,143
1145,2024-07-30,253,77
1145,2024-08-14,221,105
1145,2024-08-16,214,220
1145,2024-08-21,199,137
1145,2024-08-24,161,157
1145,2024-08-27,202,191
1145,2024-08-30,108,224
1145,2024-09-02,297,179
1145,2024-09-04,288,107
1145,2024-09-06,206,89
1145,2024-09-10,139,116
1145,2024-09-14,102,89
1146,2024-05-13,200,35
1146,2024-05-17,86,35
1146,2024-05-21,131,122
1146,2024-05-22,168,85
1146,2024-05-23,41,69
1146,2024-05-29,130,101
1146,2024-06-04,196,76
1146,2024-06-07,92,84
1146,2024-06-09,187,72
1146,2024-06-17,114,123
1146,2024-06-20,263,84
1146,2024-06-23,227,109
1146,2024-06-26,154,141
1146,2024-06-28,262,224
1146,2024-06-29,80,76
1146,2024-06-30,162,240
1146,2024-07-01,300,100
1146,2024-07-10,338,180
1146,2024-07-11,206,125
1146,2024-07-14,212,197
1146,2024-07-15,249,123
1146,2024-07-16,203,225
1146,2024-07-22,192,81
1146,2024-07-30,302,100
1146,2024-08-01,178,87
1146,2024-08-03,197,104
1146,2024-08-06,247,119
1146,2024-08-09,97,156
1146,2024-08-21,322,250
1146,2024-08-24,123,100
1146,2024-08-27,277,168
1146,2024-08-29,83,131
1146,2024-09-03,214,124
1146,2024-09-05,106,198
1146,2024-09-07,283,145
1146,2024-09-10,117,105
1146,2024-09-13,126,171
1146,2024-09-18,213,76
1146,2024-09-19,174,152
1146,2024-09-24,163,114
1148,2024-05-11,65,94
1148,2024-05-12,198,70
1148,2024-05-15,115,67
1148,2024-05-20,169,25
1148,2024-05-22,185,134
1148,2024-05-25,56,135
1148,2024-05-26,90,123
1148,2024-05-30,145,68
1148,2024-05-31,53,101
1148,2024-06-09,184,95
1148,2024-06-11,309,91
1148,2024-06-21,180,109
1148,2024-06-24,192,151
1148,2024-06-27,279,113
1148,2024-07-06,175,139
1148,2024-07-12,124,74
1148,2024-07-14,183,110
1148,2024-07-15,308,224
1148,2024-07-24,281,56
1148,2024-07-29,142,228
1148,2024-08-01,132,50
1148,2024-08-03,185,54
1148,2024-08-05,168,84
1148,2024-08-08,178,128
1148,2024-08-11,347,180
1149,2024-05-14,183,127
1149,2024-05-20,170,99
1149,2024-05-21,92,47
1149,2024-05-22,101,132
1149,2024-05-27,80,30
1149,2024-05-28,107,100
1149,2024-05-29,189,67
1149,2024-05-31,120,44
1149,2024-06-01,83,250
1149,2024-06-03,84,164
1149,2024-06-08,342,169
1149,2024-06-10,130,209
1149,2024-06-15,136,249
1149,2024-06-20,128,165
1149,2024-06-21,238,93
1149,2024-06-22,202,248
1149,2024-06-27,329,96
1149,2024-06-30,324,65
1149,2024-07-02,206,100
1149,2024-07-06,279,220
1149,2024-07-10,294,201
1149,2024-07-11,305,218
1149,2024-07-13,114,156
1149,2024-07-14,158,243
1149,2024-07-16,302,221
1149,2024-07-21,212,187
1149,2024-07-22,185,136
1149,2024-07-26,252,199
1149,2024-08-06,224,80
1149,2024-08-10,92,68
1149,2024-08-19,338,181
1149,2024-08-23,212,172
1149,2024-08-25,175,105
1149,2024-08-27,310,151
1151,2024-05-16,93,80
1151,2024-05-19,162,43
1151,2024-05-20,82,54
1151,2024-05-24,190,37
1151,2024-05-26,165,116
1151,2024-06-05,241,209
1151,2024-06-06,187,91
1151,2024-06-07,131,117
1151,2024-06-16,93,215
1151,2024-06-18,127,64
1151,2024-06-20,342,85
1151,2024-06-26,281,195
1151,2024-06-29,189,131
1151,2024-07-05,170,105
1151,2024-07-11,226,154
1151,2024-07-17,343,132
1151,2024-07-18,82,196
1151,2024-07-24,270,69
1151,2024-07-26,210,143
1151,2024-08-05,178,104
1151,2024-08-06,266,105
1151,2024-08-11,334,179
1151,2024-08-13,105,116
1151,2024-08-16,248,140
1151,2024-08-18,98,214
1151,2024-08-19,93,51
1151,2024-08-21,225,148
1151,2024-08-22,283,146
1151,2024-08-24,194,236
1151,2024-08-28,245,139
1151,2024-08-29,263,98
1152,2024-05-23,134,106
1152,2024-05-25,92,79
1152,2024-05-27,130,77
1152,2024-05-28,49,131
1152,2024-05-30,196,119
1152,2024-06-14,328,240
1152,2024-06-17,264,190
1152,2024-06-24,83,224
1152,2024-07-01,195,249
1152,2024-07-04,208,198
1152,2024-07-15,89,84
1152,2024-07-17,228,140
1152,2024-07-21,205,124
1152,2024-07-25,152,105
1152,2024-07-27,109,141
1152,2024-07-28,252,171
1152,2024-08-01,227,149
1152,2024-08-06,327,140
1152,2024-08-07,339,81
1153,2024-05-11,118,103
1153,2024-05-14,162,108
1153,2024-05-15,160,105
1153,2024-05-17,192,39
1153,2024-05-21,187,109
1153,2024-05-24,177,115
1153,2024-05-25,64,88
1153,2024-05-29,148,150
1153,2024-05-30,143,86
1153,2024-06-02,149,159
1153,2024-06-06,222,68
1153,2024-06-13,196,241
1153,2024-06-17,206,228
1153,2024-06-18,230,137
1153,2024-06-23,132,153
1153,2024-07-10,91,244
1153,2024-07-14,314,54
1153,2024-07-15,160,82
1153,2024-07-20,180,91
1153,2024-07-30,209,218
1153,2024-07-31,170,160
1153,2024-08-07,264,228
1153,2024-08-10,342,54
1153,2024-08-13,315,143
1153,2024-08-18,234,170
1153,2024-08-25,222,80
1153,2024-08-26,244,99
1153,2024-08-28,194,104
1153,2024-08-29,157,235
1153,2024-08-30,99,242
1153,2024-09-02,152,137
1153,2024-09-06,205,125
1153,2024-09-07,266,61
1153,2024-09-09,285,164
1153,2024-09-10,218,76
1154,2024-05-16,166,121
1154,2024-05-20,193,43
1154,2024-05-23,115,116
1154,2024-05-24,189,21
1154,2024-05-25,164,35
1154,2024-05-31,67,87
1154,2024-06-02,188,130
1154,2024-06-07,313,228
1154,2024-06-08,106,151
1154,2024-06-09,203,222
1154,2024-06-11,310,181
1154,2024-06-12,335,146
1154,2024-06-21,285,194
1154,2024-06-22,327,75
1154,2024-06-25,174,144
1154,2024-07-02,83,72
1154,2024-07-08,210,182
1154,2024-07-10,330,201
1154,2024-07-12,121,132
1154,2024-07-17,181,181
1154,2024-07-23,226,195
1154,2024-07-27,195,212
1154,2024-07-31,173,232
1154,2024-08-01,327,56
1154,2024-08-05,285,170
1154,2024-08-14,281,94
1154,2024-08-15,147,221
1154,2024-08-16,215,137
1154,2024-08-18,258,133
1154,2024-09-09,167,192
1154,2024-09-15,225,105
1154,2024-09-19,291,88
1154,2024-09-27,176,181
1154,2024-09-29,132,196
1155,2024-05-14,177,52
1155,2024-05-16,174,117
1155,2024-05-18,174,71
1155,2024-05-20,105,89
1155,2024-05-22,79,67
1155,2024-05-25,63,89
1155,2024-05-27,143,100
1155,2024-05-31,135,81
1155,2024-06-01,139,142
1155,2024-06-04,208,58
1155,2024-06-05,223,95
1155,2024-06-13,140,215
1155,2024-06-17,176,60
1155,2024-06-23,158,242
1155,2024-07-17,206,78
1155,2024-07-18,347,115
1155,2024-07-23,176,248
1155,2024-07-26,309,223
1155,2024-07-28,141,128
1155,2024-07-29,201,51
1157,2024-05-12,136,105
1157,2024-05-17,150,42
1157,2024-05-19,114,68
1157,2024-05-20,62,28
1157,2024-05-21,140,114
1157,2024-05-25,117,130
1157,2024-05-27,118,62
1157,2024-05-28,194,71
1157,2024-05-29,159,145
1157,2024-05-30,106,117
1157,2024-05-31,134,108
1157,2024-06-04,224,248
1157,2024-06-10,160,242
1157,2024-06-13,139,238
1157,2024-06-17,167,149
1157,2024-06-19,112,182
1157,2024-06-25,140,183
1157,2024-06-26,277,139
1157,2024-07-02,311,148
1157,2024-07-05,262,161
1157,2024-07-06,234,72
1157,2024-07-08,202,202
1157,2024-07-10,208,113
1157,2024-07-11,180,61
1157,2024-07-12,323,57
1157,2024-07-13,208,54
1157,2024-07-15,132,67
1157,2024-07-18,251,87
1157,2024-07-20,106,216
1157,2024-07-25,281,246
1157,2024-07-26,296,240
1157,2024-07-27,208,132
1157,2024-08-02,114,188
1157,2024-08-07,274,212
1157,2024-08-22,350,169
1160,2024-05-19,87,149
1160,2024-05-22,200,87
1160,2024-05-25,158,27
1160,2024-05-27,105,43
1160,2024-06-03,100,222
1160,2024-06-06,100,127
1160,2024-06-08,309,71
1160,2024-06-12,266,87
1160,2024-06-13,329,199
1160,2024-06-16,225,167
1160,2024-06-26,209,242
1160,2024-06-28,348,172
1160,2024-06-29,347,151
1160,2024-07-03,142,142
1160,2024-07-10,292,60
1160,2024-07-11,138,108
1160,2024-07-13,346,156
1160,2024-07-16,319,86
1160,2024-07-19,235,128
1160,2024-07-25,211,67
1160,2024-07-30,233,64
1160,2024-08-12,346,229
1160,2024-08-16,204,221
1160,2024-08-19,147,53
1160,2024-08-21,112,113
1160,2024-08-23,250,198
1160,2024-09-05,226,76
1160,2024-09-09,127,108
1160,2024-09-11,166,135
1160,2024-09-14,277,142
1160,2024-09-18,160,108
1160,2024-09-22,207,156
1161,2024-05-10,67,95
1161,2024-05-11,129,147
1161,2024-05-12,96,137
1161,2024-05-14,55,78
1161,2024-05-23,180,90
1161,2024-05-24,59,57
1161,2024-06-03,93,61
1161,2024-06-08,121,124
1161,2024-06-09,102,176
1161,2024-06-13,116,90
1163,2024-05-09,108,96
1163,2024-05-27,88,137
1163,2024-05-29,145,71
1163,2024-06-01,237,245
1163,2024-06-03,171,148
1163,2024-06-05,271,53
1163,2024-06-09,204,136
1163,2024-06-10,316,166
1163,2024-06-17,327,85
1164,2024-05-19,49,85
1164,2024-05-20,75,60
1164,2024-05-30,196,54
1164,2024-06-04,147,176
1164,2024-06-14,204,203
1164,2024-06-15,280,245
1164,2024-06-17,152,64
1164,2024-06-21,165,208
1164,2024-06-22,203,180
1164,2024-06-23,194,248
1164,2024-06-26,277,172
1164,2024-06-28,338,64
1164,2024-07-07,107,55
1164,2024-07-16,287,83
1164,2024-07-18,350,140
1164,2024-07-23,222,179
1164,2024-07-25,162,96
1164,2024-07-26,154,184
1164,2024-08-01,293,107
1164,2024-08-04,139,204
1164,2024-08-08,193,248
1164,2024-08-10,289,172
1164,2024-08-15,197,174
1164,2024-08-17,119,185
1165,2024-05-16,131,46
1165,2024-05-17,184,26
1165,2024-05-18,178,137
1165,2024-05-23,168,91
1165,2024-05-28,88,65
1165,2024-06-04,206,215
1165,2024-06-08,183,220
1165,2024-06-11,296,58
1165,2024-06-13,345,96
1165,2024-06-16,346,88
1165,2024-06-17,312,110
1165,2024-06-20,287,220
1165,2024-06-22,319,125
1165,2024-06-23,136,169
1165,2024-06-25,184,94
1165,2024-06-26,155,59
1165,2024-06-27,267,246
1165,2024-06-29,125,135
1165,2024-07-01,265,187
1165,2024-07-02,142,124
1165,2024-07-08,179,186
1165,2024-07-13,346,97
1165,2024-07-16,115,200
1165,2024-07-17,312,203
1165,2024-07-22,332,63
1165,2024-07-25,279,221
1165,2024-07-26,89,187
1165,2024-08-03,251,84
1165,2024-08-09,150,153
1165,2024-08-11,120,159
1165,2024-08-12,113,196
1165,2024-08-14,114,58
1165,2024-08-16,303,202
1165,2024-08-18,216,147
1165,2024-08-19,165,102
1165,2024-08-20,185,104
1165,2024-08-21,194,220
1165,2024-08-31,350,120
1165,2024-09-01,267,142
1165,2024-09-03,262,138
1165,2024-09-07,215,132
1165,2024-09-14,279,107
1165,2024-09-15,272,150
1166,2024-05-08,163,118
1166,2024-05-12,118,109
1166,2024-05-13,87,135
1166,2024-05-15,122,100
1166,2024-05-19,137,128
1166,2024-05-22,61,121
1166,2024-05-24,43,48
1166,2024-05-25,79,99
1166,2024-05-30,69,135
1166,2024-05-31,87,83
1166,2024-06-02,107,179
1166,2024-06-04,250,180
1166,2024-06-10,181,224
1166,2024-06-11,265,103
1166,2024-06-21,262,186
1166,2024-06-24,178,73
1166,2024-06-25,229,120
1166,2024-06-26,322,239
1166,2024-06-27,283,178
1166,2024-06-28,232,115
1166,2024-07-04,316,84
1166,2024-07-10,217,172
1166,2024-07-12,124,103
1166,2024-07-13,341,222
1166,2024-07-14,316,80
1166,2024-07-25,294,155
1166,2024-07-29,240,58
1166,2024-07-30,150,154
1166,2024-07-31,314,203
1166,2024-08-01,141,225
1166,2024-08-02,88,226
1166,2024-08-05,304,177
1166,2024-08-07,133,83
1166,2024-08-10,327,143
1166,2024-08-11,166,93
1166,2024-08-17,324,124
1166,2024-08-22,344,157
1170,2024-05-13,88,64
1170,2024-05-17,102,127
1170,2024-05-18,86,150
1170,2024-05-19,65,99
1170,2024-05-22,87,35
1170,2024-05-23,109,84
1170,2024-05-24,90,84
1170,2024-05-25,73,42
1170,2024-05-26,81,102
1170,2024-05-30,100,29
1170,2024-06-09,287,107
1170,2024-06-11,171,240
1170,2024-06-12,200,206
1170,2024-06-19,135,125
1170,2024-06-21,322,223
1170,2024-06-23,87,105
1170,2024-06-28,134,114
1170,2024-07-02,115,150
1170,2024-07-04,118,67
1170,2024-07-11,343,201
1171,2024-05-11,176,87
1171,2024-05-14,163,52
1171,2024-05-19,159,29
1171,2024-05-25,165,32
1171,2024-05-26,114,43
1171,2024-05-27,50,62
1171,2024-05-31,155,76
1171,2024-06-07,341,217
1171,2024-06-13,292,96
1171,2024-06-22,211,134
1171,2024-06-23,332,216
1171,2024-06-26,172,155
1171,2024-07-04,134,197
1171,2024-07-11,309,120
1171,2024-07-14,122,68
1171,2024-07-21,349,63
1171,2024-07-26,337,160
1171,2024-08-02,309,71
1171,2024-08-04,82,68
1171,2024-08-05,300,223
1171,2024-08-07,244,165
1171,2024-08-12,254,229
1171,2024-08-13,207,90
1171,2024-08-14,288,63
1171,2024-08-29,148,202
1173,2024-05-16,48,29
1173,2024-05-17,72,136
1173,2024-05-23,200,53
1173,2024-05-28,195,150
1173,2024-06-06,312,112
1173,2024-06-16,319,151
1173,2024-06-24,264,210
1173,2024-06-26,283,204
1173,2024-07-02,137,225
1173,2024-07-09,148,51
1173,2024-07-12,84,128
1173,2024-07-16,319,128
1173,2024-07-21,297,83
1173,2024-07-23,250,164
1173,2024-07-24,180,186
1173,2024-08-01,346,171
1173,2024-08-04,291,197
1173,2024-08-06,288,154
1173,2024-08-07,319,95
1173,2024-08-09,310,220
1174,2024-05-09,167,78
1174,2024-05-10,73,88
1174,2024-05-11,145,36
1174,2024-05-12,148,105
1174,2024-05-14,120,45
1174,2024-05-16,111,139
1174,2024-05-20,43,58
1174,2024-05-26,82,96
1174,2024-05-27,40,115
1174,2024-05-29,63,119
1174,2024-05-31,153,150
1174,2024-06-02,174,239
1174,2024-06-03,172,221
1174,2024-06-07,317,185
1174,2024-06-20,277,109
1174,2024-06-24,94,154
1174,2024-06-28,175,192
1174,2024-07-03,285,87
1174,2024-07-16,302,248
1174,2024-07-20,205,74
1174,2024-07-26,316,190
1174,2024-07-27,207,180
1174,2024-07-29,246,147
1174,2024-08-01,187,215
1174,2024-08-02,211,179
1174,2024-08-04,170,78
1174,2024-08-06,148,96
1174,2024-08-08,181,69
1174,2024-08-17,215,152
1174,2024-08-19,292,89
1174,2024-08-23,297,67
1174,2024-08-29,149,190
1174,2024-09-01,223,113
1174,2024-09-03,150,104
1174,2024-09-05,270,95
1174,2024-09-10,113,66
1174,2024-09-14,254,104
1174,2024-09-20,169,72
1174,2024-09-22,294,146
1174,2024-09-24,167,181
1175,2024-05-13,173,149
1175,2024-05-17,180,120
1175,2024-05-18,164,120
1175,2024-05-22,88,133
1175,2024-05-23,82,24
1175,2024-05-26,44,28
1175,2024-05-28,134,148
1175,2024-05-31,131,64
1175,2024-06-02,154,52
1175,2024-06-03,114,73
1175,2024-06-08,286,118
1175,2024-06-11,89,147
1175,2024-06-13,84,77
1175,2024-06-14,137,71
1175,2024-06-28,242,201
1175,2024-06-30,248,137
1175,2024-07-02,349,138
1175,2024-07-04,257,204
1175,2024-07-07,216,90
1175,2024-07-09,148,138
1175,2024-07-18,228,52
1175,2024-07-19,283,129
1175,2024-07-21,340,55
1175,2024-08-01,149,137
1175,2024-08-03,235,94
1175,2024-08-05,142,211
1175,2024-08-08,216,242
1175,2024-08-15,295,160
1175,2024-08-16,338,89
1175,2024-08-17,231,138
1175,2024-08-25,137,61
1175,2024-08-26,146,82
1175,2024-08-29,295,245
1175,2024-08-31,80,58
1175,2024-09-01,292,69
1176,2024-05-15,162,148
1176,2024-05-20,66,82
1176,2024-05-23,191,146
1176,2024-05-24,105,64
1176,2024-05-25,106,90
1176,2024-05-27,178,138
1176,2024-05-31,163,116
1176,2024-06-01,335,74
1176,2024-06-07,104,97
1176,2024-06-13,255,86
1176,2024-06-15,141,170
1176,2024-06-16,310,198
1176,2024-06-21,179,83
1176,2024-06-24,107,97
1176,2024-06-26,253,230
1176,2024-06-29,304,77
1176,2024-06-30,151,154
1176,2024-07-01,236,127
1176,2024-07-04,110,139
1176,2024-07-12,344,246
1176,2024-07-15,303,96
1176,2024-07-21,281,149
1176,2024-07-27,253,50
1176,2024-07-28,277,130
1178,2024-05-17,64,77
1178,2024-05-22,59,37
1178,2024-05-24,48,132
1178,2024-05-31,44,74
1178,2024-06-03,164,66
1178,2024-06-06,239,147
1178,2024-06-07,240,98
1178,2024-06-10,265,201
1178,2024-06-13,131,118
1178,2024-06-15,162,211
1178,2024-06-25,276,168
1178,2024-06-26,99,147
1178,2024-06-29,148,159
1178,2024-06-30,145,118
1180,2024-05-16,96,42
1180,2024-05-17,124,71
1180,2024-05-18,197,88
1180,2024-05-20,194,120
1180,2024-05-22,50,43
1180,2024-05-24,62,90
1180,2024-06-01,111,152
1180,2024-06-02,256,212
1180,2024-06-09,325,220
1180,2024-07-03,294,120
1180,2024-07-07,125,182
1180,2024-07-15,106,126
1180,2024-07-16,214,240
1180,2024-07-17,325,207
1180,2024-07-22,86,164
1180,2024-07-23,180,141
1180,2024-08-14,311,164
1180,2024-08-19,193,63
1180,2024-08-28,250,207
1180,2024-08-31,192,97
1180,2024-09-04,105,120
1181,2024-05-13,178,32
1181,2024-05-14,176,57
1181,2024-05-15,162,109
1181,2024-05-16,103,133
1181,2024-05-19,160,63
1181,2024-05-22,77,65
1181,2024-05-25,141,74
1181,2024-05-31,57,30
1181,2024-06-02,97,102
1181,2024-06-04,139,207
1181,2024-06-05,207,87
1181,2024-06-07,266,89
1181,2024-06-10,346,174
1183,2024-05-17,86,108
1183,2024-05-20,105,128
1183,2024-05-21,101,43
1183,2024-05-24,61,124
1183,2024-05-26,99,40
1183,2024-05-28,190,141
1183,2024-05-29,149,62
1183,2024-06-03,211,191
1183,2024-06-04,210,156
1183,2024-06-17,281,97
1183,2024-06-19,87,232
1183,2024-06-24,292,112
1183,2024-06-25,197,60
1184,2024-05-14,87,44
1184,2024-05-15,79,29
1184,2024-05-20,173,148
1184,2024-05-24,167,33
1184,2024-05-28,57,128
1184,2024-05-30,138,42
1184,2024-06-01,251,203
1184,2024-06-11,240,87
1184,2024-06-12,115,195
1184,2024-06-18,236,210
1184,2024-06-20,209,162
1184,2024-06-25,94,228
1184,2024-06-27,142,82
1184,2024-06-29,144,79
1184,2024-07-14,222,130
1184,2024-07-18,305,216
1184,2024-07-21,162,236
1184,2024-07-22,317,210
1184,2024-07-30,109,54
1184,2024-08-01,133,144
1184,2024-08-03,224,60
1184,2024-08-09,176,105
1185,2024-05-18,88,58
1185,2024-05-23,105,48
1185,2024-05-24,55,21
1185,2024-05-29,196,61
1185,2024-05-31,90,31
1185,2024-06-02,271,140
1185,2024-06-10,83,241
1185,2024-06-13,225,88
1187,2024-05-09,57,72
1187,2024-05-10,118,20
1187,2024-05-12,149,116
1187,2024-05-13,51,105
1187,2024-05-14,128,105
1187,2024-05-18,64,143
1187,2024-05-19,154,48
1187,2024-05-20,111,45
1187,2024-05-22,157,149
1187,2024-05-24,149,93
1187,2024-05-25,46,109
1187,2024-05-28,148,108
1187,2024-06-04,108,83
1187,2024-06-14,122,116
1187,2024-06-15,136,88
1187,2024-06-16,198,58
1187,2024-06-17,258,234
1187,2024-06-19,350,199
1190,2024-05-19,157,92
1190,2024-05-20,81,74
1190,2024-05-23,131,134
1190,2024-05-24,124,144
1190,2024-05-26,114,30
1190,2024-05-27,73,145
1190,2024-05-28,77,101
1190,2024-05-29,65,84
1190,2024-05-30,92,50
1190,2024-06-01,292,144
1190,2024-06-03,207,179
1190,2024-06-04,277,129
1190,2024-06-09,334,207
1190,2024-06-10,268,62
1190,2024-06-16,86,141
1190,2024-06-21,191,140
1190,2024-06-23,256,222
1190,2024-06-27,229,51
1190,2024-06-29,288,181
1190,2024-07-01,104,224
1190,2024-07-02,116,162
1190,2024-07-07,87,99
1190,2024-07-09,225,194
1191,2024-05-11,49,117
1191,2024-05-17,187,107
1191,2024-05-20,47,44
1191,2024-05-26,131,60
1191,2024-05-31,90,142
1191,2024-06-02,327,155
1191,2024-06-06,205,141
1191,2024-06-17,95,225
1191,2024-06-18,219,238
1191,2024-06-19,82,221
1191,2024-06-20,342,187
1191,2024-06-29,331,249
1191,2024-07-12,321,155
1191,2024-07-20,179,165
1191,2024-07-21,260,200
1191,2024-08-03,230,133
1191,2024-08-04,105,95
1191,2024-08-06,178,122
1191,2024-08-16,307,118
1191,2024-08-24,340,169
1191,2024-08-26,151,119
1191,2024-08-27,187,134
1191,2024-09-05,100,199
1191,2024-09-10,278,162
1191,2024-09-11,105,98
1191,2024-09-17,188,120
1191,2024-09-19,285,77
1191,2024-09-20,135,111
1191,2024-09-23,292,148
1193,2024-05-16,77,23
1193,2024-05-19,132,47
1193,2024-05-22,156,97
1193,2024-05-24,78,149
1193,2024-05-27,110,72
1193,2024-05-30,143,88
1193,2024-06-04,326,84
1193,2024-06-10,328,151
1193,2024-06-25,161,168
1193,2024-07-02,270,150
1193,2024-07-03,187,114
1193,2024-07-05,336,63
1193,2024-07-10,242,235
1193,2024-07-13,242,221
1193,2024-07-15,119,189
1193,2024-07-17,117,80
1193,2024-07-23,312,160
1193,2024-07-25,214,119
1193,2024-07-30,244,114
1193,2024-07-31,154,202
1193,2024-08-03,336,184
1193,2024-08-09,291,120
1193,2024-08-12,255,130
1193,2024-08-13,265,216
1193,2024-08-17,282,68
1193,2024-08-19,143,54
1193,2024-08-20,239,179
1193,2024-08-28,327,212
1193,2024-09-11,262,147
1193,2024-09-15,259,189
1193,2024-09-23,157,109
1194,2024-05-16,200,27
1194,2024-05-24,179,56
1194,2024-06-01,215,231
1194,2024-06-04,290,219
1194,2024-06-09,192,228
1194,2024-06-12,88,108
1194,2024-06-17,233,213
1194,2024-06-18,105,124
1194,2024-06-20,202,186
1194,2024-06-23,105,221
1194,2024-07-04,171,166
1194,2024-07-09,137,239
1194,2024-07-13,225,67
1194,2024-07-16,148,104
1194,2024-07-21,345,164
1194,2024-07-24,90,76
1194,2024-07-31,172,133
1194,2024-08-03,311,193
1194,2024-08-08,100,114
1194,2024-08-09,299,240
1194,2024-08-10,247,147
1194,2024-08-12,81,188
1194,2024-08-14,241,145
1194,2024-08-19,280,90
1194,2024-08-20,187,154
1194,2024-08-21,319,103
1194,2024-08-22,277,239
1194,2024-08-26,288,158
1194,2024-08-28,301,60
1195,2024-05-16,156,140
1195,2024-05-20,121,73
1195,2024-05-21,156,62
1195,2024-05-22,120,72
1195,2024-05-25,133,106
1195,2024-05-26,184,111
1195,2024-05-30,140,123
1195,2024-06-13,176,111
1195,2024-06-21,203,205
1196,2024-05-19,169,90
1196,2024-05-20,69,113
1196,2024-05-25,102,143
1196,2024-05-28,92,91
1196,2024-05-29,93,30
1196,2024-06-02,172,79
1197,2024-05-11,56,133
1197,2024-05-15,74,29
1197,2024-05-16,150,30
1197,2024-05-18,133,147
1197,2024-05-21,112,60
1197,2024-05-23,127,100
1197,2024-05-27,169,143
1197,2024-05-28,129,75
1197,2024-05-29,149,43
1197,2024-06-07,150,156
1197,2024-06-08,283,133
1197,2024-06-11,119,225
1197,2024-06-12,181,161
1197,2024-06-14,232,220
1197,2024-06-17,291,114
1197,2024-06-18,342,228
1197,2024-06-22,289,210
1197,2024-06-29,255,216
1197,2024-07-02,259,245
1197,2024-07-03,185,88
1197,2024-07-12,317,242
1197,2024-07-16,309,122
1197,2024-07-19,338,88
1197,2024-07-20,160,76
1197,2024-07-24,207,155
1197,2024-07-29,95,160
1197,2024-08-01,157,113
1197,2024-08-03,188,213
1197,2024-08-04,225,193
1197,2024-08-07,249,58
1197,2024-08-11,315,81
1197,2024-08-13,138,55
1197,2024-08-16,308,86
1197,2024-08-21,150,84
1197,2024-08-26,180,190
1197,2024-08-31,262,180
1197,2024-09-03,183,193
1197,2024-09-04,264,74
1197,2024-09-06,222,64
1197,2024-09-08,295,149
1197,2024-09-09,250,113
1197,2024-09-12,282,70
1197,2024-09-16,178,119
1197,2024-09-18,120,165
1197,2024-09-21,267,108
1199,2024-05-17,41,100
1199,2024-05-20,80,72
1199,2024-05-25,175,126
1199,2024-05-30,61,93
1199,2024-06-04,321,113
1199,2024-06-11,277,87
1199,2024-06-12,128,104
1199,2024-06-22,154,133
1199,2024-06-23,230,87
1199,2024-06-24,126,88
1200,2024-05-22,154,66
1200,2024-05-24,96,145
1200,2024-06-11,232,237
1200,2024-06-13,124,111
1200,2024-06-17,180,185
1200,2024-06-22,297,62
1200,2024-06-27,198,146
1200,2024-07-03,94,248
1200,2024-07-04,285,138
1200,2024-07-05,153,145
1201,2024-06-11,85,250
1201,2024-06-12,332,219
1201,2024-06-15,186,149
1201,2024-06-21,148,110
1201,2024-06-30,297,187
1201,2024-07-05,229,235
1201,2024-07-10,332,80
1201,2024-07-12,135,147
1202,2024-06-02,85,114
1202,2024-06-03,250,81
1202,2024-06-13,272,56
1202,2024-06-14,103,109
1202,2024-06-15,205,246
1202,2024-06-16,94,97
1202,2024-06-17,127,196
1202,2024-06-26,102,111
1202,2024-06-30,84,113
1202,2024-07-03,228,176
1202,2024-07-12,317,75
1202,2024-07-14,123,205
1202,2024-07-20,187,94
1202,2024-07-24,253,102
1202,2024-07-26,175,50
1202,2024-08-03,227,210
1202,2024-08-08,292,182
1202,2024-08-09,322,126
1202,2024-08-10,305,114
1202,2024-08-11,259,84
1202,2024-08-15,308,60
1202,2024-08-16,153,179
1202,2024-08-22,118,164
1202,2024-08-25,143,249
1202,2024-08-28,183,242
1203,2024-06-20,202,239
1203,2024-06-22,333,59
1203,2024-06-24,144,76
1203,2024-06-26,257,190
1203,2024-07-04,144,90
1203,2024-07-06,287,141
1204,2024-06-01,265,125
1204,2024-06-04,200,80
1204,2024-06-19,94,150
1204,2024-06-20,83,146
1204,2024-06-21,146,113
1204,2024-07-06,316,86
1204,2024-07-17,219,196
1204,2024-07-23,245,100
1204,2024-07-28,139,163
1204,2024-07-30,248,64
1204,2024-08-04,218,211
1204,2024-08-09,190,69
1204,2024-08-11,273,61
1204,2024-08-15,205,80
1204,2024-08-19,132,93
1204,2024-08-20,205,173
1204,2024-08-21,115,186
1204,2024-08-22,254,156
1204,2024-09-03,126,68
1204,2024-09-13,108,152
1204,2024-09-14,243,141
1204,2024-09-19,189,176
1205,2024-06-02,183,89
1205,2024-06-04,251,160
1205,2024-06-05,271,163
1205,2024-06-06,297,60
1205,2024-06-16,117,134
1205,2024-06-18,213,110
1205,2024-06-20,269,84
1205,2024-06-21,330,169
1205,2024-06-22,96,130
1205,2024-07-04,319,133
1205,2024-07-09,153,104
1205,2024-07-20,151,171
1205,2024-07-25,103,208
1205,2024-07-26,150,223
1205,2024-07-28,158,138
1205,2024-08-03,291,67
1205,2024-08-08,330,174
1205,2024-08-12,114,227
1205,2024-08-22,170,67
1205,2024-08-26,104,129
1205,2024-08-30,286,238
1205,2024-09-01,147,167
1205,2024-09-03,239,64
1205,2024-09-04,177,180
1205,2024-09-07,115,198
1205,2024-09-08,253,76
1205,2024-09-14,249,158
1205,2024-09-16,102,190
1205,2024-09-17,150,66
1205,2024-09-18,203,134
1205,2024-09-20,117,147
1205,2024-09-21,297,96
1205,2024-09-22,144,183
1205,2024-09-23,208,115
1205,2024-09-28,275,133
1205,2024-09-30,109,199
1206,2024-06-08,180,129
1206,2024-06-09,309,206
1206,2024-06-13,95,229
1206,2024-06-15,161,165
1206,2024-06-19,98,137
1206,2024-06-21,302,157
1206,2024-06-25,142,202
1206,2024-06-26,145,232
1206,2024-06-27,341,189
1206,2024-06-30,92,245
1206,2024-07-07,279,113
1206,2024-07-10,324,162
1206,2024-07-17,177,247
1206,2024-07-23,199,216
1206,2024-07-24,115,138
1206,2024-07-27,335,116
1206,2024-07-28,342,183
1206,2024-08-03,293,238
1206,2024-08-07,329,189
1206,2024-08-08,169,107
1206,2024-08-11,89,202
1206,2024-08-12,278,117
1207,2024-05-26,65,61
1207,2024-06-01,314,235
1207,2024-06-02,269,218
1207,2024-06-03,299,56
1207,2024-06-04,106,202
1207,2024-06-05,176,59
1207,2024-06-06,254,74
1207,2024-06-15,109,143
1207,2024-06-17,133,198
1207,2024-06-18,121,229
1207,2024-06-19,220,192
1207,2024-06-22,144,240
1207,2024-06-23,160,193
1207,2024-06-26,88,138
1207,2024-06-27,266,85
1207,2024-06-30,244,170
1207,2024-07-05,229,120
1207,2024-07-07,119,127
1207,2024-07-08,293,231
1207,2024-07-18,310,160
1207,2024-07-20,154,171
1207,2024-07-24,106,216
1207,2024-07-29,260,139
1207,2024-07-31,84,84
1207,2024-08-03,88,123
1207,2024-08-06,146,204
1207,2024-08-07,201,130
1208,2024-06-08,287,69
1208,2024-06-11,163,116
1208,2024-06-23,147,203
1208,2024-06-25,132,136
1208,2024-06-29,119,101
1208,2024-07-01,166,218
1208,2024-07-02,120,196
1208,2024-07-03,269,53
1208,2024-07-09,220,185
1208,2024-07-22,180,198
1208,2024-07-30,119,224
1208,2024-07-31,151,222
1208,2024-08-06,129,168
1208,2024-08-10,162,198
1208,2024-08-31,341,108
1208,2024-09-03,263,144
1208,2024-09-05,292,105
1208,2024-09-07,169,82
1208,2024-09-10,255,129
1208,2024-09-17,270,184
1208,2024-09-20,152,140
1208,2024-09-24,227,171
1208,2024-09-25,159,96
1208,2024-09-27,114,65
1209,2024-05-31,130,88
1209,2024-06-02,289,158
1209,2024-06-03,106,231
1209,2024-06-07,239,240
1209,2024-06-08,208,99
1209,2024-06-09,240,115
1209,2024-06-11,145,223
1209,2024-06-16,315,225
1209,2024-06-19,135,84
1209,2024-06-20,82,120
1209,2024-06-27,193,207
1209,2024-06-29,303,154
1209,2024-07-03,249,206
1209,2024-07-07,102,226
1209,2024-07-17,145,229
1209,2024-07-19,304,202
1209,2024-07-22,184,98
1209,2024-07-24,157,172
1209,2024-07-27,114,180
1209,2024-08-07,290,215
1209,2024-08-10,233,230
1209,2024-08-11,118,92
1209,2024-08-13,117,178
1209,2024-08-15,211,208
1209,2024-08-18,189,130
1209,2024-08-19,239,140
1210,2024-05-31,81,30
1210,2024-06-01,321,226
1210,2024-06-06,247,143
1210,2024-06-11,251,179
1210,2024-06-15,150,65
1210,2024-06-17,183,246
1210,2024-07-02,100,198
1210,2024-07-03,307,74
1210,2024-07-07,118,186
1210,2024-07-12,223,221
1211,2024-06-04,334,249
1211,2024-06-08,130,75
1211,2024-06-17,130,123
1211,2024-06-20,166,206
1211,2024-06-21,131,92
1211,2024-06-23,318,211
1211,2024-06-29,236,98
1211,2024-07-02,153,122
1211,2024-07-03,142,186
1211,2024-07-09,283,76
1211,2024-07-10,270,216
1211,2024-07-12,239,220
1211,2024-07-14,113,52
1211,2024-07-16,267,129
1211,2024-07-17,197,56
1211,2024-07-18,217,226
1211,2024-07-21,111,149
1211,2024-07-22,308,140
1211,2024-07-26,265,129
1211,2024-07-29,268,235
1211,2024-08-03,145,129
1211,2024-08-04,113,115
1211,2024-08-09,111,139
1211,2024-08-18,242,96
1212,2024-05-29,126,40
1212,2024-05-31,98,102
1212,2024-06-05,343,134
1212,2024-06-06,308,96
1212,2024-06-09,275,181
1212,2024-06-11,107,145
1212,2024-06-14,213,115
1212,2024-06-16,193,199
1212,2024-06-22,199,127
1212,2024-06-26,221,183
1212,2024-06-29,180,69
1212,2024-07-01,324,130
1212,2024-07-06,192,143
1212,2024-07-07,190,111
1212,2024-07-09,309,185
1212,2024-07-11,228,237
1212,2024-07-12,83,150
1212,2024-07-13,138,229
1212,2024-07-18,271,128
1212,2024-07-26,198,74
1212,2024-07-27,334,241
1212,2024-07-28,221,115
1212,2024-08-02,323,63
1212,2024-08-04,241,166
1214,2024-05-26,99,74
1214,2024-05-28,90,126
1214,2024-05-31,82,109
1214,2024-06-01,325,74
1214,2024-06-05,175,200
1214,2024-06-06,308,102
1214,2024-06-14,147,249
1214,2024-06-16,166,189
1214,2024-06-22,335,197
1214,2024-06-23,288,109
1214,2024-06-27,179,119
1214,2024-07-07,202,82
1214,2024-07-16,161,60
1214,2024-07-18,232,76
1214,2024-07-20,320,178
1214,2024-07-29,151,173
1214,2024-07-30,202,173
1214,2024-08-07,252,80
1214,2024-08-23,220,57
1214,2024-08-25,224,134
1214,2024-08-28,153,125
1214,2024-09-04,172,169
1214,2024-09-05,181,148
1214,2024-09-06,210,99
1214,2024-09-11,263,92
1214,2024-09-12,100,84
1214,2024-09-13,294,83
1214,2024-09-24,229,149
1214,2024-09-27,154,118
1215,2024-05-28,90,24
1215,2024-05-29,126,118
1215,2024-06-04,243,166
1215,2024-06-05,209,198
1215,2024-06-08,209,65
1215,2024-06-11,97,247
1215,2024-06-15,105,238
1215,2024-06-17,285,125
1215,2024-06-19,234,246
1215,2024-06-24,196,77
1215,2024-06-28,86,61
1215,2024-07-01,90,222
1215,2024-07-06,214,89
1215,2024-07-10,96,67
1215,2024-07-15,309,175
1215,2024-07-18,319,121
1215,2024-07-19,159,112
1215,2024-07-20,288,95
1215,2024-07-21,285,230
1215,2024-07-25,221,162
1215,2024-07-26,248,187
1215,2024-08-03,206,150
1216,2024-05-28,179,35
1216,2024-05-30,57,70
1216,2024-05-31,103,135
1216,2024-06-02,289,96
1216,2024-06-05,288,230
1216,2024-06-06,328,222
1216,2024-06-07,114,171
1216,2024-06-14,269,132
1216,2024-06-15,348,66
1216,2024-06-19,302,80
1216,2024-06-21,130,177
1216,2024-06-24,267,173
1216,2024-06-27,146,78
1216,2024-06-28,148,166
1216,2024-07-01,142,155
1216,2024-07-07,288,97
1216,2024-07-13,93,246
1216,2024-07-17,159,117
1216,2024-07-18,273,90
1216,2024-07-20,227,246
1216,2024-07-26,133,89
1216,2024-07-27,243,225
1216,2024-08-06,338,106
1216,2024-08-10,310,244
1216,2024-08-12,337,135
1216,2024-08-13,290,77
1216,2024-08-17,168,143
1216,2024-08-21,312,170
1216,2024-08-26,323,191
1217,2024-06-06,167,207
1217,2024-06-11,103,220
1217,2024-06-12,337,250
1217,2024-06-19,246,127
1217,2024-06-22,220,111
1217,2024-06-24,321,126
1217,2024-07-01,251,201
1217,2024-07-02,170,247
1217,2024-07-03,344,227
1217,2024-07-07,138,201
1217,2024-07-08,247,222
1217,2024-07-09,325,183
1217,2024-07-11,109,58
1217,2024-07-13,134,63
1217,2024-07-16,261,99
1217,2024-07-20,81,142
1217,2024-07-22,276,203
1217,2024-07-25,286,218
1218,2024-05-29,83,37
1218,2024-06-01,191,86
1218,2024-06-02,261,55
1218,2024-06-04,325,228
1218,2024-06-06,138,211
1218,2024-06-09,350,250
1218,2024-06-11,171,221
1218,2024-06-16,300,104
1218,2024-06-21,157,59
1218,2024-06-22,116,244
1218,2024-06-23,137,65
1218,2024-06-24,294,105
1218,2024-06-29,101,205
1218,2024-07-06,201,75
1218,2024-07-07,313,238
1219,2024-05-31,146,108
1219,2024-06-03,154,216
1219,2024-06-12,101,239
1219,2024-06-20,226,202
1219,2024-06-28,219,74
1219,2024-07-05,237,215
1219,2024-07-11,263,143
1219,2024-07-16,328,154
1219,2024-07-18,123,77
1219,2024-07-20,159,124
1219,2024-07-21,200,123
1219,2024-07-23,216,153
1219,2024-07-28,186,158
1219,2024-08-01,104,103
1219,2024-08-04,304,54
1219,2024-08-13,275,95
1219,2024-08-15,111,228
1219,2024-08-20,266,202
1219,2024-08-21,294,111
1219,2024-08-22,186,220
1219,2024-08-23,308,53
1219,2024-08-28,156,167
1219,2024-08-30,218,175
1219,2024-09-11,290,162
1219,2024-09-12,130,118
1219,2024-09-13,112,161
1219,2024-09-14,155,198
1219,2024-09-23,169,149
1219,2024-09-25,116,80
1219,2024-09-29,130,166
1220,2024-05-25,99,41
1220,2024-06-04,313,144
1220,2024-06-10,136,164
1220,2024-06-12,337,241
1220,2024-06-14,339,163
1220,2024-06-18,82,159
1220,2024-06-20,273,155
1220,2024-06-21,326,112
1220,2024-06-24,124,239
1220,2024-06-25,331,58
1220,2024-06-30,161,222
1220,2024-07-01,88,186
1220,2024-07-07,329,212
1220,2024-07-10,188,56
1220,2024-07-13,84,69
1220,2024-07-14,202,94
1220,2024-07-17,234,100
1220,2024-07-20,178,105
1220,2024-07-23,167,56
1220,2024-07-29,333,238
1220,2024-07-30,184,100
1220,2024-08-02,193,171
1220,2024-08-09,132,60
1220,2024-08-18,290,219
1220,2024-08-20,138,135
1220,2024-08-21,321,132
1220,2024-08-23,116,99
1220,2024-08-25,336,172
1220,2024-08-31,229,206
1220,2024-09-01,119,120
1220,2024-09-03,200,106
1220,2024-09-08,300,114
1220,2024-09-12,143,113
1220,2024-09-25,260,150
1220,2024-09-26,206,129
1220,2024-09-28,170,67
1223,2024-06-07,271,109
1223,2024-06-12,199,119
1223,2024-06-16,231,240
1223,2024-06-20,314,64
1223,2024-06-29,345,75
1223,2024-07-05,163,189
1223,2024-07-08,162,213
1223,2024-07-10,202,95
1223,2024-07-14,323,172
1223,2024-07-17,258,224
1223,2024-07-18,229,54
1223,2024-07-23,231,174
1223,2024-07-27,323,96
1223,2024-08-07,239,95
1223,2024-08-08,218,72
1223,2024-08-16,316,225
1223,2024-08-17,231,80
1223,2024-08-19,343,235
1223,2024-08-20,136,187
1223,2024-08-26,90,113
1223,2024-09-02,149,142
1223,2024-09-03,182,185
1223,2024-09-08,173,132
1223,2024-09-11,141,84
1223,2024-09-12,270,150
1223,2024-09-15,198,73
1223,2024-09-16,288,96
1223,2024-09-18,288,187
1223,2024-09-19,282,181
1223,2024-09-24,122,139
1223,2024-09-25,274,65
1223,2024-09-26,280,129
1223,2024-09-29,115,113
1223,2024-09-30,190,60
1224,2024-06-01,132,96
1224,2024-06-05,262,114
1224,2024-06-08,289,134
1224,2024-06-15,273,176
1224,2024-06-23,295,228
1224,2024-06-26,112,192
1224,2024-07-02,146,106
1224,2024-07-03,104,158
1224,2024-07-09,191,93
1224,2024-07-12,128,238
1224,2024-07-14,219,52
1224,2024-07-15,204,229
1224,2024-07-26,200,138
1224,2024-07-29,326,87
1224,2024-08-02,308,51
1224,2024-08-10,239,235
1224,2024-08-13,162,169
1224,2024-08-15,193,207
1224,2024-08-18,264,144
1224,2024-08-29,301,210
1224,2024-08-30,82,141
1225,2024-06-16,182,206
1225,2024-06-18,184,160
1225,2024-06-25,280,227
1225,2024-06-26,150,136
1225,2024-07-06,185,68
1225,2024-07-07,228,110
1225,2024-07-18,108,177
1226,2024-06-04,205,98
1226,2024-06-07,267,72
1226,2024-06-08,213,176
1226,2024-06-11,227,66
1226,2024-06-12,276,169
1226,2024-06-18,147,58
1226,2024-06-22,190,171
1226,2024-06-26,125,173
1226,2024-06-27,114,191
1226,2024-06-30,335,188
1226,2024-07-06,202,168
1226,2024-07-16,345,162
1226,2024-07-18,342,229
1226,2024-07-21,80,215
1226,2024-07-22,177,138
1226,2024-07-26,306,90
1226,2024-08-02,88,176
1226,2024-08-06,193,240
1226,2024-08-08,95,250
1226,2024-08-12,324,182
1226,2024-08-24,182,73
1226,2024-08-27,304,54
1226,2024-08-28,268,197
1226,2024-09-02,142,124
1226,2024-09-05,250,86
1226,2024-09-13,255,190
1226,2024-09-14,204,67
1226,2024-09-20,228,95
1226,2024-09-21,283,194
1226,2024-09-24,135,198
1228,2024-06-04,101,174
1228,2024-06-06,104,150
1228,2024-06-09,205,244
1228,2024-06-21,182,91
1228,2024-06-23,272,226
1228,2024-06-24,186,143
1228,2024-06-26,270,56
1228,2024-06-27,323,124
1228,2024-06-28,225,133
1228,2024-07-01,308,99
1228,2024-07-04,322,115
1228,2024-07-09,163,156
1228,2024-07-15,133,168
1228,2024-07-17,265,205
1228,2024-07-20,106,220
1228,2024-07-21,334,172
1228,2024-07-22,272,64
1228,2024-07-25,219,232
1228,2024-08-09,132,232
1228,2024-08-22,348,207
1228,2024-08-28,160,202
1228,2024-08-31,279,68
1228,2024-09-03,204,74
1228,2024-09-06,190,75
1228,2024-09-07,186,192
1228,2024-09-11,160,160
1228,2024-09-17,197,122
1228,2024-09-19,298,92
1228,2024-09-20,161,164
1229,2024-05-28,147,142
1229,2024-05-29,164,41
1229,2024-06-02,260,101
1229,2024-06-04,254,225
1229,2024-06-10,207,133
1229,2024-06-11,268,144
1229,2024-06-19,340,117
1229,2024-06-24,86,112
1229,2024-06-25,149,209
1229,2024-06-28,178,214
1229,2024-06-29,298,174
1229,2024-07-02,273,68
1229,2024-07-11,254,149
1229,2024-07-14,199,154
1230,2024-06-03,126,146
1230,2024-06-09,195,114
1230,2024-06-10,169,193
1230,2024-06-15,124,231
1230,2024-06-16,317,133
1230,2024-06-18,169,144
1230,2024-06-21,310,166
1230,2024-06-22,230,240
1230,2024-06-23,205,55
1230,2024-06-27,284,83
1230,2024-06-29,118,69
1230,2024-07-01,286,132
1230,2024-07-05,322,125
1230,2024-07-16,331,160
1230,2024-07-18,198,177
1230,2024-07-26,129,245
1230,2024-08-05,227,210
1230,2024-08-06,143,204
1230,2024-08-07,166,137
1230,2024-08-09,187,199
1230,2024-08-10,340,52
1230,2024-08-11,131,54
1230,2024-08-12,124,112
1230,2024-08-21,310,190
1230,2024-08-27,287,91
1230,2024-09-02,293,174
1230,2024-09-06,168,190
1230,2024-09-09,299,80
1230,2024-09-10,165,134
1231,2024-06-03,336,76
1231,2024-06-08,120,157
1231,2024-06-15,348,196
1231,2024-06-16,286,161
1231,2024-06-20,81,178
1231,2024-06-25,93,181
1231,2024-06-26,119,115
1231,2024-06-29,156,112
1231,2024-07-17,129,241
1231,2024-07-20,143,132
1231,2024-07-31,227,178
1232,2024-05-30,107,53
1232,2024-05-31,146,75
1232,2024-06-05,295,224
1232,2024-06-15,197,143
1232,2024-06-16,239,194
1232,2024-06-17,229,169
1232,2024-06-20,234,61
1232,2024-06-29,237,134
1232,2024-07-02,333,164
1232,2024-07-04,175,129
1232,2024-07-05,310,198
1232,2024-07-08,284,233
1232,2024-07-09,302,227
1232,2024-07-11,261,219
1232,2024-07-13,287,50
1232,2024-07-15,230,151
1232,2024-07-16,267,237
1232,2024-07-19,308,176
1232,2024-07-21,293,66
1232,2024-07-25,89,157
1232,2024-07-26,324,208
1232,2024-07-31,312,140
1232,2024-08-02,159,56
1232,2024-08-04,85,249
1232,2024-08-06,320,183
1232,2024-08-09,331,86
1232,2024-08-13,160,214
1232,2024-09-02,209,185
1232,2024-09-05,159,69
1232,2024-09-11,106,115
1232,2024-09-12,297,188
1235,2024-06-03,296,205
1235,2024-06-05,83,243
1235,2024-06-06,202,148
1235,2024-06-07,124,114
1235,2024-06-08,339,120
1235,2024-06-11,315,194
1235,2024-06-29,287,96
1235,2024-07-01,306,67
1235,2024-07-04,283,191
1237,2024-05-29,199,28
1237,2024-05-30,184,134
1237,2024-06-06,87,71
1237,2024-06-07,338,181
1237,2024-06-11,251,111
1237,2024-06-13,276,132
1237,2024-06-18,259,223
1237,2024-06-19,143,157
1237,2024-06-23,143,65
1237,2024-06-25,83,228
1237,2024-06-26,165,89
1237,2024-06-29,340,164
1237,2024-07-16,183,151
1237,2024-07-31,279,122
1237,2024-08-02,122,202
1237,2024-08-05,103,147
1237,2024-08-07,164,123
1237,2024-08-10,274,70
1237,2024-08-18,254,161
1237,2024-08-21,91,51
1237,2024-08-23,229,73
1237,2024-09-07,151,198
1237,2024-09-09,248,63
1237,2024-09-12,262,137
1237,2024-09-14,159,198
1237,2024-09-15,203,170
1237,2024-09-16,297,171
1237,2024-09-18,118,197
1237,2024-09-21,192,63
1237,2024-09-23,274,143
1237,2024-09-24,180,110
1237,2024-09-26,236,190
1237,2024-09-27,220,141
1237,2024-09-29,168,127
1237,2024-09-30,168,195
1239,2024-05-29,168,43
1239,2024-06-01,214,93
1239,2024-06-04,212,197
1239,2024-06-06,262,127
1239,2024-06-08,182,229
1239,2024-06-10,311,190
1239,2024-06-15,195,125
1239,2024-06-16,115,90
1239,2024-06-17,222,187
1239,2024-06-19,293,200
1239,2024-06-20,80,76
1239,2024-06-21,262,94
1239,2024-06-22,184,120
1239,2024-06-27,106,123
1239,2024-06-28,272,97
1239,2024-06-29,202,179
1239,2024-07-02,302,208
1239,2024-07-08,124,244
1239,2024-07-09,220,86
1239,2024-07-18,110,217
1239,2024-07-28,292,138
1239,2024-08-04,212,125
1239,2024-08-11,278,114
1240,2024-06-03,135,227
1240,2024-06-13,300,139
1240,2024-06-19,306,191
1240,2024-06-23,279,154
1240,2024-06-24,146,97
1240,2024-06-25,113,82
1240,2024-06-28,168,115
1240,2024-07-02,149,150
1240,2024-07-06,241,237
1240,2024-07-13,348,82
1240,2024-07-15,93,136
1240,2024-07-17,207,201
1240,2024-07-19,107,204
1240,2024-08-01,215,157
1240,2024-08-02,118,171
1240,2024-08-04,340,225
1240,2024-08-10,236,137
1240,2024-08-18,139,245
1240,2024-08-19,207,233
1240,2024-08-21,165,197
1240,2024-08-30,271,222
1240,2024-08-31,187,153
1240,2024-09-02,156,129
1240,2024-09-04,142,168
1240,2024-09-06,183,74
1240,2024-09-07,104,122
1240,2024-09-16,192,163
1240,2024-09-17,196,129
1241,2024-06-05,278,144
1241,2024-06-10,279,158
1241,2024-06-16,256,224
1241,2024-06-18,308,60
1241,2024-06-21,291,111
1241,2024-06-22,221,137
1241,2024-06-26,184,180
1241,2024-06-30,153,165
1241,2024-07-02,292,107
1241,2024-07-03,241,82
1241,2024-07-19,93,50
1241,2024-07-24,254,122
1242,2024-06-02,210,152
1242,2024-06-11,128,219
1242,2024-06-16,224,133
1242,2024-06-18,179,77
1242,2024-06-19,181,106
1242,2024-07-04,122,72
1243,2024-05-29,104,39
1243,2024-05-30,186,92
1243,2024-05-31,132,38
1243,2024-06-02,276,237
1243,2024-06-05,113,127
1243,2024-06-10,280,116
1243,2024-06-12,321,68
1243,2024-06-14,237,103
1243,2024-06-15,285,112
1243,2024-07-08,348,67
1243,2024-07-10,331,200
1243,2024-07-11,173,228
1243,2024-07-13,102,143
1243,2024-07-17,220,224
1243,2024-07-26,319,146
1243,2024-07-27,93,139
1243,2024-07-28,318,208
1244,2024-05-30,88,103
1244,2024-06-03,255,161
1244,2024-06-04,82,102
1244,2024-06-07,81,150
1244,2024-06-11,325,116
1244,2024-06-13,227,102
1244,2024-06-23,330,250
1244,2024-06-25,214,146
1244,2024-06-26,169,165
1244,2024-06-27,201,134
1244,2024-07-03,203,215
1244,2024-07-08,215,208
1244,2024-07-09,279,97
1244,2024-07-10,336,53
1244,2024-07-11,151,71
1244,2024-07-17,140,108
1244,2024-07-20,230,115
1244,2024-08-05,130,233
1244,2024-08-06,87,112
1244,2024-08-14,183,165
1244,2024-08-15,220,218
1244,2024-08-17,296,166
1244,2024-08-20,236,218
1244,2024-08-22,277,83
1244,2024-08-23,123,158
1244,2024-08-26,209,207
1244,2024-08-27,99,53
1244,2024-08-30,311,185
1244,2024-09-05,287,62
1244,2024-09-08,172,64
1244,2024-09-14,253,81
1244,2024-09-16,231,132
1244,2024-09-18,287,194
1245,2024-05-29,126,149
1245,2024-05-30,167,82
1245,2024-05-31,86,126
1245,2024-06-01,204,178
1245,2024-06-03,187,247
1245,2024-06-04,210,78
1245,2024-06-11,206,231
1245,2024-06-19,296,192
1245,2024-06-21,290,53
1245,2024-06-23,338,87
1245,2024-07-04,284,149
1245,2024-07-07,292,243
1245,2024-07-11,88,218
1245,2024-07-15,96,150
1245,2024-07-27,310,92
1245,2024-07-29,283,77
1247,2024-06-02,92,103
1247,2024-06-03,141,178
1247,2024-06-04,88,140
1247,2024-06-10,335,214
1247,2024-06-12,184,90
1247,2024-06-14,262,89
1247,2024-06-16,95,149
1247,2024-06-22,328,101
1247,2024-06-23,83,231
1247,2024-06-24,292,130
1247,2024-07-01,317,61
1248,2024-06-06,221,213
1248,2024-06-07,282,101
1248,2024-06-08,304,138
1248,2024-06-18,284,118
1248,2024-06-30,269,118
1248,2024-07-07,118,50
1248,2024-07-12,138,238
1248,2024-07-13,213,121
1248,2024-07-14,270,148
1248,2024-07-16,347,172
1248,2024-07-17,138,118
1248,2024-07-18,96,233
1248,2024-07-29,194,248
1248,2024-08-02,113,64
1248,2024-08-05,278,89
1248,2024-08-06,263,58
1248,2024-08-07,141,226
1250,2024-05-31,162,54
1250,2024-06-11,129,148
1250,2024-06-15,88,223
1250,2024-06-22,263,242
1250,2024-06-23,80,67
1250,2024-06-26,135,147
1250,2024-07-14,115,121
1250,2024-07-18,172,148
1250,2024-07-19,250,78
1250,2024-07-22,278,117
1250,2024-07-26,181,120
1250,2024-07-28,345,204
1250,2024-08-01,237,184
1250,2024-08-06,270,219
1250,2024-08-09,321,231
1250,2024-08-16,287,211
1250,2024-08-18,179,85
1250,2024-08-23,216,122
1250,2024-08-24,197,51
1250,2024-08-29,118,249
1251,2024-05-31,168,39
1251,2024-06-02,308,205
1251,2024-06-06,157,108
1251,2024-06-10,306,180
1251,2024-06-11,305,140
1251,2024-06-15,188,96
1251,2024-06-23,331,70
1251,2024-06-25,282,114
1251,2024-06-27,249,57
1251,2024-06-30,155,209
1251,2024-07-08,194,218
1251,2024-07-10,340,238
1251,2024-07-15,288,65
1251,2024-07-24,137,173
1252,2024-06-08,168,67
1252,2024-06-09,125,80
1252,2024-06-11,192,164
1252,2024-06-13,178,65
1252,2024-06-15,145,231
1252,2024-06-19,178,119
1252,2024-06-22,149,56
1252,2024-07-04,340,81
1252,2024-07-08,209,113
1252,2024-07-10,204,130
1252,2024-07-12,240,185
1252,2024-07-14,231,198
1252,2024-07-19,263,175
1252,2024-07-24,96,223
1252,2024-07-27,340,169
1252,2024-07-28,88,111
1252,2024-07-29,200,86
1252,2024-08-03,132,96
1253,2024-06-03,82,91
1253,2024-06-09,277,99
1253,2024-06-13,143,173
1253,2024-06-15,300,108
1253,2024-06-17,278,161
1253,2024-06-27,327,178
1253,2024-07-02,234,108
1253,2024-07-06,240,172
1253,2024-07-07,179,187
1253,2024-07-11,150,238
1254,2024-05-28,42,50
1254,2024-06-03,208,107
1254,2024-06-05,255,106
1254,2024-06-06,320,115
1254,2024-06-11,269,146
1254,2024-06-13,259,90
1254,2024-07-10,233,79
1254,2024-07-11,270,88
1254,2024-07-12,155,182
1254,2024-07-14,318,129
1254,2024-07-22,157,73
1254,2024-07-29,84,217
1254,2024-07-30,224,215
1254,2024-08-02,258,197
1254,2024-08-14,117,235
1254,2024-08-20,316,121
1254,2024-08-21,95,122
1255,2024-06-01,173,106
1255,2024-06-02,113,201
1255,2024-06-03,99,154
1255,2024-06-09,132,144
1255,2024-06-11,126,207
1255,2024-06-15,266,114
1255,2024-06-16,280,167
1255,2024-06-17,128,58
1255,2024-06-18,191,247
1255,2024-07-01,112,222
1255,2024-07-14,167,65
1257,2024-05-31,119,130
1257,2024-06-01,290,230
1257,2024-06-03,214,143
1257,2024-06-04,221,227
1257,2024-06-06,231,233
1257,2024-06-10,327,115
1257,2024-06-11,302,195
1257,2024-06-15,222,103
1257,2024-06-21,83,124
1257,2024-06-22,271,95
1257,2024-06-25,188,239
1257,2024-06-28,305,244
1257,2024-07-02,301,163
1257,2024-07-03,103,72
1257,2024-07-11,211,220
1257,2024-07-16,293,88
1257,2024-07-19,185,141
1260,2024-06-06,257,236
1260,2024-06-08,294,169
1260,2024-06-11,349,191
1260,2024-06-13,246,119
1260,2024-06-14,125,203
1260,2024-06-16,189,131
1260,2024-06-22,140,144
1260,2024-06-23,345,113
1260,2024-06-24,117,80
1260,2024-07-06,135,87
1260,2024-07-08,229,193
1260,2024-07-13,265,138
1260,2024-07-18,193,74
1260,2024-07-19,260,207
1260,2024-07-24,307,172
1260,2024-08-02,178,58
1260,2024-08-04,109,135
1261,2024-05-26,90,62
1261,2024-05-28,178,85
1261,2024-06-08,199,208
1261,2024-06-11,86,162
1261,2024-06-12,270,176
1261,2024-06-14,241,221
1261,2024-06-18,159,157
1261,2024-06-21,291,53
1261,2024-07-01,169,217
1261,2024-07-02,196,205
1261,2024-07-10,149,195
1261,2024-07-13,285,227
1261,2024-07-15,332,110
1261,2024-07-20,142,83
1261,2024-07-22,329,203
1265,2024-06-03,310,189
1265,2024-06-04,112,231
1265,2024-06-05,123,154
1265,2024-06-13,224,243
1265,2024-06-14,113,206
1265,2024-06-24,188,74
1265,2024-06-25,277,75
1265,2024-06-27,163,85
1265,2024-06-28,185,239
1265,2024-07-01,248,164
1265,2024-07-04,177,200
1265,2024-07-05,274,164
1265,2024-07-14,151,186
1265,2024-07-17,139,200
1265,2024-08-14,131,120
1265,2024-08-18,315,145
1265,2024-08-24,205,200
1265,2024-08-26,172,187
1265,2024-08-29,288,132
1265,2024-08-30,292,74
1265,2024-09-02,297,76
1265,2024-09-07,182,195
1265,2024-09-09,247,185
1266,2024-06-02,119,137
1266,2024-06-05,84,127
1266,2024-06-06,128,167
1266,2024-06-13,176,151
1266,2024-06-19,94,121
1266,2024-06-20,241,242
1266,2024-06-21,178,194
1266,2024-06-22,262,58
1266,2024-06-25,206,145
1266,2024-06-26,211,191
1266,2024-06-27,88,164
1266,2024-07-02,146,95
1266,2024-07-03,236,80
1266,2024-07-04,191,249
1266,2024-07-06,282,112
1266,2024-07-09,201,110
1266,2024-07-11,325,69
1266,2024-07-21,338,147
1266,2024-07-23,98,234
1266,2024-07-31,99,208
1266,2024-08-05,301,126
1266,2024-08-12,246,145
1266,2024-09-06,228,120
1266,2024-09-12,256,67
1266,2024-09-13,241,153
1266,2024-09-16,161,64
1266,2024-09-19,280,194
1266,2024-09-24,279,79
1266,2024-09-27,281,158
1266,2024-09-28,116,185
1267,2024-06-02,149,236
1267,2024-06-08,217,79
1267,2024-06-13,266,236
1267,2024-06-16,150,151
1267,2024-06-21,225,166
1267,2024-06-24,298,116
1267,2024-06-27,343,105
1267,2024-07-19,155,164
1267,2024-07-20,283,110
1267,2024-07-25,228,149
1267,2024-07-27,326,69
1267,2024-08-01,207,113
1267,2024-08-04,326,150
1267,2024-08-09,169,235
1267,2024-08-14,259,84
1267,2024-08-19,156,147
1267,2024-08-23,263,161
1267,2024-08-25,128,131
1267,2024-08-27,179,150
1267,2024-08-29,302,167
1267,2024-08-30,202,112
1267,2024-08-31,341,227
1267,2024-09-03,209,179
1267,2024-09-05,142,178
1267,2024-09-07,125,106
1267,2024-09-08,238,132
1267,2024-09-17,269,137
1267,2024-09-27,173,114
1267,2024-09-29,268,91
1267,2024-09-30,221,103
1268,2024-06-06,285,69
1268,2024-06-07,87,161
1268,2024-06-08,111,129
1268,2024-06-12,108,155
1268,2024-06-14,273,141
1268,2024-06-16,317,69
1268,2024-06-24,167,179
1268,2024-06-27,310,92
1268,2024-07-04,193,189
1268,2024-07-05,175,241
1268,2024-07-12,195,101
1268,2024-07-20,313,246
1268,2024-07-22,183,152
1268,2024-07-27,153,238
1268,2024-08-01,126,136
1268,2024-08-02,164,218
1268,2024-08-04,103,155
1268,2024-08-05,329,242
1268,2024-08-10,181,138
1268,2024-08-11,114,83
1270,2024-06-03,297,122
1270,2024-06-08,317,107
1270,2024-06-15,277,156
1270,2024-06-16,115,105
1270,2024-06-17,167,62
1270,2024-06-18,93,212
1270,2024-06-21,165,97
1270,2024-06-28,87,207
1270,2024-07-06,210,206
1270,2024-07-07,297,136
1270,2024-07-11,184,135
1270,2024-07-16,236,100
1270,2024-07-17,187,90
1270,2024-07-19,296,239
1270,2024-07-22,222,53
1270,2024-07-26,342,51
1270,2024-08-03,146,64
1270,2024-08-05,121,150
1272,2024-06-14,157,68
1272,2024-06-19,324,52
1272,2024-06-21,281,82
1272,2024-06-22,195,88
1272,2024-06-27,290,115
1272,2024-06-28,85,180
1272,2024-07-04,173,95
1272,2024-07-06,98,205
1272,2024-07-09,107,247
1272,2024-07-11,227,216
1272,2024-07-12,125,134
1272,2024-07-14,124,240
1272,2024-07-20,338,250
1272,2024-07-24,136,64
1272,2024-07-28,172,173
1272,2024-08-01,305,188
1272,2024-08-05,126,54
1272,2024-08-16,236,69
1272,2024-08-19,348,133
1272,2024-08-26,187,146
1272,2024-09-02,163,150
1272,2024-09-05,104,60
1272,2024-09-07,264,198
1272,2024-09-13,280,200
1272,2024-09-21,275,121
1272,2024-09-23,139,72
1272,2024-09-29,141,91
1272,2024-09-30,132,138
1273,2024-05-28,80,136
1273,2024-05-30,197,61
1273,2024-05-31,103,84
1273,2024-06-01,209,215
1273,2024-06-03,259,231
1273,2024-06-05,103,241
1273,2024-06-09,178,54
1273,2024-06-12,243,141
1273,2024-06-15,284,56
1273,2024-06-20,216,197
1273,2024-06-24,161,247
1273,2024-06-30,173,160
1273,2024-07-04,112,172
1273,2024-07-05,167,140
1273,2024-07-09,113,64
1273,2024-07-13,233,67
1273,2024-07-17,211,187
1273,2024-07-19,281,193
1273,2024-07-21,129,199
1273,2024-07-23,121,144
1273,2024-07-26,229,195
1273,2024-08-01,262,152
1273,2024-08-09,135,162
1273,2024-08-16,200,146
1273,2024-08-17,329,52
1273,2024-08-25,116,139
1273,2024-08-28,101,56
1273,2024-08-29,190,111
1273,2024-08-31,146,176
1273,2024-09-02,247,111
1273,2024-09-04,168,172
1273,2024-09-06,122,113
1273,2024-09-10,105,60
1273,2024-09-12,279,117
1273,2024-09-14,214,88
1274,2024-05-29,71,147
1274,2024-06-02,223,225
1274,2024-06-13,255,245
1274,2024-06-14,338,228
1274,2024-06-17,157,140
1274,2024-06-23,88,93
1274,2024-06-26,126,68
1274,2024-07-01,266,216
1274,2024-07-08,188,130
1274,2024-07-11,149,174
1274,2024-07-13,190,106
1274,2024-07-19,274,225
1274,2024-07-20,90,234
1274,2024-07-23,146,172
1274,2024-07-27,191,189
1274,2024-08-09,235,164
1274,2024-08-10,196,52
1274,2024-08-12,320,178
1274,2024-08-14,180,191
1274,2024-08-17,325,172
1274,2024-08-18,341,210
1274,2024-08-26,226,154
1274,2024-09-01,300,67
1274,2024-09-08,177,188
1275,2024-05-29,184,55
1275,2024-06-05,142,216
1275,2024-06-15,146,81
1275,2024-06-18,211,177
1275,2024-07-01,323,203
1275,2024-07-05,224,128
1275,2024-07-07,187,53
1275,2024-07-08,205,110
1275,2024-07-09,185,210
1275,2024-07-11,208,76
1276,2024-06-04,82,92
1276,2024-06-10,204,67
1276,2024-06-13,264,180
1276,2024-06-14,187,97
1276,2024-06-20,155,216
1276,2024-06-25,153,158
1276,2024-07-01,141,222
1276,2024-07-02,328,103
1276,2024-07-03,93,198
1276,2024-07-05,295,81
1276,2024-07-07,303,236
1276,2024-07-08,119,183
1276,2024-07-09,323,95
1276,2024-07-10,323,104
1276,2024-07-12,315,74
1277,2024-05-25,181,129
1277,2024-05-26,123,77
1277,2024-06-01,324,227
1277,2024-06-04,117,157
1277,2024-06-12,221,53
1277,2024-06-15,299,200
1277,2024-06-16,123,111
1277,2024-06-18,147,235
1277,2024-06-28,97,205
1277,2024-07-11,192,84
1277,2024-07-14,109,144
1277,2024-07-17,133,54
1277,2024-07-25,175,100
1277,2024-07-31,225,92
1277,2024-08-02,200,59
1277,2024-08-03,281,187
1277,2024-08-04,187,79
1277,2024-08-08,112,56
1277,2024-08-16,237,195
1277,2024-08-23,97,68
1277,2024-08-27,158,97
1277,2024-09-03,246,144
1277,2024-09-06,222,63
1277,2024-09-07,256,124
1277,2024-09-13,117,139
1277,2024-09-14,230,171
1277,2024-09-16,260,133
1277,2024-09-17,151,172
1277,2024-09-21,182,172
1277,2024-09-22,142,82
1277,2024-09-24,135,105
1278,2024-06-01,202,93
1278,2024-06-20,135,181
1278,2024-06-24,127,184
1278,2024-06-28,278,64
1278,2024-07-06,287,133
1278,2024-07-09,230,151
1278,2024-07-15,185,131
1278,2024-07-21,319,68
1278,2024-08-03,191,219
1278,2024-08-05,150,56
1278,2024-08-07,126,167
1280,2024-05-30,97,60
1280,2024-06-04,165,110
1280,2024-06-06,147,117
1280,2024-06-14,266,177
1280,2024-06-16,262,133
1280,2024-06-24,310,216
1280,2024-07-16,98,189
1280,2024-07-20,316,94
1280,2024-07-25,193,227
1280,2024-08-15,151,159
1280,2024-08-16,285,116
1280,2024-08-20,193,64
1280,2024-08-24,220,86
1280,2024-09-01,172,187
1280,2024-09-05,108,83
1280,2024-09-12,252,111
1280,2024-09-17,214,68
1280,2024-09-18,164,195
1280,2024-09-19,117,77
1280,2024-09-26,224,78
1281,2024-06-03,138,179
1281,2024-06-12,209,83
1281,2024-06-26,127,73
1281,2024-06-28,137,149
1281,2024-06-29,125,224
1281,2024-07-05,316,144
1281,2024-07-09,255,74
1281,2024-07-14,318,164
1281,2024-07-19,119,179
1281,2024-07-21,320,196
1281,2024-07-22,181,59
1281,2024-07-25,223,121
1281,2024-07-31,124,105
1281,2024-08-06,243,219
1281,2024-08-08,268,221
1281,2024-08-20,162,93
1281,2024-08-23,281,101
1281,2024-08-24,199,122
1281,2024-09-02,104,78
1281,2024-09-04,284,66
1281,2024-09-05,192,186
1281,2024-09-06,215,114
1281,2024-09-11,146,148
1281,2024-09-19,123,137
1281,2024-09-29,218,96
1281,2024-09-30,137,110
1282,2024-05-28,150,38
1282,2024-05-30,176,133
1282,2024-06-10,292,98
1282,2024-06-11,250,97
1282,2024-06-24,348,130
1282,2024-06-26,105,111
1282,2024-06-27,138,129
1282,2024-07-03,157,202
1282,2024-07-07,217,123
1282,2024-07-09,291,158
1283,2024-06-04,329,72
1283,2024-06-08,312,164
1283,2024-06-09,336,145
1283,2024-06-10,279,112
1283,2024-06-20,87,193
1283,2024-06-22,130,119
1283,2024-06-23,196,143
1283,2024-06-26,318,94
1283,2024-07-05,251,69
1283,2024-07-07,338,124
1283,2024-07-08,181,96
1283,2024-07-25,253,51
1283,2024-08-04,332,182
1283,2024-08-14,310,78
1283,2024-08-31,173,138
1283,2024-09-01,246,193
1283,2024-09-04,166,193
1283,2024-09-07,200,108
1283,2024-09-09,125,173
1284,2024-05-29,116,113
1284,2024-05-30,40,96
1284,2024-05-31,85,51
1284,2024-06-09,123,198
1284,2024-06-10,309,153
1284,2024-06-12,346,247
1284,2024-06-13,318,238
1284,2024-06-18,234,139
1284,2024-06-20,230,53
1284,2024-06-21,249,59
1284,2024-06-23,143,135
1284,2024-06-25,276,190
1284,2024-06-26,92,101
1284,2024-06-30,225,237
1284,2024-07-07,138,112
1284,2024-07-10,286,150
1284,2024-07-15,230,104
1284,2024-07-17,350,111
1284,2024-07-19,328,174
1284,2024-07-27,178,136
1284,2024-07-30,152,51
1284,2024-08-01,251,176
1284,2024-08-02,320,196
1284,2024-08-05,81,220
1284,2024-08-06,232,92
1285,2024-05-29,197,41
1285,2024-05-31,178,91
1285,2024-06-02,348,246
1285,2024-06-03,223,82
1285,2024-06-07,100,153
1285,2024-06-14,285,212
1285,2024-07-10,93,183
1285,2024-07-12,320,82
1285,2024-07-13,269,120
1285,2024-07-21,329,105
1285,2024-07-23,276,59
1285,2024-08-01,309,119
1285,2024-08-07,279,191
1285,2024-08-09,311,134
1285,2024-08-12,295,122
1285,2024-08-14,342,196
1285,2024-08-17,344,154
1285,2024-08-18,133,174
1286,2024-06-07,342,155
1286,2024-06-08,194,138
1286,2024-06-10,115,99
1286,2024-06-12,256,126
1286,2024-06-16,131,84
1286,2024-06-19,86,142
1286,2024-06-20,324,92
1286,2024-06-22,332,111
1286,2024-06-23,343,205
1286,2024-06-27,190,226
1286,2024-06-28,287,233
1286,2024-06-30,214,93
1286,2024-07-03,108,155
1286,2024-07-11,108,116
1286,2024-07-13,308,197
1286,2024-07-20,294,147
1286,2024-07-25,212,121
1286,2024-07-28,209,132
1286,2024-08-01,300,151
1286,2024-08-02,298,230
1286,2024-08-05,325,209
1288,2024-06-07,204,202
1288,2024-06-14,247,225
1288,2024-06-20,256,233
1288,2024-06-23,225,105
1288,2024-06-28,105,184
1288,2024-06-29,329,238
1288,2024-07-03,87,206
1288,2024-07-05,120,228
1288,2024-07-10,226,185
1288,2024-07-21,214,58
1288,2024-07-23,146,127
1288,2024-08-02,231,176
1288,2024-08-05,291,210
1288,2024-08-07,307,79
1288,2024-08-09,339,250
1288,2024-08-10,104,60
1288,2024-08-11,271,77
1288,2024-08-14,342,56
1288,2024-08-15,115,185
1288,2024-08-18,89,85
1288,2024-08-20,259,177
1289,2024-05-28,160,39
1289,2024-05-30,64,82
1289,2024-06-07,201,148
1289,2024-06-08,323,124
1289,2024-06-11,194,233
1289,2024-06-13,139,187
1289,2024-06-15,130,193
1289,2024-06-28,108,243
1289,2024-06-30,85,130
1289,2024-07-04,329,167
1290,2024-06-06,111,249
1290,2024-06-09,297,189
1290,2024-06-11,115,157
1290,2024-06-25,152,209
1290,2024-06-30,147,150
1290,2024-07-01,90,147
1290,2024-07-02,172,64
1290,2024-07-13,87,205
1290,2024-07-16,110,111
1290,2024-07-17,111,81
1290,2024-07-21,107,212
1290,2024-07-29,224,240
1290,2024-08-02,151,150
1290,2024-08-06,235,159
1290,2024-08-10,208,237
1290,2024-08-11,84,151
1290,2024-08-22,314,250
1290,2024-08-29,112,99
1291,2024-05-31,131,96
1291,2024-06-03,170,176
1291,2024-06-05,326,151
1291,2024-06-09,327,69
1291,2024-06-12,163,223
1291,2024-06-15,187,240
1291,2024-06-17,90,161
1291,2024-06-18,253,159
1291,2024-06-21,222,194
1291,2024-06-26,323,148
1291,2024-07-03,348,98
1291,2024-07-04,114,119
1291,2024-07-06,305,150
1291,2024-07-09,195,127
1291,2024-07-11,219,179
1291,2024-07-17,340,241
1291,2024-07-21,177,209
1291,2024-07-23,278,117
1291,2024-07-27,300,191
1291,2024-07-29,131,121
1291,2024-08-05,333,120
1291,2024-08-06,322,177
1291,2024-08-08,187,141
1291,2024-08-13,207,244
1291,2024-08-21,110,119
1291,2024-08-22,155,141
1291,2024-08-23,333,205
1292,2024-05-28,87,51
1292,2024-05-29,53,139
1292,2024-05-31,67,132
1292,2024-06-06,155,90
1292,2024-06-10,349,170
1292,2024-06-11,278,122
1292,2024-06-12,274,87
1292,2024-06-20,309,198
1292,2024-06-21,122,158
1292,2024-06-28,310,193
1292,2024-06-29,265,169
1292,2024-07-01,96,68
1292,2024-07-05,179,178
1292,2024-07-10,238,213
1292,2024-07-12,190,177
1292,2024-07-13,185,249
1292,2024-07-17,318,67
1292,2024-07-19,244,59
1292,2024-07-23,267,206
1292,2024-07-29,93,84
1292,2024-07-30,302,172
1292,2024-08-05,295,217
1293,2024-06-13,159,92
1293,2024-06-15,161,51
1293,2024-06-16,218,219
1293,2024-06-18,216,138
1293,2024-06-19,155,118
1293,2024-06-24,170,223
1293,2024-06-26,202,102
1293,2024-06-28,197,115
1293,2024-06-30,331,156
1293,2024-07-02,175,141
1293,2024-07-03,226,143
1293,2024-07-04,100,215
1293,2024-07-09,244,127
1293,2024-07-17,207,118
1293,2024-07-22,251,197
1293,2024-07-26,278,97
1293,2024-07-28,134,208
1293,2024-07-29,284,116
1293,2024-08-19,223,142
1293,2024-08-23,199,213
1293,2024-08-24,143,96
1293,2024-08-29,96,108
1293,2024-08-31,137,194
1293,2024-09-02,297,112
1293,2024-09-06,203,196
1293,2024-09-12,196,138
1293,2024-09-14,165,173
1293,2024-09-23,270,197
1294,2024-05-26,54,60
1294,2024-05-27,62,133
1294,2024-05-30,97,32
1294,2024-05-31,60,130
1294,2024-06-07,265,77
1294,2024-06-08,132,229
1294,2024-06-10,312,195
1294,2024-06-11,185,82
1294,2024-06-13,193,102
1294,2024-06-15,291,88
1294,2024-06-18,109,123
1294,2024-06-20,300,113
1294,2024-06-22,214,149
1294,2024-06-24,281,92
1294,2024-06-26,147,83
1294,2024-06-30,334,231
1294,2024-07-05,251,74
1294,2024-07-11,126,132
1294,2024-07-19,238,207
1294,2024-07-21,332,99
1295,2024-06-11,223,239
1295,2024-06-14,115,123
1295,2024-06-19,153,82
1295,2024-06-22,94,135
1295,2024-06-24,150,77
1295,2024-06-27,146,113
1295,2024-07-01,335,121
1295,2024-07-03,164,135
1295,2024-07-04,135,231
1295,2024-07-10,122,184
1295,2024-07-12,97,61
1295,2024-07-15,142,233
1295,2024-07-20,323,211
1295,2024-07-22,126,150
1295,2024-07-28,118,200
1295,2024-07-30,203,141
1295,2024-08-03,124,231
1295,2024-08-07,135,100
1295,2024-08-11,233,68
1295,2024-08-13,179,181
1295,2024-08-14,178,224
1295,2024-08-15,234,50
1295,2024-08-20,233,240
1295,2024-09-07,288,136
1295,2024-09-11,138,133
1296,2024-05-29,167,139
1296,2024-05-30,66,95
1296,2024-06-04,212,215
1296,2024-06-05,196,62
1296,2024-06-14,256,179
1296,2024-06-15,272,248
1296,2024-06-16,231,218
1296,2024-06-20,154,112
1296,2024-06-23,331,191
1296,2024-06-25,206,181
1296,2024-07-08,342,172
1296,2024-07-11,279,237
1296,2024-07-12,293,202
1296,2024-07-13,265,175
1296,2024-07-16,121,103
1296,2024-07-21,309,151
1296,2024-07-27,253,67
1296,2024-07-29,292,175
1296,2024-07-30,174,82
1296,2024-08-05,315,141
1296,2024-08-12,249,240
1296,2024-08-15,246,238
1296,2024-08-16,91,246
1296,2024-08-18,200,188
1296,2024-08-23,136,140
1296,2024-08-24,139,194
1296,2024-08-26,288,187
1296,2024-08-27,175,141
1296,2024-08-30,215,231
1296,2024-09-02,127,99
1296,2024-09-05,259,168
1296,2024-09-08,237,136
1296,2024-09-10,200,172
1296,2024-09-11,298,160
1296,2024-09-16,278,175
1296,2024-09-17,236,84
1296,2024-09-20,201,119
1296,2024-09-27,200,64
1297,2024-05-30,158,61
1297,2024-06-03,337,236
1297,2024-06-06,310,134
1297,2024-06-10,153,208
1297,2024-06-11,86,201
1297,2024-06-13,254,211
1297,2024-06-15,332,226
1297,2024-06-20,140,124
1297,2024-06-25,307,223
1297,2024-06-26,176,109
1297,2024-06-29,207,240
1297,2024-07-01,228,152
1297,2024-07-07,133,64
1297,2024-07-10,187,161
1297,2024-07-16,134,129
1297,2024-07-17,332,158
1297,2024-07-18,260,75
1297,2024-07-21,270,67
1297,2024-07-22,274,250
1297,2024-07-29,117,247
1297,2024-07-31,140,219
1297,2024-08-07,176,70
1297,2024-08-08,137,61
1297,2024-08-16,166,55
1298,2024-06-12,187,161
1298,2024-06-14,186,157
1298,2024-06-16,291,207
1298,2024-06-22,290,250
1298,2024-06-26,200,57
1298,2024-06-27,99,138
1298,2024-06-28,174,230
1298,2024-07-01,227,245
1298,2024-07-06,128,103
1298,2024-07-10,107,178
1298,2024-07-21,185,191
1298,2024-07-24,296,82
1299,2024-06-02,197,196
1299,2024-06-06,326,236
1299,2024-06-12,181,65
1299,2024-06-25,119,153
1299,2024-06-27,148,247
1299,2024-06-29,209,177
1299,2024-07-02,301,107
1299,2024-07-03,93,91
1299,2024-07-08,328,213
1299,2024-07-11,168,244
1299,2024-07-16,161,83
1299,2024-07-18,104,141
1299,2024-07-19,116,218
1299,2024-07-21,195,184
1299,2024-07-23,129,226
1299,2024-08-01,93,141
1299,2024-08-02,187,247
1299,2024-08-03,146,149
1299,2024-08-04,171,76
1299,2024-08-05,94,202
1299,2024-08-06,347,145
1299,2024-08-10,310,144
1299,2024-08-14,232,182
1299,2024-08-15,165,149
1299,2024-08-21,188,173
1299,2024-08-22,131,116
1299,2024-08-25,249,168
1299,2024-08-26,350,185
1299,2024-08-27,198,202
1299,2024-09-01,297,175
1299,2024-09-04,142,197
1300,2024-05-31,151,103
1300,2024-06-01,260,114
1300,2024-06-05,149,102
1300,2024-06-06,286,190
1300,2024-06-07,286,120
1300,2024-06-10,96,193
1300,2024-06-16,266,58
1300,2024-06-27,174,205
1300,2024-06-28,202,148
1300,2024-07-02,285,202
1300,2024-07-04,188,66
1301,2024-05-11,192,147
1301,2024-05-13,48,128
1301,2024-05-15,86,108
1301,2024-05-16,123,75
1301,2024-05-17,196,141
1301,2024-05-18,125,108
1301,2024-05-23,90,98
1301,2024-05-26,126,55
1301,2024-05-28,181,28
1301,2024-06-01,107,89
1301,2024-06-03,146,193
1301,2024-06-10,319,150
1301,2024-06-12,102,206
1301,2024-06-14,324,165
1301,2024-06-15,117,202
1301,2024-06-19,341,178
1301,2024-06-21,115,243
1301,2024-06-22,147,198
1301,2024-06-23,308,95
1302,2024-05-15,148,120
1302,2024-05-22,66,133
1302,2024-05-23,96,62
1302,2024-05-25,127,30
1302,2024-05-27,200,110
1302,2024-05-30,185,134
1302,2024-06-01,326,50
1302,2024-06-03,108,99
1302,2024-06-05,81,204
1302,2024-06-07,219,247
1302,2024-06-16,330,152
1302,2024-06-18,139,219
1302,2024-06-22,289,230
1302,2024-06-29,327,90
1302,2024-06-30,341,249
1302,2024-07-03,172,115
1302,2024-07-05,268,87
1302,2024-07-08,298,151
1302,2024-07-12,235,234
1302,2024-07-17,215,58
1302,2024-07-19,222,135
1302,2024-07-22,343,198
1302,2024-07-28,150,210
1302,2024-08-02,143,246
1302,2024-08-06,160,182
1302,2024-08-10,154,65
1302,2024-08-12,242,228
1302,2024-08-13,285,132
1302,2024-08-14,146,249
1302,2024-08-29,239,105
1302,2024-09-01,252,178
1302,2024-09-05,205,194
1302,2024-09-06,117,145
1302,2024-09-08,186,168
1304,2024-05-10,139,137
1304,2024-05-11,170,95
1304,2024-05-13,164,86
1304,2024-05-15,94,150
1304,2024-05-16,147,57
1304,2024-05-23,74,114
1304,2024-06-07,82,71
1304,2024-06-08,143,246
1304,2024-06-09,221,129
1304,2024-06-11,119,95
1304,2024-06-13,102,162
1304,2024-06-14,135,114
1304,2024-06-15,295,133
1305,2024-05-26,78,63
1305,2024-05-27,119,74
1305,2024-05-28,109,46
1305,2024-05-29,41,61
1305,2024-05-30,141,59
1305,2024-06-02,184,180
1305,2024-06-09,318,202
1305,2024-06-15,345,202
1305,2024-06-20,100,128
1305,2024-06-22,302,130
1305,2024-06-24,84,98
1305,2024-06-27,272,102
1305,2024-07-01,164,215
1305,2024-07-13,245,197
1305,2024-07-22,213,226
1305,2024-07-26,171,163
1305,2024-07-30,213,51
1305,2024-08-04,118,71
1305,2024-08-07,113,130
1305,2024-08-09,156,245
1305,2024-08-12,118,218
1305,2024-08-14,110,168
1307,2024-05-14,166,76
1307,2024-05-18,138,140
1307,2024-05-25,118,140
1307,2024-05-26,73,29
1307,2024-05-28,167,148
1307,2024-06-03,171,102
1307,2024-06-04,136,171
1307,2024-06-06,110,246
1307,2024-06-07,158,80
1307,2024-06-14,166,182
1307,2024-06-16,120,58
1307,2024-07-04,146,116
1307,2024-07-09,98,210
1307,2024-07-11,277,116
1307,2024-07-15,176,225
1307,2024-07-21,166,78
1307,2024-07-22,165,71
1307,2024-07-29,122,110
1307,2024-08-01,82,72
1307,2024-08-07,211,195
1307,2024-08-09,297,114
1307,2024-08-10,276,159
1307,2024-08-18,87,192
1307,2024-08-20,287,225
1307,2024-08-21,86,125
1307,2024-08-22,141,138
1307,2024-08-27,91,62
1307,2024-09-01,221,114
1307,2024-09-02,144,105
1307,2024-09-03,221,94
1307,2024-09-07,221,126
1307,2024-09-08,140,134
1307,2024-09-11,162,187
1307,2024-09-13,296,191
1307,2024-09-14,241,123
1307,2024-09-19,214,186
1307,2024-09-22,119,97
1307,2024-09-27,258,111
1308,2024-05-10,142,138
1308,2024-05-11,151,20
1308,2024-05-12,198,88
1308,2024-05-13,123,100
1308,2024-05-14,77,102
1308,2024-05-18,76,91
1308,2024-05-21,69,101
1308,2024-05-24,198,76
1308,2024-05-26,126,91
1308,2024-05-29,105,26
1308,2024-05-31,77,121
1308,2024-06-05,99,108
1308,2024-06-11,93,212
1308,2024-06-18,298,90
1308,2024-06-29,119,178
1308,2024-07-01,185,56
1308,2024-07-06,146,105
1308,2024-07-09,299,175
1308,2024-07-19,231,113
1308,2024-07-20,117,250
1308,2024-07-21,172,117
1308,2024-07-23,348,68
1308,2024-07-24,133,143
1308,2024-07-26,262,215
1308,2024-07-28,257,105
1310,2024-05-18,157,86
1310,2024-05-19,72,57
1310,2024-05-23,190,146
1310,2024-05-26,54,117
1310,2024-05-28,52,108
1310,2024-05-30,131,34
1310,2024-06-01,256,224
1310,2024-06-05,305,115
1310,2024-06-15,124,177
1310,2024-06-26,165,180
1310,2024-07-03,173,149
1310,2024-07-06,105,199
1310,2024-07-09,282,172
1310,2024-07-14,212,147
1310,2024-07-20,214,228
1310,2024-07-23,300,58
1310,2024-07-30,303,210
1310,2024-08-08,125,129
1311,2024-05-12,51,74
1311,2024-05-13,86,71
1311,2024-05-18,78,135
1311,2024-05-21,196,127
1311,2024-05-23,65,142
1311,2024-05-26,143,66
1311,2024-05-27,158,51
1311,2024-05-31,157,42
1311,2024-06-02,239,220
1311,2024-06-03,135,71
1311,2024-06-04,215,173
1311,2024-06-06,148,229
1311,2024-06-08,173,83
1311,2024-06-11,125,212
1311,2024-06-14,182,64
1311,2024-06-19,151,236
1311,2024-06-21,222,128
1311,2024-06-22,307,127
1311,2024-06-25,272,108
1311,2024-06-29,134,160
1311,2024-06-30,225,57
1311,2024-07-06,274,169
1311,2024-07-11,93,174
1311,2024-07-16,145,76
1311,2024-07-20,294,229
1311,2024-07-22,100,233
1311,2024-07-28,169,63
1311,2024-07-30,332,113
1311,2024-07-31,346,150
1311,2024-08-02,123,85
1311,2024-08-08,82,243
1311,2024-08-20,107,59
1311,2024-08-21,99,237
1311,2024-08-23,335,167
1311,2024-08-25,131,118
1311,2024-08-26,222,91
1311,2024-09-01,145,90
1311,2024-09-02,238,166
1311,2024-09-05,236,137
1311,2024-09-08,101,85
1311,2024-09-11,257,109
1311,2024-09-14,174,108
1312,2024-05-14,166,76
1312,2024-05-18,63,84
1312,2024-05-19,61,103
1312,2024-05-23,155,146
1312,2024-05-28,65,145
1312,2024-05-29,141,146
1312,2024-05-31,164,35
1312,2024-06-06,129,150
1312,2024-06-07,161,93
1312,2024-06-15,241,120
1312,2024-06-18,131,131
1312,2024-06-21,265,78
1312,2024-06-27,128,132
1313,2024-05-19,148,59
1313,2024-05-26,98,105
1313,2024-05-29,103,127
1313,2024-05-30,167,79
1313,2024-05-31,89,38
1313,2024-06-07,214,203
1313,2024-06-11,159,213
1313,2024-06-13,120,81
1313,2024-06-14,346,186
1313,2024-06-15,223,244
1313,2024-06-17,188,199
1313,2024-06-18,113,112
1313,2024-06-26,337,154
1313,2024-06-28,215,143
1313,2024-07-01,193,204
1313,2024-07-06,287,59
1313,2024-07-08,279,51
1313,2024-07-13,348,124
1313,2024-07-15,288,169
1313,2024-07-18,89,68
1313,2024-07-27,234,93
1313,2024-07-28,216,124
1313,2024-07-31,298,176
1313,2024-08-04,123,173
1313,2024-08-11,329,159
1313,2024-08-15,148,228
1313,2024-08-18,100,202
1313,2024-08-21,142,77
1313,2024-08-24,138,170
1313,2024-08-25,282,205
1313,2024-08-31,334,242
1313,2024-09-02,222,128
1313,2024-09-05,187,68
1313,2024-09-07,270,92
1313,2024-09-08,237,81
1313,2024-09-13,236,150
1316,2024-05-13,86,63
1316,2024-05-14,86,27
1316,2024-05-15,53,63
1316,2024-05-17,51,56
1316,2024-05-22,172,124
1316,2024-05-26,195,149
1316,2024-05-27,88,45
1316,2024-05-28,127,62
1316,2024-05-30,172,134
1316,2024-05-31,52,61
1316,2024-06-04,346,222
1316,2024-06-14,304,200
1316,2024-06-16,349,108
1316,2024-06-28,237,222
1316,2024-07-03,276,142
1316,2024-07-09,117,56
1316,2024-07-26,220,116
1316,2024-08-01,298,181
1317,2024-05-09,117,74
1317,2024-05-11,95,48
1317,2024-05-17,63,96
1317,2024-05-24,84,54
1317,2024-05-27,144,98
1317,2024-05-29,98,37
1317,2024-05-31,40,109
1317,2024-06-04,111,220
1317,2024-06-09,289,60
1317,2024-06-10,101,73
1317,2024-06-11,101,160
1317,2024-06-13,290,239
1317,2024-06-16,134,232
1317,2024-06-21,269,178
1317,2024-06-22,340,138
1320,2024-05-20,167,38
1320,2024-05-23,125,120
1320,2024-05-28,134,101
1320,2024-05-30,168,61
1320,2024-05-31,126,51
1320,2024-06-11,297,250
1320,2024-06-12,82,69
1320,2024-06-15,144,144
1320,2024-06-24,339,88
1320,2024-07-05,198,97
1320,2024-07-07,179,90
1320,2024-07-13,112,101
1320,2024-07-24,296,74
1320,2024-07-26,144,73
1320,2024-07-27,193,247
1320,2024-07-29,150,227
1320,2024-07-30,181,106
1320,2024-07-31,224,85
1320,2024-08-22,239,97
1320,2024-08-26,108,153
1320,2024-08-31,246,74
1320,2024-09-01,204,92
1320,2024-09-02,150,166
1320,2024-09-05,267,61
1320,2024-09-08,223,95
1320,2024-09-09,198,162
1320,2024-09-11,232,121
1320,2024-09-13,207,137
1320,2024-09-19,138,136
1320,2024-09-20,243,95
1320,2024-09-23,190,94
1320,2024-09-24,112,168
1321,2024-05-10,53,44
1321,2024-05-13,51,30
1321,2024-05-19,56,64
1321,2024-05-22,185,117
1321,2024-05-24,52,122
1321,2024-05-27,141,33
1321,2024-05-29,73,45
1321,2024-06-06,210,147
1321,2024-06-19,321,200
1321,2024-06-20,315,209
1321,2024-06-23,126,108
1321,2024-06-28,146,127
1322,2024-05-14,177,25
1322,2024-05-15,153,35
1322,2024-05-16,86,72
1322,2024-05-19,86,92
1322,2024-05-21,117,91
1322,2024-05-24,149,50
1322,2024-05-26,170,91
1322,2024-05-28,194,70
1322,2024-05-29,61,104
1322,2024-06-08,281,109
1322,2024-06-11,290,203
1322,2024-06-18,94,114
1322,2024-06-20,198,117
1322,2024-06-21,325,170
1322,2024-06-25,305,180
1322,2024-06-27,247,89
1322,2024-07-06,107,165
1322,2024-07-09,132,127
1322,2024-07-10,80,58
1322,2024-07-12,203,171
1322,2024-07-16,316,62
1322,2024-07-17,260,137
1322,2024-08-01,140,116
1322,2024-08-07,308,99
1322,2024-08-08,309,78
1323,2024-05-20,78,113
1323,2024-05-21,146,66
1323,2024-05-22,63,33
1323,2024-05-28,177,109
1323,2024-06-03,109,92
1323,2024-06-11,257,79
1323,2024-06-18,85,234
1323,2024-06-29,216,163
1323,2024-07-05,238,57
1323,2024-07-09,219,212
1323,2024-07-11,140,152
1323,2024-07-13,185,166
1323,2024-07-16,90,186
1323,2024-07-17,313,176
1323,2024-07-18,218,53
1323,2024-07-21,270,172
1323,2024-07-23,295,198
1323,2024-07-24,108,82
1323,2024-07-25,310,73
1323,2024-07-26,118,154
1323,2024-07-27,171,87
1323,2024-07-30,122,226
1323,2024-08-03,242,128
1323,2024-08-06,131,93
1323,2024-08-10,162,52
1323,2024-08-12,158,238
1323,2024-08-13,153,108
1323,2024-08-16,306,219
1323,2024-08-19,324,126
1323,2024-08-21,129,175
1323,2024-08-22,294,219
1324,2024-05-10,134,37
1324,2024-05-11,55,64
1324,2024-05-12,48,63
1324,2024-05-15,74,76
1324,2024-05-19,156,98
1324,2024-05-21,138,148
1324,2024-05-22,122,95
1324,2024-05-25,75,148
1324,2024-05-28,84,137
1324,2024-05-31,81,35
1324,2024-06-02,243,81
1324,2024-06-06,317,68
1324,2024-06-14,344,97
1324,2024-06-21,106,232
1324,2024-07-02,324,89
1324,2024-07-08,301,90
1324,2024-07-09,254,211
1324,2024-07-13,134,187
1324,2024-07-14,215,222
1324,2024-07-15,180,172
1324,2024-07-20,291,96
1324,2024-07-22,297,185
1324,2024-07-26,333,130
1324,2024-07-28,155,66
1324,2024-07-29,169,112
1324,2024-07-31,312,90
1324,2024-08-04,337,176
1324,2024-08-09,193,136
1324,2024-08-11,350,127
1324,2024-08-12,100,92
1324,2024-08-14,231,117
1325,2024-05-14,42,43
1325,2024-05-17,168,94
1325,2024-05-21,131,88
1325,2024-05-23,73,21
1325,2024-05-25,104,73
1325,2024-05-28,117,85
1325,2024-06-01,86,95
1325,2024-06-15,332,101
1325,2024-06-18,96,153
1325,2024-06-20,301,114
1325,2024-06-25,107,200
1325,2024-06-27,249,165
1325,2024-07-02,122,227
1325,2024-07-04,117,58
1325,2024-07-13,110,224
1326,2024-05-15,72,100
1326,2024-05-16,134,35
1326,2024-05-18,133,90
1326,2024-05-20,179,77
1326,2024-05-22,146,56
1326,2024-05-23,95,130
1326,2024-05-26,52,97
1326,2024-05-27,86,143
1326,2024-05-28,71,73
1326,2024-05-29,106,82
1326,2024-05-30,182,136
1326,2024-06-03,344,221
1326,2024-06-04,336,102
1326,2024-06-05,225,162
1326,2024-06-06,126,57
1326,2024-06-14,241,129
1326,2024-06-17,211,193
1326,2024-06-26,93,241
1326,2024-07-03,82,143
1326,2024-07-05,327,187
1326,2024-07-09,217,80
1326,2024-07-14,302,57
1327,2024-05-17,172,130
1327,2024-05-24,167,133
1327,2024-05-26,98,128
1327,2024-05-27,117,106
1327,2024-05-30,133,48
1327,2024-06-02,224,212
1327,2024-06-07,108,203
1327,2024-06-12,151,187
1328,2024-05-10,65,105
1328,2024-05-16,59,114
1328,2024-05-17,128,58
1328,2024-05-20,200,99
1328,2024-05-26,167,146
1328,2024-05-28,140,34
1328,2024-05-30,181,88
1328,2024-06-02,186,190
1328,2024-06-05,268,189
1328,2024-06-06,345,106
1328,2024-06-08,257,140
1328,2024-06-20,206,157
1328,2024-06-21,114,219
1328,2024-06-23,273,208
1328,2024-06-27,99,155
1328,2024-06-30,309,223
1328,2024-07-01,124,161
1328,2024-07-03,97,113
1328,2024-07-08,342,203
1328,2024-07-16,233,225
1328,2024-07-24,177,192
1328,2024-07-28,274,230
1328,2024-08-03,137,111
1328,2024-08-13,111,77
1328,2024-08-16,172,82
1328,2024-08-20,132,151
1328,2024-08-23,139,84
1330,2024-05-13,122,64
1330,2024-05-15,178,142
1330,2024-05-16,149,69
1330,2024-05-17,150,93
1330,2024-05-21,115,58
1330,2024-05-23,150,93
1330,2024-05-25,199,135
1330,2024-06-08,244,151
1330,2024-06-10,304,57
1330,2024-06-12,105,80
1330,2024-06-13,332,54
1330,2024-06-14,252,242
1330,2024-06-17,287,89
1330,2024-06-18,210,135
1330,2024-06-19,179,176
1330,2024-06-24,183,117
1330,2024-07-04,173,102
1330,2024-07-05,159,112
1330,2024-07-06,296,78
1330,2024-07-09,346,190
1330,2024-07-13,269,157
1330,2024-07-20,308,186
1330,2024-07-27,94,80
1330,2024-08-03,112,115
1330,2024-08-06,234,127
1330,2024-08-10,268,64
1330,2024-08-12,176,237
1330,2024-08-26,168,75
1330,2024-08-29,195,219
1331,2024-05-14,53,48
1331,2024-05-20,133,31
1331,2024-05-23,41,37
1331,2024-05-27,139,25
1331,2024-05-28,164,90
1331,2024-05-30,68,65
1331,2024-06-06,120,135
1331,2024-06-09,220,103
1331,2024-06-11,323,72
1331,2024-06-13,125,85
1331,2024-06-25,336,109
1331,2024-06-27,137,227
1331,2024-06-28,184,238
1331,2024-06-29,184,205
1331,2024-07-04,328,164
1331,2024-07-06,158,64
1331,2024-07-07,338,163
1331,2024-07-11,80,154
1331,2024-07-12,295,62
1331,2024-07-16,154,137
1331,2024-07-19,155,204
1331,2024-07-20,210,145
1331,2024-07-27,130,92
1331,2024-08-04,331,152
1331,2024-08-05,295,80
1331,2024-08-07,177,169
1331,2024-08-08,91,167
1331,2024-08-11,271,114
1331,2024-08-13,324,161
1333,2024-05-18,66,126
1333,2024-05-22,181,60
1333,2024-05-26,111,30
1333,2024-05-27,110,48
1333,2024-05-28,133,39
1333,2024-05-30,152,100
1333,2024-06-05,149,214
1333,2024-06-16,156,246
1333,2024-06-20,285,218
1333,2024-06-25,133,233
1334,2024-05-11,164,93
1334,2024-05-15,148,56
1334,2024-05-16,41,111
1334,2024-05-18,124,74
1334,2024-05-20,103,120
1334,2024-05-21,146,117
1334,2024-05-23,149,22
1334,2024-05-26,180,134
1334,2024-05-29,100,43
1334,2024-06-10,207,207
1334,2024-06-11,310,94
1334,2024-06-12,210,69
1334,2024-06-17,229,204
1335,2024-05-10,200,34
1335,2024-05-22,91,105
1335,2024-05-23,96,55
1335,2024-05-24,54,45
1335,2024-05-26,117,88
1335,2024-05-27,51,133
1335,2024-05-28,193,39
1335,2024-05-31,186,57
1335,2024-06-04,185,138
1335,2024-06-06,118,161
1335,2024-06-16,201,217
1335,2024-06-19,193,185
1335,2024-06-22,312,229
1335,2024-06-24,230,147
1335,2024-06-29,270,121
1335,2024-06-30,254,241
1335,2024-07-05,178,126
1335,2024-07-13,136,60
1335,2024-07-18,314,217
1335,2024-07-21,346,190
1335,2024-07-22,304,89
1336,2024-05-13,160,147
1336,2024-05-14,144,148
1336,2024-05-19,149,115
1336,2024-05-22,94,141
1336,2024-05-23,188,21
1336,2024-05-25,139,110
1336,2024-05-27,48,73
1336,2024-06-05,115,197
1336,2024-06-10,326,187
1336,2024-06-17,99,196
1336,2024-06-18,219,237
1336,2024-06-21,202,227
1336,2024-06-23,186,126
1336,2024-06-24,98,100
1336,2024-06-30,336,50
1336,2024-07-01,203,196
1336,2024-07-02,193,81
1336,2024-07-04,348,82
1336,2024-07-10,207,218
1336,2024-07-12,256,193
1336,2024-07-13,213,231
1336,2024-07-16,99,65
1336,2024-07-18,125,51
1336,2024-07-24,178,71
1336,2024-07-28,298,139
1336,2024-08-06,238,149
1336,2024-08-08,115,162
1336,2024-08-10,343,188
1336,2024-08-11,330,119
1336,2024-08-12,107,166
1336,2024-08-14,340,97
1336,2024-08-15,290,119
1336,2024-08-16,326,76
1336,2024-08-18,114,93
1336,2024-08-21,335,72
1336,2024-08-22,306,92
1336,2024-08-27,159,139
1336,2024-09-07,227,168
1336,2024-09-08,260,100
1336,2024-09-10,165,84
1336,2024-09-16,258,148
1336,2024-09-18,206,88
1336,2024-09-20,179,158
1336,2024-09-21,143,116
1337,2024-05-11,159,128
1337,2024-05-16,97,63
1337,2024-05-17,142,32
1337,2024-05-25,153,59
1337,2024-05-31,125,71
1337,2024-06-04,281,143
1337,2024-06-05,170,210
1337,2024-06-06,138,165
1337,2024-06-08,111,215
1337,2024-06-09,164,164
1337,2024-06-13,83,142
1337,2024-06-15,137,201
1337,2024-06-16,231,154
1337,2024-06-17,104,184
1337,2024-06-20,338,123
1337,2024-06-24,310,80
1337,2024-06-25,216,159
1337,2024-06-28,217,217
1337,2024-06-30,115,71
1337,2024-07-03,86,52
1337,2024-07-05,97,160
1337,2024-07-08,147,55
1337,2024-07-24,326,117
1337,2024-07-31,283,88
1337,2024-08-02,168,237
1338,2024-05-12,164,81
1338,2024-05-13,199,142
1338,2024-05-16,85,99
1338,2024-05-18,186,27
1338,2024-05-24,113,89
1338,2024-05-27,113,127
1338,2024-05-29,173,83
1338,2024-06-02,264,186
1338,2024-06-03,142,165
1338,2024-06-05,293,90
1338,2024-06-06,173,155
1338,2024-06-07,216,215
1338,2024-06-08,260,89
1338,2024-06-11,296,75
1338,2024-06-12,238,223
1338,2024-06-13,97,196
1338,2024-06-20,319,177
1338,2024-06-21,87,203
1338,2024-07-09,133,130
1338,2024-07-11,100,171
1338,2024-07-13,129,242
1338,2024-07-17,164,170
1338,2024-07-21,196,87
1338,2024-07-24,224,103
1338,2024-07-27,249,72
1338,2024-07-28,81,246
1338,2024-08-04,293,192
1338,2024-08-07,291,55
1338,2024-08-11,249,136
1338,2024-08-13,218,178
1338,2024-08-15,328,213
1338,2024-08-17,110,56
1338,2024-08-20,119,66
1338,2024-08-22,244,195
1338,2024-09-06,289,160
1338,2024-09-07,267,115
1339,2024-05-15,106,85
1339,2024-05-19,157,115
1339,2024-05-21,67,84
1339,2024-05-25,112,42
1339,2024-05-26,93,42
1339,2024-05-27,174,93
1339,2024-05-30,56,101
1339,2024-05-31,119,31
1339,2024-06-01,292,186
1339,2024-06-13,274,107
1339,2024-06-15,139,180
1339,2024-06-16,299,138
1339,2024-06-24,329,244
1339,2024-06-25,201,144
1339,2024-06-30,122,143
1339,2024-07-02,243,143
1339,2024-07-03,251,112
1339,2024-07-06,349,114
1339,2024-07-07,112,156
1339,2024-07-11,319,114
1339,2024-07-17,135,220
1339,2024-07-25,334,108
1339,2024-07-27,128,157
1339,2024-07-28,324,219
1339,2024-08-02,113,158
1339,2024-08-03,85,114
1339,2024-08-15,307,213
1339,2024-08-21,189,171
1339,2024-08-25,129,120
1339,2024-08-30,184,86
1339,2024-09-01,293,191
1339,2024-09-03,179,88
1339,2024-09-09,217,61
1339,2024-09-15,183,108
1339,2024-09-17,271,96
1339,2024-09-20,113,115
1339,2024-09-24,145,93
1339,2024-09-25,191,149
1339,2024-09-29,164,62
1340,2024-05-17,42,91
1340,2024-05-19,56,100
1340,2024-05-21,132,105
1340,2024-05-22,161,77
1340,2024-05-26,55,107
1340,2024-05-27,44,53
1340,2024-05-28,83,91
1340,2024-05-31,141,125
1340,2024-06-06,320,88
1340,2024-06-07,320,244
1340,2024-06-10,338,191
1340,2024-06-20,288,229
1340,2024-06-27,199,119
1340,2024-07-02,288,169
1340,2024-07-06,215,191
1340,2024-07-07,343,184
1340,2024-07-08,137,164
1340,2024-07-11,201,109
1340,2024-07-18,254,193
1340,2024-07-22,83,72
1340,2024-07-25,331,225
1340,2024-07-28,168,104
1340,2024-08-06,347,221
1340,2024-08-07,212,238
1340,2024-08-09,148,57
1340,2024-08-10,91,91
1340,2024-08-11,106,199
1342,2024-05-16,186,48
1342,2024-05-22,103,23
1342,2024-05-25,58,31
1342,2024-05-28,131,34
1342,2024-05-30,169,112
1342,2024-05-31,69,34
1342,2024-06-01,178,101
1342,2024-06-02,131,195
1342,2024-06-05,103,132
1342,2024-06-06,208,197
1342,2024-06-08,288,78
1342,2024-06-10,179,127
1342,2024-06-13,295,190
1342,2024-06-15,130,82
1342,2024-06-21,152,214
1342,2024-06-22,288,99
1342,2024-06-27,130,64
1342,2024-06-28,132,198
1342,2024-06-29,335,160
1342,2024-07-02,307,203
1342,2024-07-05,216,183
1342,2024-07-06,318,179
1342,2024-07-07,279,103
1342,2024-07-08,245,240
1342,2024-07-09,193,76
1342,2024-07-14,262,58
1342,2024-07-16,292,233
1342,2024-07-20,199,97
1342,2024-07-23,268,154
1342,2024-07-28,133,115
1342,2024-08-03,192,165
1342,2024-08-04,309,171
1342,2024-08-06,235,203
1342,2024-08-08,96,86
1342,2024-08-09,214,225
1342,2024-08-11,120,132
1342,2024-08-27,100,205
1343,2024-05-23,179,140
1343,2024-05-26,83,146
1343,2024-05-29,193,137
1343,2024-06-04,273,76
1343,2024-06-05,297,226
1343,2024-06-06,221,96
1343,2024-06-10,324,65
1343,2024-06-11,246,78
1343,2024-06-15,110,185
1343,2024-06-21,206,189
1343,2024-06-25,324,174
1343,2024-07-03,279,59
1343,2024-07-09,282,248
1343,2024-07-13,174,94
1343,2024-07-21,164,226
1343,2024-07-22,198,195
1343,2024-07-25,272,223
1343,2024-07-26,122,58
1343,2024-07-27,212,164
1343,2024-07-30,350,195
1343,2024-08-02,345,220
1343,2024-08-03,239,240
1343,2024-08-05,335,236
1343,2024-08-06,233,77
1343,2024-08-07,94,154
1343,2024-08-08,126,193
1344,2024-05-19,72,32
1344,2024-05-20,60,45
1344,2024-05-21,131,31
1344,2024-05-23,139,36
1344,2024-05-25,140,33
1344,2024-05-26,115,42
1344,2024-05-27,63,30
1344,2024-05-29,69,45
1344,2024-05-30,153,47
1344,2024-05-31,78,127
1344,2024-06-01,146,237
1344,2024-06-14,210,193
1344,2024-06-15,260,52
1344,2024-06-19,264,128
1344,2024-06-20,263,86
1344,2024-06-22,242,216
1344,2024-06-23,329,195
1344,2024-06-24,327,92
1344,2024-06-25,133,183
1344,2024-06-26,239,177
1344,2024-06-30,133,205
1344,2024-07-02,89,212
1344,2024-07-03,284,161
1344,2024-07-04,347,248
1344,2024-07-07,151,165
1344,2024-07-12,149,144
1344,2024-07-16,166,188
1344,2024-07-25,297,106
1344,2024-07-31,184,69
1344,2024-08-08,120,207
1344,2024-08-09,239,60
1345,2024-05-14,131,73
1345,2024-05-15,177,58
1345,2024-05-17,59,134
1345,2024-05-20,163,68
1345,2024-05-22,169,52
1345,2024-05-24,96,42
1345,2024-05-25,122,54
1345,2024-06-06,243,126
1345,2024-06-08,247,207
1345,2024-06-09,241,231
1345,2024-06-10,145,152
1345,2024-06-27,234,91
1345,2024-06-29,113,136
1345,2024-07-01,231,158
1345,2024-07-03,305,154
1345,2024-07-05,278,123
1345,2024-07-07,196,120
1345,2024-07-09,312,108
1345,2024-07-16,107,179
1345,2024-07-22,103,57
1345,2024-07-23,223,208
1345,2024-07-26,171,244
1345,2024-08-02,263,123
1345,2024-08-03,143,96
1345,2024-08-05,221,170
1345,2024-08-06,241,126
1345,2024-08-11,255,239
1345,2024-08-15,260,228
1345,2024-08-20,98,95
1346,2024-05-15,150,89
1346,2024-05-19,69,114
1346,2024-05-21,66,89
1346,2024-05-22,125,80
1346,2024-05-25,134,102
1346,2024-05-27,87,122
1346,2024-05-28,67,149
1346,2024-06-01,215,215
1346,2024-06-05,103,56
1346,2024-06-10,219,176
1346,2024-06-17,343,102
1346,2024-06-18,132,54
1346,2024-06-21,215,172
1346,2024-06-23,141,110
1346,2024-06-24,284,146
1346,2024-06-30,202,197
1346,2024-07-01,221,80
1346,2024-07-09,304,244
1346,2024-07-11,209,207
1346,2024-07-13,236,62
1346,2024-07-16,265,97
1346,2024-07-21,274,133
1346,2024-07-25,175,197
1346,2024-07-27,219,118
1346,2024-08-04,160,215
1346,2024-08-06,119,244
1346,2024-08-08,337,158
1346,2024-08-12,335,250
1346,2024-08-14,200,91
1346,2024-08-19,311,65
1346,2024-08-22,230,205
1346,2024-08-24,155,135
1346,2024-08-25,98,50
1346,2024-08-26,214,97
1346,2024-09-03,278,153
1346,2024-09-05,115,103
1346,2024-09-07,227,129
1346,2024-09-10,231,111
1346,2024-09-15,262,143
1346,2024-09-17,156,144
1346,2024-09-19,214,68
1346,2024-09-20,274,105
1346,2024-09-22,108,116
1346,2024-09-23,172,102
1346,2024-09-26,241,111
1346,2024-09-28,111,170
1348,2024-05-14,155,26
1348,2024-05-17,89,137
1348,2024-05-18,119,130
1348,2024-05-19,76,118
1348,2024-05-20,193,39
1348,2024-05-25,65,148
1348,2024-05-28,146,125
1348,2024-05-31,58,106
1348,2024-06-02,227,147
1348,2024-06-05,233,111
1348,2024-06-06,169,59
1348,2024-06-08,216,241
1348,2024-06-10,195,92
1348,2024-06-12,196,235
1348,2024-06-15,109,246
1348,2024-06-18,296,76
1348,2024-06-19,283,77
1348,2024-06-21,289,50
1348,2024-06-24,264,102
1348,2024-06-26,236,171
1348,2024-06-27,157,54
1348,2024-06-28,254,93
1348,2024-07-06,81,102
1349,2024-05-15,197,113
1349,2024-05-16,167,24
1349,2024-05-17,73,27
1349,2024-05-19,169,51
1349,2024-05-28,148,84
1349,2024-05-30,92,39
1349,2024-06-03,348,53
1349,2024-06-04,125,228
1349,2024-06-15,315,183
1349,2024-06-20,273,75
1349,2024-07-04,308,129
1349,2024-07-06,257,88
1349,2024-07-10,84,233
1349,2024-07-11,81,91
1349,2024-07-12,123,230
1349,2024-07-18,190,85
1349,2024-07-20,282,233
1349,2024-07-21,347,179
1349,2024-07-22,117,127
1349,2024-07-26,316,168
1349,2024-07-27,262,121
1349,2024-07-28,185,190
1349,2024-07-31,147,232
1350,2024-05-12,100,68
1350,2024-05-14,59,85
1350,2024-05-17,181,32
1350,2024-05-18,175,58
1350,2024-05-19,83,56
1350,2024-05-26,81,95
1350,2024-05-27,161,75
1350,2024-05-28,194,105
1350,2024-05-29,70,75
1350,2024-05-30,67,116
1350,2024-06-04,259,79
1350,2024-06-05,81,207
1350,2024-06-12,171,182
1350,2024-06-14,292,147
1350,2024-06-21,313,97
1350,2024-06-28,188,86
1350,2024-07-01,277,194
1350,2024-07-07,174,96
1350,2024-07-10,140,222
1350,2024-07-12,299,80
1350,2024-07-13,224,153
1350,2024-07-16,283,247
1350,2024-07-17,333,160
1350,2024-07-18,239,113
1350,2024-07-21,307,178
1350,2024-07-23,98,168
1351,2024-05-14,76,138
1351,2024-05-15,91,142
1351,2024-05-16,41,140
1351,2024-05-17,193,108
1351,2024-05-20,122,113
1351,2024-05-27,160,121
1351,2024-05-28,92,100
1351,2024-06-02,251,171
1351,2024-06-10,324,55
1351,2024-06-11,108,170
1351,2024-06-17,124,186
1351,2024-06-27,245,131
1351,2024-06-28,349,248
1351,2024-06-29,333,222
1351,2024-07-02,167,121
1351,2024-07-13,221,186
1351,2024-07-18,234,194
1351,2024-07-27,166,211
1351,2024-07-29,228,188
1351,2024-08-04,350,102
1351,2024-08-14,112,192
1351,2024-08-15,316,90
1351,2024-08-28,139,119
1351,2024-08-29,273,91
1352,2024-05-17,91,138
1352,2024-05-18,41,25
1352,2024-05-21,165,148
1352,2024-05-24,154,76
1352,2024-05-26,100,64
1352,2024-05-27,120,108
1352,2024-05-29,48,54
1352,2024-05-31,53,71
1352,2024-06-03,138,239
1352,2024-06-05,330,53
1352,2024-06-12,277,154
1352,2024-06-13,196,206
1352,2024-06-14,332,166
1352,2024-06-17,147,240
1352,2024-06-20,163,179
1352,2024-06-25,117,165
1352,2024-06-29,308,222
1352,2024-07-03,255,179
1352,2024-07-05,251,249
1353,2024-05-09,150,51
1353,2024-05-10,77,30
1353,2024-05-13,168,98
1353,2024-05-14,41,122
1353,2024-05-17,53,141
1353,2024-05-18,118,58
1353,2024-05-20,85,84
1353,2024-05-25,157,101
1353,2024-05-27,103,129
1353,2024-05-30,183,139
1353,2024-06-03,255,164
1353,2024-06-06,105,220
1353,2024-06-07,266,76
1353,2024-06-08,333,246
1353,2024-06-09,280,105
1353,2024-06-29,149,75
1353,2024-06-30,250,166
1353,2024-07-02,179,132
1353,2024-07-06,337,189
1353,2024-07-07,207,73
1353,2024-07-08,260,50
1353,2024-07-09,113,133
1353,2024-07-16,148,170
1353,2024-07-17,196,118
1353,2024-07-21,104,140
1353,2024-07-27,120,215
1353,2024-07-28,103,118
1353,2024-07-31,322,59
1353,2024-08-01,219,186
1353,2024-08-03,200,76
1353,2024-08-04,198,108
1353,2024-08-05,166,85
1353,2024-08-16,87,175
1354,2024-05-14,129,145
1354,2024-05-17,44,82
1354,2024-05-18,98,84
1354,2024-05-19,80,84
1354,2024-05-23,155,25
1354,2024-05-25,82,90
1354,2024-06-03,122,158
1354,2024-06-04,141,167
1354,2024-06-10,160,180
1354,2024-06-12,344,174
1354,2024-06-14,281,121
1354,2024-06-15,166,227
1354,2024-06-23,346,170
1354,2024-07-08,332,219
1354,2024-07-10,235,118
1354,2024-07-11,310,96
1354,2024-07-20,108,213
1354,2024-07-26,161,182
1354,2024-07-27,193,216
1354,2024-07-30,221,103
1354,2024-08-01,343,131
1354,2024-08-02,338,141
1355,2024-05-16,125,106
1355,2024-05-24,154,79
1355,2024-05-26,192,46
1355,2024-05-29,153,140
1355,2024-06-03,290,140
1355,2024-06-11,289,124
1355,2024-06-12,118,108
1355,2024-06-16,130,80
1355,2024-06-21,276,212
1355,2024-06-24,333,244
1355,2024-06-28,345,115
1355,2024-06-29,81,69
1355,2024-07-02,211,121
1355,2024-07-11,170,155
1355,2024-07-12,152,163
1355,2024-07-14,121,125
1355,2024-07-15,177,229
1355,2024-07-20,245,62
1355,2024-07-22,226,57
1355,2024-07-25,121,214
1355,2024-07-26,105,238
1355,2024-08-01,268,227
1355,2024-08-04,316,217
1355,2024-08-06,233,108
1356,2024-05-11,174,79
1356,2024-05-14,101,138
1356,2024-05-17,77,139
1356,2024-05-18,122,68
1356,2024-05-23,169,123
1356,2024-05-25,170,109
1356,2024-05-26,164,110
1356,2024-05-28,56,46
1356,2024-05-29,174,99
1356,2024-06-07,185,101
1356,2024-06-08,126,125
1356,2024-06-09,182,114
1356,2024-06-10,266,82
1356,2024-06-11,281,198
1356,2024-06-12,188,213
1356,2024-06-14,334,205
1356,2024-07-02,304,61
1356,2024-07-04,150,126
1356,2024-07-05,153,124
1356,2024-07-13,212,158
1357,2024-05-11,120,21
1357,2024-05-12,42,115
1357,2024-05-14,166,138
1357,2024-05-17,121,73
1357,2024-05-24,46,46
1357,2024-05-26,114,111
1357,2024-05-27,71,121
1357,2024-06-12,315,186
1357,2024-06-17,249,133
1358,2024-05-16,56,44
1358,2024-05-17,91,88
1358,2024-05-18,79,117
1358,2024-05-20,50,121
1358,2024-05-22,162,35
1358,2024-05-26,130,79
1358,2024-05-29,178,131
1358,2024-05-31,94,44
1358,2024-06-02,251,83
1358,2024-06-09,345,156
1358,2024-06-10,120,97
1358,2024-06-17,272,232
1358,2024-06-21,284,99
1358,2024-06-24,113,229
1358,2024-07-03,265,104
1358,2024-07-04,310,225
1358,2024-07-10,282,153
1358,2024-07-11,344,243
1358,2024-07-13,210,90
1358,2024-07-15,149,139
1358,2024-07-17,224,233
1358,2024-07-19,254,66
1358,2024-07-22,143,50
1358,2024-07-25,205,164
1358,2024-07-27,256,61
1358,2024-07-29,272,166
1358,2024-07-31,227,98
1358,2024-08-05,305,140
1358,2024-08-08,152,163
1358,2024-08-22,277,227
1358,2024-08-30,329,76
1358,2024-09-07,266,68
1358,2024-09-09,187,99
1358,2024-09-13,208,192
1358,2024-09-14,103,137
1358,2024-09-23,147,108
1358,2024-09-28,213,120
1358,2024-09-29,202,73
1358,2024-09-30,276,68
1359,2024-05-18,192,95
1359,2024-05-20,116,93
1359,2024-05-21,161,143
1359,2024-05-23,147,66
1359,2024-05-26,109,45
1359,2024-05-29,161,33
1359,2024-06-02,256,206
1359,2024-06-03,237,225
1359,2024-06-04,138,113
1359,2024-06-06,234,96
1359,2024-06-08,276,220
1359,2024-06-20,130,59
1359,2024-06-23,136,215
1359,2024-06-24,179,62
1359,2024-06-30,192,207
1359,2024-07-01,241,235
1359,2024-07-03,253,56
1359,2024-07-07,288,104
1359,2024-07-08,292,241
1359,2024-07-09,252,239
1359,2024-07-15,122,106
1359,2024-07-18,147,183
1359,2024-08-03,289,245
1359,2024-08-04,283,244
1359,2024-08-06,107,61
1359,2024-08-09,349,88
1359,2024-08-21,135,214
1359,2024-08-23,182,249
1359,2024-08-25,149,181
1359,2024-08-26,167,221
1359,2024-08-28,256,68
1359,2024-08-29,227,99
1359,2024-09-08,149,131
1359,2024-09-11,222,60
1359,2024-09-13,241,122
1359,2024-09-16,164,189
1360,2024-05-10,135,87
1360,2024-05-11,144,67
1360,2024-05-15,123,132
1360,2024-05-16,143,109
1360,2024-05-19,114,79
1360,2024-05-20,136,99
1360,2024-05-23,113,146
1360,2024-05-25,69,132
1360,2024-05-30,92,32
1360,2024-06-01,318,219
1360,2024-06-04,81,66
1360,2024-06-07,205,85
1360,2024-06-21,202,145
1360,2024-07-01,299,240
1360,2024-07-04,106,206
1360,2024-07-06,127,116
1360,2024-07-08,267,120
1360,2024-07-10,232,57
1360,2024-07-12,303,118
1360,2024-07-27,138,166
1360,2024-08-03,188,128
1361,2024-05-10,174,129
1361,2024-05-12,111,108
1361,2024-05-15,44,84
1361,2024-05-19,99,126
1361,2024-05-22,95,33
1361,2024-05-23,92,109
1361,2024-05-24,115,93
1361,2024-05-25,47,108
1361,2024-05-26,69,140
1361,2024-05-27,125,91
1361,2024-05-28,45,140
1361,2024-05-30,178,75
1361,2024-06-02,192,212
1361,2024-06-10,224,67
1361,2024-06-12,113,89
1361,2024-06-18,260,170
1361,2024-06-20,341,123
1361,2024-07-14,175,85
1361,2024-07-19,179,130
1361,2024-07-20,264,159
1361,2024-07-22,241,168
1361,2024-07-25,281,143
1361,2024-07-26,98,235
1361,2024-08-05,154,76
1361,2024-08-09,120,102
1361,2024-08-11,268,170
1361,2024-08-13,191,234
1361,2024-08-15,100,138
1361,2024-08-16,289,104
1361,2024-08-19,302,146
1361,2024-08-21,160,245
1361,2024-08-22,337,201
1362,2024-05-24,150,21
1362,2024-05-30,150,88
1362,2024-06-03,204,111
1362,2024-06-16,322,191
1363,2024-05-20,160,83
1363,2024-05-22,66,109
1363,2024-05-26,155,49
1363,2024-05-30,166,44
1363,2024-06-02,186,150
1363,2024-06-04,229,209
1363,2024-06-05,146,94
1363,2024-06-06,192,174
1363,2024-06-19,234,169
1363,2024-06-20,217,160
1363,2024-06-22,335,75
1363,2024-06-25,122,170
1363,2024-06-26,192,250
1363,2024-07-03,289,92
1363,2024-07-18,129,213
1363,2024-07-19,268,197
1363,2024-07-28,283,130
1363,2024-07-31,281,181
1363,2024-08-03,129,223
1363,2024-08-04,260,250
1363,2024-08-05,261,79
1367,2024-05-15,66,126
1367,2024-05-18,151,95
1367,2024-05-20,85,100
1367,2024-05-24,50,68
1367,2024-05-27,44,106
1367,2024-05-28,98,61
1367,2024-05-29,49,134
1367,2024-06-02,214,218
1367,2024-06-08,314,217
1367,2024-06-09,283,242
1367,2024-06-14,238,139
1367,2024-06-15,332,227
1367,2024-06-23,288,233
1367,2024-07-22,230,88
1367,2024-07-27,124,55
1367,2024-07-28,83,161
1367,2024-07-31,294,238
1367,2024-08-20,247,208
1367,2024-08-22,256,73
1367,2024-08-23,307,73
1367,2024-08-25,137,102
1367,2024-08-27,190,244
1367,2024-08-28,282,138
1367,2024-08-30,290,54
1367,2024-08-31,86,127
1367,2024-09-02,109,117
1367,2024-09-11,114,81
1367,2024-09-16,287,124
1367,2024-09-17,110,134
1367,2024-09-19,293,93
1368,2024-05-15,137,100
1368,2024-05-16,66,77
1368,2024-05-18,144,68
1368,2024-05-19,61,113
1368,2024-05-20,192,106
1368,2024-05-22,105,51
1368,2024-05-27,74,145
1368,2024-05-31,63,135
1368,2024-06-02,160,73
1368,2024-06-12,138,182
1368,2024-06-17,308,72
1368,2024-06-18,117,179
1368,2024-06-20,191,72
1368,2024-06-26,89,182
1368,2024-07-01,233,89
1368,2024-07-06,283,104
1368,2024-07-07,253,224
1368,2024-07-10,96,168
1368,2024-07-11,155,223
1368,2024-07-18,244,208
1368,2024-07-26,174,89
1368,2024-07-30,172,127
1368,2024-08-07,166,50
1368,2024-08-09,163,104
1368,2024-08-11,134,139
1368,2024-08-23,127,221
1368,2024-08-27,271,141
1368,2024-08-29,152,124
1369,2024-05-17,149,117
1369,2024-05-21,147,62
1369,2024-05-22,84,137
1369,2024-05-26,151,138
1369,2024-05-27,74,31
1369,2024-05-29,83,101
1369,2024-05-30,76,95
1369,2024-06-01,193,209
1369,2024-06-04,113,55
1369,2024-06-05,238,58
1369,2024-06-10,323,131
1369,2024-06-11,282,195
1369,2024-06-12,100,139
1369,2024-06-21,339,228
1369,2024-06-23,251,141
1369,2024-06-29,176,119
1369,2024-07-03,158,68
1369,2024-07-06,243,194
1369,2024-07-07,328,213
1369,2024-07-17,121,250
1369,2024-07-22,229,238
1369,2024-07-25,212,246
1369,2024-07-28,341,225
1369,2024-07-29,245,198
1369,2024-08-09,317,155
1369,2024-08-11,154,59
1369,2024-08-20,237,150
1369,2024-08-23,104,157
1369,2024-09-01,185,178
1369,2024-09-02,128,75
1369,2024-09-03,276,120
1369,2024-09-08,129,133
1369,2024-09-10,191,161
1370,2024-05-19,195,138
1370,2024-05-22,145,133
1370,2024-05-25,78,46
1370,2024-05-26,78,27
1370,2024-05-29,42,47
1370,2024-05-31,79,127
1370,2024-06-01,161,79
1370,2024-06-02,349,218
1370,2024-06-04,318,217
1370,2024-06-06,168,231
1370,2024-06-11,259,181
1370,2024-06-14,179,112
1370,2024-06-16,137,87
1370,2024-06-18,186,54
1370,2024-06-20,108,53
1370,2024-06-22,137,214
1370,2024-06-23,345,212
1370,2024-06-29,110,104
1370,2024-07-08,213,101
1370,2024-07-18,127,80
1370,2024-07-19,207,243
1370,2024-07-20,199,211
1370,2024-07-21,266,128
1370,2024-07-28,337,165
1370,2024-08-04,238,244
1370,2024-08-13,88,54
1370,2024-08-18,163,102
1370,2024-08-20,294,173
1370,2024-08-24,249,90
1370,2024-08-27,291,234
1370,2024-08-28,227,124
1370,2024-09-03,166,62
1370,2024-09-05,249,174
1370,2024-09-07,245,99
1370,2024-09-08,254,82
1370,2024-09-09,227,97
1370,2024-09-12,215,86
1370,2024-09-20,152,165
1371,2024-05-21,126,145
1371,2024-05-22,43,149
1371,2024-05-28,76,82
1371,2024-06-01,286,138
1371,2024-06-12,232,105
1371,2024-06-13,350,200
1371,2024-06-15,108,213
1371,2024-06-22,94,103
1371,2024-06-25,298,228
1371,2024-07-06,301,64
1371,2024-07-07,98,234
1371,2024-07-12,119,107
1371,2024-07-14,149,51
1371,2024-07-15,195,223
1371,2024-07-16,177,128
1371,2024-07-18,136,202
1371,2024-07-20,337,214
1371,2024-07-22,184,112
1371,2024-07-24,303,57
1371,2024-07-29,261,180
1371,2024-07-30,162,197
1371,2024-08-03,171,140
1371,2024-08-05,201,170
1371,2024-08-06,254,189
1371,2024-08-12,281,113
1371,2024-08-15,309,248
1372,2024-05-30,116,67
1372,2024-05-31,148,73
1372,2024-06-03,94,83
1372,2024-06-06,215,70
1372,2024-06-07,259,162
1372,2024-06-16,253,124
1372,2024-06-17,335,210
1372,2024-06-21,91,92
1372,2024-06-24,128,56
1372,2024-06-25,149,178
1372,2024-07-01,321,130
1372,2024-07-17,328,58
1372,2024-07-18,339,241
1373,2024-05-13,103,126
1373,2024-05-14,117,83
1373,2024-05-15,197,149
1373,2024-05-18,174,79
1373,2024-05-21,56,111
1373,2024-05-22,138,33
1373,2024-05-23,180,95
1373,2024-05-25,79,147
1373,2024-05-28,104,30
1373,2024-05-29,111,121
1373,2024-05-30,143,70
1373,2024-06-03,294,209
1373,2024-06-04,115,191
1373,2024-06-10,235,93
1373,2024-06-14,269,159
1373,2024-06-15,236,184
1373,2024-06-20,233,148
1373,2024-06-21,239,119
1373,2024-06-26,331,62
1373,2024-06-27,349,86
1373,2024-06-30,277,202
1373,2024-07-05,152,60
1373,2024-07-11,162,50
1373,2024-07-16,287,163
1373,2024-07-17,96,146
1373,2024-07-23,265,154
1373,2024-07-27,256,238
1373,2024-07-29,316,198
1373,2024-08-02,262,240
1373,2024-08-03,211,193
1373,2024-08-04,345,202
1373,2024-08-08,159,166
1373,2024-08-22,225,116
1374,2024-05-11,72,44
1374,2024-05-13,164,71
1374,2024-05-18,164,133
1374,2024-05-19,143,140
1374,2024-05-20,100,38
1374,2024-05-21,195,22
1374,2024-05-22,72,73
1374,2024-05-23,42,26
1374,2024-05-26,78,62
1374,2024-05-28,52,102
1374,2024-05-29,144,125
1374,2024-06-07,187,201
1374,2024-06-12,256,212
1374,2024-06-16,312,214
1374,2024-06-17,296,56
1374,2024-06-19,212,116
1374,2024-06-20,299,180
1374,2024-06-24,238,114
1374,2024-06-27,298,140
1375,2024-05-19,97,51
1375,2024-05-20,78,69
1375,2024-05-21,63,95
1375,2024-05-24,85,110
1375,2024-06-01,240,61
1375,2024-06-03,158,127
1375,2024-06-07,262,59
1375,2024-06-11,267,200
1375,2024-06-17,204,170
1375,2024-06-21,258,94
1375,2024-06-23,308,199
1376,2024-05-14,153,110
1376,2024-05-15,63,105
1376,2024-05-17,87,92
1376,2024-05-21,121,58
1376,2024-05-24,95,128
1376,2024-05-26,116,53
1376,2024-05-27,71,58
1376,2024-05-29,182,147
1376,2024-06-04,234,108
1376,2024-06-05,316,73
1376,2024-06-15,278,77
1376,2024-06-16,83,95
1376,2024-06-17,346,75
1376,2024-06-19,309,216
1376,2024-06-25,206,240
1376,2024-06-30,349,106
1376,2024-07-02,182,125
1376,2024-07-10,335,210
1376,2024-07-12,174,188
1376,2024-07-15,256,195
1376,2024-07-19,285,70
1376,2024-07-21,262,191
1376,2024-08-02,95,59
1376,2024-08-04,134,60
1376,2024-08-06,167,250
1376,2024-08-08,348,192
1376,2024-08-11,312,173
1376,2024-08-12,240,234
1377,2024-05-08,86,141
1377,2024-05-09,144,32
1377,2024-05-10,48,99
1377,2024-05-11,77,66
1377,2024-05-12,174,109
1377,2024-05-21,196,91
1377,2024-05-23,173,44
1377,2024-05-25,85,59
1377,2024-05-28,168,56
1377,2024-05-29,164,67
1377,2024-05-31,56,138
1377,2024-06-01,320,184
1377,2024-06-02,190,135
1377,2024-06-07,98,141
1377,2024-06-15,329,138
1377,2024-06-23,134,147
1377,2024-06-25,297,89
1377,2024-06-26,187,144
1377,2024-07-06,187,186
1377,2024-07-07,134,193
1377,2024-07-09,191,133
1377,2024-07-10,327,93
1377,2024-07-26,128,123
1377,2024-07-28,189,182
1377,2024-08-02,258,232
1377,2024-08-06,111,61
1377,2024-08-13,186,74
1377,2024-08-28,235,113
1377,2024-08-29,80,199
1377,2024-09-05,113,187
1377,2024-09-06,195,159
1377,2024-09-07,248,91
1377,2024-09-12,124,195
1377,2024-09-19,136,78
1377,2024-09-28,276,92
1377,2024-09-29,264,60
1380,2024-05-15,155,95
1380,2024-05-21,48,116
1380,2024-05-22,165,124
1380,2024-05-26,114,107
1380,2024-05-27,99,32
1380,2024-05-28,122,42
1380,2024-06-02,135,182
1380,2024-06-04,228,165
1380,2024-06-15,172,65
1380,2024-06-16,147,138
1380,2024-06-17,82,247
1380,2024-06-23,307,197
1380,2024-06-26,222,212
1380,2024-06-28,301,172
1380,2024-07-09,269,96
1380,2024-07-11,144,120
1380,2024-07-13,294,66
1380,2024-07-17,158,141
1381,2024-05-16,191,113
1381,2024-05-20,152,110
1381,2024-05-22,133,49
1381,2024-05-24,97,149
1381,2024-05-26,87,56
1381,2024-05-27,89,88
1381,2024-06-04,235,245
1381,2024-06-09,336,156
1381,2024-06-17,241,218
1381,2024-06-20,214,174
1381,2024-06-21,190,163
1381,2024-06-26,128,71
1381,2024-06-29,257,232
1381,2024-07-01,261,107
1381,2024-07-07,234,143
1381,2024-07-11,90,190
1381,2024-07-13,172,77
1381,2024-07-14,100,64
1381,2024-07-15,308,188
1381,2024-07-17,282,101
1381,2024-07-23,102,163
1381,2024-07-24,98,135
1381,2024-07-29,150,59
1381,2024-08-05,141,191
1381,2024-08-08,247,244
1381,2024-08-24,127,248
1381,2024-08-27,331,58
1381,2024-08-30,168,66
1381,2024-09-02,200,167
1381,2024-09-04,190,114
1381,2024-09-05,241,199
1381,2024-09-07,139,91
1381,2024-09-08,222,83
1381,2024-09-09,295,114
1382,2024-05-10,191,58
1382,2024-05-11,105,108
1382,2024-05-14,198,66
1382,2024-05-16,64,120
1382,2024-05-23,144,150
1382,2024-05-26,175,111
1382,2024-05-29,126,48
1382,2024-06-04,103,52
1382,2024-06-07,242,76
1382,2024-06-10,111,204
1382,2024-06-13,313,95
1382,2024-06-16,272,69
1382,2024-06-19,83,65
1382,2024-06-22,222,154
1382,2024-06-23,149,65
1382,2024-06-28,303,103
1382,2024-06-29,299,153
1382,2024-06-30,235,123
1382,2024-07-02,158,152
1382,2024-07-04,110,188
1382,2024-07-17,178,56
1382,2024-07-18,347,67
1382,2024-07-19,251,196
1382,2024-07-20,120,126
1382,2024-07-25,285,67
1382,2024-07-29,280,140
1382,2024-08-04,126,167
1382,2024-08-08,273,164
1382,2024-08-12,247,205
1382,2024-08-13,144,221
1382,2024-08-17,99,160
1382,2024-08-18,304,135
1382,2024-08-19,303,215
1382,2024-08-20,337,138
1382,2024-08-25,240,222
1382,2024-08-30,218,203
1382,2024-09-04,202,166
1382,2024-09-05,234,114
1382,2024-09-12,174,131
1383,2024-05-10,62,126
1383,2024-05-14,108,21
1383,2024-05-19,146,105
1383,2024-05-22,46,61
1383,2024-05-24,85,95
1383,2024-05-25,118,84
1383,2024-05-27,133,137
1383,2024-05-28,171,107
1383,2024-05-29,157,81
1383,2024-06-06,247,199
1383,2024-06-09,310,64
1383,2024-06-10,192,58
1383,2024-06-15,184,121
1383,2024-06-23,82,119
1383,2024-06-24,262,99
1383,2024-07-01,272,80
1383,2024-07-13,118,188
1384,2024-05-18,92,87
1384,2024-05-19,187,67
1384,2024-05-21,151,111
1384,2024-05-23,168,60
1384,2024-05-24,165,26
1384,2024-05-25,93,99
1384,2024-05-27,101,25
1384,2024-05-28,46,25
1384,2024-05-31,45,78
1384,2024-06-02,96,56
1384,2024-06-03,174,88
1384,2024-06-04,249,225
1384,2024-06-13,141,239
1384,2024-06-14,253,245
1384,2024-06-19,319,213
1384,2024-06-23,327,206
1384,2024-07-01,178,87
1384,2024-07-12,247,61
1384,2024-07-13,303,68
1384,2024-07-14,199,212
1386,2024-05-18,128,22
1386,2024-05-21,71,86
1386,2024-05-27,65,149
1386,2024-06-06,144,51
1386,2024-06-08,205,170
1386,2024-06-20,278,154
1386,2024-06-29,178,156
1386,2024-07-03,262,69
1386,2024-07-05,278,129
1386,2024-07-06,161,238
1386,2024-07-15,320,130
1386,2024-07-16,235,134
1386,2024-07-17,325,93
1386,2024-07-18,308,177
1386,2024-07-23,290,123
1386,2024-07-25,187,144
1386,2024-08-02,81,92
1386,2024-08-07,229,88
1386,2024-08-13,275,132
1387,2024-05-13,173,134
1387,2024-05-18,167,127
1387,2024-05-23,154,148
1387,2024-06-27,336,151
1387,2024-06-29,136,103
1387,2024-07-09,204,111
1387,2024-07-15,237,187
1387,2024-07-16,294,198
1387,2024-07-23,324,134
1387,2024-07-25,186,224
1387,2024-07-28,182,74
1387,2024-08-09,259,100
1387,2024-08-11,220,85
1387,2024-08-15,113,219
1387,2024-08-17,177,233
1387,2024-08-24,177,218
1387,2024-09-05,103,105
1387,2024-09-08,216,115
1387,2024-09-09,209,90
1387,2024-09-14,181,76
1387,2024-09-19,148,136
1388,2024-05-12,151,138
1388,2024-05-13,137,50
1388,2024-05-14,139,47
1388,2024-05-15,168,99
1388,2024-05-16,170,129
1388,2024-05-20,170,133
1388,2024-05-21,103,87
1388,2024-05-22,164,99
1388,2024-05-29,106,147
1388,2024-06-06,335,157
1388,2024-06-15,198,62
1388,2024-06-21,240,148
1388,2024-06-22,87,113
1388,2024-07-04,327,96
1388,2024-07-06,216,94
1388,2024-07-08,110,112
1388,2024-07-10,123,197
1390,2024-05-16,144,55
1390,2024-05-18,194,95
1390,2024-05-20,60,75
1390,2024-05-31,60,65
1390,2024-06-01,315,186
1390,2024-06-04,182,122
1390,2024-06-07,290,123
1390,2024-06-09,121,215
1390,2024-06-10,241,81
1390,2024-06-11,103,139
1390,2024-06-12,265,197
1390,2024-06-15,83,93
1390,2024-06-19,341,67
1390,2024-06-22,148,233
1390,2024-06-25,123,156
1390,2024-06-27,268,122
1390,2024-07-07,302,99
1390,2024-07-09,223,230
1390,2024-07-10,90,50
1390,2024-07-18,174,171
1390,2024-07-22,123,154
1390,2024-07-23,116,249
1390,2024-08-01,155,175
1390,2024-08-08,207,199
1390,2024-08-10,225,181
1390,2024-08-16,274,52
1390,2024-08-19,93,179
1391,2024-05-14,139,138
1391,2024-05-17,141,105
1391,2024-05-19,71,105
1391,2024-05-24,138,36
1391,2024-05-28,60,64
1391,2024-06-03,227,189
1391,2024-06-07,210,77
1391,2024-06-10,155,65
1391,2024-06-17,82,101
1391,2024-06-19,146,64
1391,2024-06-21,236,106
1391,2024-06-24,154,169
1391,2024-06-25,130,88
1391,2024-06-26,295,143
1391,2024-06-28,126,126
1391,2024-06-29,147,214
1391,2024-06-30,150,79
1391,2024-07-03,220,137
1391,2024-07-05,292,71
1391,2024-07-06,309,128
1391,2024-07-08,242,101
1391,2024-07-18,140,86
1391,2024-07-21,305,139
1391,2024-07-22,134,77
1391,2024-07-23,121,99
1391,2024-08-02,310,192
1391,2024-08-06,190,236
1391,2024-08-07,229,145
1391,2024-08-09,337,87
1391,2024-08-11,282,226
1391,2024-08-12,254,188
1391,2024-08-15,312,148
1391,2024-08-16,206,71
1391,2024-08-20,191,124
1391,2024-08-21,308,229
1391,2024-08-25,189,105
1391,2024-08-27,243,160
1391,2024-08-29,133,207
1391,2024-09-04,156,117
1391,2024-09-07,230,104
1391,2024-09-09,280,199
1391,2024-09-10,173,72
1391,2024-09-12,267,189
1391,2024-09-14,256,196
1391,2024-09-15,125,130
1391,2024-09-16,180,144
1392,2024-05-11,99,76
1392,2024-05-13,45,128
1392,2024-05-14,162,61
1392,2024-05-15,97,150
1392,2024-05-17,97,67
1392,2024-05-19,187,124
1392,2024-05-20,65,143
1392,2024-05-21,186,109
1392,2024-05-24,84,70
1392,2024-05-28,58,78
1392,2024-05-31,95,23
1392,2024-06-06,307,71
1392,2024-06-11,342,71
1392,2024-06-18,174,250
1392,2024-06-22,247,195
1392,2024-06-28,263,172
1392,2024-07-01,226,211
1392,2024-07-05,220,75
1392,2024-07-22,245,59
1392,2024-07-23,293,134
1392,2024-07-24,263,229
1392,2024-07-25,298,134
1392,2024-07-30,248,112
1392,2024-07-31,157,145
1392,2024-08-02,342,108
1392,2024-08-05,198,83
1392,2024-08-09,130,133
1392,2024-08-10,165,112
1393,2024-05-17,123,41
1393,2024-05-18,124,80
1393,2024-05-20,40,128
1393,2024-05-21,50,50
1393,2024-05-24,111,87
1393,2024-05-27,58,119
1393,2024-05-28,165,26
1393,2024-05-29,189,36
1393,2024-06-03,115,178
1393,2024-06-05,198,124
1393,2024-06-12,194,205
1393,2024-06-17,303,219
1393,2024-06-21,144,85
1393,2024-06-22,139,144
1393,2024-06-24,155,134
1393,2024-06-28,276,207
1393,2024-06-30,309,58
1393,2024-07-03,291,152
1393,2024-07-04,141,77
1393,2024-07-07,247,177
1393,2024-07-11,223,180
1393,2024-07-12,240,72
1393,2024-07-13,281,220
1393,2024-07-18,146,201
1393,2024-07-19,237,175
1393,2024-07-20,333,221
1393,2024-07-23,306,107
1393,2024-07-27,134,128
1393,2024-07-30,81,234
1393,2024-08-01,285,104
1393,2024-08-10,176,241
1393,2024-08-12,327,230
1393,2024-08-21,102,202
1393,2024-08-22,80,201
1393,2024-08-23,275,191
1394,2024-05-17,101,128
1394,2024-05-19,198,41
1394,2024-05-22,171,41
1394,2024-05-28,160,127
1394,2024-05-30,189,126
1394,2024-05-31,46,62
1394,2024-06-02,259,78
1394,2024-06-03,163,215
1394,2024-06-05,256,114
1394,2024-06-06,142,182
1394,2024-06-08,225,240
1394,2024-06-13,122,192
1394,2024-06-16,180,65
1394,2024-07-02,333,241
1394,2024-07-10,170,226
1394,2024-07-16,171,199
1394,2024-07-17,337,245
1394,2024-07-22,253,66
1394,2024-07-25,305,111
1394,2024-07-28,99,235
1394,2024-07-31,335,196
1394,2024-08-05,350,206
1394,2024-08-07,203,121
1394,2024-08-15,337,203
1394,2024-08-20,338,79
1394,2024-08-21,245,208
1394,2024-09-05,145,135
1395,2024-05-16,180,32
1395,2024-05-19,88,123
1395,2024-05-26,146,34
1395,2024-05-27,178,60
1395,2024-06-02,271,105
1395,2024-06-04,115,129
1395,2024-06-06,341,207
1395,2024-06-08,196,133
1395,2024-06-15,164,53
1395,2024-06-21,329,55
1395,2024-06-25,86,68
1395,2024-07-02,263,87
1395,2024-07-03,123,71
1395,2024-07-04,326,91
1395,2024-07-06,164,221
1395,2024-07-07,179,208
1395,2024-07-08,204,210
1395,2024-07-19,87,76
1395,2024-07-27,293,105
1395,2024-07-28,206,226
1396,2024-05-16,42,141
1396,2024-05-20,73,130
1396,2024-05-26,181,91
1396,2024-05-27,137,40
1396,2024-05-28,167,85
1396,2024-05-31,103,133
1396,2024-06-07,199,171
1396,2024-06-09,298,209
1396,2024-06-11,320,140
1396,2024-06-13,178,250
1396,2024-06-15,234,141
1396,2024-06-16,298,249
1396,2024-06-19,91,160
1396,2024-06-23,203,69
1396,2024-06-24,253,144
1396,2024-06-29,308,59
1396,2024-07-04,178,243
1396,2024-07-10,97,69
1396,2024-07-12,125,116
1396,2024-07-20,301,203
1396,2024-07-24,121,59
1396,2024-07-27,268,224
1396,2024-07-29,257,122
1396,2024-08-01,129,98
1396,2024-08-16,216,176
1396,2024-08-19,107,102
1396,2024-08-24,265,78
1396,2024-08-27,133,134
1396,2024-09-01,108,107
1396,2024-09-07,168,199
1397,2024-05-09,78,111
1397,2024-05-11,87,63
1397,2024-05-15,52,135
1397,2024-05-16,92,94
1397,2024-05-17,104,59
1397,2024-05-19,146,45
1397,2024-05-20,85,135
1397,2024-05-29,87,47
1397,2024-05-30,194,109
1397,2024-06-07,106,188
1397,2024-06-10,173,129
1397,2024-06-12,83,159
1397,2024-06-15,157,154
1397,2024-06-16,101,182
1397,2024-06-17,306,195
1397,2024-06-23,242,231
1397,2024-06-24,307,183
1397,2024-06-25,311,105
1397,2024-06-29,189,235
1397,2024-07-01,241,63
1397,2024-07-13,99,200
1397,2024-07-14,270,93
1397,2024-07-18,156,211
1397,2024-07-19,262,70
1397,2024-07-27,132,196
1397,2024-07-31,179,151
1397,2024-08-01,205,79
1397,2024-08-05,189,125
1397,2024-08-06,284,111
1397,2024-08-09,209,94
1398,2024-05-13,60,77
1398,2024-05-14,80,120
1398,2024-05-16,191,130
1398,2024-05-17,149,36
1398,2024-05-19,54,142
1398,2024-05-26,76,66
1398,2024-05-30,131,82
1398,2024-06-02,238,228
1398,2024-06-03,119,100
1398,2024-06-07,345,168
1398,2024-06-15,317,153
1398,2024-06-16,94,247
1398,2024-06-17,195,133
1398,2024-06-20,150,153
1398,2024-06-29,318,132
1398,2024-07-07,128,168
1398,2024-07-13,180,243
1398,2024-07-16,83,242
1398,2024-07-20,228,160
1398,2024-07-22,301,151
1398,2024-07-31,253,100
1398,2024-08-02,315,172
1398,2024-08-04,115,58
1398,2024-08-06,208,145
1398,2024-08-12,277,160
1398,2024-08-21,326,148
1398,2024-08-28,129,129
1398,2024-08-30,145,119
1398,2024-09-13,110,166
1398,2024-09-15,234,139
1398,2024-09-18,260,106
1398,2024-09-21,105,91
1398,2024-09-22,115,161
1398,2024-09-24,174,116
1398,2024-09-25,232,167
1400,2024-05-15,88,59
1400,2024-05-17,45,57
1400,2024-05-19,148,98
1400,2024-05-22,98,133
1400,2024-05-31,169,112
1400,2024-06-02,193,186
1400,2024-06-05,305,127
1400,2024-06-06,243,119
1400,2024-06-10,184,230
1400,2024-06-15,96,187
1400,2024-06-16,214,69
1400,2024-06-19,277,140
1400,2024-06-20,172,89
1400,2024-06-25,332,91
1400,2024-07-01,242,80
1400,2024-07-06,115,106
1400,2024-07-10,226,189
1400,2024-07-14,80,218
1400,2024-07-18,82,112
1400,2024-07-21,240,204
1400,2024-07-22,196,233
1400,2024-07-23,102,148
1400,2024-07-26,94,160
1400,2024-07-29,101,55
1400,2024-07-30,246,94
1400,2024-08-01,276,229
1400,2024-08-02,173,132
1400,2024-08-04,180,60
1400,2024-08-08,330,154
1400,2024-08-11,204,205
1400,2024-08-13,310,80
1400,2024-08-18,172,172
1400,2024-08-25,279,241
1400,2024-08-26,114,133
1400,2024-08-27,265,88
1400,2024-08-30,239,205
1400,2024-08-31,139,139
1401,2024-05-20,197,74
1401,2024-05-22,197,109
1401,2024-05-23,150,95
1401,2024-05-24,110,51
1401,2024-05-25,149,57
1401,2024-05-27,100,37
1401,2024-06-07,214,234
1401,2024-06-09,229,238
1401,2024-06-17,113,201
1401,2024-06-21,336,125
1401,2024-06-23,210,249
1401,2024-06-25,292,212
1401,2024-06-29,259,196
1402,2024-05-27,187,106
1402,2024-06-02,84,159
1402,2024-06-06,219,77
1402,2024-06-10,297,111
1402,2024-06-15,231,76
1402,2024-06-18,303,216
1402,2024-06-21,197,192
1402,2024-06-29,85,134
1402,2024-07-08,180,107
1402,2024-07-14,129,182
1402,2024-07-21,253,171
1402,2024-07-24,223,222
1402,2024-07-29,239,155
1402,2024-08-01,171,158
1402,2024-08-02,333,224
1403,2024-05-16,93,38
1403,2024-05-17,117,37
1403,2024-05-25,111,101
1403,2024-05-26,72,28
1403,2024-05-30,89,149
1403,2024-05-31,66,145
1403,2024-06-01,313,195
1403,2024-06-04,307,90
1403,2024-06-05,111,207
1403,2024-06-19,168,59
1403,2024-06-22,309,142
1403,2024-06-24,177,193
1403,2024-06-27,140,58
1403,2024-07-13,265,223
1403,2024-07-14,123,154
1403,2024-07-20,93,144
1403,2024-07-21,325,127
1403,2024-07-23,242,131
1403,2024-07-25,209,169
1403,2024-07-27,209,169
1403,2024-07-31,257,67
1403,2024-08-04,306,243
1403,2024-08-05,329,138
1403,2024-08-11,224,201
1405,2024-05-27,96,147
1405,2024-05-29,182,77
1405,2024-06-02,274,108
1405,2024-06-05,88,59
1405,2024-06-08,247,223
1405,2024-06-13,88,129
1405,2024-06-19,226,224
1405,2024-06-21,316,165
1405,2024-06-25,101,201
1405,2024-06-27,136,201
1405,2024-07-09,216,171
1405,2024-07-10,130,56
1405,2024-07-14,303,88
1405,2024-07-18,168,206
1405,2024-07-23,171,55
1409,2024-05-23,168,137
1409,2024-05-29,174,38
1409,2024-06-03,307,169
1409,2024-06-04,81,78
1409,2024-06-07,319,224
1409,2024-06-13,155,183
1409,2024-06-17,283,56
1409,2024-06-20,117,199
1409,2024-06-27,278,189
1409,2024-06-29,230,116
1409,2024-07-10,271,250
1409,2024-07-13,154,205
1409,2024-07-14,312,231
1409,2024-07-19,181,123
1409,2024-07-20,193,241
1409,2024-07-22,93,88
1409,2024-07-24,107,181
1409,2024-07-25,264,76
1409,2024-07-27,195,166
1409,2024-08-10,231,85
1411,2024-05-18,156,56
1411,2024-05-23,188,110
1411,2024-05-25,140,122
1411,2024-05-27,48,131
1411,2024-05-28,143,85
1411,2024-05-30,51,97
1411,2024-05-31,81,24
1411,2024-06-06,158,124
1411,2024-06-11,85,156
1411,2024-06-20,229,163
1411,2024-06-22,94,196
1411,2024-06-23,254,78
1411,2024-07-05,150,211
1411,2024-07-07,196,183
1411,2024-07-10,317,189
1411,2024-07-13,200,105
1411,2024-07-15,313,54
1412,2024-05-21,171,57
1412,2024-05-26,147,77
1412,2024-05-28,141,67
1412,2024-05-31,46,85
1412,2024-06-03,119,55
1412,2024-06-11,281,181
1412,2024-06-18,81,70
1412,2024-06-27,248,69
1412,2024-07-05,152,217
1412,2024-07-09,279,138
1412,2024-07-10,334,103
1414,2024-05-22,170,101
1414,2024-05-26,138,24
1414,2024-05-27,55,32
1414,2024-05-28,124,77
1414,2024-05-30,55,121
1414,2024-06-01,296,78
1414,2024-06-02,122,119
1414,2024-06-03,252,218
1414,2024-06-08,311,135
1414,2024-06-15,130,150
1414,2024-06-17,126,236
1414,2024-06-21,115,185
1414,2024-06-23,176,113
1414,2024-06-25,108,174
1414,2024-06-27,311,127
1414,2024-07-05,311,147
1414,2024-07-06,244,216
1414,2024-07-08,265,218
1414,2024-07-10,291,62
1414,2024-07-12,165,171
1414,2024-07-18,263,173
1414,2024-07-20,121,76
1414,2024-07-24,112,85
1414,2024-07-25,161,109
1414,2024-07-28,150,52
1414,2024-08-10,134,197
1414,2024-08-11,138,216
1414,2024-08-16,129,180
1414,2024-08-17,139,56
1414,2024-08-21,284,67
1414,2024-08-23,308,69
1414,2024-08-24,333,70
1414,2024-08-31,230,123
1414,2024-09-07,159,173
1414,2024-09-12,139,63
1414,2024-09-14,105,138
1414,2024-09-19,183,130
1414,2024-09-20,166,73
1414,2024-09-22,164,151
1414,2024-09-27,200,99
1415,2024-05-16,159,73
1415,2024-05-22,109,48
1415,2024-05-23,126,41
1415,2024-05-29,96,57
1415,2024-05-30,194,65
1415,2024-06-02,84,208
1415,2024-06-24,290,175
1415,2024-06-26,163,127
1415,2024-06-29,289,186
1415,2024-07-02,214,112
1415,2024-07-13,98,133
1415,2024-07-17,97,210
1415,2024-07-25,253,168
1415,2024-07-27,203,133
1415,2024-07-30,251,142
1415,2024-08-03,132,212
1415,2024-08-10,304,202
1415,2024-08-12,334,118
1415,2024-08-15,324,63
1415,2024-08-20,298,247
1415,2024-08-21,111,89
1415,2024-08-23,280,183
1415,2024-08-27,314,138
1415,2024-08-31,143,182
1415,2024-09-02,155,143
1415,2024-09-03,299,124
1415,2024-09-06,224,177
1415,2024-09-16,287,61
1416,2024-05-28,152,140
1416,2024-05-29,134,34
1416,2024-06-01,205,71
1416,2024-06-03,318,115
1416,2024-06-09,234,125
1416,2024-06-15,109,230
1416,2024-06-26,183,192
1416,2024-06-28,345,220
1416,2024-07-01,103,183
1416,2024-07-09,144,210
1416,2024-07-11,232,148
1416,2024-07-13,320,159
1416,2024-07-18,211,191
1416,2024-07-19,340,71
1416,2024-07-21,264,229
1416,2024-07-22,198,163
1416,2024-07-24,220,232
1416,2024-07-25,246,77
1416,2024-07-29,217,238
1416,2024-07-30,320,135
1417,2024-05-26,182,96
1417,2024-05-31,79,89
1417,2024-06-03,231,215
1417,2024-06-10,350,242
1417,2024-06-11,349,203
1417,2024-06-13,208,234
1417,2024-06-14,157,103
1417,2024-07-08,339,175
1417,2024-07-13,337,208
1417,2024-07-17,139,150
1417,2024-07-18,251,127
1417,2024-07-21,127,89
1417,2024-07-25,214,160
1417,2024-08-01,286,218
1417,2024-08-08,279,152
1418,2024-05-20,194,76
1418,2024-05-21,149,28
1418,2024-05-22,186,26
1418,2024-05-26,145,42
1418,2024-05-27,111,33
1418,2024-05-30,182,121
1418,2024-06-02,153,163
1418,2024-06-11,222,238
1418,2024-06-12,139,127
1418,2024-06-21,155,182
1418,2024-07-01,243,149
1418,2024-07-07,306,146
1418,2024-07-21,232,245
1418,2024-07-24,183,211
1418,2024-07-25,224,155
1418,2024-07-29,221,70
1418,2024-08-01,126,169
1418,2024-08-02,163,231
1418,2024-08-14,301,68
1418,2024-08-21,187,177
1418,2024-08-23,185,206
1418,2024-08-24,321,167
1418,2024-08-30,240,109
1418,2024-08-31,330,218
1418,2024-09-01,216,197
1418,2024-09-08,142,106
1420,2024-05-21,115,90
1420,2024-05-22,118,44
1420,2024-05-25,135,28
1420,2024-05-26,151,73
1420,2024-05-28,135,145
1420,2024-05-31,49,148
1420,2024-06-01,218,193
1420,2024-06-05,224,151
1420,2024-06-13,318,120
1420,2024-06-15,201,236
1420,2024-06-21,221,51
1420,2024-06-22,215,157
1420,2024-06-25,340,234
1420,2024-07-08,333,133
1420,2024-07-09,265,162
1420,2024-07-10,248,139
1420,2024-07-15,252,213
1420,2024-07-21,156,188
1420,2024-07-23,305,146
1420,2024-08-04,322,166
1420,2024-08-05,332,136
1420,2024-08-14,278,89
1420,2024-08-15,159,172
1420,2024-08-17,230,245
1420,2024-08-22,115,118
1420,2024-08-24,275,136
1420,2024-08-26,147,227
1420,2024-09-03,201,104
1420,2024-09-13,181,169
1420,2024-09-21,269,94
1420,2024-09-26,283,123
1420,2024-09-27,159,101
1420,2024-09-29,283,115
1420,2024-09-30,212,86
1421,2024-05-20,181,53
1421,2024-05-21,171,97
1421,2024-05-22,50,91
1421,2024-05-28,120,107
1421,2024-05-29,99,38
1421,2024-06-03,280,107
1421,2024-06-05,151,126
1421,2024-06-08,327,174
1421,2024-06-11,287,211
1421,2024-06-12,126,207
1421,2024-06-16,293,118
1421,2024-06-20,294,170
1421,2024-06-22,130,151
1421,2024-06-25,128,141
1421,2024-07-04,136,219
1421,2024-07-09,191,124
1421,2024-07-11,165,155
1421,2024-07-22,303,136
1421,2024-08-01,171,141
1421,2024-08-03,279,186
1421,2024-08-04,197,84
1421,2024-08-08,150,217
1421,2024-08-11,284,203
1421,2024-08-24,264,183
1422,2024-05-18,147,55
1422,2024-05-24,54,88
1422,2024-05-27,135,20
1422,2024-06-03,243,139
1422,2024-06-04,277,111
1422,2024-06-06,183,169
1422,2024-06-10,298,192
1422,2024-06-23,137,239
1422,2024-06-28,159,108
1422,2024-06-29,135,212
1422,2024-07-03,158,134
1422,2024-07-06,165,250
1422,2024-07-11,208,229
1422,2024-07-15,126,172
1422,2024-07-18,255,54
1422,2024-07-19,194,188
1422,2024-07-21,202,182
1422,2024-07-26,93,113
1422,2024-07-30,302,117
1422,2024-08-08,111,212
1422,2024-08-09,150,240
1422,2024-08-12,259,50
1422,2024-08-17,155,219
1423,2024-05-22,78,115
1423,2024-05-23,128,69
1423,2024-05-24,171,137
1423,2024-05-28,151,45
1423,2024-05-30,171,36
1423,2024-06-02,120,53
1423,2024-06-09,84,186
1423,2024-06-13,305,101
1423,2024-06-19,92,50
1423,2024-07-01,172,81
1423,2024-07-02,349,110
1423,2024-07-04,88,103
1423,2024-07-07,82,218
1423,2024-07-25,347,108
1423,2024-07-31,141,72
1423,2024-08-01,168,170
1423,2024-08-02,147,205
1423,2024-08-03,241,172
1423,2024-08-06,307,216
1423,2024-08-09,271,228
1423,2024-08-12,312,65
1423,2024-08-18,166,148
1423,2024-08-24,258,63
1423,2024-08-25,115,82
1423,2024-08-26,98,228
1423,2024-08-27,161,87
1423,2024-08-28,240,96
1423,2024-08-31,223,237
1423,2024-09-06,244,161
1423,2024-09-09,117,92
1423,2024-09-13,199,193
1423,2024-09-22,237,103
1423,2024-09-23,118,85
1423,2024-09-26,164,149
1425,2024-05-21,146,129
1425,2024-05-31,149,110
1425,2024-06-05,315,57
1425,2024-06-07,303,191
1425,2024-06-08,237,61
1425,2024-06-12,86,200
1425,2024-06-14,205,227
1425,2024-06-16,105,216
1425,2024-06-18,81,197
1425,2024-06-19,336,80
1425,2024-06-25,104,113
1425,2024-06-28,154,163
1425,2024-06-30,342,210
1425,2024-07-02,256,57
1425,2024-07-10,275,180
1425,2024-07-11,203,82
1425,2024-07-13,281,117
1425,2024-07-19,145,189
1425,2024-07-22,171,154
1425,2024-07-24,301,168
1425,2024-07-26,308,106
1425,2024-08-15,127,72
1425,2024-08-20,139,143
1425,2024-08-25,325,205
1425,2024-08-26,151,232
1425,2024-08-31,200,241
1425,2024-09-01,174,66
1425,2024-09-06,172,125
1425,2024-09-15,189,142
1426,2024-05-18,58,114
1426,2024-05-23,183,115
1426,2024-05-26,72,115
1426,2024-05-29,56,34
1426,2024-06-02,130,144
1426,2024-06-06,120,196
1426,2024-06-08,116,161
1426,2024-06-09,190,127
1426,2024-06-11,301,122
1426,2024-06-15,193,220
1426,2024-06-16,100,150
1426,2024-06-18,212,59
1426,2024-06-19,308,160
1426,2024-06-22,234,127
1426,2024-06-27,111,103
1426,2024-06-30,326,57
1426,2024-07-09,288,235
1426,2024-07-10,127,87
1426,2024-07-11,276,168
1426,2024-07-12,350,53
1426,2024-07-14,298,168
1426,2024-07-15,100,170
1426,2024-07-16,132,180
1426,2024-07-24,283,83
1426,2024-07-29,344,181
1426,2024-07-31,261,53
1426,2024-08-02,330,238
1426,2024-08-07,107,230
1426,2024-08-09,187,156
1426,2024-08-11,83,203
1426,2024-08-12,187,118
1426,2024-08-16,135,105
1426,2024-08-17,125,154
1426,2024-08-23,189,204
1426,2024-08-24,313,52
1426,2024-08-26,282,199
1426,2024-09-04,269,137
1426,2024-09-06,179,122
1426,2024-09-13,193,98
1426,2024-09-16,229,72
1426,2024-09-17,279,81
1426,2024-09-18,261,135
1426,2024-09-21,258,160
1426,2024-09-23,113,178
1428,2024-05-21,53,108
1428,2024-05-22,161,44
1428,2024-05-23,181,130
1428,2024-05-26,64,33
1428,2024-05-29,153,94
1428,2024-06-02,90,170
1428,2024-06-07,257,179
1428,2024-06-16,238,164
1428,2024-06-17,260,181
1428,2024-06-20,271,194
1428,2024-06-23,83,212
1428,2024-06-29,172,85
1428,2024-07-13,303,152
1428,2024-07-15,103,60
1428,2024-07-16,161,243
1428,2024-07-17,256,50
1428,2024-07-30,163,167
1428,2024-08-06,232,76
1428,2024-08-09,176,164
1429,2024-05-19,69,128
1429,2024-05-20,121,70
1429,2024-05-23,146,138
1429,2024-05-26,66,118
1429,2024-05-27,96,75
1429,2024-05-28,107,77
1429,2024-05-29,124,127
1429,2024-06-02,257,201
1429,2024-06-04,83,165
1429,2024-06-07,141,227
1429,2024-06-14,101,58
1429,2024-07-08,320,104
1429,2024-07-11,208,166
1429,2024-07-12,350,236
1429,2024-07-13,335,133
1429,2024-07-18,211,156
1429,2024-07-21,129,78
1429,2024-07-24,182,184
1429,2024-07-30,114,145
1429,2024-07-31,156,133
1429,2024-08-02,126,161
1429,2024-08-05,324,141
1430,2024-05-23,84,67
1430,2024-05-24,160,140
1430,2024-05-25,44,93
1430,2024-05-26,67,38
1430,2024-05-27,48,99
1430,2024-05-29,125,118
1430,2024-05-31,122,46
1430,2024-06-02,242,198
1430,2024-06-03,313,99
1430,2024-06-04,164,187
1430,2024-06-07,325,159
1430,2024-06-12,323,240
1430,2024-06-16,99,187
1430,2024-06-17,122,239
1430,2024-06-20,229,115
1430,2024-06-21,322,58
1430,2024-06-23,130,178
1430,2024-06-27,235,244
1430,2024-06-29,343,87
1430,2024-07-01,148,228
1430,2024-07-02,87,147
1430,2024-07-07,249,235
1430,2024-07-11,301,234
1430,2024-07-13,137,87
1430,2024-07-27,288,182
1430,2024-07-28,258,113
1430,2024-07-30,135,176
1430,2024-08-01,121,181
1430,2024-08-09,345,175
1430,2024-08-17,81,60
1430,2024-08-21,136,162
1430,2024-08-22,113,101
1430,2024-08-26,82,95
1430,2024-08-28,201,137
1430,2024-09-02,129,127
1430,2024-09-03,220,198
1430,2024-09-08,135,181
1430,2024-09-10,212,169
1430,2024-09-18,246,151
1430,2024-09-19,175,164
1430,2024-09-22,117,197
1430,2024-09-24,160,60
1430,2024-09-27,137,145
1433,2024-05-19,152,124
1433,2024-05-20,71,114
1433,2024-05-26,151,55
1433,2024-05-28,63,27
1433,2024-06-04,212,80
1433,2024-06-05,175,173
1433,2024-06-11,243,118
1433,2024-06-20,208,183
1433,2024-06-27,242,91
1433,2024-07-06,111,85
1433,2024-07-07,281,155
1433,2024-07-09,229,145
1433,2024-07-11,207,139
1433,2024-07-14,187,78
1433,2024-07-20,198,53
1433,2024-07-28,103,71
1433,2024-07-29,136,162
1433,2024-08-01,314,74
1433,2024-08-02,348,243
1433,2024-08-05,242,237
1433,2024-08-11,325,248
1433,2024-08-13,88,71
1433,2024-08-14,87,94
1434,2024-05-27,105,74
1434,2024-05-30,76,23
1434,2024-06-06,205,131
1434,2024-06-07,89,159
1434,2024-06-19,228,221
1434,2024-06-23,161,76
1434,2024-06-24,151,107
1434,2024-06-26,147,194
1434,2024-07-09,309,181
1434,2024-07-11,257,199
1434,2024-07-13,334,87
1434,2024-07-17,265,68
1434,2024-07-23,267,224
1434,2024-07-24,320,149
1434,2024-07-27,253,245
1434,2024-08-06,133,106
1434,2024-08-08,222,63
1434,2024-08-10,326,211
1434,2024-08-16,308,72
1434,2024-08-17,205,148
1434,2024-08-20,191,199
1434,2024-09-01,227,148
1434,2024-09-05,262,112
1434,2024-09-08,112,108
1434,2024-09-09,157,142
1434,2024-09-10,255,187
1435,2024-05-25,51,71
1435,2024-05-26,135,77
1435,2024-05-30,184,128
1435,2024-06-01,172,183
1435,2024-06-06,332,138
1435,2024-06-08,170,107
1435,2024-06-11,214,85
1435,2024-06-19,199,210
1435,2024-06-20,205,143
1435,2024-06-21,299,150
1435,2024-06-24,234,114
1435,2024-06-25,320,153
1435,2024-06-30,263,83
1435,2024-07-04,127,135
1435,2024-07-05,213,89
1435,2024-07-07,169,188
1435,2024-07-12,335,201
1435,2024-07-20,227,174
1435,2024-07-27,293,190
1435,2024-07-30,144,50
1436,2024-05-19,82,133
1436,2024-05-22,56,74
1436,2024-05-26,79,20
1436,2024-05-27,55,31
1436,2024-05-31,111,58
1436,2024-06-03,85,217
1436,2024-06-07,128,108
1436,2024-06-10,92,145
1436,2024-06-19,159,83
1436,2024-06-22,257,226
1436,2024-06-23,328,141
1436,2024-06-26,300,177
1436,2024-06-30,141,140
1438,2024-05-20,51,46
1438,2024-05-22,45,113
1438,2024-05-23,96,145
1438,2024-05-25,76,111
1438,2024-05-29,160,40
1438,2024-05-30,197,36
1438,2024-06-08,135,57
1438,2024-06-19,261,71
1439,2024-05-30,131,48
1439,2024-06-01,212,91
1439,2024-06-05,102,201
1439,2024-06-14,134,95
1439,2024-06-17,196,241
1439,2024-06-20,122,156
1439,2024-06-21,204,91
1439,2024-06-23,126,202
1439,2024-06-24,326,244
1439,2024-06-27,160,77
1439,2024-06-30,139,172
1439,2024-07-02,226,112
1440,2024-05-19,96,133
1440,2024-05-24,175,84
1440,2024-05-27,74,98
1440,2024-05-28,123,74
1440,2024-05-30,119,90
1440,2024-06-04,284,249
1440,2024-06-06,203,190
1440,2024-06-20,233,239
1440,2024-06-22,263,199
1440,2024-06-24,343,124
1440,2024-06-25,224,211
1440,2024-06-27,130,179
1440,2024-06-30,324,77
1440,2024-07-02,297,142
1440,2024-07-03,231,181
1440,2024-07-05,224,125
1440,2024-07-21,85,96
1440,2024-07-22,304,75
1440,2024-07-30,251,220
1440,2024-07-31,250,224
1440,2024-08-04,113,98
1440,2024-08-05,234,124
1440,2024-08-11,328,149
1440,2024-08-16,344,133
1440,2024-08-18,348,238
1440,2024-08-22,87,64
1440,2024-08-23,151,73
1440,2024-08-27,287,141
1440,2024-08-29,132,216
1440,2024-09-01,142,120
1440,2024-09-03,158,158
1440,2024-09-05,153,145
1440,2024-09-09,248,66
1440,2024-09-11,118,83
1440,2024-09-13,209,101
1440,2024-09-19,267,80
1440,2024-09-23,274,141
1440,2024-09-27,265,134
1441,2024-05-16,156,47
1441,2024-05-17,52,21
1441,2024-05-19,178,34
1441,2024-05-21,47,145
1441,2024-05-22,196,122
1441,2024-05-24,78,123
1441,2024-05-25,97,103
1441,2024-05-29,151,93
1441,2024-06-03,342,184
1441,2024-06-06,310,78
1441,2024-06-09,170,116
1441,2024-06-10,284,239
1441,2024-06-13,114,227
1441,2024-06-23,169,91
1441,2024-06-25,321,204
1441,2024-06-26,254,111
1441,2024-07-03,125,69
1441,2024-07-05,346,99
1441,2024-07-06,94,88
1441,2024-07-08,155,101
1441,2024-07-18,145,213
1441,2024-07-23,134,217
1441,2024-07-24,112,100
1441,2024-07-29,253,158
1442,2024-05-23,74,79
1442,2024-06-01,158,230
1442,2024-06-03,221,181
1442,2024-06-07,243,200
1442,2024-06-08,84,142
1442,2024-06-09,336,121
1442,2024-06-16,274,231
1442,2024-06-21,158,89
1442,2024-07-03,213,142
1442,2024-07-12,245,139
1442,2024-07-21,96,86
1442,2024-07-22,138,64
1442,2024-08-02,301,97
1442,2024-08-05,114,176
1442,2024-08-09,275,232
1442,2024-08-13,290,179
1442,2024-08-15,134,132
1443,2024-05-19,194,110
1443,2024-05-21,84,48
1443,2024-05-23,142,142
1443,2024-05-24,69,76
1443,2024-05-29,173,76
1443,2024-06-16,169,50
1443,2024-06-17,256,113
1443,2024-06-19,328,173
1444,2024-05-20,146,149
1444,2024-05-25,82,115
1444,2024-05-26,184,91
1444,2024-05-28,196,147
1444,2024-05-30,45,45
1444,2024-05-31,101,99
1444,2024-06-06,119,173
1444,2024-06-07,109,139
1444,2024-06-08,172,59
1444,2024-06-10,129,208
1444,2024-06-18,99,198
1444,2024-06-21,270,183
1444,2024-06-22,253,82
1444,2024-06-25,254,60
1444,2024-06-30,204,132
1444,2024-07-02,213,89
1444,2024-07-10,333,238
1444,2024-07-14,176,179
1444,2024-07-20,253,86
1444,2024-07-30,260,228
1444,2024-08-07,219,114
1444,2024-08-12,91,95
1444,2024-08-14,247,185
1444,2024-08-18,118,183
1444,2024-08-20,217,84
1444,2024-08-30,218,250
1444,2024-08-31,323,118
1444,2024-09-04,231,160
1444,2024-09-05,145,66
1444,2024-09-06,207,163
1444,2024-09-07,148,166
1444,2024-09-09,115,78
1444,2024-09-10,169,93
1444,2024-09-11,182,183
1445,2024-05-26,95,115
1445,2024-06-02,248,107
1445,2024-06-05,326,162
1445,2024-06-10,272,233
1445,2024-06-18,210,88
1445,2024-06-20,82,240
1445,2024-06-24,308,87
1445,2024-06-30,152,196
1445,2024-07-14,277,232
1445,2024-07-15,312,74
1445,2024-07-18,136,88
1445,2024-07-19,98,173
1445,2024-07-24,207,63
1445,2024-07-26,90,229
1445,2024-07-27,283,149
1445,2024-07-29,318,148
1445,2024-08-01,110,237
1446,2024-05-25,75,41
1446,2024-05-26,103,93
1446,2024-05-29,115,107
1446,2024-06-02,332,77
1446,2024-06-05,327,182
1446,2024-06-10,84,152
1446,2024-06-14,327,182
1446,2024-06-15,141,78
1446,2024-06-18,233,105
1446,2024-06-27,191,171
1446,2024-07-06,303,201
1446,2024-07-09,275,98
1446,2024-07-17,96,150
1446,2024-07-18,303,174
1446,2024-07-22,288,93
1448,2024-05-17,139,116
1448,2024-05-22,44,70
1448,2024-05-23,185,148
1448,2024-05-25,114,53
1448,2024-05-28,114,137
1448,2024-06-08,264,243
1448,2024-06-09,247,190
1448,2024-06-12,227,155
1448,2024-06-13,329,187
1448,2024-06-16,267,143
1448,2024-06-23,98,183
1448,2024-06-24,329,221
1450,2024-05-18,106,62
1450,2024-05-19,135,111
1450,2024-05-20,42,138
1450,2024-05-22,181,145
1450,2024-05-24,58,68
1450,2024-05-28,128,22
1450,2024-05-29,86,91
1450,2024-06-09,315,154
1450,2024-06-27,328,109
1450,2024-07-01,331,71
1450,2024-07-02,290,214
1450,2024-07-03,183,52
1450,2024-07-09,303,100
1450,2024-07-12,169,212
1450,2024-07-14,329,206
1451,2024-05-17,60,74
1451,2024-05-29,181,139
1451,2024-05-31,171,25
1451,2024-06-08,235,245
1451,2024-06-12,308,146
1451,2024-06-13,349,84
1451,2024-06-14,300,143
1451,2024-06-29,348,98
1451,2024-07-01,176,221
1451,2024-07-07,302,201
1451,2024-07-08,105,132
1451,2024-07-13,290,142
1451,2024-07-15,340,153
1451,2024-07-17,165,67
1451,2024-07-20,231,134
1451,2024-07-28,211,56
1451,2024-08-04,163,85
1451,2024-08-05,256,164
1451,2024-08-08,187,187
1451,2024-08-09,178,115
1451,2024-08-22,84,122
1451,2024-08-25,271,105
1452,2024-05-19,81,89
1452,2024-05-24,172,122
1452,2024-05-25,56,68
1452,2024-05-29,149,114
1452,2024-05-31,62,69
1452,2024-06-02,343,144
1452,2024-06-04,197,246
1452,2024-06-10,323,204
1452,2024-06-12,161,168
1452,2024-06-15,238,168
1452,2024-06-16,110,176
1452,2024-06-18,329,200
1452,2024-06-22,184,176
1452,2024-06-29,114,218
1452,2024-07-01,343,107
1453,2024-05-25,177,123
1453,2024-05-26,54,142
1453,2024-05-27,85,79
1453,2024-05-28,136,80
1453,2024-06-01,332,225
1453,2024-06-02,229,105
1453,2024-06-04,233,122
1453,2024-06-05,158,174
1453,2024-06-08,117,154
1453,2024-06-12,207,75
1453,2024-06-19,141,161
1453,2024-06-22,253,163
1453,2024-07-01,104,183
1453,2024-07-03,185,207
1453,2024-07-08,336,101
1453,2024-07-14,319,172
1453,2024-07-20,109,139
1453,2024-07-21,246,70
1453,2024-07-27,316,191
1453,2024-07-28,196,122
1453,2024-08-01,208,85
1453,2024-08-03,152,203
1453,2024-08-05,327,189
1453,2024-08-12,223,162
1453,2024-08-14,220,176
1453,2024-08-15,264,154
1453,2024-08-21,222,81
1453,2024-08-26,236,194
1453,2024-08-27,115,231
1453,2024-09-02,171,132
1453,2024-09-07,124,97
1454,2024-05-16,159,48
1454,2024-05-22,62,25
1454,2024-05-24,56,49
1454,2024-05-25,164,126
1454,2024-05-30,83,52
1454,2024-06-10,310,237
1454,2024-06-11,175,195
1454,2024-06-19,332,118
1454,2024-06-22,85,212
1454,2024-06-25,212,195
1454,2024-06-28,175,238
1454,2024-07-01,172,71
1454,2024-07-04,269,76
1455,2024-05-22,182,119
1455,2024-05-23,180,94
1455,2024-05-24,60,120
1455,2024-05-26,186,59
1455,2024-05-27,86,47
1455,2024-05-29,103,81
1455,2024-06-02,157,146
1455,2024-06-05,249,70
1455,2024-06-08,347,174
1455,2024-06-11,199,127
1455,2024-06-12,342,220
1455,2024-06-23,161,187
1455,2024-07-01,254,172
1456,2024-05-24,125,31
1456,2024-05-29,165,121
1456,2024-06-06,148,133
1456,2024-06-07,290,174
1456,2024-06-12,185,113
1456,2024-06-14,280,239
1456,2024-06-28,213,67
1456,2024-07-01,285,243
1456,2024-07-02,156,246
1456,2024-07-08,159,187
1456,2024-07-16,158,50
1456,2024-07-18,81,235
1456,2024-07-22,235,54
1456,2024-07-24,236,232
1457,2024-05-16,122,147
1457,2024-05-23,40,49
1457,2024-05-30,70,53
1457,2024-05-31,194,56
1457,2024-06-02,140,206
1457,2024-06-04,207,186
1457,2024-06-06,161,116
1457,2024-06-07,93,134
1457,2024-06-09,272,151
1457,2024-06-11,133,99
1457,2024-06-14,324,224
1457,2024-06-19,328,71
1458,2024-05-14,147,88
1458,2024-05-16,118,81
1458,2024-05-23,151,120
1458,2024-05-26,160,117
1458,2024-05-27,69,82
1458,2024-06-02,90,219
1458,2024-06-04,266,115
1458,2024-06-05,90,227
1458,2024-06-10,210,148
1458,2024-06-14,134,154
1458,2024-06-15,345,80
1458,2024-06-23,111,102
1458,2024-06-27,88,71
1458,2024-06-29,155,207
1458,2024-07-02,142,74
1458,2024-07-03,128,89
1458,2024-07-17,295,132
1458,2024-07-18,215,51
1458,2024-07-19,96,201
1458,2024-07-21,166,235
1458,2024-07-23,244,180
1458,2024-07-27,343,194
1458,2024-07-28,258,114
1458,2024-07-29,156,146
1458,2024-07-30,87,147
1458,2024-08-07,279,136
1458,2024-08-09,234,99
1458,2024-08-10,252,209
1458,2024-08-12,163,239
1458,2024-08-13,94,164
1458,2024-08-16,188,220
1458,2024-08-17,231,242
1458,2024-08-19,285,192
1458,2024-08-21,198,160
1458,2024-08-24,218,236
1458,2024-08-26,243,167
1458,2024-08-30,89,130
1458,2024-09-03,147,60
1458,2024-09-06,241,74
1458,2024-09-13,267,102
1458,2024-09-15,237,148
1458,2024-09-16,234,120
1458,2024-09-17,245,173
1458,2024-09-19,175,180
1458,2024-09-20,280,90
1460,2024-05-23,76,125
1460,2024-05-24,57,80
1460,2024-05-26,157,100
1460,2024-05-27,100,126
1460,2024-05-28,53,115
1460,2024-06-06,146,166
1460,2024-06-18,244,87
1460,2024-06-20,280,179
1460,2024-06-30,216,162
1461,2024-05-19,169,50
1461,2024-05-20,102,42
1461,2024-05-21,131,67
1461,2024-05-24,134,146
1461,2024-05-27,176,102
1461,2024-05-29,107,134
1461,2024-06-04,291,233
1461,2024-06-05,257,192
1461,2024-06-06,186,126
1461,2024-06-11,128,68
1461,2024-06-13,183,81
1461,2024-06-15,167,186
1461,2024-06-16,140,152
1461,2024-06-28,259,95
1461,2024-07-04,88,162
1461,2024-07-06,208,240
1461,2024-07-13,154,55
1461,2024-07-17,312,100
1461,2024-07-18,95,120
1461,2024-07-21,337,124
1461,2024-07-26,307,117
1461,2024-07-30,169,74
1461,2024-08-03,227,248
1461,2024-08-05,106,161
1461,2024-08-06,180,118
1461,2024-08-19,142,84
1461,2024-08-20,203,111
1461,2024-08-22,276,250
1461,2024-08-23,170,125
1461,2024-08-25,233,140
1462,2024-05-21,135,89
1462,2024-05-22,119,101
1462,2024-05-23,94,40
1462,2024-05-24,173,117
1462,2024-05-29,172,25
1462,2024-06-02,317,148
1462,2024-06-05,108,72
1462,2024-06-07,122,66
1462,2024-06-09,317,219
1462,2024-06-11,307,76
1462,2024-06-18,254,53
1462,2024-06-21,330,105
1462,2024-06-23,338,83
1462,2024-06-25,334,150
1462,2024-06-26,89,69
1462,2024-07-05,303,118
1462,2024-07-11,251,226
1462,2024-07-14,250,247
1462,2024-07-15,83,85
1462,2024-07-22,132,207
1462,2024-07-24,350,210
1462,2024-08-01,126,105
1462,2024-08-03,153,239
1462,2024-08-04,299,95
1462,2024-08-06,102,58
1462,2024-08-07,323,194
1462,2024-08-08,169,245
1462,2024-08-26,131,78
1462,2024-08-27,201,213
1462,2024-08-31,312,241
1462,2024-09-01,286,121
1462,2024-09-02,167,199
1462,2024-09-05,244,80
1462,2024-09-10,162,103
1462,2024-09-17,199,153
1462,2024-09-20,161,153
1462,2024-09-21,256,169
1462,2024-09-23,251,154
1462,2024-09-25,157,129
1462,2024-09-26,255,164
1462,2024-09-29,183,81
1463,2024-05-19,121,133
1463,2024-05-22,64,85
1463,2024-05-25,59,136
1463,2024-05-26,75,124
1463,2024-05-27,66,95
1463,2024-05-31,153,57
1463,2024-06-01,306,99
1463,2024-06-02,192,129
1463,2024-06-06,159,174
1463,2024-06-07,128,142
1463,2024-06-08,188,79
1463,2024-06-09,184,183
1463,2024-06-10,278,239
1463,2024-06-17,144,183
1463,2024-06-18,327,183
1463,2024-06-22,295,117
1463,2024-06-23,200,62
1463,2024-06-26,115,179
1463,2024-06-27,140,247
1463,2024-06-28,345,136
1463,2024-07-08,87,131
1463,2024-07-13,143,71
1463,2024-07-21,240,171
1463,2024-07-23,200,140
1463,2024-07-30,162,198
1463,2024-08-09,317,228
1463,2024-08-10,216,57
1463,2024-08-13,211,250
1463,2024-08-17,207,208
1463,2024-08-19,113,134
1463,2024-08-25,328,51
1463,2024-08-30,209,195
1463,2024-08-31,300,188
1463,2024-09-07,145,118
1464,2024-05-23,60,69
1464,2024-05-25,158,30
1464,2024-05-26,156,142
1464,2024-05-28,79,83
1464,2024-05-29,158,41
1464,2024-05-30,116,123
1464,2024-06-03,283,221
1464,2024-06-05,249,127
1464,2024-06-24,168,70
1464,2024-06-26,236,140
1464,2024-06-27,210,166
1464,2024-07-06,144,92
1464,2024-07-13,230,232
1464,2024-07-18,314,125
1464,2024-07-21,118,161
1464,2024-07-30,260,198
1464,2024-08-04,127,173
1464,2024-08-07,138,225
1464,2024-08-09,317,229
1464,2024-08-12,126,116
1464,2024-08-17,161,110
1464,2024-08-20,213,101
1464,2024-08-27,271,129
1464,2024-08-29,92,93
1464,2024-08-30,227,249
1464,2024-09-01,279,91
1464,2024-09-03,103,72
1464,2024-09-06,225,87
1464,2024-09-09,295,176
1464,2024-09-12,265,69
1464,2024-09-13,216,107
1464,2024-09-14,184,78
1464,2024-09-20,228,176
1464,2024-09-25,114,92
1464,2024-09-27,105,146
1464,2024-09-28,112,129
1464,2024-09-29,147,178
1465,2024-05-23,101,107
1465,2024-05-30,146,145
1465,2024-06-02,184,74
1465,2024-06-04,90,132
1465,2024-06-07,179,122
1465,2024-06-08,92,71
1465,2024-06-13,82,114
1465,2024-06-15,337,112
1465,2024-06-21,232,173
1465,2024-06-24,181,88
1465,2024-06-25,159,150
1465,2024-06-28,175,202
1465,2024-06-29,247,236
1465,2024-07-05,297,216
1465,2024-07-06,121,237
1465,2024-07-16,111,214
1465,2024-07-20,332,60
1465,2024-08-01,282,191
1465,2024-08-04,338,138
1465,2024-08-07,325,223
1467,2024-05-22,161,40
1467,2024-05-23,137,28
1467,2024-05-24,70,90
1467,2024-05-26,113,80
1467,2024-05-28,139,115
1467,2024-06-03,300,139
1467,2024-06-07,152,127
1467,2024-06-10,181,111
1467,2024-06-11,111,96
1467,2024-06-13,341,224
1467,2024-06-16,328,186
1467,2024-06-17,154,51
1467,2024-06-30,146,115
1467,2024-07-01,344,140
1467,2024-07-10,305,102
1467,2024-07-11,106,175
1467,2024-07-13,109,199
1467,2024-07-15,117,175
1467,2024-07-16,133,247
1467,2024-07-20,106,191
1467,2024-07-21,236,149
1467,2024-07-23,141,203
1467,2024-07-25,212,169
1467,2024-07-27,216,190
1467,2024-07-29,258,201
1467,2024-07-30,232,89
1467,2024-07-31,104,244
1467,2024-08-07,236,72
1467,2024-08-15,87,164
1467,2024-08-18,166,105
1468,2024-05-18,134,57
1468,2024-05-19,70,107
1468,2024-05-20,89,40
1468,2024-05-22,163,45
1468,2024-05-26,79,64
1468,2024-05-27,153,139
1468,2024-05-28,43,119
1468,2024-05-29,176,43
1468,2024-06-02,132,100
1468,2024-06-26,109,73
1468,2024-07-02,112,168
1468,2024-07-04,336,197
1468,2024-07-05,246,197
1468,2024-07-08,286,65
1468,2024-07-09,144,127
1468,2024-07-11,347,223
1468,2024-07-16,86,242
1468,2024-07-17,246,168
1469,2024-05-20,124,40
1469,2024-05-23,85,20
1469,2024-05-25,200,72
1469,2024-05-27,182,68
1469,2024-05-28,61,87
1469,2024-06-04,258,123
1469,2024-06-05,331,196
1469,2024-06-16,83,167
1469,2024-06-21,293,144
1469,2024-06-23,94,178
1469,2024-06-24,335,57
1469,2024-06-25,167,242
1469,2024-07-05,328,167
1469,2024-07-09,215,106
1469,2024-07-12,225,76
1469,2024-07-14,233,199
1469,2024-07-15,335,201
1469,2024-07-20,134,221
1469,2024-07-21,105,129
1471,2024-05-15,176,68
1471,2024-05-20,84,44
1471,2024-05-22,143,104
1471,2024-05-23,78,23
1471,2024-05-27,126,79
1471,2024-05-29,138,26
1471,2024-05-30,114,76
1471,2024-05-31,163,64
1471,2024-06-06,336,183
1471,2024-06-13,159,125
1471,2024-06-19,114,81
1471,2024-06-22,161,62
1471,2024-06-27,213,173
1471,2024-06-29,187,196
1471,2024-07-02,272,96
1471,2024-07-09,240,177
1471,2024-07-11,163,137
1471,2024-07-17,124,238
1471,2024-08-02,85,240
1471,2024-08-03,103,70
1471,2024-08-06,162,104
1471,2024-08-11,90,241
1471,2024-08-22,188,166
1471,2024-08-26,312,99
1471,2024-08-30,144,66
1471,2024-09-03,152,148
1471,2024-09-18,118,140
1471,2024-09-19,219,97
1471,2024-09-21,219,142
1472,2024-05-18,101,83
1472,2024-05-19,112,50
1472,2024-05-21,75,61
1472,2024-05-24,55,46
1472,2024-05-26,41,36
1472,2024-05-27,194,37
1472,2024-05-28,169,114
1472,2024-05-29,50,142
1472,2024-06-02,278,222
1472,2024-06-08,255,194
1472,2024-06-13,89,60
1472,2024-06-14,102,194
1472,2024-06-17,199,198
1472,2024-06-21,146,102
1472,2024-06-22,222,223
1472,2024-07-01,125,98
1472,2024-07-04,193,190
1472,2024-07-10,323,57
1472,2024-07-13,327,144
1472,2024-07-15,235,249
1472,2024-07-19,275,133
1472,2024-07-20,99,224
1472,2024-07-24,257,197
1472,2024-07-26,226,112
1472,2024-07-28,202,127
1472,2024-07-29,328,180
1472,2024-07-30,303,180
1472,2024-08-02,285,102
1472,2024-08-10,115,138
1472,2024-08-11,204,242
1472,2024-08-13,202,174
1472,2024-08-25,177,232
1472,2024-09-01,282,67
1472,2024-09-05,282,155
1472,2024-09-11,240,90
1472,2024-09-12,188,76
1472,2024-09-13,180,88
1472,2024-09-21,128,94
1472,2024-09-22,196,67
1472,2024-09-23,243,112
1472,2024-09-24,124,145
1472,2024-09-27,165,82
1473,2024-05-26,156,23
1473,2024-05-27,105,129
1473,2024-06-01,327,92
1473,2024-06-03,141,59
1473,2024-06-05,254,169
1473,2024-06-06,204,152
1473,2024-06-08,307,210
1473,2024-06-10,334,136
1473,2024-06-23,267,162
1473,2024-06-30,314,189
1473,2024-07-05,347,124
1473,2024-07-10,250,91
1474,2024-05-14,56,102
1474,2024-05-15,108,63
1474,2024-05-22,116,102
1474,2024-05-24,92,121
1474,2024-05-28,145,63
1474,2024-05-29,100,76
1474,2024-05-31,187,23
1474,2024-06-02,276,198
1474,2024-06-05,160,110
1474,2024-06-07,292,139
1474,2024-06-09,259,198
1474,2024-06-14,330,161
1474,2024-06-19,188,87
1474,2024-06-25,144,119
1474,2024-06-26,276,230
1474,2024-06-27,336,83
1474,2024-07-02,218,155
1474,2024-07-10,121,242
1475,2024-05-19,145,25
1475,2024-05-23,197,144
1475,2024-05-28,196,118
1475,2024-05-29,75,123
1475,2024-06-20,345,126
1475,2024-07-04,233,213
1475,2024-07-06,317,88
1475,2024-07-09,202,79
1475,2024-07-12,168,72
1475,2024-07-15,82,147
1475,2024-07-17,165,115
1475,2024-07-21,144,81
1475,2024-07-23,119,246
1475,2024-07-26,309,246
1475,2024-08-05,109,175
1475,2024-08-07,287,122
1475,2024-08-11,104,75
1475,2024-08-18,242,190
1475,2024-08-19,267,83
1475,2024-08-22,119,227
1475,2024-08-31,143,83
1475,2024-09-01,253,164
1475,2024-09-02,142,200
1475,2024-09-07,213,192
1475,2024-09-08,213,200
1475,2024-09-09,118,98
1475,2024-09-13,264,191
1475,2024-09-20,185,123
1475,2024-09-22,240,136
1475,2024-09-24,286,173
1477,2024-05-19,148,50
1477,2024-05-24,96,101
1477,2024-05-28,53,68
1477,2024-05-29,150,112
1477,2024-05-30,70,71
1477,2024-06-05,82,61
1477,2024-06-07,169,180
1477,2024-06-13,338,175
1477,2024-06-14,300,99
1477,2024-06-23,167,159
1477,2024-06-26,90,90
1477,2024-06-28,211,187
1477,2024-07-02,309,62
1477,2024-07-08,134,137
1477,2024-07-12,164,231
1477,2024-07-15,103,181
1477,2024-07-19,172,96
1477,2024-07-25,156,182
1477,2024-07-26,128,126
1477,2024-07-30,208,57
1477,2024-08-02,271,55
1477,2024-08-08,302,61
1477,2024-08-12,227,50
1478,2024-05-17,189,89
1478,2024-05-20,73,130
1478,2024-05-22,64,123
1478,2024-05-26,119,56
1478,2024-05-28,152,106
1478,2024-05-30,162,105
1478,2024-06-01,253,86
1478,2024-06-02,214,86
1478,2024-06-07,203,172
1478,2024-06-15,181,82
1478,2024-06-24,171,89
1478,2024-06-25,298,198
1478,2024-06-29,328,122
1478,2024-06-30,300,98
1478,2024-07-06,221,231
1478,2024-07-07,90,219
1478,2024-07-10,93,56
1478,2024-07-11,346,223
1478,2024-07-12,321,60
1478,2024-07-18,118,143
1478,2024-07-21,208,111
1478,2024-07-29,177,177
1478,2024-07-30,276,150
1478,2024-08-02,282,114
1478,2024-08-05,213,156
1478,2024-08-07,259,106
1479,2024-05-23,91,49
1479,2024-06-03,129,53
1479,2024-06-04,218,199
1479,2024-06-09,259,222
1479,2024-06-13,262,121
1479,2024-06-14,214,110
1479,2024-06-30,191,202
1479,2024-07-02,340,189
1479,2024-07-03,262,193
1479,2024-07-04,195,133
1479,2024-07-06,140,122
1479,2024-07-13,118,232
1479,2024-07-14,113,111
1479,2024-07-20,110,63
1479,2024-07-25,315,209
1480,2024-05-19,189,29
1480,2024-05-28,71,56
1480,2024-05-30,99,117
1480,2024-06-08,339,211
1480,2024-06-11,161,56
1480,2024-06-13,97,71
1480,2024-06-14,117,82
1480,2024-06-17,331,176
1480,2024-06-21,214,217
1480,2024-06-24,285,158
1480,2024-06-29,309,61
1480,2024-07-01,148,131
1480,2024-07-04,177,98
1480,2024-07-07,131,131
1480,2024-07-14,275,134
1480,2024-07-15,158,91
1480,2024-07-21,183,70
1480,2024-07-27,90,228
1480,2024-07-28,190,191
1480,2024-07-30,234,148
1480,2024-07-31,350,135
1481,2024-05-23,170,116
1481,2024-06-02,84,207
1481,2024-06-05,346,217
1481,2024-06-10,247,144
1481,2024-06-14,190,189
1481,2024-06-18,243,60
1481,2024-06-19,138,120
1481,2024-06-20,190,192
1481,2024-06-21,220,96
1481,2024-06-26,223,69
1481,2024-06-30,273,60
1481,2024-07-15,110,53
1481,2024-07-20,137,126
1481,2024-07-22,88,74
1481,2024-07-24,321,214
1481,2024-07-29,114,224
1481,2024-08-02,183,153
1481,2024-08-03,166,115
1481,2024-08-05,301,70
1481,2024-08-08,190,86
1481,2024-08-09,198,117
1481,2024-08-10,299,172
1481,2024-08-11,177,238
1481,2024-08-13,293,223
1481,2024-08-17,106,142
1481,2024-08-24,206,220
1481,2024-08-25,109,248
1481,2024-08-27,307,152
1481,2024-08-28,222,90
1481,2024-08-29,105,144
1481,2024-09-02,256,116
1481,2024-09-05,139,77
1481,2024-09-08,190,111
1481,2024-09-11,298,61
1481,2024-09-15,273,160
1481,2024-09-21,277,180
1481,2024-09-23,270,118
1481,2024-09-24,236,66
1481,2024-09-30,225,194
1482,2024-05-24,195,96
1482,2024-05-25,91,42
1482,2024-05-28,75,114
1482,2024-05-30,68,62
1482,2024-06-02,262,134
1482,2024-06-22,269,56
1482,2024-07-01,324,181
1482,2024-07-15,285,181
1482,2024-07-17,232,229
1482,2024-07-21,241,175
1482,2024-07-23,112,57
1482,2024-07-24,340,135
1482,2024-07-29,88,241
1482,2024-08-02,122,82
1482,2024-08-03,206,103
1482,2024-08-15,265,153
1482,2024-08-16,86,166
1482,2024-08-19,199,220
1482,2024-08-20,279,243
1482,2024-08-26,295,73
1482,2024-08-31,168,121
1482,2024-09-01,271,193
1482,2024-09-04,107,85
1482,2024-09-05,100,194
1482,2024-09-07,255,148
1482,2024-09-08,205,136
1482,2024-09-10,264,177
1482,2024-09-15,142,85
1482,2024-09-16,199,62
1482,2024-09-18,163,79
1482,2024-09-19,262,185
1483,2024-05-19,165,125
1483,2024-05-20,171,41
1483,2024-05-22,174,71
1483,2024-05-30,160,94
1483,2024-05-31,51,36
1483,2024-06-01,222,93
1483,2024-06-05,316,100
1483,2024-06-06,291,80
1483,2024-06-09,181,249
1483,2024-06-18,99,136
1483,2024-06-25,313,216
1483,2024-06-26,154,229
1483,2024-07-05,232,159
1483,2024-07-12,102,62
1483,2024-07-13,330,90
1483,2024-07-17,296,114
1483,2024-07-18,237,92
1483,2024-07-23,198,168
1483,2024-07-26,238,53
1483,2024-07-31,240,148
1483,2024-08-07,125,141
1483,2024-08-12,307,99
1483,2024-08-17,249,207
1483,2024-08-27,165,207
1483,2024-08-28,347,86
1483,2024-08-30,245,85
1483,2024-09-06,222,142
1483,2024-09-07,123,79
1483,2024-09-10,226,176
1483,2024-09-17,290,119
1483,2024-09-18,188,102
1483,2024-09-20,245,98
1483,2024-09-24,243,176
1483,2024-09-25,156,107
1483,2024-09-28,223,87
1484,2024-05-23,92,93
1484,2024-05-26,109,55
1484,2024-05-27,154,132
1484,2024-05-30,188,147
1484,2024-05-31,96,114
1484,2024-06-01,125,139
1484,2024-06-02,339,237
1484,2024-06-08,200,106
1484,2024-06-10,109,91
1484,2024-06-11,333,131
1484,2024-06-13,109,176
1484,2024-06-16,332,222
1484,2024-06-20,132,155
1484,2024-06-21,301,116
1484,2024-06-24,133,80
1484,2024-07-13,335,226
1484,2024-07-17,338,78
1484,2024-07-19,235,100
1484,2024-07-24,303,130
1484,2024-07-25,196,115
1484,2024-07-27,202,88
1486,2024-05-24,48,71
1486,2024-05-25,71,119
1486,2024-05-31,100,137
1486,2024-06-01,261,89
1486,2024-06-11,308,69
1486,2024-06-12,87,120
1486,2024-07-01,94,118
1486,2024-07-05,214,231
1486,2024-07-11,297,225
1486,2024-07-18,192,184
1488,2024-05-19,173,120
1488,2024-05-20,113,121
1488,2024-05-24,108,77
1488,2024-05-26,178,71
1488,2024-05-29,189,47
1488,2024-05-30,183,121
1488,2024-05-31,116,115
1488,2024-06-05,92,67
1488,2024-06-10,213,230
1488,2024-06-11,184,75
1488,2024-06-26,335,181
1488,2024-07-07,209,86
1488,2024-07-08,299,190
1488,2024-07-11,97,70
1488,2024-07-14,334,129
1488,2024-07-15,314,108
1488,2024-07-18,120,62
1488,2024-07-22,279,172
1488,2024-07-27,153,191
1488,2024-07-31,320,184
1488,2024-08-02,81,50
1488,2024-08-06,199,123
1488,2024-08-08,235,232
1488,2024-08-13,123,177
1488,2024-08-17,182,127
1488,2024-08-19,213,203
1488,2024-08-21,338,87
1488,2024-08-25,240,162
1488,2024-08-27,348,185
1488,2024-08-28,146,177
1488,2024-09-01,190,125
1488,2024-09-05,140,90
1488,2024-09-06,263,188
1488,2024-09-09,270,136
1488,2024-09-12,293,116
1488,2024-09-13,191,187
1488,2024-09-15,115,66
1488,2024-09-17,236,138
1489,2024-05-20,72,68
1489,2024-05-22,83,123
1489,2024-05-25,188,78
1489,2024-05-26,146,143
1489,2024-05-27,109,42
1489,2024-05-28,187,55
1489,2024-06-03,163,231
1489,2024-06-08,145,129
1489,2024-06-11,183,64
1489,2024-06-12,284,52
1489,2024-06-19,101,179
1489,2024-06-22,105,94
1489,2024-06-24,302,177
1489,2024-06-25,134,234
1489,2024-06-26,224,250
1489,2024-06-28,273,89
1490,2024-05-22,95,112
1490,2024-05-25,109,147
1490,2024-05-26,175,38
1490,2024-05-29,73,136
1490,2024-05-30,63,45
1490,2024-06-06,113,56
1490,2024-06-11,294,158
1490,2024-06-21,269,150
1490,2024-06-28,263,249
1491,2024-05-22,106,34
1491,2024-06-05,273,123
1491,2024-06-06,345,155
1491,2024-06-11,129,172
1491,2024-06-18,274,124
1491,2024-06-19,251,139
1491,2024-06-23,182,115
1491,2024-06-26,340,62
1491,2024-07-01,104,199
1491,2024-07-03,139,145
1491,2024-07-05,289,211
1491,2024-07-08,123,67
1491,2024-07-09,92,228
1491,2024-07-10,248,112
1491,2024-07-12,258,178
1491,2024-07-16,211,90
1491,2024-07-24,265,153
1491,2024-07-25,90,230
1491,2024-07-28,127,88
1491,2024-07-30,81,247
1491,2024-08-02,300,225
1491,2024-08-06,342,89
1491,2024-08-10,298,111
1491,2024-08-17,329,113
1491,2024-08-18,264,95
1491,2024-08-19,81,228
1491,2024-08-22,193,58
1491,2024-08-26,303,63
1491,2024-08-30,237,146
1491,2024-08-31,111,166
1491,2024-09-01,138,113
1491,2024-09-02,134,176
1491,2024-09-06,268,90
1491,2024-09-09,267,109
1491,2024-09-10,183,172
1491,2024-09-11,177,138
1491,2024-09-12,220,153
1491,2024-09-16,153,156
1491,2024-09-17,217,152
1491,2024-09-19,195,172
1491,2024-09-20,270,184
1491,2024-09-22,189,152
1491,2024-09-23,125,115
1491,2024-09-28,111,136
1493,2024-05-19,124,116
1493,2024-05-21,127,139
1493,2024-05-25,130,74
1493,2024-05-26,65,26
1493,2024-06-06,208,132
1493,2024-06-09,169,142
1493,2024-06-10,188,143
1493,2024-06-13,341,101
1493,2024-06-14,88,109
1493,2024-06-25,299,149
1493,2024-07-01,201,199
1493,2024-07-02,188,221
1495,2024-05-15,105,69
1495,2024-05-17,91,89
1495,2024-05-18,138,87
1495,2024-05-23,168,75
1495,2024-05-24,191,46
1495,2024-05-25,153,121
1495,2024-05-29,141,91
1495,2024-06-02,310,216
1495,2024-06-03,243,217
1495,2024-06-04,130,164
1495,2024-06-07,215,70
1495,2024-06-08,308,229
1495,2024-06-11,184,124
1495,2024-06-13,82,171
1495,2024-06-15,195,78
1495,2024-06-17,97,170
1495,2024-06-19,86,73
1495,2024-06-20,330,55
1495,2024-06-21,232,167
1495,2024-06-22,166,250
1495,2024-06-29,188,160
1496,2024-05-17,139,39
1496,2024-05-20,194,39
1496,2024-05-26,141,85
1496,2024-05-27,119,134
1496,2024-05-29,192,32
1496,2024-05-30,95,102
1496,2024-06-07,168,209
1496,2024-06-08,315,217
1496,2024-06-11,217,245
1496,2024-06-13,247,240
1496,2024-06-15,301,249
1496,2024-06-16,316,70
1496,2024-06-18,207,152
1496,2024-06-24,173,83
1496,2024-06-27,122,156
1496,2024-06-28,349,145
1496,2024-07-08,226,176
1496,2024-07-09,90,224
1496,2024-07-11,105,154
1496,2024-07-13,104,119
1496,2024-07-14,289,164
1496,2024-07-16,331,168
1496,2024-07-17,196,195
1496,2024-07-19,91,175
1496,2024-07-20,234,139
1496,2024-07-28,172,72
1496,2024-07-31,264,233
1496,2024-08-01,242,237
1496,2024-08-07,96,227
1497,2024-05-14,199,136
1497,2024-05-15,199,97
1497,2024-05-17,199,93
1497,2024-05-19,62,36
1497,2024-05-20,46,143
1497,2024-05-23,141,87
1497,2024-05-27,66,130
1497,2024-05-28,71,24
1497,2024-05-29,196,100
1497,2024-05-31,43,129
1497,2024-06-10,319,245
1497,2024-06-22,308,197
1497,2024-06-29,220,71
1497,2024-07-07,99,165
1497,2024-07-14,138,166
1497,2024-07-18,247,146
1497,2024-07-19,96,207
1497,2024-07-21,296,227
1497,2024-07-22,192,187
1497,2024-07-24,309,199
1497,2024-07-25,338,205
1497,2024-07-28,88,166
1497,2024-07-30,80,72
1497,2024-07-31,85,246
1497,2024-08-03,283,108
1497,2024-08-04,252,249
1497,2024-08-07,299,248
1497,2024-08-08,221,72
1497,2024-08-14,333,110
1497,2024-08-16,278,80
1497,2024-08-17,347,172
1497,2024-08-26,336,67
1497,2024-08-28,235,170
1497,2024-08-29,124,73
1497,2024-09-11,168,155
1497,2024-09-12,237,110
1497,2024-09-14,282,96
1497,2024-09-16,200,172
1497,2024-09-19,197,160
1502,2024-05-23,45,133
1502,2024-05-29,54,141
1502,2024-06-06,274,222
1502,2024-06-07,157,84
1502,2024-06-09,119,188
1502,2024-06-11,260,128
1502,2024-06-15,267,52
1502,2024-06-17,266,81
1502,2024-07-01,135,128
1502,2024-07-02,176,202
1502,2024-07-04,117,146
1502,2024-07-09,263,133
1502,2024-07-11,322,170
1502,2024-07-12,224,226
1502,2024-07-13,194,83
1502,2024-07-14,343,208
1502,2024-07-15,147,205
1502,2024-07-21,287,250
1502,2024-07-22,167,219
1502,2024-07-29,288,182
1502,2024-07-30,277,163
1502,2024-07-31,160,193
1502,2024-08-03,106,150
1502,2024-08-07,163,55
1502,2024-08-14,196,55
1502,2024-08-17,173,95
1502,2024-08-19,330,194
1502,2024-08-20,220,232
1502,2024-08-22,342,56
1502,2024-08-24,220,88
1502,2024-08-26,321,117
1502,2024-08-27,218,155
1502,2024-08-29,138,124
1502,2024-09-04,218,108
1502,2024-09-08,252,65
1502,2024-09-10,250,112
1502,2024-09-11,267,126
1502,2024-09-12,182,121
1502,2024-09-13,116,111
1503,2024-05-14,72,53
1503,2024-05-17,79,61
1503,2024-05-21,58,122
1503,2024-05-27,152,128
1503,2024-05-29,145,139
1503,2024-06-05,294,68
1503,2024-06-06,253,150
1503,2024-06-14,125,162
1503,2024-06-15,147,190
1503,2024-06-16,179,87
1503,2024-06-17,295,143
1503,2024-06-20,280,84
1503,2024-06-21,247,138
1503,2024-06-22,283,76
1503,2024-06-23,89,185
1503,2024-06-25,315,238
1504,2024-05-16,75,52
1504,2024-05-17,44,132
1504,2024-05-18,197,100
1504,2024-05-19,98,139
1504,2024-05-22,194,58
1504,2024-05-25,192,24
1504,2024-05-26,70,134
1504,2024-05-28,83,41
1504,2024-06-14,255,156
1504,2024-06-15,300,108
1504,2024-06-21,194,217
1505,2024-05-18,158,76
1505,2024-05-22,184,27
1505,2024-05-28,120,77
1505,2024-05-30,140,105
1505,2024-06-11,214,149
1505,2024-06-13,343,108
1505,2024-06-14,219,70
1505,2024-06-21,224,148
1505,2024-06-23,190,238
1505,2024-07-07,109,121
1505,2024-07-08,120,235
1505,2024-07-09,210,63
1505,2024-07-14,136,67
1505,2024-07-16,100,130
1505,2024-07-19,209,128
1505,2024-07-20,296,74
1505,2024-07-23,96,241
1505,2024-07-24,209,66
1505,2024-07-27,254,242
1505,2024-08-08,209,195
1505,2024-08-11,116,239
1505,2024-08-19,156,201
1505,2024-09-02,176,127
1505,2024-09-03,265,182
1505,2024-09-05,156,154
1505,2024-09-08,174,168
1505,2024-09-10,192,162
1505,2024-09-15,293,84
1506,2024-05-17,170,129
1506,2024-05-28,129,143
1506,2024-05-30,156,83
1506,2024-05-31,108,122
1506,2024-06-05,326,54
1506,2024-06-07,234,224
1506,2024-06-10,242,111
1506,2024-06-12,340,239
1506,2024-06-13,239,199
1506,2024-06-16,259,205
1506,2024-06-17,326,126
1506,2024-06-22,89,115
1506,2024-06-24,227,169
1506,2024-06-25,144,142
1506,2024-07-01,190,105
1506,2024-07-21,216,51
1506,2024-08-14,185,65
1506,2024-08-17,241,79
1506,2024-08-24,156,142
1506,2024-08-26,265,236
1506,2024-08-27,149,212
1506,2024-08-28,340,144
1506,2024-09-01,252,94
1506,2024-09-02,168,193
1506,2024-09-05,199,101
1506,2024-09-08,227,108
1506,2024-09-18,137,125
1506,2024-09-21,216,62
1507,2024-05-11,193,56
1507,2024-05-15,95,141
1507,2024-05-22,113,90
1507,2024-05-25,116,38
1507,2024-05-26,117,52
1507,2024-05-27,185,20
1507,2024-05-29,122,69
1507,2024-06-01,191,199
1507,2024-06-03,337,136
1507,2024-06-09,274,242
1507,2024-06-10,262,116
1507,2024-06-11,261,183
1507,2024-06-13,331,245
1507,2024-06-14,100,98
1507,2024-06-15,196,101
1507,2024-06-21,149,146
1507,2024-06-23,99,218
1507,2024-06-28,137,137
1507,2024-06-29,144,151
1507,2024-07-01,110,240
1507,2024-07-08,147,206
1507,2024-07-12,95,245
1507,2024-07-17,85,240
1507,2024-07-31,265,196
1507,2024-08-06,214,128
1507,2024-08-10,167,217
1507,2024-08-17,243,194
1510,2024-05-10,166,121
1510,2024-05-12,88,144
1510,2024-05-15,195,65
1510,2024-05-21,81,31
1510,2024-05-24,190,49
1510,2024-05-27,151,115
1510,2024-05-30,46,57
1510,2024-06-04,139,172
1510,2024-06-05,307,246
1510,2024-06-10,102,202
1510,2024-06-22,282,80
1510,2024-06-26,201,90
1510,2024-06-28,191,114
1510,2024-06-29,340,245
1510,2024-07-05,190,189
1510,2024-07-09,289,153
1510,2024-07-10,188,135
1510,2024-07-12,136,176
1510,2024-07-14,220,139
1510,2024-07-18,296,98
1510,2024-07-21,105,81
1510,2024-07-26,99,122
1510,2024-07-28,284,248
1510,2024-07-30,206,51
1510,2024-08-03,172,214
1510,2024-08-07,204,94
1510,2024-08-12,289,79
1510,2024-08-13,256,51
1510,2024-08-28,82,120
1510,2024-08-31,98,187
1510,2024-09-01,249,136
1510,2024-09-02,237,76
1510,2024-09-03,136,127
1510,2024-09-05,105,197
1510,2024-09-08,276,141
1510,2024-09-11,150,97
1510,2024-09-16,136,132
1510,2024-09-23,266,104
1512,2024-05-11,89,141
1512,2024-05-12,116,60
1512,2024-05-15,173,26
1512,2024-05-16,120,87
1512,2024-05-18,146,93
1512,2024-05-22,84,95
1512,2024-05-24,198,106
1512,2024-05-30,163,58
1512,2024-06-01,275,250
1512,2024-06-11,160,107
1512,2024-06-12,117,197
1512,2024-06-17,83,176
1512,2024-06-24,185,68
1512,2024-06-25,335,79
1512,2024-06-27,219,122
1514,2024-05-14,153,20
1514,2024-05-15,178,57
1514,2024-05-16,97,115
1514,2024-05-18,65,125
1514,2024-05-19,142,116
1514,2024-05-20,53,99
1514,2024-05-25,148,108
1514,2024-05-26,120,77
1514,2024-06-05,255,51
1514,2024-06-15,103,213
1514,2024-06-18,260,241
1514,2024-06-22,275,56
1514,2024-06-23,86,73
1514,2024-06-24,294,188
1514,2024-06-26,252,82
1514,2024-06-30,284,72
1514,2024-07-10,235,74
1514,2024-07-12,131,235
1514,2024-07-14,210,104
1514,2024-07-16,219,219
1514,2024-07-24,284,60
1514,2024-07-26,125,200
1515,2024-05-17,83,95
1515,2024-05-18,115,76
1515,2024-05-20,186,100
1515,2024-05-21,73,106
1515,2024-05-25,55,129
1515,2024-05-26,122,109
1515,2024-05-27,152,51
1515,2024-05-28,56,43
1515,2024-05-31,119,88
1515,2024-06-01,346,167
1515,2024-06-04,200,142
1515,2024-06-12,338,126
1515,2024-06-13,112,246
1515,2024-06-17,307,134
1515,2024-06-23,196,211
1515,2024-06-25,171,143
1515,2024-06-28,244,111
1515,2024-07-06,99,173
1515,2024-07-11,272,179
1516,2024-05-17,102,95
1516,2024-05-20,164,116
1516,2024-05-21,170,45
1516,2024-05-24,57,112
1516,2024-05-28,189,124
1516,2024-06-02,217,218
1516,2024-06-18,102,96
1516,2024-06-24,344,246
1516,2024-06-26,183,131
1516,2024-07-01,218,85
1517,2024-05-14,46,31
1517,2024-05-25,50,144
1517,2024-05-27,56,139
1517,2024-05-28,114,23
1517,2024-05-30,50,42
1517,2024-05-31,98,102
1517,2024-06-01,158,159
1517,2024-06-08,170,232
1517,2024-06-16,268,242
1518,2024-05-19,97,23
1518,2024-05-21,89,43
1518,2024-05-24,112,25
1518,2024-05-27,125,108
1518,2024-06-01,237,214
1518,2024-06-03,237,218
1518,2024-06-05,115,197
1518,2024-06-12,175,76
1518,2024-06-13,286,79
1518,2024-06-16,218,127
1518,2024-06-20,231,108
1518,2024-06-23,308,175
1518,2024-06-24,331,111
1518,2024-06-28,123,75
1518,2024-06-30,132,245
1518,2024-07-02,274,232
1518,2024-07-11,102,174
1518,2024-07-12,90,69
1518,2024-07-13,115,112
1518,2024-07-29,102,114
1518,2024-07-30,97,195
1518,2024-08-03,184,107
1518,2024-08-05,81,100
1518,2024-08-06,276,234
1518,2024-08-07,86,89
1518,2024-08-08,122,208
1518,2024-08-09,270,158
1518,2024-08-11,329,180
1518,2024-08-13,164,164
1518,2024-08-15,114,119
1518,2024-08-24,319,250
1518,2024-08-25,228,199
1518,2024-08-27,274,188
1518,2024-09-01,135,198
1518,2024-09-04,149,194
1518,2024-09-07,236,173
1518,2024-09-08,100,113
1518,2024-09-12,262,181
1518,2024-09-14,164,181
1518,2024-09-15,111,87
1518,2024-09-20,151,142
1518,2024-09-21,154,187
1518,2024-09-29,231,125
1518,2024-09-30,103,129
1519,2024-05-17,104,26
1519,2024-05-20,56,130
1519,2024-05-22,123,25
1519,2024-05-31,179,45
1519,2024-06-03,196,65
1519,2024-06-04,121,115
1519,2024-06-14,257,112
1519,2024-06-17,306,216
1519,2024-06-19,110,171
1519,2024-06-20,289,90
1519,2024-06-21,285,167
1519,2024-06-29,110,169
1519,2024-07-07,227,57
1519,2024-07-14,269,212
1519,2024-07-18,145,204
1519,2024-07-26,270,164
1519,2024-07-28,88,122
1519,2024-07-31,174,158
1519,2024-08-12,222,73
1519,2024-08-15,137,162
1519,2024-08-16,214,192
1519,2024-08-19,249,91
1519,2024-08-21,323,107
1519,2024-08-23,289,105
1519,2024-08-24,288,139
1519,2024-08-25,275,166
1519,2024-08-27,254,56
1519,2024-09-02,116,125
1519,2024-09-03,140,66
1519,2024-09-05,220,189
1523,2024-05-24,133,36
1523,2024-05-28,56,125
1523,2024-05-29,200,89
1523,2024-05-31,176,102
1523,2024-06-04,302,245
1523,2024-06-08,151,89
1523,2024-06-10,344,63
1523,2024-06-15,119,178
1523,2024-06-18,151,204
1523,2024-06-23,288,199
1523,2024-06-26,153,149
1523,2024-06-28,92,243
1523,2024-06-29,205,77
1523,2024-07-01,221,60
1523,2024-07-07,114,229
1523,2024-07-09,106,243
1523,2024-07-16,237,92
1523,2024-07-17,97,151
1523,2024-07-18,265,92
1523,2024-07-19,116,160
1523,2024-07-20,233,236
1523,2024-07-23,318,239
1523,2024-07-29,115,126
1523,2024-07-31,155,203
1524,2024-05-18,98,80
1524,2024-05-22,168,126
1524,2024-05-29,45,50
1524,2024-06-01,238,92
1524,2024-06-04,155,208
1524,2024-06-06,203,211
1524,2024-06-18,99,183
1524,2024-06-24,272,245
1524,2024-06-29,136,211
1524,2024-06-30,236,134
1524,2024-07-01,179,174
1524,2024-07-02,224,249
1524,2024-07-06,222,51
1524,2024-07-15,197,164
1526,2024-05-11,199,71
1526,2024-05-12,69,140
1526,2024-05-14,131,102
1526,2024-05-21,120,101
1526,2024-05-23,80,64
1526,2024-05-28,46,58
1526,2024-06-01,94,164
1526,2024-06-02,211,175
1526,2024-06-09,204,226
1526,2024-06-10,312,51
1526,2024-06-17,224,197
1526,2024-06-25,342,197
1526,2024-06-30,296,235
1526,2024-07-06,193,233
1526,2024-07-09,225,182
1526,2024-07-14,265,96
1526,2024-07-26,346,176
1526,2024-08-06,109,93
1526,2024-08-07,231,53
1526,2024-08-11,125,52
1526,2024-08-15,273,111
1526,2024-08-18,168,118
1526,2024-08-22,192,180
1526,2024-08-25,142,194
1526,2024-09-03,249,144
1526,2024-09-08,237,66
1526,2024-09-09,264,159
1526,2024-09-13,191,67
1528,2024-05-11,70,88
1528,2024-05-12,53,64
1528,2024-05-13,161,31
1528,2024-05-18,174,129
1528,2024-05-20,141,120
1528,2024-05-25,147,96
1528,2024-05-26,74,60
1528,2024-05-27,45,139
1528,2024-05-28,172,52
1528,2024-05-30,161,31
1528,2024-05-31,106,113
1528,2024-06-03,245,160
1528,2024-06-05,316,110
1528,2024-06-12,263,227
1528,2024-06-13,218,164
1528,2024-06-18,104,119
1528,2024-06-19,269,84
1528,2024-07-05,308,148
1528,2024-07-06,216,228
1528,2024-07-12,99,165
1528,2024-07-16,269,202
1528,2024-07-18,120,179
1528,2024-07-20,306,176
1528,2024-07-21,239,67
1528,2024-08-04,234,66
1528,2024-08-05,125,117
1528,2024-08-08,120,218
1528,2024-08-11,176,99
1528,2024-08-12,240,184
1528,2024-08-13,289,163
1528,2024-08-15,112,80
1528,2024-08-16,119,75
1528,2024-08-18,150,170
1528,2024-08-19,229,59
1528,2024-08-22,285,117
1529,2024-05-17,199,62
1529,2024-05-19,127,102
1529,2024-05-21,132,74
1529,2024-05-25,58,121
1529,2024-05-27,90,98
1529,2024-05-28,169,114
1529,2024-05-30,152,111
1529,2024-06-02,304,77
1529,2024-06-09,266,104
1529,2024-06-13,94,123
1529,2024-06-15,203,171
1529,2024-06-16,318,55
1529,2024-06-25,263,137
1529,2024-06-29,253,60
1529,2024-07-08,129,187
1529,2024-07-12,176,112
1529,2024-07-14,157,178
1529,2024-07-18,283,191
1529,2024-07-19,233,225
1529,2024-08-10,264,188
1529,2024-08-14,285,244
1529,2024-08-15,180,103
1529,2024-08-17,93,61
1529,2024-08-21,104,77
1529,2024-08-24,140,156
1529,2024-08-25,124,144
1529,2024-08-29,243,183
1529,2024-08-30,312,164
1529,2024-09-01,109,195
1529,2024-09-09,136,131
1529,2024-09-15,160,76
1529,2024-09-16,246,135
1529,2024-09-18,151,79
1529,2024-09-19,287,191
1529,2024-09-27,125,191
1529,2024-09-28,261,197
1529,2024-09-30,220,64
1530,2024-05-08,151,141
1530,2024-05-11,120,79
1530,2024-05-12,171,80
1530,2024-05-15,90,25
1530,2024-05-16,72,78
1530,2024-05-18,148,46
1530,2024-05-22,55,54
1530,2024-05-25,167,111
1530,2024-05-26,103,65
1530,2024-05-31,157,71
1530,2024-06-01,115,121
1530,2024-06-09,146,166
1530,2024-06-16,323,75
1530,2024-06-21,120,202
1530,2024-06-26,230,205
1530,2024-06-28,120,71
1530,2024-07-04,278,138
1530,2024-07-06,316,126
1530,2024-07-08,311,74
1530,2024-07-09,289,196
1530,2024-07-11,339,97
1530,2024-07-12,302,67
1530,2024-07-14,189,135
1530,2024-07-16,250,126
1530,2024-07-18,254,219
1530,2024-07-27,262,161
1530,2024-07-28,180,235
1530,2024-07-29,139,195
1530,2024-08-03,345,241
1530,2024-08-06,296,66
1530,2024-08-10,291,199
1530,2024-08-12,215,198
1530,2024-08-20,187,238
1530,2024-08-23,103,209
1530,2024-08-30,186,76
1530,2024-09-15,170,155
1530,2024-09-21,188,197
1530,2024-09-24,242,86
1531,2024-05-19,108,109
1531,2024-05-22,141,117
1531,2024-05-24,92,68
1531,2024-05-26,114,49
1531,2024-05-29,121,146
1531,2024-05-30,145,88
1531,2024-06-01,314,204
1531,2024-06-02,170,233
1531,2024-06-06,265,166
1531,2024-06-17,229,249
1531,2024-06-18,145,125
1531,2024-06-21,239,166
1531,2024-06-25,292,162
1531,2024-06-27,235,158
1531,2024-06-29,199,124
1531,2024-07-02,89,75
1531,2024-07-03,196,245
1531,2024-07-09,191,113
1531,2024-07-10,321,138
1531,2024-07-11,329,64
1531,2024-07-13,85,163
1531,2024-07-15,278,137
1531,2024-07-16,295,85
1531,2024-07-22,151,143
1531,2024-07-27,252,197
1531,2024-08-03,169,112
1531,2024-08-12,129,168
1531,2024-08-14,116,181
1531,2024-08-15,197,120
1531,2024-08-16,297,185
1531,2024-08-19,216,156
1531,2024-08-20,186,58
1531,2024-09-01,168,98
1531,2024-09-06,173,77
1531,2024-09-07,106,125
1531,2024-09-25,298,136
1531,2024-09-27,102,77
1531,2024-09-30,212,188
1532,2024-05-21,170,98
1532,2024-05-24,187,60
1532,2024-06-02,219,133
1532,2024-06-09,263,164
1532,2024-06-13,275,186
1532,2024-06-15,180,60
1532,2024-06-20,304,63
1533,2024-05-14,168,145
1533,2024-05-16,84,139
1533,2024-05-17,170,71
1533,2024-05-18,130,50
1533,2024-05-19,66,50
1533,2024-05-20,175,75
1533,2024-05-21,86,87
1533,2024-05-24,51,148
1533,2024-05-25,119,92
1533,2024-05-26,199,128
1533,2024-05-30,125,147
1533,2024-06-08,133,196
1533,2024-06-13,85,236
1533,2024-06-15,97,127
1533,2024-06-20,265,205
1533,2024-06-23,321,187
1533,2024-06-27,191,138
1533,2024-07-07,161,141
1533,2024-07-08,125,135
1533,2024-07-10,291,64
1533,2024-07-11,273,173
1533,2024-07-15,125,112
1533,2024-07-19,246,147
1533,2024-07-20,258,61
1533,2024-07-26,214,184
1533,2024-07-31,267,174
1533,2024-08-01,179,167
1533,2024-08-04,311,164
1533,2024-08-07,301,186
1533,2024-08-10,164,98
1533,2024-08-11,336,190
1533,2024-08-13,105,156
1533,2024-08-16,189,218
1533,2024-08-22,82,146
1533,2024-08-26,117,141
1533,2024-08-27,180,63
1534,2024-05-19,138,92
1534,2024-05-20,168,100
1534,2024-05-21,194,67
1534,2024-05-25,184,85
1534,2024-05-27,193,94
1534,2024-05-30,136,86
1534,2024-06-08,191,183
1534,2024-06-11,299,142
1534,2024-06-15,92,150
1534,2024-06-29,206,128
1534,2024-07-03,189,249
1534,2024-07-04,85,209
1534,2024-07-11,90,144
1534,2024-07-12,124,94
1535,2024-05-14,116,25
1535,2024-05-20,149,133
1535,2024-05-21,150,143
1535,2024-05-23,149,116
1535,2024-05-26,75,80
1535,2024-05-27,82,27
1535,2024-05-30,110,69
1535,2024-06-01,156,220
1535,2024-06-02,98,198
1535,2024-06-14,307,81
1535,2024-06-15,295,57
1535,2024-06-18,145,167
1535,2024-06-22,231,135
1535,2024-06-26,243,240
1535,2024-06-27,138,95
1535,2024-07-16,238,180
1535,2024-07-22,124,201
1535,2024-07-23,283,162
1535,2024-07-26,291,153
1535,2024-08-07,129,62
1535,2024-08-14,263,105
1535,2024-08-17,182,75
1535,2024-08-23,143,183
1535,2024-08-26,308,241
1535,2024-08-28,93,236
1535,2024-08-29,171,50
1535,2024-08-30,341,157
1535,2024-09-02,164,124
1535,2024-09-09,282,110
1535,2024-09-14,165,188
1535,2024-09-15,287,170
1535,2024-09-16,217,122
1535,2024-09-17,224,77
1535,2024-09-18,138,67
1535,2024-09-20,110,178
1535,2024-09-23,268,180
1535,2024-09-26,160,154
1535,2024-09-28,282,105
1535,2024-09-29,203,123
1536,2024-05-16,138,76
1536,2024-05-17,144,123
1536,2024-05-26,167,120
1536,2024-05-28,92,87
1536,2024-05-30,134,72
1536,2024-05-31,110,109
1536,2024-06-07,222,210
1536,2024-06-11,344,91
1536,2024-06-13,90,232
1536,2024-06-15,135,135
1536,2024-06-18,207,233
1536,2024-06-23,222,75
1536,2024-06-27,84,216
1536,2024-07-03,182,92
1536,2024-07-04,112,184
1538,2024-05-14,76,111
1538,2024-05-15,46,107
1538,2024-05-18,124,98
1538,2024-05-20,119,64
1538,2024-05-22,122,37
1538,2024-05-23,101,144
1538,2024-05-25,199,41
1538,2024-06-11,95,204
1538,2024-06-16,274,204
1539,2024-05-10,144,75
1539,2024-05-18,76,64
1539,2024-05-20,192,51
1539,2024-05-21,148,30
1539,2024-05-23,55,148
1539,2024-05-24,88,102
1539,2024-05-26,119,96
1539,2024-06-04,329,72
1539,2024-06-14,334,184
1539,2024-06-18,124,169
1539,2024-06-21,332,179
1539,2024-06-23,175,233
1539,2024-06-25,345,101
1539,2024-06-27,296,167
1539,2024-06-29,232,174
1539,2024-07-01,291,217
1539,2024-07-04,276,112
1539,2024-07-08,285,217
1539,2024-08-09,170,110
1539,2024-08-13,231,107
1539,2024-08-21,126,139
1539,2024-08-26,186,173
1539,2024-08-28,118,84
1539,2024-08-31,338,111
1539,2024-09-02,252,75
1539,2024-09-05,287,162
1539,2024-09-12,189,200
1539,2024-09-13,107,146
1539,2024-09-14,116,168
1541,2024-05-13,176,122
1541,2024-05-15,50,114
1541,2024-05-16,158,112
1541,2024-05-21,103,77
1541,2024-05-26,135,72
1541,2024-05-27,181,79
1541,2024-05-28,73,150
1541,2024-05-31,121,95
1541,2024-06-09,312,68
1541,2024-06-11,251,130
1541,2024-06-15,188,152
1541,2024-06-25,301,203
1541,2024-06-26,169,215
1541,2024-06-30,160,171
1541,2024-07-01,299,126
1541,2024-07-06,196,188
1541,2024-07-08,80,92
1541,2024-07-09,254,137
1542,2024-05-19,170,43
1542,2024-05-21,152,124
1542,2024-05-25,110,113
1542,2024-05-28,185,136
1542,2024-05-29,82,83
1542,2024-05-31,158,54
1542,2024-06-04,262,121
1542,2024-06-08,342,137
1542,2024-06-12,304,124
1542,2024-06-21,92,203
1542,2024-06-24,101,182
1542,2024-06-25,236,98
1542,2024-06-30,152,171
1542,2024-07-05,160,218
1542,2024-07-08,110,132
1542,2024-07-11,213,100
1542,2024-07-12,156,209
1542,2024-07-18,345,66
1542,2024-07-19,289,98
1542,2024-07-21,303,226
1542,2024-07-23,102,118
1543,2024-05-16,85,43
1543,2024-05-22,124,28
1543,2024-05-23,182,138
1543,2024-05-24,200,118
1543,2024-05-25,174,142
1543,2024-06-04,263,149
1543,2024-06-08,183,187
1543,2024-06-09,115,105
1543,2024-06-11,255,96
1543,2024-06-12,331,192
1543,2024-06-18,142,159
1543,2024-06-20,289,92
1543,2024-06-24,349,193
1543,2024-06-28,344,134
1543,2024-07-02,276,61
1543,2024-07-03,311,97
1543,2024-07-05,246,116
1543,2024-07-13,251,164
1543,2024-07-15,312,233
1543,2024-07-23,232,93
1543,2024-07-25,303,203
1543,2024-07-29,288,83
1543,2024-07-30,81,204
1543,2024-08-04,311,116
1543,2024-08-13,298,190
1543,2024-08-16,183,75
1543,2024-08-21,188,229
1543,2024-08-23,284,162
1543,2024-08-28,306,225
1543,2024-08-30,263,187
1543,2024-09-04,228,89
1543,2024-09-06,193,81
1543,2024-09-09,289,117
1543,2024-09-20,251,181
1543,2024-09-22,283,106
1543,2024-09-25,127,155
1543,2024-09-27,189,100
1543,2024-09-30,201,118
1545,2024-05-13,135,66
1545,2024-05-14,63,80
1545,2024-05-18,65,76
1545,2024-05-19,143,81
1545,2024-05-20,92,101
1545,2024-05-21,76,93
1545,2024-05-26,111,86
1545,2024-05-28,61,129
1545,2024-05-30,123,22
1545,2024-06-07,333,90
1545,2024-06-19,158,65
1545,2024-06-20,237,73
1545,2024-06-25,130,91
1545,2024-06-29,187,70
1545,2024-07-02,195,244
1545,2024-07-03,312,117
1545,2024-07-04,215,141
1545,2024-07-05,239,229
1545,2024-07-06,275,233
1545,2024-07-08,243,201
1545,2024-07-09,346,119
1545,2024-07-14,124,145
1545,2024-07-18,341,188
1545,2024-07-21,102,118
1545,2024-07-29,244,124
1545,2024-08-01,310,155
1545,2024-08-09,183,142
1545,2024-08-11,243,238
1545,2024-08-12,324,89
1545,2024-08-13,318,69
1545,2024-08-16,82,244
1545,2024-08-21,158,93
1545,2024-08-22,198,238
1545,2024-08-24,256,185
1545,2024-08-26,237,99
1545,2024-08-31,246,169
1547,2024-05-13,181,73
1547,2024-05-23,103,92
1547,2024-05-27,128,59
1547,2024-05-28,47,145
1547,2024-05-30,156,81
1547,2024-06-01,271,213
1547,2024-06-07,174,133
1547,2024-06-11,338,203
1547,2024-06-18,298,176
1547,2024-06-20,117,183
1548,2024-05-19,65,71
1548,2024-05-21,165,140
1548,2024-05-22,49,137
1548,2024-05-27,147,101
1548,2024-05-29,130,36
1548,2024-06-01,288,218
1548,2024-06-04,232,241
1548,2024-06-05,175,108
1548,2024-06-12,218,199
1548,2024-06-15,186,88
1548,2024-06-19,330,191
1548,2024-06-20,188,149
1548,2024-07-01,108,165
1548,2024-07-03,87,210
1548,2024-07-07,141,110
1548,2024-07-10,153,86
1549,2024-05-13,132,34
1549,2024-05-18,153,150
1549,2024-05-22,139,81
1549,2024-05-23,76,60
1549,2024-05-24,145,49
1549,2024-05-25,154,122
1549,2024-05-27,123,111
1549,2024-05-30,44,63
1549,2024-06-01,159,242
1549,2024-06-02,230,239
1549,2024-06-08,280,160
1549,2024-06-22,178,235
1549,2024-06-25,121,86
1549,2024-07-08,254,164
1549,2024-07-11,229,172
1549,2024-07-14,146,162
1549,2024-07-21,342,145
1549,2024-07-22,267,132
1549,2024-07-25,217,231
1549,2024-07-26,149,130
1549,2024-07-29,181,105
1549,2024-08-02,187,165
1549,2024-08-04,161,155
1549,2024-08-09,255,183
1549,2024-08-15,242,203
1549,2024-08-17,161,87
1549,2024-08-25,107,114
1549,2024-08-26,140,172
1549,2024-08-28,208,62
1549,2024-08-31,98,215
1551,2024-05-15,136,83
1551,2024-05-16,148,129
1551,2024-05-17,197,110
1551,2024-05-18,107,82
1551,2024-05-21,199,138
1551,2024-05-24,174,75
1551,2024-06-03,317,239
1551,2024-06-12,194,184
1551,2024-06-13,213,103
1551,2024-06-30,177,75
1551,2024-07-03,294,206
1552,2024-05-19,140,147
1552,2024-05-24,62,38
1552,2024-05-26,85,138
1552,2024-05-29,110,49
1552,2024-05-31,115,52
1552,2024-06-01,207,91
1552,2024-06-04,284,89
1552,2024-06-06,214,207
1552,2024-06-07,330,146
1552,2024-06-08,190,53
1552,2024-06-09,280,92
1552,2024-06-11,312,129
1552,2024-06-13,110,98
1552,2024-06-14,222,89
1552,2024-06-23,303,180
1552,2024-06-26,126,224
1552,2024-06-27,192,146
1552,2024-06-29,216,123
1552,2024-07-11,313,111
1552,2024-07-12,198,176
1552,2024-07-14,156,145
1552,2024-07-19,129,203
1552,2024-07-20,232,70
1552,2024-07-30,187,99
1552,2024-08-04,333,228
1552,2024-08-09,194,120
1552,2024-08-11,142,249
1552,2024-08-14,278,85
1553,2024-05-14,193,23
1553,2024-05-17,65,77
1553,2024-05-23,173,25
1553,2024-05-29,173,102
1553,2024-06-07,317,68
1553,2024-06-10,112,228
1553,2024-06-25,143,203
1553,2024-06-26,226,142
1553,2024-06-27,290,128
1553,2024-07-01,302,242
1553,2024-07-03,163,92
1553,2024-07-18,94,218
1553,2024-07-19,332,114
1553,2024-07-25,181,59
1554,2024-05-16,196,149
1554,2024-05-17,64,22
1554,2024-05-19,86,75
1554,2024-05-21,100,59
1554,2024-05-22,81,101
1554,2024-05-28,78,25
1554,2024-06-04,334,233
1554,2024-06-06,242,52
1554,2024-06-12,89,221
1554,2024-06-13,96,123
1554,2024-06-15,126,245
1554,2024-06-16,300,173
1554,2024-06-19,241,182
1554,2024-06-23,149,110
1554,2024-06-25,286,173
1554,2024-06-26,141,140
1554,2024-06-28,137,109
1554,2024-07-04,238,206
1554,2024-07-13,322,95
1554,2024-07-14,255,64
1554,2024-07-16,285,192
1554,2024-07-17,98,55
1554,2024-07-18,114,108
1554,2024-07-23,80,155
1554,2024-08-07,291,230
1554,2024-08-11,208,142
1554,2024-08-12,172,150
1554,2024-08-20,312,212
1554,2024-08-21,284,61
1554,2024-08-23,315,128
1554,2024-08-28,177,227
1554,2024-08-29,248,125
1554,2024-08-31,168,79
1554,2024-09-04,277,181
1554,2024-09-09,267,131
1554,2024-09-11,106,129
1554,2024-09-19,134,76
1554,2024-09-21,218,146
1554,2024-09-24,146,114
1554,2024-09-25,265,197
1554,2024-09-27,169,98
1554,2024-09-30,144,197
1555,2024-05-20,51,75
1555,2024-05-22,51,55
1555,2024-05-23,101,113
1555,2024-05-27,181,45
1555,2024-05-28,122,57
1555,2024-05-29,85,72
1555,2024-05-31,117,89
1555,2024-06-10,219,209
1555,2024-06-11,334,138
1555,2024-06-14,237,219
1555,2024-06-18,309,192
1555,2024-06-19,225,61
1555,2024-06-25,183,168
1555,2024-06-29,165,245
1555,2024-06-30,318,233
1555,2024-07-04,266,220
1555,2024-07-05,223,85
1555,2024-07-11,307,78
1555,2024-07-20,251,224
1555,2024-07-21,135,84
1555,2024-07-22,167,136
1555,2024-07-24,341,121
1555,2024-07-30,143,203
1557,2024-05-20,134,142
1557,2024-05-21,145,21
1557,2024-05-27,40,71
1557,2024-06-06,299,236
1557,2024-06-12,129,72
1557,2024-06-15,158,148
1557,2024-06-16,347,171
1557,2024-06-18,207,234
1557,2024-06-22,228,202
1557,2024-06-26,277,75
1557,2024-06-27,216,208
1557,2024-06-29,125,141
1557,2024-06-30,267,216
1557,2024-07-04,90,209
1557,2024-07-06,280,104
1557,2024-07-07,247,243
1557,2024-07-11,248,237
1557,2024-07-12,269,110
1557,2024-07-14,211,169
1557,2024-07-18,174,138
1557,2024-07-21,231,207
1557,2024-07-25,322,197
1557,2024-07-27,80,147
1557,2024-07-28,81,86
1557,2024-07-30,160,67
1557,2024-08-01,334,238
1557,2024-08-02,149,177
1557,2024-08-03,319,201
1557,2024-08-05,246,88
1557,2024-08-08,209,117
1557,2024-08-09,230,232
1557,2024-08-17,88,163
1557,2024-08-19,123,187
1557,2024-08-20,94,201
1558,2024-05-20,133,52
1558,2024-05-21,164,122
1558,2024-05-23,80,115
1558,2024-05-28,82,119
1558,2024-05-29,82,73
1558,2024-06-07,146,148
1558,2024-06-09,158,147
1558,2024-06-12,231,117
1558,2024-06-14,112,145
1558,2024-06-23,95,69
1558,2024-06-25,202,162
1558,2024-06-30,104,51
1558,2024-07-01,170,132
1558,2024-07-13,324,187
1558,2024-07-17,305,51
1558,2024-07-18,160,75
1558,2024-07-19,83,106
1558,2024-07-22,309,81
1558,2024-07-29,134,171
1558,2024-08-09,106,56
1558,2024-08-11,319,131
1558,2024-08-12,160,243
1558,2024-08-16,309,216
1558,2024-08-17,121,179
1558,2024-08-18,188,127
1558,2024-08-21,220,110
1558,2024-08-22,303,159
1558,2024-08-23,290,149
1558,2024-08-26,300,249
1558,2024-08-29,280,137
1558,2024-09-01,246,154
1558,2024-09-04,236,116
1558,2024-09-11,229,142
1558,2024-09-12,165,115
1558,2024-09-18,247,99
1558,2024-09-25,257,109
1558,2024-09-26,250,131
1558,2024-09-27,297,189
1559,2024-05-14,82,65
1559,2024-05-19,110,119
1559,2024-05-21,81,126
1559,2024-05-26,138,143
1559,2024-05-28,59,73
1559,2024-05-30,55,88
1559,2024-06-05,177,60
1559,2024-06-06,243,54
1559,2024-06-08,282,173
1559,2024-06-12,319,141
1559,2024-06-14,105,152
1559,2024-06-18,111,244
1559,2024-06-21,283,227
1559,2024-06-22,157,93
1559,2024-06-23,111,51
1559,2024-06-29,177,162
1559,2024-07-04,146,167
1559,2024-07-05,289,62
1559,2024-07-08,308,77
1559,2024-07-20,133,133
1559,2024-07-21,163,96
1559,2024-07-22,317,179
1559,2024-07-23,127,102
1559,2024-07-29,220,219
1559,2024-08-01,323,190
1559,2024-08-03,112,172
1559,2024-08-07,326,194
1559,2024-08-09,223,64
1559,2024-08-10,349,221
1559,2024-08-11,292,187
1559,2024-08-20,193,195
1559,2024-08-21,231,244
1559,2024-08-23,230,119
1559,2024-08-30,224,155
1559,2024-09-02,248,73
1559,2024-09-03,167,168
1560,2024-05-18,96,64
1560,2024-05-19,164,52
1560,2024-05-22,198,124
1560,2024-05-26,145,28
1560,2024-05-29,154,110
1560,2024-05-30,42,49
1560,2024-06-14,253,156
1560,2024-06-15,198,97
1560,2024-06-17,167,193
1560,2024-07-02,302,74
1560,2024-07-04,293,130
1561,2024-05-14,134,33
1561,2024-05-15,128,73
1561,2024-05-16,173,35
1561,2024-05-18,181,24
1561,2024-05-19,123,140
1561,2024-05-21,192,102
1561,2024-05-23,178,66
1561,2024-05-26,124,57
1561,2024-05-29,73,42
1561,2024-05-30,54,92
1561,2024-05-31,54,89
1561,2024-06-01,181,234
1561,2024-06-04,314,59
1561,2024-06-07,238,62
1561,2024-06-08,189,238
1561,2024-06-10,299,116
1561,2024-06-15,168,178
1561,2024-06-20,185,74
1561,2024-06-23,94,223
1561,2024-06-30,266,171
1561,2024-07-01,259,116
1561,2024-07-04,220,198
1561,2024-07-07,100,109
1563,2024-05-15,105,42
1563,2024-05-18,190,95
1563,2024-05-25,105,134
1563,2024-06-02,246,211
1563,2024-06-05,135,163
1563,2024-06-11,313,193
1563,2024-06-14,196,102
1563,2024-06-21,202,168
1563,2024-06-23,91,100
1563,2024-06-27,215,124
1563,2024-06-28,112,133
1563,2024-06-29,142,173
1564,2024-05-14,57,118
1564,2024-05-16,129,111
1564,2024-05-17,157,87
1564,2024-05-19,75,114
1564,2024-05-20,85,80
1564,2024-05-23,141,138
1564,2024-05-24,91,80
1564,2024-05-30,61,138
1564,2024-05-31,86,114
1564,2024-06-01,291,191
1564,2024-06-04,295,57
1564,2024-06-17,279,144
1564,2024-06-22,123,90
1564,2024-06-24,157,53
1564,2024-06-30,123,239
1564,2024-07-01,178,177
1564,2024-07-06,274,125
1564,2024-07-12,330,219
1564,2024-07-20,291,228
1564,2024-07-21,127,221
1564,2024-07-25,116,175
1564,2024-07-26,280,148
1564,2024-07-29,170,235
1564,2024-08-07,164,160
1564,2024-08-10,287,113
1564,2024-08-12,252,125
1564,2024-08-13,283,78
1567,2024-05-18,168,58
1567,2024-05-20,56,142
1567,2024-05-21,139,126
1567,2024-05-23,178,86
1567,2024-05-26,86,105
1567,2024-05-27,131,34
1567,2024-05-28,146,95
1567,2024-05-29,144,109
1567,2024-05-31,132,127
1567,2024-06-03,325,111
1567,2024-06-06,124,138
1567,2024-06-09,288,239
1567,2024-06-16,245,193
1567,2024-06-18,109,128
1567,2024-06-20,140,213
1567,2024-06-24,336,62
1567,2024-06-30,330,141
1567,2024-07-18,305,190
1567,2024-07-28,180,158
1567,2024-07-29,110,164
1567,2024-07-31,226,226
1567,2024-08-02,147,207
1567,2024-08-03,297,141
1567,2024-08-12,85,206
1567,2024-08-13,214,218
1567,2024-08-14,85,206
1567,2024-08-16,198,120
1567,2024-08-19,287,195
1567,2024-08-26,345,63
1569,2024-05-17,141,81
1569,2024-05-18,129,140
1569,2024-05-19,78,28
1569,2024-05-25,80,23
1569,2024-05-26,186,24
1569,2024-05-27,71,60
1569,2024-06-06,349,111
1569,2024-06-08,82,186
1569,2024-06-10,279,207
1569,2024-06-12,98,164
1569,2024-06-14,230,193
1569,2024-06-15,153,148
1569,2024-06-21,213,88
1569,2024-06-22,141,192
1569,2024-06-24,280,120
1569,2024-07-08,92,157
1569,2024-07-14,329,72
1569,2024-07-17,132,59
1569,2024-07-19,206,114
1569,2024-07-22,189,130
1569,2024-07-27,317,149
1569,2024-07-29,300,126
1571,2024-05-17,185,32
1571,2024-05-19,163,84
1571,2024-05-25,44,134
1571,2024-05-26,97,85
1571,2024-06-02,254,214
1571,2024-06-09,232,58
1571,2024-06-16,263,59
1571,2024-06-17,323,152
1571,2024-06-18,290,248
1571,2024-06-21,158,55
1571,2024-06-23,258,153
1571,2024-06-29,136,225
1571,2024-07-08,159,63
1571,2024-07-09,227,111
1571,2024-07-12,298,226
1571,2024-07-13,338,89
1573,2024-05-15,164,76
1573,2024-05-24,67,107
1573,2024-05-27,147,100
1573,2024-05-28,65,73
1573,2024-05-29,125,22
1573,2024-05-30,73,65
1573,2024-06-02,91,155
1573,2024-06-05,124,178
1573,2024-06-08,134,51
1573,2024-06-10,296,100
1573,2024-06-21,212,62
1573,2024-06-26,240,250
1573,2024-06-29,91,195
1573,2024-07-04,201,184
1573,2024-07-06,242,192
1573,2024-07-10,125,106
1573,2024-07-11,168,99
1573,2024-07-18,211,144
1573,2024-07-20,102,56
1573,2024-07-22,330,188
1573,2024-07-25,294,249
1573,2024-07-30,289,202
1573,2024-07-31,322,154
1573,2024-08-02,170,202
1573,2024-08-03,138,202
1573,2024-08-09,182,60
1573,2024-08-13,96,233
1573,2024-08-14,253,201
1573,2024-08-17,113,220
1573,2024-08-26,165,207
1573,2024-08-27,165,199
1573,2024-08-28,109,187
1573,2024-09-04,227,180
1573,2024-09-10,210,184
1573,2024-09-11,102,67
1573,2024-09-14,182,167
1574,2024-05-18,197,52
1574,2024-05-19,189,105
1574,2024-05-21,75,115
1574,2024-05-27,91,120
1574,2024-05-31,88,64
1574,2024-06-01,341,83
1574,2024-06-05,104,78
1574,2024-06-13,252,138
1574,2024-06-14,264,158
1574,2024-06-16,316,123
1574,2024-06-17,286,112
1574,2024-06-20,103,215
1574,2024-06-23,187,71
1574,2024-06-25,265,139
1574,2024-06-26,272,180
1574,2024-06-29,309,185
1574,2024-07-03,277,137
1574,2024-07-08,174,154
1574,2024-07-12,149,205
1574,2024-07-18,154,102
1574,2024-07-28,330,59
1574,2024-08-07,100,210
1574,2024-08-10,322,131
1574,2024-08-11,294,128
1574,2024-08-16,325,121
1574,2024-08-21,248,199
1574,2024-08-22,326,198
1574,2024-09-01,201,192
1575,2024-05-12,174,103
1575,2024-05-13,56,44
1575,2024-05-17,122,109
1575,2024-05-21,166,137
1575,2024-05-25,55,104
1575,2024-05-26,169,42
1575,2024-05-28,123,30
1575,2024-06-02,87,248
1575,2024-06-07,190,217
1575,2024-06-09,148,118
1575,2024-06-14,275,76
1575,2024-06-18,233,151
1575,2024-06-23,147,112
1575,2024-06-24,180,218
1575,2024-06-26,232,203
1575,2024-06-27,319,114
1575,2024-06-28,181,185
1575,2024-06-29,196,238
1575,2024-07-05,271,183
1575,2024-07-06,151,204
1575,2024-07-14,201,60
1575,2024-07-16,336,222
1575,2024-07-21,90,121
1575,2024-07-25,140,180
1575,2024-07-28,282,167
1575,2024-07-29,293,225
1575,2024-07-30,122,219
1575,2024-07-31,347,60
1575,2024-08-06,324,208
1575,2024-08-12,285,240
1575,2024-08-21,199,113
1575,2024-08-22,120,70
1575,2024-08-27,229,93
1575,2024-08-31,167,94
1575,2024-09-06,151,199
1575,2024-09-10,284,159
1575,2024-09-13,270,70
1575,2024-09-16,135,172
1575,2024-09-18,110,82
1575,2024-09-19,214,151
1575,2024-09-22,118,82
1575,2024-09-24,204,104
1575,2024-09-28,171,163
1577,2024-05-19,60,137
1577,2024-05-23,137,33
1577,2024-05-26,177,81
1577,2024-05-30,107,68
1577,2024-06-02,149,197
1577,2024-06-06,282,78
1577,2024-06-09,242,93
1577,2024-06-21,230,171
1577,2024-06-23,291,150
1577,2024-06-24,331,145
1577,2024-06-27,156,234
1577,2024-07-01,109,188
1577,2024-07-06,342,156
1577,2024-07-07,189,62
1577,2024-07-08,243,130
1577,2024-07-09,198,200
1577,2024-07-10,270,188
1577,2024-07-14,231,150
1577,2024-07-25,289,167
1577,2024-07-26,105,116
1577,2024-08-09,343,62
1577,2024-08-10,255,206
1577,2024-08-15,336,138
1577,2024-08-23,248,66
1577,2024-08-29,82,193
1577,2024-09-01,202,140
1577,2024-09-02,115,92
1577,2024-09-03,269,175
1577,2024-09-07,139,128
1577,2024-09-11,148,190
1577,2024-09-12,275,136
1577,2024-09-14,160,108
1577,2024-09-16,133,66
1578,2024-05-12,109,31
1578,2024-05-15,60,91
1578,2024-05-17,140,69
1578,2024-05-21,117,95
1578,2024-05-23,149,90
1578,2024-05-24,56,83
1578,2024-05-25,73,75
1578,2024-05-30,69,108
1578,2024-06-01,310,219
1578,2024-06-02,340,180
1578,2024-06-06,188,200
1578,2024-06-09,155,227
1578,2024-06-12,182,140
1578,2024-06-16,260,110
1578,2024-06-17,274,164
1578,2024-06-27,242,53
1578,2024-06-30,240,193
1578,2024-07-02,239,224
1578,2024-07-06,242,184
1578,2024-07-14,328,244
1578,2024-07-30,327,120
1578,2024-08-03,253,112
1579,2024-05-13,82,69
1579,2024-05-18,189,107
1579,2024-05-24,116,137
1579,2024-05-27,185,44
1579,2024-05-29,105,44
1579,2024-06-01,185,168
1579,2024-06-10,291,68
1579,2024-06-12,115,225
1579,2024-06-15,265,125
1579,2024-06-18,97,204
1579,2024-06-20,92,142
1579,2024-06-22,258,206
1579,2024-06-25,327,172
1579,2024-07-02,160,228
1579,2024-07-08,160,53
1582,2024-05-13,185,79
1582,2024-05-16,99,109
1582,2024-05-18,75,150
1582,2024-05-20,175,98
1582,2024-05-22,83,100
1582,2024-05-25,109,63
1582,2024-05-26,70,69
1582,2024-05-28,98,21
1582,2024-05-29,85,35
1582,2024-05-30,184,93
1582,2024-06-03,314,97
1582,2024-06-09,162,250
1582,2024-06-12,248,217
1583,2024-05-16,86,46
1583,2024-05-23,109,88
1583,2024-05-29,90,31
1583,2024-06-02,232,100
1583,2024-06-10,312,224
1583,2024-06-15,285,87
1583,2024-06-18,276,63
1583,2024-06-23,155,108
1583,2024-06-27,90,106
1583,2024-06-28,307,178
1583,2024-06-30,350,110
1583,2024-07-02,99,147
1583,2024-07-10,134,140
1583,2024-07-17,116,111
1583,2024-07-31,103,63
1583,2024-08-01,105,55
1583,2024-08-02,235,143
1583,2024-08-03,312,225
1583,2024-08-08,344,92
1583,2024-08-14,117,249
1583,2024-08-16,284,89
1583,2024-08-18,233,239
1583,2024-08-19,182,116
1583,2024-08-28,114,140
1583,2024-08-29,239,136
1583,2024-08-30,264,160
1583,2024-09-03,118,167
1587,2024-05-12,50,115
1587,2024-05-17,163,133
1587,2024-05-19,73,63
1587,2024-05-22,98,143
1587,2024-05-29,111,120
1587,2024-05-31,142,49
1587,2024-06-02,324,125
1587,2024-06-05,166,235
1587,2024-06-06,318,214
1587,2024-06-09,301,239
1587,2024-06-10,284,235
1587,2024-06-11,210,53
1587,2024-06-12,134,97
1587,2024-06-21,174,71
1587,2024-06-22,303,64
1587,2024-06-30,111,149
1587,2024-07-03,215,84
1587,2024-07-16,128,206
1587,2024-07-31,203,185
1587,2024-08-02,144,172
1587,2024-08-03,201,205
1587,2024-08-06,140,205
1587,2024-08-12,230,178
1587,2024-08-18,169,55
1587,2024-08-19,317,244
1587,2024-08-20,325,210
1587,2024-08-23,296,203
1587,2024-08-27,180,94
1587,2024-09-05,174,196
1587,2024-09-13,263,118
1587,2024-09-18,259,142
1587,2024-09-23,174,138
1588,2024-05-19,82,142
1588,2024-05-20,103,105
1588,2024-05-21,64,37
1588,2024-05-28,171,134
1588,2024-05-30,70,69
1588,2024-06-13,262,108
1588,2024-06-14,304,205
1588,2024-06-21,100,185
1588,2024-06-29,136,134
1588,2024-07-03,230,132
1588,2024-07-07,345,58
1588,2024-07-10,219,119
1588,2024-07-13,91,188
1588,2024-07-19,113,64
1588,2024-07-23,190,174
1588,2024-07-24,253,162
1588,2024-07-27,220,113
1588,2024-08-02,108,54
1588,2024-08-09,257,213
1588,2024-08-15,143,103
1588,2024-08-18,289,84
1588,2024-08-20,95,71
1588,2024-08-21,242,54
1588,2024-09-01,277,175
1588,2024-09-02,183,185
1588,2024-09-03,208,143
1588,2024-09-06,205,141
1588,2024-09-08,169,138
1588,2024-09-17,141,97
1588,2024-09-18,116,139
1588,2024-09-23,203,143
1588,2024-09-25,151,184
1588,2024-09-29,199,134
1588,2024-09-30,123,161
1589,2024-05-16,64,80
1589,2024-05-17,170,94
1589,2024-05-20,186,23
1589,2024-05-22,192,32
1589,2024-05-23,81,47
1589,2024-06-03,153,123
1589,2024-06-07,106,84
1589,2024-06-16,229,246
1589,2024-06-19,150,119
1589,2024-07-03,289,233
1589,2024-07-08,195,107
1589,2024-07-12,335,179
1590,2024-05-15,54,81
1590,2024-05-25,135,35
1590,2024-05-27,118,73
1590,2024-05-31,195,121
1590,2024-06-03,188,83
1590,2024-06-05,128,168
1590,2024-06-07,309,148
1590,2024-06-08,340,72
1590,2024-06-09,293,102
1590,2024-06-10,84,112
1590,2024-06-13,252,168
1590,2024-06-20,117,76
1592,2024-05-23,43,53
1592,2024-05-29,195,90
1592,2024-06-04,211,242
1592,2024-06-05,157,173
1592,2024-06-09,150,243
1592,2024-06-11,222,143
1592,2024-06-14,145,142
1592,2024-06-17,135,100
1592,2024-06-22,341,221
1592,2024-06-24,146,160
1592,2024-06-25,318,120
1592,2024-06-29,88,230
1592,2024-06-30,199,183
1592,2024-07-02,258,91
1592,2024-07-04,338,174
1592,2024-07-11,130,173
1592,2024-07-14,196,68
1592,2024-07-16,275,155
1592,2024-07-17,278,53
1592,2024-07-20,266,222
1592,2024-07-21,258,137
1592,2024-07-28,312,116
1592,2024-08-02,140,188
1592,2024-08-09,208,179
1592,2024-08-12,118,135
1592,2024-08-18,109,148
1592,2024-08-20,185,119
1592,2024-08-22,161,189
1592,2024-08-23,344,147
1592,2024-08-26,126,194
1592,2024-08-27,146,179
1593,2024-05-19,179,28
1593,2024-05-20,99,132
1593,2024-05-23,195,40
1593,2024-05-24,117,53
1593,2024-05-30,146,61
1593,2024-06-11,210,83
1593,2024-06-20,288,58
1593,2024-06-21,293,86
1593,2024-06-24,120,147
1593,2024-06-28,189,168
1593,2024-07-01,302,82
1593,2024-07-02,310,196
1593,2024-07-03,245,122
1593,2024-07-04,248,147
1593,2024-07-05,108,126
1593,2024-07-09,216,57
1593,2024-07-10,211,180
1593,2024-07-11,111,80
1593,2024-07-14,187,122
1593,2024-07-16,174,162
1593,2024-07-22,190,234
1593,2024-07-24,311,189
1593,2024-07-27,299,246
1593,2024-07-31,284,57
1593,2024-08-02,118,69
1593,2024-08-09,343,184
1593,2024-08-11,348,246
1593,2024-08-15,108,249
1593,2024-08-16,121,215
1593,2024-08-18,148,243
1593,2024-08-19,180,170
1593,2024-08-21,262,248
1593,2024-08-24,276,64
1593,2024-08-27,189,127
1595,2024-05-11,75,61
1595,2024-05-13,90,87
1595,2024-05-21,197,72
1595,2024-05-24,160,110
1595,2024-05-28,60,150
1595,2024-05-31,89,70
1595,2024-06-05,157,126
1595,2024-06-07,308,227
1595,2024-06-08,271,207
1595,2024-06-12,267,118
1595,2024-06-24,160,148
1595,2024-06-30,105,211
1595,2024-07-03,264,92
1595,2024-07-04,191,194
1595,2024-07-05,321,136
1595,2024-07-06,280,57
1595,2024-07-10,144,223
1595,2024-07-11,168,212
1595,2024-07-12,226,145
1595,2024-07-14,331,134
1595,2024-07-16,337,188
1595,2024-07-23,321,190
1595,2024-07-27,203,186
1595,2024-08-02,182,156
1595,2024-08-11,132,202
1595,2024-08-15,217,144
1595,2024-08-17,154,149
1595,2024-08-19,242,212
1595,2024-08-24,94,145
1595,2024-08-31,120,84
1598,2024-05-17,91,122
1598,2024-05-18,94,28
1598,2024-05-19,193,147
1598,2024-05-20,175,85
1598,2024-06-02,292,137
1598,2024-06-05,154,196
1598,2024-06-08,84,177
1598,2024-06-11,124,189
1598,2024-06-15,126,142
1598,2024-06-17,267,140
1598,2024-06-21,205,146
1598,2024-06-24,139,102
1598,2024-06-25,169,73
1598,2024-07-05,103,249
1599,2024-05-16,177,31
1599,2024-05-19,164,122
1599,2024-05-20,64,76
1599,2024-05-21,189,133
1599,2024-05-23,59,86
1599,2024-05-25,64,100
1599,2024-05-28,172,36
1599,2024-06-08,95,226
1599,2024-06-15,328,191
1599,2024-06-21,143,209
1599,2024-06-22,262,214
1599,2024-06-26,142,204
1599,2024-07-01,297,173
1599,2024-07-05,252,86
1599,2024-07-07,123,146
1599,2024-07-14,89,174
1599,2024-07-19,227,250
1599,2024-07-24,195,102
1599,2024-08-02,106,97
1599,2024-08-05,333,218
1599,2024-08-08,221,203
1599,2024-08-11,162,159
1599,2024-08-14,177,72
1599,2024-08-19,152,104
1599,2024-08-22,116,101
1599,2024-08-23,135,217
1599,2024-08-24,84,111
1599,2024-08-25,198,58
1600,2024-05-17,187,102
1600,2024-05-21,144,143
1600,2024-05-24,187,115
1600,2024-05-30,111,124
1600,2024-05-31,106,31
1600,2024-06-06,158,144
1600,2024-06-08,123,108
1600,2024-06-14,222,250
1600,2024-06-17,97,129
1600,2024-06-29,288,131
1600,2024-07-04,86,119
1600,2024-07-09,305,87
1600,2024-07-15,85,111
1600,2024-07-16,325,170
1600,2024-07-24,319,50
1600,2024-07-25,336,116
1600,2024-07-27,184,63
1600,2024-07-29,239,197
1600,2024-08-06,245,248
1600,2024-08-08,350,50
1600,2024-08-12,316,244
1600,2024-08-13,255,53
1600,2024-08-15,95,137
1600,2024-08-16,318,137
1600,2024-08-18,345,142
1600,2024-08-24,328,85
1600,2024-08-26,326,246
1600,2024-08-29,266,209
1600,2024-09-02,132,92
1600,2024-09-06,275,84
1600,2024-09-09,284,75
1601,2024-05-22,85,127
1601,2024-05-24,60,48
1601,2024-05-25,48,33
1601,2024-05-27,145,135
1601,2024-05-28,115,105
1601,2024-05-31,106,50
1601,2024-06-11,125,221
1601,2024-06-17,285,201
1601,2024-06-21,139,73
1601,2024-06-22,228,130
1601,2024-06-25,282,180
1601,2024-06-26,215,164
1601,2024-06-29,243,176
1601,2024-07-04,236,193
1601,2024-07-05,94,181
1601,2024-07-07,169,231
1601,2024-07-20,270,171
1601,2024-07-21,191,71
1601,2024-07-23,271,103
1601,2024-07-29,203,244
1601,2024-07-30,260,248
1601,2024-08-03,149,236
1601,2024-08-04,85,52
1601,2024-08-09,243,174
1601,2024-08-19,325,244
1601,2024-08-20,125,148
1601,2024-09-11,190,77
1601,2024-09-13,218,85
1602,2024-05-17,63,80
1602,2024-05-18,173,50
1602,2024-05-21,154,85
1602,2024-05-23,171,122
1602,2024-05-26,164,42
1602,2024-05-27,138,124
1602,2024-05-28,94,46
1602,2024-05-31,50,150
1602,2024-06-03,220,213
1602,2024-06-06,312,230
1602,2024-06-08,222,194
1602,2024-06-09,292,220
1602,2024-06-19,99,75
1602,2024-06-24,282,144
1602,2024-06-28,249,181
1602,2024-07-02,327,152
1602,2024-07-03,179,114
1602,2024-07-04,327,172
1602,2024-07-05,265,94
1602,2024-07-06,241,191
1602,2024-07-13,302,221
1602,2024-07-25,336,178
1602,2024-07-27,326,220
1602,2024-07-28,157,97
1602,2024-07-29,118,144
1602,2024-08-02,236,189
1602,2024-08-04,314,68
1602,2024-08-11,344,244
1602,2024-08-28,314,199
1602,2024-09-05,123,69
1602,2024-09-07,270,128
1602,2024-09-09,152,200
1602,2024-09-14,131,143
1602,2024-09-17,198,195
1602,2024-09-18,149,120
1602,2024-09-20,123,136
1602,2024-09-22,282,88
1602,2024-09-24,235,173
1602,2024-09-30,150,177
1603,2024-05-21,189,95
1603,2024-05-23,126,139
1603,2024-05-29,69,99
1603,2024-06-01,217,150
1603,2024-06-09,223,182
1603,2024-06-15,138,216
1603,2024-06-20,208,77
1603,2024-06-23,158,160
1603,2024-06-25,259,95
1603,2024-06-26,264,143
1603,2024-06-29,314,109
1603,2024-07-21,97,91
1604,2024-05-20,150,54
1604,2024-05-30,146,68
1604,2024-05-31,129,102
1604,2024-06-01,150,112
1604,2024-06-03,122,199
1604,2024-06-06,200,241
1604,2024-06-08,128,83
1604,2024-06-10,275,181
1604,2024-06-13,348,52
1604,2024-06-27,229,183
1604,2024-07-01,223,88
1604,2024-07-06,239,130
1604,2024-07-07,348,214
1604,2024-07-08,125,223
1604,2024-07-09,225,146
1604,2024-07-13,323,75
1604,2024-07-18,275,100
1604,2024-07-19,262,171
1604,2024-07-22,89,220
1604,2024-07-24,167,248
1604,2024-07-27,123,242
1604,2024-07-28,127,109
1604,2024-07-29,159,51
1604,2024-07-31,294,241
1604,2024-08-05,199,103
1604,2024-08-10,139,95
1604,2024-08-13,206,106
1604,2024-08-14,288,185
1604,2024-08-16,153,131
1604,2024-08-17,211,151
1604,2024-08-22,104,223
1604,2024-08-23,299,84
1604,2024-08-28,182,63
1604,2024-08-29,348,95
1605,2024-05-25,198,113
1605,2024-05-27,134,111
1605,2024-05-28,140,150
1605,2024-05-30,107,47
1605,2024-05-31,99,90
1605,2024-06-03,86,112
1605,2024-06-05,132,124
1605,2024-06-14,118,226
1605,2024-06-17,249,248
1605,2024-06-18,227,244
1605,2024-06-26,341,109
1605,2024-06-27,87,157
1605,2024-07-01,244,186
1605,2024-07-05,166,95
1605,2024-07-12,244,54
1606,2024-05-28,96,104
1606,2024-05-29,49,141
1606,2024-05-31,60,27
1606,2024-06-11,219,211
1606,2024-06-13,93,204
1606,2024-06-17,323,216
1606,2024-06-24,339,167
1606,2024-06-25,299,185
1606,2024-06-28,168,128
1606,2024-06-29,323,62
1606,2024-07-02,265,69
1606,2024-07-09,209,126
1606,2024-07-10,272,236
1606,2024-07-11,169,174
1606,2024-07-15,343,157
1606,2024-07-16,250,110
1606,2024-07-17,277,99
1606,2024-07-23,311,101
1606,2024-07-28,270,183
1606,2024-07-31,254,229
1606,2024-08-01,289,218
1606,2024-08-02,313,60
1606,2024-08-03,334,149
1606,2024-08-05,234,200
1606,2024-08-15,228,216
1606,2024-08-18,303,198
1606,2024-08-23,144,92
1606,2024-08-29,117,69
1606,2024-09-01,161,167
1606,2024-09-05,192,143
1606,2024-09-08,118,89
1606,2024-09-09,138,135
1606,2024-09-12,246,67
1606,2024-09-20,234,126
1607,2024-05-22,105,79
1607,2024-05-23,89,135
1607,2024-05-27,90,135
1607,2024-05-31,71,94
1607,2024-06-03,292,166
1607,2024-06-08,108,120
1607,2024-06-11,303,153
1607,2024-06-15,345,132
1607,2024-06-18,338,137
1607,2024-06-19,148,155
1607,2024-06-23,336,79
1607,2024-06-24,184,93
1607,2024-06-30,279,163
1607,2024-07-07,315,131
1607,2024-07-10,309,72
1607,2024-07-11,319,166
1607,2024-07-13,88,55
1607,2024-07-17,328,132
1607,2024-07-20,228,224
1607,2024-07-23,298,130
1607,2024-07-26,273,154
1607,2024-08-02,104,195
1607,2024-08-03,249,228
1607,2024-08-07,212,130
1607,2024-08-09,271,138
1607,2024-08-18,174,138
1607,2024-08-19,225,68
1607,2024-08-26,90,88
1607,2024-08-27,159,84
1607,2024-08-29,319,246
1607,2024-08-30,304,156
1607,2024-09-04,243,133
1607,2024-09-06,275,131
1607,2024-09-14,141,183
1607,2024-09-20,155,148
1607,2024-09-22,197,171
1607,2024-09-24,230,99
1608,2024-05-26,58,47
1608,2024-05-30,110,133
1608,2024-05-31,56,98
1608,2024-06-02,113,180
1608,2024-06-04,90,77
1608,2024-06-08,185,129
1608,2024-06-10,327,217
1608,2024-06-15,223,134
1608,2024-06-20,308,224
1608,2024-06-25,193,183
1608,2024-06-29,103,156
1608,2024-07-02,345,55
1608,2024-07-04,108,210
1608,2024-07-13,327,168
1608,2024-07-23,300,122
1608,2024-07-24,209,182
1608,2024-07-25,313,136
1608,2024-07-27,145,195
1608,2024-07-31,347,63
1608,2024-08-05,188,79
1608,2024-08-09,283,238
1608,2024-08-10,133,130
1608,2024-08-13,273,129
1608,2024-08-16,167,60
1608,2024-08-18,335,240
1608,2024-08-22,307,97
1608,2024-08-28,174,88
1608,2024-08-31,191,84
1608,2024-09-01,246,200
1608,2024-09-10,182,91
1608,2024-09-13,239,159
1608,2024-09-23,273,75
1608,2024-09-28,271,110
1609,2024-05-20,56,85
1609,2024-05-21,166,137
1609,2024-05-22,181,36
1609,2024-05-23,91,117
1609,2024-05-24,188,47
1609,2024-05-26,58,143
1609,2024-05-27,101,82
1609,2024-06-02,200,103
1609,2024-06-03,188,147
1609,2024-06-07,342,73
1609,2024-06-21,241,78
1609,2024-06-23,313,136
1609,2024-06-30,305,159
1609,2024-07-01,130,192
1609,2024-07-04,290,57
1609,2024-07-11,152,103
1609,2024-07-13,282,184
1609,2024-07-17,238,72
1609,2024-07-22,280,231
1609,2024-07-27,258,161
1609,2024-07-30,300,208
1609,2024-07-31,243,64
1609,2024-08-04,106,64
1609,2024-08-05,346,170
1609,2024-08-11,147,159
1609,2024-08-12,336,89
1609,2024-08-20,310,209
1609,2024-08-23,162,245
1609,2024-09-01,245,93
1609,2024-09-09,158,90
1609,2024-09-10,255,123
1609,2024-09-11,134,111
1611,2024-05-25,128,67
1611,2024-05-26,159,144
1611,2024-05-29,100,30
1611,2024-05-30,170,125
1611,2024-05-31,54,85
1611,2024-06-01,294,130
1611,2024-06-06,320,78
1611,2024-06-08,291,56
1611,2024-06-17,308,248
1611,2024-06-19,90,167
1611,2024-06-21,204,83
1611,2024-06-29,174,214
1611,2024-07-17,106,75
1611,2024-07-18,101,148
1611,2024-07-22,93,60
1611,2024-07-23,339,242
1611,2024-07-25,272,178
1611,2024-07-28,213,145
1611,2024-07-29,328,156
1611,2024-07-30,82,176
1611,2024-08-01,89,94
1611,2024-08-06,89,165
1611,2024-08-07,242,239
1611,2024-08-09,298,160
1611,2024-08-15,299,193
1611,2024-08-17,236,127
1611,2024-08-28,228,58
1611,2024-09-05,152,118
1611,2024-09-14,153,105
1612,2024-05-26,91,87
1612,2024-05-29,180,123
1612,2024-05-30,196,79
1612,2024-06-05,151,213
1612,2024-06-08,203,173
1612,2024-06-09,318,50
1612,2024-06-11,345,234
1612,2024-06-15,249,78
1612,2024-06-21,102,183
1612,2024-06-23,232,228
1612,2024-06-25,287,228
1612,2024-06-27,267,86
1612,2024-06-29,347,217
1612,2024-07-01,110,188
1612,2024-07-05,342,127
1612,2024-07-09,157,54
1612,2024-07-15,99,227
1612,2024-07-22,320,196
1613,2024-05-25,76,148
1613,2024-05-26,137,40
1613,2024-05-28,136,107
1613,2024-05-30,98,108
1613,2024-05-31,101,81
1613,2024-06-06,292,198
1613,2024-06-07,146,99
1613,2024-06-24,99,172
1613,2024-06-28,323,126
1613,2024-07-01,201,85
1613,2024-07-02,350,82
1613,2024-07-04,151,108
1613,2024-07-05,341,114
1613,2024-07-06,207,164
1613,2024-07-08,254,204
1613,2024-07-10,255,81
1613,2024-07-17,253,172
1613,2024-07-18,318,147
1613,2024-08-10,206,65
1613,2024-08-11,120,230
1613,2024-08-15,106,111
1613,2024-08-23,159,148
1613,2024-08-26,302,212
1613,2024-08-27,194,154
1613,2024-08-28,217,158
1613,2024-09-02,288,109
1613,2024-09-03,199,134
1613,2024-09-07,168,145
1613,2024-09-13,138,159
1613,2024-09-20,165,176
1613,2024-09-22,278,114
1613,2024-09-23,293,169
1613,2024-09-25,262,139
1613,2024-09-26,295,154
1613,2024-09-27,187,172
1613,2024-09-30,265,60
1614,2024-05-22,185,69
1614,2024-05-25,106,121
1614,2024-05-27,49,54
1614,2024-06-01,323,211
1614,2024-06-03,171,106
1614,2024-06-05,314,70
1614,2024-06-15,137,173
1614,2024-06-20,144,85
1614,2024-06-30,130,236
1614,2024-07-02,150,225
1614,2024-07-03,106,146
1614,2024-07-10,282,174
1614,2024-07-11,90,66
1614,2024-07-12,152,169
1614,2024-07-13,187,142
1614,2024-07-19,310,98
1614,2024-07-21,174,218
1614,2024-07-24,102,132
1614,2024-07-28,228,137
1614,2024-07-31,86,72
1615,2024-05-20,184,101
1615,2024-05-24,68,123
1615,2024-05-26,41,116
1615,2024-05-28,111,29
1615,2024-05-29,165,32
1615,2024-05-30,147,46
1615,2024-06-01,97,63
1615,2024-06-02,105,136
1615,2024-06-04,167,208
1615,2024-06-05,289,89
1615,2024-06-14,112,112
1615,2024-06-25,210,221
1615,2024-06-26,221,149
1616,2024-05-25,173,45
1616,2024-05-26,80,83
1616,2024-05-29,132,89
1616,2024-05-31,56,93
1616,2024-06-08,108,191
1616,2024-06-21,290,145
1616,2024-06-27,314,205
1616,2024-07-02,133,209
1616,2024-07-03,273,114
1616,2024-07-06,81,234
1616,2024-07-07,340,173
1616,2024-07-08,328,74
1616,2024-07-11,306,52
1616,2024-07-15,207,76
1616,2024-07-18,152,54
1616,2024-07-22,253,136
1616,2024-07-28,277,191
1616,2024-07-30,311,122
1616,2024-08-07,220,228
1616,2024-08-08,324,163
1616,2024-08-10,220,145
1616,2024-08-14,206,95
1616,2024-08-18,320,242
1616,2024-08-23,160,117
1616,2024-08-25,118,83
1617,2024-05-26,151,54
1617,2024-05-29,70,97
1617,2024-05-30,157,51
1617,2024-06-03,178,185
1617,2024-06-07,126,104
1617,2024-06-09,286,193
1617,2024-06-10,238,58
1617,2024-06-13,257,60
1617,2024-06-23,105,208
1617,2024-06-26,307,198
1617,2024-06-27,248,118
1617,2024-06-28,99,70
1617,2024-07-02,292,231
1617,2024-07-03,256,220
1617,2024-07-05,325,193
1617,2024-07-06,299,245
1617,2024-07-09,329,174
1617,2024-07-11,229,65
1617,2024-07-19,159,68
1617,2024-07-20,235,157
1617,2024-07-25,304,57
1618,2024-05-25,190,31
1618,2024-05-28,190,101
1618,2024-06-01,340,237
1618,2024-06-10,324,96
1618,2024-06-12,96,72
1618,2024-06-14,248,74
1618,2024-06-18,290,194
1618,2024-06-21,99,82
1618,2024-06-25,142,231
1618,2024-07-03,134,147
1618,2024-07-04,146,83
1618,2024-07-05,152,143
1618,2024-07-09,127,102
1618,2024-07-13,267,248
1618,2024-07-15,105,134
1618,2024-07-17,230,117
1618,2024-07-25,102,180
1618,2024-07-29,127,63
1618,2024-08-01,233,217
1618,2024-08-07,299,94
1618,2024-08-12,200,114
1618,2024-08-20,183,92
1618,2024-08-25,172,103
1618,2024-08-27,270,56
1618,2024-08-29,336,198
1618,2024-08-31,188,160
1618,2024-09-03,245,109
1618,2024-09-06,133,60
1618,2024-09-08,177,183
1618,2024-09-11,295,62
1618,2024-09-18,156,169
1618,2024-09-19,282,120
1618,2024-09-22,274,163
1618,2024-09-23,261,155
1619,2024-05-27,87,118
1619,2024-05-29,173,38
1619,2024-05-30,189,134
1619,2024-06-14,191,118
1619,2024-06-19,195,250
1619,2024-06-20,157,110
1619,2024-06-26,178,172
1619,2024-06-27,106,150
1619,2024-06-29,143,144
1619,2024-07-06,151,191
1619,2024-07-14,192,88
1619,2024-07-19,251,138
1619,2024-07-22,314,207
1619,2024-07-27,260,227
1619,2024-07-29,243,241
1619,2024-07-30,235,204
1619,2024-07-31,342,57
1619,2024-08-06,88,189
1619,2024-08-08,87,107
1619,2024-08-11,116,192
1619,2024-08-12,196,222
1619,2024-08-13,131,66
1619,2024-08-16,260,170
1619,2024-08-17,253,70
1619,2024-08-20,207,131
1619,2024-08-26,268,92
1619,2024-08-27,227,171
1619,2024-09-09,205,114
1619,2024-09-13,102,152
1619,2024-09-17,213,144
1619,2024-09-18,136,87
1619,2024-09-19,281,164
1619,2024-09-20,242,146
1619,2024-09-23,137,183
1619,2024-09-25,271,174
1619,2024-09-26,296,189
1619,2024-09-28,215,191
1620,2024-05-23,155,41
1620,2024-05-28,80,42
1620,2024-05-30,84,44
1620,2024-05-31,45,36
1620,2024-06-01,234,165
1620,2024-06-05,189,234
1620,2024-06-08,335,225
1620,2024-06-13,120,220
1620,2024-06-19,130,101
1620,2024-06-23,198,190
1620,2024-06-26,167,86
1620,2024-07-01,217,170
1620,2024-07-03,183,231
1620,2024-07-05,219,179
1620,2024-07-08,219,134
1620,2024-07-12,205,101
1620,2024-07-13,329,189
1620,2024-07-16,113,55
1620,2024-07-19,121,107
1621,2024-05-26,152,94
1621,2024-05-27,112,53
1621,2024-05-30,41,109
1621,2024-05-31,42,77
1621,2024-06-07,145,146
1621,2024-06-08,86,244
1621,2024-06-09,309,208
1621,2024-06-10,112,141
1621,2024-06-11,316,250
1621,2024-06-12,135,179
1621,2024-06-14,145,182
1621,2024-06-18,135,87
1621,2024-06-20,157,186
1621,2024-07-04,296,135
1621,2024-07-05,323,88
1621,2024-07-07,109,74
1621,2024-07-10,326,67
1621,2024-07-16,289,222
1621,2024-07-26,180,236
1621,2024-08-02,86,220
1621,2024-08-05,177,210
1621,2024-08-06,165,62
1621,2024-08-08,259,101
1621,2024-08-10,113,167
1621,2024-08-16,348,62
1621,2024-08-19,313,154
1621,2024-09-09,293,84
1621,2024-09-10,111,140
1621,2024-09-16,244,151
1621,2024-09-17,283,131
1622,2024-05-25,112,26
1622,2024-05-27,86,89
1622,2024-05-28,105,44
1622,2024-05-30,179,138
1622,2024-05-31,74,100
1622,2024-06-05,321,139
1622,2024-06-08,142,209
1622,2024-06-09,218,68
1622,2024-06-11,345,183
1622,2024-06-12,167,149
1622,2024-06-14,304,52
1622,2024-06-16,332,116
1622,2024-06-18,136,124
1622,2024-06-23,177,201
1622,2024-06-25,99,79
1622,2024-06-26,258,139
1622,2024-06-30,131,74
1622,2024-07-03,80,141
1622,2024-07-08,166,197
1622,2024-07-18,260,101
1622,2024-07-23,129,161
1622,2024-07-24,348,99
1622,2024-07-26,114,195
1622,2024-07-30,338,161
1622,2024-07-31,197,113
1622,2024-08-03,93,170
1622,2024-08-12,109,247
1622,2024-08-16,92,245
1622,2024-08-18,214,164
1622,2024-08-27,322,191
1622,2024-09-09,103,164
1622,2024-09-16,279,109
1622,2024-09-17,152,63
1623,2024-05-20,49,34
1623,2024-05-22,68,57
1623,2024-05-23,54,85
1623,2024-05-25,96,124
1623,2024-05-28,144,29
1623,2024-06-02,111,180
1623,2024-06-11,140,84
1623,2024-06-17,306,179
1623,2024-06-30,218,67
1623,2024-07-03,145,114
1623,2024-07-04,226,108
1623,2024-07-05,170,124
1623,2024-07-18,199,222
1623,2024-07-19,127,96
1623,2024-07-21,259,71
1623,2024-07-22,289,110
1623,2024-07-25,340,144
1623,2024-07-26,128,87
1623,2024-07-27,126,121
1623,2024-07-29,224,222
1623,2024-07-30,310,250
1623,2024-08-01,89,237
1624,2024-05-27,126,66
1624,2024-05-29,103,129
1624,2024-05-30,168,39
1624,2024-06-01,169,210
1624,2024-06-02,291,100
1624,2024-06-04,97,81
1624,2024-06-05,322,153
1624,2024-06-06,257,117
1624,2024-06-08,342,85
1624,2024-06-11,116,235
1624,2024-06-13,331,127
1624,2024-06-18,123,192
1624,2024-06-22,228,108
1624,2024-06-23,145,146
1624,2024-06-27,114,189
1624,2024-06-28,133,166
1625,2024-05-21,90,89
1625,2024-05-25,59,126
1625,2024-05-27,143,122
1625,2024-05-28,125,136
1625,2024-06-02,193,106
1625,2024-06-06,249,247
1625,2024-06-11,273,235
1625,2024-06-12,217,160
1625,2024-06-13,93,231
1625,2024-06-15,333,225
1625,2024-06-18,235,204
1625,2024-06-20,252,99
1626,2024-05-22,153,144
1626,2024-05-29,100,60
1626,2024-05-31,198,78
1626,2024-06-01,179,183
1626,2024-06-05,104,70
1626,2024-06-06,248,159
1626,2024-06-09,108,186
1626,2024-06-11,180,224
1626,2024-06-12,205,245
1626,2024-06-19,100,151
1626,2024-07-04,346,151
1626,2024-07-10,328,210
1626,2024-07-13,203,176
1626,2024-07-14,173,83
1626,2024-07-19,265,237
1626,2024-07-30,157,204
1626,2024-08-02,87,165
1626,2024-08-10,211,195
1626,2024-08-15,102,196
1626,2024-08-17,240,155
1626,2024-08-18,329,223
1626,2024-08-20,301,85
1626,2024-08-21,188,215
1626,2024-08-22,206,230
1626,2024-08-31,215,139
1626,2024-09-04,156,131
1626,2024-09-05,164,161
1626,2024-09-09,194,195
1626,2024-09-11,152,140
1626,2024-09-13,278,137
1626,2024-09-14,266,116
1626,2024-09-15,173,112
1627,2024-05-30,143,48
1627,2024-06-07,320,55
1627,2024-06-08,110,213
1627,2024-06-10,146,154
1627,2024-06-18,212,157
1627,2024-06-19,274,232
1627,2024-06-20,315,122
1627,2024-06-30,330,51
1627,2024-07-02,335,165
1627,2024-07-03,100,246
1627,2024-07-04,89,243
1627,2024-07-05,343,249
1627,2024-07-10,339,188
1627,2024-07-11,199,68
1627,2024-07-12,143,167
1627,2024-07-13,83,165
1627,2024-07-14,130,210
1627,2024-07-19,328,112
1627,2024-07-28,291,195
1627,2024-07-29,263,180
1627,2024-07-30,85,61
1627,2024-08-01,350,89
1627,2024-08-03,224,220
1627,2024-08-09,201,176
1627,2024-08-13,219,207
1627,2024-08-14,95,70
1627,2024-08-16,100,228
1627,2024-08-22,263,98
1627,2024-09-02,104,126
1627,2024-09-06,207,136
1627,2024-09-07,279,68
1627,2024-09-08,136,132
1627,2024-09-10,158,168
1627,2024-09-11,124,163
1627,2024-09-14,192,189
1627,2024-09-16,155,93
1627,2024-09-18,143,77
1627,2024-09-23,122,130
1627,2024-09-30,284,62
1628,2024-05-18,56,67
1628,2024-05-19,170,106
1628,2024-05-20,155,52
1628,2024-05-21,142,105
1628,2024-05-23,189,114
1628,2024-05-24,196,73
1628,2024-05-25,61,36
1628,2024-05-26,175,67
1628,2024-05-31,62,61
1628,2024-06-01,107,97
1628,2024-06-05,319,192
1628,2024-06-11,289,245
1628,2024-06-23,297,120
1628,2024-06-24,306,224
1628,2024-07-02,103,115
1628,2024-07-05,251,66
1628,2024-07-08,320,54
1628,2024-07-17,316,56
1628,2024-07-19,312,173
1628,2024-07-25,186,194
1628,2024-08-04,309,122
1628,2024-08-07,334,138
1628,2024-08-12,282,208
1630,2024-05-24,135,142
1630,2024-05-29,124,60
1630,2024-05-30,108,120
1630,2024-06-06,181,141
1630,2024-06-08,153,51
1630,2024-06-10,265,224
1630,2024-06-11,147,81
1630,2024-06-16,183,198
1630,2024-06-17,309,171
1630,2024-06-20,269,64
1630,2024-06-22,186,77
1630,2024-06-29,213,162
1630,2024-07-07,205,246
1630,2024-07-15,137,128
1630,2024-07-20,126,217
1630,2024-07-21,218,144
1630,2024-07-25,276,72
1630,2024-07-26,129,204
1630,2024-07-29,259,72
1630,2024-08-11,295,79
1630,2024-08-18,272,203
1632,2024-05-21,138,59
1632,2024-05-22,157,80
1632,2024-05-25,132,84
1632,2024-05-27,54,96
1632,2024-05-28,151,124
1632,2024-06-05,124,112
1632,2024-06-07,88,108
1632,2024-06-12,129,239
1632,2024-06-14,312,56
1632,2024-06-23,164,191
1632,2024-07-09,343,159
1632,2024-07-16,311,175
1632,2024-07-20,159,97
1632,2024-07-25,193,145
1632,2024-07-26,141,187
1632,2024-07-29,326,105
1632,2024-08-05,336,197
1632,2024-08-12,216,173
1632,2024-08-17,287,194
1632,2024-08-21,101,231
1632,2024-08-29,175,91
1632,2024-08-30,333,111
1632,2024-09-03,163,93
1632,2024-09-12,181,136
1632,2024-09-14,250,183
1632,2024-09-15,211,137
1632,2024-09-17,126,101
1632,2024-09-18,268,66
1632,2024-09-21,116,152
1632,2024-09-26,291,182
1632,2024-09-29,150,176
1634,2024-05-22,57,29
1634,2024-05-28,53,95
1634,2024-05-30,75,139
1634,2024-06-01,225,159
1634,2024-06-13,205,191
1634,2024-06-14,122,62
1634,2024-06-16,156,51
1634,2024-06-18,314,238
1634,2024-06-22,194,171
1637,2024-05-24,114,68
1637,2024-05-26,149,138
1637,2024-05-29,170,122
1637,2024-05-31,65,89
1637,2024-06-04,312,76
1637,2024-06-06,166,145
1637,2024-06-08,263,136
1637,2024-06-13,284,77
1637,2024-06-16,88,215
1637,2024-06-18,255,112
1637,2024-06-25,100,78
1637,2024-06-27,247,51
1637,2024-07-02,301,247
1637,2024-07-06,241,176
1637,2024-07-09,116,150
1637,2024-07-22,82,181
1637,2024-08-02,341,100
1637,2024-08-05,328,113
1637,2024-08-09,138,52
1637,2024-08-16,260,61
1637,2024-08-18,237,180
1639,2024-05-28,90,148
1639,2024-05-31,132,128
1639,2024-06-04,346,203
1639,2024-06-07,220,188
1639,2024-06-08,219,220
1639,2024-06-09,281,89
1639,2024-06-14,258,83
1639,2024-06-16,211,177
1639,2024-06-20,204,219
1639,2024-06-23,338,231
1639,2024-07-01,153,52
1639,2024-07-08,111,248
1639,2024-07-15,256,176
1639,2024-07-19,227,171
1639,2024-07-25,181,209
1639,2024-07-27,336,62
1639,2024-07-29,185,50
1639,2024-07-31,274,207
1639,2024-08-03,314,246
1639,2024-08-06,266,55
1639,2024-08-12,124,68
1639,2024-08-13,139,199
1639,2024-08-19,154,243
1639,2024-08-20,328,241
1639,2024-08-27,226,241
1639,2024-08-29,263,124
1639,2024-09-01,258,181
1639,2024-09-02,154,189
1640,2024-05-27,187,94
1640,2024-05-29,106,58
1640,2024-06-03,259,170
1640,2024-06-06,205,136
1640,2024-06-12,307,240
1640,2024-06-19,122,192
1640,2024-06-26,101,101
1640,2024-06-27,129,145
1640,2024-06-29,264,104
1640,2024-06-30,171,90
1640,2024-07-08,174,166
1640,2024-07-09,89,225
1640,2024-07-11,114,222
1640,2024-07-13,213,111
1640,2024-07-15,121,136
1640,2024-07-18,297,195
1642,2024-05-28,190,141
1642,2024-05-29,109,52
1642,2024-06-03,184,89
1642,2024-06-04,246,187
1642,2024-06-05,155,73
1642,2024-06-18,290,171
1642,2024-06-19,152,141
1642,2024-06-20,229,232
1642,2024-06-22,92,107
1642,2024-06-23,336,133
1642,2024-06-25,214,205
1642,2024-07-02,126,62
1642,2024-07-06,160,138
1642,2024-07-12,180,190
1642,2024-07-14,267,127
1642,2024-07-15,242,139
1642,2024-07-18,197,185
1642,2024-07-23,148,167
1642,2024-07-24,281,50
1642,2024-07-27,229,108
1642,2024-07-28,187,224
1642,2024-07-30,143,81
1642,2024-08-01,259,245
1642,2024-08-12,215,189
1642,2024-08-23,314,180
1642,2024-08-24,252,228
1642,2024-08-25,220,176
1642,2024-08-30,313,84
1642,2024-09-02,146,143
1642,2024-09-03,296,95
1644,2024-05-27,52,128
1644,2024-05-29,180,138
1644,2024-06-02,91,194
1644,2024-06-07,309,54
1644,2024-06-10,167,57
1644,2024-06-16,133,169
1644,2024-06-27,212,169
1644,2024-06-30,91,184
1644,2024-07-07,229,119
1644,2024-07-15,112,101
1644,2024-07-17,278,155
1645,2024-05-24,138,20
1645,2024-05-28,68,21
1645,2024-05-29,142,98
1645,2024-05-31,75,72
1645,2024-06-05,212,115
1645,2024-06-06,320,244
1645,2024-06-10,146,109
1645,2024-06-16,136,189
1645,2024-06-17,161,219
1645,2024-06-19,268,200
1645,2024-06-21,154,102
1645,2024-06-30,324,171
1645,2024-07-01,293,136
1645,2024-07-03,248,143
1645,2024-07-12,248,238
1645,2024-07-16,193,62
1645,2024-07-17,165,165
1645,2024-07-21,321,180
1645,2024-07-25,108,221
1645,2024-08-01,262,90
1645,2024-08-12,273,128
1645,2024-08-14,256,149
1645,2024-08-20,318,82
1645,2024-08-21,204,210
1645,2024-08-22,246,76
1645,2024-08-26,139,95
1645,2024-09-03,199,150
1645,2024-09-13,223,110
1645,2024-09-15,261,111
1645,2024-09-16,114,125
1645,2024-09-18,196,169
1645,2024-09-25,200,86
1645,2024-09-30,229,78
1646,2024-05-22,186,78
1646,2024-05-23,51,148
1646,2024-05-26,173,35
1646,2024-06-05,256,190
1646,2024-06-11,114,84
1646,2024-06-20,289,227
1646,2024-06-29,231,118
1646,2024-07-01,255,191
1646,2024-07-03,156,155
1646,2024-07-07,330,238
1646,2024-07-08,203,78
1646,2024-07-18,155,113
1646,2024-08-02,256,173
1646,2024-08-06,236,239
1646,2024-08-09,303,137
1646,2024-08-11,189,85
1646,2024-08-21,121,102
1646,2024-08-22,277,80
1646,2024-08-24,259,215
1646,2024-08-27,227,126
1646,2024-08-30,84,187
1646,2024-09-02,182,61
1648,2024-05-21,42,143
1648,2024-05-23,116,118
1648,2024-05-24,190,36
1648,2024-05-26,133,99
1648,2024-05-28,69,132
1648,2024-05-30,66,84
1648,2024-06-11,153,206
1648,2024-06-12,198,212
1648,2024-06-17,274,65
1648,2024-06-19,143,250
1648,2024-06-27,121,170
1648,2024-07-02,100,127
1648,2024-07-03,275,176
1648,2024-07-04,280,211
1648,2024-07-06,120,232
1648,2024-07-12,157,79
1648,2024-07-17,145,192
1648,2024-07-22,302,175
1648,2024-07-23,346,212
1648,2024-07-29,195,222
1648,2024-07-30,228,84
1649,2024-05-20,41,51
1649,2024-05-21,148,56
1649,2024-05-25,87,40
1649,2024-06-01,113,241
1649,2024-06-02,225,195
1649,2024-06-09,191,148
1649,2024-06-11,183,95
1649,2024-06-12,224,163
1649,2024-06-17,109,221
1649,2024-06-19,97,245
1649,2024-07-01,324,216
1649,2024-07-02,271,108
1649,2024-07-13,304,242
1649,2024-07-15,145,153
1649,2024-07-18,169,64
1649,2024-07-21,89,104
1649,2024-07-22,131,91
1649,2024-07-25,257,65
1649,2024-08-08,189,206
1649,2024-08-12,149,172
1649,2024-08-14,244,183
1649,2024-08-22,239,220
1649,2024-09-01,284,122
1649,2024-09-02,278,139
1649,2024-09-03,191,145
1649,2024-09-06,273,119
1649,2024-09-08,277,61
1651,2024-05-23,122,146
1651,2024-05-25,134,54
1651,2024-05-26,107,137
1651,2024-05-28,150,57
1651,2024-05-31,101,58
1651,2024-06-03,301,100
1651,2024-06-04,263,104
1651,2024-06-05,148,83
1651,2024-06-06,312,155
1651,2024-06-10,269,237
1651,2024-06-18,244,76
1651,2024-06-22,272,110
1651,2024-06-24,102,90
1651,2024-06-26,278,115
1651,2024-06-29,188,98
1651,2024-07-01,347,157
1651,2024-07-02,137,163
1651,2024-07-04,310,117
1651,2024-07-06,160,172
1651,2024-07-08,119,189
1651,2024-07-13,133,169
1651,2024-07-15,311,120
1651,2024-07-20,100,149
1651,2024-07-23,112,170
1651,2024-07-29,268,201
1651,2024-08-01,264,59
1651,2024-08-02,132,71
1651,2024-08-04,293,248
1651,2024-08-07,266,194
1651,2024-08-08,150,69
1651,2024-08-09,98,60
1651,2024-08-13,275,101
1651,2024-08-15,222,195
1651,2024-08-17,255,162
1652,2024-05-26,86,71
1652,2024-05-27,99,146
1652,2024-05-28,163,130
1652,2024-05-30,89,122
1652,2024-05-31,108,60
1652,2024-06-01,241,209
1652,2024-06-02,242,154
1652,2024-06-03,183,66
1652,2024-06-07,199,89
1652,2024-06-08,92,162
1652,2024-06-19,246,173
1652,2024-06-23,107,151
1652,2024-06-27,323,61
1652,2024-06-28,98,79
1652,2024-06-29,297,139
1652,2024-07-05,88,146
1652,2024-07-07,276,160
1652,2024-07-10,180,121
1653,2024-05-23,181,80
1653,2024-05-24,41,61
1653,2024-05-25,121,92
1653,2024-05-26,200,41
1653,2024-05-27,87,124
1653,2024-05-28,168,109
1653,2024-05-30,97,138
1653,2024-05-31,193,24
1653,2024-06-02,288,52
1653,2024-06-08,274,128
1653,2024-06-11,228,76
1653,2024-06-15,336,189
1653,2024-06-19,229,185
1653,2024-06-20,93,52
1653,2024-06-23,328,116
1653,2024-06-24,350,118
1653,2024-06-25,202,78
1653,2024-07-07,135,175
1653,2024-07-13,121,218
1653,2024-07-17,220,73
1653,2024-07-19,333,158
1653,2024-07-21,272,207
1653,2024-07-23,233,205
1653,2024-07-27,272,154
1653,2024-07-30,305,240
1653,2024-08-04,213,95
1653,2024-08-05,281,161
1653,2024-08-08,191,214
1653,2024-08-09,285,98
1653,2024-08-11,240,139
1653,2024-08-23,338,134
1653,2024-08-25,335,227
1653,2024-08-29,101,118
1653,2024-09-01,198,69
1653,2024-09-08,134,199
1653,2024-09-09,242,159
1653,2024-09-14,284,106
1653,2024-09-16,289,95
1653,2024-09-17,127,154
1653,2024-09-21,255,150
1653,2024-09-23,158,137
1653,2024-09-30,265,148
1654,2024-05-24,42,38
1654,2024-05-25,170,37
1654,2024-05-31,52,118
1654,2024-06-03,215,199
1654,2024-06-06,228,116
1654,2024-06-11,298,224
1654,2024-06-12,117,249
1654,2024-06-16,293,172
1654,2024-07-03,175,194
1654,2024-07-15,243,81
1654,2024-07-20,103,63
1654,2024-07-28,348,220
1654,2024-07-30,210,79
1654,2024-08-02,341,172
1654,2024-08-10,107,149
1654,2024-08-11,112,119
1654,2024-08-12,219,228
1654,2024-08-13,343,190
1654,2024-08-22,127,223
1654,2024-08-23,306,121
1654,2024-08-24,206,166
1654,2024-08-31,182,117
1654,2024-09-06,102,78
1654,2024-09-12,223,162
1654,2024-09-14,229,94
1654,2024-09-18,102,190
1654,2024-09-23,198,74
1654,2024-09-25,228,107
1657,2024-05-26,56,147
1657,2024-05-30,100,79
1657,2024-05-31,136,120
1657,2024-06-04,199,195
1657,2024-06-05,250,214
1657,2024-06-17,100,96
1657,2024-06-22,191,162
1657,2024-06-24,137,53
1657,2024-06-29,309,217
1657,2024-07-04,247,91
1657,2024-07-06,158,97
1657,2024-07-07,213,180
1657,2024-07-14,171,138
1657,2024-08-01,328,205
1657,2024-08-05,342,120
1657,2024-08-09,188,215
1657,2024-08-11,93,50
1657,2024-08-13,324,133
1657,2024-08-28,204,92
1657,2024-09-01,256,111
1657,2024-09-02,133,105
1657,2024-09-05,293,110
1657,2024-09-07,243,146
1657,2024-09-15,187,200
1657,2024-09-16,291,162
1657,2024-09-19,183,199
1657,2024-09-21,259,108
1657,2024-09-22,111,74
1657,2024-09-23,117,92
1657,2024-09-28,126,101
1658,2024-05-19,116,82
1658,2024-05-20,87,104
1658,2024-05-22,128,26
1658,2024-05-28,106,86
1658,2024-05-30,88,144
1658,2024-05-31,151,113
1658,2024-06-04,176,50
1658,2024-06-09,307,59
1658,2024-06-15,287,58
1658,2024-06-16,117,130
1658,2024-06-19,97,152
1658,2024-06-20,258,105
1658,2024-07-02,295,57
1658,2024-07-05,92,165
1658,2024-07-06,142,129
1658,2024-07-08,198,196
1658,2024-07-11,148,230
1658,2024-07-13,109,222
1658,2024-07-20,300,168
1658,2024-07-21,285,56
1658,2024-07-24,251,77
1658,2024-07-27,164,106
1658,2024-07-30,138,163
1658,2024-08-01,220,149
1660,2024-05-23,68,65
1660,2024-05-28,95,125
1660,2024-05-29,186,24
1660,2024-05-30,65,102
1660,2024-05-31,176,119
1660,2024-06-01,340,71
1660,2024-06-02,249,183
1660,2024-06-07,100,201
1660,2024-06-09,295,139
1660,2024-06-13,219,190
1660,2024-06-17,287,129
1660,2024-06-18,260,241
1660,2024-06-20,229,148
1660,2024-06-23,143,187
1660,2024-06-29,313,174
1660,2024-07-02,120,101
1660,2024-07-03,339,76
1660,2024-07-15,87,235
1660,2024-07-17,173,54
1660,2024-07-18,333,149
1660,2024-07-20,280,181
1660,2024-07-30,328,137
1660,2024-07-31,331,104
1660,2024-08-02,291,58
1660,2024-08-11,219,148
1660,2024-08-15,128,200
1660,2024-08-19,140,88
1660,2024-08-20,176,165
1660,2024-08-26,204,204
1660,2024-08-27,181,100
1660,2024-08-29,178,226
1660,2024-08-30,319,142
1660,2024-09-02,300,162
1660,2024-09-05,262,137
1660,2024-09-11,226,156
1660,2024-09-14,269,61
1660,2024-09-15,263,188
1660,2024-09-17,153,158
1660,2024-09-20,141,80
1660,2024-09-21,252,84
1661,2024-05-21,189,53
1661,2024-05-22,70,109
1661,2024-05-26,192,122
1661,2024-05-29,174,82
1661,2024-06-01,176,186
1661,2024-06-07,104,61
1661,2024-06-30,167,184
1661,2024-07-03,282,175
1661,2024-07-05,330,133
1661,2024-07-13,336,204
1661,2024-07-14,296,160
1661,2024-07-19,238,117
1661,2024-07-27,301,218
1661,2024-07-29,306,210
1661,2024-08-02,277,149
1661,2024-08-05,151,170
1661,2024-08-10,154,108
1661,2024-08-11,336,129
1661,2024-08-13,176,224
1661,2024-08-14,83,141
1661,2024-08-16,269,226
1661,2024-08-19,112,232
1661,2024-08-20,243,222
1661,2024-08-21,128,147
1661,2024-08-22,232,165
1661,2024-08-23,165,140
1661,2024-08-24,298,136
1661,2024-08-26,80,137
1661,2024-08-27,163,57
1661,2024-08-28,271,90
1661,2024-08-31,264,140
1661,2024-09-02,171,153
1662,2024-05-29,104,95
1662,2024-06-01,228,70
1662,2024-06-02,286,233
1662,2024-06-06,210,126
1662,2024-06-20,126,75
1662,2024-06-23,312,123
1662,2024-06-25,295,72
1662,2024-07-07,189,192
1662,2024-07-17,272,120
1662,2024-07-18,126,71
1662,2024-07-19,163,126
1662,2024-07-20,126,248
1662,2024-07-22,149,240
1662,2024-07-28,222,96
1662,2024-08-01,318,86
1662,2024-08-06,304,154
1662,2024-08-10,237,71
1662,2024-08-13,182,238
1662,2024-08-26,319,221
1662,2024-09-01,205,75
1663,2024-05-19,127,122
1663,2024-05-22,169,113
1663,2024-05-24,63,27
1663,2024-05-28,115,78
1663,2024-05-29,42,78
1663,2024-05-31,126,112
1663,2024-06-02,193,211
1663,2024-06-05,233,208
1663,2024-06-07,185,186
1663,2024-06-14,201,69
1663,2024-06-17,253,240
1663,2024-06-19,188,107
1663,2024-06-22,151,130
1663,2024-06-26,149,54
1663,2024-06-27,117,130
1663,2024-07-02,229,148
1663,2024-07-05,310,235
1663,2024-07-09,232,192
1663,2024-07-20,247,143
1663,2024-07-23,150,136
1663,2024-07-25,339,163
1663,2024-08-02,270,93
1663,2024-08-03,178,157
1663,2024-08-05,174,89
1663,2024-08-09,275,63
1663,2024-08-10,311,92
1663,2024-08-14,91,229
1663,2024-08-16,214,248
1663,2024-08-19,93,189
1663,2024-08-23,91,159
1663,2024-08-29,128,231
1665,2024-05-25,67,141
1665,2024-05-26,77,75
1665,2024-05-31,188,89
1665,2024-06-01,168,231
1665,2024-06-07,246,151
1665,2024-06-08,88,203
1665,2024-06-13,290,78
1665,2024-06-16,244,154
1665,2024-06-19,129,185
1665,2024-06-21,123,247
1666,2024-05-27,51,59
1666,2024-05-28,160,61
1666,2024-05-29,47,32
1666,2024-05-31,91,112
1666,2024-06-02,298,136
1666,2024-06-08,112,126
1666,2024-06-14,178,56
1666,2024-06-18,145,163
1666,2024-06-19,305,164
1666,2024-06-27,226,106
1666,2024-06-28,186,99
1666,2024-07-07,99,133
1666,2024-07-11,165,135
1666,2024-07-13,301,225
1666,2024-07-21,218,126
1666,2024-07-28,157,123
1666,2024-08-03,155,134
1666,2024-08-04,259,94
1666,2024-08-13,189,207
1666,2024-08-17,312,218
1666,2024-08-22,208,100
1666,2024-08-23,276,97
1666,2024-08-30,82,107
1666,2024-08-31,252,110
1666,2024-09-02,228,76
1667,2024-05-25,186,115
1667,2024-05-28,75,35
1667,2024-05-30,162,81
1667,2024-06-05,99,109
1667,2024-06-06,193,64
1667,2024-06-10,233,110
1667,2024-06-13,199,221
1667,2024-06-18,284,144
1667,2024-06-22,116,88
1667,2024-06-24,236,123
1667,2024-07-04,250,157
1667,2024-07-07,120,204
1667,2024-07-10,90,201
1667,2024-07-13,247,248
1667,2024-07-18,306,206
1667,2024-07-21,178,221
1667,2024-07-24,198,60
1667,2024-07-25,257,250
1667,2024-07-26,325,200
1667,2024-08-03,91,232
1667,2024-08-10,175,152
1667,2024-08-11,239,235
1668,2024-05-22,158,77
1668,2024-05-25,40,142
1668,2024-05-27,44,37
1668,2024-05-29,117,35
1668,2024-06-07,176,224
1668,2024-06-08,216,133
1668,2024-06-15,317,102
1668,2024-06-20,187,53
1668,2024-06-21,223,227
1668,2024-06-27,197,179
1668,2024-07-01,166,78
1668,2024-07-03,345,134
1668,2024-07-14,149,58
1668,2024-07-18,172,79
1668,2024-07-23,269,134
1669,2024-05-21,179,135
1669,2024-05-24,48,67
1669,2024-06-13,286,188
1669,2024-06-14,276,69
1669,2024-06-24,287,50
1669,2024-06-26,113,215
1669,2024-06-27,323,197
1669,2024-07-04,111,143
1669,2024-07-05,295,50
1669,2024-07-10,254,56
1669,2024-07-14,134,133
1670,2024-05-23,186,91
1670,2024-05-27,151,126
1670,2024-05-31,149,66
1670,2024-06-01,92,124
1670,2024-06-03,153,248
1670,2024-06-15,115,77
1670,2024-06-22,267,143
1671,2024-05-18,60,59
1671,2024-05-19,144,96
1671,2024-05-22,160,29
1671,2024-05-24,45,107
1671,2024-05-27,151,23
1671,2024-05-30,198,115
1671,2024-06-05,290,212
1671,2024-07-13,220,81
1671,2024-07-15,247,186
1671,2024-07-16,236,226
1671,2024-07-22,233,148
1671,2024-07-23,204,214
1671,2024-07-31,145,115
1671,2024-08-01,263,118
1671,2024-08-05,327,228
1671,2024-08-08,154,74
1671,2024-08-12,219,222
1671,2024-08-19,322,181
1671,2024-08-21,141,70
1671,2024-08-30,121,245
1671,2024-09-02,278,117
1671,2024-09-06,153,135
1671,2024-09-08,214,156
1671,2024-09-13,164,189
1671,2024-09-14,211,93
1671,2024-09-19,215,157
1671,2024-09-23,241,194
1672,2024-05-21,118,61
1672,2024-05-23,146,138
1672,2024-05-30,49,42
1672,2024-05-31,183,61
1672,2024-06-07,99,85
1672,2024-06-12,303,240
1672,2024-06-13,208,112
1672,2024-06-16,193,53
1672,2024-06-22,295,88
1672,2024-06-26,319,233
1672,2024-06-27,149,162
1672,2024-06-28,278,79
1672,2024-06-30,317,232
1672,2024-07-15,118,98
1672,2024-07-16,334,208
1672,2024-07-20,219,188
1672,2024-07-21,291,142
1672,2024-07-25,127,224
1672,2024-08-09,299,105
1672,2024-08-22,184,238
1672,2024-08-24,164,130
1672,2024-08-26,89,204
1672,2024-08-28,273,226
1672,2024-09-02,144,88
1672,2024-09-05,139,170
1672,2024-09-06,224,115
1672,2024-09-07,102,169
1672,2024-09-08,218,172
1672,2024-09-15,107,198
1672,2024-09-16,142,183
1672,2024-09-21,270,121
1672,2024-09-22,218,189
1673,2024-05-17,78,57
1673,2024-05-18,104,81
1673,2024-05-19,63,105
1673,2024-05-21,48,36
1673,2024-05-22,171,33
1673,2024-05-24,168,143
1673,2024-05-27,66,137
1673,2024-05-29,183,117
1673,2024-05-31,126,120
1673,2024-06-03,257,81
1673,2024-06-09,322,124
1673,2024-06-10,168,141
1673,2024-06-11,168,64
1673,2024-06-19,145,169
1673,2024-06-20,149,55
1673,2024-06-21,255,77
1673,2024-06-27,152,187
1673,2024-06-28,211,150
1673,2024-07-06,125,213
1673,2024-07-09,268,169
1673,2024-07-11,192,163
1673,2024-07-20,264,171
1673,2024-07-22,246,129
1673,2024-07-24,340,71
1673,2024-07-29,146,126
1673,2024-07-31,238,114
1673,2024-08-01,340,131
1673,2024-08-07,156,119
1673,2024-08-16,256,231
1673,2024-08-17,296,193
1673,2024-08-20,232,205
1673,2024-08-23,150,120
1673,2024-08-27,274,149
1673,2024-09-02,285,155
1673,2024-09-03,207,81
1673,2024-09-08,293,144
1673,2024-09-17,245,163
1673,2024-09-18,262,137
1673,2024-09-20,228,63
1673,2024-09-23,226,133
1673,2024-09-25,138,78
1673,2024-09-29,237,98
1674,2024-05-20,189,57
1674,2024-05-27,143,114
1674,2024-05-31,53,111
1674,2024-06-16,179,105
1674,2024-06-19,184,213
1674,2024-06-23,243,183
1674,2024-06-24,195,186
1674,2024-06-27,262,249
1674,2024-06-28,242,210
1676,2024-05-23,54,145
1676,2024-05-29,178,112
1676,2024-06-02,233,56
1676,2024-06-03,160,57
1676,2024-06-12,349,241
1676,2024-06-19,143,147
1676,2024-06-21,303,130
1677,2024-05-21,177,106
1677,2024-05-24,42,120
1677,2024-05-26,113,147
1677,2024-05-30,199,135
1677,2024-05-31,157,49
1677,2024-06-05,261,170
1677,2024-06-08,288,164
1677,2024-06-09,312,210
1677,2024-06-10,222,233
1677,2024-06-13,143,105
1677,2024-06-18,234,181
1677,2024-06-19,308,111
1677,2024-06-20,325,146
1678,2024-05-24,195,52
1678,2024-05-26,44,143
1678,2024-06-06,296,162
1678,2024-06-08,225,127
1678,2024-06-11,147,213
1678,2024-06-14,324,134
1678,2024-06-18,283,70
1678,2024-06-24,336,60
1678,2024-06-27,291,179
1678,2024-06-30,138,117
1679,2024-05-21,197,108
1679,2024-05-23,149,146
1679,2024-05-28,43,90
1679,2024-06-06,169,189
1679,2024-06-13,95,70
1679,2024-06-14,171,155
1679,2024-06-20,239,234
1679,2024-06-27,109,122
1679,2024-06-28,96,219
1679,2024-06-29,201,241
1679,2024-07-01,298,138
1679,2024-07-05,309,99
1679,2024-07-06,304,129
1679,2024-07-08,194,81
1679,2024-07-10,123,184
1679,2024-07-23,204,143
1679,2024-07-28,172,173
1679,2024-08-14,297,207
1679,2024-08-24,338,65
1679,2024-08-25,327,152
1679,2024-09-02,191,189
1679,2024-09-05,130,87
1681,2024-05-22,126,110
1681,2024-05-25,86,120
1681,2024-05-30,181,40
1681,2024-06-02,173,71
1681,2024-06-07,320,241
1681,2024-06-08,151,65
1681,2024-06-14,191,63
1681,2024-06-18,336,76
1681,2024-06-21,87,219
1681,2024-06-24,180,64
1681,2024-06-27,126,226
1681,2024-06-29,335,158
1681,2024-07-03,216,167
1681,2024-07-05,302,122
1681,2024-07-08,308,170
1681,2024-07-11,283,151
1681,2024-07-12,84,104
1681,2024-07-15,302,89
1681,2024-07-18,105,241
1681,2024-07-23,118,100
1681,2024-07-27,346,112
1681,2024-07-28,193,114
1681,2024-07-31,316,136
1681,2024-08-02,84,190
1681,2024-08-05,168,178
1681,2024-08-07,257,65
1681,2024-08-12,162,208
1681,2024-08-17,166,115
1681,2024-08-19,138,227
1681,2024-08-21,308,246
1681,2024-08-24,157,115
1681,2024-08-25,347,180
1682,2024-05-28,114,104
1682,2024-05-31,199,62
1682,2024-06-02,103,243
1682,2024-06-03,92,83
1682,2024-06-06,128,219
1682,2024-06-12,88,83
1682,2024-06-17,188,194
1682,2024-06-20,268,51
1682,2024-06-23,139,225
1682,2024-06-25,165,215
1682,2024-06-27,228,139
1682,2024-06-30,179,183
1682,2024-07-03,306,239
1682,2024-07-04,251,129
1682,2024-07-05,306,226
1682,2024-07-07,111,141
1682,2024-07-13,330,98
1682,2024-07-14,311,111
1682,2024-07-21,348,84
1682,2024-07-24,114,63
1682,2024-07-25,145,167
1682,2024-07-26,121,126
1682,2024-08-02,251,149
1682,2024-08-03,117,247
1682,2024-08-05,311,235
1682,2024-08-06,305,64
1682,2024-08-13,271,183
1682,2024-08-24,232,210
1682,2024-09-01,164,199
1682,2024-09-04,188,168
1682,2024-09-06,116,113
1682,2024-09-07,265,136
1682,2024-09-08,277,143
1682,2024-09-09,112,189
1682,2024-09-13,299,178
1682,2024-09-14,101,156
1682,2024-09-15,117,111
1682,2024-09-17,134,196
1682,2024-09-21,182,123
1682,2024-09-23,150,161
1682,2024-09-27,231,60
1683,2024-05-19,55,82
1683,2024-05-20,102,99
1683,2024-05-22,86,121
1683,2024-05-25,160,68
1683,2024-05-26,189,65
1683,2024-05-27,125,93
1683,2024-05-29,93,75
1683,2024-05-30,65,25
1683,2024-06-06,160,76
1683,2024-06-09,219,187
1683,2024-06-10,94,249
1683,2024-06-11,260,187
1683,2024-06-13,208,57
1683,2024-06-14,122,139
1683,2024-07-02,287,134
1683,2024-07-05,206,108
1683,2024-07-08,178,57
1683,2024-07-18,190,233
1683,2024-07-22,213,190
1683,2024-07-27,340,80
1683,2024-07-29,292,148
1683,2024-08-08,98,214
1683,2024-08-17,253,183
1683,2024-08-21,228,160
1683,2024-08-29,204,59
1683,2024-08-31,246,119
1683,2024-09-01,125,179
1683,2024-09-04,232,134
1683,2024-09-05,132,121
1683,2024-09-06,102,133
1683,2024-09-11,139,105
1683,2024-09-13,224,142
1683,2024-09-17,173,68
1683,2024-09-19,280,191
1683,2024-09-21,197,189
1683,2024-09-24,162,107
1684,2024-05-24,126,59
1684,2024-05-30,192,113
1684,2024-06-03,98,91
1684,2024-06-04,131,52
1684,2024-06-05,135,193
1684,2024-06-07,262,101
1684,2024-06-08,204,213
1684,2024-06-11,245,191
1684,2024-06-19,225,97
1684,2024-06-20,250,110
1684,2024-06-21,101,168
1684,2024-07-04,262,165
1684,2024-07-07,322,151
1684,2024-07-10,343,225
1684,2024-07-11,220,225
1684,2024-07-13,159,168
1684,2024-07-19,103,74
1684,2024-07-21,106,151
1684,2024-07-22,108,249
1684,2024-07-23,80,183
1684,2024-07-28,296,204
1684,2024-07-29,131,206
1684,2024-07-30,275,98
1684,2024-07-31,195,140
1684,2024-08-03,85,132
1684,2024-08-05,153,109
1684,2024-08-06,348,127
1685,2024-05-24,93,28
1685,2024-05-28,121,87
1685,2024-05-29,60,141
1685,2024-06-01,256,148
1685,2024-06-02,349,96
1685,2024-06-03,275,142
1685,2024-06-07,142,189
1685,2024-06-16,316,103
1685,2024-06-26,286,123
1685,2024-06-28,143,72
1685,2024-07-07,222,85
1685,2024-07-13,91,64
1685,2024-07-20,103,248
1685,2024-07-28,296,91
1685,2024-07-29,85,140
1685,2024-07-30,279,192
1685,2024-07-31,242,201
1685,2024-08-02,278,153
1685,2024-08-07,265,85
1685,2024-08-09,129,105
1685,2024-08-12,292,145
1685,2024-08-13,190,215
1685,2024-08-14,154,240
1685,2024-08-15,305,202
1685,2024-08-19,347,67
1685,2024-08-28,199,101
1685,2024-08-29,110,250
1685,2024-08-30,138,153
1685,2024-09-01,217,182
1685,2024-09-05,222,122
1685,2024-09-06,271,171
1685,2024-09-09,219,159
1685,2024-09-10,248,78
1685,2024-09-15,133,135
1685,2024-09-18,133,70
1685,2024-09-20,222,118
1685,2024-09-22,225,89
1685,2024-09-23,188,115
1686,2024-05-24,180,125
1686,2024-05-27,75,124
1686,2024-05-28,59,115
1686,2024-05-31,151,85
1686,2024-06-05,149,54
1686,2024-06-10,157,156
1686,2024-06-17,320,218
1686,2024-06-18,325,65
1686,2024-06-19,340,178
1686,2024-06-21,159,62
1686,2024-06-23,231,241
1686,2024-06-24,132,94
1686,2024-06-25,348,247
1686,2024-06-27,284,96
1686,2024-07-03,173,218
1686,2024-07-05,155,245
1686,2024-07-06,187,129
1686,2024-07-11,307,171
1686,2024-07-24,283,225
1686,2024-07-27,95,101
1686,2024-08-05,248,97
1686,2024-08-11,86,84
1686,2024-08-13,292,57
1686,2024-08-21,311,51
1686,2024-08-25,91,69
1686,2024-08-31,268,112
1686,2024-09-01,240,159
1686,2024-09-06,191,176
1686,2024-09-07,223,100
1686,2024-09-08,233,185
1686,2024-09-13,254,151
1686,2024-09-14,171,92
1686,2024-09-15,185,137
1686,2024-09-21,278,182
1686,2024-09-23,223,105
1686,2024-09-28,152,140
1686,2024-09-29,206,135
1687,2024-05-21,151,97
1687,2024-05-22,127,130
1687,2024-05-27,73,46
1687,2024-05-28,186,133
1687,2024-05-31,185,69
1687,2024-06-04,84,221
1687,2024-06-07,134,204
1687,2024-06-08,143,71
1687,2024-06-09,301,86
1687,2024-06-11,288,187
1687,2024-06-14,115,90
1687,2024-06-15,188,96
1687,2024-06-19,164,210
1687,2024-06-21,132,85
1687,2024-06-23,250,216
1687,2024-07-02,267,59
1687,2024-07-05,131,86
1687,2024-07-06,303,53
1687,2024-07-11,226,91
1687,2024-07-14,226,82
1687,2024-07-21,205,96
1687,2024-07-23,311,82
1687,2024-07-31,211,101
1688,2024-05-19,98,118
1688,2024-05-23,176,122
1688,2024-05-26,120,91
1688,2024-05-27,171,58
1688,2024-05-29,48,38
1688,2024-06-08,280,181
1688,2024-06-19,268,234
1688,2024-06-20,252,56
1688,2024-06-21,203,153
1688,2024-06-23,284,127
1688,2024-06-25,332,170
1688,2024-06-27,263,89
1688,2024-06-28,328,70
1688,2024-06-30,171,141
1688,2024-07-03,269,248
1688,2024-07-12,213,238
1688,2024-07-15,227,239
1688,2024-07-29,271,178
1688,2024-07-31,287,236
1688,2024-08-02,219,216
1688,2024-08-04,257,178
1688,2024-08-07,175,92
1688,2024-08-08,224,152
1688,2024-08-09,276,81
1688,2024-08-12,100,79
1688,2024-08-14,267,74
1688,2024-08-18,325,240
1688,2024-08-28,298,203
1688,2024-08-29,337,156
1689,2024-05-19,72,31
1689,2024-05-20,124,125
1689,2024-05-21,110,147
1689,2024-05-27,183,40
1689,2024-05-28,125,109
1689,2024-05-31,65,99
1689,2024-06-02,178,191
1689,2024-06-04,262,91
1689,2024-06-06,335,67
1689,2024-06-08,327,126
1689,2024-06-14,287,118
1689,2024-06-18,82,209
1689,2024-06-19,325,64
1689,2024-06-21,150,65
1689,2024-06-26,90,234
1689,2024-06-28,216,213
1689,2024-07-07,229,236
1689,2024-07-12,157,85
1689,2024-07-20,206,207
1689,2024-08-04,167,238
1689,2024-08-05,158,121
1689,2024-08-07,292,140
1689,2024-08-08,180,224
1689,2024-08-11,309,195
1689,2024-08-12,197,177
1689,2024-08-13,206,217
1689,2024-08-19,260,158
1691,2024-05-23,192,103
1691,2024-05-26,127,20
1691,2024-05-27,195,62
1691,2024-06-06,206,101
1691,2024-06-10,116,97
1691,2024-06-12,232,72
1691,2024-06-14,282,142
1691,2024-06-19,81,209
1691,2024-06-26,110,97
1691,2024-07-03,187,76
1691,2024-07-17,134,94
1691,2024-07-18,120,215
1691,2024-07-20,99,140
1692,2024-06-03,260,157
1692,2024-06-06,256,187
1692,2024-06-09,296,53
1692,2024-06-10,142,153
1692,2024-06-15,216,73
1692,2024-06-19,182,121
1692,2024-06-23,268,57
1692,2024-06-29,103,118
1692,2024-07-01,233,186
1692,2024-07-04,279,153
1692,2024-07-08,166,65
1692,2024-07-18,237,80
1692,2024-07-22,246,241
1692,2024-07-25,234,126
1692,2024-07-27,298,82
1692,2024-08-02,96,247
1692,2024-08-04,328,71
1692,2024-08-05,304,67
1692,2024-08-06,118,239
1692,2024-08-13,244,118
1692,2024-08-26,266,135
1692,2024-08-29,308,223
1692,2024-09-02,294,82
1692,2024-09-03,270,169
1692,2024-09-08,118,69
1692,2024-09-11,216,175
1692,2024-09-20,177,174
1692,2024-09-23,229,113
1692,2024-09-29,196,60
1692,2024-09-30,196,111
1693,2024-05-25,200,91
1693,2024-05-27,176,121
1693,2024-05-30,101,88
1693,2024-06-01,328,68
1693,2024-06-03,242,165
1693,2024-06-06,335,174
1693,2024-06-10,260,189
1693,2024-06-12,214,229
1693,2024-06-15,282,63
1693,2024-06-18,187,63
1693,2024-06-21,232,125
1693,2024-06-27,316,61
1693,2024-07-01,121,197
1693,2024-07-02,323,50
1693,2024-07-12,225,180
1693,2024-07-20,194,247
1693,2024-07-23,90,64
1693,2024-07-24,321,120
1693,2024-07-27,237,126
1693,2024-07-29,247,154
1693,2024-08-01,331,127
1693,2024-08-06,319,178
1693,2024-08-07,155,68
1693,2024-08-19,290,89
1693,2024-08-26,152,105
1693,2024-08-27,280,66
1693,2024-08-29,242,179
1693,2024-08-30,144,109
1693,2024-09-01,187,85
1693,2024-09-02,143,167
1693,2024-09-03,209,128
1693,2024-09-04,136,111
1693,2024-09-07,268,114
1693,2024-09-13,112,64
1693,2024-09-15,261,151
1693,2024-09-22,139,81
1693,2024-09-25,124,191
1694,2024-05-30,105,65
1694,2024-06-02,304,157
1694,2024-06-05,265,107
1694,2024-06-11,115,53
1694,2024-06-16,200,246
1694,2024-06-18,220,110
1694,2024-06-23,268,76
1694,2024-07-04,305,246
1694,2024-07-08,161,121
1694,2024-07-09,164,203
1695,2024-05-25,119,101
1695,2024-05-28,83,107
1695,2024-05-29,108,101
1695,2024-06-01,155,79
1695,2024-06-02,93,243
1695,2024-06-04,206,75
1695,2024-06-08,104,84
1695,2024-07-03,254,200
1695,2024-07-06,116,239
1695,2024-07-11,331,157
1695,2024-07-18,119,56
1695,2024-07-26,191,58
1695,2024-07-27,193,138
1695,2024-07-28,180,61
1695,2024-08-04,219,216
1695,2024-08-07,157,148
1695,2024-08-17,186,225
1695,2024-08-19,175,197
1695,2024-08-21,171,99
1695,2024-08-26,341,96
1695,2024-08-27,175,106
1696,2024-05-25,105,46
1696,2024-05-27,55,119
1696,2024-05-28,198,129
1696,2024-05-29,69,81
1696,2024-05-30,184,94
1696,2024-06-02,207,200
1696,2024-06-07,200,91
1696,2024-06-11,181,210
1696,2024-06-17,315,66
1696,2024-06-19,242,82
1696,2024-06-20,316,60
1696,2024-06-22,280,97
1696,2024-06-23,252,148
1696,2024-06-30,340,131
1696,2024-07-06,219,135
1696,2024-07-07,120,167
1696,2024-07-10,208,239
1696,2024-07-12,268,110
1696,2024-07-14,143,110
1696,2024-07-15,223,195
1696,2024-07-27,280,224
1696,2024-07-30,281,106
1696,2024-08-07,170,69
1696,2024-08-08,252,79
1696,2024-08-11,196,146
1696,2024-08-18,242,243
1696,2024-08-19,334,175
1696,2024-08-28,339,121
1696,2024-08-29,219,78
1696,2024-09-01,202,124
1696,2024-09-03,230,129
1696,2024-09-04,235,157
1696,2024-09-05,219,62
1696,2024-09-07,177,128
1696,2024-09-08,171,132
1696,2024-09-18,140,100
1696,2024-09-19,120,185
1696,2024-09-20,281,169
1696,2024-09-21,217,139
1697,2024-05-26,49,80
1697,2024-05-27,182,79
1697,2024-05-28,180,33
1697,2024-05-30,109,44
1697,2024-06-08,262,135
1697,2024-06-17,91,97
1697,2024-06-19,170,242
1697,2024-06-20,81,226
1697,2024-06-30,173,227
1697,2024-07-01,232,194
1697,2024-07-02,326,131
1697,2024-07-03,325,156
1698,2024-05-22,113,74
1698,2024-05-23,184,36
1698,2024-05-26,90,108
1698,2024-06-01,259,195
1698,2024-06-03,153,145
1698,2024-06-06,121,246
1698,2024-06-09,311,156
1698,2024-06-10,222,104
1698,2024-06-12,129,200
1698,2024-06-14,278,238
1698,2024-06-15,101,118
1698,2024-06-17,265,101
1698,2024-06-18,209,95
1698,2024-06-21,229,113
1698,2024-06-23,293,96
1698,2024-06-26,303,133
1698,2024-07-01,114,139
1698,2024-07-04,80,87
1698,2024-07-07,183,149
1698,2024-07-08,93,167
1698,2024-07-14,316,62
1698,2024-07-19,126,178
1698,2024-07-22,288,110
1698,2024-07-30,131,182
1698,2024-07-31,280,122
1698,2024-08-03,121,76
1698,2024-08-04,223,249
1698,2024-08-07,156,193
1698,2024-08-13,273,114
1698,2024-08-18,158,236
1698,2024-08-20,264,115
1698,2024-08-22,212,242
1698,2024-08-24,177,57
1698,2024-08-31,207,100
1700,2024-05-29,160,107
1700,2024-05-30,54,90
1700,2024-06-07,346,142
1700,2024-06-08,232,96
1700,2024-06-10,80,70
1700,2024-06-12,104,117
1700,2024-06-13,280,214
1700,2024-06-18,348,205
1700,2024-06-22,176,95
1700,2024-06-24,162,121
1700,2024-06-28,91,94
1700,2024-07-02,273,70
1700,2024-07-07,272,214
1700,2024-07-08,345,207
1700,2024-07-11,329,162
1700,2024-07-13,122,78
1701,2024-05-05,91,148
1701,2024-05-06,57,124
1701,2024-05-15,121,57
1701,2024-05-16,73,46
1701,2024-05-19,144,103
1701,2024-05-21,189,24
1701,2024-05-29,52,113
1701,2024-06-01,154,81
1701,2024-06-04,101,201
1701,2024-06-09,258,230
1701,2024-06-12,225,216
1701,2024-06-16,297,148
1701,2024-06-21,246,181
1701,2024-06-28,249,96
1701,2024-07-01,82,175
1701,2024-07-13,314,211
1701,2024-07-20,306,127
1701,2024-07-26,91,169
1701,2024-07-31,109,223
1701,2024-08-04,326,177
1701,2024-08-09,282,198
1701,2024-08-10,114,52
1701,2024-08-11,187,104
1701,2024-08-12,136,71
1701,2024-08-13,286,170
1701,2024-08-15,135,201
1701,2024-08-17,179,115
1703,2024-05-15,62,44
1703,2024-05-21,108,75
1703,2024-05-23,121,123
1703,2024-06-09,350,241
1703,2024-06-17,100,115
1703,2024-06-19,156,152
1703,2024-06-22,338,197
1703,2024-06-27,244,127
1703,2024-06-28,245,133
1703,2024-06-30,190,77
1703,2024-07-01,261,119
1703,2024-07-05,190,170
1703,2024-07-11,285,181
1703,2024-07-14,174,240
1703,2024-07-16,82,164
1703,2024-07-18,130,130
1703,2024-07-20,323,83
1703,2024-07-26,202,152
1703,2024-07-27,253,165
1703,2024-07-29,254,120
1703,2024-07-30,345,151
1703,2024-07-31,239,186
1703,2024-08-09,254,145
1703,2024-08-11,184,130
1703,2024-08-12,185,81
1704,2024-05-22,43,31
1704,2024-05-23,125,147
1704,2024-05-24,198,36
1704,2024-05-29,115,98
1704,2024-06-06,245,122
1704,2024-06-18,115,194
1704,2024-06-20,131,53
1704,2024-06-21,332,135
1704,2024-06-24,109,56
1704,2024-06-25,264,106
1704,2024-06-26,239,145
1704,2024-06-28,182,100
1705,2024-05-09,119,130
1705,2024-05-14,190,109
1705,2024-05-18,72,39
1705,2024-05-29,97,77
1705,2024-05-30,101,81
1705,2024-05-31,143,136
1705,2024-06-03,297,164
1705,2024-06-06,265,76
1705,2024-06-09,282,124
1705,2024-06-10,134,60
1705,2024-06-12,140,249
1705,2024-06-14,297,70
1705,2024-06-25,278,178
1705,2024-06-26,117,109
1705,2024-06-28,248,185
1705,2024-07-03,176,193
1705,2024-07-11,98,53
1705,2024-07-24,311,56
1705,2024-07-28,169,192
1705,2024-08-02,167,92
1705,2024-08-04,240,240
1705,2024-08-07,200,133
1705,2024-08-17,316,244
1705,2024-08-20,239,111
1705,2024-08-21,105,71
1705,2024-08-22,281,153
1705,2024-08-23,266,246
1705,2024-08-24,233,148
1705,2024-08-27,259,236
1705,2024-08-28,188,89
1705,2024-08-29,329,154
1705,2024-08-30,115,66
1705,2024-09-03,267,117
1705,2024-09-05,117,67
1705,2024-09-07,128,65
1705,2024-09-09,125,123
1705,2024-09-13,299,137
1705,2024-09-18,178,153
1705,2024-09-19,215,126
1705,2024-09-20,235,134
1705,2024-09-23,211,68
1706,2024-05-09,166,114
1706,2024-05-13,183,40
1706,2024-05-17,143,129
1706,2024-05-20,109,146
1706,2024-05-25,78,110
1706,2024-05-26,155,84
1706,2024-05-27,146,32
1706,2024-05-30,172,85
1706,2024-06-11,324,240
1706,2024-06-14,210,71
1706,2024-06-21,222,96
1706,2024-06-23,271,204
1706,2024-07-04,221,110
1706,2024-07-14,193,132
1706,2024-07-17,105,213
1706,2024-07-27,168,77
1706,2024-08-11,306,74
1707,2024-05-10,105,61
1707,2024-05-12,82,111
1707,2024-05-13,191,25
1707,2024-05-22,185,49
1707,2024-05-23,171,127
1707,2024-05-25,81,110
1707,2024-05-31,102,87
1707,2024-06-05,133,120
1707,2024-06-10,245,184
1707,2024-06-16,315,133
1707,2024-06-20,258,149
1707,2024-06-25,192,119
1707,2024-06-27,116,131
1707,2024-06-29,296,68
1707,2024-06-30,124,72
1707,2024-07-01,110,95
1707,2024-07-12,195,183
1709,2024-05-11,130,138
1709,2024-05-12,48,39
1709,2024-05-15,44,26
1709,2024-05-16,187,148
1709,2024-05-17,138,37
1709,2024-05-22,141,55
1709,2024-05-26,182,78
1709,2024-05-27,48,143
1709,2024-05-29,64,133
1709,2024-06-02,241,221
1709,2024-06-10,227,243
1710,2024-05-09,74,92
1710,2024-05-13,147,42
1710,2024-05-16,82,105
1710,2024-05-17,86,49
1710,2024-05-18,164,80
1710,2024-05-19,179,24
1710,2024-05-22,47,115
1710,2024-05-23,62,41
1710,2024-05-24,56,149
1710,2024-05-25,69,21
1710,2024-05-26,200,124
1710,2024-05-30,93,100
1710,2024-06-02,191,229
1710,2024-06-08,295,232
1710,2024-06-09,252,133
1710,2024-06-10,229,207
1710,2024-06-17,140,130
1710,2024-06-19,245,56
1713,2024-05-09,109,30
1713,2024-05-20,144,40
1713,2024-05-23,69,36
1713,2024-05-24,101,127
1713,2024-05-25,85,123
1713,2024-05-28,180,63
1713,2024-05-29,198,131
1713,2024-05-31,104,121
1713,2024-06-01,150,96
1713,2024-06-06,175,243
1713,2024-06-10,123,234
1713,2024-06-16,161,73
1713,2024-06-20,100,74
1713,2024-06-23,177,69
1713,2024-06-26,149,132
1713,2024-06-28,201,80
1713,2024-06-30,82,174
1713,2024-07-03,327,51
1713,2024-07-06,340,245
1713,2024-07-08,153,61
1713,2024-07-16,238,144
1713,2024-07-18,295,121
1713,2024-07-19,323,245
1713,2024-07-20,85,250
1713,2024-07-25,272,206
1713,2024-07-26,320,117
1713,2024-07-30,298,147
1713,2024-08-03,278,124
1713,2024-08-07,85,99
1713,2024-08-12,343,145
1713,2024-08-14,343,77
1713,2024-08-21,178,183
1713,2024-08-22,220,162
1713,2024-08-28,200,165
1713,2024-08-31,194,132
1713,2024-09-02,131,93
1713,2024-09-05,256,180
1713,2024-09-07,104,180
1713,2024-09-08,121,119
1713,2024-09-13,196,135
1713,2024-09-15,267,196
1713,2024-09-16,285,111
1713,2024-09-17,122,131
1713,2024-09-19,203,189
1713,2024-09-22,270,163
1713,2024-09-23,142,146
1714,2024-05-10,75,30
1714,2024-05-13,54,101
1714,2024-05-14,100,62
1714,2024-05-18,120,113
1714,2024-05-21,133,109
1714,2024-05-22,177,146
1714,2024-05-27,180,88
1714,2024-06-11,275,111
1714,2024-06-12,141,119
1714,2024-06-13,207,127
1714,2024-06-16,114,219
1714,2024-06-21,114,225
1714,2024-06-23,101,152
1714,2024-06-24,327,185
1714,2024-07-06,222,73
1714,2024-07-11,334,175
1714,2024-07-16,287,85
1714,2024-07-17,119,209
1714,2024-07-21,246,59
1714,2024-07-24,165,54
1714,2024-07-28,106,61
1715,2024-05-09,153,68
1715,2024-05-10,72,38
1715,2024-05-19,169,24
1715,2024-05-20,183,125
1715,2024-05-25,146,148
1715,2024-05-29,60,103
1715,2024-06-04,257,222
1715,2024-06-05,147,237
1715,2024-06-09,182,154
1715,2024-06-25,138,222
1715,2024-06-30,127,170
1715,2024-07-06,343,95
1715,2024-07-07,309,237
1715,2024-07-08,280,67
1715,2024-07-12,311,169
1715,2024-07-22,344,84
1715,2024-07-23,220,83
1716,2024-05-06,126,90
1716,2024-05-08,140,109
1716,2024-05-10,145,48
1716,2024-05-13,76,95
1716,2024-05-14,152,116
1716,2024-05-15,116,111
1716,2024-05-16,77,21
1716,2024-05-25,81,105
1716,2024-05-26,154,21
1716,2024-06-03,345,102
1716,2024-06-04,324,160
1716,2024-06-06,114,195
1716,2024-06-07,170,231
1716,2024-06-08,248,112
1716,2024-06-14,89,168
1716,2024-06-20,206,233
1716,2024-06-22,192,243
1716,2024-07-10,248,141
1716,2024-07-11,342,87
1716,2024-07-12,273,205
1716,2024-07-13,306,248
1716,2024-07-14,156,114
1716,2024-07-16,121,128
1716,2024-07-22,289,112
1716,2024-07-26,296,86
1716,2024-07-28,190,213
1716,2024-07-30,244,129
1716,2024-08-04,249,117
1716,2024-08-05,345,150
1716,2024-08-06,176,237
1716,2024-08-08,163,163
1716,2024-08-13,285,212
1716,2024-08-17,300,94
1717,2024-05-12,193,89
1717,2024-05-13,152,33
1717,2024-05-15,94,48
1717,2024-05-20,126,119
1717,2024-05-23,169,73
1717,2024-05-28,102,61
1717,2024-05-29,90,74
1717,2024-06-06,314,76
1717,2024-06-09,168,55
1717,2024-06-10,168,117
1717,2024-06-14,281,164
1717,2024-06-15,135,215
1717,2024-06-20,200,242
1717,2024-06-22,157,60
1717,2024-06-23,218,163
1717,2024-07-02,234,245
1717,2024-07-10,254,199
1717,2024-07-15,156,74
1717,2024-07-17,239,176
1718,2024-05-04,167,98
1718,2024-05-08,118,61
1718,2024-05-11,81,110
1718,2024-05-12,127,135
1718,2024-05-14,190,104
1718,2024-05-17,85,106
1718,2024-05-18,61,74
1718,2024-05-20,107,55
1718,2024-05-21,164,54
1718,2024-05-22,172,135
1718,2024-05-23,80,81
1718,2024-05-24,124,52
1718,2024-05-26,194,55
1718,2024-05-27,47,129
1718,2024-05-30,86,130
1718,2024-06-09,97,59
1718,2024-06-11,207,51
1718,2024-06-27,110,91
1718,2024-06-29,319,226
1718,2024-06-30,330,222
1718,2024-07-01,328,95
1718,2024-07-03,230,153
1718,2024-07-07,255,80
1718,2024-07-11,275,246
1718,2024-07-15,327,166
1718,2024-07-17,334,116
1718,2024-07-19,274,183
1718,2024-07-23,139,54
1718,2024-07-24,104,107
1718,2024-07-25,82,139
1718,2024-07-27,253,222
1718,2024-07-30,177,90
1718,2024-07-31,133,101
1718,2024-08-02,112,182
1718,2024-08-04,328,74
1718,2024-08-05,274,204
1718,2024-08-16,269,137
1718,2024-08-17,93,143
1718,2024-08-19,306,230
1718,2024-08-20,310,221
1718,2024-08-21,103,81
1718,2024-08-23,135,152
1718,2024-08-28,347,228
1718,2024-08-29,84,174
1718,2024-09-01,165,157
1718,2024-09-12,237,82
1718,2024-09-15,235,169
1718,2024-09-16,226,194
1718,2024-09-24,190,182
1720,2024-05-14,87,145
1720,2024-05-15,81,25
1720,2024-05-17,101,82
1720,2024-05-18,185,127
1720,2024-05-19,72,67
1720,2024-05-21,148,48
1720,2024-05-22,49,63
1720,2024-05-24,51,126
1720,2024-05-25,52,25
1720,2024-05-31,49,29
1720,2024-06-02,253,154
1720,2024-06-04,278,244
1720,2024-06-06,163,136
1720,2024-06-07,245,135
1720,2024-06-11,322,141
1720,2024-06-13,265,62
1720,2024-06-16,194,175
1720,2024-06-17,185,94
1720,2024-06-18,167,177
1720,2024-06-21,275,227
1720,2024-06-24,280,91
1720,2024-06-25,336,52
1720,2024-06-28,181,166
1720,2024-07-01,346,132
1720,2024-07-02,137,101
1720,2024-07-04,220,121
1720,2024-07-07,211,202
1720,2024-07-09,87,54
1720,2024-07-10,237,93
1721,2024-05-11,81,103
1721,2024-05-13,146,91
1721,2024-05-14,125,76
1721,2024-05-16,69,101
1721,2024-05-22,90,104
1721,2024-05-24,177,96
1721,2024-05-26,125,88
1721,2024-05-29,186,103
1721,2024-05-31,47,79
1721,2024-06-01,320,213
1721,2024-06-02,182,129
1721,2024-06-04,160,224
1721,2024-06-07,273,196
1722,2024-05-07,98,25
1722,2024-05-12,138,57
1722,2024-05-15,192,40
1722,2024-05-19,107,60
1722,2024-05-20,70,74
1722,2024-05-25,160,87
1722,2024-05-28,93,69
1722,2024-05-29,162,120
1722,2024-05-30,80,112
1722,2024-05-31,106,67
1722,2024-06-08,205,235
1722,2024-06-09,319,130
1722,2024-06-13,255,231
1722,2024-06-18,274,217
1722,2024-06-19,182,247
1722,2024-06-21,115,67
1722,2024-06-27,273,78
1722,2024-06-30,228,99
1722,2024-07-01,234,132
1722,2024-07-06,247,80
1722,2024-07-12,316,162
1722,2024-07-19,338,110
1722,2024-07-20,251,176
1723,2024-05-07,112,88
1723,2024-05-08,112,120
1723,2024-05-09,173,142
1723,2024-05-10,157,34
1723,2024-05-16,162,70
1723,2024-05-17,79,115
1723,2024-05-18,80,48
1723,2024-05-19,68,117
1723,2024-05-20,162,119
1723,2024-05-21,141,25
1723,2024-05-22,172,45
1723,2024-05-23,81,92
1723,2024-05-26,151,71
1723,2024-05-28,112,117
1723,2024-05-29,54,123
1723,2024-06-01,311,182
1723,2024-06-08,330,66
1723,2024-06-09,94,166
1723,2024-06-10,342,156
1724,2024-05-14,116,29
1724,2024-05-17,102,39
1724,2024-05-18,87,28
1724,2024-05-19,139,95
1724,2024-05-22,152,137
1724,2024-05-23,68,133
1724,2024-05-24,157,149
1724,2024-05-26,90,34
1724,2024-05-29,68,124
1724,2024-05-30,99,21
1724,2024-05-31,101,38
1724,2024-06-02,191,117
1724,2024-06-04,258,95
1724,2024-06-07,218,128
1724,2024-06-09,86,133
1724,2024-06-10,230,87
1724,2024-06-14,330,74
1724,2024-06-16,130,231
1724,2024-06-17,276,120
1724,2024-06-23,200,204
1724,2024-06-24,133,103
1724,2024-06-25,187,97
1724,2024-06-26,144,135
1724,2024-06-27,329,197
1724,2024-06-29,292,112
1724,2024-06-30,315,202
1724,2024-07-01,269,226
1724,2024-07-02,193,152
1724,2024-07-04,311,118
1724,2024-07-09,200,123
1724,2024-07-13,309,127
1724,2024-07-14,311,153
1724,2024-07-15,119,94
1724,2024-07-16,200,117
1724,2024-07-19,134,197
1724,2024-07-21,136,128
1725,2024-05-07,97,87
1725,2024-05-08,89,108
1725,2024-05-10,150,129
1725,2024-05-13,81,49
1725,2024-05-14,139,31
1725,2024-05-17,57,27
1725,2024-05-19,188,61
1725,2024-05-25,180,70
1725,2024-05-26,144,29
1725,2024-05-27,94,44
1725,2024-05-29,76,96
1725,2024-05-30,168,53
1725,2024-05-31,72,95
1725,2024-06-03,214,101
1725,2024-06-07,340,128
1725,2024-06-14,86,71
1725,2024-06-24,313,69
1725,2024-06-25,276,71
1725,2024-06-26,289,161
1725,2024-06-29,186,249
1725,2024-07-03,109,67
1725,2024-07-06,123,80
1725,2024-07-09,112,218
1725,2024-07-17,293,203
1725,2024-07-19,346,235
1725,2024-07-22,89,112
1725,2024-07-24,269,155
1725,2024-07-26,155,168
1725,2024-07-29,279,192
1725,2024-07-30,291,108
1725,2024-08-13,331,238
1725,2024-08-14,251,195
1725,2024-08-18,99,166
1725,2024-08-20,213,191
1725,2024-08-21,174,189
1725,2024-08-29,139,129
1725,2024-08-30,161,82
1725,2024-09-04,277,194
1726,2024-05-15,167,61
1726,2024-05-17,110,86
1726,2024-05-20,180,85
1726,2024-05-22,64,117
1726,2024-05-30,146,139
1726,2024-06-01,189,142
1726,2024-06-02,206,164
1726,2024-06-03,326,230
1726,2024-06-04,96,233
1726,2024-06-07,239,189
1726,2024-06-10,122,168
1726,2024-06-12,215,187
1726,2024-06-13,285,116
1726,2024-06-14,246,242
1726,2024-06-16,324,196
1726,2024-06-19,171,182
1726,2024-06-21,192,127
1726,2024-06-22,298,77
1726,2024-06-23,230,126
1726,2024-07-06,343,87
1726,2024-07-08,285,202
1726,2024-07-12,193,196
1726,2024-07-14,181,115
1726,2024-07-18,275,246
1726,2024-07-24,201,116
1726,2024-07-27,187,166
1726,2024-08-06,169,229
1726,2024-08-11,109,83
1726,2024-08-18,113,81
1726,2024-08-20,339,185
1726,2024-08-24,181,55
1726,2024-08-26,329,131
1726,2024-08-27,162,115
1726,2024-08-28,88,199
1726,2024-08-31,197,127
1726,2024-09-02,238,65
1726,2024-09-03,156,127
1726,2024-09-04,202,180
1727,2024-05-15,120,34
1727,2024-05-17,73,81
1727,2024-05-24,72,145
1727,2024-05-26,85,83
1727,2024-05-29,107,144
1727,2024-06-01,321,142
1727,2024-06-06,81,245
1727,2024-06-11,188,145
1727,2024-06-15,345,249
1727,2024-06-18,212,209
1727,2024-06-21,246,101
1727,2024-06-23,151,114
1727,2024-06-24,178,250
1727,2024-06-26,207,188
1727,2024-06-28,325,161
1727,2024-07-01,241,182
1727,2024-07-04,180,118
1727,2024-07-07,236,212
1727,2024-07-09,140,89
1727,2024-07-11,129,72
1727,2024-07-13,287,129
1727,2024-07-14,302,212
1727,2024-07-20,268,156
1727,2024-07-22,181,90
1727,2024-07-25,191,211
1727,2024-07-28,195,170
1727,2024-07-30,91,97
1727,2024-08-01,95,159
1727,2024-08-03,307,155
1727,2024-08-05,169,50
1727,2024-08-06,92,197
1727,2024-08-11,251,93
1727,2024-08-12,225,211
1727,2024-08-14,211,135
1727,2024-08-17,86,228
1727,2024-08-18,151,210
1727,2024-08-26,118,143
1727,2024-08-27,83,170
1727,2024-08-31,170,209
1727,2024-09-01,121,168
1727,2024-09-05,109,194
1727,2024-09-09,213,123
1727,2024-09-11,277,92
1727,2024-09-15,262,117
1727,2024-09-17,141,72
1727,2024-09-20,293,120
1728,2024-05-12,123,22
1728,2024-05-14,127,141
1728,2024-05-19,179,121
1728,2024-05-20,144,112
1728,2024-05-21,180,34
1728,2024-05-22,145,20
1728,2024-05-25,75,76
1728,2024-05-26,71,44
1728,2024-05-28,122,99
1728,2024-05-30,115,117
1728,2024-06-02,250,139
1728,2024-06-03,149,159
1728,2024-06-05,144,231
1728,2024-06-07,203,189
1728,2024-06-13,120,135
1728,2024-06-15,176,250
1728,2024-06-16,342,167
1728,2024-06-19,204,128
1728,2024-06-20,299,166
1728,2024-06-22,137,112
1728,2024-06-23,192,249
1728,2024-06-27,307,121
1728,2024-06-28,206,104
1728,2024-06-30,346,199
1728,2024-07-04,272,76
1728,2024-07-06,162,155
1728,2024-07-11,266,220
1728,2024-07-16,94,132
1728,2024-08-01,130,87
1728,2024-08-02,214,111
1728,2024-08-05,285,177
1728,2024-08-06,144,209
1728,2024-08-12,271,153
1729,2024-05-10,67,150
1729,2024-05-11,158,142
1729,2024-05-13,124,34
1729,2024-05-14,165,72
1729,2024-05-15,74,68
1729,2024-05-16,116,99
1729,2024-05-17,63,36
1729,2024-05-28,173,64
1729,2024-05-31,117,54
1729,2024-06-01,118,178
1729,2024-06-03,227,218
1729,2024-06-06,187,184
1729,2024-06-14,229,58
1730,2024-05-10,169,29
1730,2024-05-14,112,45
1730,2024-05-15,49,122
1730,2024-05-18,198,149
1730,2024-05-20,45,96
1730,2024-05-23,137,51
1730,2024-05-24,68,44
1730,2024-05-30,89,71
1730,2024-06-02,259,162
1730,2024-06-03,150,62
1730,2024-06-06,303,77
1730,2024-06-08,191,66
1730,2024-06-09,331,183
1730,2024-06-10,130,165
1730,2024-06-22,167,201
1730,2024-06-25,252,234
1730,2024-06-27,147,67
1730,2024-06-29,197,92
1730,2024-07-19,201,212
1730,2024-07-21,281,246
1730,2024-07-22,292,74
1730,2024-07-24,145,109
1730,2024-07-29,179,138
1730,2024-08-01,94,99
1730,2024-08-03,327,203
1730,2024-08-12,294,231
1730,2024-08-13,298,90
1730,2024-08-15,106,89
1730,2024-08-19,264,157
1730,2024-08-21,297,141
1730,2024-08-30,169,196
1730,2024-09-04,130,170
1730,2024-09-06,196,81
1730,2024-09-08,288,154
1730,2024-09-09,193,189
1730,2024-09-18,265,186
1730,2024-09-20,278,115
1730,2024-09-21,195,146
1730,2024-09-22,198,100
1730,2024-09-23,193,193
1730,2024-09-27,167,102
1731,2024-05-11,92,96
1731,2024-05-12,74,51
1731,2024-05-19,60,133
1731,2024-05-21,156,100
1731,2024-05-24,143,25
1731,2024-05-25,54,93
1731,2024-05-27,137,96
1731,2024-06-03,142,211
1731,2024-06-05,96,216
1731,2024-06-08,130,162
1731,2024-06-12,180,237
1731,2024-06-13,219,94
1731,2024-06-18,316,140
1731,2024-06-19,147,100
1731,2024-06-22,328,226
1731,2024-06-26,292,245
1731,2024-07-03,242,132
1734,2024-05-07,112,95
1734,2024-05-17,157,33
1734,2024-05-19,149,31
1734,2024-05-23,92,36
1734,2024-05-26,163,98
1734,2024-05-28,164,149
1734,2024-05-29,155,140
1734,2024-05-30,187,47
1734,2024-05-31,181,145
1734,2024-06-01,108,158
1734,2024-06-03,197,79
1734,2024-06-10,206,73
1734,2024-06-14,231,66
1734,2024-06-15,150,189
1734,2024-06-16,267,78
1734,2024-06-22,140,171
1734,2024-06-24,196,174
1734,2024-06-25,255,54
1734,2024-07-01,348,94
1734,2024-07-02,138,143
1734,2024-07-05,197,224
1734,2024-07-11,198,103
1734,2024-07-14,169,112
1734,2024-07-17,311,224
1734,2024-07-18,241,200
1734,2024-07-26,332,68
1734,2024-08-05,93,91
1734,2024-08-07,151,212
1734,2024-08-08,174,207
1734,2024-08-14,145,222
1734,2024-08-17,331,148
1734,2024-08-18,281,113
1734,2024-08-26,155,172
1734,2024-08-27,343,220
1735,2024-05-09,140,83
1735,2024-05-15,171,56
1735,2024-05-17,75,120
1735,2024-05-18,194,97
1735,2024-05-25,90,145
1735,2024-05-28,70,22
1735,2024-05-30,45,32
1735,2024-06-10,226,127
1735,2024-06-13,133,97
1735,2024-06-24,190,224
1735,2024-06-25,173,69
1735,2024-07-05,296,63
1735,2024-07-07,135,223
1735,2024-07-08,109,196
1735,2024-07-09,135,175
1735,2024-07-12,347,121
1735,2024-07-17,150,236
1735,2024-07-19,205,94
1735,2024-07-23,341,114
1735,2024-07-26,315,52
1735,2024-07-29,343,233
1735,2024-08-01,101,139
1735,2024-08-02,118,246
1735,2024-08-03,335,108
1735,2024-08-04,109,191
1735,2024-08-05,112,176
1735,2024-08-12,139,148
1735,2024-08-16,182,89
1735,2024-09-04,165,159
1735,2024-09-05,114,82
1736,2024-05-06,83,132
1736,2024-05-07,61,56
1736,2024-05-08,78,128
1736,2024-05-11,75,79
1736,2024-05-12,170,142
1736,2024-05-13,111,56
1736,2024-05-14,54,139
1736,2024-05-15,200,78
1736,2024-05-17,127,45
1736,2024-05-20,74,77
1736,2024-05-21,166,126
1736,2024-05-23,174,150
1736,2024-05-28,129,82
1736,2024-06-02,151,118
1736,2024-06-04,314,145
1736,2024-06-05,303,137
1736,2024-06-06,233,61
1736,2024-06-08,184,51
1736,2024-06-09,121,86
1736,2024-06-13,340,195
1736,2024-06-14,218,210
1737,2024-05-14,173,110
1737,2024-05-16,105,114
1737,2024-05-20,74,144
1737,2024-05-22,142,51
1737,2024-05-23,138,41
1737,2024-05-24,160,27
1737,2024-05-27,196,86
1737,2024-05-29,56,146
1737,2024-05-30,200,115
1737,2024-06-02,318,237
1737,2024-06-07,244,162
1737,2024-06-09,288,210
1737,2024-06-12,81,165
1737,2024-06-17,332,67
1737,2024-06-18,348,209
1737,2024-06-23,140,104
1737,2024-06-26,230,80
1737,2024-07-03,273,152
1740,2024-05-14,111,103
1740,2024-05-17,102,97
1740,2024-05-19,90,42
1740,2024-05-20,40,49
1740,2024-05-22,54,94
1740,2024-05-24,121,100
1740,2024-05-25,172,132
1740,2024-05-31,155,41
1740,2024-06-01,310,249
1740,2024-06-11,314,248
1740,2024-06-16,170,145
1740,2024-06-17,100,175
1740,2024-06-19,232,235
1740,2024-06-22,189,111
1740,2024-06-23,133,129
1740,2024-06-24,129,248
1740,2024-06-29,177,174
1740,2024-07-02,332,69
1740,2024-07-03,227,222
1740,2024-07-12,105,116
1740,2024-07-14,314,188
1740,2024-07-16,244,159
1740,2024-07-18,159,250
1740,2024-07-19,94,167
1740,2024-07-21,347,148
1740,2024-07-23,155,141
1740,2024-07-25,181,155
1740,2024-07-27,145,76
1740,2024-08-01,195,93
1740,2024-08-03,245,76
1740,2024-08-05,228,71
1740,2024-08-07,164,162
1741,2024-05-12,182,104
1741,2024-05-13,198,40
1741,2024-05-21,47,119
1741,2024-05-25,83,117
1741,2024-05-30,148,125
1741,2024-06-02,336,234
1741,2024-06-12,191,56
1743,2024-05-05,158,99
1743,2024-05-07,91,130
1743,2024-05-09,42,38
1743,2024-05-12,200,145
1743,2024-05-19,154,150
1743,2024-05-25,140,81
1743,2024-05-26,161,47
1743,2024-05-29,154,90
1743,2024-05-31,141,133
1743,2024-06-05,258,163
1743,2024-06-07,302,79
1743,2024-06-10,126,104
1743,2024-06-14,151,121
1743,2024-06-16,239,123
1743,2024-06-20,281,95
1743,2024-06-24,264,65
1743,2024-06-25,189,80
1743,2024-06-29,222,184
1743,2024-07-05,240,114
1743,2024-07-07,283,173
1743,2024-07-09,295,132
1743,2024-07-12,105,144
1743,2024-07-14,145,99
1743,2024-07-16,297,128
1744,2024-05-10,187,145
1744,2024-05-14,175,147
1744,2024-05-15,44,139
1744,2024-05-16,132,27
1744,2024-05-17,116,38
1744,2024-05-19,182,77
1744,2024-05-20,109,80
1744,2024-05-25,112,58
1744,2024-05-27,154,88
1744,2024-05-30,57,62
1744,2024-05-31,174,91
1744,2024-06-01,288,50
1744,2024-06-03,334,134
1744,2024-06-05,309,182
1744,2024-06-06,341,98
1744,2024-06-14,105,94
1744,2024-06-15,137,192
1744,2024-06-26,298,201
1744,2024-07-03,335,161
1744,2024-07-07,333,210
1744,2024-07-09,306,198
1744,2024-07-14,222,109
1744,2024-07-20,248,55
1744,2024-07-21,266,119
1744,2024-07-22,242,141
1744,2024-07-27,311,180
1744,2024-07-30,222,138
1744,2024-08-01,256,186
1744,2024-08-13,299,235
1744,2024-08-19,92,185
1744,2024-08-21,135,82
1744,2024-08-22,279,199
1744,2024-08-27,153,235
1744,2024-09-03,106,172
1744,2024-09-04,266,181
1744,2024-09-05,120,194
1744,2024-09-07,254,187
1744,2024-09-08,147,198
1744,2024-09-10,236,111
1744,2024-09-13,146,149
1744,2024-09-14,114,83
1744,2024-09-15,292,72
1744,2024-09-17,203,124
1744,2024-09-20,268,99
1744,2024-09-22,121,70
1744,2024-09-24,204,77
1744,2024-09-26,283,134
1745,2024-05-12,145,46
1745,2024-05-17,164,136
1745,2024-05-19,69,121
1745,2024-05-21,165,36
1745,2024-05-26,48,100
1745,2024-05-28,176,44
1745,2024-05-29,68,35
1745,2024-06-02,128,156
1745,2024-06-03,303,51
1745,2024-06-10,87,88
1745,2024-06-15,182,181
1745,2024-06-16,266,124
1745,2024-06-25,206,247
1745,2024-06-28,176,192
1745,2024-07-03,203,244
1747,2024-05-08,137,136
1747,2024-05-09,163,59
1747,2024-05-10,104,27
1747,2024-05-12,138,97
1747,2024-05-19,77,131
1747,2024-05-24,101,145
1747,2024-05-27,65,118
1747,2024-05-28,142,112
1747,2024-06-03,347,126
1747,2024-06-12,185,57
1747,2024-06-17,273,104
1747,2024-06-19,131,248
1747,2024-06-25,249,123
1747,2024-06-30,206,147
1747,2024-07-04,345,228
1747,2024-07-06,239,223
1747,2024-07-07,280,232
1747,2024-07-19,155,77
1747,2024-07-20,81,113
1747,2024-07-22,325,223
1748,2024-05-07,146,54
1748,2024-05-12,115,113
1748,2024-05-19,104,48
1748,2024-05-20,87,78
1748,2024-05-22,60,65
1748,2024-05-23,165,26
1748,2024-05-29,40,25
1748,2024-06-02,197,75
1748,2024-06-04,197,60
1748,2024-06-15,219,99
1748,2024-06-22,196,201
1748,2024-07-02,165,57
1748,2024-07-04,305,127
1748,2024-07-07,189,157
1748,2024-07-08,258,211
1749,2024-05-11,96,107
1749,2024-05-12,117,112
1749,2024-05-14,180,33
1749,2024-05-16,73,61
1749,2024-05-17,124,131
1749,2024-05-21,89,23
1749,2024-05-22,175,115
1749,2024-05-23,139,118
1749,2024-05-24,101,63
1749,2024-05-25,186,35
1749,2024-05-27,156,100
1749,2024-05-28,125,94
1749,2024-05-29,86,29
1749,2024-05-30,49,142
1749,2024-06-05,184,136
1750,2024-05-04,194,139
1750,2024-05-05,150,150
1750,2024-05-07,188,149
1750,2024-05-08,142,49
1750,2024-05-09,62,43
1750,2024-05-12,42,56
1750,2024-05-15,133,135
1750,2024-05-19,42,22
1750,2024-05-27,173,36
1750,2024-05-31,52,91
1750,2024-06-05,180,58
1750,2024-06-06,289,240
1750,2024-06-07,133,220
1750,2024-06-08,292,50
1750,2024-06-09,206,147
1750,2024-06-11,332,166
1750,2024-06-12,94,124
1750,2024-06-13,152,87
1750,2024-06-15,153,170
1750,2024-06-20,132,69
1750,2024-06-24,338,158
1750,2024-06-25,203,85
1750,2024-06-28,107,67
1750,2024-07-05,275,201
1750,2024-07-09,286,227
1750,2024-07-14,281,192
1750,2024-07-18,125,72
1750,2024-07-24,239,157
1750,2024-07-26,338,181
1750,2024-07-27,136,161
1750,2024-07-28,257,250
1751,2024-05-22,83,22
1751,2024-05-25,111,74
1751,2024-05-28,152,88
1751,2024-05-30,149,94
1751,2024-05-31,143,145
1751,2024-06-04,328,227
1751,2024-06-07,244,211
1751,2024-06-12,270,62
1751,2024-06-14,295,197
1751,2024-06-24,108,164
1751,2024-06-28,317,150
1751,2024-07-01,261,233
1751,2024-07-02,339,135
1751,2024-07-03,110,212
1751,2024-07-07,231,204
1751,2024-07-08,207,155
1751,2024-07-16,141,134
1751,2024-07-19,319,53
1751,2024-07-21,205,150
1751,2024-07-24,310,91
1752,2024-05-13,169,101
1752,2024-05-18,54,127
1752,2024-05-20,99,63
1752,2024-05-25,151,99
1752,2024-05-27,83,32
1752,2024-05-29,175,79
1752,2024-05-30,156,115
1752,2024-06-01,266,60
1752,2024-06-02,197,151
1752,2024-06-04,280,234
1752,2024-06-05,299,147
1752,2024-06-10,210,219
1752,2024-06-13,135,160
1752,2024-06-14,247,175
1752,2024-06-15,161,56
1752,2024-06-18,165,189
1752,2024-06-24,308,225
1752,2024-06-26,336,112
1753,2024-05-15,119,144
1753,2024-05-16,61,97
1753,2024-05-19,197,119
1753,2024-05-27,185,109
1753,2024-05-28,111,104
1753,2024-05-29,77,93
1753,2024-05-30,156,35
1753,2024-06-02,268,63
1753,2024-06-10,251,64
1756,2024-05-07,198,148
1756,2024-05-08,78,137
1756,2024-05-13,168,107
1756,2024-05-17,170,101
1756,2024-05-18,55,134
1756,2024-05-19,159,85
1756,2024-05-24,172,48
1756,2024-05-26,82,109
1756,2024-05-30,136,23
1756,2024-06-04,156,206
1756,2024-06-11,184,178
1756,2024-06-12,152,190
1756,2024-06-15,341,244
1756,2024-06-18,265,185
1756,2024-06-22,93,124
1756,2024-06-26,82,217
1756,2024-06-27,162,217
1756,2024-06-29,239,68
1756,2024-06-30,163,180
1756,2024-07-01,188,213
1756,2024-07-04,227,228
1756,2024-07-05,249,95
1756,2024-07-13,84,136
1756,2024-07-15,213,234
1756,2024-07-23,255,242
1756,2024-07-24,155,195
1756,2024-07-25,165,159
1756,2024-07-27,287,78
1756,2024-08-01,248,234
1756,2024-08-02,265,125
1756,2024-08-08,154,193
1758,2024-05-14,61,55
1758,2024-05-16,129,50
1758,2024-05-24,54,33
1758,2024-05-25,103,87
1758,2024-05-27,168,61
1758,2024-05-28,78,141
1758,2024-05-30,141,40
1758,2024-06-01,242,240
1758,2024-06-11,244,209
1758,2024-06-12,120,136
1758,2024-06-13,329,181
1758,2024-06-14,262,140
1758,2024-06-22,311,84
1758,2024-06-23,129,159
1758,2024-06-28,250,62
1758,2024-06-29,246,229
1758,2024-07-01,285,190
1758,2024-07-04,281,206
1758,2024-07-05,244,93
1758,2024-07-07,290,174
1758,2024-07-10,327,53
1758,2024-07-16,228,236
1758,2024-07-17,311,95
1758,2024-07-18,252,201
1758,2024-07-19,350,82
1758,2024-07-20,213,78
1758,2024-07-25,202,152
1758,2024-07-26,183,52
1758,2024-07-27,211,234
1758,2024-07-30,201,180
1759,2024-05-10,155,26
1759,2024-05-11,176,136
1759,2024-05-13,137,30
1759,2024-05-14,90,67
1759,2024-05-15,93,81
1759,2024-05-16,56,22
1759,2024-05-18,128,80
1759,2024-05-20,172,123
1759,2024-05-21,116,108
1759,2024-05-22,184,38
1759,2024-05-23,109,83
1759,2024-05-26,174,82
1759,2024-06-04,164,66
1759,2024-06-15,268,69
1759,2024-06-17,177,73
1759,2024-06-18,83,132
1759,2024-06-19,217,151
1759,2024-06-26,129,95
1761,2024-05-05,168,121
1761,2024-05-07,178,131
1761,2024-05-10,93,65
1761,2024-05-13,71,121
1761,2024-05-28,199,138
1761,2024-05-31,187,82
1761,2024-06-01,140,235
1761,2024-06-05,327,215
1761,2024-06-06,269,166
1761,2024-06-07,215,217
1761,2024-06-13,85,67
1761,2024-06-15,151,229
1761,2024-06-18,348,143
1761,2024-06-20,289,198
1761,2024-06-21,267,64
1761,2024-06-24,91,132
1761,2024-06-28,242,55
1761,2024-07-01,348,85
1761,2024-07-08,147,115
1761,2024-07-14,209,184
1761,2024-07-15,90,87
1761,2024-07-21,276,247
1761,2024-07-23,250,105
1762,2024-05-07,147,32
1762,2024-05-08,98,47
1762,2024-05-09,143,28
1762,2024-05-15,189,73
1762,2024-05-17,117,133
1762,2024-05-18,86,50
1762,2024-05-19,182,81
1762,2024-05-20,79,109
1762,2024-05-21,150,48
1762,2024-05-23,151,54
1762,2024-05-26,52,81
1762,2024-05-27,66,104
1762,2024-05-28,156,104
1762,2024-06-08,105,102
1762,2024-06-10,283,189
1762,2024-06-15,295,174
1762,2024-06-17,128,97
1762,2024-06-20,243,88
1762,2024-06-22,95,115
1762,2024-06-26,112,181
1762,2024-07-07,94,154
1762,2024-07-14,290,136
1762,2024-07-16,326,134
1762,2024-07-17,227,72
1762,2024-07-19,123,153
1762,2024-07-23,102,139
1762,2024-07-24,198,71
1765,2024-05-06,83,120
1765,2024-05-10,85,51
1765,2024-05-23,200,55
1765,2024-05-26,126,26
1765,2024-05-27,73,104
1765,2024-05-31,64,63
1765,2024-06-03,296,116
1765,2024-06-07,186,237
1765,2024-06-13,163,226
1766,2024-05-09,95,75
1766,2024-05-15,115,55
1766,2024-05-16,190,128
1766,2024-05-17,134,97
1766,2024-05-19,195,24
1766,2024-05-20,182,54
1766,2024-05-21,106,66
1766,2024-05-22,167,139
1766,2024-05-25,158,82
1766,2024-05-29,106,148
1766,2024-05-30,73,115
1766,2024-06-09,306,85
1766,2024-06-21,350,121
1766,2024-06-24,311,135
1767,2024-05-13,134,66
1767,2024-05-14,155,113
1767,2024-05-17,170,149
1767,2024-05-18,148,41
1767,2024-05-19,152,95
1767,2024-05-22,198,44
1767,2024-05-25,106,93
1767,2024-05-26,109,29
1767,2024-05-29,198,27
1767,2024-06-06,242,101
1767,2024-06-24,229,90
1767,2024-06-25,80,249
1767,2024-06-29,251,98
1767,2024-07-11,187,161
1767,2024-07-16,333,136
1767,2024-07-17,227,225
1767,2024-07-19,296,119
1767,2024-07-20,259,74
1767,2024-07-21,348,100
1768,2024-05-10,190,90
1768,2024-05-11,41,20
1768,2024-05-12,183,37
1768,2024-05-15,117,54
1768,2024-05-16,145,140
1768,2024-05-17,163,61
1768,2024-05-21,128,113
1768,2024-05-24,182,55
1768,2024-05-27,181,24
1768,2024-05-30,191,132
1768,2024-06-02,274,162
1768,2024-06-10,310,233
1768,2024-06-12,305,57
1768,2024-06-22,266,194
1768,2024-06-28,279,179
1768,2024-07-02,204,205
1768,2024-07-05,87,88
1768,2024-07-06,116,135
1768,2024-07-07,243,129
1768,2024-07-11,268,76
1768,2024-07-12,231,213
1768,2024-07-14,265,129
1768,2024-07-18,205,109
1768,2024-07-19,309,77
1768,2024-07-20,163,132
1768,2024-07-21,291,77
1771,2024-05-10,148,141
1771,2024-05-11,44,150
1771,2024-05-14,120,85
1771,2024-05-15,92,51
1771,2024-05-16,170,84
1771,2024-05-18,63,123
1771,2024-05-23,68,103
1771,2024-05-26,114,81
1771,2024-05-30,120,41
1771,2024-05-31,93,28
1771,2024-06-01,173,51
1771,2024-06-03,327,134
1771,2024-06-11,347,181
1771,2024-06-12,128,65
1771,2024-06-13,152,209
1771,2024-06-15,328,134
1771,2024-06-19,226,91
1771,2024-06-21,347,73
1771,2024-06-24,280,214
1771,2024-06-28,186,94
1771,2024-07-01,332,212
1772,2024-05-13,100,72
1772,2024-05-14,148,149
1772,2024-05-18,150,148
1772,2024-05-21,158,102
1772,2024-05-27,71,62
1772,2024-05-28,192,21
1772,2024-05-30,119,130
1772,2024-06-02,109,248
1772,2024-06-03,167,228
1772,2024-06-06,314,241
1772,2024-06-08,279,239
1772,2024-06-11,109,240
1772,2024-06-12,321,193
1772,2024-06-16,199,126
1772,2024-06-20,168,246
1775,2024-05-14,66,107
1775,2024-05-17,136,96
1775,2024-05-18,84,38
1775,2024-05-20,139,74
1775,2024-05-21,44,71
1775,2024-05-25,79,148
1775,2024-05-27,79,145
1775,2024-05-29,143,33
1775,2024-05-31,66,49
1775,2024-06-05,210,120
1775,2024-06-06,174,249
1775,2024-06-11,193,184
1775,2024-06-15,120,158
1775,2024-06-25,176,53
1775,2024-06-29,328,208
1775,2024-07-01,123,91
1775,2024-07-08,350,150
1775,2024-07-09,100,106
1775,2024-07-10,227,145
1775,2024-07-13,141,160
1775,2024-07-15,172,151
1775,2024-07-18,232,175
1775,2024-07-20,180,156
1775,2024-07-22,91,242
1775,2024-07-24,226,79
1775,2024-07-25,208,119
1775,2024-07-28,162,170
1775,2024-07-31,211,107
1775,2024-08-06,197,75
1776,2024-05-09,42,107
1776,2024-05-15,198,32
1776,2024-05-21,80,109
1776,2024-05-29,117,111
1776,2024-06-01,88,153
1776,2024-06-03,192,81
1776,2024-06-06,120,230
1776,2024-06-07,241,233
1776,2024-06-09,300,138
1776,2024-06-14,278,176
1776,2024-06-15,348,90
1776,2024-06-20,241,188
1776,2024-06-26,130,247
1776,2024-06-27,292,85
1776,2024-07-09,163,219
1776,2024-07-11,197,62
1776,2024-07-15,113,65
1776,2024-07-16,126,133
1779,2024-05-05,183,32
1779,2024-05-09,136,43
1779,2024-05-10,66,106
1779,2024-05-19,102,95
1779,2024-05-20,111,120
1779,2024-05-21,43,59
1779,2024-05-23,138,39
1779,2024-05-24,56,101
1779,2024-05-26,75,140
1779,2024-05-27,151,38
1779,2024-06-01,270,91
1779,2024-06-07,264,158
1779,2024-06-12,252,58
1779,2024-06-14,92,214
1779,2024-06-16,319,163
1779,2024-06-27,176,131
1779,2024-06-28,191,247
1779,2024-06-29,82,138
1779,2024-07-07,272,221
1779,2024-07-10,233,88
1779,2024-07-12,249,83
1779,2024-07-14,241,83
1779,2024-07-25,214,203
1779,2024-07-31,257,121
1779,2024-08-05,338,194
1779,2024-08-12,139,236
1779,2024-08-15,325,66
1779,2024-08-24,108,240
1780,2024-05-07,82,60
1780,2024-05-10,179,112
1780,2024-05-11,124,60
1780,2024-05-15,160,72
1780,2024-05-20,85,41
1780,2024-05-22,151,149
1780,2024-05-24,96,79
1780,2024-05-25,146,112
1780,2024-05-26,137,139
1780,2024-05-31,187,86
1780,2024-06-03,161,215
1780,2024-06-04,87,203
1780,2024-06-05,253,99
1780,2024-06-10,219,235
1780,2024-06-15,348,62
1780,2024-06-17,321,71
1780,2024-06-18,210,232
1780,2024-06-19,173,168
1780,2024-06-21,312,134
1781,2024-05-10,168,29
1781,2024-05-11,94,41
1781,2024-05-12,111,123
1781,2024-05-13,144,127
1781,2024-05-18,80,94
1781,2024-05-22,87,132
1781,2024-05-24,79,52
1781,2024-05-27,177,40
1781,2024-05-28,177,83
1781,2024-05-30,108,74
1781,2024-05-31,104,131
1781,2024-06-05,176,101
1781,2024-06-06,181,70
1781,2024-06-07,165,219
1781,2024-06-08,147,78
1781,2024-06-14,217,94
1781,2024-06-18,128,63
1781,2024-06-22,144,151
1781,2024-06-24,250,175
1781,2024-06-28,114,101
1781,2024-07-02,186,113
1781,2024-07-06,348,247
1781,2024-07-07,216,90
1781,2024-07-08,119,152
1781,2024-07-13,245,115
1781,2024-07-19,320,150
1781,2024-07-21,340,186
1781,2024-07-29,311,120
1781,2024-08-01,212,121
1781,2024-08-02,277,202
1781,2024-08-03,345,63
1781,2024-08-09,330,195
1781,2024-08-11,86,196
1781,2024-08-12,182,225
1781,2024-08-15,221,129
1781,2024-08-17,330,120
1781,2024-08-18,95,186
1783,2024-05-06,141,112
1783,2024-05-07,110,113
1783,2024-05-08,171,64
1783,2024-05-11,90,53
1783,2024-05-14,109,42
1783,2024-05-16,48,120
1783,2024-05-21,65,73
1783,2024-05-22,89,55
1783,2024-05-24,46,41
1783,2024-05-25,172,130
1783,2024-05-27,42,89
1783,2024-05-28,100,99
1783,2024-05-29,60,120
1783,2024-05-31,129,128
1783,2024-06-04,150,86
1783,2024-06-21,168,203
1783,2024-06-27,324,211
1783,2024-06-28,180,75
1785,2024-05-11,171,30
1785,2024-05-16,133,110
1785,2024-05-19,85,149
1785,2024-05-25,53,108
1785,2024-05-27,160,25
1785,2024-05-29,49,102
1785,2024-05-31,155,61
1785,2024-06-03,340,127
1785,2024-06-05,276,156
1785,2024-06-08,302,138
1786,2024-05-10,173,127
1786,2024-05-11,67,35
1786,2024-05-15,146,78
1786,2024-05-17,117,107
1786,2024-05-19,120,143
1786,2024-05-24,72,94
1786,2024-05-27,68,101
1786,2024-06-09,211,94
1786,2024-06-14,336,229
1786,2024-06-19,258,110
1786,2024-07-01,318,129
1786,2024-07-02,179,89
1786,2024-07-04,331,238
1786,2024-07-05,151,219
1786,2024-07-11,285,126
1786,2024-07-12,127,66
1786,2024-07-17,288,215
1786,2024-07-21,215,166
1786,2024-07-26,81,163
1786,2024-08-01,186,178
1786,2024-08-02,224,82
1786,2024-08-03,185,165
1786,2024-08-07,252,145
1786,2024-08-13,331,205
1786,2024-08-17,147,200
1786,2024-08-19,299,84
1786,2024-08-28,98,230
1786,2024-08-31,277,73
1786,2024-09-03,183,188
1786,2024-09-05,282,150
1786,2024-09-07,140,191
1787,2024-05-06,170,61
1787,2024-05-07,71,110
1787,2024-05-14,55,139
1787,2024-05-17,78,61
1787,2024-05-20,60,24
1787,2024-05-21,127,59
1787,2024-05-25,171,37
1787,2024-05-26,155,86
1787,2024-05-27,59,24
1787,2024-05-31,167,49
1787,2024-06-04,167,188
1787,2024-06-11,155,181
1787,2024-06-16,255,231
1787,2024-06-23,122,225
1787,2024-06-24,130,167
1787,2024-07-09,300,208
1787,2024-07-15,305,171
1787,2024-07-16,178,148
1787,2024-07-17,235,212
1787,2024-07-20,135,226
1787,2024-07-21,350,57
1787,2024-07-23,112,80
1787,2024-07-25,97,152
1787,2024-07-27,322,237
1787,2024-08-11,114,158
1787,2024-08-14,152,152
1787,2024-08-15,130,178
1787,2024-09-04,248,68
1787,2024-09-11,210,106
1787,2024-09-16,239,70
1787,2024-09-17,209,90
1787,2024-09-18,278,86
1787,2024-09-19,259,105
1787,2024-09-20,179,174
1787,2024-09-24,214,152
1787,2024-09-26,247,100
1788,2024-05-09,112,85
1788,2024-05-14,152,106
1788,2024-05-20,48,117
1788,2024-05-21,71,79
1788,2024-05-22,108,137
1788,2024-05-24,106,42
1788,2024-05-31,99,38
1788,2024-06-05,256,143
1788,2024-06-06,228,183
1788,2024-06-08,335,58
1788,2024-06-10,91,53
1788,2024-06-18,290,123
1789,2024-05-10,79,71
1789,2024-05-12,188,24
1789,2024-05-15,57,44
1789,2024-05-16,162,135
1789,2024-05-19,107,136
1789,2024-05-26,126,134
1789,2024-05-27,170,101
1789,2024-05-28,118,81
1789,2024-05-29,94,101
1789,2024-05-30,65,75
1789,2024-06-01,317,103
1789,2024-06-02,135,106
1789,2024-06-10,244,168
1789,2024-06-17,186,144
1789,2024-06-19,328,132
1790,2024-05-08,133,127
1790,2024-05-10,167,111
1790,2024-05-15,100,51
1790,2024-05-20,43,27
1790,2024-05-23,177,149
1790,2024-05-26,68,35
1790,2024-05-27,71,107
1790,2024-05-30,72,149
1790,2024-05-31,53,34
1790,2024-06-01,257,149
1790,2024-06-07,295,61
1790,2024-06-13,265,141
1791,2024-05-05,103,66
1791,2024-05-07,185,99
1791,2024-05-13,51,68
1791,2024-05-16,196,76
1791,2024-05-18,117,133
1791,2024-05-19,112,62
1791,2024-05-20,151,112
1791,2024-05-21,175,72
1791,2024-05-24,192,31
1791,2024-05-28,131,114
1791,2024-05-29,140,134
1791,2024-05-30,72,98
1791,2024-05-31,178,102
1791,2024-06-12,215,163
1791,2024-06-13,167,236
1791,2024-06-16,235,224
1791,2024-06-22,92,210
1791,2024-06-25,256,198
1791,2024-07-02,316,85
1792,2024-05-12,119,59
1792,2024-05-13,46,68
1792,2024-05-17,51,81
1792,2024-05-18,118,122
1792,2024-05-22,194,41
1792,2024-05-24,144,51
1792,2024-05-25,177,147
1792,2024-06-07,225,137
1792,2024-06-10,261,189
1792,2024-06-11,159,124
1792,2024-06-12,237,100
1792,2024-06-13,144,138
1792,2024-06-14,191,123
1792,2024-06-15,200,114
1792,2024-06-19,207,203
1793,2024-05-09,139,87
1793,2024-05-13,66,69
1793,2024-05-14,72,37
1793,2024-05-18,161,64
1793,2024-05-24,163,86
1793,2024-05-26,49,31
1793,2024-05-31,44,92
1793,2024-06-04,211,113
1793,2024-06-16,133,83
1793,2024-06-29,267,112
1793,2024-06-30,346,216
1793,2024-07-02,210,77
1797,2024-05-06,151,59
1797,2024-05-10,168,87
1797,2024-05-17,42,76
1797,2024-05-23,170,42
1797,2024-05-25,194,123
1797,2024-05-28,86,25
1797,2024-06-03,288,53
1797,2024-06-09,232,179
1797,2024-06-13,350,226
1797,2024-06-15,281,216
1797,2024-06-20,237,76
1797,2024-06-21,204,179
1797,2024-06-24,298,85
1797,2024-07-03,197,160
1797,2024-07-07,277,76
1797,2024-07-09,322,113
1797,2024-07-11,259,237
1797,2024-07-14,147,117
1797,2024-07-16,273,162
1797,2024-07-19,162,175
1797,2024-07-24,208,100
1797,2024-07-29,312,158
1797,2024-08-03,210,204
1797,2024-08-05,314,119
1797,2024-08-14,137,152
1797,2024-08-21,184,178
1797,2024-08-22,199,106
1797,2024-08-25,317,62
1797,2024-08-26,257,178
1797,2024-08-28,101,203
1797,2024-09-01,120,146
1797,2024-09-06,238,160
1797,2024-09-08,206,98
1797,2024-09-14,201,148
1799,2024-05-12,144,46
1799,2024-05-15,62,64
1799,2024-05-21,127,28
1799,2024-05-25,184,63
1799,2024-06-08,159,81
1799,2024-06-11,146,187
1800,2024-05-18,130,141
1800,2024-05-19,181,121
1800,2024-05-21,80,32
1800,2024-05-22,119,42
1800,2024-05-24,118,26
1800,2024-05-27,100,37
1800,2024-05-29,109,110
1800,2024-05-30,165,65
1800,2024-06-06,157,55
1800,2024-06-08,199,187
1800,2024-06-13,204,172
1800,2024-06-28,152,74
1800,2024-07-05,279,240
1800,2024-07-06,227,250
1800,2024-07-11,183,123
1800,2024-07-26,272,196
1800,2024-07-27,191,142
1800,2024-07-29,337,128
1800,2024-07-31,287,244
1800,2024-08-02,87,61
1800,2024-08-06,115,68
