id,date_observation,etat_id
1001,2024-05-27,O
1001,2024-06-04,O
1001,2024-06-06,B
1001,2024-06-07,O
1001,2024-06-13,O
1001,2024-06-17,O
1001,2024-06-18,D
1001,2024-06-20,B
1001,2024-06-23,B
1001,2024-07-04,O
1001,2024-07-06,O
1001,2024-07-07,O
1001,2024-07-08,B
1001,2024-07-09,B
1001,2024-07-17,C
1001,2024-07-22,B
1001,2024-07-28,O
1001,2024-07-31,B
1001,2024-08-07,B
1002,2024-05-15,O
1002,2024-05-20,O
1002,2024-05-21,O
1002,2024-05-23,O
1002,2024-05-30,X
1002,2024-05-31,O
1002,2024-06-15,O
1002,2024-06-16,O
1002,2024-06-19,B
1002,2024-06-21,X
1002,2024-06-29,B
1002,2024-07-02,O
1002,2024-07-07,O
1002,2024-07-09,B
1002,2024-07-10,O
1002,2024-07-11,O
1002,2024-07-18,O
1002,2024-07-19,B
1002,2024-08-02,O
1002,2024-08-03,O
1002,2024-08-04,O
1002,2024-08-06,O
1002,2024-08-10,O
1002,2024-08-14,N
1002,2024-08-18,O
1002,2024-08-20,O
1002,2024-08-28,O
1004,2024-05-10,C
1004,2024-05-15,O
1004,2024-05-16,O
1004,2024-05-20,X
1004,2024-05-22,B
1004,2024-05-23,O
1004,2024-05-24,O
1004,2024-05-26,O
1004,2024-05-28,O
1004,2024-06-01,B
1004,2024-06-03,O
1004,2024-06-10,O
1004,2024-06-12,C
1004,2024-06-16,O
1004,2024-06-19,O
1004,2024-06-20,O
1004,2024-06-25,O
1004,2024-06-29,O
1004,2024-07-03,O
1004,2024-07-04,O
1004,2024-07-21,O
1004,2024-07-22,O
1004,2024-07-27,O
1004,2024-07-29,O
1004,2024-08-02,O
1004,2024-08-04,O
1004,2024-08-10,O
1004,2024-08-11,C
1004,2024-08-12,B
1004,2024-08-13,O
1004,2024-08-14,O
1004,2024-08-15,O
1004,2024-08-19,O
1004,2024-08-30,X
1004,2024-08-31,O
1004,2024-09-01,X
1005,2024-05-10,O
1005,2024-05-14,O
1005,2024-05-15,O
1005,2024-05-18,O
1005,2024-05-24,O
1005,2024-05-25,X
1005,2024-06-01,C
1005,2024-06-08,O
1005,2024-06-13,O
1005,2024-06-16,X
1005,2024-06-19,O
1005,2024-06-23,B
1005,2024-06-24,O
1005,2024-06-25,O
1005,2024-06-27,O
1005,2024-07-03,O
1005,2024-07-09,D
1005,2024-07-14,O
1005,2024-07-19,O
1005,2024-07-23,O
1005,2024-07-24,O
1005,2024-07-28,O
1005,2024-07-30,O
1006,2024-05-18,C
1006,2024-05-28,O
1006,2024-06-01,C
1006,2024-06-02,O
1006,2024-06-04,O
1006,2024-06-13,O
1006,2024-06-14,O
1006,2024-06-17,O
1006,2024-06-25,O
1006,2024-06-30,O
1006,2024-07-01,O
1006,2024-07-07,X
1006,2024-07-09,O
1006,2024-07-11,O
1006,2024-07-12,O
1007,2024-05-11,C
1007,2024-05-17,O
1007,2024-05-18,O
1007,2024-05-23,O
1007,2024-05-25,O
1007,2024-05-28,O
1007,2024-05-31,O
1007,2024-06-03,O
1007,2024-06-04,O
1007,2024-06-09,O
1007,2024-06-12,O
1007,2024-06-16,B
1007,2024-06-24,O
1007,2024-07-09,O
1007,2024-07-11,B
1007,2024-07-16,O
1007,2024-07-29,C
1007,2024-08-03,C
1007,2024-08-06,O
1007,2024-08-07,O
1007,2024-08-13,C
1007,2024-08-17,O
1007,2024-08-18,O
1007,2024-08-22,O
1010,2024-05-13,O
1010,2024-05-14,D
1010,2024-05-17,O
1010,2024-05-19,O
1010,2024-05-22,O
1010,2024-05-24,O
1010,2024-05-27,B
1010,2024-05-30,B
1010,2024-06-05,O
1010,2024-06-09,C
1010,2024-06-12,O
1010,2024-06-16,O
1010,2024-06-19,O
1010,2024-06-22,B
1010,2024-06-30,B
1010,2024-07-07,B
1010,2024-07-08,N
1010,2024-07-15,O
1010,2024-07-18,O
1010,2024-07-21,O
1010,2024-07-22,O
1010,2024-07-30,O
1010,2024-08-01,O
1010,2024-08-09,B
1010,2024-08-12,O
1010,2024-08-17,B
1010,2024-08-21,O
1010,2024-09-03,O
1010,2024-09-04,C
1010,2024-09-06,D
1010,2024-09-07,O
1010,2024-09-10,O
1010,2024-09-12,O
1010,2024-09-15,O
1010,2024-09-19,O
1010,2024-09-22,O
1010,2024-09-23,O
1010,2024-09-26,B
1010,2024-09-28,B
1010,2024-09-29,B
1011,2024-05-17,O
1011,2024-05-18,O
1011,2024-05-20,X
1011,2024-05-31,O
1011,2024-06-03,O
1011,2024-06-06,N
1011,2024-06-07,O
1011,2024-06-08,X
1011,2024-06-17,D
1011,2024-06-21,O
1011,2024-06-24,O
1011,2024-06-26,O
1012,2024-05-15,O
1012,2024-05-28,O
1012,2024-05-29,O
1012,2024-05-31,O
1012,2024-06-03,O
1012,2024-06-04,O
1012,2024-06-05,B
1012,2024-06-06,O
1012,2024-06-08,O
1012,2024-06-09,O
1012,2024-06-17,C
1012,2024-06-24,O
1012,2024-06-26,O
1012,2024-06-28,O
1012,2024-07-01,D
1012,2024-07-03,O
1012,2024-07-10,O
1012,2024-07-13,O
1012,2024-07-18,O
1012,2024-08-07,O
1012,2024-08-10,O
1012,2024-08-11,O
1012,2024-08-12,O
1012,2024-08-13,O
1012,2024-08-23,O
1014,2024-05-15,O
1014,2024-05-17,O
1014,2024-05-22,O
1014,2024-05-26,O
1014,2024-05-27,O
1014,2024-06-06,O
1014,2024-06-07,O
1014,2024-06-08,O
1014,2024-06-11,B
1014,2024-06-13,B
1014,2024-06-17,O
1014,2024-06-22,B
1014,2024-06-25,O
1014,2024-06-28,O
1014,2024-06-29,O
1014,2024-07-02,O
1014,2024-07-05,O
1014,2024-07-12,O
1014,2024-07-15,B
1014,2024-07-17,O
1014,2024-07-19,O
1014,2024-07-22,O
1014,2024-07-25,O
1014,2024-07-27,X
1014,2024-07-28,O
1014,2024-08-04,O
1014,2024-08-07,O
1014,2024-08-08,O
1014,2024-08-09,O
1014,2024-08-11,O
1014,2024-08-13,O
1015,2024-05-16,X
1015,2024-05-19,O
1015,2024-05-21,O
1015,2024-05-23,O
1015,2024-05-25,O
1015,2024-05-26,B
1015,2024-05-31,O
1015,2024-06-01,B
1015,2024-06-10,O
1015,2024-06-18,O
1015,2024-06-19,O
1015,2024-06-25,O
1015,2024-06-29,O
1015,2024-07-02,O
1015,2024-07-04,O
1015,2024-07-05,B
1015,2024-07-08,O
1015,2024-07-12,O
1015,2024-07-13,O
1015,2024-07-23,X
1015,2024-08-04,O
1015,2024-08-05,O
1015,2024-08-12,O
1015,2024-08-14,O
1015,2024-08-17,O
1015,2024-08-20,O
1015,2024-08-23,B
1015,2024-08-30,O
1015,2024-08-31,O
1015,2024-09-10,B
1016,2024-05-15,O
1016,2024-05-17,O
1016,2024-05-18,O
1016,2024-05-19,O
1016,2024-05-20,O
1016,2024-05-21,O
1016,2024-05-23,X
1016,2024-05-29,O
1016,2024-05-30,B
1016,2024-06-01,O
1016,2024-06-13,O
1016,2024-06-17,O
1016,2024-06-20,O
1016,2024-06-22,X
1016,2024-06-26,C
1016,2024-06-27,O
1016,2024-06-28,O
1016,2024-06-30,O
1016,2024-07-03,O
1016,2024-07-06,O
1016,2024-07-08,O
1016,2024-07-14,C
1016,2024-07-16,O
1016,2024-07-21,O
1016,2024-07-22,O
1016,2024-07-23,O
1016,2024-08-03,B
1016,2024-08-05,O
1016,2024-08-08,O
1016,2024-08-12,X
1016,2024-08-15,B
1016,2024-08-16,O
1016,2024-08-18,O
1016,2024-08-19,X
1016,2024-08-23,O
1016,2024-08-24,B
1017,2024-05-17,C
1017,2024-05-20,O
1017,2024-05-21,O
1017,2024-05-24,O
1017,2024-05-25,O
1017,2024-05-31,O
1017,2024-06-02,O
1017,2024-06-11,O
1017,2024-06-16,B
1017,2024-06-19,O
1017,2024-06-20,O
1017,2024-06-23,B
1017,2024-07-02,O
1017,2024-07-05,O
1017,2024-07-09,O
1017,2024-07-10,B
1017,2024-07-13,O
1017,2024-07-18,O
1017,2024-07-29,O
1017,2024-07-31,O
1017,2024-08-03,O
1017,2024-08-04,O
1017,2024-08-06,B
1017,2024-08-11,O
1017,2024-08-14,O
1017,2024-08-20,O
1017,2024-08-25,O
1017,2024-08-26,O
1017,2024-08-28,O
1017,2024-09-11,N
1017,2024-09-14,O
1017,2024-09-19,O
1017,2024-09-21,B
1018,2024-05-18,N
1018,2024-05-27,B
1018,2024-05-29,O
1018,2024-05-30,D
1018,2024-06-01,O
1018,2024-06-02,O
1018,2024-06-07,O
1018,2024-06-08,O
1018,2024-06-09,X
1018,2024-06-10,O
1018,2024-06-22,O
1018,2024-06-26,C
1018,2024-06-28,O
1018,2024-06-29,O
1019,2024-05-14,O
1019,2024-05-16,B
1019,2024-05-21,O
1019,2024-05-22,X
1019,2024-05-27,O
1019,2024-05-29,O
1019,2024-05-31,C
1019,2024-06-08,O
1019,2024-06-11,O
1019,2024-06-12,O
1019,2024-06-14,O
1019,2024-06-16,O
1019,2024-06-17,C
1019,2024-06-30,O
1019,2024-07-01,N
1019,2024-07-03,O
1019,2024-07-05,O
1019,2024-07-07,O
1019,2024-07-11,O
1019,2024-07-13,O
1019,2024-07-14,O
1020,2024-05-17,O
1020,2024-05-19,O
1020,2024-05-21,O
1020,2024-05-24,O
1020,2024-05-28,X
1020,2024-05-29,O
1020,2024-06-01,O
1020,2024-06-06,O
1020,2024-06-12,O
1020,2024-06-13,C
1020,2024-06-29,O
1020,2024-07-03,O
1020,2024-07-04,O
1020,2024-07-07,O
1020,2024-07-08,B
1020,2024-07-21,X
1020,2024-07-22,O
1020,2024-07-26,O
1020,2024-08-07,O
1020,2024-08-14,O
1020,2024-08-15,O
1020,2024-08-19,O
1020,2024-08-21,O
1020,2024-08-23,O
1020,2024-08-25,O
1020,2024-08-29,O
1020,2024-09-04,X
1020,2024-09-05,O
1020,2024-09-06,O
1021,2024-05-12,O
1021,2024-05-18,O
1021,2024-05-21,O
1021,2024-05-28,O
1021,2024-05-29,O
1021,2024-05-30,O
1021,2024-06-03,O
1021,2024-06-04,O
1021,2024-06-10,C
1021,2024-06-22,O
1021,2024-06-25,O
1021,2024-07-02,O
1021,2024-07-04,O
1021,2024-07-08,N
1021,2024-07-10,O
1021,2024-07-11,B
1021,2024-07-13,C
1021,2024-07-16,O
1021,2024-07-17,O
1021,2024-07-18,O
1021,2024-07-19,O
1021,2024-07-20,B
1021,2024-07-21,O
1021,2024-07-26,O
1021,2024-07-29,O
1021,2024-07-31,O
1021,2024-08-01,O
1021,2024-08-06,O
1021,2024-08-07,O
1021,2024-08-11,O
1021,2024-08-27,O
1022,2024-05-16,O
1022,2024-05-17,O
1022,2024-05-18,O
1022,2024-05-21,O
1022,2024-05-22,O
1022,2024-05-24,O
1022,2024-05-25,O
1022,2024-05-29,O
1022,2024-06-01,O
1022,2024-06-08,O
1022,2024-06-10,O
1022,2024-06-11,B
1022,2024-06-28,O
1022,2024-07-07,O
1022,2024-07-08,C
1022,2024-07-12,B
1022,2024-07-13,O
1022,2024-07-17,C
1022,2024-07-18,O
1022,2024-07-24,X
1022,2024-07-26,B
1022,2024-07-29,O
1022,2024-08-04,O
1022,2024-08-10,X
1022,2024-08-11,C
1023,2024-05-17,B
1023,2024-05-20,O
1023,2024-05-24,O
1023,2024-05-25,B
1023,2024-05-27,O
1023,2024-05-29,O
1023,2024-05-30,B
1023,2024-05-31,O
1023,2024-06-04,O
1023,2024-06-07,O
1023,2024-06-18,B
1023,2024-06-21,O
1023,2024-06-23,B
1023,2024-06-25,O
1023,2024-06-27,O
1023,2024-06-29,O
1023,2024-07-01,O
1023,2024-07-06,B
1023,2024-07-08,O
1023,2024-07-09,O
1023,2024-07-13,O
1023,2024-07-18,B
1023,2024-07-19,O
1023,2024-07-25,O
1024,2024-05-16,O
1024,2024-05-17,B
1024,2024-05-21,B
1024,2024-05-25,B
1024,2024-05-30,O
1024,2024-05-31,O
1024,2024-06-10,O
1024,2024-06-11,O
1024,2024-06-14,O
1024,2024-06-15,O
1024,2024-06-22,O
1024,2024-06-25,O
1024,2024-06-27,O
1024,2024-07-05,O
1024,2024-07-06,B
1024,2024-07-08,X
1024,2024-07-12,O
1024,2024-07-16,O
1024,2024-07-17,X
1024,2024-07-26,O
1024,2024-07-28,O
1024,2024-08-12,O
1024,2024-08-13,O
1024,2024-08-20,O
1024,2024-08-22,O
1024,2024-09-01,O
1024,2024-09-04,O
1025,2024-05-20,O
1025,2024-05-28,B
1025,2024-06-06,O
1025,2024-06-07,O
1025,2024-06-13,O
1025,2024-06-15,O
1025,2024-06-25,O
1025,2024-06-27,O
1025,2024-06-28,D
1025,2024-07-02,O
1025,2024-07-05,O
1025,2024-07-16,O
1025,2024-07-26,O
1025,2024-07-28,B
1025,2024-07-29,O
1025,2024-07-31,O
1025,2024-08-03,O
1025,2024-08-07,O
1025,2024-08-10,O
1025,2024-08-14,O
1025,2024-08-16,O
1025,2024-08-18,O
1026,2024-05-16,B
1026,2024-05-17,O
1026,2024-05-18,O
1026,2024-05-22,O
1026,2024-05-23,O
1026,2024-05-24,O
1026,2024-05-26,X
1026,2024-05-29,B
1026,2024-05-30,O
1026,2024-06-01,O
1026,2024-06-05,O
1026,2024-06-15,B
1026,2024-06-16,O
1026,2024-06-18,O
1026,2024-06-28,O
1026,2024-07-02,O
1026,2024-07-03,O
1026,2024-07-04,O
1026,2024-07-05,O
1026,2024-07-09,O
1026,2024-07-12,O
1026,2024-07-13,B
1026,2024-07-18,B
1026,2024-07-19,O
1026,2024-07-20,O
1026,2024-07-21,B
1026,2024-07-22,B
1026,2024-07-23,O
1027,2024-05-15,B
1027,2024-05-16,O
1027,2024-05-19,O
1027,2024-05-21,O
1027,2024-05-22,O
1027,2024-05-27,O
1027,2024-05-29,O
1027,2024-06-02,O
1027,2024-06-08,B
1027,2024-06-14,O
1027,2024-06-15,O
1027,2024-06-16,O
1027,2024-06-24,O
1027,2024-06-26,O
1027,2024-06-30,B
1027,2024-07-01,B
1027,2024-07-02,O
1027,2024-07-09,X
1027,2024-07-13,B
1028,2024-05-12,O
1028,2024-05-15,O
1028,2024-05-22,O
1028,2024-05-25,O
1028,2024-05-28,O
1028,2024-06-04,B
1028,2024-06-05,B
1028,2024-06-09,O
1030,2024-05-11,O
1030,2024-05-12,O
1030,2024-05-14,X
1030,2024-05-17,O
1030,2024-05-18,O
1030,2024-05-20,O
1030,2024-05-21,O
1030,2024-05-23,O
1030,2024-05-25,O
1030,2024-05-28,B
1030,2024-05-29,O
1030,2024-05-31,O
1030,2024-06-06,O
1030,2024-06-07,B
1031,2024-05-22,O
1031,2024-05-23,O
1031,2024-05-24,O
1031,2024-05-25,O
1031,2024-05-27,O
1031,2024-05-30,O
1031,2024-06-02,O
1031,2024-06-12,O
1031,2024-06-14,O
1031,2024-06-15,X
1031,2024-06-19,O
1031,2024-06-26,O
1031,2024-06-30,O
1031,2024-07-05,O
1031,2024-07-09,O
1031,2024-07-10,B
1031,2024-07-12,O
1031,2024-07-23,X
1031,2024-07-24,O
1031,2024-07-27,O
1031,2024-07-29,B
1033,2024-05-16,B
1033,2024-05-17,O
1033,2024-05-21,B
1033,2024-05-22,B
1033,2024-05-25,O
1033,2024-05-27,O
1033,2024-05-28,B
1033,2024-05-29,O
1033,2024-05-30,B
1033,2024-06-08,O
1033,2024-06-13,B
1033,2024-06-16,O
1033,2024-06-23,O
1033,2024-06-24,O
1033,2024-06-29,O
1033,2024-07-06,O
1033,2024-07-10,O
1033,2024-07-18,O
1033,2024-07-22,O
1033,2024-08-09,O
1033,2024-08-11,O
1033,2024-08-12,O
1033,2024-08-18,O
1033,2024-08-20,O
1033,2024-09-03,O
1033,2024-09-08,X
1033,2024-09-13,O
1033,2024-09-14,O
1033,2024-09-23,O
1033,2024-09-24,O
1033,2024-09-27,B
1037,2024-05-11,O
1037,2024-05-12,O
1037,2024-05-20,O
1037,2024-05-23,O
1037,2024-05-30,O
1037,2024-06-17,O
1037,2024-06-22,B
1037,2024-06-25,O
1037,2024-07-01,B
1037,2024-07-06,O
1037,2024-07-09,B
1037,2024-07-12,B
1037,2024-07-16,O
1037,2024-07-17,B
1038,2024-05-11,O
1038,2024-05-17,O
1038,2024-05-18,N
1038,2024-05-25,O
1038,2024-05-27,O
1038,2024-06-01,B
1038,2024-06-02,O
1038,2024-06-09,O
1038,2024-06-16,O
1038,2024-07-13,O
1038,2024-07-17,O
1038,2024-07-19,O
1038,2024-07-21,O
1038,2024-07-26,O
1038,2024-08-09,O
1038,2024-08-12,B
1038,2024-08-13,O
1038,2024-08-19,O
1038,2024-08-28,O
1038,2024-09-03,O
1038,2024-09-10,C
1038,2024-09-11,X
1038,2024-09-14,O
1038,2024-09-15,O
1038,2024-09-17,O
1038,2024-09-25,O
1038,2024-09-27,O
1038,2024-09-28,O
1038,2024-09-29,O
1040,2024-05-21,O
1040,2024-05-22,D
1040,2024-05-23,O
1040,2024-05-26,O
1040,2024-05-28,N
1040,2024-05-30,O
1040,2024-06-01,O
1040,2024-06-03,X
1040,2024-06-05,O
1040,2024-06-09,O
1040,2024-06-13,B
1040,2024-06-14,O
1040,2024-06-15,B
1040,2024-06-16,B
1040,2024-06-17,O
1040,2024-06-18,O
1040,2024-06-22,O
1040,2024-06-24,O
1040,2024-06-25,B
1042,2024-05-14,C
1042,2024-05-16,O
1042,2024-05-17,O
1042,2024-05-20,O
1042,2024-05-21,B
1042,2024-05-25,O
1042,2024-05-27,O
1042,2024-05-29,O
1042,2024-06-06,X
1042,2024-06-07,O
1042,2024-06-09,O
1042,2024-06-12,O
1042,2024-06-13,O
1042,2024-06-14,O
1042,2024-06-16,O
1042,2024-06-22,O
1042,2024-06-24,O
1042,2024-07-08,B
1042,2024-07-11,O
1042,2024-07-13,O
1042,2024-07-17,D
1042,2024-07-20,B
1042,2024-07-24,B
1042,2024-07-31,O
1042,2024-08-01,O
1042,2024-08-02,O
1042,2024-08-04,O
1042,2024-08-06,B
1042,2024-08-13,O
1042,2024-08-20,B
1042,2024-08-21,O
1042,2024-08-25,O
1042,2024-08-26,O
1042,2024-09-02,X
1042,2024-09-05,X
1042,2024-09-06,O
1042,2024-09-11,X
1042,2024-09-13,C
1042,2024-09-14,B
1043,2024-05-11,O
1043,2024-05-17,O
1043,2024-05-24,O
1043,2024-05-25,O
1043,2024-05-28,O
1043,2024-06-02,O
1043,2024-06-06,B
1043,2024-06-07,X
1043,2024-06-11,C
1043,2024-06-12,O
1043,2024-06-14,O
1043,2024-06-16,O
1043,2024-06-18,O
1043,2024-06-20,O
1043,2024-06-21,X
1043,2024-06-23,B
1043,2024-06-30,X
1043,2024-07-01,O
1043,2024-07-06,B
1043,2024-07-08,O
1043,2024-07-13,O
1043,2024-07-19,O
1044,2024-05-15,O
1044,2024-05-19,O
1044,2024-05-22,B
1044,2024-05-27,O
1044,2024-05-29,O
1044,2024-05-31,C
1044,2024-06-03,O
1044,2024-06-04,O
1044,2024-06-06,X
1044,2024-06-11,O
1044,2024-06-12,O
1044,2024-06-21,O
1044,2024-06-22,O
1044,2024-06-24,O
1044,2024-06-27,O
1044,2024-06-28,O
1044,2024-06-29,O
1044,2024-06-30,O
1044,2024-07-01,B
1044,2024-07-03,O
1044,2024-07-04,O
1044,2024-07-06,O
1044,2024-07-11,O
1044,2024-07-16,O
1044,2024-07-18,O
1044,2024-08-05,B
1044,2024-08-07,O
1044,2024-08-08,O
1044,2024-08-09,O
1044,2024-08-18,O
1044,2024-08-20,B
1044,2024-08-22,O
1044,2024-08-23,O
1045,2024-05-11,B
1045,2024-05-13,O
1045,2024-05-15,O
1045,2024-05-17,B
1045,2024-05-19,O
1045,2024-05-20,X
1045,2024-05-22,O
1045,2024-05-23,O
1045,2024-05-26,O
1045,2024-05-27,O
1045,2024-06-01,O
1045,2024-06-07,O
1045,2024-06-09,O
1045,2024-06-15,X
1045,2024-06-16,O
1045,2024-06-18,O
1046,2024-05-09,O
1046,2024-05-12,O
1046,2024-05-17,C
1046,2024-05-18,O
1046,2024-05-19,O
1046,2024-05-20,O
1046,2024-05-22,O
1046,2024-05-23,O
1046,2024-05-25,X
1046,2024-05-26,O
1046,2024-06-01,O
1046,2024-06-13,O
1046,2024-06-21,O
1046,2024-06-22,B
1046,2024-06-24,C
1046,2024-06-26,O
1046,2024-07-01,B
1046,2024-07-11,O
1046,2024-07-14,O
1046,2024-07-15,O
1046,2024-07-21,B
1046,2024-07-26,O
1046,2024-08-01,O
1046,2024-08-04,O
1046,2024-08-11,O
1046,2024-08-19,O
1046,2024-08-20,O
1046,2024-08-26,O
1046,2024-08-31,O
1046,2024-09-01,O
1046,2024-09-06,C
1046,2024-09-08,B
1046,2024-09-10,B
1047,2024-05-17,O
1047,2024-05-21,O
1047,2024-05-22,O
1047,2024-05-24,O
1047,2024-05-27,O
1047,2024-05-29,O
1047,2024-06-09,O
1047,2024-06-11,B
1047,2024-06-12,D
1047,2024-07-06,O
1047,2024-07-09,O
1047,2024-07-10,O
1047,2024-07-15,O
1047,2024-07-24,O
1047,2024-07-25,O
1047,2024-07-28,B
1047,2024-07-30,O
1047,2024-08-03,O
1047,2024-08-04,O
1047,2024-08-08,O
1047,2024-08-11,D
1047,2024-08-14,O
1047,2024-08-16,O
1047,2024-08-21,B
1047,2024-08-22,O
1047,2024-08-26,O
1047,2024-08-29,D
1047,2024-08-31,O
1047,2024-09-01,O
1047,2024-09-05,B
1047,2024-09-08,O
1048,2024-05-11,O
1048,2024-05-14,O
1048,2024-05-20,O
1048,2024-05-22,O
1048,2024-05-24,O
1048,2024-06-03,O
1048,2024-06-08,X
1048,2024-06-09,O
1048,2024-06-12,O
1048,2024-06-13,O
1048,2024-06-15,B
1048,2024-06-16,B
1048,2024-06-19,O
1048,2024-06-23,O
1048,2024-06-24,X
1048,2024-06-25,O
1048,2024-06-26,B
1048,2024-06-28,X
1048,2024-06-30,O
1048,2024-07-15,B
1048,2024-07-18,O
1048,2024-07-19,O
1048,2024-07-24,O
1048,2024-07-28,X
1048,2024-08-04,O
1050,2024-05-13,B
1050,2024-05-14,O
1050,2024-05-15,C
1050,2024-05-16,O
1050,2024-05-23,O
1050,2024-05-28,X
1050,2024-05-29,O
1050,2024-06-02,X
1050,2024-06-05,O
1050,2024-06-15,B
1050,2024-06-23,B
1050,2024-06-26,O
1050,2024-06-28,O
1050,2024-07-01,O
1050,2024-07-10,O
1050,2024-07-11,O
1050,2024-07-13,O
1050,2024-07-20,O
1050,2024-07-21,O
1050,2024-07-22,O
1050,2024-07-24,O
1050,2024-07-28,O
1050,2024-07-30,O
1050,2024-07-31,O
1050,2024-08-11,X
1050,2024-08-15,X
1050,2024-08-17,B
1050,2024-08-20,O
1050,2024-08-23,O
1050,2024-08-25,O
1050,2024-08-26,O
1050,2024-08-27,O
1050,2024-09-02,O
1050,2024-09-06,X
1050,2024-09-08,B
1051,2024-05-16,O
1051,2024-05-17,O
1051,2024-05-21,X
1051,2024-05-24,N
1051,2024-05-30,O
1051,2024-06-03,O
1051,2024-06-07,B
1051,2024-06-09,O
1051,2024-06-10,O
1051,2024-06-11,O
1051,2024-06-15,O
1051,2024-06-17,O
1051,2024-06-19,O
1051,2024-06-29,O
1051,2024-07-03,O
1051,2024-07-05,O
1051,2024-07-07,O
1051,2024-07-11,X
1052,2024-05-18,O
1052,2024-05-19,O
1052,2024-05-21,O
1052,2024-05-22,O
1052,2024-05-27,O
1052,2024-05-29,O
1052,2024-05-30,O
1052,2024-06-05,B
1052,2024-06-06,O
1052,2024-06-07,O
1052,2024-06-09,C
1052,2024-06-14,O
1052,2024-06-17,O
1052,2024-06-27,O
1052,2024-07-07,O
1052,2024-07-11,B
1052,2024-07-17,O
1052,2024-07-23,O
1052,2024-07-25,O
1052,2024-08-01,X
1052,2024-08-02,O
1052,2024-08-06,O
1052,2024-08-08,O
1052,2024-08-09,O
1052,2024-08-10,O
1052,2024-08-12,O
1052,2024-08-13,O
1052,2024-09-01,O
1052,2024-09-06,O
1052,2024-09-08,O
1052,2024-09-12,D
1052,2024-09-13,O
1052,2024-09-17,B
1052,2024-09-19,N
1052,2024-09-20,O
1052,2024-09-21,O
1052,2024-09-25,B
1053,2024-05-14,O
1053,2024-05-15,B
1053,2024-05-17,O
1053,2024-05-20,X
1053,2024-05-21,O
1053,2024-05-25,O
1053,2024-05-27,X
1053,2024-05-29,B
1053,2024-06-07,O
1053,2024-06-08,X
1053,2024-06-12,O
1053,2024-06-16,O
1055,2024-05-16,O
1055,2024-05-22,O
1055,2024-05-24,O
1055,2024-05-25,O
1055,2024-05-28,O
1055,2024-06-01,O
1055,2024-06-03,N
1055,2024-06-04,O
1055,2024-06-05,O
1055,2024-06-06,O
1055,2024-06-10,O
1055,2024-06-16,O
1055,2024-06-17,O
1055,2024-06-20,O
1055,2024-06-21,D
1055,2024-06-24,O
1055,2024-06-29,B
1055,2024-06-30,O
1055,2024-07-03,O
1055,2024-07-04,O
1055,2024-07-05,O
1055,2024-07-08,O
1055,2024-07-10,O
1055,2024-07-12,O
1055,2024-07-17,O
1055,2024-07-29,B
1055,2024-08-04,C
1055,2024-08-05,O
1058,2024-05-11,O
1058,2024-05-13,O
1058,2024-05-15,O
1058,2024-05-19,X
1058,2024-05-21,O
1058,2024-05-22,O
1058,2024-06-04,O
1058,2024-06-08,O
1058,2024-06-12,O
1058,2024-06-19,O
1058,2024-06-21,O
1060,2024-05-10,B
1060,2024-05-11,O
1060,2024-05-12,O
1060,2024-05-13,O
1060,2024-05-15,O
1060,2024-05-17,D
1060,2024-05-24,O
1060,2024-05-28,O
1060,2024-05-29,O
1060,2024-06-04,X
1060,2024-06-16,O
1060,2024-06-21,C
1060,2024-06-23,B
1061,2024-05-11,O
1061,2024-05-13,O
1061,2024-05-14,B
1061,2024-05-15,O
1061,2024-05-19,O
1061,2024-05-24,O
1061,2024-05-25,O
1061,2024-05-26,O
1061,2024-05-27,O
1061,2024-05-28,O
1061,2024-05-29,X
1061,2024-06-09,O
1061,2024-06-21,O
1061,2024-06-22,B
1061,2024-06-24,O
1061,2024-06-25,O
1061,2024-06-27,O
1061,2024-06-28,O
1061,2024-06-29,O
1061,2024-07-04,O
1061,2024-07-06,O
1064,2024-05-17,O
1064,2024-05-20,X
1064,2024-05-22,B
1064,2024-05-23,B
1064,2024-05-24,O
1064,2024-05-25,B
1064,2024-05-26,O
1064,2024-05-29,O
1064,2024-05-30,O
1064,2024-05-31,O
1064,2024-06-01,O
1064,2024-06-02,O
1064,2024-06-05,O
1064,2024-06-06,O
1064,2024-06-07,O
1064,2024-06-11,O
1064,2024-06-18,O
1064,2024-06-23,O
1064,2024-06-24,O
1064,2024-06-28,O
1064,2024-07-10,O
1064,2024-07-12,C
1064,2024-07-17,O
1065,2024-05-21,O
1065,2024-05-26,O
1065,2024-06-01,O
1065,2024-06-07,O
1065,2024-06-10,O
1065,2024-06-11,O
1065,2024-06-14,B
1065,2024-06-20,O
1065,2024-06-26,O
1065,2024-07-06,O
1065,2024-07-07,O
1065,2024-07-11,O
1065,2024-07-16,O
1065,2024-07-17,B
1065,2024-07-20,C
1065,2024-07-23,O
1065,2024-07-24,O
1065,2024-08-04,O
1065,2024-08-06,B
1065,2024-08-16,O
1065,2024-08-18,O
1065,2024-08-19,O
1065,2024-08-20,O
1065,2024-08-21,O
1066,2024-05-12,O
1066,2024-05-13,O
1066,2024-05-20,O
1066,2024-05-23,O
1066,2024-05-25,B
1066,2024-05-28,O
1066,2024-05-31,O
1066,2024-06-11,B
1066,2024-06-17,O
1066,2024-06-19,O
1066,2024-06-21,O
1066,2024-06-23,O
1066,2024-06-24,C
1066,2024-06-25,O
1066,2024-06-29,X
1066,2024-06-30,O
1066,2024-07-06,O
1066,2024-07-08,O
1066,2024-07-12,O
1066,2024-07-17,O
1066,2024-07-20,B
1066,2024-07-25,O
1067,2024-05-15,O
1067,2024-05-16,D
1067,2024-05-19,O
1067,2024-05-22,O
1067,2024-05-25,O
1067,2024-05-26,O
1067,2024-05-28,X
1067,2024-05-30,O
1067,2024-06-12,O
1067,2024-06-13,O
1067,2024-06-25,B
1067,2024-07-04,O
1070,2024-05-13,O
1070,2024-05-17,O
1070,2024-05-18,O
1070,2024-05-27,O
1070,2024-05-28,O
1070,2024-06-01,O
1070,2024-06-03,O
1070,2024-06-07,O
1070,2024-06-14,B
1070,2024-06-17,O
1070,2024-06-19,O
1070,2024-06-22,O
1070,2024-06-27,O
1070,2024-07-02,O
1070,2024-07-06,O
1070,2024-07-07,O
1070,2024-07-10,O
1070,2024-07-11,N
1070,2024-07-14,B
1070,2024-07-23,O
1070,2024-07-26,O
1070,2024-07-28,X
1070,2024-08-06,O
1070,2024-08-17,O
1070,2024-08-19,C
1070,2024-08-20,B
1070,2024-08-21,O
1070,2024-08-23,O
1070,2024-08-30,O
1070,2024-08-31,N
1071,2024-05-15,B
1071,2024-05-16,C
1071,2024-05-23,O
1071,2024-05-27,O
1071,2024-05-28,O
1071,2024-05-30,O
1071,2024-06-03,O
1071,2024-06-04,B
1071,2024-06-09,N
1071,2024-06-15,O
1071,2024-06-18,O
1071,2024-06-19,O
1071,2024-06-21,C
1071,2024-06-22,O
1071,2024-06-24,O
1071,2024-06-26,O
1071,2024-06-27,O
1071,2024-06-29,O
1071,2024-07-03,O
1071,2024-07-06,O
1071,2024-07-10,O
1071,2024-07-18,B
1071,2024-07-22,O
1071,2024-07-24,O
1071,2024-07-30,O
1071,2024-08-07,O
1072,2024-05-17,O
1072,2024-05-19,B
1072,2024-05-20,O
1072,2024-05-21,O
1072,2024-05-22,O
1072,2024-05-23,O
1072,2024-05-25,O
1072,2024-05-26,B
1072,2024-05-31,B
1072,2024-06-07,O
1072,2024-06-10,B
1072,2024-06-15,B
1072,2024-06-17,N
1072,2024-06-18,O
1072,2024-06-19,O
1072,2024-06-24,O
1072,2024-07-02,O
1072,2024-07-09,B
1072,2024-07-12,O
1072,2024-07-14,O
1072,2024-07-19,O
1072,2024-07-21,O
1072,2024-07-26,B
1072,2024-07-28,O
1072,2024-07-29,O
1072,2024-07-30,O
1072,2024-08-02,D
1072,2024-08-06,X
1072,2024-08-07,C
1072,2024-08-10,O
1072,2024-08-11,B
1072,2024-08-21,O
1072,2024-08-26,O
1072,2024-09-01,B
1072,2024-09-03,B
1072,2024-09-04,O
1072,2024-09-07,O
1072,2024-09-08,O
1072,2024-09-09,O
1072,2024-09-13,B
1072,2024-09-16,O
1072,2024-09-17,B
1072,2024-09-18,O
1072,2024-09-20,X
1072,2024-09-22,O
1072,2024-09-24,O
1072,2024-09-26,O
1073,2024-05-13,O
1073,2024-05-14,O
1073,2024-05-17,O
1073,2024-05-20,B
1073,2024-05-21,O
1073,2024-05-22,O
1073,2024-05-24,O
1073,2024-05-26,O
1073,2024-06-01,O
1073,2024-06-03,X
1073,2024-06-04,O
1073,2024-06-13,C
1073,2024-06-19,O
1073,2024-06-21,O
1073,2024-07-04,C
1073,2024-07-05,O
1073,2024-07-17,O
1073,2024-07-20,O
1073,2024-07-26,O
1073,2024-07-30,O
1073,2024-07-31,O
1073,2024-08-07,O
1073,2024-08-10,D
1073,2024-08-14,O
1073,2024-08-21,B
1073,2024-08-26,X
1073,2024-08-27,O
1073,2024-08-31,B
1073,2024-09-02,O
1074,2024-05-10,O
1074,2024-05-11,X
1074,2024-05-17,X
1074,2024-05-19,O
1074,2024-05-24,O
1074,2024-05-25,O
1074,2024-05-27,O
1074,2024-05-31,O
1074,2024-06-02,O
1074,2024-06-06,O
1074,2024-06-09,O
1074,2024-06-10,O
1074,2024-06-11,B
1074,2024-06-17,B
1074,2024-06-18,B
1074,2024-06-20,N
1074,2024-06-21,O
1074,2024-06-29,B
1074,2024-06-30,O
1075,2024-05-15,B
1075,2024-05-16,N
1075,2024-05-17,O
1075,2024-05-19,O
1075,2024-05-26,O
1075,2024-05-27,O
1075,2024-05-28,O
1075,2024-05-29,O
1075,2024-05-30,O
1075,2024-06-04,O
1075,2024-06-08,O
1075,2024-06-13,O
1075,2024-06-15,X
1075,2024-06-17,O
1075,2024-06-18,O
1077,2024-05-18,O
1077,2024-05-20,O
1077,2024-05-21,O
1077,2024-05-27,O
1077,2024-05-30,O
1077,2024-05-31,B
1077,2024-06-04,O
1077,2024-06-13,X
1077,2024-06-22,O
1077,2024-06-25,B
1077,2024-06-30,O
1077,2024-07-05,O
1077,2024-07-08,O
1077,2024-07-09,O
1077,2024-07-16,B
1077,2024-07-18,O
1077,2024-07-21,O
1077,2024-07-29,O
1077,2024-08-02,O
1077,2024-08-03,O
1077,2024-08-06,O
1077,2024-08-08,O
1077,2024-08-16,O
1077,2024-08-18,O
1077,2024-08-20,O
1077,2024-08-31,O
1077,2024-09-03,O
1077,2024-09-04,O
1077,2024-09-09,O
1077,2024-09-10,X
1077,2024-09-11,O
1078,2024-05-16,B
1078,2024-05-21,O
1078,2024-05-22,O
1078,2024-05-23,O
1078,2024-05-25,C
1078,2024-05-28,X
1078,2024-05-29,B
1078,2024-05-31,O
1078,2024-06-02,X
1078,2024-06-04,B
1078,2024-06-05,O
1078,2024-06-14,O
1078,2024-06-15,O
1078,2024-06-17,O
1078,2024-06-21,O
1078,2024-06-23,O
1078,2024-06-25,O
1078,2024-06-26,B
1078,2024-07-06,O
1078,2024-07-13,O
1079,2024-05-14,O
1079,2024-05-15,O
1079,2024-05-16,O
1079,2024-05-22,O
1079,2024-05-26,O
1079,2024-05-28,B
1079,2024-06-08,O
1079,2024-06-14,O
1079,2024-06-15,O
1079,2024-06-17,O
1079,2024-06-21,B
1079,2024-06-22,O
1079,2024-06-23,O
1079,2024-06-30,O
1080,2024-05-19,O
1080,2024-05-20,O
1080,2024-05-22,O
1080,2024-05-23,O
1080,2024-05-24,O
1080,2024-05-25,O
1080,2024-05-27,O
1080,2024-06-01,O
1080,2024-06-06,O
1080,2024-06-07,O
1080,2024-06-08,O
1080,2024-06-10,O
1080,2024-06-11,B
1080,2024-06-14,O
1080,2024-06-17,O
1080,2024-06-23,X
1080,2024-07-02,O
1080,2024-07-03,O
1080,2024-07-05,O
1080,2024-07-07,B
1080,2024-07-08,O
1080,2024-07-10,O
1080,2024-07-13,X
1080,2024-07-18,B
1080,2024-07-24,O
1080,2024-07-25,O
1080,2024-07-26,B
1080,2024-07-31,X
1080,2024-08-05,O
1080,2024-08-08,O
1080,2024-08-09,O
1080,2024-08-15,B
1080,2024-08-18,O
1080,2024-08-22,O
1080,2024-08-31,O
1080,2024-09-11,O
1080,2024-09-12,O
1080,2024-09-16,C
1080,2024-09-17,O
1080,2024-09-19,X
1080,2024-09-20,B
1080,2024-09-30,X
1081,2024-05-10,B
1081,2024-05-12,B
1081,2024-05-13,B
1081,2024-05-17,O
1081,2024-05-19,O
1081,2024-05-20,O
1081,2024-05-25,O
1081,2024-05-30,O
1081,2024-06-01,O
1081,2024-06-04,X
1081,2024-06-06,B
1081,2024-06-07,O
1081,2024-06-10,O
1081,2024-06-13,N
1081,2024-06-20,O
1081,2024-07-02,O
1081,2024-07-03,B
1081,2024-07-09,B
1081,2024-07-12,O
1081,2024-07-18,O
1082,2024-05-12,B
1082,2024-05-15,O
1082,2024-05-16,O
1082,2024-05-19,B
1082,2024-05-23,O
1082,2024-05-24,O
1082,2024-05-27,O
1082,2024-05-29,O
1082,2024-05-31,O
1082,2024-06-01,O
1082,2024-06-04,O
1082,2024-06-09,O
1082,2024-06-12,O
1082,2024-06-14,O
1082,2024-06-21,O
1082,2024-06-22,O
1082,2024-06-25,X
1082,2024-07-02,O
1082,2024-07-03,B
1082,2024-07-06,O
1082,2024-07-07,O
1082,2024-07-09,O
1082,2024-07-24,X
1082,2024-07-26,O
1082,2024-07-27,O
1082,2024-08-03,O
1082,2024-08-23,O
1082,2024-08-28,B
1082,2024-09-01,O
1082,2024-09-07,O
1082,2024-09-10,O
1082,2024-09-11,X
1082,2024-09-13,B
1082,2024-09-14,O
1082,2024-09-19,D
1082,2024-09-24,O
1084,2024-05-12,O
1084,2024-05-15,O
1084,2024-05-16,O
1084,2024-05-19,C
1084,2024-05-24,O
1084,2024-05-27,O
1084,2024-05-30,O
1084,2024-06-09,O
1084,2024-06-22,O
1084,2024-06-23,X
1084,2024-06-28,O
1084,2024-07-03,O
1084,2024-07-05,B
1084,2024-07-11,B
1084,2024-07-17,B
1084,2024-07-18,X
1084,2024-07-20,X
1084,2024-07-21,O
1084,2024-07-22,O
1084,2024-07-24,B
1084,2024-07-25,O
1084,2024-07-31,N
1084,2024-08-07,O
1085,2024-05-16,O
1085,2024-05-18,O
1085,2024-05-21,B
1085,2024-05-26,O
1085,2024-05-28,X
1085,2024-05-31,O
1085,2024-06-10,O
1085,2024-06-11,O
1085,2024-06-14,O
1085,2024-06-15,B
1085,2024-07-01,O
1085,2024-07-03,B
1085,2024-07-08,O
1085,2024-07-10,O
1085,2024-07-11,O
1085,2024-07-13,O
1085,2024-07-16,O
1086,2024-05-24,O
1086,2024-05-25,O
1086,2024-05-31,D
1086,2024-06-11,O
1087,2024-05-17,O
1087,2024-05-22,O
1087,2024-05-24,O
1087,2024-05-27,O
1087,2024-05-28,B
1087,2024-05-29,O
1087,2024-05-31,O
1087,2024-06-01,O
1087,2024-06-02,O
1087,2024-06-04,O
1087,2024-06-11,O
1087,2024-06-13,B
1087,2024-06-17,B
1088,2024-05-15,O
1088,2024-05-17,C
1088,2024-05-25,O
1088,2024-05-26,O
1088,2024-05-28,B
1088,2024-05-30,O
1088,2024-06-04,O
1088,2024-06-05,O
1088,2024-06-21,B
1088,2024-06-28,B
1088,2024-07-01,O
1088,2024-07-06,X
1088,2024-07-09,O
1088,2024-07-12,O
1088,2024-07-16,O
1088,2024-07-25,O
1088,2024-08-05,O
1088,2024-08-09,B
1088,2024-08-14,O
1088,2024-08-16,O
1088,2024-08-17,O
1088,2024-08-19,X
1088,2024-08-28,O
1088,2024-09-02,X
1088,2024-09-03,B
1088,2024-09-06,O
1088,2024-09-10,O
1089,2024-05-15,N
1089,2024-05-17,O
1089,2024-05-21,O
1089,2024-05-23,N
1089,2024-05-25,O
1089,2024-05-28,O
1089,2024-05-31,O
1089,2024-06-11,O
1089,2024-06-14,O
1089,2024-06-23,O
1089,2024-06-24,O
1089,2024-06-25,O
1089,2024-07-04,O
1089,2024-07-06,O
1089,2024-07-08,O
1089,2024-07-17,O
1089,2024-07-18,B
1089,2024-07-22,O
1089,2024-07-25,B
1089,2024-08-04,O
1089,2024-08-19,O
1089,2024-08-23,B
1089,2024-08-25,O
1089,2024-09-06,O
1090,2024-05-17,O
1090,2024-05-19,O
1090,2024-05-20,O
1090,2024-05-22,O
1090,2024-05-25,O
1090,2024-05-26,O
1090,2024-06-02,O
1090,2024-06-08,O
1090,2024-06-13,X
1090,2024-06-16,O
1090,2024-06-26,B
1090,2024-06-28,B
1090,2024-06-29,O
1090,2024-07-01,O
1090,2024-07-03,O
1090,2024-07-10,O
1090,2024-07-13,X
1090,2024-07-17,O
1090,2024-07-29,O
1090,2024-07-30,O
1090,2024-08-01,O
1090,2024-08-02,O
1090,2024-08-08,O
1090,2024-08-15,X
1090,2024-08-16,O
1090,2024-08-17,O
1090,2024-08-18,O
1090,2024-08-19,O
1090,2024-08-20,O
1090,2024-08-23,O
1090,2024-08-24,D
1090,2024-08-26,O
1090,2024-09-01,X
1090,2024-09-05,B
1090,2024-09-09,O
1090,2024-09-11,C
1090,2024-09-15,B
1090,2024-09-18,O
1091,2024-05-19,O
1091,2024-05-22,O
1091,2024-05-23,O
1091,2024-06-01,O
1091,2024-06-06,C
1091,2024-06-11,O
1091,2024-06-12,X
1091,2024-06-16,O
1091,2024-06-17,B
1091,2024-06-22,O
1091,2024-06-25,O
1091,2024-07-10,O
1091,2024-07-11,O
1091,2024-07-18,O
1091,2024-07-21,O
1091,2024-07-26,O
1091,2024-08-07,O
1091,2024-08-20,O
1091,2024-08-22,O
1091,2024-08-23,O
1091,2024-08-29,O
1091,2024-08-30,C
1092,2024-05-16,O
1092,2024-05-21,O
1092,2024-05-25,O
1092,2024-05-29,B
1092,2024-05-30,O
1092,2024-06-07,O
1092,2024-06-09,N
1092,2024-06-12,X
1092,2024-06-16,O
1092,2024-06-17,C
1092,2024-06-18,X
1092,2024-06-24,B
1092,2024-06-28,O
1092,2024-07-07,D
1092,2024-07-13,O
1092,2024-07-15,X
1092,2024-07-25,O
1092,2024-07-26,O
1092,2024-07-31,O
1092,2024-08-03,O
1092,2024-08-16,O
1092,2024-08-25,O
1092,2024-08-30,B
1092,2024-09-01,B
1092,2024-09-02,O
1092,2024-09-04,O
1092,2024-09-10,O
1092,2024-09-15,O
1092,2024-09-18,O
1092,2024-09-21,B
1092,2024-09-23,O
1092,2024-09-24,X
1092,2024-09-25,C
1093,2024-05-11,O
1093,2024-05-12,C
1093,2024-05-13,O
1093,2024-05-14,O
1093,2024-05-17,O
1093,2024-05-20,C
1093,2024-05-21,O
1093,2024-05-22,O
1093,2024-05-23,X
1093,2024-05-25,O
1093,2024-05-29,X
1093,2024-05-30,O
1093,2024-06-08,O
1093,2024-06-09,O
1093,2024-06-20,O
1093,2024-06-23,B
1093,2024-06-26,O
1093,2024-07-03,C
1093,2024-07-05,O
1093,2024-07-09,O
1093,2024-07-26,O
1093,2024-08-02,O
1093,2024-08-08,O
1093,2024-08-10,O
1093,2024-08-12,O
1093,2024-08-15,O
1093,2024-08-16,O
1093,2024-08-17,O
1093,2024-08-18,X
1093,2024-08-21,O
1093,2024-08-28,O
1094,2024-05-15,X
1094,2024-05-23,O
1094,2024-06-02,X
1094,2024-06-07,X
1094,2024-06-13,O
1094,2024-06-16,O
1094,2024-06-21,O
1094,2024-06-24,O
1094,2024-06-27,O
1094,2024-06-28,O
1094,2024-06-29,O
1094,2024-07-01,O
1095,2024-05-20,X
1095,2024-05-23,O
1095,2024-05-25,B
1095,2024-05-27,X
1095,2024-05-31,O
1095,2024-06-02,O
1095,2024-06-04,X
1095,2024-06-06,O
1095,2024-06-13,X
1095,2024-06-15,O
1095,2024-06-22,O
1095,2024-07-01,X
1095,2024-07-03,C
1095,2024-07-04,O
1096,2024-05-13,O
1096,2024-05-15,O
1096,2024-05-20,O
1096,2024-05-23,O
1096,2024-05-25,O
1096,2024-05-26,O
1096,2024-05-30,O
1096,2024-06-05,C
1096,2024-06-07,O
1096,2024-06-11,O
1096,2024-06-13,O
1096,2024-06-26,O
1096,2024-07-01,O
1096,2024-07-11,O
1096,2024-07-15,O
1096,2024-07-17,B
1096,2024-07-19,O
1096,2024-07-21,B
1096,2024-08-01,O
1096,2024-08-05,O
1096,2024-08-10,O
1096,2024-08-15,O
1096,2024-08-21,O
1096,2024-08-24,B
1096,2024-08-28,B
1096,2024-08-30,O
1096,2024-08-31,O
1096,2024-09-03,C
1096,2024-09-05,O
1097,2024-05-12,O
1097,2024-05-14,O
1097,2024-05-18,O
1097,2024-05-19,O
1097,2024-05-20,O
1097,2024-05-21,B
1097,2024-05-22,O
1097,2024-05-23,C
1097,2024-05-27,O
1097,2024-06-01,B
1097,2024-06-03,D
1097,2024-06-11,X
1097,2024-06-21,O
1097,2024-06-22,X
1097,2024-06-23,O
1097,2024-07-03,O
1097,2024-07-08,O
1097,2024-07-15,O
1097,2024-07-16,O
1098,2024-05-10,O
1098,2024-05-15,X
1098,2024-05-16,O
1098,2024-05-22,D
1098,2024-05-24,O
1098,2024-05-31,O
1098,2024-06-01,O
1098,2024-06-07,O
1098,2024-06-12,O
1098,2024-06-14,O
1098,2024-06-20,C
1098,2024-06-28,O
1098,2024-06-29,O
1098,2024-07-08,O
1098,2024-07-09,O
1098,2024-07-11,O
1098,2024-07-13,O
1098,2024-07-14,O
1098,2024-07-15,O
1098,2024-07-18,B
1098,2024-07-23,O
1098,2024-07-24,B
1098,2024-07-25,O
1098,2024-08-04,O
1098,2024-08-05,O
1098,2024-08-06,O
1098,2024-08-18,O
1098,2024-08-22,O
1098,2024-08-25,O
1098,2024-08-28,O
1098,2024-08-29,O
1099,2024-05-16,O
1099,2024-05-19,O
1099,2024-05-21,O
1099,2024-05-22,O
1099,2024-05-27,X
1099,2024-05-30,O
1099,2024-05-31,O
1099,2024-06-08,O
1099,2024-06-17,O
1099,2024-06-19,O
1099,2024-06-25,O
1099,2024-06-29,O
1099,2024-07-02,O
1099,2024-07-03,O
1099,2024-07-04,O
1099,2024-07-11,O
1099,2024-07-12,O
1099,2024-07-19,O
1099,2024-07-22,O
1099,2024-07-25,O
1099,2024-07-26,O
1099,2024-08-08,O
1099,2024-08-11,O
1099,2024-08-18,O
1099,2024-08-19,B
1099,2024-08-20,O
1099,2024-08-30,O
1099,2024-09-01,O
1099,2024-09-02,O
1099,2024-09-06,B
1099,2024-09-07,O
1099,2024-09-08,B
1099,2024-09-10,B
1099,2024-09-11,O
1100,2024-05-17,X
1100,2024-05-18,O
1100,2024-05-19,O
1100,2024-05-20,O
1100,2024-05-23,O
1100,2024-06-07,O
1100,2024-06-14,O
1100,2024-06-17,O
1100,2024-06-19,O
1100,2024-06-20,O
1100,2024-06-21,N
1100,2024-06-25,B
1100,2024-06-26,O
1100,2024-06-29,O
1100,2024-07-05,O
1100,2024-07-13,B
1100,2024-07-15,B
1100,2024-07-16,O
1100,2024-07-19,O
1100,2024-07-20,O
1100,2024-07-24,O
1100,2024-07-27,O
1100,2024-07-31,B
1100,2024-08-01,O
1100,2024-08-03,O
1100,2024-08-09,O
1100,2024-08-10,O
1100,2024-08-17,B
1100,2024-08-18,O
1100,2024-08-23,B
1101,2024-05-18,O
1101,2024-05-19,O
1101,2024-05-20,O
1101,2024-05-22,O
1101,2024-05-23,O
1101,2024-05-24,O
1101,2024-05-29,O
1101,2024-06-03,O
1101,2024-06-11,O
1101,2024-06-14,B
1101,2024-06-15,O
1101,2024-06-23,O
1101,2024-07-02,O
1101,2024-07-07,O
1101,2024-07-10,B
1101,2024-07-12,O
1102,2024-05-15,O
1102,2024-05-19,O
1102,2024-05-20,O
1102,2024-05-21,O
1102,2024-05-23,B
1102,2024-06-01,O
1102,2024-06-06,O
1102,2024-06-07,O
1102,2024-06-09,N
1102,2024-06-12,O
1102,2024-06-14,O
1102,2024-06-16,O
1102,2024-06-19,O
1102,2024-06-26,O
1103,2024-05-16,O
1103,2024-05-19,B
1103,2024-05-22,O
1103,2024-05-30,O
1103,2024-06-09,B
1103,2024-06-11,O
1103,2024-06-13,O
1103,2024-06-30,O
1103,2024-07-14,N
1103,2024-07-15,O
1103,2024-07-23,O
1103,2024-07-28,O
1104,2024-05-15,O
1104,2024-05-16,X
1104,2024-05-18,O
1104,2024-05-20,X
1104,2024-05-22,O
1104,2024-05-26,C
1104,2024-05-27,O
1104,2024-05-30,O
1104,2024-06-02,B
1104,2024-06-05,O
1104,2024-06-10,B
1104,2024-06-11,O
1104,2024-06-12,O
1104,2024-06-15,O
1104,2024-06-19,O
1104,2024-06-22,O
1104,2024-06-25,B
1104,2024-07-03,B
1104,2024-07-05,X
1104,2024-07-06,O
1104,2024-07-12,O
1104,2024-07-15,O
1104,2024-07-19,O
1104,2024-07-22,B
1104,2024-07-23,B
1104,2024-07-30,O
1104,2024-08-02,O
1104,2024-08-08,C
1104,2024-08-09,B
1104,2024-08-14,O
1104,2024-08-17,O
1104,2024-08-18,O
1104,2024-08-24,O
1104,2024-08-30,O
1104,2024-08-31,D
1104,2024-09-03,O
1104,2024-09-05,O
1104,2024-09-10,O
1104,2024-09-11,O
1104,2024-09-14,O
1104,2024-09-15,N
1104,2024-09-17,O
1104,2024-09-19,B
1104,2024-09-27,X
1104,2024-09-28,O
1104,2024-09-29,B
1105,2024-05-13,X
1105,2024-05-16,O
1105,2024-05-17,B
1105,2024-05-19,O
1105,2024-05-24,O
1105,2024-05-25,O
1105,2024-05-26,O
1105,2024-05-27,O
1105,2024-05-28,O
1105,2024-06-05,B
1105,2024-06-14,O
1105,2024-06-16,O
1105,2024-06-17,O
1105,2024-06-20,O
1105,2024-06-27,O
1105,2024-06-29,O
1105,2024-06-30,O
1105,2024-07-01,O
1105,2024-07-08,O
1105,2024-07-10,O
1105,2024-07-21,O
1105,2024-07-26,O
1105,2024-07-29,O
1105,2024-08-04,C
1105,2024-08-05,O
1105,2024-08-06,O
1105,2024-08-08,O
1105,2024-08-12,O
1105,2024-08-13,O
1105,2024-08-17,O
1105,2024-08-29,X
1105,2024-08-30,N
1108,2024-05-16,O
1108,2024-05-19,O
1108,2024-05-21,X
1108,2024-05-26,O
1108,2024-05-30,X
1108,2024-06-04,B
1108,2024-06-10,O
1108,2024-06-21,O
1108,2024-06-25,B
1108,2024-06-26,O
1108,2024-06-30,O
1108,2024-07-08,O
1108,2024-07-16,O
1108,2024-07-20,O
1108,2024-07-22,O
1108,2024-07-30,B
1108,2024-08-01,O
1108,2024-08-13,B
1108,2024-08-17,O
1108,2024-08-18,O
1108,2024-08-21,O
1108,2024-08-23,O
1108,2024-08-31,O
1108,2024-09-02,B
1108,2024-09-03,O
1108,2024-09-10,O
1108,2024-09-11,O
1108,2024-09-15,O
1108,2024-09-18,O
1108,2024-09-26,X
1108,2024-09-27,O
1108,2024-09-28,B
1109,2024-05-12,B
1109,2024-05-13,B
1109,2024-05-23,O
1109,2024-06-03,O
1109,2024-06-04,O
1109,2024-06-06,X
1109,2024-06-11,O
1109,2024-06-12,O
1109,2024-06-24,O
1109,2024-07-02,O
1109,2024-07-04,O
1109,2024-07-09,O
1111,2024-05-20,O
1111,2024-05-23,O
1111,2024-05-24,O
1111,2024-05-27,B
1111,2024-05-29,O
1111,2024-05-30,O
1111,2024-06-01,B
1111,2024-06-05,O
1111,2024-06-06,O
1111,2024-06-10,O
1111,2024-06-14,O
1111,2024-06-15,O
1111,2024-06-16,O
1111,2024-06-24,O
1111,2024-07-03,X
1111,2024-07-05,O
1111,2024-07-12,O
1111,2024-07-21,X
1111,2024-07-24,X
1111,2024-07-27,O
1111,2024-07-28,B
1111,2024-07-29,C
1111,2024-08-02,B
1111,2024-08-04,X
1111,2024-08-07,O
1111,2024-08-11,B
1111,2024-08-14,O
1111,2024-08-16,B
1111,2024-08-22,B
1111,2024-08-23,O
1111,2024-08-24,B
1111,2024-08-28,O
1112,2024-05-26,B
1112,2024-05-27,O
1112,2024-05-30,O
1112,2024-06-08,O
1112,2024-06-14,O
1112,2024-06-15,O
1112,2024-06-16,B
1112,2024-06-17,O
1112,2024-06-18,B
1112,2024-06-19,O
1114,2024-05-16,O
1114,2024-05-18,O
1114,2024-05-19,O
1114,2024-05-20,X
1114,2024-05-21,O
1114,2024-05-24,O
1114,2024-05-25,X
1114,2024-05-28,O
1114,2024-05-29,O
1114,2024-06-02,O
1114,2024-06-09,O
1114,2024-06-11,X
1114,2024-06-14,O
1114,2024-06-28,O
1114,2024-07-07,C
1114,2024-07-08,O
1114,2024-07-28,O
1114,2024-08-05,X
1116,2024-05-18,O
1116,2024-05-21,O
1116,2024-05-22,O
1116,2024-05-23,O
1116,2024-05-27,B
1116,2024-05-28,O
1116,2024-06-02,B
1116,2024-06-03,O
1116,2024-06-07,O
1116,2024-06-18,O
1116,2024-06-21,O
1116,2024-06-24,B
1116,2024-06-25,O
1116,2024-06-30,O
1116,2024-07-03,O
1116,2024-07-04,D
1116,2024-07-05,O
1116,2024-07-06,O
1116,2024-07-07,O
1116,2024-07-14,B
1116,2024-07-15,O
1116,2024-07-16,O
1116,2024-07-18,B
1116,2024-07-19,O
1116,2024-07-26,B
1116,2024-07-28,O
1116,2024-07-29,O
1116,2024-08-03,O
1116,2024-08-06,O
1116,2024-08-09,B
1116,2024-08-10,O
1116,2024-08-14,O
1116,2024-08-18,O
1116,2024-08-20,X
1116,2024-08-21,D
1116,2024-08-28,C
1116,2024-08-31,B
1116,2024-09-01,O
1116,2024-09-03,B
1116,2024-09-04,O
1116,2024-09-05,B
1117,2024-05-15,O
1117,2024-05-16,O
1117,2024-05-20,O
1117,2024-05-22,O
1117,2024-05-24,O
1117,2024-05-29,O
1117,2024-05-30,B
1117,2024-06-05,B
1117,2024-06-11,O
1117,2024-06-16,O
1117,2024-06-17,O
1117,2024-06-18,O
1117,2024-06-19,O
1117,2024-06-22,O
1117,2024-06-25,O
1117,2024-07-01,O
1117,2024-07-02,O
1117,2024-07-03,O
1117,2024-07-04,O
1117,2024-07-19,O
1117,2024-07-29,O
1117,2024-07-30,O
1117,2024-08-02,B
1117,2024-08-03,X
1117,2024-08-07,O
1117,2024-08-12,O
1117,2024-08-14,O
1118,2024-05-09,O
1118,2024-05-12,B
1118,2024-05-18,O
1118,2024-05-24,O
1119,2024-05-14,O
1119,2024-05-19,B
1119,2024-05-24,O
1119,2024-05-26,O
1119,2024-05-28,C
1119,2024-06-03,O
1119,2024-06-08,B
1119,2024-06-09,O
1119,2024-06-11,X
1119,2024-06-13,O
1119,2024-06-16,O
1119,2024-06-24,O
1119,2024-06-29,O
1119,2024-06-30,O
1119,2024-07-09,O
1119,2024-07-14,O
1119,2024-07-16,O
1119,2024-07-18,O
1119,2024-07-20,O
1119,2024-07-24,O
1119,2024-07-25,O
1119,2024-07-26,X
1119,2024-07-30,O
1119,2024-08-02,O
1119,2024-08-07,O
1119,2024-08-09,O
1119,2024-08-13,O
1119,2024-08-17,B
1119,2024-08-21,B
1119,2024-08-22,X
1119,2024-08-25,B
1119,2024-08-26,O
1119,2024-08-28,B
1119,2024-09-01,B
1119,2024-09-05,O
1119,2024-09-09,O
1119,2024-09-10,O
1119,2024-09-11,O
1119,2024-09-20,X
1119,2024-09-21,O
1119,2024-09-22,O
1119,2024-09-25,B
1119,2024-09-28,X
1120,2024-05-13,O
1120,2024-05-17,O
1120,2024-05-24,C
1120,2024-05-25,O
1120,2024-05-28,B
1120,2024-05-29,O
1120,2024-05-30,O
1120,2024-06-07,O
1120,2024-06-09,O
1120,2024-06-12,O
1120,2024-06-15,O
1120,2024-06-26,N
1120,2024-06-28,O
1120,2024-06-30,O
1120,2024-07-01,O
1120,2024-07-14,O
1120,2024-07-16,O
1120,2024-07-20,X
1120,2024-07-29,O
1120,2024-07-31,O
1120,2024-08-11,O
1121,2024-05-15,X
1121,2024-05-16,O
1121,2024-05-20,B
1121,2024-05-23,O
1121,2024-05-29,O
1121,2024-06-08,O
1121,2024-06-11,O
1121,2024-06-19,O
1121,2024-06-27,O
1121,2024-07-01,O
1121,2024-07-07,O
1121,2024-07-12,O
1121,2024-07-19,O
1121,2024-07-20,O
1121,2024-07-25,X
1121,2024-07-30,O
1121,2024-07-31,O
1121,2024-08-03,O
1121,2024-08-04,O
1121,2024-08-16,O
1121,2024-08-22,O
1121,2024-08-28,O
1121,2024-08-29,O
1121,2024-09-01,B
1121,2024-09-02,N
1121,2024-09-03,O
1121,2024-09-04,B
1121,2024-09-05,O
1121,2024-09-07,O
1121,2024-09-08,O
1121,2024-09-10,O
1121,2024-09-12,B
1121,2024-09-16,O
1121,2024-09-18,D
1121,2024-09-19,O
1123,2024-05-22,O
1123,2024-05-24,O
1123,2024-05-26,O
1123,2024-05-27,O
1123,2024-05-28,O
1123,2024-05-29,O
1123,2024-05-30,O
1123,2024-05-31,B
1123,2024-06-05,B
1123,2024-06-07,O
1123,2024-06-11,O
1123,2024-06-18,B
1123,2024-06-27,O
1123,2024-06-29,O
1123,2024-07-02,O
1123,2024-07-07,X
1123,2024-07-12,O
1123,2024-07-14,O
1123,2024-07-17,O
1123,2024-07-21,C
1123,2024-07-22,O
1123,2024-07-24,O
1123,2024-07-26,O
1123,2024-07-28,O
1124,2024-05-18,O
1124,2024-05-21,O
1124,2024-05-24,O
1124,2024-05-31,O
1124,2024-06-14,O
1124,2024-06-23,D
1124,2024-06-25,O
1124,2024-06-26,O
1124,2024-06-27,O
1124,2024-06-29,B
1124,2024-06-30,O
1124,2024-07-14,O
1124,2024-07-18,O
1124,2024-07-19,O
1124,2024-07-22,O
1124,2024-07-24,O
1126,2024-05-16,O
1126,2024-05-18,O
1126,2024-05-19,O
1126,2024-05-26,O
1126,2024-05-30,O
1126,2024-05-31,O
1126,2024-06-01,N
1126,2024-06-04,O
1126,2024-06-12,O
1126,2024-06-13,O
1126,2024-06-15,O
1126,2024-06-16,O
1126,2024-06-22,O
1126,2024-06-26,O
1126,2024-06-27,X
1126,2024-06-28,O
1126,2024-06-29,O
1126,2024-07-01,O
1126,2024-07-02,O
1126,2024-07-05,O
1126,2024-07-06,O
1126,2024-07-09,O
1126,2024-07-10,O
1126,2024-07-20,O
1126,2024-07-25,O
1126,2024-07-28,O
1126,2024-08-10,B
1126,2024-08-15,O
1126,2024-08-18,X
1126,2024-09-04,B
1126,2024-09-05,O
1126,2024-09-07,O
1126,2024-09-09,O
1126,2024-09-19,X
1126,2024-09-20,O
1126,2024-09-24,O
1127,2024-05-25,O
1127,2024-05-29,O
1127,2024-05-31,B
1127,2024-06-04,C
1127,2024-06-05,O
1127,2024-06-06,O
1127,2024-06-07,O
1127,2024-06-09,B
1127,2024-06-15,O
1127,2024-06-16,O
1127,2024-06-19,O
1127,2024-06-22,B
1127,2024-06-25,O
1127,2024-06-30,O
1127,2024-07-03,X
1127,2024-07-09,O
1127,2024-07-11,B
1127,2024-07-13,O
1127,2024-07-15,O
1127,2024-07-16,O
1128,2024-05-13,O
1128,2024-05-22,O
1128,2024-05-25,O
1128,2024-05-26,O
1128,2024-05-28,O
1128,2024-05-29,B
1128,2024-06-01,X
1128,2024-06-02,O
1128,2024-06-03,O
1128,2024-06-04,O
1128,2024-06-05,O
1128,2024-06-06,O
1128,2024-06-11,O
1128,2024-06-13,O
1128,2024-06-24,N
1128,2024-06-27,O
1128,2024-07-03,O
1128,2024-07-11,O
1128,2024-07-16,O
1128,2024-07-19,O
1128,2024-07-26,B
1128,2024-08-01,O
1131,2024-05-13,O
1131,2024-05-15,O
1131,2024-05-17,O
1131,2024-05-22,O
1131,2024-05-23,O
1131,2024-05-26,O
1131,2024-05-27,B
1131,2024-05-30,O
1131,2024-06-06,O
1131,2024-06-07,O
1131,2024-06-14,O
1131,2024-06-16,O
1131,2024-06-17,O
1131,2024-06-18,B
1131,2024-07-08,O
1131,2024-07-18,O
1131,2024-07-19,O
1131,2024-07-22,O
1131,2024-07-28,O
1131,2024-07-31,O
1131,2024-08-03,O
1131,2024-08-04,O
1131,2024-08-06,O
1131,2024-08-07,B
1131,2024-08-12,O
1131,2024-08-16,O
1131,2024-08-17,O
1131,2024-08-18,O
1131,2024-08-19,X
1131,2024-08-22,B
1131,2024-08-24,O
1131,2024-08-27,B
1131,2024-08-29,O
1131,2024-09-06,O
1131,2024-09-07,B
1131,2024-09-08,B
1131,2024-09-09,B
1131,2024-09-13,O
1131,2024-09-20,B
1131,2024-09-24,O
1131,2024-09-25,O
1131,2024-09-27,O
1131,2024-09-30,O
1132,2024-05-14,D
1132,2024-05-15,O
1132,2024-05-19,O
1132,2024-05-21,O
1132,2024-05-30,N
1132,2024-06-02,O
1132,2024-06-08,O
1132,2024-06-14,O
1132,2024-06-18,X
1132,2024-06-22,X
1132,2024-06-29,B
1132,2024-07-06,O
1132,2024-07-10,C
1132,2024-07-19,O
1132,2024-07-21,O
1132,2024-07-31,O
1132,2024-08-05,O
1132,2024-08-15,O
1132,2024-08-19,C
1132,2024-08-24,O
1132,2024-08-25,O
1132,2024-08-28,O
1132,2024-09-02,O
1132,2024-09-07,O
1132,2024-09-10,O
1132,2024-09-11,O
1132,2024-09-17,O
1134,2024-05-10,O
1134,2024-05-12,O
1134,2024-05-15,O
1134,2024-05-23,O
1134,2024-05-24,O
1134,2024-05-26,O
1134,2024-05-27,O
1134,2024-05-28,X
1134,2024-06-06,O
1134,2024-06-20,O
1134,2024-06-25,O
1134,2024-07-05,O
1134,2024-07-10,O
1134,2024-07-11,O
1134,2024-07-14,O
1134,2024-07-23,B
1134,2024-07-25,B
1134,2024-07-27,X
1134,2024-08-11,C
1134,2024-08-16,O
1134,2024-08-21,O
1134,2024-08-22,B
1134,2024-08-29,O
1134,2024-09-01,X
1134,2024-09-08,B
1134,2024-09-09,O
1134,2024-09-11,O
1134,2024-09-15,O
1134,2024-09-24,X
1134,2024-09-29,O
1136,2024-05-14,B
1136,2024-05-17,O
1136,2024-05-20,O
1136,2024-05-23,O
1136,2024-05-26,O
1136,2024-05-27,O
1136,2024-05-29,O
1136,2024-05-30,O
1136,2024-06-07,O
1136,2024-06-10,O
1136,2024-06-13,O
1136,2024-06-20,B
1136,2024-06-24,O
1136,2024-06-25,O
1136,2024-06-26,O
1136,2024-06-27,O
1136,2024-07-09,O
1136,2024-07-13,C
1136,2024-07-15,X
1136,2024-07-16,O
1136,2024-07-17,O
1136,2024-07-24,O
1136,2024-07-25,O
1136,2024-07-26,O
1136,2024-07-30,O
1136,2024-08-02,O
1137,2024-05-14,O
1137,2024-05-16,O
1137,2024-05-17,B
1137,2024-05-18,O
1137,2024-05-20,O
1137,2024-05-22,B
1137,2024-05-23,X
1137,2024-05-30,O
1137,2024-05-31,O
1137,2024-06-09,O
1137,2024-06-11,O
1137,2024-06-17,O
1137,2024-06-23,O
1137,2024-07-14,O
1137,2024-07-17,O
1137,2024-07-18,O
1137,2024-07-21,O
1137,2024-07-29,O
1137,2024-08-06,O
1138,2024-05-14,O
1138,2024-05-17,O
1138,2024-05-20,O
1138,2024-05-22,O
1138,2024-05-28,O
1138,2024-05-31,C
1138,2024-06-01,O
1138,2024-06-02,B
1138,2024-06-04,O
1138,2024-06-07,O
1138,2024-06-09,O
1138,2024-06-14,O
1138,2024-06-16,O
1138,2024-06-17,B
1138,2024-06-26,O
1138,2024-06-28,O
1138,2024-07-05,O
1138,2024-07-08,B
1138,2024-07-19,O
1138,2024-07-25,O
1138,2024-08-02,O
1139,2024-05-17,O
1139,2024-05-18,O
1139,2024-05-19,O
1139,2024-05-26,O
1139,2024-05-31,O
1139,2024-06-01,O
1139,2024-06-03,O
1139,2024-06-05,O
1139,2024-06-06,O
1139,2024-06-11,O
1139,2024-06-14,B
1139,2024-06-21,O
1139,2024-06-24,O
1139,2024-06-25,O
1139,2024-06-26,O
1139,2024-06-30,O
1139,2024-07-02,O
1139,2024-07-09,O
1139,2024-07-10,B
1139,2024-07-15,O
1139,2024-07-17,D
1139,2024-07-20,O
1139,2024-07-22,O
1139,2024-07-25,O
1139,2024-07-27,O
1139,2024-08-07,O
1139,2024-08-08,X
1139,2024-08-09,O
1140,2024-05-13,X
1140,2024-05-14,O
1140,2024-05-16,B
1140,2024-05-19,X
1140,2024-05-21,O
1140,2024-05-22,O
1140,2024-05-28,O
1140,2024-05-29,O
1140,2024-05-31,O
1140,2024-06-02,O
1140,2024-06-04,B
1140,2024-06-09,O
1140,2024-06-10,O
1140,2024-06-13,O
1141,2024-05-14,O
1141,2024-05-15,B
1141,2024-05-18,O
1141,2024-05-20,O
1141,2024-05-24,O
1141,2024-05-26,O
1141,2024-05-29,O
1141,2024-05-31,O
1141,2024-06-05,O
1141,2024-06-06,O
1141,2024-06-15,O
1141,2024-06-21,O
1141,2024-06-22,B
1141,2024-06-26,B
1141,2024-07-03,O
1141,2024-07-05,C
1141,2024-07-08,O
1141,2024-07-13,O
1141,2024-07-14,O
1141,2024-07-18,B
1141,2024-07-22,O
1141,2024-07-23,B
1141,2024-07-27,O
1141,2024-07-29,O
1141,2024-08-01,O
1141,2024-08-12,O
1141,2024-08-13,X
1141,2024-08-17,C
1141,2024-08-19,O
1141,2024-08-27,O
1141,2024-09-03,O
1141,2024-09-13,O
1141,2024-09-22,O
1141,2024-09-27,O
1141,2024-09-29,O
1142,2024-05-13,O
1142,2024-05-18,O
1142,2024-05-22,O
1142,2024-05-25,O
1142,2024-06-01,O
1142,2024-06-03,O
1142,2024-06-05,O
1142,2024-06-06,O
1142,2024-06-08,C
1142,2024-06-12,X
1142,2024-06-15,O
1142,2024-06-18,O
1142,2024-06-21,D
1142,2024-06-22,B
1142,2024-06-23,O
1142,2024-06-24,B
1142,2024-06-26,O
1144,2024-05-12,C
1144,2024-05-17,C
1144,2024-05-21,C
1144,2024-05-23,X
1144,2024-05-24,O
1144,2024-05-25,O
1144,2024-05-27,N
1144,2024-06-03,O
1144,2024-06-06,O
1144,2024-06-18,O
1144,2024-06-22,B
1144,2024-06-24,X
1144,2024-06-25,O
1144,2024-07-04,O
1144,2024-07-18,O
1144,2024-07-23,O
1144,2024-07-25,O
1144,2024-07-26,O
1144,2024-08-01,O
1144,2024-08-02,O
1144,2024-08-04,O
1144,2024-08-13,O
1144,2024-08-16,O
1144,2024-08-20,O
1144,2024-08-23,O
1145,2024-05-09,O
1145,2024-05-11,O
1145,2024-05-13,O
1145,2024-05-16,O
1145,2024-05-21,O
1145,2024-05-25,O
1145,2024-05-26,O
1145,2024-05-28,O
1145,2024-05-29,O
1145,2024-05-31,O
1145,2024-06-01,O
1145,2024-06-02,B
1145,2024-06-03,O
1145,2024-06-10,B
1145,2024-06-11,O
1145,2024-06-13,O
1145,2024-06-14,O
1145,2024-06-21,O
1145,2024-06-23,O
1145,2024-06-26,O
1145,2024-06-27,O
1145,2024-06-29,O
1145,2024-06-30,O
1145,2024-07-06,B
1145,2024-07-08,C
1145,2024-07-09,O
1145,2024-07-10,O
1145,2024-07-12,O
1145,2024-07-18,O
1145,2024-07-20,B
1145,2024-07-23,O
1145,2024-07-24,O
1145,2024-07-25,B
1145,2024-07-26,O
1145,2024-07-28,N
1145,2024-07-30,O
1145,2024-08-14,O
1145,2024-08-16,X
1145,2024-08-21,O
1145,2024-08-24,O
1145,2024-08-27,B
1145,2024-08-30,B
1145,2024-09-02,O
1145,2024-09-04,O
1145,2024-09-06,O
1145,2024-09-10,O
1145,2024-09-14,O
1146,2024-05-13,O
1146,2024-05-17,O
1146,2024-05-21,O
1146,2024-05-22,O
1146,2024-05-23,O
1146,2024-05-29,B
1146,2024-06-04,O
1146,2024-06-07,X
1146,2024-06-09,O
1146,2024-06-17,B
1146,2024-06-20,O
1146,2024-06-23,O
1146,2024-06-26,C
1146,2024-06-28,X
1146,2024-06-29,O
1146,2024-06-30,O
1146,2024-07-01,O
1146,2024-07-10,O
1146,2024-07-11,O
1146,2024-07-14,O
1146,2024-07-15,B
1146,2024-07-16,O
1146,2024-07-22,B
1146,2024-07-30,B
1146,2024-08-01,O
1146,2024-08-03,B
1146,2024-08-06,O
1146,2024-08-09,O
1146,2024-08-21,C
1146,2024-08-24,O
1146,2024-08-27,O
1146,2024-08-29,O
1146,2024-09-03,D
1146,2024-09-05,X
1146,2024-09-07,O
1146,2024-09-10,B
1146,2024-09-13,X
1146,2024-09-18,B
1146,2024-09-19,O
1146,2024-09-24,O
1148,2024-05-11,O
1148,2024-05-12,O
1148,2024-05-15,O
1148,2024-05-20,O
1148,2024-05-22,O
1148,2024-05-25,O
1148,2024-05-26,O
1148,2024-05-30,O
1148,2024-05-31,O
1148,2024-06-09,O
1148,2024-06-11,B
1148,2024-06-21,O
1148,2024-06-24,O
1148,2024-06-27,O
1148,2024-07-06,B
1148,2024-07-12,O
1148,2024-07-14,O
1148,2024-07-15,O
1148,2024-07-24,O
1148,2024-07-29,O
1148,2024-08-01,O
1148,2024-08-03,O
1148,2024-08-05,O
1148,2024-08-08,O
1148,2024-08-11,B
1149,2024-05-14,O
1149,2024-05-20,O
1149,2024-05-21,O
1149,2024-05-22,O
1149,2024-05-27,O
1149,2024-05-28,O
1149,2024-05-29,O
1149,2024-05-31,C
1149,2024-06-01,O
1149,2024-06-03,O
1149,2024-06-08,O
1149,2024-06-10,X
1149,2024-06-15,O
1149,2024-06-20,O
1149,2024-06-21,O
1149,2024-06-22,O
1149,2024-06-27,O
1149,2024-06-30,O
1149,2024-07-02,O
1149,2024-07-06,X
1149,2024-07-10,O
1149,2024-07-11,O
1149,2024-07-13,O
1149,2024-07-14,O
1149,2024-07-16,O
1149,2024-07-21,O
1149,2024-07-22,O
1149,2024-07-26,O
1149,2024-08-06,X
1149,2024-08-10,B
1149,2024-08-19,O
1149,2024-08-23,O
1149,2024-08-25,O
1149,2024-08-27,O
1151,2024-05-16,O
1151,2024-05-19,O
1151,2024-05-20,B
1151,2024-05-24,O
1151,2024-05-26,O
1151,2024-06-05,O
1151,2024-06-06,O
1151,2024-06-07,O
1151,2024-06-16,C
1151,2024-06-18,O
1151,2024-06-20,O
1151,2024-06-26,O
1151,2024-06-29,C
1151,2024-07-05,X
1151,2024-07-11,O
1151,2024-07-17,O
1151,2024-07-18,O
1151,2024-07-24,O
1151,2024-07-26,O
1151,2024-08-05,B
1151,2024-08-06,X
1151,2024-08-11,O
1151,2024-08-13,O
1151,2024-08-16,X
1151,2024-08-18,O
1151,2024-08-19,O
1151,2024-08-21,O
1151,2024-08-22,O
1151,2024-08-24,O
1151,2024-08-28,O
1151,2024-08-29,B
1152,2024-05-23,O
1152,2024-05-25,O
1152,2024-05-27,B
1152,2024-05-28,O
1152,2024-05-30,C
1152,2024-06-14,X
1152,2024-06-17,B
1152,2024-06-24,O
1152,2024-07-01,O
1152,2024-07-04,O
1152,2024-07-15,O
1152,2024-07-17,O
1152,2024-07-21,O
1152,2024-07-25,O
1152,2024-07-27,O
1152,2024-07-28,O
1152,2024-08-01,O
1152,2024-08-06,B
1152,2024-08-07,O
1153,2024-05-11,O
1153,2024-05-14,O
1153,2024-05-15,O
1153,2024-05-17,O
1153,2024-05-21,O
1153,2024-05-24,O
1153,2024-05-25,O
1153,2024-05-29,B
1153,2024-05-30,O
1153,2024-06-02,O
1153,2024-06-06,O
1153,2024-06-13,B
1153,2024-06-17,O
1153,2024-06-18,O
1153,2024-06-23,O
1153,2024-07-10,O
1153,2024-07-14,O
1153,2024-07-15,O
1153,2024-07-20,O
1153,2024-07-30,C
1153,2024-07-31,O
1153,2024-08-07,O
1153,2024-08-10,O
1153,2024-08-13,O
1153,2024-08-18,O
1153,2024-08-25,X
1153,2024-08-26,O
1153,2024-08-28,O
1153,2024-08-29,O
1153,2024-08-30,O
1153,2024-09-02,O
1153,2024-09-06,N
1153,2024-09-07,O
1153,2024-09-09,B
1153,2024-09-10,O
1154,2024-05-16,O
1154,2024-05-20,O
1154,2024-05-23,X
1154,2024-05-24,O
1154,2024-05-25,O
1154,2024-05-31,C
1154,2024-06-02,O
1154,2024-06-07,O
1154,2024-06-08,O
1154,2024-06-09,B
1154,2024-06-11,O
1154,2024-06-12,O
1154,2024-06-21,O
1154,2024-06-22,O
1154,2024-06-25,O
1154,2024-07-02,X
1154,2024-07-08,O
1154,2024-07-10,B
1154,2024-07-12,C
1154,2024-07-17,B
1154,2024-07-23,B
1154,2024-07-27,O
1154,2024-07-31,O
1154,2024-08-01,B
1154,2024-08-05,O
1154,2024-08-14,O
1154,2024-08-15,O
1154,2024-08-16,O
1154,2024-08-18,O
1154,2024-09-09,O
1154,2024-09-15,B
1154,2024-09-19,D
1154,2024-09-27,X
1154,2024-09-29,C
1155,2024-05-14,O
1155,2024-05-16,O
1155,2024-05-18,B
1155,2024-05-20,O
1155,2024-05-22,O
1155,2024-05-25,O
1155,2024-05-27,O
1155,2024-05-31,O
1155,2024-06-01,O
1155,2024-06-04,O
1155,2024-06-05,O
1155,2024-06-13,O
1155,2024-06-17,O
1155,2024-06-23,O
1155,2024-07-17,O
1155,2024-07-18,X
1155,2024-07-23,X
1155,2024-07-26,O
1155,2024-07-28,O
1155,2024-07-29,O
1157,2024-05-12,C
1157,2024-05-17,O
1157,2024-05-19,O
1157,2024-05-20,O
1157,2024-05-21,O
1157,2024-05-25,O
1157,2024-05-27,O
1157,2024-05-28,O
1157,2024-05-29,O
1157,2024-05-30,O
1157,2024-05-31,B
1157,2024-06-04,O
1157,2024-06-10,O
1157,2024-06-13,O
1157,2024-06-17,B
1157,2024-06-19,O
1157,2024-06-25,O
1157,2024-06-26,O
1157,2024-07-02,O
1157,2024-07-05,O
1157,2024-07-06,O
1157,2024-07-08,O
1157,2024-07-10,O
1157,2024-07-11,O
1157,2024-07-12,O
1157,2024-07-13,O
1157,2024-07-15,O
1157,2024-07-18,B
1157,2024-07-20,O
1157,2024-07-25,O
1157,2024-07-26,O
1157,2024-07-27,O
1157,2024-08-02,B
1157,2024-08-07,O
1157,2024-08-22,B
1160,2024-05-19,N
1160,2024-05-22,X
1160,2024-05-25,O
1160,2024-05-27,O
1160,2024-06-03,O
1160,2024-06-06,O
1160,2024-06-08,O
1160,2024-06-12,O
1160,2024-06-13,O
1160,2024-06-16,O
1160,2024-06-26,O
1160,2024-06-28,O
1160,2024-06-29,O
1160,2024-07-03,B
1160,2024-07-10,O
1160,2024-07-11,O
1160,2024-07-13,O
1160,2024-07-16,O
1160,2024-07-19,O
1160,2024-07-25,B
1160,2024-07-30,O
1160,2024-08-12,C
1160,2024-08-16,O
1160,2024-08-19,C
1160,2024-08-21,X
1160,2024-08-23,B
1160,2024-09-05,X
1160,2024-09-09,O
1160,2024-09-11,X
1160,2024-09-14,X
1160,2024-09-18,O
1160,2024-09-22,O
1161,2024-05-10,O
1161,2024-05-11,B
1161,2024-05-12,O
1161,2024-05-14,N
1161,2024-05-23,O
1161,2024-05-24,O
1161,2024-06-03,O
1161,2024-06-08,O
1161,2024-06-09,O
1161,2024-06-13,O
1163,2024-05-09,O
1163,2024-05-27,O
1163,2024-05-29,B
1163,2024-06-01,O
1163,2024-06-03,O
1163,2024-06-05,O
1163,2024-06-09,O
1163,2024-06-10,O
1163,2024-06-17,O
1164,2024-05-19,O
1164,2024-05-20,O
1164,2024-05-30,O
1164,2024-06-04,O
1164,2024-06-14,O
1164,2024-06-15,O
1164,2024-06-17,O
1164,2024-06-21,O
1164,2024-06-22,O
1164,2024-06-23,O
1164,2024-06-26,O
1164,2024-06-28,B
1164,2024-07-07,O
1164,2024-07-16,O
1164,2024-07-18,O
1164,2024-07-23,B
1164,2024-07-25,O
1164,2024-07-26,O
1164,2024-08-01,O
1164,2024-08-04,O
1164,2024-08-08,O
1164,2024-08-10,B
1164,2024-08-15,O
1164,2024-08-17,B
1165,2024-05-16,O
1165,2024-05-17,O
1165,2024-05-18,O
1165,2024-05-23,O
1165,2024-05-28,O
1165,2024-06-04,O
1165,2024-06-08,O
1165,2024-06-11,O
1165,2024-06-13,B
1165,2024-06-16,O
1165,2024-06-17,B
1165,2024-06-20,B
1165,2024-06-22,O
1165,2024-06-23,O
1165,2024-06-25,O
1165,2024-06-26,O
1165,2024-06-27,O
1165,2024-06-29,B
1165,2024-07-01,O
1165,2024-07-02,X
1165,2024-07-08,B
1165,2024-07-13,O
1165,2024-07-16,B
1165,2024-07-17,O
1165,2024-07-22,O
1165,2024-07-25,O
1165,2024-07-26,O
1165,2024-08-03,O
1165,2024-08-09,O
1165,2024-08-11,X
1165,2024-08-12,X
1165,2024-08-14,O
1165,2024-08-16,O
1165,2024-08-18,O
1165,2024-08-19,B
1165,2024-08-20,B
1165,2024-08-21,O
1165,2024-08-31,B
1165,2024-09-01,B
1165,2024-09-03,O
1165,2024-09-07,X
1165,2024-09-14,O
1165,2024-09-15,O
1166,2024-05-08,O
1166,2024-05-12,O
1166,2024-05-13,O
1166,2024-05-15,O
1166,2024-05-19,O
1166,2024-05-22,O
1166,2024-05-24,O
1166,2024-05-25,O
1166,2024-05-30,B
1166,2024-05-31,O
1166,2024-06-02,C
1166,2024-06-04,O
1166,2024-06-10,O
1166,2024-06-11,O
1166,2024-06-21,O
1166,2024-06-24,O
1166,2024-06-25,O
1166,2024-06-26,O
1166,2024-06-27,O
1166,2024-06-28,O
1166,2024-07-04,O
1166,2024-07-10,O
1166,2024-07-12,O
1166,2024-07-13,X
1166,2024-07-14,X
1166,2024-07-25,O
1166,2024-07-29,C
1166,2024-07-30,X
1166,2024-07-31,N
1166,2024-08-01,O
1166,2024-08-02,B
1166,2024-08-05,O
1166,2024-08-07,O
1166,2024-08-10,O
1166,2024-08-11,O
1166,2024-08-17,O
1166,2024-08-22,O
1170,2024-05-13,O
1170,2024-05-17,O
1170,2024-05-18,O
1170,2024-05-19,O
1170,2024-05-22,O
1170,2024-05-23,B
1170,2024-05-24,O
1170,2024-05-25,O
1170,2024-05-26,O
1170,2024-05-30,O
1170,2024-06-09,O
1170,2024-06-11,B
1170,2024-06-12,O
1170,2024-06-19,O
1170,2024-06-21,O
1170,2024-06-23,O
1170,2024-06-28,O
1170,2024-07-02,O
1170,2024-07-04,O
1170,2024-07-11,B
1171,2024-05-11,B
1171,2024-05-14,O
1171,2024-05-19,O
1171,2024-05-25,O
1171,2024-05-26,O
1171,2024-05-27,O
1171,2024-05-31,O
1171,2024-06-07,B
1171,2024-06-13,O
1171,2024-06-22,O
1171,2024-06-23,O
1171,2024-06-26,O
1171,2024-07-04,X
1171,2024-07-11,O
1171,2024-07-14,O
1171,2024-07-21,O
1171,2024-07-26,O
1171,2024-08-02,O
1171,2024-08-04,O
1171,2024-08-05,O
1171,2024-08-07,O
1171,2024-08-12,C
1171,2024-08-13,O
1171,2024-08-14,O
1171,2024-08-29,O
1173,2024-05-16,O
1173,2024-05-17,B
1173,2024-05-23,O
1173,2024-05-28,O
1173,2024-06-06,O
1173,2024-06-16,O
1173,2024-06-24,O
1173,2024-06-26,D
1173,2024-07-02,O
1173,2024-07-09,O
1173,2024-07-12,O
1173,2024-07-16,O
1173,2024-07-21,X
1173,2024-07-23,O
1173,2024-07-24,O
1173,2024-08-01,B
1173,2024-08-04,C
1173,2024-08-06,O
1173,2024-08-07,O
1173,2024-08-09,O
1174,2024-05-09,O
1174,2024-05-10,O
1174,2024-05-11,O
1174,2024-05-12,O
1174,2024-05-14,O
1174,2024-05-16,O
1174,2024-05-20,O
1174,2024-05-26,O
1174,2024-05-27,O
1174,2024-05-29,O
1174,2024-05-31,O
1174,2024-06-02,O
1174,2024-06-03,O
1174,2024-06-07,N
1174,2024-06-20,O
1174,2024-06-24,O
1174,2024-06-28,O
1174,2024-07-03,O
1174,2024-07-16,O
1174,2024-07-20,O
1174,2024-07-26,O
1174,2024-07-27,B
1174,2024-07-29,O
1174,2024-08-01,O
1174,2024-08-02,O
1174,2024-08-04,O
1174,2024-08-06,O
1174,2024-08-08,O
1174,2024-08-17,B
1174,2024-08-19,O
1174,2024-08-23,O
1174,2024-08-29,B
1174,2024-09-01,B
1174,2024-09-03,C
1174,2024-09-05,X
1174,2024-09-10,O
1174,2024-09-14,O
1174,2024-09-20,O
1174,2024-09-22,O
1174,2024-09-24,B
1175,2024-05-13,O
1175,2024-05-17,O
1175,2024-05-18,C
1175,2024-05-22,B
1175,2024-05-23,O
1175,2024-05-26,C
1175,2024-05-28,O
1175,2024-05-31,O
1175,2024-06-02,O
1175,2024-06-03,B
1175,2024-06-08,B
1175,2024-06-11,B
1175,2024-06-13,O
1175,2024-06-14,X
1175,2024-06-28,O
1175,2024-06-30,B
1175,2024-07-02,O
1175,2024-07-04,O
1175,2024-07-07,O
1175,2024-07-09,O
1175,2024-07-18,O
1175,2024-07-19,O
1175,2024-07-21,O
1175,2024-08-01,X
1175,2024-08-03,O
1175,2024-08-05,O
1175,2024-08-08,X
1175,2024-08-15,O
1175,2024-08-16,O
1175,2024-08-17,O
1175,2024-08-25,O
1175,2024-08-26,O
1175,2024-08-29,X
1175,2024-08-31,O
1175,2024-09-01,O
1176,2024-05-15,O
1176,2024-05-20,O
1176,2024-05-23,X
1176,2024-05-24,B
1176,2024-05-25,O
1176,2024-05-27,O
1176,2024-05-31,O
1176,2024-06-01,O
1176,2024-06-07,O
1176,2024-06-13,O
1176,2024-06-15,O
1176,2024-06-16,X
1176,2024-06-21,O
1176,2024-06-24,O
1176,2024-06-26,O
1176,2024-06-29,O
1176,2024-06-30,X
1176,2024-07-01,O
1176,2024-07-04,O
1176,2024-07-12,O
1176,2024-07-15,O
1176,2024-07-21,O
1176,2024-07-27,O
1176,2024-07-28,O
1178,2024-05-17,O
1178,2024-05-22,O
1178,2024-05-24,O
1178,2024-05-31,O
1178,2024-06-03,O
1178,2024-06-06,O
1178,2024-06-07,O
1178,2024-06-10,O
1178,2024-06-13,B
1178,2024-06-15,O
1178,2024-06-25,O
1178,2024-06-26,O
1178,2024-06-29,O
1178,2024-06-30,O
1180,2024-05-16,O
1180,2024-05-17,O
1180,2024-05-18,B
1180,2024-05-20,O
1180,2024-05-22,O
1180,2024-05-24,O
1180,2024-06-01,O
1180,2024-06-02,O
1180,2024-06-09,O
1180,2024-07-03,O
1180,2024-07-07,O
1180,2024-07-15,O
1180,2024-07-16,O
1180,2024-07-17,O
1180,2024-07-22,B
1180,2024-07-23,X
1180,2024-08-14,B
1180,2024-08-19,O
1180,2024-08-28,O
1180,2024-08-31,C
1180,2024-09-04,O
1181,2024-05-13,O
1181,2024-05-14,O
1181,2024-05-15,O
1181,2024-05-16,B
1181,2024-05-19,O
1181,2024-05-22,O
1181,2024-05-25,O
1181,2024-05-31,N
1181,2024-06-02,O
1181,2024-06-04,O
1181,2024-06-05,O
1181,2024-06-07,O
1181,2024-06-10,B
1183,2024-05-17,O
1183,2024-05-20,O
1183,2024-05-21,O
1183,2024-05-24,O
1183,2024-05-26,O
1183,2024-05-28,O
1183,2024-05-29,O
1183,2024-06-03,B
1183,2024-06-04,O
1183,2024-06-17,O
1183,2024-06-19,O
1183,2024-06-24,O
1183,2024-06-25,B
1184,2024-05-14,O
1184,2024-05-15,B
1184,2024-05-20,O
1184,2024-05-24,O
1184,2024-05-28,O
1184,2024-05-30,O
1184,2024-06-01,X
1184,2024-06-11,O
1184,2024-06-12,B
1184,2024-06-18,O
1184,2024-06-20,O
1184,2024-06-25,O
1184,2024-06-27,B
1184,2024-06-29,O
1184,2024-07-14,B
1184,2024-07-18,O
1184,2024-07-21,B
1184,2024-07-22,O
1184,2024-07-30,O
1184,2024-08-01,O
1184,2024-08-03,B
1184,2024-08-09,O
1185,2024-05-18,O
1185,2024-05-23,O
1185,2024-05-24,O
1185,2024-05-29,O
1185,2024-05-31,O
1185,2024-06-02,X
1185,2024-06-10,O
1185,2024-06-13,O
1187,2024-05-09,B
1187,2024-05-10,O
1187,2024-05-12,O
1187,2024-05-13,O
1187,2024-05-14,O
1187,2024-05-18,O
1187,2024-05-19,O
1187,2024-05-20,O
1187,2024-05-22,O
1187,2024-05-24,O
1187,2024-05-25,O
1187,2024-05-28,O
1187,2024-06-04,O
1187,2024-06-14,O
1187,2024-06-15,O
1187,2024-06-16,O
1187,2024-06-17,O
1187,2024-06-19,O
1190,2024-05-19,O
1190,2024-05-20,O
1190,2024-05-23,B
1190,2024-05-24,O
1190,2024-05-26,O
1190,2024-05-27,X
1190,2024-05-28,O
1190,2024-05-29,O
1190,2024-05-30,B
1190,2024-06-01,O
1190,2024-06-03,O
1190,2024-06-04,C
1190,2024-06-09,C
1190,2024-06-10,B
1190,2024-06-16,O
1190,2024-06-21,O
1190,2024-06-23,B
1190,2024-06-27,O
1190,2024-06-29,O
1190,2024-07-01,O
1190,2024-07-02,B
1190,2024-07-07,O
1190,2024-07-09,O
1191,2024-05-11,O
1191,2024-05-17,O
1191,2024-05-20,O
1191,2024-05-26,O
1191,2024-05-31,B
1191,2024-06-02,O
1191,2024-06-06,O
1191,2024-06-17,O
1191,2024-06-18,O
1191,2024-06-19,O
1191,2024-06-20,X
1191,2024-06-29,O
1191,2024-07-12,B
1191,2024-07-20,O
1191,2024-07-21,X
1191,2024-08-03,O
1191,2024-08-04,O
1191,2024-08-06,O
1191,2024-08-16,O
1191,2024-08-24,O
1191,2024-08-26,O
1191,2024-08-27,O
1191,2024-09-05,D
1191,2024-09-10,B
1191,2024-09-11,X
1191,2024-09-17,B
1191,2024-09-19,O
1191,2024-09-20,O
1191,2024-09-23,O
1193,2024-05-16,O
1193,2024-05-19,O
1193,2024-05-22,D
1193,2024-05-24,O
1193,2024-05-27,O
1193,2024-05-30,B
1193,2024-06-04,O
1193,2024-06-10,O
1193,2024-06-25,O
1193,2024-07-02,O
1193,2024-07-03,O
1193,2024-07-05,O
1193,2024-07-10,X
1193,2024-07-13,O
1193,2024-07-15,O
1193,2024-07-17,O
1193,2024-07-23,O
1193,2024-07-25,O
1193,2024-07-30,X
1193,2024-07-31,B
1193,2024-08-03,O
1193,2024-08-09,O
1193,2024-08-12,O
1193,2024-08-13,B
1193,2024-08-17,O
1193,2024-08-19,O
1193,2024-08-20,X
1193,2024-08-28,O
1193,2024-09-11,B
1193,2024-09-15,N
1193,2024-09-23,O
1194,2024-05-16,O
1194,2024-05-24,O
1194,2024-06-01,O
1194,2024-06-04,O
1194,2024-06-09,O
1194,2024-06-12,B
1194,2024-06-17,B
1194,2024-06-18,B
1194,2024-06-20,O
1194,2024-06-23,O
1194,2024-07-04,O
1194,2024-07-09,O
1194,2024-07-13,O
1194,2024-07-16,O
1194,2024-07-21,O
1194,2024-07-24,O
1194,2024-07-31,O
1194,2024-08-03,O
1194,2024-08-08,B
1194,2024-08-09,O
1194,2024-08-10,O
1194,2024-08-12,O
1194,2024-08-14,O
1194,2024-08-19,O
1194,2024-08-20,X
1194,2024-08-21,B
1194,2024-08-22,O
1194,2024-08-26,O
1194,2024-08-28,O
1195,2024-05-16,O
1195,2024-05-20,X
1195,2024-05-21,O
1195,2024-05-22,O
1195,2024-05-25,O
1195,2024-05-26,O
1195,2024-05-30,O
1195,2024-06-13,O
1195,2024-06-21,O
1196,2024-05-19,X
1196,2024-05-20,O
1196,2024-05-25,O
1196,2024-05-28,B
1196,2024-05-29,B
1196,2024-06-02,O
1197,2024-05-11,O
1197,2024-05-15,O
1197,2024-05-16,B
1197,2024-05-18,O
1197,2024-05-21,D
1197,2024-05-23,O
1197,2024-05-27,O
1197,2024-05-28,O
1197,2024-05-29,O
1197,2024-06-07,B
1197,2024-06-08,B
1197,2024-06-11,O
1197,2024-06-12,O
1197,2024-06-14,O
1197,2024-06-17,O
1197,2024-06-18,B
1197,2024-06-22,O
1197,2024-06-29,O
1197,2024-07-02,N
1197,2024-07-03,O
1197,2024-07-12,O
1197,2024-07-16,O
1197,2024-07-19,O
1197,2024-07-20,O
1197,2024-07-24,O
1197,2024-07-29,C
1197,2024-08-01,O
1197,2024-08-03,X
1197,2024-08-04,O
1197,2024-08-07,D
1197,2024-08-11,O
1197,2024-08-13,B
1197,2024-08-16,O
1197,2024-08-21,O
1197,2024-08-26,O
1197,2024-08-31,B
1197,2024-09-03,B
1197,2024-09-04,O
1197,2024-09-06,O
1197,2024-09-08,B
1197,2024-09-09,O
1197,2024-09-12,O
1197,2024-09-16,O
1197,2024-09-18,O
1197,2024-09-21,O
1199,2024-05-17,O
1199,2024-05-20,C
1199,2024-05-25,O
1199,2024-05-30,O
1199,2024-06-04,O
1199,2024-06-11,O
1199,2024-06-12,O
1199,2024-06-22,O
1199,2024-06-23,O
1199,2024-06-24,O
1200,2024-05-22,O
1200,2024-05-24,O
1200,2024-06-11,O
1200,2024-06-13,B
1200,2024-06-17,O
1200,2024-06-22,O
1200,2024-06-27,C
1200,2024-07-03,D
1200,2024-07-04,O
1200,2024-07-05,O
1201,2024-06-11,B
1201,2024-06-12,O
1201,2024-06-15,O
1201,2024-06-21,O
1201,2024-06-30,O
1201,2024-07-05,O
1201,2024-07-10,O
1201,2024-07-12,O
1202,2024-06-02,O
1202,2024-06-03,O
1202,2024-06-13,B
1202,2024-06-14,B
1202,2024-06-15,O
1202,2024-06-16,X
1202,2024-06-17,O
1202,2024-06-26,O
1202,2024-06-30,O
1202,2024-07-03,X
1202,2024-07-12,O
1202,2024-07-14,O
1202,2024-07-20,O
1202,2024-07-24,B
1202,2024-07-26,O
1202,2024-08-03,O
1202,2024-08-08,B
1202,2024-08-09,O
1202,2024-08-10,O
1202,2024-08-11,O
1202,2024-08-15,O
1202,2024-08-16,O
1202,2024-08-22,C
1202,2024-08-25,O
1202,2024-08-28,O
1203,2024-06-20,O
1203,2024-06-22,B
1203,2024-06-24,O
1203,2024-06-26,O
1203,2024-07-04,B
1203,2024-07-06,B
1204,2024-06-01,O
1204,2024-06-04,C
1204,2024-06-19,O
1204,2024-06-20,O
1204,2024-06-21,O
1204,2024-07-06,O
1204,2024-07-17,O
1204,2024-07-23,O
1204,2024-07-28,O
1204,2024-07-30,O
1204,2024-08-04,O
1204,2024-08-09,O
1204,2024-08-11,O
1204,2024-08-15,O
1204,2024-08-19,O
1204,2024-08-20,B
1204,2024-08-21,X
1204,2024-08-22,O
1204,2024-09-03,X
1204,2024-09-13,B
1204,2024-09-14,X
1204,2024-09-19,X
1205,2024-06-02,O
1205,2024-06-04,O
1205,2024-06-05,O
1205,2024-06-06,O
1205,2024-06-16,O
1205,2024-06-18,O
1205,2024-06-20,O
1205,2024-06-21,O
1205,2024-06-22,O
1205,2024-07-04,B
1205,2024-07-09,O
1205,2024-07-20,B
1205,2024-07-25,C
1205,2024-07-26,O
1205,2024-07-28,O
1205,2024-08-03,O
1205,2024-08-08,B
1205,2024-08-12,O
1205,2024-08-22,O
1205,2024-08-26,B
1205,2024-08-30,O
1205,2024-09-01,O
1205,2024-09-03,O
1205,2024-09-04,O
1205,2024-09-07,O
1205,2024-09-08,O
1205,2024-09-14,O
1205,2024-09-16,N
1205,2024-09-17,O
1205,2024-09-18,X
1205,2024-09-20,O
1205,2024-09-21,X
1205,2024-09-22,O
1205,2024-09-23,O
1205,2024-09-28,O
1205,2024-09-30,B
1206,2024-06-08,B
1206,2024-06-09,O
1206,2024-06-13,O
1206,2024-06-15,B
1206,2024-06-19,O
1206,2024-06-21,B
1206,2024-06-25,O
1206,2024-06-26,B
1206,2024-06-27,C
1206,2024-06-30,X
1206,2024-07-07,O
1206,2024-07-10,C
1206,2024-07-17,O
1206,2024-07-23,O
1206,2024-07-24,B
1206,2024-07-27,O
1206,2024-07-28,O
1206,2024-08-03,O
1206,2024-08-07,O
1206,2024-08-08,O
1206,2024-08-11,O
1206,2024-08-12,O
1207,2024-05-26,C
1207,2024-06-01,O
1207,2024-06-02,O
1207,2024-06-03,O
1207,2024-06-04,O
1207,2024-06-05,O
1207,2024-06-06,O
1207,2024-06-15,O
1207,2024-06-17,B
1207,2024-06-18,O
1207,2024-06-19,O
1207,2024-06-22,O
1207,2024-06-23,O
1207,2024-06-26,O
1207,2024-06-27,N
1207,2024-06-30,C
1207,2024-07-05,O
1207,2024-07-07,O
1207,2024-07-08,O
1207,2024-07-18,C
1207,2024-07-20,O
1207,2024-07-24,O
1207,2024-07-29,O
1207,2024-07-31,O
1207,2024-08-03,O
1207,2024-08-06,B
1207,2024-08-07,B
1208,2024-06-08,O
1208,2024-06-11,O
1208,2024-06-23,O
1208,2024-06-25,O
1208,2024-06-29,O
1208,2024-07-01,O
1208,2024-07-02,O
1208,2024-07-03,B
1208,2024-07-09,O
1208,2024-07-22,O
1208,2024-07-30,O
1208,2024-07-31,X
1208,2024-08-06,O
1208,2024-08-10,O
1208,2024-08-31,X
1208,2024-09-03,O
1208,2024-09-05,O
1208,2024-09-07,O
1208,2024-09-10,O
1208,2024-09-17,B
1208,2024-09-20,O
1208,2024-09-24,O
1208,2024-09-25,B
1208,2024-09-27,O
1209,2024-05-31,O
1209,2024-06-02,O
1209,2024-06-03,O
1209,2024-06-07,O
1209,2024-06-08,O
1209,2024-06-09,O
1209,2024-06-11,O
1209,2024-06-16,O
1209,2024-06-19,B
1209,2024-06-20,O
1209,2024-06-27,O
1209,2024-06-29,O
1209,2024-07-03,O
1209,2024-07-07,O
1209,2024-07-17,O
1209,2024-07-19,O
1209,2024-07-22,O
1209,2024-07-24,B
1209,2024-07-27,O
1209,2024-08-07,O
1209,2024-08-10,O
1209,2024-08-11,O
1209,2024-08-13,O
1209,2024-08-15,O
1209,2024-08-18,O
1209,2024-08-19,B
1210,2024-05-31,O
1210,2024-06-01,O
1210,2024-06-06,B
1210,2024-06-11,O
1210,2024-06-15,O
1210,2024-06-17,O
1210,2024-07-02,O
1210,2024-07-03,B
1210,2024-07-07,O
1210,2024-07-12,O
1211,2024-06-04,O
1211,2024-06-08,O
1211,2024-06-17,B
1211,2024-06-20,B
1211,2024-06-21,O
1211,2024-06-23,O
1211,2024-06-29,B
1211,2024-07-02,O
1211,2024-07-03,O
1211,2024-07-09,B
1211,2024-07-10,O
1211,2024-07-12,O
1211,2024-07-14,X
1211,2024-07-16,O
1211,2024-07-17,O
1211,2024-07-18,O
1211,2024-07-21,O
1211,2024-07-22,O
1211,2024-07-26,B
1211,2024-07-29,O
1211,2024-08-03,O
1211,2024-08-04,O
1211,2024-08-09,O
1211,2024-08-18,O
1212,2024-05-29,O
1212,2024-05-31,O
1212,2024-06-05,O
1212,2024-06-06,O
1212,2024-06-09,O
1212,2024-06-11,N
1212,2024-06-14,O
1212,2024-06-16,O
1212,2024-06-22,O
1212,2024-06-26,O
1212,2024-06-29,O
1212,2024-07-01,O
1212,2024-07-06,O
1212,2024-07-07,O
1212,2024-07-09,O
1212,2024-07-11,B
1212,2024-07-12,O
1212,2024-07-13,B
1212,2024-07-18,C
1212,2024-07-26,O
1212,2024-07-27,O
1212,2024-07-28,B
1212,2024-08-02,O
1212,2024-08-04,O
1214,2024-05-26,O
1214,2024-05-28,O
1214,2024-05-31,C
1214,2024-06-01,X
1214,2024-06-05,X
1214,2024-06-06,O
1214,2024-06-14,O
1214,2024-06-16,O
1214,2024-06-22,O
1214,2024-06-23,B
1214,2024-06-27,O
1214,2024-07-07,O
1214,2024-07-16,O
1214,2024-07-18,N
1214,2024-07-20,O
1214,2024-07-29,O
1214,2024-07-30,O
1214,2024-08-07,O
1214,2024-08-23,O
1214,2024-08-25,O
1214,2024-08-28,O
1214,2024-09-04,O
1214,2024-09-05,O
1214,2024-09-06,X
1214,2024-09-11,O
1214,2024-09-12,X
1214,2024-09-13,B
1214,2024-09-24,B
1214,2024-09-27,O
1215,2024-05-28,O
1215,2024-05-29,B
1215,2024-06-04,O
1215,2024-06-05,O
1215,2024-06-08,X
1215,2024-06-11,B
1215,2024-06-15,O
1215,2024-06-17,B
1215,2024-06-19,O
1215,2024-06-24,O
1215,2024-06-28,O
1215,2024-07-01,O
1215,2024-07-06,N
1215,2024-07-10,O
1215,2024-07-15,B
1215,2024-07-18,O
1215,2024-07-19,O
1215,2024-07-20,N
1215,2024-07-21,O
1215,2024-07-25,O
1215,2024-07-26,O
1215,2024-08-03,B
1216,2024-05-28,O
1216,2024-05-30,D
1216,2024-05-31,B
1216,2024-06-02,B
1216,2024-06-05,X
1216,2024-06-06,X
1216,2024-06-07,O
1216,2024-06-14,O
1216,2024-06-15,O
1216,2024-06-19,O
1216,2024-06-21,C
1216,2024-06-24,O
1216,2024-06-27,O
1216,2024-06-28,O
1216,2024-07-01,O
1216,2024-07-07,O
1216,2024-07-13,O
1216,2024-07-17,O
1216,2024-07-18,O
1216,2024-07-20,O
1216,2024-07-26,X
1216,2024-07-27,O
1216,2024-08-06,O
1216,2024-08-10,O
1216,2024-08-12,B
1216,2024-08-13,O
1216,2024-08-17,B
1216,2024-08-21,O
1216,2024-08-26,O
1217,2024-06-06,O
1217,2024-06-11,B
1217,2024-06-12,O
1217,2024-06-19,B
1217,2024-06-22,O
1217,2024-06-24,O
1217,2024-07-01,O
1217,2024-07-02,O
1217,2024-07-03,B
1217,2024-07-07,O
1217,2024-07-08,O
1217,2024-07-09,B
1217,2024-07-11,O
1217,2024-07-13,O
1217,2024-07-16,O
1217,2024-07-20,O
1217,2024-07-22,O
1217,2024-07-25,O
1218,2024-05-29,O
1218,2024-06-01,O
1218,2024-06-02,O
1218,2024-06-04,X
1218,2024-06-06,O
1218,2024-06-09,O
1218,2024-06-11,C
1218,2024-06-16,O
1218,2024-06-21,O
1218,2024-06-22,O
1218,2024-06-23,O
1218,2024-06-24,O
1218,2024-06-29,O
1218,2024-07-06,O
1218,2024-07-07,X
1219,2024-05-31,O
1219,2024-06-03,B
1219,2024-06-12,X
1219,2024-06-20,O
1219,2024-06-28,O
1219,2024-07-05,O
1219,2024-07-11,O
1219,2024-07-16,O
1219,2024-07-18,B
1219,2024-07-20,O
1219,2024-07-21,O
1219,2024-07-23,O
1219,2024-07-28,O
1219,2024-08-01,O
1219,2024-08-04,B
1219,2024-08-13,O
1219,2024-08-15,B
1219,2024-08-20,O
1219,2024-08-21,O
1219,2024-08-22,O
1219,2024-08-23,B
1219,2024-08-28,B
1219,2024-08-30,O
1219,2024-09-11,B
1219,2024-09-12,C
1219,2024-09-13,O
1219,2024-09-14,O
1219,2024-09-23,O
1219,2024-09-25,O
1219,2024-09-29,C
1220,2024-05-25,O
1220,2024-06-04,O
1220,2024-06-10,B
1220,2024-06-12,O
1220,2024-06-14,O
1220,2024-06-18,B
1220,2024-06-20,B
1220,2024-06-21,O
1220,2024-06-24,O
1220,2024-06-25,O
1220,2024-06-30,B
1220,2024-07-01,B
1220,2024-07-07,O
1220,2024-07-10,O
1220,2024-07-13,O
1220,2024-07-14,B
1220,2024-07-17,O
1220,2024-07-20,O
1220,2024-07-23,O
1220,2024-07-29,O
1220,2024-07-30,O
1220,2024-08-02,O
1220,2024-08-09,O
1220,2024-08-18,O
1220,2024-08-20,O
1220,2024-08-21,B
1220,2024-08-23,O
1220,2024-08-25,O
1220,2024-08-31,O
1220,2024-09-01,X
1220,2024-09-03,O
1220,2024-09-08,O
1220,2024-09-12,O
1220,2024-09-25,B
1220,2024-09-26,O
1220,2024-09-28,B
1223,2024-06-07,O
1223,2024-06-12,O
1223,2024-06-16,O
1223,2024-06-20,O
1223,2024-06-29,O
1223,2024-07-05,O
1223,2024-07-08,O
1223,2024-07-10,O
1223,2024-07-14,B
1223,2024-07-17,B
1223,2024-07-18,O
1223,2024-07-23,C
1223,2024-07-27,O
1223,2024-08-07,O
1223,2024-08-08,D
1223,2024-08-16,B
1223,2024-08-17,O
1223,2024-08-19,B
1223,2024-08-20,O
1223,2024-08-26,B
1223,2024-09-02,O
1223,2024-09-03,C
1223,2024-09-08,C
1223,2024-09-11,O
1223,2024-09-12,X
1223,2024-09-15,X
1223,2024-09-16,X
1223,2024-09-18,C
1223,2024-09-19,O
1223,2024-09-24,O
1223,2024-09-25,B
1223,2024-09-26,O
1223,2024-09-29,X
1223,2024-09-30,O
1224,2024-06-01,O
1224,2024-06-05,O
1224,2024-06-08,O
1224,2024-06-15,O
1224,2024-06-23,O
1224,2024-06-26,O
1224,2024-07-02,O
1224,2024-07-03,O
1224,2024-07-09,O
1224,2024-07-12,O
1224,2024-07-14,B
1224,2024-07-15,O
1224,2024-07-26,O
1224,2024-07-29,X
1224,2024-08-02,O
1224,2024-08-10,O
1224,2024-08-13,C
1224,2024-08-15,O
1224,2024-08-18,B
1224,2024-08-29,B
1224,2024-08-30,O
1225,2024-06-16,X
1225,2024-06-18,X
1225,2024-06-25,O
1225,2024-06-26,O
1225,2024-07-06,O
1225,2024-07-07,O
1225,2024-07-18,C
1226,2024-06-04,O
1226,2024-06-07,O
1226,2024-06-08,B
1226,2024-06-11,X
1226,2024-06-12,O
1226,2024-06-18,O
1226,2024-06-22,N
1226,2024-06-26,O
1226,2024-06-27,O
1226,2024-06-30,O
1226,2024-07-06,O
1226,2024-07-16,O
1226,2024-07-18,O
1226,2024-07-21,O
1226,2024-07-22,O
1226,2024-07-26,O
1226,2024-08-02,O
1226,2024-08-06,O
1226,2024-08-08,O
1226,2024-08-12,O
1226,2024-08-24,O
1226,2024-08-27,O
1226,2024-08-28,O
1226,2024-09-02,O
1226,2024-09-05,X
1226,2024-09-13,B
1226,2024-09-14,C
1226,2024-09-20,B
1226,2024-09-21,O
1226,2024-09-24,O
1228,2024-06-04,O
1228,2024-06-06,O
1228,2024-06-09,O
1228,2024-06-21,O
1228,2024-06-23,X
1228,2024-06-24,B
1228,2024-06-26,O
1228,2024-06-27,B
1228,2024-06-28,B
1228,2024-07-01,O
1228,2024-07-04,B
1228,2024-07-09,O
1228,2024-07-15,O
1228,2024-07-17,B
1228,2024-07-20,O
1228,2024-07-21,O
1228,2024-07-22,B
1228,2024-07-25,O
1228,2024-08-09,O
1228,2024-08-22,O
1228,2024-08-28,C
1228,2024-08-31,C
1228,2024-09-03,O
1228,2024-09-06,B
1228,2024-09-07,D
1228,2024-09-11,B
1228,2024-09-17,O
1228,2024-09-19,B
1228,2024-09-20,O
1229,2024-05-28,O
1229,2024-05-29,O
1229,2024-06-02,O
1229,2024-06-04,O
1229,2024-06-10,O
1229,2024-06-11,O
1229,2024-06-19,O
1229,2024-06-24,O
1229,2024-06-25,X
1229,2024-06-28,O
1229,2024-06-29,X
1229,2024-07-02,O
1229,2024-07-11,O
1229,2024-07-14,O
1230,2024-06-03,O
1230,2024-06-09,O
1230,2024-06-10,O
1230,2024-06-15,O
1230,2024-06-16,O
1230,2024-06-18,O
1230,2024-06-21,O
1230,2024-06-22,O
1230,2024-06-23,O
1230,2024-06-27,O
1230,2024-06-29,X
1230,2024-07-01,B
1230,2024-07-05,B
1230,2024-07-16,O
1230,2024-07-18,O
1230,2024-07-26,O
1230,2024-08-05,B
1230,2024-08-06,O
1230,2024-08-07,O
1230,2024-08-09,B
1230,2024-08-10,O
1230,2024-08-11,O
1230,2024-08-12,O
1230,2024-08-21,O
1230,2024-08-27,O
1230,2024-09-02,O
1230,2024-09-06,O
1230,2024-09-09,O
1230,2024-09-10,O
1231,2024-06-03,X
1231,2024-06-08,O
1231,2024-06-15,O
1231,2024-06-16,O
1231,2024-06-20,O
1231,2024-06-25,O
1231,2024-06-26,C
1231,2024-06-29,O
1231,2024-07-17,O
1231,2024-07-20,B
1231,2024-07-31,O
1232,2024-05-30,O
1232,2024-05-31,O
1232,2024-06-05,O
1232,2024-06-15,O
1232,2024-06-16,O
1232,2024-06-17,O
1232,2024-06-20,O
1232,2024-06-29,O
1232,2024-07-02,B
1232,2024-07-04,O
1232,2024-07-05,B
1232,2024-07-08,O
1232,2024-07-09,O
1232,2024-07-11,O
1232,2024-07-13,B
1232,2024-07-15,O
1232,2024-07-16,O
1232,2024-07-19,O
1232,2024-07-21,X
1232,2024-07-25,N
1232,2024-07-26,O
1232,2024-07-31,O
1232,2024-08-02,O
1232,2024-08-04,O
1232,2024-08-06,B
1232,2024-08-09,B
1232,2024-08-13,O
1232,2024-09-02,X
1232,2024-09-05,B
1232,2024-09-11,O
1232,2024-09-12,X
1235,2024-06-03,B
1235,2024-06-05,B
1235,2024-06-06,O
1235,2024-06-07,O
1235,2024-06-08,O
1235,2024-06-11,O
1235,2024-06-29,C
1235,2024-07-01,O
1235,2024-07-04,O
1237,2024-05-29,O
1237,2024-05-30,O
1237,2024-06-06,O
1237,2024-06-07,O
1237,2024-06-11,B
1237,2024-06-13,B
1237,2024-06-18,C
1237,2024-06-19,B
1237,2024-06-23,O
1237,2024-06-25,O
1237,2024-06-26,O
1237,2024-06-29,O
1237,2024-07-16,B
1237,2024-07-31,O
1237,2024-08-02,X
1237,2024-08-05,B
1237,2024-08-07,O
1237,2024-08-10,O
1237,2024-08-18,O
1237,2024-08-21,O
1237,2024-08-23,O
1237,2024-09-07,O
1237,2024-09-09,B
1237,2024-09-12,O
1237,2024-09-14,O
1237,2024-09-15,O
1237,2024-09-16,B
1237,2024-09-18,B
1237,2024-09-21,O
1237,2024-09-23,O
1237,2024-09-24,O
1237,2024-09-26,O
1237,2024-09-27,B
1237,2024-09-29,O
1237,2024-09-30,B
1239,2024-05-29,O
1239,2024-06-01,O
1239,2024-06-04,O
1239,2024-06-06,O
1239,2024-06-08,O
1239,2024-06-10,O
1239,2024-06-15,O
1239,2024-06-16,O
1239,2024-06-17,O
1239,2024-06-19,B
1239,2024-06-20,O
1239,2024-06-21,O
1239,2024-06-22,O
1239,2024-06-27,O
1239,2024-06-28,B
1239,2024-06-29,O
1239,2024-07-02,X
1239,2024-07-08,O
1239,2024-07-09,O
1239,2024-07-18,O
1239,2024-07-28,X
1239,2024-08-04,B
1239,2024-08-11,O
1240,2024-06-03,B
1240,2024-06-13,C
1240,2024-06-19,O
1240,2024-06-23,B
1240,2024-06-24,O
1240,2024-06-25,X
1240,2024-06-28,B
1240,2024-07-02,O
1240,2024-07-06,B
1240,2024-07-13,O
1240,2024-07-15,O
1240,2024-07-17,O
1240,2024-07-19,O
1240,2024-08-01,O
1240,2024-08-02,O
1240,2024-08-04,B
1240,2024-08-10,O
1240,2024-08-18,B
1240,2024-08-19,B
1240,2024-08-21,O
1240,2024-08-30,O
1240,2024-08-31,O
1240,2024-09-02,D
1240,2024-09-04,O
1240,2024-09-06,O
1240,2024-09-07,O
1240,2024-09-16,B
1240,2024-09-17,O
1241,2024-06-05,X
1241,2024-06-10,O
1241,2024-06-16,O
1241,2024-06-18,B
1241,2024-06-21,B
1241,2024-06-22,O
1241,2024-06-26,C
1241,2024-06-30,O
1241,2024-07-02,B
1241,2024-07-03,O
1241,2024-07-19,O
1241,2024-07-24,O
1242,2024-06-02,O
1242,2024-06-11,O
1242,2024-06-16,O
1242,2024-06-18,O
1242,2024-06-19,X
1242,2024-07-04,B
1243,2024-05-29,O
1243,2024-05-30,O
1243,2024-05-31,O
1243,2024-06-02,O
1243,2024-06-05,O
1243,2024-06-10,O
1243,2024-06-12,B
1243,2024-06-14,B
1243,2024-06-15,O
1243,2024-07-08,O
1243,2024-07-10,O
1243,2024-07-11,O
1243,2024-07-13,O
1243,2024-07-17,X
1243,2024-07-26,B
1243,2024-07-27,O
1243,2024-07-28,B
1244,2024-05-30,O
1244,2024-06-03,B
1244,2024-06-04,C
1244,2024-06-07,O
1244,2024-06-11,X
1244,2024-06-13,O
1244,2024-06-23,O
1244,2024-06-25,O
1244,2024-06-26,O
1244,2024-06-27,O
1244,2024-07-03,O
1244,2024-07-08,O
1244,2024-07-09,O
1244,2024-07-10,B
1244,2024-07-11,X
1244,2024-07-17,O
1244,2024-07-20,X
1244,2024-08-05,C
1244,2024-08-06,O
1244,2024-08-14,O
1244,2024-08-15,O
1244,2024-08-17,B
1244,2024-08-20,O
1244,2024-08-22,D
1244,2024-08-23,O
1244,2024-08-26,X
1244,2024-08-27,B
1244,2024-08-30,O
1244,2024-09-05,O
1244,2024-09-08,B
1244,2024-09-14,N
1244,2024-09-16,B
1244,2024-09-18,O
1245,2024-05-29,X
1245,2024-05-30,O
1245,2024-05-31,O
1245,2024-06-01,X
1245,2024-06-03,O
1245,2024-06-04,O
1245,2024-06-11,O
1245,2024-06-19,O
1245,2024-06-21,C
1245,2024-06-23,O
1245,2024-07-04,O
1245,2024-07-07,O
1245,2024-07-11,O
1245,2024-07-15,O
1245,2024-07-27,O
1245,2024-07-29,O
1247,2024-06-02,O
1247,2024-06-03,O
1247,2024-06-04,O
1247,2024-06-10,O
1247,2024-06-12,O
1247,2024-06-14,O
1247,2024-06-16,O
1247,2024-06-22,O
1247,2024-06-23,O
1247,2024-06-24,B
1247,2024-07-01,O
1248,2024-06-06,O
1248,2024-06-07,O
1248,2024-06-08,B
1248,2024-06-18,O
1248,2024-06-30,X
1248,2024-07-07,O
1248,2024-07-12,O
1248,2024-07-13,O
1248,2024-07-14,O
1248,2024-07-16,B
1248,2024-07-17,O
1248,2024-07-18,O
1248,2024-07-29,O
1248,2024-08-02,O
1248,2024-08-05,O
1248,2024-08-06,O
1248,2024-08-07,O
1250,2024-05-31,O
1250,2024-06-11,O
1250,2024-06-15,O
1250,2024-06-22,B
1250,2024-06-23,O
1250,2024-06-26,O
1250,2024-07-14,O
1250,2024-07-18,O
1250,2024-07-19,B
1250,2024-07-22,O
1250,2024-07-26,O
1250,2024-07-28,B
1250,2024-08-01,B
1250,2024-08-06,O
1250,2024-08-09,O
1250,2024-08-16,O
1250,2024-08-18,O
1250,2024-08-23,B
1250,2024-08-24,B
1250,2024-08-29,B
1251,2024-05-31,O
1251,2024-06-02,O
1251,2024-06-06,O
1251,2024-06-10,O
1251,2024-06-11,O
1251,2024-06-15,O
1251,2024-06-23,O
1251,2024-06-25,O
1251,2024-06-27,O
1251,2024-06-30,O
1251,2024-07-08,O
1251,2024-07-10,O
1251,2024-07-15,O
1251,2024-07-24,O
1252,2024-06-08,O
1252,2024-06-09,O
1252,2024-06-11,O
1252,2024-06-13,O
1252,2024-06-15,O
1252,2024-06-19,O
1252,2024-06-22,O
1252,2024-07-04,O
1252,2024-07-08,B
1252,2024-07-10,B
1252,2024-07-12,O
1252,2024-07-14,O
1252,2024-07-19,O
1252,2024-07-24,O
1252,2024-07-27,O
1252,2024-07-28,O
1252,2024-07-29,O
1252,2024-08-03,O
1253,2024-06-03,O
1253,2024-06-09,O
1253,2024-06-13,B
1253,2024-06-15,X
1253,2024-06-17,O
1253,2024-06-27,O
1253,2024-07-02,O
1253,2024-07-06,B
1253,2024-07-07,O
1253,2024-07-11,O
1254,2024-05-28,O
1254,2024-06-03,O
1254,2024-06-05,O
1254,2024-06-06,O
1254,2024-06-11,O
1254,2024-06-13,B
1254,2024-07-10,O
1254,2024-07-11,O
1254,2024-07-12,O
1254,2024-07-14,O
1254,2024-07-22,O
1254,2024-07-29,O
1254,2024-07-30,O
1254,2024-08-02,O
1254,2024-08-14,C
1254,2024-08-20,B
1254,2024-08-21,B
1255,2024-06-01,O
1255,2024-06-02,O
1255,2024-06-03,O
1255,2024-06-09,O
1255,2024-06-11,O
1255,2024-06-15,O
1255,2024-06-16,O
1255,2024-06-17,O
1255,2024-06-18,O
1255,2024-07-01,O
1255,2024-07-14,O
1257,2024-05-31,O
1257,2024-06-01,O
1257,2024-06-03,O
1257,2024-06-04,X
1257,2024-06-06,O
1257,2024-06-10,C
1257,2024-06-11,O
1257,2024-06-15,O
1257,2024-06-21,B
1257,2024-06-22,O
1257,2024-06-25,O
1257,2024-06-28,O
1257,2024-07-02,O
1257,2024-07-03,O
1257,2024-07-11,O
1257,2024-07-16,O
1257,2024-07-19,B
1260,2024-06-06,B
1260,2024-06-08,O
1260,2024-06-11,O
1260,2024-06-13,B
1260,2024-06-14,B
1260,2024-06-16,O
1260,2024-06-22,O
1260,2024-06-23,O
1260,2024-06-24,X
1260,2024-07-06,O
1260,2024-07-08,O
1260,2024-07-13,O
1260,2024-07-18,O
1260,2024-07-19,O
1260,2024-07-24,O
1260,2024-08-02,O
1260,2024-08-04,B
1261,2024-05-26,O
1261,2024-05-28,B
1261,2024-06-08,O
1261,2024-06-11,B
1261,2024-06-12,B
1261,2024-06-14,O
1261,2024-06-18,O
1261,2024-06-21,C
1261,2024-07-01,C
1261,2024-07-02,O
1261,2024-07-10,C
1261,2024-07-13,N
1261,2024-07-15,O
1261,2024-07-20,O
1261,2024-07-22,O
1265,2024-06-03,O
1265,2024-06-04,O
1265,2024-06-05,O
1265,2024-06-13,O
1265,2024-06-14,O
1265,2024-06-24,O
1265,2024-06-25,O
1265,2024-06-27,O
1265,2024-06-28,X
1265,2024-07-01,X
1265,2024-07-04,B
1265,2024-07-05,O
1265,2024-07-14,B
1265,2024-07-17,O
1265,2024-08-14,O
1265,2024-08-18,O
1265,2024-08-24,O
1265,2024-08-26,O
1265,2024-08-29,O
1265,2024-08-30,O
1265,2024-09-02,O
1265,2024-09-07,O
1265,2024-09-09,C
1266,2024-06-02,O
1266,2024-06-05,O
1266,2024-06-06,B
1266,2024-06-13,O
1266,2024-06-19,O
1266,2024-06-20,O
1266,2024-06-21,O
1266,2024-06-22,O
1266,2024-06-25,O
1266,2024-06-26,B
1266,2024-06-27,O
1266,2024-07-02,O
1266,2024-07-03,B
1266,2024-07-04,O
1266,2024-07-06,B
1266,2024-07-09,O
1266,2024-07-11,O
1266,2024-07-21,O
1266,2024-07-23,O
1266,2024-07-31,O
1266,2024-08-05,O
1266,2024-08-12,O
1266,2024-09-06,O
1266,2024-09-12,B
1266,2024-09-13,B
1266,2024-09-16,O
1266,2024-09-19,O
1266,2024-09-24,O
1266,2024-09-27,O
1266,2024-09-28,O
1267,2024-06-02,B
1267,2024-06-08,O
1267,2024-06-13,O
1267,2024-06-16,O
1267,2024-06-21,B
1267,2024-06-24,O
1267,2024-06-27,O
1267,2024-07-19,B
1267,2024-07-20,O
1267,2024-07-25,B
1267,2024-07-27,C
1267,2024-08-01,O
1267,2024-08-04,O
1267,2024-08-09,O
1267,2024-08-14,O
1267,2024-08-19,O
1267,2024-08-23,O
1267,2024-08-25,O
1267,2024-08-27,B
1267,2024-08-29,O
1267,2024-08-30,O
1267,2024-08-31,O
1267,2024-09-03,D
1267,2024-09-05,O
1267,2024-09-07,N
1267,2024-09-08,O
1267,2024-09-17,B
1267,2024-09-27,O
1267,2024-09-29,B
1267,2024-09-30,O
1268,2024-06-06,O
1268,2024-06-07,O
1268,2024-06-08,O
1268,2024-06-12,O
1268,2024-06-14,O
1268,2024-06-16,O
1268,2024-06-24,O
1268,2024-06-27,O
1268,2024-07-04,O
1268,2024-07-05,X
1268,2024-07-12,O
1268,2024-07-20,O
1268,2024-07-22,O
1268,2024-07-27,O
1268,2024-08-01,C
1268,2024-08-02,O
1268,2024-08-04,O
1268,2024-08-05,O
1268,2024-08-10,B
1268,2024-08-11,B
1270,2024-06-03,B
1270,2024-06-08,O
1270,2024-06-15,O
1270,2024-06-16,O
1270,2024-06-17,O
1270,2024-06-18,O
1270,2024-06-21,O
1270,2024-06-28,B
1270,2024-07-06,O
1270,2024-07-07,O
1270,2024-07-11,O
1270,2024-07-16,O
1270,2024-07-17,O
1270,2024-07-19,C
1270,2024-07-22,O
1270,2024-07-26,B
1270,2024-08-03,B
1270,2024-08-05,B
1272,2024-06-14,O
1272,2024-06-19,O
1272,2024-06-21,O
1272,2024-06-22,B
1272,2024-06-27,O
1272,2024-06-28,O
1272,2024-07-04,O
1272,2024-07-06,O
1272,2024-07-09,O
1272,2024-07-11,B
1272,2024-07-12,O
1272,2024-07-14,O
1272,2024-07-20,X
1272,2024-07-24,O
1272,2024-07-28,O
1272,2024-08-01,B
1272,2024-08-05,B
1272,2024-08-16,O
1272,2024-08-19,O
1272,2024-08-26,O
1272,2024-09-02,B
1272,2024-09-05,B
1272,2024-09-07,O
1272,2024-09-13,O
1272,2024-09-21,O
1272,2024-09-23,O
1272,2024-09-29,O
1272,2024-09-30,X
1273,2024-05-28,O
1273,2024-05-30,O
1273,2024-05-31,O
1273,2024-06-01,O
1273,2024-06-03,O
1273,2024-06-05,O
1273,2024-06-09,X
1273,2024-06-12,O
1273,2024-06-15,B
1273,2024-06-20,O
1273,2024-06-24,B
1273,2024-06-30,O
1273,2024-07-04,X
1273,2024-07-05,N
1273,2024-07-09,O
1273,2024-07-13,O
1273,2024-07-17,O
1273,2024-07-19,O
1273,2024-07-21,N
1273,2024-07-23,X
1273,2024-07-26,O
1273,2024-08-01,O
1273,2024-08-09,B
1273,2024-08-16,O
1273,2024-08-17,O
1273,2024-08-25,O
1273,2024-08-28,O
1273,2024-08-29,O
1273,2024-08-31,O
1273,2024-09-02,O
1273,2024-09-04,O
1273,2024-09-06,O
1273,2024-09-10,O
1273,2024-09-12,O
1273,2024-09-14,O
1274,2024-05-29,O
1274,2024-06-02,O
1274,2024-06-13,O
1274,2024-06-14,B
1274,2024-06-17,C
1274,2024-06-23,O
1274,2024-06-26,O
1274,2024-07-01,O
1274,2024-07-08,O
1274,2024-07-11,X
1274,2024-07-13,O
1274,2024-07-19,O
1274,2024-07-20,O
1274,2024-07-23,O
1274,2024-07-27,B
1274,2024-08-09,O
1274,2024-08-10,O
1274,2024-08-12,O
1274,2024-08-14,O
1274,2024-08-17,N
1274,2024-08-18,X
1274,2024-08-26,O
1274,2024-09-01,X
1274,2024-09-08,O
1275,2024-05-29,O
1275,2024-06-05,O
1275,2024-06-15,O
1275,2024-06-18,O
1275,2024-07-01,O
1275,2024-07-05,O
1275,2024-07-07,B
1275,2024-07-08,O
1275,2024-07-09,O
1275,2024-07-11,O
1276,2024-06-04,O
1276,2024-06-10,O
1276,2024-06-13,O
1276,2024-06-14,O
1276,2024-06-20,O
1276,2024-06-25,O
1276,2024-07-01,O
1276,2024-07-02,B
1276,2024-07-03,O
1276,2024-07-05,O
1276,2024-07-07,O
1276,2024-07-08,O
1276,2024-07-09,B
1276,2024-07-10,X
1276,2024-07-12,X
1277,2024-05-25,O
1277,2024-05-26,O
1277,2024-06-01,O
1277,2024-06-04,O
1277,2024-06-12,O
1277,2024-06-15,O
1277,2024-06-16,O
1277,2024-06-18,O
1277,2024-06-28,C
1277,2024-07-11,B
1277,2024-07-14,O
1277,2024-07-17,O
1277,2024-07-25,O
1277,2024-07-31,O
1277,2024-08-02,O
1277,2024-08-03,O
1277,2024-08-04,O
1277,2024-08-08,B
1277,2024-08-16,O
1277,2024-08-23,C
1277,2024-08-27,B
1277,2024-09-03,O
1277,2024-09-06,O
1277,2024-09-07,C
1277,2024-09-13,O
1277,2024-09-14,O
1277,2024-09-16,X
1277,2024-09-17,O
1277,2024-09-21,B
1277,2024-09-22,B
1277,2024-09-24,X
1278,2024-06-01,O
1278,2024-06-20,O
1278,2024-06-24,O
1278,2024-06-28,O
1278,2024-07-06,B
1278,2024-07-09,O
1278,2024-07-15,O
1278,2024-07-21,O
1278,2024-08-03,O
1278,2024-08-05,O
1278,2024-08-07,O
1280,2024-05-30,O
1280,2024-06-04,O
1280,2024-06-06,O
1280,2024-06-14,O
1280,2024-06-16,O
1280,2024-06-24,O
1280,2024-07-16,O
1280,2024-07-20,O
1280,2024-07-25,O
1280,2024-08-15,X
1280,2024-08-16,O
1280,2024-08-20,O
1280,2024-08-24,O
1280,2024-09-01,D
1280,2024-09-05,C
1280,2024-09-12,O
1280,2024-09-17,O
1280,2024-09-18,B
1280,2024-09-19,O
1280,2024-09-26,O
1281,2024-06-03,B
1281,2024-06-12,O
1281,2024-06-26,O
1281,2024-06-28,O
1281,2024-06-29,O
1281,2024-07-05,O
1281,2024-07-09,O
1281,2024-07-14,O
1281,2024-07-19,C
1281,2024-07-21,O
1281,2024-07-22,O
1281,2024-07-25,X
1281,2024-07-31,D
1281,2024-08-06,O
1281,2024-08-08,O
1281,2024-08-20,O
1281,2024-08-23,O
1281,2024-08-24,O
1281,2024-09-02,X
1281,2024-09-04,O
1281,2024-09-05,O
1281,2024-09-06,O
1281,2024-09-11,B
1281,2024-09-19,B
1281,2024-09-29,O
1281,2024-09-30,O
1282,2024-05-28,O
1282,2024-05-30,O
1282,2024-06-10,O
1282,2024-06-11,O
1282,2024-06-24,O
1282,2024-06-26,O
1282,2024-06-27,O
1282,2024-07-03,O
1282,2024-07-07,O
1282,2024-07-09,O
1283,2024-06-04,O
1283,2024-06-08,B
1283,2024-06-09,O
1283,2024-06-10,O
1283,2024-06-20,O
1283,2024-06-22,O
1283,2024-06-23,O
1283,2024-06-26,O
1283,2024-07-05,O
1283,2024-07-07,B
1283,2024-07-08,O
1283,2024-07-25,O
1283,2024-08-04,O
1283,2024-08-14,O
1283,2024-08-31,O
1283,2024-09-01,O
1283,2024-09-04,X
1283,2024-09-07,C
1283,2024-09-09,B
1284,2024-05-29,O
1284,2024-05-30,O
1284,2024-05-31,O
1284,2024-06-09,O
1284,2024-06-10,O
1284,2024-06-12,B
1284,2024-06-13,B
1284,2024-06-18,B
1284,2024-06-20,O
1284,2024-06-21,O
1284,2024-06-23,O
1284,2024-06-25,O
1284,2024-06-26,O
1284,2024-06-30,O
1284,2024-07-07,O
1284,2024-07-10,O
1284,2024-07-15,X
1284,2024-07-17,B
1284,2024-07-19,O
1284,2024-07-27,O
1284,2024-07-30,O
1284,2024-08-01,O
1284,2024-08-02,O
1284,2024-08-05,O
1284,2024-08-06,O
1285,2024-05-29,O
1285,2024-05-31,O
1285,2024-06-02,O
1285,2024-06-03,O
1285,2024-06-07,O
1285,2024-06-14,B
1285,2024-07-10,O
1285,2024-07-12,O
1285,2024-07-13,B
1285,2024-07-21,O
1285,2024-07-23,B
1285,2024-08-01,O
1285,2024-08-07,O
1285,2024-08-09,N
1285,2024-08-12,O
1285,2024-08-14,O
1285,2024-08-17,O
1285,2024-08-18,O
1286,2024-06-07,O
1286,2024-06-08,O
1286,2024-06-10,O
1286,2024-06-12,B
1286,2024-06-16,O
1286,2024-06-19,O
1286,2024-06-20,O
1286,2024-06-22,O
1286,2024-06-23,B
1286,2024-06-27,O
1286,2024-06-28,X
1286,2024-06-30,O
1286,2024-07-03,O
1286,2024-07-11,O
1286,2024-07-13,O
1286,2024-07-20,O
1286,2024-07-25,O
1286,2024-07-28,O
1286,2024-08-01,X
1286,2024-08-02,O
1286,2024-08-05,O
1288,2024-06-07,O
1288,2024-06-14,O
1288,2024-06-20,O
1288,2024-06-23,O
1288,2024-06-28,O
1288,2024-06-29,X
1288,2024-07-03,O
1288,2024-07-05,O
1288,2024-07-10,O
1288,2024-07-21,O
1288,2024-07-23,O
1288,2024-08-02,O
1288,2024-08-05,O
1288,2024-08-07,C
1288,2024-08-09,O
1288,2024-08-10,O
1288,2024-08-11,X
1288,2024-08-14,N
1288,2024-08-15,O
1288,2024-08-18,O
1288,2024-08-20,O
1289,2024-05-28,O
1289,2024-05-30,O
1289,2024-06-07,O
1289,2024-06-08,O
1289,2024-06-11,O
1289,2024-06-13,O
1289,2024-06-15,C
1289,2024-06-28,O
1289,2024-06-30,O
1289,2024-07-04,O
1290,2024-06-06,B
1290,2024-06-09,O
1290,2024-06-11,X
1290,2024-06-25,B
1290,2024-06-30,O
1290,2024-07-01,O
1290,2024-07-02,O
1290,2024-07-13,O
1290,2024-07-16,O
1290,2024-07-17,O
1290,2024-07-21,B
1290,2024-07-29,O
1290,2024-08-02,C
1290,2024-08-06,X
1290,2024-08-10,O
1290,2024-08-11,B
1290,2024-08-22,O
1290,2024-08-29,B
1291,2024-05-31,O
1291,2024-06-03,B
1291,2024-06-05,O
1291,2024-06-09,O
1291,2024-06-12,O
1291,2024-06-15,O
1291,2024-06-17,O
1291,2024-06-18,O
1291,2024-06-21,O
1291,2024-06-26,O
1291,2024-07-03,O
1291,2024-07-04,O
1291,2024-07-06,B
1291,2024-07-09,O
1291,2024-07-11,O
1291,2024-07-17,O
1291,2024-07-21,X
1291,2024-07-23,C
1291,2024-07-27,O
1291,2024-07-29,O
1291,2024-08-05,O
1291,2024-08-06,O
1291,2024-08-08,X
1291,2024-08-13,X
1291,2024-08-21,O
1291,2024-08-22,O
1291,2024-08-23,B
1292,2024-05-28,O
1292,2024-05-29,O
1292,2024-05-31,B
1292,2024-06-06,O
1292,2024-06-10,O
1292,2024-06-11,O
1292,2024-06-12,X
1292,2024-06-20,O
1292,2024-06-21,O
1292,2024-06-28,O
1292,2024-06-29,O
1292,2024-07-01,O
1292,2024-07-05,O
1292,2024-07-10,O
1292,2024-07-12,C
1292,2024-07-13,O
1292,2024-07-17,O
1292,2024-07-19,O
1292,2024-07-23,O
1292,2024-07-29,O
1292,2024-07-30,O
1292,2024-08-05,O
1293,2024-06-13,O
1293,2024-06-15,B
1293,2024-06-16,O
1293,2024-06-18,O
1293,2024-06-19,O
1293,2024-06-24,O
1293,2024-06-26,O
1293,2024-06-28,O
1293,2024-06-30,O
1293,2024-07-02,B
1293,2024-07-03,O
1293,2024-07-04,O
1293,2024-07-09,O
1293,2024-07-17,O
1293,2024-07-22,O
1293,2024-07-26,O
1293,2024-07-28,X
1293,2024-07-29,B
1293,2024-08-19,B
1293,2024-08-23,O
1293,2024-08-24,B
1293,2024-08-29,O
1293,2024-08-31,O
1293,2024-09-02,X
1293,2024-09-06,O
1293,2024-09-12,O
1293,2024-09-14,B
1293,2024-09-23,O
1294,2024-05-26,O
1294,2024-05-27,O
1294,2024-05-30,O
1294,2024-05-31,O
1294,2024-06-07,C
1294,2024-06-08,O
1294,2024-06-10,O
1294,2024-06-11,O
1294,2024-06-13,O
1294,2024-06-15,O
1294,2024-06-18,O
1294,2024-06-20,O
1294,2024-06-22,O
1294,2024-06-24,B
1294,2024-06-26,B
1294,2024-06-30,X
1294,2024-07-05,O
1294,2024-07-11,B
1294,2024-07-19,O
1294,2024-07-21,O
1295,2024-06-11,O
1295,2024-06-14,O
1295,2024-06-19,O
1295,2024-06-22,O
1295,2024-06-24,O
1295,2024-06-27,O
1295,2024-07-01,B
1295,2024-07-03,O
1295,2024-07-04,O
1295,2024-07-10,O
1295,2024-07-12,O
1295,2024-07-15,O
1295,2024-07-20,C
1295,2024-07-22,O
1295,2024-07-28,C
1295,2024-07-30,O
1295,2024-08-03,O
1295,2024-08-07,O
1295,2024-08-11,O
1295,2024-08-13,O
1295,2024-08-14,O
1295,2024-08-15,O
1295,2024-08-20,O
1295,2024-09-07,X
1295,2024-09-11,O
1296,2024-05-29,O
1296,2024-05-30,O
1296,2024-06-04,O
1296,2024-06-05,O
1296,2024-06-14,B
1296,2024-06-15,X
1296,2024-06-16,O
1296,2024-06-20,O
1296,2024-06-23,O
1296,2024-06-25,O
1296,2024-07-08,O
1296,2024-07-11,B
1296,2024-07-12,O
1296,2024-07-13,O
1296,2024-07-16,O
1296,2024-07-21,B
1296,2024-07-27,X
1296,2024-07-29,O
1296,2024-07-30,O
1296,2024-08-05,O
1296,2024-08-12,B
1296,2024-08-15,B
1296,2024-08-16,O
1296,2024-08-18,O
1296,2024-08-23,O
1296,2024-08-24,O
1296,2024-08-26,O
1296,2024-08-27,O
1296,2024-08-30,O
1296,2024-09-02,X
1296,2024-09-05,O
1296,2024-09-08,O
1296,2024-09-10,X
1296,2024-09-11,O
1296,2024-09-16,X
1296,2024-09-17,X
1296,2024-09-20,B
1296,2024-09-27,O
1297,2024-05-30,D
1297,2024-06-03,O
1297,2024-06-06,O
1297,2024-06-10,O
1297,2024-06-11,O
1297,2024-06-13,X
1297,2024-06-15,O
1297,2024-06-20,O
1297,2024-06-25,O
1297,2024-06-26,B
1297,2024-06-29,O
1297,2024-07-01,O
1297,2024-07-07,O
1297,2024-07-10,O
1297,2024-07-16,O
1297,2024-07-17,O
1297,2024-07-18,B
1297,2024-07-21,O
1297,2024-07-22,O
1297,2024-07-29,O
1297,2024-07-31,B
1297,2024-08-07,O
1297,2024-08-08,B
1297,2024-08-16,O
1298,2024-06-12,O
1298,2024-06-14,O
1298,2024-06-16,O
1298,2024-06-22,D
1298,2024-06-26,O
1298,2024-06-27,B
1298,2024-06-28,O
1298,2024-07-01,O
1298,2024-07-06,B
1298,2024-07-10,C
1298,2024-07-21,O
1298,2024-07-24,O
1299,2024-06-02,O
1299,2024-06-06,B
1299,2024-06-12,O
1299,2024-06-25,B
1299,2024-06-27,O
1299,2024-06-29,O
1299,2024-07-02,O
1299,2024-07-03,O
1299,2024-07-08,O
1299,2024-07-11,X
1299,2024-07-16,O
1299,2024-07-18,O
1299,2024-07-19,O
1299,2024-07-21,O
1299,2024-07-23,X
1299,2024-08-01,O
1299,2024-08-02,C
1299,2024-08-03,O
1299,2024-08-04,O
1299,2024-08-05,B
1299,2024-08-06,O
1299,2024-08-10,O
1299,2024-08-14,B
1299,2024-08-15,C
1299,2024-08-21,O
1299,2024-08-22,O
1299,2024-08-25,X
1299,2024-08-26,O
1299,2024-08-27,O
1299,2024-09-01,O
1299,2024-09-04,X
1300,2024-05-31,O
1300,2024-06-01,O
1300,2024-06-05,O
1300,2024-06-06,O
1300,2024-06-07,D
1300,2024-06-10,B
1300,2024-06-16,O
1300,2024-06-27,O
1300,2024-06-28,B
1300,2024-07-02,O
1300,2024-07-04,O
1301,2024-05-11,X
1301,2024-05-13,O
1301,2024-05-15,O
1301,2024-05-16,X
1301,2024-05-17,O
1301,2024-05-18,O
1301,2024-05-23,X
1301,2024-05-26,O
1301,2024-05-28,O
1301,2024-06-01,X
1301,2024-06-03,O
1301,2024-06-10,O
1301,2024-06-12,O
1301,2024-06-14,O
1301,2024-06-15,O
1301,2024-06-19,O
1301,2024-06-21,X
1301,2024-06-22,B
1301,2024-06-23,X
1302,2024-05-15,O
1302,2024-05-22,O
1302,2024-05-23,O
1302,2024-05-25,O
1302,2024-05-27,O
1302,2024-05-30,O
1302,2024-06-01,O
1302,2024-06-03,O
1302,2024-06-05,B
1302,2024-06-07,X
1302,2024-06-16,C
1302,2024-06-18,O
1302,2024-06-22,O
1302,2024-06-29,O
1302,2024-06-30,O
1302,2024-07-03,O
1302,2024-07-05,O
1302,2024-07-08,O
1302,2024-07-12,O
1302,2024-07-17,O
1302,2024-07-19,O
1302,2024-07-22,O
1302,2024-07-28,O
1302,2024-08-02,B
1302,2024-08-06,O
1302,2024-08-10,O
1302,2024-08-12,X
1302,2024-08-13,O
1302,2024-08-14,O
1302,2024-08-29,O
1302,2024-09-01,O
1302,2024-09-05,O
1302,2024-09-06,X
1302,2024-09-08,B
1304,2024-05-10,O
1304,2024-05-11,O
1304,2024-05-13,O
1304,2024-05-15,O
1304,2024-05-16,O
1304,2024-05-23,O
1304,2024-06-07,O
1304,2024-06-08,O
1304,2024-06-09,O
1304,2024-06-11,O
1304,2024-06-13,O
1304,2024-06-14,O
1304,2024-06-15,O
1305,2024-05-26,X
1305,2024-05-27,X
1305,2024-05-28,B
1305,2024-05-29,O
1305,2024-05-30,O
1305,2024-06-02,O
1305,2024-06-09,O
1305,2024-06-15,O
1305,2024-06-20,O
1305,2024-06-22,O
1305,2024-06-24,O
1305,2024-06-27,O
1305,2024-07-01,O
1305,2024-07-13,O
1305,2024-07-22,O
1305,2024-07-26,B
1305,2024-07-30,O
1305,2024-08-04,O
1305,2024-08-07,O
1305,2024-08-09,O
1305,2024-08-12,B
1305,2024-08-14,O
1307,2024-05-14,O
1307,2024-05-18,O
1307,2024-05-25,O
1307,2024-05-26,O
1307,2024-05-28,O
1307,2024-06-03,O
1307,2024-06-04,O
1307,2024-06-06,X
1307,2024-06-07,O
1307,2024-06-14,O
1307,2024-06-16,C
1307,2024-07-04,O
1307,2024-07-09,O
1307,2024-07-11,O
1307,2024-07-15,O
1307,2024-07-21,O
1307,2024-07-22,O
1307,2024-07-29,O
1307,2024-08-01,O
1307,2024-08-07,O
1307,2024-08-09,O
1307,2024-08-10,B
1307,2024-08-18,O
1307,2024-08-20,B
1307,2024-08-21,O
1307,2024-08-22,O
1307,2024-08-27,O
1307,2024-09-01,O
1307,2024-09-02,O
1307,2024-09-03,X
1307,2024-09-07,O
1307,2024-09-08,X
1307,2024-09-11,O
1307,2024-09-13,O
1307,2024-09-14,B
1307,2024-09-19,O
1307,2024-09-22,O
1307,2024-09-27,O
1308,2024-05-10,B
1308,2024-05-11,N
1308,2024-05-12,O
1308,2024-05-13,O
1308,2024-05-14,O
1308,2024-05-18,X
1308,2024-05-21,O
1308,2024-05-24,O
1308,2024-05-26,O
1308,2024-05-29,O
1308,2024-05-31,O
1308,2024-06-05,O
1308,2024-06-11,B
1308,2024-06-18,B
1308,2024-06-29,O
1308,2024-07-01,O
1308,2024-07-06,B
1308,2024-07-09,X
1308,2024-07-19,B
1308,2024-07-20,O
1308,2024-07-21,X
1308,2024-07-23,O
1308,2024-07-24,D
1308,2024-07-26,O
1308,2024-07-28,O
1310,2024-05-18,O
1310,2024-05-19,O
1310,2024-05-23,O
1310,2024-05-26,O
1310,2024-05-28,O
1310,2024-05-30,O
1310,2024-06-01,O
1310,2024-06-05,O
1310,2024-06-15,O
1310,2024-06-26,O
1310,2024-07-03,O
1310,2024-07-06,O
1310,2024-07-09,O
1310,2024-07-14,O
1310,2024-07-20,O
1310,2024-07-23,O
1310,2024-07-30,O
1310,2024-08-08,O
1311,2024-05-12,O
1311,2024-05-13,O
1311,2024-05-18,X
1311,2024-05-21,O
1311,2024-05-23,O
1311,2024-05-26,B
1311,2024-05-27,X
1311,2024-05-31,O
1311,2024-06-02,O
1311,2024-06-03,B
1311,2024-06-04,O
1311,2024-06-06,O
1311,2024-06-08,O
1311,2024-06-11,O
1311,2024-06-14,O
1311,2024-06-19,O
1311,2024-06-21,X
1311,2024-06-22,O
1311,2024-06-25,B
1311,2024-06-29,O
1311,2024-06-30,O
1311,2024-07-06,O
1311,2024-07-11,O
1311,2024-07-16,O
1311,2024-07-20,O
1311,2024-07-22,D
1311,2024-07-28,X
1311,2024-07-30,O
1311,2024-07-31,O
1311,2024-08-02,O
1311,2024-08-08,O
1311,2024-08-20,O
1311,2024-08-21,B
1311,2024-08-23,O
1311,2024-08-25,O
1311,2024-08-26,O
1311,2024-09-01,B
1311,2024-09-02,O
1311,2024-09-05,O
1311,2024-09-08,B
1311,2024-09-11,O
1311,2024-09-14,O
1312,2024-05-14,O
1312,2024-05-18,O
1312,2024-05-19,O
1312,2024-05-23,O
1312,2024-05-28,O
1312,2024-05-29,O
1312,2024-05-31,B
1312,2024-06-06,O
1312,2024-06-07,O
1312,2024-06-15,X
1312,2024-06-18,O
1312,2024-06-21,O
1312,2024-06-27,O
1313,2024-05-19,O
1313,2024-05-26,B
1313,2024-05-29,O
1313,2024-05-30,O
1313,2024-05-31,O
1313,2024-06-07,O
1313,2024-06-11,O
1313,2024-06-13,O
1313,2024-06-14,C
1313,2024-06-15,X
1313,2024-06-17,O
1313,2024-06-18,X
1313,2024-06-26,B
1313,2024-06-28,O
1313,2024-07-01,O
1313,2024-07-06,O
1313,2024-07-08,O
1313,2024-07-13,O
1313,2024-07-15,O
1313,2024-07-18,O
1313,2024-07-27,O
1313,2024-07-28,O
1313,2024-07-31,O
1313,2024-08-04,O
1313,2024-08-11,O
1313,2024-08-15,O
1313,2024-08-18,O
1313,2024-08-21,O
1313,2024-08-24,O
1313,2024-08-25,B
1313,2024-08-31,B
1313,2024-09-02,X
1313,2024-09-05,B
1313,2024-09-07,O
1313,2024-09-08,X
1313,2024-09-13,O
1316,2024-05-13,X
1316,2024-05-14,O
1316,2024-05-15,O
1316,2024-05-17,O
1316,2024-05-22,O
1316,2024-05-26,B
1316,2024-05-27,O
1316,2024-05-28,O
1316,2024-05-30,O
1316,2024-05-31,O
1316,2024-06-04,O
1316,2024-06-14,O
1316,2024-06-16,O
1316,2024-06-28,O
1316,2024-07-03,O
1316,2024-07-09,O
1316,2024-07-26,O
1316,2024-08-01,O
1317,2024-05-09,O
1317,2024-05-11,O
1317,2024-05-17,O
1317,2024-05-24,O
1317,2024-05-27,O
1317,2024-05-29,X
1317,2024-05-31,O
1317,2024-06-04,O
1317,2024-06-09,O
1317,2024-06-10,O
1317,2024-06-11,O
1317,2024-06-13,O
1317,2024-06-16,O
1317,2024-06-21,O
1317,2024-06-22,O
1320,2024-05-20,O
1320,2024-05-23,O
1320,2024-05-28,O
1320,2024-05-30,X
1320,2024-05-31,O
1320,2024-06-11,O
1320,2024-06-12,B
1320,2024-06-15,B
1320,2024-06-24,O
1320,2024-07-05,O
1320,2024-07-07,O
1320,2024-07-13,O
1320,2024-07-24,O
1320,2024-07-26,X
1320,2024-07-27,B
1320,2024-07-29,O
1320,2024-07-30,O
1320,2024-07-31,B
1320,2024-08-22,B
1320,2024-08-26,C
1320,2024-08-31,C
1320,2024-09-01,O
1320,2024-09-02,O
1320,2024-09-05,X
1320,2024-09-08,O
1320,2024-09-09,O
1320,2024-09-11,O
1320,2024-09-13,O
1320,2024-09-19,X
1320,2024-09-20,O
1320,2024-09-23,B
1320,2024-09-24,O
1321,2024-05-10,O
1321,2024-05-13,O
1321,2024-05-19,O
1321,2024-05-22,O
1321,2024-05-24,C
1321,2024-05-27,O
1321,2024-05-29,O
1321,2024-06-06,O
1321,2024-06-19,B
1321,2024-06-20,B
1321,2024-06-23,O
1321,2024-06-28,X
1322,2024-05-14,B
1322,2024-05-15,O
1322,2024-05-16,O
1322,2024-05-19,O
1322,2024-05-21,O
1322,2024-05-24,O
1322,2024-05-26,O
1322,2024-05-28,O
1322,2024-05-29,O
1322,2024-06-08,B
1322,2024-06-11,O
1322,2024-06-18,B
1322,2024-06-20,O
1322,2024-06-21,O
1322,2024-06-25,O
1322,2024-06-27,O
1322,2024-07-06,O
1322,2024-07-09,O
1322,2024-07-10,O
1322,2024-07-12,O
1322,2024-07-16,O
1322,2024-07-17,X
1322,2024-08-01,O
1322,2024-08-07,O
1322,2024-08-08,B
1323,2024-05-20,O
1323,2024-05-21,O
1323,2024-05-22,O
1323,2024-05-28,O
1323,2024-06-03,O
1323,2024-06-11,O
1323,2024-06-18,O
1323,2024-06-29,C
1323,2024-07-05,B
1323,2024-07-09,O
1323,2024-07-11,B
1323,2024-07-13,O
1323,2024-07-16,O
1323,2024-07-17,O
1323,2024-07-18,O
1323,2024-07-21,O
1323,2024-07-23,X
1323,2024-07-24,B
1323,2024-07-25,B
1323,2024-07-26,O
1323,2024-07-27,O
1323,2024-07-30,O
1323,2024-08-03,B
1323,2024-08-06,O
1323,2024-08-10,O
1323,2024-08-12,O
1323,2024-08-13,O
1323,2024-08-16,O
1323,2024-08-19,X
1323,2024-08-21,O
1323,2024-08-22,O
1324,2024-05-10,O
1324,2024-05-11,O
1324,2024-05-12,O
1324,2024-05-15,B
1324,2024-05-19,C
1324,2024-05-21,O
1324,2024-05-22,O
1324,2024-05-25,B
1324,2024-05-28,O
1324,2024-05-31,O
1324,2024-06-02,O
1324,2024-06-06,O
1324,2024-06-14,O
1324,2024-06-21,B
1324,2024-07-02,C
1324,2024-07-08,O
1324,2024-07-09,B
1324,2024-07-13,O
1324,2024-07-14,O
1324,2024-07-15,B
1324,2024-07-20,O
1324,2024-07-22,O
1324,2024-07-26,O
1324,2024-07-28,B
1324,2024-07-29,O
1324,2024-07-31,O
1324,2024-08-04,O
1324,2024-08-09,O
1324,2024-08-11,O
1324,2024-08-12,B
1324,2024-08-14,O
1325,2024-05-14,O
1325,2024-05-17,B
1325,2024-05-21,O
1325,2024-05-23,O
1325,2024-05-25,X
1325,2024-05-28,O
1325,2024-06-01,O
1325,2024-06-15,O
1325,2024-06-18,O
1325,2024-06-20,O
1325,2024-06-25,O
1325,2024-06-27,O
1325,2024-07-02,O
1325,2024-07-04,O
1325,2024-07-13,B
1326,2024-05-15,O
1326,2024-05-16,O
1326,2024-05-18,O
1326,2024-05-20,O
1326,2024-05-22,B
1326,2024-05-23,X
1326,2024-05-26,O
1326,2024-05-27,O
1326,2024-05-28,B
1326,2024-05-29,O
1326,2024-05-30,O
1326,2024-06-03,O
1326,2024-06-04,N
1326,2024-06-05,O
1326,2024-06-06,O
1326,2024-06-14,O
1326,2024-06-17,O
1326,2024-06-26,D
1326,2024-07-03,B
1326,2024-07-05,O
1326,2024-07-09,O
1326,2024-07-14,O
1327,2024-05-17,O
1327,2024-05-24,O
1327,2024-05-26,O
1327,2024-05-27,C
1327,2024-05-30,O
1327,2024-06-02,O
1327,2024-06-07,O
1327,2024-06-12,O
1328,2024-05-10,O
1328,2024-05-16,X
1328,2024-05-17,O
1328,2024-05-20,O
1328,2024-05-26,X
1328,2024-05-28,B
1328,2024-05-30,B
1328,2024-06-02,B
1328,2024-06-05,O
1328,2024-06-06,O
1328,2024-06-08,B
1328,2024-06-20,B
1328,2024-06-21,O
1328,2024-06-23,O
1328,2024-06-27,O
1328,2024-06-30,O
1328,2024-07-01,O
1328,2024-07-03,O
1328,2024-07-08,O
1328,2024-07-16,O
1328,2024-07-24,O
1328,2024-07-28,C
1328,2024-08-03,O
1328,2024-08-13,O
1328,2024-08-16,O
1328,2024-08-20,O
1328,2024-08-23,O
1330,2024-05-13,O
1330,2024-05-15,O
1330,2024-05-16,X
1330,2024-05-17,B
1330,2024-05-21,O
1330,2024-05-23,O
1330,2024-05-25,O
1330,2024-06-08,O
1330,2024-06-10,O
1330,2024-06-12,O
1330,2024-06-13,O
1330,2024-06-14,O
1330,2024-06-17,O
1330,2024-06-18,X
1330,2024-06-19,O
1330,2024-06-24,B
1330,2024-07-04,O
1330,2024-07-05,O
1330,2024-07-06,O
1330,2024-07-09,O
1330,2024-07-13,B
1330,2024-07-20,B
1330,2024-07-27,O
1330,2024-08-03,B
1330,2024-08-06,O
1330,2024-08-10,O
1330,2024-08-12,B
1330,2024-08-26,O
1330,2024-08-29,O
1331,2024-05-14,O
1331,2024-05-20,O
1331,2024-05-23,O
1331,2024-05-27,O
1331,2024-05-28,O
1331,2024-05-30,O
1331,2024-06-06,O
1331,2024-06-09,O
1331,2024-06-11,X
1331,2024-06-13,O
1331,2024-06-25,C
1331,2024-06-27,O
1331,2024-06-28,O
1331,2024-06-29,B
1331,2024-07-04,O
1331,2024-07-06,C
1331,2024-07-07,C
1331,2024-07-11,O
1331,2024-07-12,O
1331,2024-07-16,X
1331,2024-07-19,O
1331,2024-07-20,O
1331,2024-07-27,O
1331,2024-08-04,B
1331,2024-08-05,O
1331,2024-08-07,O
1331,2024-08-08,O
1331,2024-08-11,O
1331,2024-08-13,O
1333,2024-05-18,O
1333,2024-05-22,C
1333,2024-05-26,O
1333,2024-05-27,O
1333,2024-05-28,C
1333,2024-05-30,O
1333,2024-06-05,C
1333,2024-06-16,O
1333,2024-06-20,O
1333,2024-06-25,O
1334,2024-05-11,O
1334,2024-05-15,O
1334,2024-05-16,O
1334,2024-05-18,O
1334,2024-05-20,B
1334,2024-05-21,O
1334,2024-05-23,O
1334,2024-05-26,X
1334,2024-05-29,B
1334,2024-06-10,O
1334,2024-06-11,B
1334,2024-06-12,B
1334,2024-06-17,O
1335,2024-05-10,O
1335,2024-05-22,O
1335,2024-05-23,O
1335,2024-05-24,O
1335,2024-05-26,O
1335,2024-05-27,O
1335,2024-05-28,X
1335,2024-05-31,O
1335,2024-06-04,O
1335,2024-06-06,O
1335,2024-06-16,O
1335,2024-06-19,B
1335,2024-06-22,B
1335,2024-06-24,B
1335,2024-06-29,O
1335,2024-06-30,O
1335,2024-07-05,O
1335,2024-07-13,B
1335,2024-07-18,O
1335,2024-07-21,O
1335,2024-07-22,O
1336,2024-05-13,O
1336,2024-05-14,O
1336,2024-05-19,O
1336,2024-05-22,O
1336,2024-05-23,O
1336,2024-05-25,O
1336,2024-05-27,X
1336,2024-06-05,O
1336,2024-06-10,B
1336,2024-06-17,O
1336,2024-06-18,O
1336,2024-06-21,O
1336,2024-06-23,O
1336,2024-06-24,B
1336,2024-06-30,O
1336,2024-07-01,O
1336,2024-07-02,O
1336,2024-07-04,O
1336,2024-07-10,O
1336,2024-07-12,O
1336,2024-07-13,O
1336,2024-07-16,O
1336,2024-07-18,X
1336,2024-07-24,O
1336,2024-07-28,B
1336,2024-08-06,O
1336,2024-08-08,O
1336,2024-08-10,C
1336,2024-08-11,O
1336,2024-08-12,O
1336,2024-08-14,O
1336,2024-08-15,O
1336,2024-08-16,O
1336,2024-08-18,O
1336,2024-08-21,O
1336,2024-08-22,B
1336,2024-08-27,O
1336,2024-09-07,X
1336,2024-09-08,O
1336,2024-09-10,C
1336,2024-09-16,O
1336,2024-09-18,O
1336,2024-09-20,O
1336,2024-09-21,B
1337,2024-05-11,O
1337,2024-05-16,O
1337,2024-05-17,O
1337,2024-05-25,O
1337,2024-05-31,D
1337,2024-06-04,O
1337,2024-06-05,O
1337,2024-06-06,B
1337,2024-06-08,D
1337,2024-06-09,O
1337,2024-06-13,O
1337,2024-06-15,O
1337,2024-06-16,O
1337,2024-06-17,O
1337,2024-06-20,O
1337,2024-06-24,O
1337,2024-06-25,O
1337,2024-06-28,O
1337,2024-06-30,C
1337,2024-07-03,O
1337,2024-07-05,O
1337,2024-07-08,O
1337,2024-07-24,O
1337,2024-07-31,B
1337,2024-08-02,B
1338,2024-05-12,O
1338,2024-05-13,O
1338,2024-05-16,O
1338,2024-05-18,B
1338,2024-05-24,O
1338,2024-05-27,B
1338,2024-05-29,O
1338,2024-06-02,O
1338,2024-06-03,O
1338,2024-06-05,O
1338,2024-06-06,O
1338,2024-06-07,O
1338,2024-06-08,O
1338,2024-06-11,X
1338,2024-06-12,O
1338,2024-06-13,O
1338,2024-06-20,O
1338,2024-06-21,B
1338,2024-07-09,O
1338,2024-07-11,O
1338,2024-07-13,O
1338,2024-07-17,O
1338,2024-07-21,O
1338,2024-07-24,C
1338,2024-07-27,O
1338,2024-07-28,O
1338,2024-08-04,O
1338,2024-08-07,O
1338,2024-08-11,X
1338,2024-08-13,O
1338,2024-08-15,O
1338,2024-08-17,O
1338,2024-08-20,O
1338,2024-08-22,O
1338,2024-09-06,O
1338,2024-09-07,O
1339,2024-05-15,O
1339,2024-05-19,O
1339,2024-05-21,O
1339,2024-05-25,O
1339,2024-05-26,O
1339,2024-05-27,O
1339,2024-05-30,B
1339,2024-05-31,O
1339,2024-06-01,O
1339,2024-06-13,O
1339,2024-06-15,O
1339,2024-06-16,O
1339,2024-06-24,X
1339,2024-06-25,O
1339,2024-06-30,O
1339,2024-07-02,B
1339,2024-07-03,O
1339,2024-07-06,O
1339,2024-07-07,O
1339,2024-07-11,O
1339,2024-07-17,O
1339,2024-07-25,O
1339,2024-07-27,O
1339,2024-07-28,B
1339,2024-08-02,O
1339,2024-08-03,O
1339,2024-08-15,O
1339,2024-08-21,X
1339,2024-08-25,O
1339,2024-08-30,O
1339,2024-09-01,O
1339,2024-09-03,X
1339,2024-09-09,O
1339,2024-09-15,O
1339,2024-09-17,C
1339,2024-09-20,O
1339,2024-09-24,B
1339,2024-09-25,C
1339,2024-09-29,O
1340,2024-05-17,O
1340,2024-05-19,O
1340,2024-05-21,O
1340,2024-05-22,B
1340,2024-05-26,O
1340,2024-05-27,O
1340,2024-05-28,O
1340,2024-05-31,O
1340,2024-06-06,O
1340,2024-06-07,B
1340,2024-06-10,O
1340,2024-06-20,O
1340,2024-06-27,O
1340,2024-07-02,O
1340,2024-07-06,O
1340,2024-07-07,O
1340,2024-07-08,B
1340,2024-07-11,O
1340,2024-07-18,B
1340,2024-07-22,O
1340,2024-07-25,O
1340,2024-07-28,B
1340,2024-08-06,O
1340,2024-08-07,O
1340,2024-08-09,O
1340,2024-08-10,B
1340,2024-08-11,O
1342,2024-05-16,O
1342,2024-05-22,X
1342,2024-05-25,O
1342,2024-05-28,O
1342,2024-05-30,O
1342,2024-05-31,O
1342,2024-06-01,O
1342,2024-06-02,C
1342,2024-06-05,O
1342,2024-06-06,B
1342,2024-06-08,B
1342,2024-06-10,O
1342,2024-06-13,B
1342,2024-06-15,O
1342,2024-06-21,O
1342,2024-06-22,O
1342,2024-06-27,O
1342,2024-06-28,O
1342,2024-06-29,O
1342,2024-07-02,O
1342,2024-07-05,X
1342,2024-07-06,O
1342,2024-07-07,O
1342,2024-07-08,O
1342,2024-07-09,O
1342,2024-07-14,O
1342,2024-07-16,B
1342,2024-07-20,O
1342,2024-07-23,C
1342,2024-07-28,O
1342,2024-08-03,O
1342,2024-08-04,O
1342,2024-08-06,O
1342,2024-08-08,O
1342,2024-08-09,O
1342,2024-08-11,O
1342,2024-08-27,B
1343,2024-05-23,O
1343,2024-05-26,O
1343,2024-05-29,O
1343,2024-06-04,O
1343,2024-06-05,O
1343,2024-06-06,O
1343,2024-06-10,O
1343,2024-06-11,B
1343,2024-06-15,O
1343,2024-06-21,O
1343,2024-06-25,O
1343,2024-07-03,O
1343,2024-07-09,B
1343,2024-07-13,B
1343,2024-07-21,O
1343,2024-07-22,O
1343,2024-07-25,O
1343,2024-07-26,O
1343,2024-07-27,O
1343,2024-07-30,O
1343,2024-08-02,O
1343,2024-08-03,O
1343,2024-08-05,O
1343,2024-08-06,D
1343,2024-08-07,B
1343,2024-08-08,O
1344,2024-05-19,O
1344,2024-05-20,O
1344,2024-05-21,O
1344,2024-05-23,O
1344,2024-05-25,O
1344,2024-05-26,O
1344,2024-05-27,O
1344,2024-05-29,O
1344,2024-05-30,O
1344,2024-05-31,O
1344,2024-06-01,O
1344,2024-06-14,B
1344,2024-06-15,O
1344,2024-06-19,O
1344,2024-06-20,O
1344,2024-06-22,O
1344,2024-06-23,O
1344,2024-06-24,O
1344,2024-06-25,O
1344,2024-06-26,C
1344,2024-06-30,O
1344,2024-07-02,O
1344,2024-07-03,O
1344,2024-07-04,O
1344,2024-07-07,X
1344,2024-07-12,O
1344,2024-07-16,B
1344,2024-07-25,X
1344,2024-07-31,B
1344,2024-08-08,O
1344,2024-08-09,O
1345,2024-05-14,X
1345,2024-05-15,O
1345,2024-05-17,O
1345,2024-05-20,O
1345,2024-05-22,O
1345,2024-05-24,O
1345,2024-05-25,B
1345,2024-06-06,O
1345,2024-06-08,B
1345,2024-06-09,D
1345,2024-06-10,O
1345,2024-06-27,O
1345,2024-06-29,O
1345,2024-07-01,O
1345,2024-07-03,O
1345,2024-07-05,O
1345,2024-07-07,X
1345,2024-07-09,O
1345,2024-07-16,O
1345,2024-07-22,O
1345,2024-07-23,O
1345,2024-07-26,O
1345,2024-08-02,O
1345,2024-08-03,O
1345,2024-08-05,O
1345,2024-08-06,O
1345,2024-08-11,O
1345,2024-08-15,O
1345,2024-08-20,O
1346,2024-05-15,O
1346,2024-05-19,O
1346,2024-05-21,O
1346,2024-05-22,O
1346,2024-05-25,X
1346,2024-05-27,O
1346,2024-05-28,C
1346,2024-06-01,O
1346,2024-06-05,O
1346,2024-06-10,O
1346,2024-06-17,D
1346,2024-06-18,O
1346,2024-06-21,O
1346,2024-06-23,O
1346,2024-06-24,O
1346,2024-06-30,O
1346,2024-07-01,O
1346,2024-07-09,O
1346,2024-07-11,O
1346,2024-07-13,O
1346,2024-07-16,O
1346,2024-07-21,X
1346,2024-07-25,O
1346,2024-07-27,O
1346,2024-08-04,O
1346,2024-08-06,O
1346,2024-08-08,O
1346,2024-08-12,O
1346,2024-08-14,O
1346,2024-08-19,O
1346,2024-08-22,O
1346,2024-08-24,O
1346,2024-08-25,O
1346,2024-08-26,O
1346,2024-09-03,O
1346,2024-09-05,O
1346,2024-09-07,O
1346,2024-09-10,B
1346,2024-09-15,O
1346,2024-09-17,O
1346,2024-09-19,O
1346,2024-09-20,O
1346,2024-09-22,B
1346,2024-09-23,B
1346,2024-09-26,B
1346,2024-09-28,O
1348,2024-05-14,O
1348,2024-05-17,O
1348,2024-05-18,O
1348,2024-05-19,O
1348,2024-05-20,O
1348,2024-05-25,C
1348,2024-05-28,X
1348,2024-05-31,B
1348,2024-06-02,O
1348,2024-06-05,O
1348,2024-06-06,O
1348,2024-06-08,N
1348,2024-06-10,O
1348,2024-06-12,O
1348,2024-06-15,X
1348,2024-06-18,O
1348,2024-06-19,O
1348,2024-06-21,O
1348,2024-06-24,O
1348,2024-06-26,O
1348,2024-06-27,O
1348,2024-06-28,O
1348,2024-07-06,O
1349,2024-05-15,O
1349,2024-05-16,B
1349,2024-05-17,N
1349,2024-05-19,O
1349,2024-05-28,O
1349,2024-05-30,O
1349,2024-06-03,O
1349,2024-06-04,O
1349,2024-06-15,O
1349,2024-06-20,O
1349,2024-07-04,O
1349,2024-07-06,O
1349,2024-07-10,O
1349,2024-07-11,O
1349,2024-07-12,O
1349,2024-07-18,O
1349,2024-07-20,C
1349,2024-07-21,X
1349,2024-07-22,O
1349,2024-07-26,O
1349,2024-07-27,O
1349,2024-07-28,X
1349,2024-07-31,O
1350,2024-05-12,O
1350,2024-05-14,X
1350,2024-05-17,O
1350,2024-05-18,B
1350,2024-05-19,O
1350,2024-05-26,O
1350,2024-05-27,O
1350,2024-05-28,B
1350,2024-05-29,O
1350,2024-05-30,O
1350,2024-06-04,B
1350,2024-06-05,X
1350,2024-06-12,O
1350,2024-06-14,O
1350,2024-06-21,O
1350,2024-06-28,O
1350,2024-07-01,O
1350,2024-07-07,X
1350,2024-07-10,O
1350,2024-07-12,O
1350,2024-07-13,O
1350,2024-07-16,B
1350,2024-07-17,O
1350,2024-07-18,N
1350,2024-07-21,B
1350,2024-07-23,O
1351,2024-05-14,O
1351,2024-05-15,O
1351,2024-05-16,O
1351,2024-05-17,O
1351,2024-05-20,O
1351,2024-05-27,O
1351,2024-05-28,C
1351,2024-06-02,O
1351,2024-06-10,O
1351,2024-06-11,O
1351,2024-06-17,O
1351,2024-06-27,D
1351,2024-06-28,O
1351,2024-06-29,O
1351,2024-07-02,O
1351,2024-07-13,O
1351,2024-07-18,B
1351,2024-07-27,O
1351,2024-07-29,O
1351,2024-08-04,O
1351,2024-08-14,B
1351,2024-08-15,O
1351,2024-08-28,X
1351,2024-08-29,O
1352,2024-05-17,O
1352,2024-05-18,O
1352,2024-05-21,O
1352,2024-05-24,O
1352,2024-05-26,O
1352,2024-05-27,O
1352,2024-05-29,O
1352,2024-05-31,O
1352,2024-06-03,X
1352,2024-06-05,O
1352,2024-06-12,O
1352,2024-06-13,B
1352,2024-06-14,O
1352,2024-06-17,O
1352,2024-06-20,O
1352,2024-06-25,O
1352,2024-06-29,O
1352,2024-07-03,O
1352,2024-07-05,C
1353,2024-05-09,O
1353,2024-05-10,O
1353,2024-05-13,O
1353,2024-05-14,O
1353,2024-05-17,O
1353,2024-05-18,O
1353,2024-05-20,O
1353,2024-05-25,O
1353,2024-05-27,O
1353,2024-05-30,O
1353,2024-06-03,O
1353,2024-06-06,O
1353,2024-06-07,O
1353,2024-06-08,O
1353,2024-06-09,X
1353,2024-06-29,B
1353,2024-06-30,O
1353,2024-07-02,X
1353,2024-07-06,B
1353,2024-07-07,O
1353,2024-07-08,B
1353,2024-07-09,O
1353,2024-07-16,O
1353,2024-07-17,O
1353,2024-07-21,O
1353,2024-07-27,C
1353,2024-07-28,O
1353,2024-07-31,O
1353,2024-08-01,B
1353,2024-08-03,O
1353,2024-08-04,O
1353,2024-08-05,B
1353,2024-08-16,B
1354,2024-05-14,B
1354,2024-05-17,O
1354,2024-05-18,O
1354,2024-05-19,O
1354,2024-05-23,O
1354,2024-05-25,O
1354,2024-06-03,O
1354,2024-06-04,O
1354,2024-06-10,O
1354,2024-06-12,O
1354,2024-06-14,O
1354,2024-06-15,O
1354,2024-06-23,O
1354,2024-07-08,B
1354,2024-07-10,O
1354,2024-07-11,O
1354,2024-07-20,O
1354,2024-07-26,O
1354,2024-07-27,O
1354,2024-07-30,C
1354,2024-08-01,O
1354,2024-08-02,O
1355,2024-05-16,C
1355,2024-05-24,O
1355,2024-05-26,O
1355,2024-05-29,O
1355,2024-06-03,O
1355,2024-06-11,O
1355,2024-06-12,X
1355,2024-06-16,O
1355,2024-06-21,O
1355,2024-06-24,O
1355,2024-06-28,O
1355,2024-06-29,O
1355,2024-07-02,O
1355,2024-07-11,O
1355,2024-07-12,O
1355,2024-07-14,O
1355,2024-07-15,O
1355,2024-07-20,B
1355,2024-07-22,O
1355,2024-07-25,O
1355,2024-07-26,O
1355,2024-08-01,X
1355,2024-08-04,O
1355,2024-08-06,B
1356,2024-05-11,O
1356,2024-05-14,O
1356,2024-05-17,O
1356,2024-05-18,O
1356,2024-05-23,O
1356,2024-05-25,X
1356,2024-05-26,O
1356,2024-05-28,O
1356,2024-05-29,O
1356,2024-06-07,O
1356,2024-06-08,O
1356,2024-06-09,O
1356,2024-06-10,O
1356,2024-06-11,O
1356,2024-06-12,O
1356,2024-06-14,C
1356,2024-07-02,N
1356,2024-07-04,O
1356,2024-07-05,O
1356,2024-07-13,O
1357,2024-05-11,X
1357,2024-05-12,C
1357,2024-05-14,O
1357,2024-05-17,O
1357,2024-05-24,O
1357,2024-05-26,C
1357,2024-05-27,C
1357,2024-06-12,O
1357,2024-06-17,O
1358,2024-05-16,X
1358,2024-05-17,O
1358,2024-05-18,C
1358,2024-05-20,C
1358,2024-05-22,O
1358,2024-05-26,O
1358,2024-05-29,O
1358,2024-05-31,O
1358,2024-06-02,C
1358,2024-06-09,O
1358,2024-06-10,O
1358,2024-06-17,O
1358,2024-06-21,O
1358,2024-06-24,O
1358,2024-07-03,B
1358,2024-07-04,B
1358,2024-07-10,O
1358,2024-07-11,X
1358,2024-07-13,B
1358,2024-07-15,C
1358,2024-07-17,O
1358,2024-07-19,O
1358,2024-07-22,O
1358,2024-07-25,O
1358,2024-07-27,B
1358,2024-07-29,O
1358,2024-07-31,B
1358,2024-08-05,O
1358,2024-08-08,O
1358,2024-08-22,X
1358,2024-08-30,O
1358,2024-09-07,C
1358,2024-09-09,B
1358,2024-09-13,B
1358,2024-09-14,B
1358,2024-09-23,C
1358,2024-09-28,B
1358,2024-09-29,B
1358,2024-09-30,O
1359,2024-05-18,O
1359,2024-05-20,O
1359,2024-05-21,O
1359,2024-05-23,O
1359,2024-05-26,O
1359,2024-05-29,D
1359,2024-06-02,B
1359,2024-06-03,O
1359,2024-06-04,O
1359,2024-06-06,O
1359,2024-06-08,O
1359,2024-06-20,X
1359,2024-06-23,O
1359,2024-06-24,O
1359,2024-06-30,O
1359,2024-07-01,O
1359,2024-07-03,O
1359,2024-07-07,O
1359,2024-07-08,O
1359,2024-07-09,O
1359,2024-07-15,O
1359,2024-07-18,O
1359,2024-08-03,O
1359,2024-08-04,O
1359,2024-08-06,O
1359,2024-08-09,O
1359,2024-08-21,N
1359,2024-08-23,B
1359,2024-08-25,O
1359,2024-08-26,B
1359,2024-08-28,X
1359,2024-08-29,O
1359,2024-09-08,O
1359,2024-09-11,O
1359,2024-09-13,O
1359,2024-09-16,O
1360,2024-05-10,O
1360,2024-05-11,O
1360,2024-05-15,X
1360,2024-05-16,O
1360,2024-05-19,O
1360,2024-05-20,B
1360,2024-05-23,O
1360,2024-05-25,O
1360,2024-05-30,O
1360,2024-06-01,O
1360,2024-06-04,O
1360,2024-06-07,B
1360,2024-06-21,B
1360,2024-07-01,O
1360,2024-07-04,O
1360,2024-07-06,B
1360,2024-07-08,O
1360,2024-07-10,O
1360,2024-07-12,O
1360,2024-07-27,C
1360,2024-08-03,B
1361,2024-05-10,B
1361,2024-05-12,O
1361,2024-05-15,O
1361,2024-05-19,O
1361,2024-05-22,O
1361,2024-05-23,O
1361,2024-05-24,O
1361,2024-05-25,O
1361,2024-05-26,O
1361,2024-05-27,O
1361,2024-05-28,O
1361,2024-05-30,O
1361,2024-06-02,O
1361,2024-06-10,O
1361,2024-06-12,B
1361,2024-06-18,O
1361,2024-06-20,O
1361,2024-07-14,B
1361,2024-07-19,O
1361,2024-07-20,O
1361,2024-07-22,O
1361,2024-07-25,O
1361,2024-07-26,O
1361,2024-08-05,O
1361,2024-08-09,O
1361,2024-08-11,B
1361,2024-08-13,O
1361,2024-08-15,O
1361,2024-08-16,O
1361,2024-08-19,O
1361,2024-08-21,O
1361,2024-08-22,O
1362,2024-05-24,O
1362,2024-05-30,B
1362,2024-06-03,O
1362,2024-06-16,B
1363,2024-05-20,O
1363,2024-05-22,O
1363,2024-05-26,O
1363,2024-05-30,B
1363,2024-06-02,O
1363,2024-06-04,X
1363,2024-06-05,B
1363,2024-06-06,O
1363,2024-06-19,O
1363,2024-06-20,O
1363,2024-06-22,O
1363,2024-06-25,O
1363,2024-06-26,O
1363,2024-07-03,O
1363,2024-07-18,O
1363,2024-07-19,O
1363,2024-07-28,B
1363,2024-07-31,O
1363,2024-08-03,O
1363,2024-08-04,O
1363,2024-08-05,C
1367,2024-05-15,O
1367,2024-05-18,B
1367,2024-05-20,O
1367,2024-05-24,B
1367,2024-05-27,O
1367,2024-05-28,O
1367,2024-05-29,O
1367,2024-06-02,O
1367,2024-06-08,B
1367,2024-06-09,O
1367,2024-06-14,O
1367,2024-06-15,B
1367,2024-06-23,O
1367,2024-07-22,B
1367,2024-07-27,O
1367,2024-07-28,C
1367,2024-07-31,B
1367,2024-08-20,O
1367,2024-08-22,O
1367,2024-08-23,O
1367,2024-08-25,O
1367,2024-08-27,O
1367,2024-08-28,O
1367,2024-08-30,O
1367,2024-08-31,O
1367,2024-09-02,B
1367,2024-09-11,N
1367,2024-09-16,O
1367,2024-09-17,O
1367,2024-09-19,D
1368,2024-05-15,O
1368,2024-05-16,C
1368,2024-05-18,O
1368,2024-05-19,O
1368,2024-05-20,O
1368,2024-05-22,O
1368,2024-05-27,O
1368,2024-05-31,O
1368,2024-06-02,O
1368,2024-06-12,O
1368,2024-06-17,O
1368,2024-06-18,O
1368,2024-06-20,O
1368,2024-06-26,O
1368,2024-07-01,O
1368,2024-07-06,O
1368,2024-07-07,O
1368,2024-07-10,O
1368,2024-07-11,O
1368,2024-07-18,O
1368,2024-07-26,B
1368,2024-07-30,O
1368,2024-08-07,X
1368,2024-08-09,O
1368,2024-08-11,O
1368,2024-08-23,O
1368,2024-08-27,O
1368,2024-08-29,O
1369,2024-05-17,D
1369,2024-05-21,O
1369,2024-05-22,B
1369,2024-05-26,O
1369,2024-05-27,O
1369,2024-05-29,N
1369,2024-05-30,O
1369,2024-06-01,O
1369,2024-06-04,O
1369,2024-06-05,O
1369,2024-06-10,O
1369,2024-06-11,O
1369,2024-06-12,O
1369,2024-06-21,O
1369,2024-06-23,B
1369,2024-06-29,O
1369,2024-07-03,O
1369,2024-07-06,O
1369,2024-07-07,O
1369,2024-07-17,O
1369,2024-07-22,O
1369,2024-07-25,O
1369,2024-07-28,O
1369,2024-07-29,O
1369,2024-08-09,O
1369,2024-08-11,O
1369,2024-08-20,D
1369,2024-08-23,O
1369,2024-09-01,B
1369,2024-09-02,O
1369,2024-09-03,O
1369,2024-09-08,O
1369,2024-09-10,O
1370,2024-05-19,O
1370,2024-05-22,O
1370,2024-05-25,O
1370,2024-05-26,O
1370,2024-05-29,O
1370,2024-05-31,O
1370,2024-06-01,O
1370,2024-06-02,O
1370,2024-06-04,O
1370,2024-06-06,O
1370,2024-06-11,O
1370,2024-06-14,C
1370,2024-06-16,D
1370,2024-06-18,O
1370,2024-06-20,B
1370,2024-06-22,O
1370,2024-06-23,O
1370,2024-06-29,O
1370,2024-07-08,O
1370,2024-07-18,B
1370,2024-07-19,B
1370,2024-07-20,B
1370,2024-07-21,O
1370,2024-07-28,O
1370,2024-08-04,O
1370,2024-08-13,D
1370,2024-08-18,O
1370,2024-08-20,D
1370,2024-08-24,O
1370,2024-08-27,O
1370,2024-08-28,O
1370,2024-09-03,O
1370,2024-09-05,X
1370,2024-09-07,O
1370,2024-09-08,X
1370,2024-09-09,X
1370,2024-09-12,O
1370,2024-09-20,O
1371,2024-05-21,O
1371,2024-05-22,N
1371,2024-05-28,O
1371,2024-06-01,O
1371,2024-06-12,O
1371,2024-06-13,O
1371,2024-06-15,O
1371,2024-06-22,X
1371,2024-06-25,O
1371,2024-07-06,C
1371,2024-07-07,B
1371,2024-07-12,O
1371,2024-07-14,O
1371,2024-07-15,O
1371,2024-07-16,O
1371,2024-07-18,O
1371,2024-07-20,O
1371,2024-07-22,O
1371,2024-07-24,O
1371,2024-07-29,O
1371,2024-07-30,O
1371,2024-08-03,O
1371,2024-08-05,O
1371,2024-08-06,O
1371,2024-08-12,O
1371,2024-08-15,O
1372,2024-05-30,O
1372,2024-05-31,O
1372,2024-06-03,B
1372,2024-06-06,O
1372,2024-06-07,N
1372,2024-06-16,O
1372,2024-06-17,B
1372,2024-06-21,O
1372,2024-06-24,O
1372,2024-06-25,O
1372,2024-07-01,O
1372,2024-07-17,O
1372,2024-07-18,O
1373,2024-05-13,O
1373,2024-05-14,D
1373,2024-05-15,O
1373,2024-05-18,O
1373,2024-05-21,O
1373,2024-05-22,O
1373,2024-05-23,O
1373,2024-05-25,O
1373,2024-05-28,X
1373,2024-05-29,O
1373,2024-05-30,C
1373,2024-06-03,O
1373,2024-06-04,O
1373,2024-06-10,B
1373,2024-06-14,O
1373,2024-06-15,O
1373,2024-06-20,O
1373,2024-06-21,B
1373,2024-06-26,B
1373,2024-06-27,O
1373,2024-06-30,O
1373,2024-07-05,O
1373,2024-07-11,B
1373,2024-07-16,D
1373,2024-07-17,O
1373,2024-07-23,B
1373,2024-07-27,X
1373,2024-07-29,B
1373,2024-08-02,O
1373,2024-08-03,B
1373,2024-08-04,X
1373,2024-08-08,O
1373,2024-08-22,O
1374,2024-05-11,O
1374,2024-05-13,O
1374,2024-05-18,O
1374,2024-05-19,O
1374,2024-05-20,O
1374,2024-05-21,O
1374,2024-05-22,O
1374,2024-05-23,O
1374,2024-05-26,O
1374,2024-05-28,O
1374,2024-05-29,O
1374,2024-06-07,O
1374,2024-06-12,O
1374,2024-06-16,C
1374,2024-06-17,O
1374,2024-06-19,B
1374,2024-06-20,O
1374,2024-06-24,O
1374,2024-06-27,X
1375,2024-05-19,O
1375,2024-05-20,O
1375,2024-05-21,O
1375,2024-05-24,O
1375,2024-06-01,O
1375,2024-06-03,O
1375,2024-06-07,O
1375,2024-06-11,B
1375,2024-06-17,O
1375,2024-06-21,O
1375,2024-06-23,B
1376,2024-05-14,O
1376,2024-05-15,C
1376,2024-05-17,O
1376,2024-05-21,O
1376,2024-05-24,O
1376,2024-05-26,B
1376,2024-05-27,O
1376,2024-05-29,O
1376,2024-06-04,O
1376,2024-06-05,O
1376,2024-06-15,O
1376,2024-06-16,C
1376,2024-06-17,B
1376,2024-06-19,O
1376,2024-06-25,O
1376,2024-06-30,O
1376,2024-07-02,O
1376,2024-07-10,O
1376,2024-07-12,O
1376,2024-07-15,O
1376,2024-07-19,B
1376,2024-07-21,O
1376,2024-08-02,X
1376,2024-08-04,O
1376,2024-08-06,O
1376,2024-08-08,O
1376,2024-08-11,B
1376,2024-08-12,O
1377,2024-05-08,O
1377,2024-05-09,O
1377,2024-05-10,O
1377,2024-05-11,O
1377,2024-05-12,O
1377,2024-05-21,O
1377,2024-05-23,O
1377,2024-05-25,O
1377,2024-05-28,O
1377,2024-05-29,O
1377,2024-05-31,B
1377,2024-06-01,O
1377,2024-06-02,O
1377,2024-06-07,B
1377,2024-06-15,O
1377,2024-06-23,O
1377,2024-06-25,O
1377,2024-06-26,O
1377,2024-07-06,O
1377,2024-07-07,O
1377,2024-07-09,C
1377,2024-07-10,O
1377,2024-07-26,O
1377,2024-07-28,O
1377,2024-08-02,B
1377,2024-08-06,O
1377,2024-08-13,O
1377,2024-08-28,O
1377,2024-08-29,O
1377,2024-09-05,B
1377,2024-09-06,O
1377,2024-09-07,O
1377,2024-09-12,B
1377,2024-09-19,D
1377,2024-09-28,O
1377,2024-09-29,X
1380,2024-05-15,O
1380,2024-05-21,O
1380,2024-05-22,O
1380,2024-05-26,B
1380,2024-05-27,X
1380,2024-05-28,O
1380,2024-06-02,O
1380,2024-06-04,O
1380,2024-06-15,X
1380,2024-06-16,O
1380,2024-06-17,O
1380,2024-06-23,O
1380,2024-06-26,O
1380,2024-06-28,O
1380,2024-07-09,B
1380,2024-07-11,O
1380,2024-07-13,B
1380,2024-07-17,B
1381,2024-05-16,O
1381,2024-05-20,X
1381,2024-05-22,O
1381,2024-05-24,O
1381,2024-05-26,O
1381,2024-05-27,B
1381,2024-06-04,O
1381,2024-06-09,O
1381,2024-06-17,O
1381,2024-06-20,O
1381,2024-06-21,O
1381,2024-06-26,O
1381,2024-06-29,O
1381,2024-07-01,O
1381,2024-07-07,O
1381,2024-07-11,O
1381,2024-07-13,B
1381,2024-07-14,O
1381,2024-07-15,O
1381,2024-07-17,O
1381,2024-07-23,O
1381,2024-07-24,O
1381,2024-07-29,O
1381,2024-08-05,O
1381,2024-08-08,O
1381,2024-08-24,X
1381,2024-08-27,O
1381,2024-08-30,C
1381,2024-09-02,B
1381,2024-09-04,X
1381,2024-09-05,B
1381,2024-09-07,B
1381,2024-09-08,O
1381,2024-09-09,B
1382,2024-05-10,O
1382,2024-05-11,X
1382,2024-05-14,O
1382,2024-05-16,O
1382,2024-05-23,O
1382,2024-05-26,C
1382,2024-05-29,O
1382,2024-06-04,O
1382,2024-06-07,O
1382,2024-06-10,O
1382,2024-06-13,O
1382,2024-06-16,B
1382,2024-06-19,O
1382,2024-06-22,O
1382,2024-06-23,O
1382,2024-06-28,O
1382,2024-06-29,O
1382,2024-06-30,O
1382,2024-07-02,X
1382,2024-07-04,O
1382,2024-07-17,O
1382,2024-07-18,O
1382,2024-07-19,O
1382,2024-07-20,O
1382,2024-07-25,O
1382,2024-07-29,O
1382,2024-08-04,O
1382,2024-08-08,O
1382,2024-08-12,O
1382,2024-08-13,O
1382,2024-08-17,O
1382,2024-08-18,O
1382,2024-08-19,O
1382,2024-08-20,O
1382,2024-08-25,X
1382,2024-08-30,O
1382,2024-09-04,O
1382,2024-09-05,C
1382,2024-09-12,C
1383,2024-05-10,O
1383,2024-05-14,O
1383,2024-05-19,B
1383,2024-05-22,O
1383,2024-05-24,C
1383,2024-05-25,O
1383,2024-05-27,O
1383,2024-05-28,O
1383,2024-05-29,O
1383,2024-06-06,B
1383,2024-06-09,B
1383,2024-06-10,X
1383,2024-06-15,O
1383,2024-06-23,O
1383,2024-06-24,O
1383,2024-07-01,D
1383,2024-07-13,D
1384,2024-05-18,O
1384,2024-05-19,O
1384,2024-05-21,O
1384,2024-05-23,C
1384,2024-05-24,O
1384,2024-05-25,B
1384,2024-05-27,O
1384,2024-05-28,O
1384,2024-05-31,O
1384,2024-06-02,O
1384,2024-06-03,O
1384,2024-06-04,O
1384,2024-06-13,B
1384,2024-06-14,O
1384,2024-06-19,O
1384,2024-06-23,B
1384,2024-07-01,O
1384,2024-07-12,X
1384,2024-07-13,B
1384,2024-07-14,O
1386,2024-05-18,O
1386,2024-05-21,O
1386,2024-05-27,O
1386,2024-06-06,O
1386,2024-06-08,B
1386,2024-06-20,B
1386,2024-06-29,O
1386,2024-07-03,O
1386,2024-07-05,O
1386,2024-07-06,O
1386,2024-07-15,X
1386,2024-07-16,O
1386,2024-07-17,O
1386,2024-07-18,O
1386,2024-07-23,O
1386,2024-07-25,B
1386,2024-08-02,B
1386,2024-08-07,O
1386,2024-08-13,O
1387,2024-05-13,B
1387,2024-05-18,O
1387,2024-05-23,O
1387,2024-06-27,X
1387,2024-06-29,O
1387,2024-07-09,B
1387,2024-07-15,O
1387,2024-07-16,O
1387,2024-07-23,O
1387,2024-07-25,O
1387,2024-07-28,O
1387,2024-08-09,O
1387,2024-08-11,O
1387,2024-08-15,C
1387,2024-08-17,B
1387,2024-08-24,O
1387,2024-09-05,O
1387,2024-09-08,O
1387,2024-09-09,O
1387,2024-09-14,O
1387,2024-09-19,B
1388,2024-05-12,O
1388,2024-05-13,O
1388,2024-05-14,O
1388,2024-05-15,O
1388,2024-05-16,O
1388,2024-05-20,O
1388,2024-05-21,O
1388,2024-05-22,O
1388,2024-05-29,O
1388,2024-06-06,O
1388,2024-06-15,B
1388,2024-06-21,O
1388,2024-06-22,C
1388,2024-07-04,O
1388,2024-07-06,O
1388,2024-07-08,O
1388,2024-07-10,O
1390,2024-05-16,O
1390,2024-05-18,O
1390,2024-05-20,O
1390,2024-05-31,O
1390,2024-06-01,B
1390,2024-06-04,O
1390,2024-06-07,O
1390,2024-06-09,O
1390,2024-06-10,O
1390,2024-06-11,O
1390,2024-06-12,O
1390,2024-06-15,O
1390,2024-06-19,B
1390,2024-06-22,O
1390,2024-06-25,O
1390,2024-06-27,O
1390,2024-07-07,O
1390,2024-07-09,O
1390,2024-07-10,O
1390,2024-07-18,O
1390,2024-07-22,O
1390,2024-07-23,B
1390,2024-08-01,O
1390,2024-08-08,B
1390,2024-08-10,O
1390,2024-08-16,O
1390,2024-08-19,O
1391,2024-05-14,O
1391,2024-05-17,O
1391,2024-05-19,O
1391,2024-05-24,O
1391,2024-05-28,O
1391,2024-06-03,O
1391,2024-06-07,B
1391,2024-06-10,B
1391,2024-06-17,O
1391,2024-06-19,O
1391,2024-06-21,O
1391,2024-06-24,O
1391,2024-06-25,O
1391,2024-06-26,O
1391,2024-06-28,O
1391,2024-06-29,O
1391,2024-06-30,B
1391,2024-07-03,O
1391,2024-07-05,O
1391,2024-07-06,O
1391,2024-07-08,O
1391,2024-07-18,O
1391,2024-07-21,O
1391,2024-07-22,B
1391,2024-07-23,O
1391,2024-08-02,O
1391,2024-08-06,O
1391,2024-08-07,O
1391,2024-08-09,B
1391,2024-08-11,B
1391,2024-08-12,B
1391,2024-08-15,B
1391,2024-08-16,O
1391,2024-08-20,O
1391,2024-08-21,O
1391,2024-08-25,X
1391,2024-08-27,O
1391,2024-08-29,O
1391,2024-09-04,B
1391,2024-09-07,O
1391,2024-09-09,O
1391,2024-09-10,C
1391,2024-09-12,O
1391,2024-09-14,O
1391,2024-09-15,O
1391,2024-09-16,O
1392,2024-05-11,O
1392,2024-05-13,O
1392,2024-05-14,B
1392,2024-05-15,B
1392,2024-05-17,D
1392,2024-05-19,O
1392,2024-05-20,O
1392,2024-05-21,O
1392,2024-05-24,O
1392,2024-05-28,B
1392,2024-05-31,O
1392,2024-06-06,O
1392,2024-06-11,O
1392,2024-06-18,O
1392,2024-06-22,O
1392,2024-06-28,O
1392,2024-07-01,O
1392,2024-07-05,B
1392,2024-07-22,C
1392,2024-07-23,B
1392,2024-07-24,O
1392,2024-07-25,O
1392,2024-07-30,B
1392,2024-07-31,O
1392,2024-08-02,O
1392,2024-08-05,O
1392,2024-08-09,O
1392,2024-08-10,B
1393,2024-05-17,O
1393,2024-05-18,O
1393,2024-05-20,B
1393,2024-05-21,O
1393,2024-05-24,O
1393,2024-05-27,D
1393,2024-05-28,O
1393,2024-05-29,O
1393,2024-06-03,D
1393,2024-06-05,O
1393,2024-06-12,O
1393,2024-06-17,O
1393,2024-06-21,B
1393,2024-06-22,O
1393,2024-06-24,O
1393,2024-06-28,O
1393,2024-06-30,O
1393,2024-07-03,O
1393,2024-07-04,O
1393,2024-07-07,B
1393,2024-07-11,O
1393,2024-07-12,B
1393,2024-07-13,O
1393,2024-07-18,O
1393,2024-07-19,O
1393,2024-07-20,X
1393,2024-07-23,B
1393,2024-07-27,B
1393,2024-07-30,O
1393,2024-08-01,O
1393,2024-08-10,O
1393,2024-08-12,O
1393,2024-08-21,O
1393,2024-08-22,O
1393,2024-08-23,O
1394,2024-05-17,C
1394,2024-05-19,O
1394,2024-05-22,B
1394,2024-05-28,O
1394,2024-05-30,B
1394,2024-05-31,B
1394,2024-06-02,B
1394,2024-06-03,O
1394,2024-06-05,O
1394,2024-06-06,O
1394,2024-06-08,O
1394,2024-06-13,C
1394,2024-06-16,O
1394,2024-07-02,O
1394,2024-07-10,O
1394,2024-07-16,X
1394,2024-07-17,O
1394,2024-07-22,O
1394,2024-07-25,O
1394,2024-07-28,O
1394,2024-07-31,O
1394,2024-08-05,O
1394,2024-08-07,B
1394,2024-08-15,O
1394,2024-08-20,X
1394,2024-08-21,C
1394,2024-09-05,B
1395,2024-05-16,O
1395,2024-05-19,O
1395,2024-05-26,O
1395,2024-05-27,O
1395,2024-06-02,O
1395,2024-06-04,O
1395,2024-06-06,O
1395,2024-06-08,O
1395,2024-06-15,O
1395,2024-06-21,C
1395,2024-06-25,O
1395,2024-07-02,O
1395,2024-07-03,O
1395,2024-07-04,O
1395,2024-07-06,O
1395,2024-07-07,O
1395,2024-07-08,O
1395,2024-07-19,O
1395,2024-07-27,O
1395,2024-07-28,O
1396,2024-05-16,O
1396,2024-05-20,O
1396,2024-05-26,O
1396,2024-05-27,O
1396,2024-05-28,O
1396,2024-05-31,O
1396,2024-06-07,O
1396,2024-06-09,O
1396,2024-06-11,C
1396,2024-06-13,C
1396,2024-06-15,O
1396,2024-06-16,O
1396,2024-06-19,O
1396,2024-06-23,O
1396,2024-06-24,O
1396,2024-06-29,O
1396,2024-07-04,O
1396,2024-07-10,O
1396,2024-07-12,O
1396,2024-07-20,O
1396,2024-07-24,O
1396,2024-07-27,O
1396,2024-07-29,O
1396,2024-08-01,O
1396,2024-08-16,O
1396,2024-08-19,O
1396,2024-08-24,O
1396,2024-08-27,O
1396,2024-09-01,B
1396,2024-09-07,O
1397,2024-05-09,O
1397,2024-05-11,O
1397,2024-05-15,O
1397,2024-05-16,O
1397,2024-05-17,B
1397,2024-05-19,O
1397,2024-05-20,O
1397,2024-05-29,B
1397,2024-05-30,O
1397,2024-06-07,B
1397,2024-06-10,O
1397,2024-06-12,O
1397,2024-06-15,O
1397,2024-06-16,O
1397,2024-06-17,O
1397,2024-06-23,O
1397,2024-06-24,O
1397,2024-06-25,O
1397,2024-06-29,O
1397,2024-07-01,O
1397,2024-07-13,X
1397,2024-07-14,N
1397,2024-07-18,O
1397,2024-07-19,O
1397,2024-07-27,B
1397,2024-07-31,B
1397,2024-08-01,X
1397,2024-08-05,O
1397,2024-08-06,B
1397,2024-08-09,O
1398,2024-05-13,O
1398,2024-05-14,O
1398,2024-05-16,B
1398,2024-05-17,B
1398,2024-05-19,O
1398,2024-05-26,O
1398,2024-05-30,O
1398,2024-06-02,O
1398,2024-06-03,O
1398,2024-06-07,O
1398,2024-06-15,O
1398,2024-06-16,O
1398,2024-06-17,O
1398,2024-06-20,O
1398,2024-06-29,B
1398,2024-07-07,B
1398,2024-07-13,B
1398,2024-07-16,O
1398,2024-07-20,O
1398,2024-07-22,B
1398,2024-07-31,O
1398,2024-08-02,O
1398,2024-08-04,X
1398,2024-08-06,O
1398,2024-08-12,O
1398,2024-08-21,D
1398,2024-08-28,B
1398,2024-08-30,B
1398,2024-09-13,X
1398,2024-09-15,O
1398,2024-09-18,O
1398,2024-09-21,B
1398,2024-09-22,B
1398,2024-09-24,O
1398,2024-09-25,O
1400,2024-05-15,O
1400,2024-05-17,O
1400,2024-05-19,O
1400,2024-05-22,O
1400,2024-05-31,O
1400,2024-06-02,O
1400,2024-06-05,B
1400,2024-06-06,O
1400,2024-06-10,X
1400,2024-06-15,X
1400,2024-06-16,C
1400,2024-06-19,C
1400,2024-06-20,O
1400,2024-06-25,O
1400,2024-07-01,O
1400,2024-07-06,O
1400,2024-07-10,B
1400,2024-07-14,O
1400,2024-07-18,O
1400,2024-07-21,O
1400,2024-07-22,O
1400,2024-07-23,B
1400,2024-07-26,C
1400,2024-07-29,X
1400,2024-07-30,B
1400,2024-08-01,O
1400,2024-08-02,O
1400,2024-08-04,O
1400,2024-08-08,O
1400,2024-08-11,O
1400,2024-08-13,D
1400,2024-08-18,O
1400,2024-08-25,B
1400,2024-08-26,O
1400,2024-08-27,O
1400,2024-08-30,O
1400,2024-08-31,B
1401,2024-05-20,B
1401,2024-05-22,O
1401,2024-05-23,B
1401,2024-05-24,O
1401,2024-05-25,O
1401,2024-05-27,C
1401,2024-06-07,O
1401,2024-06-09,O
1401,2024-06-17,O
1401,2024-06-21,O
1401,2024-06-23,X
1401,2024-06-25,B
1401,2024-06-29,B
1402,2024-05-27,O
1402,2024-06-02,B
1402,2024-06-06,C
1402,2024-06-10,O
1402,2024-06-15,O
1402,2024-06-18,X
1402,2024-06-21,O
1402,2024-06-29,X
1402,2024-07-08,O
1402,2024-07-14,B
1402,2024-07-21,O
1402,2024-07-24,C
1402,2024-07-29,O
1402,2024-08-01,O
1402,2024-08-02,C
1403,2024-05-16,O
1403,2024-05-17,O
1403,2024-05-25,O
1403,2024-05-26,O
1403,2024-05-30,O
1403,2024-05-31,O
1403,2024-06-01,O
1403,2024-06-04,O
1403,2024-06-05,B
1403,2024-06-19,O
1403,2024-06-22,O
1403,2024-06-24,O
1403,2024-06-27,N
1403,2024-07-13,O
1403,2024-07-14,O
1403,2024-07-20,O
1403,2024-07-21,D
1403,2024-07-23,O
1403,2024-07-25,B
1403,2024-07-27,O
1403,2024-07-31,O
1403,2024-08-04,O
1403,2024-08-05,O
1403,2024-08-11,O
1405,2024-05-27,O
1405,2024-05-29,O
1405,2024-06-02,O
1405,2024-06-05,O
1405,2024-06-08,O
1405,2024-06-13,O
1405,2024-06-19,B
1405,2024-06-21,B
1405,2024-06-25,O
1405,2024-06-27,O
1405,2024-07-09,O
1405,2024-07-10,B
1405,2024-07-14,C
1405,2024-07-18,O
1405,2024-07-23,D
1409,2024-05-23,B
1409,2024-05-29,O
1409,2024-06-03,B
1409,2024-06-04,O
1409,2024-06-07,O
1409,2024-06-13,O
1409,2024-06-17,O
1409,2024-06-20,O
1409,2024-06-27,O
1409,2024-06-29,O
1409,2024-07-10,O
1409,2024-07-13,X
1409,2024-07-14,O
1409,2024-07-19,O
1409,2024-07-20,O
1409,2024-07-22,O
1409,2024-07-24,O
1409,2024-07-25,O
1409,2024-07-27,O
1409,2024-08-10,O
1411,2024-05-18,O
1411,2024-05-23,B
1411,2024-05-25,B
1411,2024-05-27,O
1411,2024-05-28,O
1411,2024-05-30,O
1411,2024-05-31,X
1411,2024-06-06,O
1411,2024-06-11,O
1411,2024-06-20,B
1411,2024-06-22,O
1411,2024-06-23,O
1411,2024-07-05,D
1411,2024-07-07,O
1411,2024-07-10,X
1411,2024-07-13,O
1411,2024-07-15,O
1412,2024-05-21,O
1412,2024-05-26,C
1412,2024-05-28,O
1412,2024-05-31,B
1412,2024-06-03,O
1412,2024-06-11,X
1412,2024-06-18,C
1412,2024-06-27,O
1412,2024-07-05,O
1412,2024-07-09,O
1412,2024-07-10,B
1414,2024-05-22,O
1414,2024-05-26,O
1414,2024-05-27,O
1414,2024-05-28,O
1414,2024-05-30,O
1414,2024-06-01,O
1414,2024-06-02,O
1414,2024-06-03,O
1414,2024-06-08,O
1414,2024-06-15,O
1414,2024-06-17,O
1414,2024-06-21,B
1414,2024-06-23,B
1414,2024-06-25,O
1414,2024-06-27,O
1414,2024-07-05,O
1414,2024-07-06,O
1414,2024-07-08,O
1414,2024-07-10,B
1414,2024-07-12,O
1414,2024-07-18,O
1414,2024-07-20,N
1414,2024-07-24,O
1414,2024-07-25,O
1414,2024-07-28,O
1414,2024-08-10,O
1414,2024-08-11,O
1414,2024-08-16,O
1414,2024-08-17,O
1414,2024-08-21,X
1414,2024-08-23,O
1414,2024-08-24,O
1414,2024-08-31,C
1414,2024-09-07,B
1414,2024-09-12,B
1414,2024-09-14,O
1414,2024-09-19,O
1414,2024-09-20,D
1414,2024-09-22,B
1414,2024-09-27,O
1415,2024-05-16,O
1415,2024-05-22,O
1415,2024-05-23,O
1415,2024-05-29,O
1415,2024-05-30,B
1415,2024-06-02,B
1415,2024-06-24,B
1415,2024-06-26,O
1415,2024-06-29,O
1415,2024-07-02,B
1415,2024-07-13,O
1415,2024-07-17,O
1415,2024-07-25,O
1415,2024-07-27,B
1415,2024-07-30,O
1415,2024-08-03,C
1415,2024-08-10,O
1415,2024-08-12,O
1415,2024-08-15,B
1415,2024-08-20,D
1415,2024-08-21,O
1415,2024-08-23,O
1415,2024-08-27,O
1415,2024-08-31,B
1415,2024-09-02,O
1415,2024-09-03,B
1415,2024-09-06,O
1415,2024-09-16,X
1416,2024-05-28,B
1416,2024-05-29,O
1416,2024-06-01,O
1416,2024-06-03,O
1416,2024-06-09,O
1416,2024-06-15,O
1416,2024-06-26,O
1416,2024-06-28,O
1416,2024-07-01,X
1416,2024-07-09,O
1416,2024-07-11,X
1416,2024-07-13,O
1416,2024-07-18,O
1416,2024-07-19,D
1416,2024-07-21,B
1416,2024-07-22,O
1416,2024-07-24,O
1416,2024-07-25,B
1416,2024-07-29,O
1416,2024-07-30,O
1417,2024-05-26,O
1417,2024-05-31,O
1417,2024-06-03,X
1417,2024-06-10,O
1417,2024-06-11,B
1417,2024-06-13,B
1417,2024-06-14,O
1417,2024-07-08,O
1417,2024-07-13,O
1417,2024-07-17,O
1417,2024-07-18,O
1417,2024-07-21,O
1417,2024-07-25,O
1417,2024-08-01,O
1417,2024-08-08,B
1418,2024-05-20,B
1418,2024-05-21,O
1418,2024-05-22,O
1418,2024-05-26,O
1418,2024-05-27,D
1418,2024-05-30,O
1418,2024-06-02,O
1418,2024-06-11,O
1418,2024-06-12,O
1418,2024-06-21,O
1418,2024-07-01,B
1418,2024-07-07,O
1418,2024-07-21,O
1418,2024-07-24,O
1418,2024-07-25,B
1418,2024-07-29,O
1418,2024-08-01,O
1418,2024-08-02,O
1418,2024-08-14,O
1418,2024-08-21,O
1418,2024-08-23,O
1418,2024-08-24,O
1418,2024-08-30,O
1418,2024-08-31,O
1418,2024-09-01,O
1418,2024-09-08,B
1420,2024-05-21,O
1420,2024-05-22,O
1420,2024-05-25,O
1420,2024-05-26,O
1420,2024-05-28,O
1420,2024-05-31,B
1420,2024-06-01,O
1420,2024-06-05,B
1420,2024-06-13,O
1420,2024-06-15,B
1420,2024-06-21,O
1420,2024-06-22,O
1420,2024-06-25,C
1420,2024-07-08,O
1420,2024-07-09,B
1420,2024-07-10,B
1420,2024-07-15,O
1420,2024-07-21,O
1420,2024-07-23,O
1420,2024-08-04,O
1420,2024-08-05,O
1420,2024-08-14,B
1420,2024-08-15,O
1420,2024-08-17,O
1420,2024-08-22,X
1420,2024-08-24,O
1420,2024-08-26,B
1420,2024-09-03,O
1420,2024-09-13,O
1420,2024-09-21,C
1420,2024-09-26,O
1420,2024-09-27,B
1420,2024-09-29,O
1420,2024-09-30,O
1421,2024-05-20,C
1421,2024-05-21,O
1421,2024-05-22,O
1421,2024-05-28,O
1421,2024-05-29,O
1421,2024-06-03,B
1421,2024-06-05,O
1421,2024-06-08,O
1421,2024-06-11,X
1421,2024-06-12,O
1421,2024-06-16,O
1421,2024-06-20,O
1421,2024-06-22,O
1421,2024-06-25,O
1421,2024-07-04,O
1421,2024-07-09,O
1421,2024-07-11,X
1421,2024-07-22,B
1421,2024-08-01,O
1421,2024-08-03,O
1421,2024-08-04,O
1421,2024-08-08,O
1421,2024-08-11,O
1421,2024-08-24,O
1422,2024-05-18,O
1422,2024-05-24,O
1422,2024-05-27,O
1422,2024-06-03,O
1422,2024-06-04,N
1422,2024-06-06,O
1422,2024-06-10,O
1422,2024-06-23,O
1422,2024-06-28,O
1422,2024-06-29,O
1422,2024-07-03,O
1422,2024-07-06,B
1422,2024-07-11,O
1422,2024-07-15,O
1422,2024-07-18,O
1422,2024-07-19,X
1422,2024-07-21,O
1422,2024-07-26,O
1422,2024-07-30,O
1422,2024-08-08,O
1422,2024-08-09,B
1422,2024-08-12,O
1422,2024-08-17,B
1423,2024-05-22,O
1423,2024-05-23,O
1423,2024-05-24,O
1423,2024-05-28,O
1423,2024-05-30,O
1423,2024-06-02,O
1423,2024-06-09,O
1423,2024-06-13,O
1423,2024-06-19,O
1423,2024-07-01,O
1423,2024-07-02,O
1423,2024-07-04,O
1423,2024-07-07,O
1423,2024-07-25,O
1423,2024-07-31,O
1423,2024-08-01,O
1423,2024-08-02,O
1423,2024-08-03,O
1423,2024-08-06,B
1423,2024-08-09,O
1423,2024-08-12,O
1423,2024-08-18,O
1423,2024-08-24,O
1423,2024-08-25,O
1423,2024-08-26,B
1423,2024-08-27,O
1423,2024-08-28,O
1423,2024-08-31,O
1423,2024-09-06,C
1423,2024-09-09,O
1423,2024-09-13,O
1423,2024-09-22,X
1423,2024-09-23,O
1423,2024-09-26,B
1425,2024-05-21,O
1425,2024-05-31,B
1425,2024-06-05,O
1425,2024-06-07,O
1425,2024-06-08,O
1425,2024-06-12,B
1425,2024-06-14,O
1425,2024-06-16,B
1425,2024-06-18,O
1425,2024-06-19,O
1425,2024-06-25,O
1425,2024-06-28,C
1425,2024-06-30,O
1425,2024-07-02,O
1425,2024-07-10,O
1425,2024-07-11,O
1425,2024-07-13,O
1425,2024-07-19,X
1425,2024-07-22,O
1425,2024-07-24,O
1425,2024-07-26,B
1425,2024-08-15,O
1425,2024-08-20,O
1425,2024-08-25,X
1425,2024-08-26,O
1425,2024-08-31,O
1425,2024-09-01,B
1425,2024-09-06,X
1425,2024-09-15,B
1426,2024-05-18,O
1426,2024-05-23,B
1426,2024-05-26,O
1426,2024-05-29,O
1426,2024-06-02,C
1426,2024-06-06,O
1426,2024-06-08,O
1426,2024-06-09,O
1426,2024-06-11,O
1426,2024-06-15,O
1426,2024-06-16,O
1426,2024-06-18,O
1426,2024-06-19,O
1426,2024-06-22,B
1426,2024-06-27,O
1426,2024-06-30,O
1426,2024-07-09,O
1426,2024-07-10,O
1426,2024-07-11,B
1426,2024-07-12,N
1426,2024-07-14,B
1426,2024-07-15,O
1426,2024-07-16,X
1426,2024-07-24,B
1426,2024-07-29,O
1426,2024-07-31,O
1426,2024-08-02,O
1426,2024-08-07,O
1426,2024-08-09,O
1426,2024-08-11,O
1426,2024-08-12,O
1426,2024-08-16,O
1426,2024-08-17,O
1426,2024-08-23,O
1426,2024-08-24,O
1426,2024-08-26,O
1426,2024-09-04,O
1426,2024-09-06,B
1426,2024-09-13,O
1426,2024-09-16,O
1426,2024-09-17,B
1426,2024-09-18,O
1426,2024-09-21,B
1426,2024-09-23,O
1428,2024-05-21,O
1428,2024-05-22,O
1428,2024-05-23,O
1428,2024-05-26,O
1428,2024-05-29,O
1428,2024-06-02,C
1428,2024-06-07,O
1428,2024-06-16,O
1428,2024-06-17,O
1428,2024-06-20,B
1428,2024-06-23,O
1428,2024-06-29,O
1428,2024-07-13,O
1428,2024-07-15,X
1428,2024-07-16,O
1428,2024-07-17,O
1428,2024-07-30,X
1428,2024-08-06,B
1428,2024-08-09,O
1429,2024-05-19,O
1429,2024-05-20,O
1429,2024-05-23,B
1429,2024-05-26,B
1429,2024-05-27,O
1429,2024-05-28,O
1429,2024-05-29,O
1429,2024-06-02,O
1429,2024-06-04,O
1429,2024-06-07,O
1429,2024-06-14,O
1429,2024-07-08,O
1429,2024-07-11,B
1429,2024-07-12,O
1429,2024-07-13,O
1429,2024-07-18,O
1429,2024-07-21,O
1429,2024-07-24,B
1429,2024-07-30,O
1429,2024-07-31,O
1429,2024-08-02,O
1429,2024-08-05,O
1430,2024-05-23,O
1430,2024-05-24,B
1430,2024-05-25,O
1430,2024-05-26,O
1430,2024-05-27,X
1430,2024-05-29,O
1430,2024-05-31,O
1430,2024-06-02,O
1430,2024-06-03,B
1430,2024-06-04,O
1430,2024-06-07,B
1430,2024-06-12,O
1430,2024-06-16,B
1430,2024-06-17,O
1430,2024-06-20,O
1430,2024-06-21,O
1430,2024-06-23,B
1430,2024-06-27,B
1430,2024-06-29,B
1430,2024-07-01,B
1430,2024-07-02,O
1430,2024-07-07,O
1430,2024-07-11,O
1430,2024-07-13,O
1430,2024-07-27,O
1430,2024-07-28,O
1430,2024-07-30,B
1430,2024-08-01,O
1430,2024-08-09,O
1430,2024-08-17,O
1430,2024-08-21,O
1430,2024-08-22,D
1430,2024-08-26,O
1430,2024-08-28,C
1430,2024-09-02,B
1430,2024-09-03,X
1430,2024-09-08,B
1430,2024-09-10,O
1430,2024-09-18,O
1430,2024-09-19,O
1430,2024-09-22,O
1430,2024-09-24,B
1430,2024-09-27,X
1433,2024-05-19,O
1433,2024-05-20,B
1433,2024-05-26,C
1433,2024-05-28,B
1433,2024-06-04,O
1433,2024-06-05,C
1433,2024-06-11,O
1433,2024-06-20,O
1433,2024-06-27,O
1433,2024-07-06,O
1433,2024-07-07,O
1433,2024-07-09,O
1433,2024-07-11,O
1433,2024-07-14,C
1433,2024-07-20,O
1433,2024-07-28,O
1433,2024-07-29,O
1433,2024-08-01,O
1433,2024-08-02,O
1433,2024-08-05,O
1433,2024-08-11,O
1433,2024-08-13,O
1433,2024-08-14,B
1434,2024-05-27,O
1434,2024-05-30,O
1434,2024-06-06,O
1434,2024-06-07,O
1434,2024-06-19,O
1434,2024-06-23,O
1434,2024-06-24,O
1434,2024-06-26,O
1434,2024-07-09,B
1434,2024-07-11,O
1434,2024-07-13,X
1434,2024-07-17,O
1434,2024-07-23,O
1434,2024-07-24,O
1434,2024-07-27,B
1434,2024-08-06,B
1434,2024-08-08,O
1434,2024-08-10,O
1434,2024-08-16,O
1434,2024-08-17,O
1434,2024-08-20,O
1434,2024-09-01,O
1434,2024-09-05,B
1434,2024-09-08,O
1434,2024-09-09,O
1434,2024-09-10,B
1435,2024-05-25,B
1435,2024-05-26,O
1435,2024-05-30,B
1435,2024-06-01,B
1435,2024-06-06,O
1435,2024-06-08,O
1435,2024-06-11,B
1435,2024-06-19,O
1435,2024-06-20,O
1435,2024-06-21,X
1435,2024-06-24,O
1435,2024-06-25,B
1435,2024-06-30,O
1435,2024-07-04,B
1435,2024-07-05,O
1435,2024-07-07,O
1435,2024-07-12,B
1435,2024-07-20,D
1435,2024-07-27,O
1435,2024-07-30,O
1436,2024-05-19,O
1436,2024-05-22,X
1436,2024-05-26,O
1436,2024-05-27,O
1436,2024-05-31,O
1436,2024-06-03,O
1436,2024-06-07,O
1436,2024-06-10,C
1436,2024-06-19,O
1436,2024-06-22,O
1436,2024-06-23,O
1436,2024-06-26,O
1436,2024-06-30,O
1438,2024-05-20,O
1438,2024-05-22,O
1438,2024-05-23,X
1438,2024-05-25,O
1438,2024-05-29,O
1438,2024-05-30,C
1438,2024-06-08,O
1438,2024-06-19,O
1439,2024-05-30,O
1439,2024-06-01,O
1439,2024-06-05,O
1439,2024-06-14,O
1439,2024-06-17,O
1439,2024-06-20,X
1439,2024-06-21,O
1439,2024-06-23,O
1439,2024-06-24,O
1439,2024-06-27,O
1439,2024-06-30,O
1439,2024-07-02,O
1440,2024-05-19,O
1440,2024-05-24,O
1440,2024-05-27,O
1440,2024-05-28,O
1440,2024-05-30,O
1440,2024-06-04,O
1440,2024-06-06,O
1440,2024-06-20,O
1440,2024-06-22,C
1440,2024-06-24,O
1440,2024-06-25,O
1440,2024-06-27,O
1440,2024-06-30,O
1440,2024-07-02,B
1440,2024-07-03,O
1440,2024-07-05,O
1440,2024-07-21,O
1440,2024-07-22,B
1440,2024-07-30,O
1440,2024-07-31,O
1440,2024-08-04,O
1440,2024-08-05,O
1440,2024-08-11,C
1440,2024-08-16,O
1440,2024-08-18,B
1440,2024-08-22,O
1440,2024-08-23,C
1440,2024-08-27,B
1440,2024-08-29,O
1440,2024-09-01,O
1440,2024-09-03,O
1440,2024-09-05,O
1440,2024-09-09,O
1440,2024-09-11,O
1440,2024-09-13,O
1440,2024-09-19,B
1440,2024-09-23,O
1440,2024-09-27,O
1441,2024-05-16,C
1441,2024-05-17,O
1441,2024-05-19,O
1441,2024-05-21,O
1441,2024-05-22,O
1441,2024-05-24,B
1441,2024-05-25,O
1441,2024-05-29,O
1441,2024-06-03,O
1441,2024-06-06,B
1441,2024-06-09,B
1441,2024-06-10,O
1441,2024-06-13,O
1441,2024-06-23,O
1441,2024-06-25,O
1441,2024-06-26,O
1441,2024-07-03,O
1441,2024-07-05,B
1441,2024-07-06,O
1441,2024-07-08,O
1441,2024-07-18,O
1441,2024-07-23,O
1441,2024-07-24,O
1441,2024-07-29,B
1442,2024-05-23,O
1442,2024-06-01,B
1442,2024-06-03,O
1442,2024-06-07,O
1442,2024-06-08,B
1442,2024-06-09,B
1442,2024-06-16,C
1442,2024-06-21,O
1442,2024-07-03,O
1442,2024-07-12,O
1442,2024-07-21,O
1442,2024-07-22,O
1442,2024-08-02,B
1442,2024-08-05,O
1442,2024-08-09,O
1442,2024-08-13,B
1442,2024-08-15,O
1443,2024-05-19,O
1443,2024-05-21,O
1443,2024-05-23,O
1443,2024-05-24,O
1443,2024-05-29,O
1443,2024-06-16,O
1443,2024-06-17,B
1443,2024-06-19,O
1444,2024-05-20,O
1444,2024-05-25,B
1444,2024-05-26,O
1444,2024-05-28,O
1444,2024-05-30,O
1444,2024-05-31,O
1444,2024-06-06,X
1444,2024-06-07,B
1444,2024-06-08,B
1444,2024-06-10,O
1444,2024-06-18,O
1444,2024-06-21,O
1444,2024-06-22,O
1444,2024-06-25,O
1444,2024-06-30,O
1444,2024-07-02,O
1444,2024-07-10,O
1444,2024-07-14,O
1444,2024-07-20,O
1444,2024-07-30,C
1444,2024-08-07,O
1444,2024-08-12,O
1444,2024-08-14,X
1444,2024-08-18,B
1444,2024-08-20,X
1444,2024-08-30,B
1444,2024-08-31,O
1444,2024-09-04,X
1444,2024-09-05,B
1444,2024-09-06,O
1444,2024-09-07,O
1444,2024-09-09,O
1444,2024-09-10,O
1444,2024-09-11,B
1445,2024-05-26,O
1445,2024-06-02,C
1445,2024-06-05,O
1445,2024-06-10,B
1445,2024-06-18,O
1445,2024-06-20,X
1445,2024-06-24,X
1445,2024-06-30,O
1445,2024-07-14,B
1445,2024-07-15,X
1445,2024-07-18,O
1445,2024-07-19,O
1445,2024-07-24,O
1445,2024-07-26,O
1445,2024-07-27,X
1445,2024-07-29,O
1445,2024-08-01,O
1446,2024-05-25,O
1446,2024-05-26,O
1446,2024-05-29,O
1446,2024-06-02,O
1446,2024-06-05,O
1446,2024-06-10,O
1446,2024-06-14,O
1446,2024-06-15,X
1446,2024-06-18,O
1446,2024-06-27,X
1446,2024-07-06,O
1446,2024-07-09,O
1446,2024-07-17,B
1446,2024-07-18,O
1446,2024-07-22,X
1448,2024-05-17,O
1448,2024-05-22,O
1448,2024-05-23,O
1448,2024-05-25,O
1448,2024-05-28,O
1448,2024-06-08,O
1448,2024-06-09,O
1448,2024-06-12,O
1448,2024-06-13,O
1448,2024-06-16,O
1448,2024-06-23,O
1448,2024-06-24,O
1450,2024-05-18,O
1450,2024-05-19,O
1450,2024-05-20,O
1450,2024-05-22,B
1450,2024-05-24,X
1450,2024-05-28,O
1450,2024-05-29,O
1450,2024-06-09,O
1450,2024-06-27,O
1450,2024-07-01,O
1450,2024-07-02,O
1450,2024-07-03,O
1450,2024-07-09,O
1450,2024-07-12,O
1450,2024-07-14,N
1451,2024-05-17,O
1451,2024-05-29,O
1451,2024-05-31,O
1451,2024-06-08,O
1451,2024-06-12,O
1451,2024-06-13,X
1451,2024-06-14,O
1451,2024-06-29,O
1451,2024-07-01,O
1451,2024-07-07,B
1451,2024-07-08,O
1451,2024-07-13,C
1451,2024-07-15,O
1451,2024-07-17,O
1451,2024-07-20,O
1451,2024-07-28,O
1451,2024-08-04,O
1451,2024-08-05,B
1451,2024-08-08,O
1451,2024-08-09,O
1451,2024-08-22,O
1451,2024-08-25,O
1452,2024-05-19,O
1452,2024-05-24,X
1452,2024-05-25,O
1452,2024-05-29,O
1452,2024-05-31,O
1452,2024-06-02,X
1452,2024-06-04,O
1452,2024-06-10,O
1452,2024-06-12,O
1452,2024-06-15,O
1452,2024-06-16,O
1452,2024-06-18,X
1452,2024-06-22,O
1452,2024-06-29,B
1452,2024-07-01,O
1453,2024-05-25,B
1453,2024-05-26,O
1453,2024-05-27,O
1453,2024-05-28,O
1453,2024-06-01,B
1453,2024-06-02,O
1453,2024-06-04,O
1453,2024-06-05,X
1453,2024-06-08,O
1453,2024-06-12,O
1453,2024-06-19,O
1453,2024-06-22,O
1453,2024-07-01,O
1453,2024-07-03,O
1453,2024-07-08,O
1453,2024-07-14,O
1453,2024-07-20,O
1453,2024-07-21,O
1453,2024-07-27,O
1453,2024-07-28,O
1453,2024-08-01,O
1453,2024-08-03,O
1453,2024-08-05,X
1453,2024-08-12,O
1453,2024-08-14,B
1453,2024-08-15,O
1453,2024-08-21,O
1453,2024-08-26,O
1453,2024-08-27,B
1453,2024-09-02,O
1453,2024-09-07,O
1454,2024-05-16,D
1454,2024-05-22,O
1454,2024-05-24,C
1454,2024-05-25,N
1454,2024-05-30,O
1454,2024-06-10,O
1454,2024-06-11,C
1454,2024-06-19,B
1454,2024-06-22,B
1454,2024-06-25,B
1454,2024-06-28,O
1454,2024-07-01,O
1454,2024-07-04,O
1455,2024-05-22,O
1455,2024-05-23,O
1455,2024-05-24,O
1455,2024-05-26,O
1455,2024-05-27,O
1455,2024-05-29,O
1455,2024-06-02,N
1455,2024-06-05,O
1455,2024-06-08,O
1455,2024-06-11,C
1455,2024-06-12,O
1455,2024-06-23,O
1455,2024-07-01,B
1456,2024-05-24,X
1456,2024-05-29,O
1456,2024-06-06,X
1456,2024-06-07,O
1456,2024-06-12,O
1456,2024-06-14,O
1456,2024-06-28,C
1456,2024-07-01,O
1456,2024-07-02,O
1456,2024-07-08,O
1456,2024-07-16,O
1456,2024-07-18,O
1456,2024-07-22,O
1456,2024-07-24,O
1457,2024-05-16,B
1457,2024-05-23,O
1457,2024-05-30,O
1457,2024-05-31,O
1457,2024-06-02,O
1457,2024-06-04,O
1457,2024-06-06,O
1457,2024-06-07,O
1457,2024-06-09,O
1457,2024-06-11,O
1457,2024-06-14,O
1457,2024-06-19,O
1458,2024-05-14,N
1458,2024-05-16,O
1458,2024-05-23,D
1458,2024-05-26,O
1458,2024-05-27,O
1458,2024-06-02,O
1458,2024-06-04,O
1458,2024-06-05,O
1458,2024-06-10,O
1458,2024-06-14,O
1458,2024-06-15,O
1458,2024-06-23,X
1458,2024-06-27,O
1458,2024-06-29,O
1458,2024-07-02,O
1458,2024-07-03,O
1458,2024-07-17,B
1458,2024-07-18,O
1458,2024-07-19,O
1458,2024-07-21,D
1458,2024-07-23,O
1458,2024-07-27,O
1458,2024-07-28,B
1458,2024-07-29,O
1458,2024-07-30,O
1458,2024-08-07,X
1458,2024-08-09,O
1458,2024-08-10,B
1458,2024-08-12,O
1458,2024-08-13,O
1458,2024-08-16,O
1458,2024-08-17,O
1458,2024-08-19,O
1458,2024-08-21,O
1458,2024-08-24,O
1458,2024-08-26,O
1458,2024-08-30,O
1458,2024-09-03,O
1458,2024-09-06,O
1458,2024-09-13,O
1458,2024-09-15,O
1458,2024-09-16,X
1458,2024-09-17,O
1458,2024-09-19,B
1458,2024-09-20,O
1460,2024-05-23,O
1460,2024-05-24,B
1460,2024-05-26,O
1460,2024-05-27,O
1460,2024-05-28,O
1460,2024-06-06,O
1460,2024-06-18,C
1460,2024-06-20,O
1460,2024-06-30,B
1461,2024-05-19,O
1461,2024-05-20,O
1461,2024-05-21,O
1461,2024-05-24,O
1461,2024-05-27,O
1461,2024-05-29,O
1461,2024-06-04,O
1461,2024-06-05,B
1461,2024-06-06,B
1461,2024-06-11,O
1461,2024-06-13,O
1461,2024-06-15,C
1461,2024-06-16,B
1461,2024-06-28,O
1461,2024-07-04,O
1461,2024-07-06,O
1461,2024-07-13,O
1461,2024-07-17,B
1461,2024-07-18,O
1461,2024-07-21,C
1461,2024-07-26,O
1461,2024-07-30,O
1461,2024-08-03,O
1461,2024-08-05,O
1461,2024-08-06,O
1461,2024-08-19,O
1461,2024-08-20,O
1461,2024-08-22,O
1461,2024-08-23,O
1461,2024-08-25,O
1462,2024-05-21,O
1462,2024-05-22,O
1462,2024-05-23,O
1462,2024-05-24,O
1462,2024-05-29,O
1462,2024-06-02,O
1462,2024-06-05,B
1462,2024-06-07,O
1462,2024-06-09,B
1462,2024-06-11,B
1462,2024-06-18,N
1462,2024-06-21,X
1462,2024-06-23,O
1462,2024-06-25,O
1462,2024-06-26,X
1462,2024-07-05,O
1462,2024-07-11,X
1462,2024-07-14,B
1462,2024-07-15,O
1462,2024-07-22,B
1462,2024-07-24,N
1462,2024-08-01,O
1462,2024-08-03,O
1462,2024-08-04,N
1462,2024-08-06,O
1462,2024-08-07,O
1462,2024-08-08,O
1462,2024-08-26,B
1462,2024-08-27,O
1462,2024-08-31,O
1462,2024-09-01,X
1462,2024-09-02,O
1462,2024-09-05,O
1462,2024-09-10,O
1462,2024-09-17,B
1462,2024-09-20,O
1462,2024-09-21,B
1462,2024-09-23,O
1462,2024-09-25,O
1462,2024-09-26,O
1462,2024-09-29,O
1463,2024-05-19,O
1463,2024-05-22,O
1463,2024-05-25,X
1463,2024-05-26,O
1463,2024-05-27,C
1463,2024-05-31,O
1463,2024-06-01,O
1463,2024-06-02,B
1463,2024-06-06,O
1463,2024-06-07,O
1463,2024-06-08,O
1463,2024-06-09,O
1463,2024-06-10,O
1463,2024-06-17,C
1463,2024-06-18,O
1463,2024-06-22,O
1463,2024-06-23,B
1463,2024-06-26,O
1463,2024-06-27,O
1463,2024-06-28,B
1463,2024-07-08,O
1463,2024-07-13,O
1463,2024-07-21,O
1463,2024-07-23,O
1463,2024-07-30,O
1463,2024-08-09,O
1463,2024-08-10,O
1463,2024-08-13,O
1463,2024-08-17,O
1463,2024-08-19,O
1463,2024-08-25,X
1463,2024-08-30,O
1463,2024-08-31,B
1463,2024-09-07,O
1464,2024-05-23,O
1464,2024-05-25,X
1464,2024-05-26,O
1464,2024-05-28,O
1464,2024-05-29,B
1464,2024-05-30,O
1464,2024-06-03,O
1464,2024-06-05,O
1464,2024-06-24,O
1464,2024-06-26,O
1464,2024-06-27,O
1464,2024-07-06,O
1464,2024-07-13,X
1464,2024-07-18,O
1464,2024-07-21,O
1464,2024-07-30,X
1464,2024-08-04,O
1464,2024-08-07,B
1464,2024-08-09,B
1464,2024-08-12,O
1464,2024-08-17,O
1464,2024-08-20,O
1464,2024-08-27,O
1464,2024-08-29,O
1464,2024-08-30,O
1464,2024-09-01,O
1464,2024-09-03,C
1464,2024-09-06,O
1464,2024-09-09,B
1464,2024-09-12,X
1464,2024-09-13,B
1464,2024-09-14,N
1464,2024-09-20,O
1464,2024-09-25,B
1464,2024-09-27,O
1464,2024-09-28,O
1464,2024-09-29,O
1465,2024-05-23,O
1465,2024-05-30,O
1465,2024-06-02,O
1465,2024-06-04,O
1465,2024-06-07,O
1465,2024-06-08,O
1465,2024-06-13,O
1465,2024-06-15,O
1465,2024-06-21,O
1465,2024-06-24,O
1465,2024-06-25,O
1465,2024-06-28,O
1465,2024-06-29,O
1465,2024-07-05,B
1465,2024-07-06,C
1465,2024-07-16,O
1465,2024-07-20,O
1465,2024-08-01,C
1465,2024-08-04,O
1465,2024-08-07,O
1467,2024-05-22,B
1467,2024-05-23,O
1467,2024-05-24,O
1467,2024-05-26,O
1467,2024-05-28,O
1467,2024-06-03,O
1467,2024-06-07,O
1467,2024-06-10,O
1467,2024-06-11,O
1467,2024-06-13,O
1467,2024-06-16,O
1467,2024-06-17,O
1467,2024-06-30,O
1467,2024-07-01,O
1467,2024-07-10,O
1467,2024-07-11,O
1467,2024-07-13,O
1467,2024-07-15,O
1467,2024-07-16,O
1467,2024-07-20,O
1467,2024-07-21,O
1467,2024-07-23,O
1467,2024-07-25,O
1467,2024-07-27,B
1467,2024-07-29,O
1467,2024-07-30,O
1467,2024-07-31,O
1467,2024-08-07,O
1467,2024-08-15,O
1467,2024-08-18,O
1468,2024-05-18,O
1468,2024-05-19,O
1468,2024-05-20,O
1468,2024-05-22,N
1468,2024-05-26,O
1468,2024-05-27,O
1468,2024-05-28,O
1468,2024-05-29,B
1468,2024-06-02,O
1468,2024-06-26,O
1468,2024-07-02,O
1468,2024-07-04,O
1468,2024-07-05,O
1468,2024-07-08,O
1468,2024-07-09,O
1468,2024-07-11,O
1468,2024-07-16,O
1468,2024-07-17,O
1469,2024-05-20,O
1469,2024-05-23,O
1469,2024-05-25,O
1469,2024-05-27,O
1469,2024-05-28,O
1469,2024-06-04,B
1469,2024-06-05,O
1469,2024-06-16,C
1469,2024-06-21,O
1469,2024-06-23,O
1469,2024-06-24,O
1469,2024-06-25,B
1469,2024-07-05,X
1469,2024-07-09,O
1469,2024-07-12,B
1469,2024-07-14,O
1469,2024-07-15,C
1469,2024-07-20,O
1469,2024-07-21,B
1471,2024-05-15,O
1471,2024-05-20,O
1471,2024-05-22,O
1471,2024-05-23,O
1471,2024-05-27,O
1471,2024-05-29,O
1471,2024-05-30,O
1471,2024-05-31,B
1471,2024-06-06,O
1471,2024-06-13,O
1471,2024-06-19,O
1471,2024-06-22,O
1471,2024-06-27,O
1471,2024-06-29,O
1471,2024-07-02,X
1471,2024-07-09,O
1471,2024-07-11,D
1471,2024-07-17,B
1471,2024-08-02,O
1471,2024-08-03,X
1471,2024-08-06,O
1471,2024-08-11,B
1471,2024-08-22,O
1471,2024-08-26,O
1471,2024-08-30,O
1471,2024-09-03,B
1471,2024-09-18,X
1471,2024-09-19,O
1471,2024-09-21,O
1472,2024-05-18,O
1472,2024-05-19,B
1472,2024-05-21,N
1472,2024-05-24,O
1472,2024-05-26,O
1472,2024-05-27,N
1472,2024-05-28,O
1472,2024-05-29,O
1472,2024-06-02,O
1472,2024-06-08,B
1472,2024-06-13,O
1472,2024-06-14,O
1472,2024-06-17,O
1472,2024-06-21,B
1472,2024-06-22,O
1472,2024-07-01,O
1472,2024-07-04,O
1472,2024-07-10,O
1472,2024-07-13,O
1472,2024-07-15,B
1472,2024-07-19,B
1472,2024-07-20,O
1472,2024-07-24,B
1472,2024-07-26,O
1472,2024-07-28,B
1472,2024-07-29,O
1472,2024-07-30,O
1472,2024-08-02,O
1472,2024-08-10,O
1472,2024-08-11,X
1472,2024-08-13,O
1472,2024-08-25,O
1472,2024-09-01,O
1472,2024-09-05,O
1472,2024-09-11,O
1472,2024-09-12,O
1472,2024-09-13,B
1472,2024-09-21,O
1472,2024-09-22,O
1472,2024-09-23,D
1472,2024-09-24,O
1472,2024-09-27,O
1473,2024-05-26,O
1473,2024-05-27,O
1473,2024-06-01,O
1473,2024-06-03,O
1473,2024-06-05,O
1473,2024-06-06,O
1473,2024-06-08,O
1473,2024-06-10,O
1473,2024-06-23,B
1473,2024-06-30,O
1473,2024-07-05,O
1473,2024-07-10,O
1474,2024-05-14,O
1474,2024-05-15,O
1474,2024-05-22,O
1474,2024-05-24,B
1474,2024-05-28,O
1474,2024-05-29,O
1474,2024-05-31,C
1474,2024-06-02,O
1474,2024-06-05,B
1474,2024-06-07,O
1474,2024-06-09,O
1474,2024-06-14,O
1474,2024-06-19,B
1474,2024-06-25,O
1474,2024-06-26,O
1474,2024-06-27,O
1474,2024-07-02,O
1474,2024-07-10,D
1475,2024-05-19,O
1475,2024-05-23,O
1475,2024-05-28,O
1475,2024-05-29,O
1475,2024-06-20,O
1475,2024-07-04,O
1475,2024-07-06,O
1475,2024-07-09,B
1475,2024-07-12,O
1475,2024-07-15,O
1475,2024-07-17,X
1475,2024-07-21,O
1475,2024-07-23,B
1475,2024-07-26,O
1475,2024-08-05,O
1475,2024-08-07,O
1475,2024-08-11,O
1475,2024-08-18,O
1475,2024-08-19,O
1475,2024-08-22,D
1475,2024-08-31,O
1475,2024-09-01,O
1475,2024-09-02,O
1475,2024-09-07,O
1475,2024-09-08,D
1475,2024-09-09,O
1475,2024-09-13,B
1475,2024-09-20,B
1475,2024-09-22,B
1475,2024-09-24,B
1477,2024-05-19,O
1477,2024-05-24,O
1477,2024-05-28,O
1477,2024-05-29,O
1477,2024-05-30,O
1477,2024-06-05,B
1477,2024-06-07,O
1477,2024-06-13,O
1477,2024-06-14,N
1477,2024-06-23,B
1477,2024-06-26,O
1477,2024-06-28,X
1477,2024-07-02,O
1477,2024-07-08,O
1477,2024-07-12,O
1477,2024-07-15,O
1477,2024-07-19,O
1477,2024-07-25,O
1477,2024-07-26,O
1477,2024-07-30,O
1477,2024-08-02,O
1477,2024-08-08,O
1477,2024-08-12,O
1478,2024-05-17,O
1478,2024-05-20,O
1478,2024-05-22,O
1478,2024-05-26,O
1478,2024-05-28,O
1478,2024-05-30,O
1478,2024-06-01,O
1478,2024-06-02,O
1478,2024-06-07,O
1478,2024-06-15,O
1478,2024-06-24,O
1478,2024-06-25,O
1478,2024-06-29,O
1478,2024-06-30,O
1478,2024-07-06,O
1478,2024-07-07,B
1478,2024-07-10,O
1478,2024-07-11,O
1478,2024-07-12,O
1478,2024-07-18,O
1478,2024-07-21,O
1478,2024-07-29,O
1478,2024-07-30,O
1478,2024-08-02,O
1478,2024-08-05,O
1478,2024-08-07,O
1479,2024-05-23,O
1479,2024-06-03,O
1479,2024-06-04,O
1479,2024-06-09,O
1479,2024-06-13,O
1479,2024-06-14,O
1479,2024-06-30,O
1479,2024-07-02,O
1479,2024-07-03,O
1479,2024-07-04,O
1479,2024-07-06,O
1479,2024-07-13,X
1479,2024-07-14,O
1479,2024-07-20,B
1479,2024-07-25,O
1480,2024-05-19,O
1480,2024-05-28,O
1480,2024-05-30,O
1480,2024-06-08,N
1480,2024-06-11,O
1480,2024-06-13,D
1480,2024-06-14,O
1480,2024-06-17,O
1480,2024-06-21,O
1480,2024-06-24,O
1480,2024-06-29,O
1480,2024-07-01,B
1480,2024-07-04,B
1480,2024-07-07,O
1480,2024-07-14,O
1480,2024-07-15,O
1480,2024-07-21,O
1480,2024-07-27,B
1480,2024-07-28,O
1480,2024-07-30,O
1480,2024-07-31,B
1481,2024-05-23,O
1481,2024-06-02,O
1481,2024-06-05,B
1481,2024-06-10,O
1481,2024-06-14,B
1481,2024-06-18,B
1481,2024-06-19,O
1481,2024-06-20,O
1481,2024-06-21,O
1481,2024-06-26,O
1481,2024-06-30,O
1481,2024-07-15,B
1481,2024-07-20,B
1481,2024-07-22,O
1481,2024-07-24,B
1481,2024-07-29,O
1481,2024-08-02,O
1481,2024-08-03,O
1481,2024-08-05,O
1481,2024-08-08,O
1481,2024-08-09,X
1481,2024-08-10,O
1481,2024-08-11,O
1481,2024-08-13,B
1481,2024-08-17,O
1481,2024-08-24,O
1481,2024-08-25,O
1481,2024-08-27,C
1481,2024-08-28,N
1481,2024-08-29,O
1481,2024-09-02,O
1481,2024-09-05,O
1481,2024-09-08,O
1481,2024-09-11,O
1481,2024-09-15,C
1481,2024-09-21,O
1481,2024-09-23,C
1481,2024-09-24,O
1481,2024-09-30,B
1482,2024-05-24,O
1482,2024-05-25,O
1482,2024-05-28,B
1482,2024-05-30,O
1482,2024-06-02,O
1482,2024-06-22,O
1482,2024-07-01,O
1482,2024-07-15,O
1482,2024-07-17,O
1482,2024-07-21,O
1482,2024-07-23,O
1482,2024-07-24,O
1482,2024-07-29,D
1482,2024-08-02,O
1482,2024-08-03,O
1482,2024-08-15,O
1482,2024-08-16,O
1482,2024-08-19,B
1482,2024-08-20,O
1482,2024-08-26,O
1482,2024-08-31,B
1482,2024-09-01,B
1482,2024-09-04,O
1482,2024-09-05,C
1482,2024-09-07,O
1482,2024-09-08,X
1482,2024-09-10,O
1482,2024-09-15,O
1482,2024-09-16,C
1482,2024-09-18,O
1482,2024-09-19,C
1483,2024-05-19,O
1483,2024-05-20,X
1483,2024-05-22,O
1483,2024-05-30,O
1483,2024-05-31,O
1483,2024-06-01,O
1483,2024-06-05,O
1483,2024-06-06,B
1483,2024-06-09,O
1483,2024-06-18,O
1483,2024-06-25,O
1483,2024-06-26,O
1483,2024-07-05,O
1483,2024-07-12,B
1483,2024-07-13,O
1483,2024-07-17,O
1483,2024-07-18,O
1483,2024-07-23,B
1483,2024-07-26,O
1483,2024-07-31,O
1483,2024-08-07,O
1483,2024-08-12,O
1483,2024-08-17,O
1483,2024-08-27,O
1483,2024-08-28,O
1483,2024-08-30,O
1483,2024-09-06,X
1483,2024-09-07,B
1483,2024-09-10,O
1483,2024-09-17,O
1483,2024-09-18,X
1483,2024-09-20,B
1483,2024-09-24,O
1483,2024-09-25,X
1483,2024-09-28,O
1484,2024-05-23,O
1484,2024-05-26,O
1484,2024-05-27,O
1484,2024-05-30,O
1484,2024-05-31,O
1484,2024-06-01,O
1484,2024-06-02,O
1484,2024-06-08,O
1484,2024-06-10,C
1484,2024-06-11,C
1484,2024-06-13,O
1484,2024-06-16,O
1484,2024-06-20,B
1484,2024-06-21,O
1484,2024-06-24,O
1484,2024-07-13,O
1484,2024-07-17,X
1484,2024-07-19,O
1484,2024-07-24,O
1484,2024-07-25,X
1484,2024-07-27,B
1486,2024-05-24,O
1486,2024-05-25,O
1486,2024-05-31,O
1486,2024-06-01,B
1486,2024-06-11,O
1486,2024-06-12,O
1486,2024-07-01,O
1486,2024-07-05,O
1486,2024-07-11,O
1486,2024-07-18,O
1488,2024-05-19,O
1488,2024-05-20,O
1488,2024-05-24,O
1488,2024-05-26,O
1488,2024-05-29,O
1488,2024-05-30,X
1488,2024-05-31,O
1488,2024-06-05,O
1488,2024-06-10,B
1488,2024-06-11,O
1488,2024-06-26,O
1488,2024-07-07,O
1488,2024-07-08,O
1488,2024-07-11,O
1488,2024-07-14,O
1488,2024-07-15,X
1488,2024-07-18,O
1488,2024-07-22,O
1488,2024-07-27,O
1488,2024-07-31,B
1488,2024-08-02,O
1488,2024-08-06,O
1488,2024-08-08,X
1488,2024-08-13,O
1488,2024-08-17,O
1488,2024-08-19,O
1488,2024-08-21,O
1488,2024-08-25,B
1488,2024-08-27,O
1488,2024-08-28,O
1488,2024-09-01,O
1488,2024-09-05,D
1488,2024-09-06,B
1488,2024-09-09,O
1488,2024-09-12,O
1488,2024-09-13,O
1488,2024-09-15,O
1488,2024-09-17,O
1489,2024-05-20,O
1489,2024-05-22,O
1489,2024-05-25,O
1489,2024-05-26,O
1489,2024-05-27,O
1489,2024-05-28,O
1489,2024-06-03,O
1489,2024-06-08,O
1489,2024-06-11,O
1489,2024-06-12,O
1489,2024-06-19,O
1489,2024-06-22,B
1489,2024-06-24,O
1489,2024-06-25,O
1489,2024-06-26,B
1489,2024-06-28,O
1490,2024-05-22,O
1490,2024-05-25,O
1490,2024-05-26,C
1490,2024-05-29,O
1490,2024-05-30,O
1490,2024-06-06,O
1490,2024-06-11,O
1490,2024-06-21,B
1490,2024-06-28,C
1491,2024-05-22,O
1491,2024-06-05,B
1491,2024-06-06,O
1491,2024-06-11,O
1491,2024-06-18,B
1491,2024-06-19,O
1491,2024-06-23,O
1491,2024-06-26,C
1491,2024-07-01,O
1491,2024-07-03,B
1491,2024-07-05,O
1491,2024-07-08,O
1491,2024-07-09,N
1491,2024-07-10,O
1491,2024-07-12,O
1491,2024-07-16,B
1491,2024-07-24,O
1491,2024-07-25,B
1491,2024-07-28,O
1491,2024-07-30,O
1491,2024-08-02,O
1491,2024-08-06,O
1491,2024-08-10,O
1491,2024-08-17,O
1491,2024-08-18,B
1491,2024-08-19,O
1491,2024-08-22,O
1491,2024-08-26,O
1491,2024-08-30,O
1491,2024-08-31,O
1491,2024-09-01,O
1491,2024-09-02,O
1491,2024-09-06,O
1491,2024-09-09,X
1491,2024-09-10,B
1491,2024-09-11,O
1491,2024-09-12,O
1491,2024-09-16,O
1491,2024-09-17,X
1491,2024-09-19,O
1491,2024-09-20,O
1491,2024-09-22,X
1491,2024-09-23,X
1491,2024-09-28,O
1493,2024-05-19,O
1493,2024-05-21,O
1493,2024-05-25,O
1493,2024-05-26,O
1493,2024-06-06,O
1493,2024-06-09,O
1493,2024-06-10,O
1493,2024-06-13,O
1493,2024-06-14,O
1493,2024-06-25,B
1493,2024-07-01,O
1493,2024-07-02,O
1495,2024-05-15,O
1495,2024-05-17,O
1495,2024-05-18,O
1495,2024-05-23,O
1495,2024-05-24,O
1495,2024-05-25,O
1495,2024-05-29,B
1495,2024-06-02,O
1495,2024-06-03,B
1495,2024-06-04,O
1495,2024-06-07,O
1495,2024-06-08,O
1495,2024-06-11,O
1495,2024-06-13,O
1495,2024-06-15,O
1495,2024-06-17,O
1495,2024-06-19,O
1495,2024-06-20,O
1495,2024-06-21,O
1495,2024-06-22,O
1495,2024-06-29,O
1496,2024-05-17,X
1496,2024-05-20,O
1496,2024-05-26,O
1496,2024-05-27,O
1496,2024-05-29,O
1496,2024-05-30,O
1496,2024-06-07,B
1496,2024-06-08,O
1496,2024-06-11,O
1496,2024-06-13,O
1496,2024-06-15,B
1496,2024-06-16,N
1496,2024-06-18,O
1496,2024-06-24,B
1496,2024-06-27,B
1496,2024-06-28,B
1496,2024-07-08,O
1496,2024-07-09,O
1496,2024-07-11,O
1496,2024-07-13,O
1496,2024-07-14,O
1496,2024-07-16,O
1496,2024-07-17,O
1496,2024-07-19,B
1496,2024-07-20,O
1496,2024-07-28,B
1496,2024-07-31,O
1496,2024-08-01,O
1496,2024-08-07,O
1497,2024-05-14,B
1497,2024-05-15,O
1497,2024-05-17,O
1497,2024-05-19,O
1497,2024-05-20,O
1497,2024-05-23,O
1497,2024-05-27,O
1497,2024-05-28,O
1497,2024-05-29,O
1497,2024-05-31,X
1497,2024-06-10,O
1497,2024-06-22,C
1497,2024-06-29,O
1497,2024-07-07,O
1497,2024-07-14,O
1497,2024-07-18,O
1497,2024-07-19,O
1497,2024-07-21,B
1497,2024-07-22,B
1497,2024-07-24,O
1497,2024-07-25,O
1497,2024-07-28,C
1497,2024-07-30,O
1497,2024-07-31,O
1497,2024-08-03,O
1497,2024-08-04,O
1497,2024-08-07,O
1497,2024-08-08,D
1497,2024-08-14,C
1497,2024-08-16,B
1497,2024-08-17,O
1497,2024-08-26,X
1497,2024-08-28,O
1497,2024-08-29,O
1497,2024-09-11,O
1497,2024-09-12,X
1497,2024-09-14,O
1497,2024-09-16,B
1497,2024-09-19,B
1502,2024-05-23,O
1502,2024-05-29,O
1502,2024-06-06,X
1502,2024-06-07,X
1502,2024-06-09,B
1502,2024-06-11,O
1502,2024-06-15,O
1502,2024-06-17,O
1502,2024-07-01,X
1502,2024-07-02,O
1502,2024-07-04,O
1502,2024-07-09,O
1502,2024-07-11,O
1502,2024-07-12,O
1502,2024-07-13,O
1502,2024-07-14,X
1502,2024-07-15,O
1502,2024-07-21,O
1502,2024-07-22,O
1502,2024-07-29,O
1502,2024-07-30,O
1502,2024-07-31,O
1502,2024-08-03,O
1502,2024-08-07,O
1502,2024-08-14,B
1502,2024-08-17,O
1502,2024-08-19,O
1502,2024-08-20,O
1502,2024-08-22,O
1502,2024-08-24,B
1502,2024-08-26,O
1502,2024-08-27,O
1502,2024-08-29,O
1502,2024-09-04,B
1502,2024-09-08,O
1502,2024-09-10,O
1502,2024-09-11,O
1502,2024-09-12,O
1502,2024-09-13,X
1503,2024-05-14,O
1503,2024-05-17,O
1503,2024-05-21,B
1503,2024-05-27,O
1503,2024-05-29,O
1503,2024-06-05,B
1503,2024-06-06,O
1503,2024-06-14,O
1503,2024-06-15,O
1503,2024-06-16,O
1503,2024-06-17,O
1503,2024-06-20,O
1503,2024-06-21,B
1503,2024-06-22,O
1503,2024-06-23,O
1503,2024-06-25,O
1504,2024-05-16,X
1504,2024-05-17,O
1504,2024-05-18,X
1504,2024-05-19,O
1504,2024-05-22,B
1504,2024-05-25,O
1504,2024-05-26,O
1504,2024-05-28,B
1504,2024-06-14,O
1504,2024-06-15,O
1504,2024-06-21,O
1505,2024-05-18,O
1505,2024-05-22,O
1505,2024-05-28,O
1505,2024-05-30,O
1505,2024-06-11,X
1505,2024-06-13,O
1505,2024-06-14,B
1505,2024-06-21,O
1505,2024-06-23,O
1505,2024-07-07,O
1505,2024-07-08,O
1505,2024-07-09,O
1505,2024-07-14,O
1505,2024-07-16,O
1505,2024-07-19,O
1505,2024-07-20,O
1505,2024-07-23,B
1505,2024-07-24,O
1505,2024-07-27,O
1505,2024-08-08,O
1505,2024-08-11,O
1505,2024-08-19,O
1505,2024-09-02,O
1505,2024-09-03,X
1505,2024-09-05,C
1505,2024-09-08,O
1505,2024-09-10,O
1505,2024-09-15,X
1506,2024-05-17,B
1506,2024-05-28,O
1506,2024-05-30,O
1506,2024-05-31,O
1506,2024-06-05,O
1506,2024-06-07,O
1506,2024-06-10,O
1506,2024-06-12,O
1506,2024-06-13,X
1506,2024-06-16,O
1506,2024-06-17,O
1506,2024-06-22,O
1506,2024-06-24,B
1506,2024-06-25,O
1506,2024-07-01,O
1506,2024-07-21,O
1506,2024-08-14,B
1506,2024-08-17,O
1506,2024-08-24,O
1506,2024-08-26,O
1506,2024-08-27,O
1506,2024-08-28,O
1506,2024-09-01,B
1506,2024-09-02,O
1506,2024-09-05,X
1506,2024-09-08,O
1506,2024-09-18,O
1506,2024-09-21,O
1507,2024-05-11,O
1507,2024-05-15,O
1507,2024-05-22,O
1507,2024-05-25,O
1507,2024-05-26,O
1507,2024-05-27,O
1507,2024-05-29,B
1507,2024-06-01,O
1507,2024-06-03,O
1507,2024-06-09,O
1507,2024-06-10,B
1507,2024-06-11,B
1507,2024-06-13,O
1507,2024-06-14,O
1507,2024-06-15,O
1507,2024-06-21,O
1507,2024-06-23,O
1507,2024-06-28,B
1507,2024-06-29,O
1507,2024-07-01,O
1507,2024-07-08,O
1507,2024-07-12,O
1507,2024-07-17,O
1507,2024-07-31,O
1507,2024-08-06,O
1507,2024-08-10,O
1507,2024-08-17,B
1510,2024-05-10,O
1510,2024-05-12,O
1510,2024-05-15,O
1510,2024-05-21,C
1510,2024-05-24,O
1510,2024-05-27,O
1510,2024-05-30,O
1510,2024-06-04,O
1510,2024-06-05,O
1510,2024-06-10,O
1510,2024-06-22,O
1510,2024-06-26,O
1510,2024-06-28,O
1510,2024-06-29,O
1510,2024-07-05,B
1510,2024-07-09,B
1510,2024-07-10,O
1510,2024-07-12,B
1510,2024-07-14,C
1510,2024-07-18,O
1510,2024-07-21,N
1510,2024-07-26,B
1510,2024-07-28,B
1510,2024-07-30,O
1510,2024-08-03,B
1510,2024-08-07,O
1510,2024-08-12,O
1510,2024-08-13,O
1510,2024-08-28,O
1510,2024-08-31,O
1510,2024-09-01,B
1510,2024-09-02,O
1510,2024-09-03,O
1510,2024-09-05,O
1510,2024-09-08,O
1510,2024-09-11,B
1510,2024-09-16,O
1510,2024-09-23,B
1512,2024-05-11,O
1512,2024-05-12,X
1512,2024-05-15,N
1512,2024-05-16,O
1512,2024-05-18,O
1512,2024-05-22,O
1512,2024-05-24,O
1512,2024-05-30,O
1512,2024-06-01,O
1512,2024-06-11,N
1512,2024-06-12,O
1512,2024-06-17,O
1512,2024-06-24,O
1512,2024-06-25,O
1512,2024-06-27,O
1514,2024-05-14,N
1514,2024-05-15,O
1514,2024-05-16,O
1514,2024-05-18,X
1514,2024-05-19,O
1514,2024-05-20,B
1514,2024-05-25,O
1514,2024-05-26,O
1514,2024-06-05,X
1514,2024-06-15,O
1514,2024-06-18,O
1514,2024-06-22,X
1514,2024-06-23,B
1514,2024-06-24,O
1514,2024-06-26,O
1514,2024-06-30,O
1514,2024-07-10,O
1514,2024-07-12,O
1514,2024-07-14,O
1514,2024-07-16,O
1514,2024-07-24,O
1514,2024-07-26,B
1515,2024-05-17,O
1515,2024-05-18,O
1515,2024-05-20,O
1515,2024-05-21,O
1515,2024-05-25,X
1515,2024-05-26,O
1515,2024-05-27,O
1515,2024-05-28,O
1515,2024-05-31,O
1515,2024-06-01,O
1515,2024-06-04,B
1515,2024-06-12,O
1515,2024-06-13,O
1515,2024-06-17,O
1515,2024-06-23,O
1515,2024-06-25,B
1515,2024-06-28,O
1515,2024-07-06,O
1515,2024-07-11,O
1516,2024-05-17,O
1516,2024-05-20,O
1516,2024-05-21,O
1516,2024-05-24,O
1516,2024-05-28,O
1516,2024-06-02,O
1516,2024-06-18,O
1516,2024-06-24,O
1516,2024-06-26,O
1516,2024-07-01,O
1517,2024-05-14,O
1517,2024-05-25,O
1517,2024-05-27,X
1517,2024-05-28,O
1517,2024-05-30,O
1517,2024-05-31,O
1517,2024-06-01,O
1517,2024-06-08,O
1517,2024-06-16,O
1518,2024-05-19,O
1518,2024-05-21,O
1518,2024-05-24,O
1518,2024-05-27,O
1518,2024-06-01,X
1518,2024-06-03,B
1518,2024-06-05,O
1518,2024-06-12,X
1518,2024-06-13,O
1518,2024-06-16,O
1518,2024-06-20,B
1518,2024-06-23,O
1518,2024-06-24,O
1518,2024-06-28,O
1518,2024-06-30,B
1518,2024-07-02,B
1518,2024-07-11,B
1518,2024-07-12,O
1518,2024-07-13,B
1518,2024-07-29,O
1518,2024-07-30,O
1518,2024-08-03,N
1518,2024-08-05,X
1518,2024-08-06,O
1518,2024-08-07,O
1518,2024-08-08,O
1518,2024-08-09,O
1518,2024-08-11,C
1518,2024-08-13,O
1518,2024-08-15,O
1518,2024-08-24,O
1518,2024-08-25,O
1518,2024-08-27,X
1518,2024-09-01,B
1518,2024-09-04,O
1518,2024-09-07,O
1518,2024-09-08,O
1518,2024-09-12,O
1518,2024-09-14,O
1518,2024-09-15,O
1518,2024-09-20,O
1518,2024-09-21,B
1518,2024-09-29,B
1518,2024-09-30,C
1519,2024-05-17,O
1519,2024-05-20,C
1519,2024-05-22,O
1519,2024-05-31,O
1519,2024-06-03,B
1519,2024-06-04,O
1519,2024-06-14,O
1519,2024-06-17,O
1519,2024-06-19,O
1519,2024-06-20,O
1519,2024-06-21,O
1519,2024-06-29,O
1519,2024-07-07,O
1519,2024-07-14,O
1519,2024-07-18,B
1519,2024-07-26,O
1519,2024-07-28,B
1519,2024-07-31,X
1519,2024-08-12,O
1519,2024-08-15,O
1519,2024-08-16,O
1519,2024-08-19,O
1519,2024-08-21,O
1519,2024-08-23,O
1519,2024-08-24,X
1519,2024-08-25,O
1519,2024-08-27,O
1519,2024-09-02,O
1519,2024-09-03,B
1519,2024-09-05,O
1523,2024-05-24,B
1523,2024-05-28,O
1523,2024-05-29,O
1523,2024-05-31,N
1523,2024-06-04,O
1523,2024-06-08,X
1523,2024-06-10,O
1523,2024-06-15,O
1523,2024-06-18,O
1523,2024-06-23,B
1523,2024-06-26,B
1523,2024-06-28,O
1523,2024-06-29,O
1523,2024-07-01,O
1523,2024-07-07,O
1523,2024-07-09,O
1523,2024-07-16,O
1523,2024-07-17,O
1523,2024-07-18,O
1523,2024-07-19,X
1523,2024-07-20,B
1523,2024-07-23,O
1523,2024-07-29,O
1523,2024-07-31,B
1524,2024-05-18,O
1524,2024-05-22,O
1524,2024-05-29,O
1524,2024-06-01,O
1524,2024-06-04,O
1524,2024-06-06,B
1524,2024-06-18,O
1524,2024-06-24,O
1524,2024-06-29,O
1524,2024-06-30,O
1524,2024-07-01,X
1524,2024-07-02,O
1524,2024-07-06,O
1524,2024-07-15,O
1526,2024-05-11,O
1526,2024-05-12,B
1526,2024-05-14,O
1526,2024-05-21,O
1526,2024-05-23,O
1526,2024-05-28,O
1526,2024-06-01,O
1526,2024-06-02,O
1526,2024-06-09,O
1526,2024-06-10,O
1526,2024-06-17,O
1526,2024-06-25,O
1526,2024-06-30,B
1526,2024-07-06,O
1526,2024-07-09,O
1526,2024-07-14,X
1526,2024-07-26,O
1526,2024-08-06,O
1526,2024-08-07,O
1526,2024-08-11,O
1526,2024-08-15,O
1526,2024-08-18,D
1526,2024-08-22,O
1526,2024-08-25,O
1526,2024-09-03,D
1526,2024-09-08,O
1526,2024-09-09,O
1526,2024-09-13,D
1528,2024-05-11,O
1528,2024-05-12,O
1528,2024-05-13,O
1528,2024-05-18,O
1528,2024-05-20,O
1528,2024-05-25,O
1528,2024-05-26,O
1528,2024-05-27,O
1528,2024-05-28,O
1528,2024-05-30,O
1528,2024-05-31,O
1528,2024-06-03,O
1528,2024-06-05,O
1528,2024-06-12,O
1528,2024-06-13,O
1528,2024-06-18,C
1528,2024-06-19,O
1528,2024-07-05,O
1528,2024-07-06,O
1528,2024-07-12,D
1528,2024-07-16,B
1528,2024-07-18,B
1528,2024-07-20,D
1528,2024-07-21,O
1528,2024-08-04,O
1528,2024-08-05,O
1528,2024-08-08,O
1528,2024-08-11,O
1528,2024-08-12,O
1528,2024-08-13,O
1528,2024-08-15,O
1528,2024-08-16,O
1528,2024-08-18,B
1528,2024-08-19,O
1528,2024-08-22,O
1529,2024-05-17,X
1529,2024-05-19,O
1529,2024-05-21,O
1529,2024-05-25,O
1529,2024-05-27,B
1529,2024-05-28,O
1529,2024-05-30,O
1529,2024-06-02,O
1529,2024-06-09,O
1529,2024-06-13,O
1529,2024-06-15,O
1529,2024-06-16,B
1529,2024-06-25,O
1529,2024-06-29,O
1529,2024-07-08,O
1529,2024-07-12,O
1529,2024-07-14,B
1529,2024-07-18,X
1529,2024-07-19,O
1529,2024-08-10,O
1529,2024-08-14,O
1529,2024-08-15,B
1529,2024-08-17,O
1529,2024-08-21,C
1529,2024-08-24,B
1529,2024-08-25,O
1529,2024-08-29,B
1529,2024-08-30,B
1529,2024-09-01,B
1529,2024-09-09,B
1529,2024-09-15,O
1529,2024-09-16,O
1529,2024-09-18,O
1529,2024-09-19,O
1529,2024-09-27,O
1529,2024-09-28,O
1529,2024-09-30,C
1530,2024-05-08,X
1530,2024-05-11,O
1530,2024-05-12,O
1530,2024-05-15,O
1530,2024-05-16,O
1530,2024-05-18,C
1530,2024-05-22,O
1530,2024-05-25,O
1530,2024-05-26,B
1530,2024-05-31,X
1530,2024-06-01,N
1530,2024-06-09,B
1530,2024-06-16,B
1530,2024-06-21,D
1530,2024-06-26,C
1530,2024-06-28,X
1530,2024-07-04,O
1530,2024-07-06,O
1530,2024-07-08,O
1530,2024-07-09,O
1530,2024-07-11,O
1530,2024-07-12,B
1530,2024-07-14,O
1530,2024-07-16,O
1530,2024-07-18,O
1530,2024-07-27,O
1530,2024-07-28,O
1530,2024-07-29,B
1530,2024-08-03,O
1530,2024-08-06,O
1530,2024-08-10,O
1530,2024-08-12,O
1530,2024-08-20,O
1530,2024-08-23,O
1530,2024-08-30,O
1530,2024-09-15,O
1530,2024-09-21,O
1530,2024-09-24,B
1531,2024-05-19,O
1531,2024-05-22,O
1531,2024-05-24,O
1531,2024-05-26,O
1531,2024-05-29,O
1531,2024-05-30,O
1531,2024-06-01,O
1531,2024-06-02,O
1531,2024-06-06,O
1531,2024-06-17,O
1531,2024-06-18,O
1531,2024-06-21,X
1531,2024-06-25,O
1531,2024-06-27,X
1531,2024-06-29,O
1531,2024-07-02,O
1531,2024-07-03,O
1531,2024-07-09,O
1531,2024-07-10,X
1531,2024-07-11,O
1531,2024-07-13,B
1531,2024-07-15,B
1531,2024-07-16,B
1531,2024-07-22,O
1531,2024-07-27,X
1531,2024-08-03,C
1531,2024-08-12,O
1531,2024-08-14,O
1531,2024-08-15,O
1531,2024-08-16,O
1531,2024-08-19,O
1531,2024-08-20,O
1531,2024-09-01,B
1531,2024-09-06,X
1531,2024-09-07,O
1531,2024-09-25,O
1531,2024-09-27,O
1531,2024-09-30,C
1532,2024-05-21,O
1532,2024-05-24,O
1532,2024-06-02,O
1532,2024-06-09,B
1532,2024-06-13,O
1532,2024-06-15,O
1532,2024-06-20,O
1533,2024-05-14,O
1533,2024-05-16,O
1533,2024-05-17,O
1533,2024-05-18,X
1533,2024-05-19,O
1533,2024-05-20,X
1533,2024-05-21,O
1533,2024-05-24,X
1533,2024-05-25,O
1533,2024-05-26,B
1533,2024-05-30,O
1533,2024-06-08,X
1533,2024-06-13,O
1533,2024-06-15,O
1533,2024-06-20,O
1533,2024-06-23,O
1533,2024-06-27,O
1533,2024-07-07,X
1533,2024-07-08,O
1533,2024-07-10,O
1533,2024-07-11,C
1533,2024-07-15,O
1533,2024-07-19,O
1533,2024-07-20,O
1533,2024-07-26,O
1533,2024-07-31,O
1533,2024-08-01,O
1533,2024-08-04,O
1533,2024-08-07,X
1533,2024-08-10,D
1533,2024-08-11,O
1533,2024-08-13,O
1533,2024-08-16,B
1533,2024-08-22,B
1533,2024-08-26,O
1533,2024-08-27,O
1534,2024-05-19,O
1534,2024-05-20,O
1534,2024-05-21,O
1534,2024-05-25,O
1534,2024-05-27,N
1534,2024-05-30,O
1534,2024-06-08,O
1534,2024-06-11,O
1534,2024-06-15,O
1534,2024-06-29,O
1534,2024-07-03,B
1534,2024-07-04,N
1534,2024-07-11,O
1534,2024-07-12,O
1535,2024-05-14,O
1535,2024-05-20,O
1535,2024-05-21,O
1535,2024-05-23,O
1535,2024-05-26,O
1535,2024-05-27,O
1535,2024-05-30,O
1535,2024-06-01,C
1535,2024-06-02,O
1535,2024-06-14,O
1535,2024-06-15,O
1535,2024-06-18,C
1535,2024-06-22,O
1535,2024-06-26,O
1535,2024-06-27,O
1535,2024-07-16,O
1535,2024-07-22,O
1535,2024-07-23,O
1535,2024-07-26,O
1535,2024-08-07,O
1535,2024-08-14,O
1535,2024-08-17,O
1535,2024-08-23,O
1535,2024-08-26,O
1535,2024-08-28,O
1535,2024-08-29,O
1535,2024-08-30,O
1535,2024-09-02,O
1535,2024-09-09,O
1535,2024-09-14,N
1535,2024-09-15,O
1535,2024-09-16,O
1535,2024-09-17,O
1535,2024-09-18,O
1535,2024-09-20,O
1535,2024-09-23,O
1535,2024-09-26,B
1535,2024-09-28,X
1535,2024-09-29,O
1536,2024-05-16,O
1536,2024-05-17,O
1536,2024-05-26,O
1536,2024-05-28,C
1536,2024-05-30,O
1536,2024-05-31,X
1536,2024-06-07,O
1536,2024-06-11,C
1536,2024-06-13,O
1536,2024-06-15,O
1536,2024-06-18,C
1536,2024-06-23,O
1536,2024-06-27,O
1536,2024-07-03,O
1536,2024-07-04,O
1538,2024-05-14,O
1538,2024-05-15,O
1538,2024-05-18,O
1538,2024-05-20,X
1538,2024-05-22,O
1538,2024-05-23,O
1538,2024-05-25,X
1538,2024-06-11,O
1538,2024-06-16,O
1539,2024-05-10,O
1539,2024-05-18,O
1539,2024-05-20,O
1539,2024-05-21,O
1539,2024-05-23,C
1539,2024-05-24,O
1539,2024-05-26,O
1539,2024-06-04,O
1539,2024-06-14,X
1539,2024-06-18,O
1539,2024-06-21,O
1539,2024-06-23,B
1539,2024-06-25,O
1539,2024-06-27,O
1539,2024-06-29,O
1539,2024-07-01,O
1539,2024-07-04,O
1539,2024-07-08,O
1539,2024-08-09,O
1539,2024-08-13,O
1539,2024-08-21,O
1539,2024-08-26,B
1539,2024-08-28,O
1539,2024-08-31,O
1539,2024-09-02,O
1539,2024-09-05,O
1539,2024-09-12,X
1539,2024-09-13,X
1539,2024-09-14,O
1541,2024-05-13,O
1541,2024-05-15,O
1541,2024-05-16,O
1541,2024-05-21,O
1541,2024-05-26,X
1541,2024-05-27,O
1541,2024-05-28,X
1541,2024-05-31,O
1541,2024-06-09,O
1541,2024-06-11,O
1541,2024-06-15,O
1541,2024-06-25,O
1541,2024-06-26,B
1541,2024-06-30,O
1541,2024-07-01,B
1541,2024-07-06,O
1541,2024-07-08,B
1541,2024-07-09,X
1542,2024-05-19,O
1542,2024-05-21,O
1542,2024-05-25,B
1542,2024-05-28,O
1542,2024-05-29,O
1542,2024-05-31,O
1542,2024-06-04,O
1542,2024-06-08,O
1542,2024-06-12,O
1542,2024-06-21,O
1542,2024-06-24,O
1542,2024-06-25,O
1542,2024-06-30,O
1542,2024-07-05,B
1542,2024-07-08,O
1542,2024-07-11,O
1542,2024-07-12,O
1542,2024-07-18,O
1542,2024-07-19,O
1542,2024-07-21,O
1542,2024-07-23,O
1543,2024-05-16,C
1543,2024-05-22,O
1543,2024-05-23,O
1543,2024-05-24,O
1543,2024-05-25,B
1543,2024-06-04,B
1543,2024-06-08,O
1543,2024-06-09,O
1543,2024-06-11,O
1543,2024-06-12,O
1543,2024-06-18,B
1543,2024-06-20,O
1543,2024-06-24,O
1543,2024-06-28,B
1543,2024-07-02,X
1543,2024-07-03,O
1543,2024-07-05,B
1543,2024-07-13,B
1543,2024-07-15,O
1543,2024-07-23,O
1543,2024-07-25,O
1543,2024-07-29,O
1543,2024-07-30,O
1543,2024-08-04,O
1543,2024-08-13,O
1543,2024-08-16,O
1543,2024-08-21,O
1543,2024-08-23,O
1543,2024-08-28,O
1543,2024-08-30,O
1543,2024-09-04,B
1543,2024-09-06,X
1543,2024-09-09,O
1543,2024-09-20,B
1543,2024-09-22,X
1543,2024-09-25,B
1543,2024-09-27,O
1543,2024-09-30,O
1545,2024-05-13,N
1545,2024-05-14,O
1545,2024-05-18,O
1545,2024-05-19,O
1545,2024-05-20,D
1545,2024-05-21,O
1545,2024-05-26,O
1545,2024-05-28,O
1545,2024-05-30,O
1545,2024-06-07,B
1545,2024-06-19,O
1545,2024-06-20,X
1545,2024-06-25,O
1545,2024-06-29,O
1545,2024-07-02,O
1545,2024-07-03,O
1545,2024-07-04,O
1545,2024-07-05,B
1545,2024-07-06,O
1545,2024-07-08,O
1545,2024-07-09,O
1545,2024-07-14,B
1545,2024-07-18,O
1545,2024-07-21,O
1545,2024-07-29,O
1545,2024-08-01,O
1545,2024-08-09,O
1545,2024-08-11,O
1545,2024-08-12,O
1545,2024-08-13,O
1545,2024-08-16,B
1545,2024-08-21,O
1545,2024-08-22,O
1545,2024-08-24,O
1545,2024-08-26,O
1545,2024-08-31,O
1547,2024-05-13,O
1547,2024-05-23,O
1547,2024-05-27,O
1547,2024-05-28,O
1547,2024-05-30,O
1547,2024-06-01,O
1547,2024-06-07,O
1547,2024-06-11,O
1547,2024-06-18,O
1547,2024-06-20,O
1548,2024-05-19,O
1548,2024-05-21,O
1548,2024-05-22,O
1548,2024-05-27,O
1548,2024-05-29,O
1548,2024-06-01,O
1548,2024-06-04,O
1548,2024-06-05,O
1548,2024-06-12,B
1548,2024-06-15,O
1548,2024-06-19,O
1548,2024-06-20,X
1548,2024-07-01,O
1548,2024-07-03,C
1548,2024-07-07,C
1548,2024-07-10,X
1549,2024-05-13,O
1549,2024-05-18,O
1549,2024-05-22,O
1549,2024-05-23,O
1549,2024-05-24,O
1549,2024-05-25,O
1549,2024-05-27,B
1549,2024-05-30,O
1549,2024-06-01,O
1549,2024-06-02,O
1549,2024-06-08,O
1549,2024-06-22,O
1549,2024-06-25,B
1549,2024-07-08,B
1549,2024-07-11,B
1549,2024-07-14,O
1549,2024-07-21,O
1549,2024-07-22,O
1549,2024-07-25,C
1549,2024-07-26,B
1549,2024-07-29,O
1549,2024-08-02,O
1549,2024-08-04,O
1549,2024-08-09,O
1549,2024-08-15,X
1549,2024-08-17,B
1549,2024-08-25,O
1549,2024-08-26,O
1549,2024-08-28,X
1549,2024-08-31,B
1551,2024-05-15,O
1551,2024-05-16,O
1551,2024-05-17,O
1551,2024-05-18,O
1551,2024-05-21,X
1551,2024-05-24,O
1551,2024-06-03,O
1551,2024-06-12,O
1551,2024-06-13,O
1551,2024-06-30,O
1551,2024-07-03,O
1552,2024-05-19,O
1552,2024-05-24,O
1552,2024-05-26,O
1552,2024-05-29,O
1552,2024-05-31,O
1552,2024-06-01,O
1552,2024-06-04,O
1552,2024-06-06,O
1552,2024-06-07,O
1552,2024-06-08,O
1552,2024-06-09,O
1552,2024-06-11,B
1552,2024-06-13,O
1552,2024-06-14,O
1552,2024-06-23,O
1552,2024-06-26,O
1552,2024-06-27,O
1552,2024-06-29,O
1552,2024-07-11,X
1552,2024-07-12,O
1552,2024-07-14,O
1552,2024-07-19,O
1552,2024-07-20,O
1552,2024-07-30,O
1552,2024-08-04,O
1552,2024-08-09,O
1552,2024-08-11,O
1552,2024-08-14,O
1553,2024-05-14,O
1553,2024-05-17,O
1553,2024-05-23,O
1553,2024-05-29,O
1553,2024-06-07,X
1553,2024-06-10,O
1553,2024-06-25,O
1553,2024-06-26,O
1553,2024-06-27,O
1553,2024-07-01,O
1553,2024-07-03,O
1553,2024-07-18,O
1553,2024-07-19,O
1553,2024-07-25,O
1554,2024-05-16,O
1554,2024-05-17,B
1554,2024-05-19,O
1554,2024-05-21,B
1554,2024-05-22,O
1554,2024-05-28,O
1554,2024-06-04,O
1554,2024-06-06,O
1554,2024-06-12,C
1554,2024-06-13,O
1554,2024-06-15,B
1554,2024-06-16,O
1554,2024-06-19,X
1554,2024-06-23,C
1554,2024-06-25,O
1554,2024-06-26,O
1554,2024-06-28,B
1554,2024-07-04,O
1554,2024-07-13,O
1554,2024-07-14,X
1554,2024-07-16,O
1554,2024-07-17,O
1554,2024-07-18,O
1554,2024-07-23,O
1554,2024-08-07,O
1554,2024-08-11,O
1554,2024-08-12,O
1554,2024-08-20,O
1554,2024-08-21,O
1554,2024-08-23,O
1554,2024-08-28,X
1554,2024-08-29,B
1554,2024-08-31,B
1554,2024-09-04,D
1554,2024-09-09,O
1554,2024-09-11,B
1554,2024-09-19,C
1554,2024-09-21,C
1554,2024-09-24,O
1554,2024-09-25,O
1554,2024-09-27,C
1554,2024-09-30,O
1555,2024-05-20,O
1555,2024-05-22,O
1555,2024-05-23,O
1555,2024-05-27,O
1555,2024-05-28,B
1555,2024-05-29,O
1555,2024-05-31,C
1555,2024-06-10,B
1555,2024-06-11,O
1555,2024-06-14,O
1555,2024-06-18,B
1555,2024-06-19,O
1555,2024-06-25,O
1555,2024-06-29,O
1555,2024-06-30,B
1555,2024-07-04,O
1555,2024-07-05,O
1555,2024-07-11,B
1555,2024-07-20,O
1555,2024-07-21,B
1555,2024-07-22,O
1555,2024-07-24,B
1555,2024-07-30,O
1557,2024-05-20,O
1557,2024-05-21,O
1557,2024-05-27,B
1557,2024-06-06,O
1557,2024-06-12,O
1557,2024-06-15,O
1557,2024-06-16,O
1557,2024-06-18,B
1557,2024-06-22,O
1557,2024-06-26,O
1557,2024-06-27,O
1557,2024-06-29,O
1557,2024-06-30,O
1557,2024-07-04,C
1557,2024-07-06,D
1557,2024-07-07,O
1557,2024-07-11,O
1557,2024-07-12,N
1557,2024-07-14,O
1557,2024-07-18,O
1557,2024-07-21,O
1557,2024-07-25,O
1557,2024-07-27,C
1557,2024-07-28,B
1557,2024-07-30,B
1557,2024-08-01,O
1557,2024-08-02,B
1557,2024-08-03,O
1557,2024-08-05,O
1557,2024-08-08,B
1557,2024-08-09,O
1557,2024-08-17,O
1557,2024-08-19,B
1557,2024-08-20,B
1558,2024-05-20,O
1558,2024-05-21,O
1558,2024-05-23,C
1558,2024-05-28,X
1558,2024-05-29,O
1558,2024-06-07,B
1558,2024-06-09,O
1558,2024-06-12,O
1558,2024-06-14,O
1558,2024-06-23,O
1558,2024-06-25,O
1558,2024-06-30,O
1558,2024-07-01,O
1558,2024-07-13,O
1558,2024-07-17,O
1558,2024-07-18,O
1558,2024-07-19,O
1558,2024-07-22,B
1558,2024-07-29,O
1558,2024-08-09,O
1558,2024-08-11,O
1558,2024-08-12,O
1558,2024-08-16,X
1558,2024-08-17,O
1558,2024-08-18,O
1558,2024-08-21,O
1558,2024-08-22,B
1558,2024-08-23,O
1558,2024-08-26,X
1558,2024-08-29,N
1558,2024-09-01,C
1558,2024-09-04,B
1558,2024-09-11,O
1558,2024-09-12,B
1558,2024-09-18,O
1558,2024-09-25,O
1558,2024-09-26,O
1558,2024-09-27,O
1559,2024-05-14,O
1559,2024-05-19,O
1559,2024-05-21,X
1559,2024-05-26,O
1559,2024-05-28,O
1559,2024-05-30,B
1559,2024-06-05,O
1559,2024-06-06,N
1559,2024-06-08,O
1559,2024-06-12,O
1559,2024-06-14,O
1559,2024-06-18,O
1559,2024-06-21,O
1559,2024-06-22,O
1559,2024-06-23,O
1559,2024-06-29,O
1559,2024-07-04,O
1559,2024-07-05,B
1559,2024-07-08,O
1559,2024-07-20,X
1559,2024-07-21,O
1559,2024-07-22,O
1559,2024-07-23,O
1559,2024-07-29,O
1559,2024-08-01,X
1559,2024-08-03,O
1559,2024-08-07,O
1559,2024-08-09,B
1559,2024-08-10,O
1559,2024-08-11,O
1559,2024-08-20,O
1559,2024-08-21,O
1559,2024-08-23,O
1559,2024-08-30,O
1559,2024-09-02,O
1559,2024-09-03,O
1560,2024-05-18,O
1560,2024-05-19,O
1560,2024-05-22,O
1560,2024-05-26,O
1560,2024-05-29,O
1560,2024-05-30,O
1560,2024-06-14,O
1560,2024-06-15,O
1560,2024-06-17,O
1560,2024-07-02,X
1560,2024-07-04,O
1561,2024-05-14,O
1561,2024-05-15,X
1561,2024-05-16,O
1561,2024-05-18,O
1561,2024-05-19,O
1561,2024-05-21,O
1561,2024-05-23,O
1561,2024-05-26,O
1561,2024-05-29,O
1561,2024-05-30,O
1561,2024-05-31,O
1561,2024-06-01,X
1561,2024-06-04,O
1561,2024-06-07,O
1561,2024-06-08,O
1561,2024-06-10,O
1561,2024-06-15,O
1561,2024-06-20,O
1561,2024-06-23,O
1561,2024-06-30,O
1561,2024-07-01,C
1561,2024-07-04,B
1561,2024-07-07,O
1563,2024-05-15,O
1563,2024-05-18,O
1563,2024-05-25,O
1563,2024-06-02,O
1563,2024-06-05,O
1563,2024-06-11,B
1563,2024-06-14,O
1563,2024-06-21,O
1563,2024-06-23,B
1563,2024-06-27,X
1563,2024-06-28,O
1563,2024-06-29,O
1564,2024-05-14,O
1564,2024-05-16,O
1564,2024-05-17,O
1564,2024-05-19,O
1564,2024-05-20,B
1564,2024-05-23,O
1564,2024-05-24,O
1564,2024-05-30,O
1564,2024-05-31,O
1564,2024-06-01,O
1564,2024-06-04,O
1564,2024-06-17,O
1564,2024-06-22,O
1564,2024-06-24,C
1564,2024-06-30,O
1564,2024-07-01,O
1564,2024-07-06,O
1564,2024-07-12,O
1564,2024-07-20,O
1564,2024-07-21,O
1564,2024-07-25,B
1564,2024-07-26,O
1564,2024-07-29,O
1564,2024-08-07,O
1564,2024-08-10,B
1564,2024-08-12,O
1564,2024-08-13,O
1567,2024-05-18,O
1567,2024-05-20,O
1567,2024-05-21,O
1567,2024-05-23,X
1567,2024-05-26,O
1567,2024-05-27,O
1567,2024-05-28,O
1567,2024-05-29,B
1567,2024-05-31,B
1567,2024-06-03,O
1567,2024-06-06,O
1567,2024-06-09,O
1567,2024-06-16,O
1567,2024-06-18,X
1567,2024-06-20,O
1567,2024-06-24,O
1567,2024-06-30,O
1567,2024-07-18,O
1567,2024-07-28,O
1567,2024-07-29,O
1567,2024-07-31,O
1567,2024-08-02,O
1567,2024-08-03,D
1567,2024-08-12,O
1567,2024-08-13,B
1567,2024-08-14,O
1567,2024-08-16,O
1567,2024-08-19,O
1567,2024-08-26,O
1569,2024-05-17,O
1569,2024-05-18,B
1569,2024-05-19,O
1569,2024-05-25,O
1569,2024-05-26,O
1569,2024-05-27,O
1569,2024-06-06,O
1569,2024-06-08,O
1569,2024-06-10,O
1569,2024-06-12,O
1569,2024-06-14,O
1569,2024-06-15,O
1569,2024-06-21,B
1569,2024-06-22,O
1569,2024-06-24,B
1569,2024-07-08,O
1569,2024-07-14,O
1569,2024-07-17,B
1569,2024-07-19,O
1569,2024-07-22,O
1569,2024-07-27,O
1569,2024-07-29,B
1571,2024-05-17,O
1571,2024-05-19,B
1571,2024-05-25,B
1571,2024-05-26,O
1571,2024-06-02,O
1571,2024-06-09,N
1571,2024-06-16,O
1571,2024-06-17,B
1571,2024-06-18,O
1571,2024-06-21,O
1571,2024-06-23,O
1571,2024-06-29,O
1571,2024-07-08,B
1571,2024-07-09,O
1571,2024-07-12,O
1571,2024-07-13,O
1573,2024-05-15,O
1573,2024-05-24,O
1573,2024-05-27,O
1573,2024-05-28,O
1573,2024-05-29,O
1573,2024-05-30,O
1573,2024-06-02,O
1573,2024-06-05,B
1573,2024-06-08,O
1573,2024-06-10,O
1573,2024-06-21,B
1573,2024-06-26,O
1573,2024-06-29,O
1573,2024-07-04,O
1573,2024-07-06,O
1573,2024-07-10,C
1573,2024-07-11,O
1573,2024-07-18,O
1573,2024-07-20,O
1573,2024-07-22,O
1573,2024-07-25,O
1573,2024-07-30,O
1573,2024-07-31,B
1573,2024-08-02,B
1573,2024-08-03,B
1573,2024-08-09,O
1573,2024-08-13,B
1573,2024-08-14,O
1573,2024-08-17,X
1573,2024-08-26,O
1573,2024-08-27,X
1573,2024-08-28,N
1573,2024-09-04,O
1573,2024-09-10,B
1573,2024-09-11,O
1573,2024-09-14,O
1574,2024-05-18,B
1574,2024-05-19,O
1574,2024-05-21,O
1574,2024-05-27,B
1574,2024-05-31,O
1574,2024-06-01,O
1574,2024-06-05,O
1574,2024-06-13,O
1574,2024-06-14,O
1574,2024-06-16,C
1574,2024-06-17,O
1574,2024-06-20,B
1574,2024-06-23,X
1574,2024-06-25,O
1574,2024-06-26,O
1574,2024-06-29,X
1574,2024-07-03,O
1574,2024-07-08,X
1574,2024-07-12,O
1574,2024-07-18,O
1574,2024-07-28,B
1574,2024-08-07,O
1574,2024-08-10,B
1574,2024-08-11,O
1574,2024-08-16,O
1574,2024-08-21,O
1574,2024-08-22,X
1574,2024-09-01,D
1575,2024-05-12,O
1575,2024-05-13,O
1575,2024-05-17,O
1575,2024-05-21,O
1575,2024-05-25,O
1575,2024-05-26,O
1575,2024-05-28,O
1575,2024-06-02,O
1575,2024-06-07,B
1575,2024-06-09,O
1575,2024-06-14,O
1575,2024-06-18,O
1575,2024-06-23,O
1575,2024-06-24,B
1575,2024-06-26,O
1575,2024-06-27,O
1575,2024-06-28,O
1575,2024-06-29,C
1575,2024-07-05,O
1575,2024-07-06,O
1575,2024-07-14,B
1575,2024-07-16,O
1575,2024-07-21,O
1575,2024-07-25,O
1575,2024-07-28,O
1575,2024-07-29,O
1575,2024-07-30,O
1575,2024-07-31,O
1575,2024-08-06,B
1575,2024-08-12,O
1575,2024-08-21,O
1575,2024-08-22,O
1575,2024-08-27,O
1575,2024-08-31,O
1575,2024-09-06,O
1575,2024-09-10,O
1575,2024-09-13,N
1575,2024-09-16,X
1575,2024-09-18,B
1575,2024-09-19,X
1575,2024-09-22,X
1575,2024-09-24,O
1575,2024-09-28,O
1577,2024-05-19,C
1577,2024-05-23,O
1577,2024-05-26,O
1577,2024-05-30,O
1577,2024-06-02,O
1577,2024-06-06,O
1577,2024-06-09,O
1577,2024-06-21,O
1577,2024-06-23,O
1577,2024-06-24,O
1577,2024-06-27,B
1577,2024-07-01,O
1577,2024-07-06,O
1577,2024-07-07,B
1577,2024-07-08,O
1577,2024-07-09,O
1577,2024-07-10,O
1577,2024-07-14,O
1577,2024-07-25,O
1577,2024-07-26,C
1577,2024-08-09,O
1577,2024-08-10,O
1577,2024-08-15,O
1577,2024-08-23,O
1577,2024-08-29,B
1577,2024-09-01,X
1577,2024-09-02,O
1577,2024-09-03,B
1577,2024-09-07,O
1577,2024-09-11,B
1577,2024-09-12,O
1577,2024-09-14,O
1577,2024-09-16,O
1578,2024-05-12,O
1578,2024-05-15,O
1578,2024-05-17,O
1578,2024-05-21,O
1578,2024-05-23,O
1578,2024-05-24,B
1578,2024-05-25,O
1578,2024-05-30,O
1578,2024-06-01,O
1578,2024-06-02,B
1578,2024-06-06,O
1578,2024-06-09,O
1578,2024-06-12,B
1578,2024-06-16,O
1578,2024-06-17,O
1578,2024-06-27,O
1578,2024-06-30,O
1578,2024-07-02,O
1578,2024-07-06,O
1578,2024-07-14,O
1578,2024-07-30,O
1578,2024-08-03,O
1579,2024-05-13,O
1579,2024-05-18,O
1579,2024-05-24,O
1579,2024-05-27,O
1579,2024-05-29,B
1579,2024-06-01,B
1579,2024-06-10,O
1579,2024-06-12,O
1579,2024-06-15,B
1579,2024-06-18,O
1579,2024-06-20,O
1579,2024-06-22,B
1579,2024-06-25,B
1579,2024-07-02,O
1579,2024-07-08,O
1582,2024-05-13,O
1582,2024-05-16,O
1582,2024-05-18,B
1582,2024-05-20,O
1582,2024-05-22,O
1582,2024-05-25,X
1582,2024-05-26,O
1582,2024-05-28,O
1582,2024-05-29,B
1582,2024-05-30,O
1582,2024-06-03,O
1582,2024-06-09,O
1582,2024-06-12,O
1583,2024-05-16,O
1583,2024-05-23,X
1583,2024-05-29,O
1583,2024-06-02,B
1583,2024-06-10,O
1583,2024-06-15,B
1583,2024-06-18,O
1583,2024-06-23,O
1583,2024-06-27,X
1583,2024-06-28,O
1583,2024-06-30,O
1583,2024-07-02,O
1583,2024-07-10,O
1583,2024-07-17,B
1583,2024-07-31,O
1583,2024-08-01,B
1583,2024-08-02,C
1583,2024-08-03,O
1583,2024-08-08,B
1583,2024-08-14,O
1583,2024-08-16,O
1583,2024-08-18,O
1583,2024-08-19,O
1583,2024-08-28,O
1583,2024-08-29,O
1583,2024-08-30,O
1583,2024-09-03,O
1587,2024-05-12,D
1587,2024-05-17,O
1587,2024-05-19,C
1587,2024-05-22,X
1587,2024-05-29,O
1587,2024-05-31,O
1587,2024-06-02,O
1587,2024-06-05,B
1587,2024-06-06,B
1587,2024-06-09,X
1587,2024-06-10,O
1587,2024-06-11,X
1587,2024-06-12,O
1587,2024-06-21,O
1587,2024-06-22,O
1587,2024-06-30,O
1587,2024-07-03,X
1587,2024-07-16,O
1587,2024-07-31,B
1587,2024-08-02,X
1587,2024-08-03,O
1587,2024-08-06,O
1587,2024-08-12,O
1587,2024-08-18,B
1587,2024-08-19,O
1587,2024-08-20,O
1587,2024-08-23,O
1587,2024-08-27,O
1587,2024-09-05,O
1587,2024-09-13,B
1587,2024-09-18,X
1587,2024-09-23,X
1588,2024-05-19,O
1588,2024-05-20,O
1588,2024-05-21,O
1588,2024-05-28,O
1588,2024-05-30,B
1588,2024-06-13,B
1588,2024-06-14,O
1588,2024-06-21,O
1588,2024-06-29,O
1588,2024-07-03,O
1588,2024-07-07,B
1588,2024-07-10,O
1588,2024-07-13,O
1588,2024-07-19,O
1588,2024-07-23,O
1588,2024-07-24,B
1588,2024-07-27,B
1588,2024-08-02,B
1588,2024-08-09,O
1588,2024-08-15,O
1588,2024-08-18,B
1588,2024-08-20,B
1588,2024-08-21,D
1588,2024-09-01,D
1588,2024-09-02,B
1588,2024-09-03,C
1588,2024-09-06,O
1588,2024-09-08,O
1588,2024-09-17,C
1588,2024-09-18,O
1588,2024-09-23,O
1588,2024-09-25,C
1588,2024-09-29,X
1588,2024-09-30,C
1589,2024-05-16,O
1589,2024-05-17,O
1589,2024-05-20,X
1589,2024-05-22,O
1589,2024-05-23,O
1589,2024-06-03,O
1589,2024-06-07,O
1589,2024-06-16,X
1589,2024-06-19,B
1589,2024-07-03,O
1589,2024-07-08,O
1589,2024-07-12,O
1590,2024-05-15,O
1590,2024-05-25,O
1590,2024-05-27,O
1590,2024-05-31,O
1590,2024-06-03,O
1590,2024-06-05,C
1590,2024-06-07,O
1590,2024-06-08,O
1590,2024-06-09,O
1590,2024-06-10,O
1590,2024-06-13,B
1590,2024-06-20,X
1592,2024-05-23,O
1592,2024-05-29,O
1592,2024-06-04,O
1592,2024-06-05,O
1592,2024-06-09,O
1592,2024-06-11,O
1592,2024-06-14,O
1592,2024-06-17,O
1592,2024-06-22,O
1592,2024-06-24,O
1592,2024-06-25,O
1592,2024-06-29,X
1592,2024-06-30,X
1592,2024-07-02,O
1592,2024-07-04,O
1592,2024-07-11,O
1592,2024-07-14,O
1592,2024-07-16,O
1592,2024-07-17,O
1592,2024-07-20,O
1592,2024-07-21,O
1592,2024-07-28,O
1592,2024-08-02,O
1592,2024-08-09,B
1592,2024-08-12,O
1592,2024-08-18,O
1592,2024-08-20,O
1592,2024-08-22,O
1592,2024-08-23,O
1592,2024-08-26,O
1592,2024-08-27,O
1593,2024-05-19,O
1593,2024-05-20,B
1593,2024-05-23,O
1593,2024-05-24,X
1593,2024-05-30,B
1593,2024-06-11,O
1593,2024-06-20,O
1593,2024-06-21,O
1593,2024-06-24,O
1593,2024-06-28,B
1593,2024-07-01,O
1593,2024-07-02,O
1593,2024-07-03,X
1593,2024-07-04,O
1593,2024-07-05,O
1593,2024-07-09,O
1593,2024-07-10,B
1593,2024-07-11,B
1593,2024-07-14,B
1593,2024-07-16,O
1593,2024-07-22,O
1593,2024-07-24,C
1593,2024-07-27,X
1593,2024-07-31,B
1593,2024-08-02,O
1593,2024-08-09,O
1593,2024-08-11,B
1593,2024-08-15,O
1593,2024-08-16,O
1593,2024-08-18,O
1593,2024-08-19,O
1593,2024-08-21,O
1593,2024-08-24,B
1593,2024-08-27,O
1595,2024-05-11,O
1595,2024-05-13,O
1595,2024-05-21,X
1595,2024-05-24,O
1595,2024-05-28,O
1595,2024-05-31,O
1595,2024-06-05,O
1595,2024-06-07,O
1595,2024-06-08,D
1595,2024-06-12,O
1595,2024-06-24,O
1595,2024-06-30,O
1595,2024-07-03,X
1595,2024-07-04,O
1595,2024-07-05,O
1595,2024-07-06,O
1595,2024-07-10,O
1595,2024-07-11,B
1595,2024-07-12,O
1595,2024-07-14,B
1595,2024-07-16,B
1595,2024-07-23,X
1595,2024-07-27,O
1595,2024-08-02,B
1595,2024-08-11,O
1595,2024-08-15,O
1595,2024-08-17,O
1595,2024-08-19,X
1595,2024-08-24,O
1595,2024-08-31,O
1598,2024-05-17,O
1598,2024-05-18,C
1598,2024-05-19,O
1598,2024-05-20,O
1598,2024-06-02,O
1598,2024-06-05,O
1598,2024-06-08,O
1598,2024-06-11,O
1598,2024-06-15,O
1598,2024-06-17,B
1598,2024-06-21,O
1598,2024-06-24,O
1598,2024-06-25,O
1598,2024-07-05,O
1599,2024-05-16,X
1599,2024-05-19,O
1599,2024-05-20,O
1599,2024-05-21,O
1599,2024-05-23,O
1599,2024-05-25,B
1599,2024-05-28,O
1599,2024-06-08,O
1599,2024-06-15,O
1599,2024-06-21,O
1599,2024-06-22,O
1599,2024-06-26,O
1599,2024-07-01,O
1599,2024-07-05,O
1599,2024-07-07,O
1599,2024-07-14,O
1599,2024-07-19,O
1599,2024-07-24,O
1599,2024-08-02,O
1599,2024-08-05,O
1599,2024-08-08,O
1599,2024-08-11,O
1599,2024-08-14,O
1599,2024-08-19,O
1599,2024-08-22,O
1599,2024-08-23,O
1599,2024-08-24,O
1599,2024-08-25,O
1600,2024-05-17,O
1600,2024-05-21,O
1600,2024-05-24,B
1600,2024-05-30,O
1600,2024-05-31,O
1600,2024-06-06,O
1600,2024-06-08,O
1600,2024-06-14,O
1600,2024-06-17,O
1600,2024-06-29,B
1600,2024-07-04,O
1600,2024-07-09,O
1600,2024-07-15,B
1600,2024-07-16,O
1600,2024-07-24,O
1600,2024-07-25,O
1600,2024-07-27,O
1600,2024-07-29,O
1600,2024-08-06,B
1600,2024-08-08,O
1600,2024-08-12,O
1600,2024-08-13,O
1600,2024-08-15,O
1600,2024-08-16,O
1600,2024-08-18,O
1600,2024-08-24,O
1600,2024-08-26,B
1600,2024-08-29,O
1600,2024-09-02,X
1600,2024-09-06,D
1600,2024-09-09,O
1601,2024-05-22,X
1601,2024-05-24,O
1601,2024-05-25,O
1601,2024-05-27,O
1601,2024-05-28,O
1601,2024-05-31,O
1601,2024-06-11,O
1601,2024-06-17,B
1601,2024-06-21,O
1601,2024-06-22,O
1601,2024-06-25,X
1601,2024-06-26,O
1601,2024-06-29,O
1601,2024-07-04,X
1601,2024-07-05,O
1601,2024-07-07,O
1601,2024-07-20,O
1601,2024-07-21,O
1601,2024-07-23,X
1601,2024-07-29,O
1601,2024-07-30,O
1601,2024-08-03,O
1601,2024-08-04,O
1601,2024-08-09,X
1601,2024-08-19,O
1601,2024-08-20,O
1601,2024-09-11,O
1601,2024-09-13,O
1602,2024-05-17,X
1602,2024-05-18,B
1602,2024-05-21,O
1602,2024-05-23,O
1602,2024-05-26,O
1602,2024-05-27,O
1602,2024-05-28,O
1602,2024-05-31,O
1602,2024-06-03,O
1602,2024-06-06,O
1602,2024-06-08,B
1602,2024-06-09,B
1602,2024-06-19,X
1602,2024-06-24,O
1602,2024-06-28,B
1602,2024-07-02,O
1602,2024-07-03,O
1602,2024-07-04,O
1602,2024-07-05,B
1602,2024-07-06,O
1602,2024-07-13,X
1602,2024-07-25,O
1602,2024-07-27,O
1602,2024-07-28,B
1602,2024-07-29,O
1602,2024-08-02,O
1602,2024-08-04,O
1602,2024-08-11,O
1602,2024-08-28,O
1602,2024-09-05,O
1602,2024-09-07,O
1602,2024-09-09,O
1602,2024-09-14,O
1602,2024-09-17,O
1602,2024-09-18,O
1602,2024-09-20,X
1602,2024-09-22,O
1602,2024-09-24,O
1602,2024-09-30,B
1603,2024-05-21,O
1603,2024-05-23,O
1603,2024-05-29,O
1603,2024-06-01,O
1603,2024-06-09,O
1603,2024-06-15,O
1603,2024-06-20,B
1603,2024-06-23,O
1603,2024-06-25,D
1603,2024-06-26,O
1603,2024-06-29,O
1603,2024-07-21,O
1604,2024-05-20,O
1604,2024-05-30,O
1604,2024-05-31,O
1604,2024-06-01,O
1604,2024-06-03,O
1604,2024-06-06,O
1604,2024-06-08,O
1604,2024-06-10,O
1604,2024-06-13,O
1604,2024-06-27,O
1604,2024-07-01,O
1604,2024-07-06,B
1604,2024-07-07,O
1604,2024-07-08,O
1604,2024-07-09,B
1604,2024-07-13,O
1604,2024-07-18,B
1604,2024-07-19,O
1604,2024-07-22,O
1604,2024-07-24,B
1604,2024-07-27,B
1604,2024-07-28,O
1604,2024-07-29,O
1604,2024-07-31,O
1604,2024-08-05,O
1604,2024-08-10,O
1604,2024-08-13,O
1604,2024-08-14,O
1604,2024-08-16,O
1604,2024-08-17,B
1604,2024-08-22,O
1604,2024-08-23,X
1604,2024-08-28,O
1604,2024-08-29,O
1605,2024-05-25,O
1605,2024-05-27,X
1605,2024-05-28,O
1605,2024-05-30,O
1605,2024-05-31,O
1605,2024-06-03,B
1605,2024-06-05,B
1605,2024-06-14,B
1605,2024-06-17,O
1605,2024-06-18,O
1605,2024-06-26,O
1605,2024-06-27,O
1605,2024-07-01,O
1605,2024-07-05,O
1605,2024-07-12,X
1606,2024-05-28,O
1606,2024-05-29,C
1606,2024-05-31,O
1606,2024-06-11,O
1606,2024-06-13,O
1606,2024-06-17,O
1606,2024-06-24,O
1606,2024-06-25,O
1606,2024-06-28,O
1606,2024-06-29,O
1606,2024-07-02,O
1606,2024-07-09,O
1606,2024-07-10,O
1606,2024-07-11,N
1606,2024-07-15,O
1606,2024-07-16,O
1606,2024-07-17,O
1606,2024-07-23,O
1606,2024-07-28,O
1606,2024-07-31,O
1606,2024-08-01,O
1606,2024-08-02,O
1606,2024-08-03,O
1606,2024-08-05,O
1606,2024-08-15,O
1606,2024-08-18,O
1606,2024-08-23,O
1606,2024-08-29,O
1606,2024-09-01,O
1606,2024-09-05,B
1606,2024-09-08,X
1606,2024-09-09,O
1606,2024-09-12,B
1606,2024-09-20,O
1607,2024-05-22,B
1607,2024-05-23,B
1607,2024-05-27,B
1607,2024-05-31,O
1607,2024-06-03,B
1607,2024-06-08,O
1607,2024-06-11,O
1607,2024-06-15,O
1607,2024-06-18,O
1607,2024-06-19,O
1607,2024-06-23,O
1607,2024-06-24,X
1607,2024-06-30,O
1607,2024-07-07,O
1607,2024-07-10,C
1607,2024-07-11,O
1607,2024-07-13,B
1607,2024-07-17,O
1607,2024-07-20,O
1607,2024-07-23,O
1607,2024-07-26,O
1607,2024-08-02,O
1607,2024-08-03,C
1607,2024-08-07,O
1607,2024-08-09,O
1607,2024-08-18,B
1607,2024-08-19,B
1607,2024-08-26,N
1607,2024-08-27,O
1607,2024-08-29,O
1607,2024-08-30,O
1607,2024-09-04,O
1607,2024-09-06,O
1607,2024-09-14,C
1607,2024-09-20,B
1607,2024-09-22,O
1607,2024-09-24,O
1608,2024-05-26,O
1608,2024-05-30,O
1608,2024-05-31,O
1608,2024-06-02,O
1608,2024-06-04,O
1608,2024-06-08,B
1608,2024-06-10,O
1608,2024-06-15,O
1608,2024-06-20,B
1608,2024-06-25,O
1608,2024-06-29,O
1608,2024-07-02,O
1608,2024-07-04,O
1608,2024-07-13,B
1608,2024-07-23,O
1608,2024-07-24,C
1608,2024-07-25,O
1608,2024-07-27,O
1608,2024-07-31,O
1608,2024-08-05,O
1608,2024-08-09,O
1608,2024-08-10,O
1608,2024-08-13,O
1608,2024-08-16,B
1608,2024-08-18,C
1608,2024-08-22,O
1608,2024-08-28,D
1608,2024-08-31,O
1608,2024-09-01,B
1608,2024-09-10,X
1608,2024-09-13,O
1608,2024-09-23,C
1608,2024-09-28,O
1609,2024-05-20,O
1609,2024-05-21,O
1609,2024-05-22,D
1609,2024-05-23,O
1609,2024-05-24,O
1609,2024-05-26,O
1609,2024-05-27,O
1609,2024-06-02,O
1609,2024-06-03,B
1609,2024-06-07,C
1609,2024-06-21,O
1609,2024-06-23,B
1609,2024-06-30,O
1609,2024-07-01,O
1609,2024-07-04,O
1609,2024-07-11,O
1609,2024-07-13,O
1609,2024-07-17,O
1609,2024-07-22,O
1609,2024-07-27,B
1609,2024-07-30,O
1609,2024-07-31,B
1609,2024-08-04,O
1609,2024-08-05,O
1609,2024-08-11,B
1609,2024-08-12,O
1609,2024-08-20,O
1609,2024-08-23,X
1609,2024-09-01,O
1609,2024-09-09,O
1609,2024-09-10,X
1609,2024-09-11,O
1611,2024-05-25,O
1611,2024-05-26,O
1611,2024-05-29,B
1611,2024-05-30,O
1611,2024-05-31,O
1611,2024-06-01,O
1611,2024-06-06,O
1611,2024-06-08,B
1611,2024-06-17,O
1611,2024-06-19,O
1611,2024-06-21,O
1611,2024-06-29,B
1611,2024-07-17,O
1611,2024-07-18,O
1611,2024-07-22,O
1611,2024-07-23,O
1611,2024-07-25,D
1611,2024-07-28,B
1611,2024-07-29,B
1611,2024-07-30,O
1611,2024-08-01,B
1611,2024-08-06,O
1611,2024-08-07,O
1611,2024-08-09,O
1611,2024-08-15,B
1611,2024-08-17,O
1611,2024-08-28,B
1611,2024-09-05,X
1611,2024-09-14,O
1612,2024-05-26,O
1612,2024-05-29,O
1612,2024-05-30,O
1612,2024-06-05,O
1612,2024-06-08,X
1612,2024-06-09,O
1612,2024-06-11,O
1612,2024-06-15,O
1612,2024-06-21,X
1612,2024-06-23,O
1612,2024-06-25,O
1612,2024-06-27,O
1612,2024-06-29,O
1612,2024-07-01,O
1612,2024-07-05,O
1612,2024-07-09,O
1612,2024-07-15,O
1612,2024-07-22,O
1613,2024-05-25,O
1613,2024-05-26,O
1613,2024-05-28,O
1613,2024-05-30,O
1613,2024-05-31,O
1613,2024-06-06,B
1613,2024-06-07,C
1613,2024-06-24,O
1613,2024-06-28,O
1613,2024-07-01,O
1613,2024-07-02,O
1613,2024-07-04,O
1613,2024-07-05,O
1613,2024-07-06,O
1613,2024-07-08,O
1613,2024-07-10,O
1613,2024-07-17,O
1613,2024-07-18,O
1613,2024-08-10,O
1613,2024-08-11,O
1613,2024-08-15,O
1613,2024-08-23,O
1613,2024-08-26,O
1613,2024-08-27,O
1613,2024-08-28,O
1613,2024-09-02,O
1613,2024-09-03,O
1613,2024-09-07,O
1613,2024-09-13,O
1613,2024-09-20,C
1613,2024-09-22,B
1613,2024-09-23,O
1613,2024-09-25,X
1613,2024-09-26,N
1613,2024-09-27,B
1613,2024-09-30,B
1614,2024-05-22,O
1614,2024-05-25,B
1614,2024-05-27,O
1614,2024-06-01,O
1614,2024-06-03,O
1614,2024-06-05,O
1614,2024-06-15,B
1614,2024-06-20,O
1614,2024-06-30,C
1614,2024-07-02,B
1614,2024-07-03,O
1614,2024-07-10,O
1614,2024-07-11,B
1614,2024-07-12,O
1614,2024-07-13,O
1614,2024-07-19,O
1614,2024-07-21,O
1614,2024-07-24,X
1614,2024-07-28,O
1614,2024-07-31,O
1615,2024-05-20,O
1615,2024-05-24,O
1615,2024-05-26,O
1615,2024-05-28,X
1615,2024-05-29,O
1615,2024-05-30,O
1615,2024-06-01,O
1615,2024-06-02,B
1615,2024-06-04,O
1615,2024-06-05,O
1615,2024-06-14,O
1615,2024-06-25,O
1615,2024-06-26,B
1616,2024-05-25,O
1616,2024-05-26,O
1616,2024-05-29,O
1616,2024-05-31,O
1616,2024-06-08,B
1616,2024-06-21,O
1616,2024-06-27,O
1616,2024-07-02,O
1616,2024-07-03,B
1616,2024-07-06,O
1616,2024-07-07,O
1616,2024-07-08,O
1616,2024-07-11,O
1616,2024-07-15,B
1616,2024-07-18,O
1616,2024-07-22,B
1616,2024-07-28,X
1616,2024-07-30,O
1616,2024-08-07,C
1616,2024-08-08,O
1616,2024-08-10,O
1616,2024-08-14,O
1616,2024-08-18,B
1616,2024-08-23,O
1616,2024-08-25,O
1617,2024-05-26,O
1617,2024-05-29,O
1617,2024-05-30,O
1617,2024-06-03,O
1617,2024-06-07,O
1617,2024-06-09,C
1617,2024-06-10,O
1617,2024-06-13,C
1617,2024-06-23,O
1617,2024-06-26,O
1617,2024-06-27,O
1617,2024-06-28,X
1617,2024-07-02,B
1617,2024-07-03,O
1617,2024-07-05,O
1617,2024-07-06,O
1617,2024-07-09,O
1617,2024-07-11,O
1617,2024-07-19,B
1617,2024-07-20,B
1617,2024-07-25,O
1618,2024-05-25,O
1618,2024-05-28,O
1618,2024-06-01,B
1618,2024-06-10,O
1618,2024-06-12,B
1618,2024-06-14,X
1618,2024-06-18,O
1618,2024-06-21,O
1618,2024-06-25,O
1618,2024-07-03,C
1618,2024-07-04,O
1618,2024-07-05,O
1618,2024-07-09,O
1618,2024-07-13,O
1618,2024-07-15,O
1618,2024-07-17,O
1618,2024-07-25,O
1618,2024-07-29,O
1618,2024-08-01,O
1618,2024-08-07,O
1618,2024-08-12,O
1618,2024-08-20,O
1618,2024-08-25,B
1618,2024-08-27,O
1618,2024-08-29,O
1618,2024-08-31,O
1618,2024-09-03,B
1618,2024-09-06,B
1618,2024-09-08,O
1618,2024-09-11,O
1618,2024-09-18,O
1618,2024-09-19,O
1618,2024-09-22,O
1618,2024-09-23,O
1619,2024-05-27,C
1619,2024-05-29,O
1619,2024-05-30,B
1619,2024-06-14,B
1619,2024-06-19,O
1619,2024-06-20,O
1619,2024-06-26,O
1619,2024-06-27,C
1619,2024-06-29,B
1619,2024-07-06,O
1619,2024-07-14,O
1619,2024-07-19,O
1619,2024-07-22,O
1619,2024-07-27,B
1619,2024-07-29,O
1619,2024-07-30,B
1619,2024-07-31,O
1619,2024-08-06,B
1619,2024-08-08,O
1619,2024-08-11,B
1619,2024-08-12,O
1619,2024-08-13,O
1619,2024-08-16,B
1619,2024-08-17,O
1619,2024-08-20,O
1619,2024-08-26,O
1619,2024-08-27,O
1619,2024-09-09,C
1619,2024-09-13,B
1619,2024-09-17,X
1619,2024-09-18,B
1619,2024-09-19,O
1619,2024-09-20,O
1619,2024-09-23,O
1619,2024-09-25,B
1619,2024-09-26,B
1619,2024-09-28,O
1620,2024-05-23,O
1620,2024-05-28,O
1620,2024-05-30,O
1620,2024-05-31,O
1620,2024-06-01,O
1620,2024-06-05,O
1620,2024-06-08,O
1620,2024-06-13,O
1620,2024-06-19,B
1620,2024-06-23,O
1620,2024-06-26,B
1620,2024-07-01,O
1620,2024-07-03,O
1620,2024-07-05,O
1620,2024-07-08,O
1620,2024-07-12,O
1620,2024-07-13,B
1620,2024-07-16,O
1620,2024-07-19,O
1621,2024-05-26,O
1621,2024-05-27,O
1621,2024-05-30,O
1621,2024-05-31,O
1621,2024-06-07,O
1621,2024-06-08,C
1621,2024-06-09,O
1621,2024-06-10,O
1621,2024-06-11,O
1621,2024-06-12,O
1621,2024-06-14,O
1621,2024-06-18,O
1621,2024-06-20,O
1621,2024-07-04,O
1621,2024-07-05,B
1621,2024-07-07,X
1621,2024-07-10,O
1621,2024-07-16,O
1621,2024-07-26,B
1621,2024-08-02,X
1621,2024-08-05,O
1621,2024-08-06,O
1621,2024-08-08,O
1621,2024-08-10,O
1621,2024-08-16,O
1621,2024-08-19,O
1621,2024-09-09,B
1621,2024-09-10,B
1621,2024-09-16,B
1621,2024-09-17,O
1622,2024-05-25,O
1622,2024-05-27,O
1622,2024-05-28,O
1622,2024-05-30,O
1622,2024-05-31,O
1622,2024-06-05,X
1622,2024-06-08,O
1622,2024-06-09,O
1622,2024-06-11,O
1622,2024-06-12,O
1622,2024-06-14,O
1622,2024-06-16,O
1622,2024-06-18,O
1622,2024-06-23,O
1622,2024-06-25,O
1622,2024-06-26,X
1622,2024-06-30,O
1622,2024-07-03,B
1622,2024-07-08,O
1622,2024-07-18,O
1622,2024-07-23,O
1622,2024-07-24,B
1622,2024-07-26,O
1622,2024-07-30,X
1622,2024-07-31,O
1622,2024-08-03,O
1622,2024-08-12,B
1622,2024-08-16,B
1622,2024-08-18,O
1622,2024-08-27,D
1622,2024-09-09,B
1622,2024-09-16,O
1622,2024-09-17,O
1623,2024-05-20,O
1623,2024-05-22,O
1623,2024-05-23,X
1623,2024-05-25,O
1623,2024-05-28,O
1623,2024-06-02,O
1623,2024-06-11,O
1623,2024-06-17,O
1623,2024-06-30,O
1623,2024-07-03,O
1623,2024-07-04,O
1623,2024-07-05,B
1623,2024-07-18,O
1623,2024-07-19,O
1623,2024-07-21,O
1623,2024-07-22,O
1623,2024-07-25,O
1623,2024-07-26,O
1623,2024-07-27,B
1623,2024-07-29,O
1623,2024-07-30,O
1623,2024-08-01,O
1624,2024-05-27,O
1624,2024-05-29,O
1624,2024-05-30,O
1624,2024-06-01,O
1624,2024-06-02,B
1624,2024-06-04,O
1624,2024-06-05,X
1624,2024-06-06,C
1624,2024-06-08,X
1624,2024-06-11,O
1624,2024-06-13,O
1624,2024-06-18,O
1624,2024-06-22,O
1624,2024-06-23,O
1624,2024-06-27,O
1624,2024-06-28,O
1625,2024-05-21,O
1625,2024-05-25,O
1625,2024-05-27,O
1625,2024-05-28,O
1625,2024-06-02,O
1625,2024-06-06,O
1625,2024-06-11,B
1625,2024-06-12,O
1625,2024-06-13,B
1625,2024-06-15,O
1625,2024-06-18,O
1625,2024-06-20,O
1626,2024-05-22,O
1626,2024-05-29,B
1626,2024-05-31,O
1626,2024-06-01,O
1626,2024-06-05,O
1626,2024-06-06,O
1626,2024-06-09,O
1626,2024-06-11,O
1626,2024-06-12,O
1626,2024-06-19,C
1626,2024-07-04,D
1626,2024-07-10,B
1626,2024-07-13,B
1626,2024-07-14,O
1626,2024-07-19,O
1626,2024-07-30,O
1626,2024-08-02,O
1626,2024-08-10,O
1626,2024-08-15,O
1626,2024-08-17,O
1626,2024-08-18,O
1626,2024-08-20,O
1626,2024-08-21,O
1626,2024-08-22,O
1626,2024-08-31,O
1626,2024-09-04,O
1626,2024-09-05,B
1626,2024-09-09,C
1626,2024-09-11,C
1626,2024-09-13,B
1626,2024-09-14,B
1626,2024-09-15,O
1627,2024-05-30,O
1627,2024-06-07,O
1627,2024-06-08,C
1627,2024-06-10,O
1627,2024-06-18,O
1627,2024-06-19,O
1627,2024-06-20,O
1627,2024-06-30,O
1627,2024-07-02,X
1627,2024-07-03,O
1627,2024-07-04,X
1627,2024-07-05,B
1627,2024-07-10,B
1627,2024-07-11,O
1627,2024-07-12,O
1627,2024-07-13,O
1627,2024-07-14,D
1627,2024-07-19,O
1627,2024-07-28,X
1627,2024-07-29,O
1627,2024-07-30,O
1627,2024-08-01,O
1627,2024-08-03,X
1627,2024-08-09,O
1627,2024-08-13,O
1627,2024-08-14,N
1627,2024-08-16,C
1627,2024-08-22,O
1627,2024-09-02,B
1627,2024-09-06,X
1627,2024-09-07,O
1627,2024-09-08,O
1627,2024-09-10,O
1627,2024-09-11,O
1627,2024-09-14,O
1627,2024-09-16,X
1627,2024-09-18,O
1627,2024-09-23,O
1627,2024-09-30,B
1628,2024-05-18,X
1628,2024-05-19,B
1628,2024-05-20,O
1628,2024-05-21,C
1628,2024-05-23,O
1628,2024-05-24,O
1628,2024-05-25,B
1628,2024-05-26,O
1628,2024-05-31,O
1628,2024-06-01,C
1628,2024-06-05,O
1628,2024-06-11,O
1628,2024-06-23,O
1628,2024-06-24,O
1628,2024-07-02,O
1628,2024-07-05,O
1628,2024-07-08,O
1628,2024-07-17,C
1628,2024-07-19,O
1628,2024-07-25,O
1628,2024-08-04,O
1628,2024-08-07,X
1628,2024-08-12,O
1630,2024-05-24,O
1630,2024-05-29,O
1630,2024-05-30,O
1630,2024-06-06,B
1630,2024-06-08,C
1630,2024-06-10,B
1630,2024-06-11,B
1630,2024-06-16,O
1630,2024-06-17,O
1630,2024-06-20,O
1630,2024-06-22,X
1630,2024-06-29,O
1630,2024-07-07,O
1630,2024-07-15,O
1630,2024-07-20,O
1630,2024-07-21,O
1630,2024-07-25,O
1630,2024-07-26,O
1630,2024-07-29,O
1630,2024-08-11,N
1630,2024-08-18,O
1632,2024-05-21,X
1632,2024-05-22,O
1632,2024-05-25,O
1632,2024-05-27,B
1632,2024-05-28,O
1632,2024-06-05,O
1632,2024-06-07,O
1632,2024-06-12,O
1632,2024-06-14,O
1632,2024-06-23,O
1632,2024-07-09,O
1632,2024-07-16,O
1632,2024-07-20,O
1632,2024-07-25,O
1632,2024-07-26,O
1632,2024-07-29,B
1632,2024-08-05,B
1632,2024-08-12,O
1632,2024-08-17,O
1632,2024-08-21,O
1632,2024-08-29,O
1632,2024-08-30,O
1632,2024-09-03,B
1632,2024-09-12,X
1632,2024-09-14,C
1632,2024-09-15,O
1632,2024-09-17,O
1632,2024-09-18,B
1632,2024-09-21,O
1632,2024-09-26,X
1632,2024-09-29,X
1634,2024-05-22,O
1634,2024-05-28,B
1634,2024-05-30,O
1634,2024-06-01,B
1634,2024-06-13,O
1634,2024-06-14,D
1634,2024-06-16,O
1634,2024-06-18,B
1634,2024-06-22,O
1637,2024-05-24,O
1637,2024-05-26,O
1637,2024-05-29,O
1637,2024-05-31,O
1637,2024-06-04,B
1637,2024-06-06,O
1637,2024-06-08,B
1637,2024-06-13,O
1637,2024-06-16,O
1637,2024-06-18,O
1637,2024-06-25,O
1637,2024-06-27,O
1637,2024-07-02,B
1637,2024-07-06,O
1637,2024-07-09,O
1637,2024-07-22,O
1637,2024-08-02,X
1637,2024-08-05,O
1637,2024-08-09,O
1637,2024-08-16,O
1637,2024-08-18,O
1639,2024-05-28,O
1639,2024-05-31,O
1639,2024-06-04,O
1639,2024-06-07,O
1639,2024-06-08,X
1639,2024-06-09,O
1639,2024-06-14,O
1639,2024-06-16,O
1639,2024-06-20,B
1639,2024-06-23,O
1639,2024-07-01,O
1639,2024-07-08,O
1639,2024-07-15,O
1639,2024-07-19,O
1639,2024-07-25,O
1639,2024-07-27,O
1639,2024-07-29,O
1639,2024-07-31,O
1639,2024-08-03,B
1639,2024-08-06,O
1639,2024-08-12,D
1639,2024-08-13,O
1639,2024-08-19,O
1639,2024-08-20,O
1639,2024-08-27,O
1639,2024-08-29,O
1639,2024-09-01,C
1639,2024-09-02,O
1640,2024-05-27,X
1640,2024-05-29,O
1640,2024-06-03,O
1640,2024-06-06,O
1640,2024-06-12,O
1640,2024-06-19,O
1640,2024-06-26,O
1640,2024-06-27,O
1640,2024-06-29,B
1640,2024-06-30,B
1640,2024-07-08,D
1640,2024-07-09,O
1640,2024-07-11,O
1640,2024-07-13,O
1640,2024-07-15,O
1640,2024-07-18,O
1642,2024-05-28,X
1642,2024-05-29,O
1642,2024-06-03,O
1642,2024-06-04,O
1642,2024-06-05,B
1642,2024-06-18,O
1642,2024-06-19,O
1642,2024-06-20,B
1642,2024-06-22,O
1642,2024-06-23,C
1642,2024-06-25,O
1642,2024-07-02,O
1642,2024-07-06,O
1642,2024-07-12,O
1642,2024-07-14,O
1642,2024-07-15,B
1642,2024-07-18,O
1642,2024-07-23,O
1642,2024-07-24,O
1642,2024-07-27,O
1642,2024-07-28,O
1642,2024-07-30,B
1642,2024-08-01,O
1642,2024-08-12,O
1642,2024-08-23,O
1642,2024-08-24,O
1642,2024-08-25,O
1642,2024-08-30,O
1642,2024-09-02,O
1642,2024-09-03,O
1644,2024-05-27,O
1644,2024-05-29,O
1644,2024-06-02,O
1644,2024-06-07,O
1644,2024-06-10,X
1644,2024-06-16,B
1644,2024-06-27,O
1644,2024-06-30,O
1644,2024-07-07,O
1644,2024-07-15,O
1644,2024-07-17,O
1645,2024-05-24,O
1645,2024-05-28,O
1645,2024-05-29,O
1645,2024-05-31,O
1645,2024-06-05,B
1645,2024-06-06,O
1645,2024-06-10,O
1645,2024-06-16,C
1645,2024-06-17,O
1645,2024-06-19,D
1645,2024-06-21,C
1645,2024-06-30,O
1645,2024-07-01,X
1645,2024-07-03,O
1645,2024-07-12,B
1645,2024-07-16,O
1645,2024-07-17,O
1645,2024-07-21,X
1645,2024-07-25,O
1645,2024-08-01,O
1645,2024-08-12,O
1645,2024-08-14,O
1645,2024-08-20,O
1645,2024-08-21,O
1645,2024-08-22,O
1645,2024-08-26,O
1645,2024-09-03,B
1645,2024-09-13,X
1645,2024-09-15,O
1645,2024-09-16,O
1645,2024-09-18,O
1645,2024-09-25,O
1645,2024-09-30,O
1646,2024-05-22,O
1646,2024-05-23,O
1646,2024-05-26,O
1646,2024-06-05,O
1646,2024-06-11,O
1646,2024-06-20,B
1646,2024-06-29,O
1646,2024-07-01,O
1646,2024-07-03,O
1646,2024-07-07,O
1646,2024-07-08,O
1646,2024-07-18,O
1646,2024-08-02,O
1646,2024-08-06,O
1646,2024-08-09,O
1646,2024-08-11,O
1646,2024-08-21,C
1646,2024-08-22,O
1646,2024-08-24,O
1646,2024-08-27,O
1646,2024-08-30,O
1646,2024-09-02,X
1648,2024-05-21,O
1648,2024-05-23,O
1648,2024-05-24,O
1648,2024-05-26,O
1648,2024-05-28,O
1648,2024-05-30,B
1648,2024-06-11,O
1648,2024-06-12,B
1648,2024-06-17,O
1648,2024-06-19,O
1648,2024-06-27,B
1648,2024-07-02,O
1648,2024-07-03,O
1648,2024-07-04,O
1648,2024-07-06,O
1648,2024-07-12,B
1648,2024-07-17,O
1648,2024-07-22,O
1648,2024-07-23,O
1648,2024-07-29,O
1648,2024-07-30,C
1649,2024-05-20,O
1649,2024-05-21,O
1649,2024-05-25,O
1649,2024-06-01,O
1649,2024-06-02,O
1649,2024-06-09,O
1649,2024-06-11,O
1649,2024-06-12,O
1649,2024-06-17,O
1649,2024-06-19,B
1649,2024-07-01,O
1649,2024-07-02,O
1649,2024-07-13,O
1649,2024-07-15,O
1649,2024-07-18,O
1649,2024-07-21,O
1649,2024-07-22,O
1649,2024-07-25,B
1649,2024-08-08,O
1649,2024-08-12,O
1649,2024-08-14,O
1649,2024-08-22,O
1649,2024-09-01,X
1649,2024-09-02,D
1649,2024-09-03,O
1649,2024-09-06,O
1649,2024-09-08,O
1651,2024-05-23,B
1651,2024-05-25,O
1651,2024-05-26,B
1651,2024-05-28,O
1651,2024-05-31,O
1651,2024-06-03,O
1651,2024-06-04,O
1651,2024-06-05,O
1651,2024-06-06,O
1651,2024-06-10,O
1651,2024-06-18,X
1651,2024-06-22,X
1651,2024-06-24,O
1651,2024-06-26,O
1651,2024-06-29,O
1651,2024-07-01,B
1651,2024-07-02,O
1651,2024-07-04,B
1651,2024-07-06,O
1651,2024-07-08,O
1651,2024-07-13,B
1651,2024-07-15,O
1651,2024-07-20,O
1651,2024-07-23,O
1651,2024-07-29,B
1651,2024-08-01,O
1651,2024-08-02,O
1651,2024-08-04,O
1651,2024-08-07,O
1651,2024-08-08,O
1651,2024-08-09,O
1651,2024-08-13,B
1651,2024-08-15,O
1651,2024-08-17,N
1652,2024-05-26,O
1652,2024-05-27,O
1652,2024-05-28,O
1652,2024-05-30,B
1652,2024-05-31,O
1652,2024-06-01,C
1652,2024-06-02,O
1652,2024-06-03,B
1652,2024-06-07,O
1652,2024-06-08,B
1652,2024-06-19,O
1652,2024-06-23,O
1652,2024-06-27,O
1652,2024-06-28,B
1652,2024-06-29,O
1652,2024-07-05,C
1652,2024-07-07,O
1652,2024-07-10,O
1653,2024-05-23,O
1653,2024-05-24,O
1653,2024-05-25,O
1653,2024-05-26,X
1653,2024-05-27,O
1653,2024-05-28,O
1653,2024-05-30,O
1653,2024-05-31,O
1653,2024-06-02,O
1653,2024-06-08,O
1653,2024-06-11,O
1653,2024-06-15,O
1653,2024-06-19,O
1653,2024-06-20,O
1653,2024-06-23,O
1653,2024-06-24,D
1653,2024-06-25,O
1653,2024-07-07,O
1653,2024-07-13,O
1653,2024-07-17,O
1653,2024-07-19,B
1653,2024-07-21,O
1653,2024-07-23,O
1653,2024-07-27,O
1653,2024-07-30,O
1653,2024-08-04,O
1653,2024-08-05,O
1653,2024-08-08,B
1653,2024-08-09,C
1653,2024-08-11,O
1653,2024-08-23,O
1653,2024-08-25,X
1653,2024-08-29,O
1653,2024-09-01,X
1653,2024-09-08,O
1653,2024-09-09,O
1653,2024-09-14,O
1653,2024-09-16,X
1653,2024-09-17,O
1653,2024-09-21,O
1653,2024-09-23,O
1653,2024-09-30,O
1654,2024-05-24,O
1654,2024-05-25,O
1654,2024-05-31,B
1654,2024-06-03,O
1654,2024-06-06,O
1654,2024-06-11,O
1654,2024-06-12,X
1654,2024-06-16,O
1654,2024-07-03,O
1654,2024-07-15,O
1654,2024-07-20,O
1654,2024-07-28,O
1654,2024-07-30,O
1654,2024-08-02,O
1654,2024-08-10,O
1654,2024-08-11,O
1654,2024-08-12,B
1654,2024-08-13,B
1654,2024-08-22,O
1654,2024-08-23,O
1654,2024-08-24,O
1654,2024-08-31,O
1654,2024-09-06,X
1654,2024-09-12,O
1654,2024-09-14,O
1654,2024-09-18,O
1654,2024-09-23,B
1654,2024-09-25,O
1657,2024-05-26,O
1657,2024-05-30,O
1657,2024-05-31,O
1657,2024-06-04,O
1657,2024-06-05,B
1657,2024-06-17,O
1657,2024-06-22,O
1657,2024-06-24,O
1657,2024-06-29,O
1657,2024-07-04,B
1657,2024-07-06,B
1657,2024-07-07,O
1657,2024-07-14,O
1657,2024-08-01,O
1657,2024-08-05,O
1657,2024-08-09,B
1657,2024-08-11,O
1657,2024-08-13,O
1657,2024-08-28,O
1657,2024-09-01,X
1657,2024-09-02,O
1657,2024-09-05,N
1657,2024-09-07,N
1657,2024-09-15,O
1657,2024-09-16,O
1657,2024-09-19,O
1657,2024-09-21,O
1657,2024-09-22,D
1657,2024-09-23,O
1657,2024-09-28,X
1658,2024-05-19,O
1658,2024-05-20,X
1658,2024-05-22,O
1658,2024-05-28,O
1658,2024-05-30,C
1658,2024-05-31,O
1658,2024-06-04,O
1658,2024-06-09,O
1658,2024-06-15,O
1658,2024-06-16,O
1658,2024-06-19,O
1658,2024-06-20,O
1658,2024-07-02,O
1658,2024-07-05,B
1658,2024-07-06,O
1658,2024-07-08,O
1658,2024-07-11,O
1658,2024-07-13,O
1658,2024-07-20,O
1658,2024-07-21,O
1658,2024-07-24,O
1658,2024-07-27,X
1658,2024-07-30,X
1658,2024-08-01,O
1660,2024-05-23,O
1660,2024-05-28,B
1660,2024-05-29,O
1660,2024-05-30,B
1660,2024-05-31,O
1660,2024-06-01,O
1660,2024-06-02,O
1660,2024-06-07,B
1660,2024-06-09,O
1660,2024-06-13,O
1660,2024-06-17,O
1660,2024-06-18,O
1660,2024-06-20,O
1660,2024-06-23,X
1660,2024-06-29,O
1660,2024-07-02,O
1660,2024-07-03,O
1660,2024-07-15,O
1660,2024-07-17,O
1660,2024-07-18,O
1660,2024-07-20,O
1660,2024-07-30,O
1660,2024-07-31,O
1660,2024-08-02,O
1660,2024-08-11,O
1660,2024-08-15,O
1660,2024-08-19,O
1660,2024-08-20,O
1660,2024-08-26,B
1660,2024-08-27,O
1660,2024-08-29,X
1660,2024-08-30,O
1660,2024-09-02,X
1660,2024-09-05,O
1660,2024-09-11,O
1660,2024-09-14,C
1660,2024-09-15,O
1660,2024-09-17,C
1660,2024-09-20,O
1660,2024-09-21,B
1661,2024-05-21,O
1661,2024-05-22,B
1661,2024-05-26,B
1661,2024-05-29,O
1661,2024-06-01,O
1661,2024-06-07,O
1661,2024-06-30,O
1661,2024-07-03,O
1661,2024-07-05,O
1661,2024-07-13,O
1661,2024-07-14,C
1661,2024-07-19,O
1661,2024-07-27,O
1661,2024-07-29,O
1661,2024-08-02,B
1661,2024-08-05,B
1661,2024-08-10,O
1661,2024-08-11,B
1661,2024-08-13,O
1661,2024-08-14,O
1661,2024-08-16,O
1661,2024-08-19,O
1661,2024-08-20,O
1661,2024-08-21,B
1661,2024-08-22,O
1661,2024-08-23,O
1661,2024-08-24,O
1661,2024-08-26,O
1661,2024-08-27,O
1661,2024-08-28,O
1661,2024-08-31,O
1661,2024-09-02,O
1662,2024-05-29,O
1662,2024-06-01,O
1662,2024-06-02,O
1662,2024-06-06,B
1662,2024-06-20,X
1662,2024-06-23,O
1662,2024-06-25,B
1662,2024-07-07,O
1662,2024-07-17,O
1662,2024-07-18,B
1662,2024-07-19,O
1662,2024-07-20,O
1662,2024-07-22,O
1662,2024-07-28,O
1662,2024-08-01,O
1662,2024-08-06,X
1662,2024-08-10,X
1662,2024-08-13,B
1662,2024-08-26,O
1662,2024-09-01,B
1663,2024-05-19,O
1663,2024-05-22,B
1663,2024-05-24,O
1663,2024-05-28,X
1663,2024-05-29,O
1663,2024-05-31,O
1663,2024-06-02,B
1663,2024-06-05,O
1663,2024-06-07,O
1663,2024-06-14,O
1663,2024-06-17,N
1663,2024-06-19,B
1663,2024-06-22,O
1663,2024-06-26,O
1663,2024-06-27,B
1663,2024-07-02,B
1663,2024-07-05,X
1663,2024-07-09,B
1663,2024-07-20,O
1663,2024-07-23,O
1663,2024-07-25,O
1663,2024-08-02,X
1663,2024-08-03,O
1663,2024-08-05,O
1663,2024-08-09,C
1663,2024-08-10,O
1663,2024-08-14,O
1663,2024-08-16,O
1663,2024-08-19,O
1663,2024-08-23,O
1663,2024-08-29,O
1665,2024-05-25,O
1665,2024-05-26,O
1665,2024-05-31,O
1665,2024-06-01,O
1665,2024-06-07,O
1665,2024-06-08,O
1665,2024-06-13,O
1665,2024-06-16,B
1665,2024-06-19,X
1665,2024-06-21,B
1666,2024-05-27,O
1666,2024-05-28,O
1666,2024-05-29,X
1666,2024-05-31,O
1666,2024-06-02,B
1666,2024-06-08,O
1666,2024-06-14,B
1666,2024-06-18,O
1666,2024-06-19,B
1666,2024-06-27,O
1666,2024-06-28,O
1666,2024-07-07,O
1666,2024-07-11,O
1666,2024-07-13,O
1666,2024-07-21,O
1666,2024-07-28,O
1666,2024-08-03,O
1666,2024-08-04,O
1666,2024-08-13,O
1666,2024-08-17,O
1666,2024-08-22,X
1666,2024-08-23,O
1666,2024-08-30,O
1666,2024-08-31,O
1666,2024-09-02,O
1667,2024-05-25,B
1667,2024-05-28,B
1667,2024-05-30,O
1667,2024-06-05,O
1667,2024-06-06,O
1667,2024-06-10,C
1667,2024-06-13,O
1667,2024-06-18,O
1667,2024-06-22,O
1667,2024-06-24,O
1667,2024-07-04,O
1667,2024-07-07,O
1667,2024-07-10,O
1667,2024-07-13,O
1667,2024-07-18,O
1667,2024-07-21,O
1667,2024-07-24,X
1667,2024-07-25,O
1667,2024-07-26,O
1667,2024-08-03,O
1667,2024-08-10,X
1667,2024-08-11,O
1668,2024-05-22,O
1668,2024-05-25,X
1668,2024-05-27,O
1668,2024-05-29,B
1668,2024-06-07,X
1668,2024-06-08,O
1668,2024-06-15,O
1668,2024-06-20,B
1668,2024-06-21,B
1668,2024-06-27,O
1668,2024-07-01,C
1668,2024-07-03,O
1668,2024-07-14,O
1668,2024-07-18,O
1668,2024-07-23,O
1669,2024-05-21,O
1669,2024-05-24,O
1669,2024-06-13,O
1669,2024-06-14,O
1669,2024-06-24,D
1669,2024-06-26,O
1669,2024-06-27,O
1669,2024-07-04,O
1669,2024-07-05,O
1669,2024-07-10,O
1669,2024-07-14,C
1670,2024-05-23,X
1670,2024-05-27,O
1670,2024-05-31,O
1670,2024-06-01,O
1670,2024-06-03,O
1670,2024-06-15,O
1670,2024-06-22,O
1671,2024-05-18,O
1671,2024-05-19,O
1671,2024-05-22,O
1671,2024-05-24,B
1671,2024-05-27,O
1671,2024-05-30,O
1671,2024-06-05,O
1671,2024-07-13,O
1671,2024-07-15,O
1671,2024-07-16,O
1671,2024-07-22,O
1671,2024-07-23,O
1671,2024-07-31,O
1671,2024-08-01,B
1671,2024-08-05,O
1671,2024-08-08,O
1671,2024-08-12,O
1671,2024-08-19,O
1671,2024-08-21,B
1671,2024-08-30,O
1671,2024-09-02,O
1671,2024-09-06,O
1671,2024-09-08,O
1671,2024-09-13,B
1671,2024-09-14,O
1671,2024-09-19,B
1671,2024-09-23,O
1672,2024-05-21,O
1672,2024-05-23,O
1672,2024-05-30,B
1672,2024-05-31,O
1672,2024-06-07,O
1672,2024-06-12,O
1672,2024-06-13,B
1672,2024-06-16,O
1672,2024-06-22,B
1672,2024-06-26,B
1672,2024-06-27,O
1672,2024-06-28,C
1672,2024-06-30,B
1672,2024-07-15,B
1672,2024-07-16,O
1672,2024-07-20,O
1672,2024-07-21,B
1672,2024-07-25,O
1672,2024-08-09,O
1672,2024-08-22,O
1672,2024-08-24,O
1672,2024-08-26,O
1672,2024-08-28,X
1672,2024-09-02,O
1672,2024-09-05,X
1672,2024-09-06,N
1672,2024-09-07,O
1672,2024-09-08,O
1672,2024-09-15,O
1672,2024-09-16,O
1672,2024-09-21,O
1672,2024-09-22,B
1673,2024-05-17,X
1673,2024-05-18,O
1673,2024-05-19,O
1673,2024-05-21,N
1673,2024-05-22,O
1673,2024-05-24,O
1673,2024-05-27,O
1673,2024-05-29,O
1673,2024-05-31,B
1673,2024-06-03,X
1673,2024-06-09,O
1673,2024-06-10,O
1673,2024-06-11,O
1673,2024-06-19,C
1673,2024-06-20,O
1673,2024-06-21,O
1673,2024-06-27,O
1673,2024-06-28,O
1673,2024-07-06,B
1673,2024-07-09,D
1673,2024-07-11,O
1673,2024-07-20,O
1673,2024-07-22,B
1673,2024-07-24,O
1673,2024-07-29,O
1673,2024-07-31,O
1673,2024-08-01,O
1673,2024-08-07,O
1673,2024-08-16,O
1673,2024-08-17,B
1673,2024-08-20,B
1673,2024-08-23,O
1673,2024-08-27,O
1673,2024-09-02,N
1673,2024-09-03,O
1673,2024-09-08,O
1673,2024-09-17,B
1673,2024-09-18,O
1673,2024-09-20,O
1673,2024-09-23,O
1673,2024-09-25,B
1673,2024-09-29,B
1674,2024-05-20,C
1674,2024-05-27,O
1674,2024-05-31,O
1674,2024-06-16,O
1674,2024-06-19,B
1674,2024-06-23,O
1674,2024-06-24,B
1674,2024-06-27,O
1674,2024-06-28,O
1676,2024-05-23,O
1676,2024-05-29,O
1676,2024-06-02,X
1676,2024-06-03,O
1676,2024-06-12,O
1676,2024-06-19,O
1676,2024-06-21,O
1677,2024-05-21,O
1677,2024-05-24,O
1677,2024-05-26,O
1677,2024-05-30,O
1677,2024-05-31,O
1677,2024-06-05,O
1677,2024-06-08,O
1677,2024-06-09,B
1677,2024-06-10,O
1677,2024-06-13,O
1677,2024-06-18,O
1677,2024-06-19,O
1677,2024-06-20,O
1678,2024-05-24,O
1678,2024-05-26,O
1678,2024-06-06,O
1678,2024-06-08,O
1678,2024-06-11,O
1678,2024-06-14,O
1678,2024-06-18,O
1678,2024-06-24,X
1678,2024-06-27,O
1678,2024-06-30,O
1679,2024-05-21,O
1679,2024-05-23,X
1679,2024-05-28,O
1679,2024-06-06,O
1679,2024-06-13,O
1679,2024-06-14,O
1679,2024-06-20,O
1679,2024-06-27,X
1679,2024-06-28,O
1679,2024-06-29,B
1679,2024-07-01,O
1679,2024-07-05,O
1679,2024-07-06,O
1679,2024-07-08,O
1679,2024-07-10,O
1679,2024-07-23,O
1679,2024-07-28,O
1679,2024-08-14,O
1679,2024-08-24,O
1679,2024-08-25,O
1679,2024-09-02,O
1679,2024-09-05,B
1681,2024-05-22,O
1681,2024-05-25,O
1681,2024-05-30,B
1681,2024-06-02,B
1681,2024-06-07,O
1681,2024-06-08,O
1681,2024-06-14,X
1681,2024-06-18,O
1681,2024-06-21,B
1681,2024-06-24,O
1681,2024-06-27,O
1681,2024-06-29,O
1681,2024-07-03,O
1681,2024-07-05,O
1681,2024-07-08,O
1681,2024-07-11,C
1681,2024-07-12,O
1681,2024-07-15,O
1681,2024-07-18,O
1681,2024-07-23,O
1681,2024-07-27,O
1681,2024-07-28,O
1681,2024-07-31,B
1681,2024-08-02,B
1681,2024-08-05,O
1681,2024-08-07,O
1681,2024-08-12,O
1681,2024-08-17,O
1681,2024-08-19,O
1681,2024-08-21,O
1681,2024-08-24,X
1681,2024-08-25,O
1682,2024-05-28,O
1682,2024-05-31,O
1682,2024-06-02,O
1682,2024-06-03,O
1682,2024-06-06,B
1682,2024-06-12,O
1682,2024-06-17,O
1682,2024-06-20,O
1682,2024-06-23,O
1682,2024-06-25,O
1682,2024-06-27,B
1682,2024-06-30,O
1682,2024-07-03,O
1682,2024-07-04,O
1682,2024-07-05,O
1682,2024-07-07,O
1682,2024-07-13,O
1682,2024-07-14,O
1682,2024-07-21,O
1682,2024-07-24,O
1682,2024-07-25,O
1682,2024-07-26,O
1682,2024-08-02,O
1682,2024-08-03,O
1682,2024-08-05,O
1682,2024-08-06,X
1682,2024-08-13,O
1682,2024-08-24,O
1682,2024-09-01,O
1682,2024-09-04,O
1682,2024-09-06,B
1682,2024-09-07,X
1682,2024-09-08,O
1682,2024-09-09,X
1682,2024-09-13,O
1682,2024-09-14,B
1682,2024-09-15,O
1682,2024-09-17,B
1682,2024-09-21,O
1682,2024-09-23,X
1682,2024-09-27,O
1683,2024-05-19,O
1683,2024-05-20,O
1683,2024-05-22,O
1683,2024-05-25,O
1683,2024-05-26,O
1683,2024-05-27,O
1683,2024-05-29,O
1683,2024-05-30,O
1683,2024-06-06,O
1683,2024-06-09,O
1683,2024-06-10,B
1683,2024-06-11,O
1683,2024-06-13,O
1683,2024-06-14,X
1683,2024-07-02,O
1683,2024-07-05,O
1683,2024-07-08,O
1683,2024-07-18,O
1683,2024-07-22,O
1683,2024-07-27,O
1683,2024-07-29,O
1683,2024-08-08,O
1683,2024-08-17,B
1683,2024-08-21,O
1683,2024-08-29,O
1683,2024-08-31,O
1683,2024-09-01,X
1683,2024-09-04,O
1683,2024-09-05,O
1683,2024-09-06,D
1683,2024-09-11,B
1683,2024-09-13,C
1683,2024-09-17,O
1683,2024-09-19,B
1683,2024-09-21,O
1683,2024-09-24,O
1684,2024-05-24,B
1684,2024-05-30,O
1684,2024-06-03,O
1684,2024-06-04,O
1684,2024-06-05,B
1684,2024-06-07,O
1684,2024-06-08,B
1684,2024-06-11,O
1684,2024-06-19,B
1684,2024-06-20,O
1684,2024-06-21,O
1684,2024-07-04,O
1684,2024-07-07,O
1684,2024-07-10,B
1684,2024-07-11,O
1684,2024-07-13,X
1684,2024-07-19,O
1684,2024-07-21,B
1684,2024-07-22,O
1684,2024-07-23,O
1684,2024-07-28,O
1684,2024-07-29,O
1684,2024-07-30,O
1684,2024-07-31,C
1684,2024-08-03,O
1684,2024-08-05,X
1684,2024-08-06,O
1685,2024-05-24,O
1685,2024-05-28,O
1685,2024-05-29,O
1685,2024-06-01,O
1685,2024-06-02,B
1685,2024-06-03,O
1685,2024-06-07,B
1685,2024-06-16,B
1685,2024-06-26,O
1685,2024-06-28,O
1685,2024-07-07,O
1685,2024-07-13,O
1685,2024-07-20,B
1685,2024-07-28,B
1685,2024-07-29,O
1685,2024-07-30,B
1685,2024-07-31,D
1685,2024-08-02,O
1685,2024-08-07,O
1685,2024-08-09,O
1685,2024-08-12,O
1685,2024-08-13,O
1685,2024-08-14,O
1685,2024-08-15,B
1685,2024-08-19,O
1685,2024-08-28,O
1685,2024-08-29,O
1685,2024-08-30,D
1685,2024-09-01,B
1685,2024-09-05,O
1685,2024-09-06,O
1685,2024-09-09,O
1685,2024-09-10,X
1685,2024-09-15,O
1685,2024-09-18,O
1685,2024-09-20,X
1685,2024-09-22,C
1685,2024-09-23,B
1686,2024-05-24,B
1686,2024-05-27,O
1686,2024-05-28,B
1686,2024-05-31,O
1686,2024-06-05,O
1686,2024-06-10,O
1686,2024-06-17,O
1686,2024-06-18,O
1686,2024-06-19,O
1686,2024-06-21,O
1686,2024-06-23,O
1686,2024-06-24,B
1686,2024-06-25,O
1686,2024-06-27,O
1686,2024-07-03,C
1686,2024-07-05,O
1686,2024-07-06,O
1686,2024-07-11,O
1686,2024-07-24,B
1686,2024-07-27,O
1686,2024-08-05,B
1686,2024-08-11,X
1686,2024-08-13,B
1686,2024-08-21,C
1686,2024-08-25,O
1686,2024-08-31,O
1686,2024-09-01,O
1686,2024-09-06,O
1686,2024-09-07,O
1686,2024-09-08,O
1686,2024-09-13,X
1686,2024-09-14,O
1686,2024-09-15,C
1686,2024-09-21,B
1686,2024-09-23,O
1686,2024-09-28,B
1686,2024-09-29,O
1687,2024-05-21,D
1687,2024-05-22,C
1687,2024-05-27,O
1687,2024-05-28,O
1687,2024-05-31,C
1687,2024-06-04,O
1687,2024-06-07,O
1687,2024-06-08,X
1687,2024-06-09,O
1687,2024-06-11,O
1687,2024-06-14,O
1687,2024-06-15,O
1687,2024-06-19,O
1687,2024-06-21,O
1687,2024-06-23,O
1687,2024-07-02,B
1687,2024-07-05,O
1687,2024-07-06,B
1687,2024-07-11,O
1687,2024-07-14,O
1687,2024-07-21,O
1687,2024-07-23,X
1687,2024-07-31,O
1688,2024-05-19,N
1688,2024-05-23,O
1688,2024-05-26,O
1688,2024-05-27,O
1688,2024-05-29,O
1688,2024-06-08,B
1688,2024-06-19,O
1688,2024-06-20,O
1688,2024-06-21,O
1688,2024-06-23,B
1688,2024-06-25,C
1688,2024-06-27,O
1688,2024-06-28,O
1688,2024-06-30,O
1688,2024-07-03,O
1688,2024-07-12,O
1688,2024-07-15,O
1688,2024-07-29,O
1688,2024-07-31,O
1688,2024-08-02,X
1688,2024-08-04,O
1688,2024-08-07,B
1688,2024-08-08,O
1688,2024-08-09,O
1688,2024-08-12,O
1688,2024-08-14,X
1688,2024-08-18,O
1688,2024-08-28,B
1688,2024-08-29,X
1689,2024-05-19,X
1689,2024-05-20,O
1689,2024-05-21,O
1689,2024-05-27,O
1689,2024-05-28,C
1689,2024-05-31,O
1689,2024-06-02,O
1689,2024-06-04,O
1689,2024-06-06,O
1689,2024-06-08,O
1689,2024-06-14,X
1689,2024-06-18,O
1689,2024-06-19,B
1689,2024-06-21,O
1689,2024-06-26,O
1689,2024-06-28,O
1689,2024-07-07,O
1689,2024-07-12,O
1689,2024-07-20,O
1689,2024-08-04,B
1689,2024-08-05,B
1689,2024-08-07,O
1689,2024-08-08,O
1689,2024-08-11,O
1689,2024-08-12,O
1689,2024-08-13,O
1689,2024-08-19,O
1691,2024-05-23,O
1691,2024-05-26,O
1691,2024-05-27,X
1691,2024-06-06,B
1691,2024-06-10,O
1691,2024-06-12,O
1691,2024-06-14,O
1691,2024-06-19,O
1691,2024-06-26,O
1691,2024-07-03,O
1691,2024-07-17,O
1691,2024-07-18,O
1691,2024-07-20,B
1692,2024-06-03,B
1692,2024-06-06,O
1692,2024-06-09,O
1692,2024-06-10,B
1692,2024-06-15,O
1692,2024-06-19,O
1692,2024-06-23,O
1692,2024-06-29,O
1692,2024-07-01,O
1692,2024-07-04,O
1692,2024-07-08,B
1692,2024-07-18,O
1692,2024-07-22,O
1692,2024-07-25,O
1692,2024-07-27,O
1692,2024-08-02,O
1692,2024-08-04,N
1692,2024-08-05,O
1692,2024-08-06,C
1692,2024-08-13,O
1692,2024-08-26,B
1692,2024-08-29,O
1692,2024-09-02,O
1692,2024-09-03,O
1692,2024-09-08,B
1692,2024-09-11,O
1692,2024-09-20,O
1692,2024-09-23,O
1692,2024-09-29,X
1692,2024-09-30,O
1693,2024-05-25,O
1693,2024-05-27,O
1693,2024-05-30,D
1693,2024-06-01,B
1693,2024-06-03,O
1693,2024-06-06,O
1693,2024-06-10,O
1693,2024-06-12,O
1693,2024-06-15,D
1693,2024-06-18,B
1693,2024-06-21,O
1693,2024-06-27,O
1693,2024-07-01,O
1693,2024-07-02,B
1693,2024-07-12,O
1693,2024-07-20,O
1693,2024-07-23,X
1693,2024-07-24,X
1693,2024-07-27,O
1693,2024-07-29,O
1693,2024-08-01,O
1693,2024-08-06,O
1693,2024-08-07,O
1693,2024-08-19,O
1693,2024-08-26,O
1693,2024-08-27,O
1693,2024-08-29,O
1693,2024-08-30,C
1693,2024-09-01,B
1693,2024-09-02,O
1693,2024-09-03,O
1693,2024-09-04,X
1693,2024-09-07,X
1693,2024-09-13,O
1693,2024-09-15,B
1693,2024-09-22,O
1693,2024-09-25,O
1694,2024-05-30,O
1694,2024-06-02,O
1694,2024-06-05,O
1694,2024-06-11,O
1694,2024-06-16,O
1694,2024-06-18,O
1694,2024-06-23,O
1694,2024-07-04,O
1694,2024-07-08,O
1694,2024-07-09,O
1695,2024-05-25,O
1695,2024-05-28,O
1695,2024-05-29,X
1695,2024-06-01,O
1695,2024-06-02,O
1695,2024-06-04,O
1695,2024-06-08,B
1695,2024-07-03,O
1695,2024-07-06,O
1695,2024-07-11,X
1695,2024-07-18,O
1695,2024-07-26,O
1695,2024-07-27,O
1695,2024-07-28,O
1695,2024-08-04,B
1695,2024-08-07,O
1695,2024-08-17,O
1695,2024-08-19,O
1695,2024-08-21,O
1695,2024-08-26,O
1695,2024-08-27,B
1696,2024-05-25,O
1696,2024-05-27,O
1696,2024-05-28,O
1696,2024-05-29,O
1696,2024-05-30,B
1696,2024-06-02,C
1696,2024-06-07,O
1696,2024-06-11,O
1696,2024-06-17,O
1696,2024-06-19,O
1696,2024-06-20,B
1696,2024-06-22,O
1696,2024-06-23,O
1696,2024-06-30,O
1696,2024-07-06,O
1696,2024-07-07,O
1696,2024-07-10,X
1696,2024-07-12,O
1696,2024-07-14,O
1696,2024-07-15,O
1696,2024-07-27,O
1696,2024-07-30,O
1696,2024-08-07,O
1696,2024-08-08,O
1696,2024-08-11,O
1696,2024-08-18,O
1696,2024-08-19,O
1696,2024-08-28,N
1696,2024-08-29,B
1696,2024-09-01,O
1696,2024-09-03,O
1696,2024-09-04,N
1696,2024-09-05,B
1696,2024-09-07,O
1696,2024-09-08,O
1696,2024-09-18,B
1696,2024-09-19,X
1696,2024-09-20,O
1696,2024-09-21,B
1697,2024-05-26,O
1697,2024-05-27,O
1697,2024-05-28,O
1697,2024-05-30,B
1697,2024-06-08,B
1697,2024-06-17,O
1697,2024-06-19,D
1697,2024-06-20,X
1697,2024-06-30,O
1697,2024-07-01,O
1697,2024-07-02,X
1697,2024-07-03,O
1698,2024-05-22,O
1698,2024-05-23,O
1698,2024-05-26,O
1698,2024-06-01,N
1698,2024-06-03,B
1698,2024-06-06,O
1698,2024-06-09,O
1698,2024-06-10,O
1698,2024-06-12,O
1698,2024-06-14,O
1698,2024-06-15,O
1698,2024-06-17,O
1698,2024-06-18,B
1698,2024-06-21,O
1698,2024-06-23,O
1698,2024-06-26,O
1698,2024-07-01,O
1698,2024-07-04,O
1698,2024-07-07,B
1698,2024-07-08,O
1698,2024-07-14,C
1698,2024-07-19,O
1698,2024-07-22,B
1698,2024-07-30,B
1698,2024-07-31,O
1698,2024-08-03,O
1698,2024-08-04,B
1698,2024-08-07,O
1698,2024-08-13,O
1698,2024-08-18,O
1698,2024-08-20,O
1698,2024-08-22,D
1698,2024-08-24,O
1698,2024-08-31,B
1700,2024-05-29,O
1700,2024-05-30,B
1700,2024-06-07,O
1700,2024-06-08,D
1700,2024-06-10,B
1700,2024-06-12,O
1700,2024-06-13,O
1700,2024-06-18,O
1700,2024-06-22,O
1700,2024-06-24,O
1700,2024-06-28,C
1700,2024-07-02,B
1700,2024-07-07,N
1700,2024-07-08,O
1700,2024-07-11,O
1700,2024-07-13,B
1701,2024-05-05,O
1701,2024-05-06,O
1701,2024-05-15,C
1701,2024-05-16,O
1701,2024-05-19,B
1701,2024-05-21,O
1701,2024-05-29,O
1701,2024-06-01,O
1701,2024-06-04,O
1701,2024-06-09,O
1701,2024-06-12,O
1701,2024-06-16,O
1701,2024-06-21,B
1701,2024-06-28,O
1701,2024-07-01,O
1701,2024-07-13,O
1701,2024-07-20,O
1701,2024-07-26,O
1701,2024-07-31,X
1701,2024-08-04,D
1701,2024-08-09,O
1701,2024-08-10,O
1701,2024-08-11,B
1701,2024-08-12,O
1701,2024-08-13,O
1701,2024-08-15,B
1701,2024-08-17,O
1703,2024-05-15,O
1703,2024-05-21,C
1703,2024-05-23,B
1703,2024-06-09,O
1703,2024-06-17,C
1703,2024-06-19,O
1703,2024-06-22,O
1703,2024-06-27,O
1703,2024-06-28,O
1703,2024-06-30,O
1703,2024-07-01,X
1703,2024-07-05,O
1703,2024-07-11,O
1703,2024-07-14,O
1703,2024-07-16,O
1703,2024-07-18,O
1703,2024-07-20,O
1703,2024-07-26,O
1703,2024-07-27,B
1703,2024-07-29,O
1703,2024-07-30,O
1703,2024-07-31,O
1703,2024-08-09,O
1703,2024-08-11,O
1703,2024-08-12,X
1704,2024-05-22,O
1704,2024-05-23,O
1704,2024-05-24,B
1704,2024-05-29,O
1704,2024-06-06,O
1704,2024-06-18,O
1704,2024-06-20,O
1704,2024-06-21,O
1704,2024-06-24,B
1704,2024-06-25,O
1704,2024-06-26,O
1704,2024-06-28,O
1705,2024-05-09,O
1705,2024-05-14,O
1705,2024-05-18,B
1705,2024-05-29,O
1705,2024-05-30,O
1705,2024-05-31,O
1705,2024-06-03,O
1705,2024-06-06,O
1705,2024-06-09,O
1705,2024-06-10,C
1705,2024-06-12,B
1705,2024-06-14,O
1705,2024-06-25,B
1705,2024-06-26,O
1705,2024-06-28,O
1705,2024-07-03,O
1705,2024-07-11,O
1705,2024-07-24,O
1705,2024-07-28,O
1705,2024-08-02,O
1705,2024-08-04,O
1705,2024-08-07,B
1705,2024-08-17,B
1705,2024-08-20,B
1705,2024-08-21,O
1705,2024-08-22,O
1705,2024-08-23,O
1705,2024-08-24,O
1705,2024-08-27,O
1705,2024-08-28,O
1705,2024-08-29,O
1705,2024-08-30,O
1705,2024-09-03,O
1705,2024-09-05,O
1705,2024-09-07,O
1705,2024-09-09,B
1705,2024-09-13,O
1705,2024-09-18,O
1705,2024-09-19,X
1705,2024-09-20,O
1705,2024-09-23,B
1706,2024-05-09,O
1706,2024-05-13,O
1706,2024-05-17,O
1706,2024-05-20,B
1706,2024-05-25,O
1706,2024-05-26,O
1706,2024-05-27,O
1706,2024-05-30,O
1706,2024-06-11,O
1706,2024-06-14,X
1706,2024-06-21,O
1706,2024-06-23,B
1706,2024-07-04,O
1706,2024-07-14,B
1706,2024-07-17,B
1706,2024-07-27,X
1706,2024-08-11,O
1707,2024-05-10,X
1707,2024-05-12,O
1707,2024-05-13,O
1707,2024-05-22,O
1707,2024-05-23,O
1707,2024-05-25,O
1707,2024-05-31,O
1707,2024-06-05,O
1707,2024-06-10,O
1707,2024-06-16,O
1707,2024-06-20,O
1707,2024-06-25,O
1707,2024-06-27,O
1707,2024-06-29,B
1707,2024-06-30,O
1707,2024-07-01,X
1707,2024-07-12,O
1709,2024-05-11,O
1709,2024-05-12,O
1709,2024-05-15,O
1709,2024-05-16,B
1709,2024-05-17,X
1709,2024-05-22,O
1709,2024-05-26,O
1709,2024-05-27,O
1709,2024-05-29,O
1709,2024-06-02,B
1709,2024-06-10,O
1710,2024-05-09,O
1710,2024-05-13,O
1710,2024-05-16,X
1710,2024-05-17,O
1710,2024-05-18,X
1710,2024-05-19,O
1710,2024-05-22,O
1710,2024-05-23,O
1710,2024-05-24,O
1710,2024-05-25,O
1710,2024-05-26,O
1710,2024-05-30,O
1710,2024-06-02,O
1710,2024-06-08,B
1710,2024-06-09,O
1710,2024-06-10,O
1710,2024-06-17,O
1710,2024-06-19,O
1713,2024-05-09,O
1713,2024-05-20,O
1713,2024-05-23,O
1713,2024-05-24,O
1713,2024-05-25,D
1713,2024-05-28,O
1713,2024-05-29,O
1713,2024-05-31,O
1713,2024-06-01,O
1713,2024-06-06,O
1713,2024-06-10,O
1713,2024-06-16,O
1713,2024-06-20,O
1713,2024-06-23,O
1713,2024-06-26,O
1713,2024-06-28,B
1713,2024-06-30,O
1713,2024-07-03,B
1713,2024-07-06,B
1713,2024-07-08,O
1713,2024-07-16,O
1713,2024-07-18,B
1713,2024-07-19,O
1713,2024-07-20,B
1713,2024-07-25,O
1713,2024-07-26,O
1713,2024-07-30,O
1713,2024-08-03,B
1713,2024-08-07,O
1713,2024-08-12,O
1713,2024-08-14,B
1713,2024-08-21,O
1713,2024-08-22,O
1713,2024-08-28,O
1713,2024-08-31,O
1713,2024-09-02,O
1713,2024-09-05,B
1713,2024-09-07,D
1713,2024-09-08,O
1713,2024-09-13,B
1713,2024-09-15,X
1713,2024-09-16,O
1713,2024-09-17,C
1713,2024-09-19,B
1713,2024-09-22,O
1713,2024-09-23,O
1714,2024-05-10,B
1714,2024-05-13,O
1714,2024-05-14,O
1714,2024-05-18,B
1714,2024-05-21,O
1714,2024-05-22,O
1714,2024-05-27,X
1714,2024-06-11,O
1714,2024-06-12,O
1714,2024-06-13,O
1714,2024-06-16,O
1714,2024-06-21,O
1714,2024-06-23,O
1714,2024-06-24,O
1714,2024-07-06,O
1714,2024-07-11,O
1714,2024-07-16,O
1714,2024-07-17,X
1714,2024-07-21,O
1714,2024-07-24,O
1714,2024-07-28,B
1715,2024-05-09,X
1715,2024-05-10,O
1715,2024-05-19,O
1715,2024-05-20,O
1715,2024-05-25,X
1715,2024-05-29,O
1715,2024-06-04,N
1715,2024-06-05,O
1715,2024-06-09,C
1715,2024-06-25,X
1715,2024-06-30,O
1715,2024-07-06,B
1715,2024-07-07,B
1715,2024-07-08,O
1715,2024-07-12,B
1715,2024-07-22,O
1715,2024-07-23,X
1716,2024-05-06,D
1716,2024-05-08,O
1716,2024-05-10,B
1716,2024-05-13,C
1716,2024-05-14,O
1716,2024-05-15,O
1716,2024-05-16,O
1716,2024-05-25,O
1716,2024-05-26,O
1716,2024-06-03,O
1716,2024-06-04,O
1716,2024-06-06,B
1716,2024-06-07,O
1716,2024-06-08,O
1716,2024-06-14,O
1716,2024-06-20,O
1716,2024-06-22,O
1716,2024-07-10,O
1716,2024-07-11,O
1716,2024-07-12,B
1716,2024-07-13,O
1716,2024-07-14,O
1716,2024-07-16,O
1716,2024-07-22,B
1716,2024-07-26,O
1716,2024-07-28,O
1716,2024-07-30,O
1716,2024-08-04,O
1716,2024-08-05,O
1716,2024-08-06,O
1716,2024-08-08,O
1716,2024-08-13,B
1716,2024-08-17,B
1717,2024-05-12,B
1717,2024-05-13,O
1717,2024-05-15,X
1717,2024-05-20,O
1717,2024-05-23,O
1717,2024-05-28,O
1717,2024-05-29,O
1717,2024-06-06,O
1717,2024-06-09,X
1717,2024-06-10,O
1717,2024-06-14,O
1717,2024-06-15,O
1717,2024-06-20,B
1717,2024-06-22,O
1717,2024-06-23,O
1717,2024-07-02,O
1717,2024-07-10,O
1717,2024-07-15,O
1717,2024-07-17,O
1718,2024-05-04,O
1718,2024-05-08,O
1718,2024-05-11,O
1718,2024-05-12,O
1718,2024-05-14,X
1718,2024-05-17,O
1718,2024-05-18,O
1718,2024-05-20,O
1718,2024-05-21,O
1718,2024-05-22,B
1718,2024-05-23,O
1718,2024-05-24,O
1718,2024-05-26,O
1718,2024-05-27,O
1718,2024-05-30,O
1718,2024-06-09,O
1718,2024-06-11,O
1718,2024-06-27,O
1718,2024-06-29,O
1718,2024-06-30,O
1718,2024-07-01,C
1718,2024-07-03,O
1718,2024-07-07,O
1718,2024-07-11,O
1718,2024-07-15,O
1718,2024-07-17,O
1718,2024-07-19,C
1718,2024-07-23,O
1718,2024-07-24,B
1718,2024-07-25,O
1718,2024-07-27,O
1718,2024-07-30,O
1718,2024-07-31,O
1718,2024-08-02,B
1718,2024-08-04,O
1718,2024-08-05,O
1718,2024-08-16,B
1718,2024-08-17,O
1718,2024-08-19,O
1718,2024-08-20,O
1718,2024-08-21,O
1718,2024-08-23,O
1718,2024-08-28,O
1718,2024-08-29,O
1718,2024-09-01,O
1718,2024-09-12,O
1718,2024-09-15,C
1718,2024-09-16,B
1718,2024-09-24,B
1720,2024-05-14,O
1720,2024-05-15,O
1720,2024-05-17,O
1720,2024-05-18,O
1720,2024-05-19,O
1720,2024-05-21,O
1720,2024-05-22,O
1720,2024-05-24,O
1720,2024-05-25,O
1720,2024-05-31,O
1720,2024-06-02,O
1720,2024-06-04,O
1720,2024-06-06,B
1720,2024-06-07,B
1720,2024-06-11,O
1720,2024-06-13,B
1720,2024-06-16,B
1720,2024-06-17,D
1720,2024-06-18,O
1720,2024-06-21,O
1720,2024-06-24,O
1720,2024-06-25,O
1720,2024-06-28,O
1720,2024-07-01,O
1720,2024-07-02,B
1720,2024-07-04,O
1720,2024-07-07,O
1720,2024-07-09,O
1720,2024-07-10,O
1721,2024-05-11,O
1721,2024-05-13,O
1721,2024-05-14,O
1721,2024-05-16,O
1721,2024-05-22,N
1721,2024-05-24,O
1721,2024-05-26,O
1721,2024-05-29,O
1721,2024-05-31,O
1721,2024-06-01,O
1721,2024-06-02,O
1721,2024-06-04,B
1721,2024-06-07,B
1722,2024-05-07,O
1722,2024-05-12,O
1722,2024-05-15,O
1722,2024-05-19,O
1722,2024-05-20,O
1722,2024-05-25,O
1722,2024-05-28,O
1722,2024-05-29,O
1722,2024-05-30,O
1722,2024-05-31,O
1722,2024-06-08,B
1722,2024-06-09,X
1722,2024-06-13,O
1722,2024-06-18,B
1722,2024-06-19,O
1722,2024-06-21,O
1722,2024-06-27,O
1722,2024-06-30,O
1722,2024-07-01,B
1722,2024-07-06,O
1722,2024-07-12,O
1722,2024-07-19,N
1722,2024-07-20,O
1723,2024-05-07,O
1723,2024-05-08,O
1723,2024-05-09,O
1723,2024-05-10,O
1723,2024-05-16,O
1723,2024-05-17,O
1723,2024-05-18,C
1723,2024-05-19,O
1723,2024-05-20,O
1723,2024-05-21,C
1723,2024-05-22,O
1723,2024-05-23,O
1723,2024-05-26,O
1723,2024-05-28,O
1723,2024-05-29,X
1723,2024-06-01,O
1723,2024-06-08,O
1723,2024-06-09,O
1723,2024-06-10,O
1724,2024-05-14,O
1724,2024-05-17,O
1724,2024-05-18,O
1724,2024-05-19,X
1724,2024-05-22,B
1724,2024-05-23,O
1724,2024-05-24,O
1724,2024-05-26,O
1724,2024-05-29,B
1724,2024-05-30,O
1724,2024-05-31,O
1724,2024-06-02,O
1724,2024-06-04,O
1724,2024-06-07,X
1724,2024-06-09,O
1724,2024-06-10,O
1724,2024-06-14,O
1724,2024-06-16,B
1724,2024-06-17,O
1724,2024-06-23,B
1724,2024-06-24,O
1724,2024-06-25,O
1724,2024-06-26,X
1724,2024-06-27,B
1724,2024-06-29,O
1724,2024-06-30,O
1724,2024-07-01,O
1724,2024-07-02,O
1724,2024-07-04,O
1724,2024-07-09,O
1724,2024-07-13,B
1724,2024-07-14,B
1724,2024-07-15,O
1724,2024-07-16,O
1724,2024-07-19,O
1724,2024-07-21,O
1725,2024-05-07,X
1725,2024-05-08,O
1725,2024-05-10,O
1725,2024-05-13,O
1725,2024-05-14,O
1725,2024-05-17,N
1725,2024-05-19,O
1725,2024-05-25,O
1725,2024-05-26,O
1725,2024-05-27,O
1725,2024-05-29,O
1725,2024-05-30,O
1725,2024-05-31,O
1725,2024-06-03,B
1725,2024-06-07,D
1725,2024-06-14,O
1725,2024-06-24,C
1725,2024-06-25,O
1725,2024-06-26,O
1725,2024-06-29,B
1725,2024-07-03,O
1725,2024-07-06,O
1725,2024-07-09,O
1725,2024-07-17,O
1725,2024-07-19,O
1725,2024-07-22,O
1725,2024-07-24,O
1725,2024-07-26,B
1725,2024-07-29,O
1725,2024-07-30,N
1725,2024-08-13,B
1725,2024-08-14,B
1725,2024-08-18,B
1725,2024-08-20,B
1725,2024-08-21,O
1725,2024-08-29,X
1725,2024-08-30,B
1725,2024-09-04,O
1726,2024-05-15,O
1726,2024-05-17,O
1726,2024-05-20,O
1726,2024-05-22,B
1726,2024-05-30,B
1726,2024-06-01,O
1726,2024-06-02,C
1726,2024-06-03,O
1726,2024-06-04,O
1726,2024-06-07,O
1726,2024-06-10,O
1726,2024-06-12,O
1726,2024-06-13,O
1726,2024-06-14,O
1726,2024-06-16,O
1726,2024-06-19,O
1726,2024-06-21,O
1726,2024-06-22,O
1726,2024-06-23,C
1726,2024-07-06,O
1726,2024-07-08,O
1726,2024-07-12,O
1726,2024-07-14,O
1726,2024-07-18,O
1726,2024-07-24,O
1726,2024-07-27,O
1726,2024-08-06,B
1726,2024-08-11,X
1726,2024-08-18,B
1726,2024-08-20,O
1726,2024-08-24,O
1726,2024-08-26,O
1726,2024-08-27,O
1726,2024-08-28,O
1726,2024-08-31,B
1726,2024-09-02,O
1726,2024-09-03,O
1726,2024-09-04,B
1727,2024-05-15,B
1727,2024-05-17,O
1727,2024-05-24,O
1727,2024-05-26,O
1727,2024-05-29,B
1727,2024-06-01,B
1727,2024-06-06,O
1727,2024-06-11,O
1727,2024-06-15,O
1727,2024-06-18,O
1727,2024-06-21,O
1727,2024-06-23,O
1727,2024-06-24,O
1727,2024-06-26,O
1727,2024-06-28,O
1727,2024-07-01,O
1727,2024-07-04,X
1727,2024-07-07,O
1727,2024-07-09,O
1727,2024-07-11,O
1727,2024-07-13,O
1727,2024-07-14,O
1727,2024-07-20,C
1727,2024-07-22,B
1727,2024-07-25,O
1727,2024-07-28,O
1727,2024-07-30,O
1727,2024-08-01,O
1727,2024-08-03,O
1727,2024-08-05,O
1727,2024-08-06,O
1727,2024-08-11,O
1727,2024-08-12,B
1727,2024-08-14,B
1727,2024-08-17,B
1727,2024-08-18,O
1727,2024-08-26,O
1727,2024-08-27,O
1727,2024-08-31,O
1727,2024-09-01,O
1727,2024-09-05,X
1727,2024-09-09,B
1727,2024-09-11,O
1727,2024-09-15,B
1727,2024-09-17,C
1727,2024-09-20,B
1728,2024-05-12,X
1728,2024-05-14,O
1728,2024-05-19,O
1728,2024-05-20,O
1728,2024-05-21,O
1728,2024-05-22,O
1728,2024-05-25,O
1728,2024-05-26,O
1728,2024-05-28,O
1728,2024-05-30,O
1728,2024-06-02,O
1728,2024-06-03,O
1728,2024-06-05,O
1728,2024-06-07,O
1728,2024-06-13,X
1728,2024-06-15,B
1728,2024-06-16,O
1728,2024-06-19,O
1728,2024-06-20,O
1728,2024-06-22,O
1728,2024-06-23,O
1728,2024-06-27,O
1728,2024-06-28,B
1728,2024-06-30,O
1728,2024-07-04,B
1728,2024-07-06,B
1728,2024-07-11,O
1728,2024-07-16,O
1728,2024-08-01,O
1728,2024-08-02,O
1728,2024-08-05,O
1728,2024-08-06,O
1728,2024-08-12,O
1729,2024-05-10,O
1729,2024-05-11,O
1729,2024-05-13,O
1729,2024-05-14,O
1729,2024-05-15,O
1729,2024-05-16,O
1729,2024-05-17,O
1729,2024-05-28,O
1729,2024-05-31,B
1729,2024-06-01,O
1729,2024-06-03,O
1729,2024-06-06,O
1729,2024-06-14,O
1730,2024-05-10,O
1730,2024-05-14,O
1730,2024-05-15,O
1730,2024-05-18,O
1730,2024-05-20,O
1730,2024-05-23,O
1730,2024-05-24,O
1730,2024-05-30,O
1730,2024-06-02,O
1730,2024-06-03,O
1730,2024-06-06,O
1730,2024-06-08,O
1730,2024-06-09,O
1730,2024-06-10,C
1730,2024-06-22,B
1730,2024-06-25,O
1730,2024-06-27,B
1730,2024-06-29,O
1730,2024-07-19,O
1730,2024-07-21,O
1730,2024-07-22,B
1730,2024-07-24,B
1730,2024-07-29,C
1730,2024-08-01,O
1730,2024-08-03,O
1730,2024-08-12,O
1730,2024-08-13,O
1730,2024-08-15,B
1730,2024-08-19,B
1730,2024-08-21,O
1730,2024-08-30,N
1730,2024-09-04,C
1730,2024-09-06,O
1730,2024-09-08,O
1730,2024-09-09,X
1730,2024-09-18,O
1730,2024-09-20,O
1730,2024-09-21,X
1730,2024-09-22,D
1730,2024-09-23,O
1730,2024-09-27,B
1731,2024-05-11,O
1731,2024-05-12,X
1731,2024-05-19,O
1731,2024-05-21,O
1731,2024-05-24,O
1731,2024-05-25,O
1731,2024-05-27,O
1731,2024-06-03,O
1731,2024-06-05,O
1731,2024-06-08,O
1731,2024-06-12,O
1731,2024-06-13,O
1731,2024-06-18,C
1731,2024-06-19,C
1731,2024-06-22,O
1731,2024-06-26,O
1731,2024-07-03,B
1734,2024-05-07,C
1734,2024-05-17,B
1734,2024-05-19,O
1734,2024-05-23,O
1734,2024-05-26,O
1734,2024-05-28,X
1734,2024-05-29,O
1734,2024-05-30,B
1734,2024-05-31,O
1734,2024-06-01,O
1734,2024-06-03,C
1734,2024-06-10,O
1734,2024-06-14,N
1734,2024-06-15,O
1734,2024-06-16,O
1734,2024-06-22,O
1734,2024-06-24,O
1734,2024-06-25,O
1734,2024-07-01,O
1734,2024-07-02,O
1734,2024-07-05,O
1734,2024-07-11,O
1734,2024-07-14,O
1734,2024-07-17,O
1734,2024-07-18,O
1734,2024-07-26,O
1734,2024-08-05,O
1734,2024-08-07,B
1734,2024-08-08,O
1734,2024-08-14,B
1734,2024-08-17,B
1734,2024-08-18,O
1734,2024-08-26,O
1734,2024-08-27,X
1735,2024-05-09,O
1735,2024-05-15,O
1735,2024-05-17,O
1735,2024-05-18,O
1735,2024-05-25,O
1735,2024-05-28,B
1735,2024-05-30,O
1735,2024-06-10,O
1735,2024-06-13,O
1735,2024-06-24,C
1735,2024-06-25,O
1735,2024-07-05,C
1735,2024-07-07,X
1735,2024-07-08,O
1735,2024-07-09,O
1735,2024-07-12,O
1735,2024-07-17,O
1735,2024-07-19,O
1735,2024-07-23,O
1735,2024-07-26,O
1735,2024-07-29,O
1735,2024-08-01,O
1735,2024-08-02,O
1735,2024-08-03,O
1735,2024-08-04,O
1735,2024-08-05,O
1735,2024-08-12,O
1735,2024-08-16,O
1735,2024-09-04,B
1735,2024-09-05,B
1736,2024-05-06,O
1736,2024-05-07,O
1736,2024-05-08,O
1736,2024-05-11,O
1736,2024-05-12,O
1736,2024-05-13,O
1736,2024-05-14,B
1736,2024-05-15,O
1736,2024-05-17,O
1736,2024-05-20,B
1736,2024-05-21,O
1736,2024-05-23,O
1736,2024-05-28,O
1736,2024-06-02,O
1736,2024-06-04,O
1736,2024-06-05,O
1736,2024-06-06,B
1736,2024-06-08,O
1736,2024-06-09,B
1736,2024-06-13,D
1736,2024-06-14,B
1737,2024-05-14,O
1737,2024-05-16,O
1737,2024-05-20,O
1737,2024-05-22,O
1737,2024-05-23,N
1737,2024-05-24,O
1737,2024-05-27,O
1737,2024-05-29,O
1737,2024-05-30,B
1737,2024-06-02,O
1737,2024-06-07,C
1737,2024-06-09,O
1737,2024-06-12,O
1737,2024-06-17,O
1737,2024-06-18,O
1737,2024-06-23,B
1737,2024-06-26,B
1737,2024-07-03,O
1740,2024-05-14,O
1740,2024-05-17,O
1740,2024-05-19,B
1740,2024-05-20,O
1740,2024-05-22,O
1740,2024-05-24,O
1740,2024-05-25,O
1740,2024-05-31,O
1740,2024-06-01,C
1740,2024-06-11,O
1740,2024-06-16,O
1740,2024-06-17,O
1740,2024-06-19,O
1740,2024-06-22,O
1740,2024-06-23,O
1740,2024-06-24,O
1740,2024-06-29,C
1740,2024-07-02,O
1740,2024-07-03,O
1740,2024-07-12,O
1740,2024-07-14,B
1740,2024-07-16,O
1740,2024-07-18,D
1740,2024-07-19,O
1740,2024-07-21,O
1740,2024-07-23,O
1740,2024-07-25,B
1740,2024-07-27,N
1740,2024-08-01,O
1740,2024-08-03,C
1740,2024-08-05,O
1740,2024-08-07,D
1741,2024-05-12,O
1741,2024-05-13,O
1741,2024-05-21,B
1741,2024-05-25,O
1741,2024-05-30,O
1741,2024-06-02,O
1741,2024-06-12,B
1743,2024-05-05,O
1743,2024-05-07,O
1743,2024-05-09,O
1743,2024-05-12,X
1743,2024-05-19,B
1743,2024-05-25,O
1743,2024-05-26,O
1743,2024-05-29,O
1743,2024-05-31,O
1743,2024-06-05,O
1743,2024-06-07,O
1743,2024-06-10,X
1743,2024-06-14,O
1743,2024-06-16,X
1743,2024-06-20,O
1743,2024-06-24,B
1743,2024-06-25,B
1743,2024-06-29,O
1743,2024-07-05,O
1743,2024-07-07,O
1743,2024-07-09,O
1743,2024-07-12,O
1743,2024-07-14,O
1743,2024-07-16,O
1744,2024-05-10,O
1744,2024-05-14,O
1744,2024-05-15,X
1744,2024-05-16,O
1744,2024-05-17,O
1744,2024-05-19,O
1744,2024-05-20,O
1744,2024-05-25,O
1744,2024-05-27,O
1744,2024-05-30,O
1744,2024-05-31,O
1744,2024-06-01,O
1744,2024-06-03,X
1744,2024-06-05,O
1744,2024-06-06,O
1744,2024-06-14,O
1744,2024-06-15,O
1744,2024-06-26,O
1744,2024-07-03,O
1744,2024-07-07,B
1744,2024-07-09,O
1744,2024-07-14,O
1744,2024-07-20,O
1744,2024-07-21,C
1744,2024-07-22,O
1744,2024-07-27,B
1744,2024-07-30,X
1744,2024-08-01,O
1744,2024-08-13,B
1744,2024-08-19,B
1744,2024-08-21,X
1744,2024-08-22,O
1744,2024-08-27,O
1744,2024-09-03,O
1744,2024-09-04,D
1744,2024-09-05,O
1744,2024-09-07,O
1744,2024-09-08,C
1744,2024-09-10,B
1744,2024-09-13,D
1744,2024-09-14,O
1744,2024-09-15,O
1744,2024-09-17,O
1744,2024-09-20,B
1744,2024-09-22,O
1744,2024-09-24,O
1744,2024-09-26,O
1745,2024-05-12,B
1745,2024-05-17,N
1745,2024-05-19,O
1745,2024-05-21,O
1745,2024-05-26,O
1745,2024-05-28,O
1745,2024-05-29,O
1745,2024-06-02,O
1745,2024-06-03,O
1745,2024-06-10,O
1745,2024-06-15,O
1745,2024-06-16,O
1745,2024-06-25,B
1745,2024-06-28,B
1745,2024-07-03,O
1747,2024-05-08,B
1747,2024-05-09,O
1747,2024-05-10,O
1747,2024-05-12,B
1747,2024-05-19,O
1747,2024-05-24,B
1747,2024-05-27,O
1747,2024-05-28,O
1747,2024-06-03,O
1747,2024-06-12,O
1747,2024-06-17,O
1747,2024-06-19,B
1747,2024-06-25,O
1747,2024-06-30,O
1747,2024-07-04,O
1747,2024-07-06,O
1747,2024-07-07,O
1747,2024-07-19,O
1747,2024-07-20,B
1747,2024-07-22,O
1748,2024-05-07,O
1748,2024-05-12,C
1748,2024-05-19,O
1748,2024-05-20,O
1748,2024-05-22,O
1748,2024-05-23,X
1748,2024-05-29,X
1748,2024-06-02,B
1748,2024-06-04,O
1748,2024-06-15,X
1748,2024-06-22,X
1748,2024-07-02,O
1748,2024-07-04,O
1748,2024-07-07,B
1748,2024-07-08,O
1749,2024-05-11,O
1749,2024-05-12,O
1749,2024-05-14,O
1749,2024-05-16,O
1749,2024-05-17,O
1749,2024-05-21,O
1749,2024-05-22,O
1749,2024-05-23,O
1749,2024-05-24,O
1749,2024-05-25,O
1749,2024-05-27,O
1749,2024-05-28,O
1749,2024-05-29,B
1749,2024-05-30,O
1749,2024-06-05,O
1750,2024-05-04,O
1750,2024-05-05,O
1750,2024-05-07,O
1750,2024-05-08,O
1750,2024-05-09,O
1750,2024-05-12,O
1750,2024-05-15,B
1750,2024-05-19,O
1750,2024-05-27,X
1750,2024-05-31,O
1750,2024-06-05,O
1750,2024-06-06,O
1750,2024-06-07,O
1750,2024-06-08,O
1750,2024-06-09,O
1750,2024-06-11,O
1750,2024-06-12,O
1750,2024-06-13,O
1750,2024-06-15,O
1750,2024-06-20,B
1750,2024-06-24,O
1750,2024-06-25,B
1750,2024-06-28,O
1750,2024-07-05,B
1750,2024-07-09,O
1750,2024-07-14,O
1750,2024-07-18,O
1750,2024-07-24,O
1750,2024-07-26,O
1750,2024-07-27,O
1750,2024-07-28,X
1751,2024-05-22,O
1751,2024-05-25,B
1751,2024-05-28,O
1751,2024-05-30,O
1751,2024-05-31,O
1751,2024-06-04,O
1751,2024-06-07,O
1751,2024-06-12,O
1751,2024-06-14,B
1751,2024-06-24,B
1751,2024-06-28,O
1751,2024-07-01,B
1751,2024-07-02,X
1751,2024-07-03,O
1751,2024-07-07,O
1751,2024-07-08,O
1751,2024-07-16,B
1751,2024-07-19,O
1751,2024-07-21,O
1751,2024-07-24,O
1752,2024-05-13,O
1752,2024-05-18,O
1752,2024-05-20,O
1752,2024-05-25,B
1752,2024-05-27,O
1752,2024-05-29,C
1752,2024-05-30,O
1752,2024-06-01,O
1752,2024-06-02,O
1752,2024-06-04,O
1752,2024-06-05,O
1752,2024-06-10,X
1752,2024-06-13,B
1752,2024-06-14,O
1752,2024-06-15,B
1752,2024-06-18,O
1752,2024-06-24,O
1752,2024-06-26,O
1753,2024-05-15,O
1753,2024-05-16,O
1753,2024-05-19,O
1753,2024-05-27,O
1753,2024-05-28,O
1753,2024-05-29,O
1753,2024-05-30,O
1753,2024-06-02,O
1753,2024-06-10,O
1756,2024-05-07,O
1756,2024-05-08,O
1756,2024-05-13,O
1756,2024-05-17,O
1756,2024-05-18,C
1756,2024-05-19,X
1756,2024-05-24,O
1756,2024-05-26,X
1756,2024-05-30,O
1756,2024-06-04,O
1756,2024-06-11,O
1756,2024-06-12,O
1756,2024-06-15,O
1756,2024-06-18,N
1756,2024-06-22,B
1756,2024-06-26,B
1756,2024-06-27,O
1756,2024-06-29,O
1756,2024-06-30,O
1756,2024-07-01,O
1756,2024-07-04,B
1756,2024-07-05,C
1756,2024-07-13,O
1756,2024-07-15,O
1756,2024-07-23,O
1756,2024-07-24,O
1756,2024-07-25,B
1756,2024-07-27,B
1756,2024-08-01,O
1756,2024-08-02,B
1756,2024-08-08,O
1758,2024-05-14,O
1758,2024-05-16,O
1758,2024-05-24,O
1758,2024-05-25,C
1758,2024-05-27,O
1758,2024-05-28,O
1758,2024-05-30,O
1758,2024-06-01,O
1758,2024-06-11,O
1758,2024-06-12,O
1758,2024-06-13,O
1758,2024-06-14,O
1758,2024-06-22,O
1758,2024-06-23,D
1758,2024-06-28,O
1758,2024-06-29,O
1758,2024-07-01,O
1758,2024-07-04,O
1758,2024-07-05,B
1758,2024-07-07,O
1758,2024-07-10,O
1758,2024-07-16,B
1758,2024-07-17,B
1758,2024-07-18,O
1758,2024-07-19,C
1758,2024-07-20,C
1758,2024-07-25,B
1758,2024-07-26,O
1758,2024-07-27,O
1758,2024-07-30,O
1759,2024-05-10,O
1759,2024-05-11,B
1759,2024-05-13,O
1759,2024-05-14,O
1759,2024-05-15,O
1759,2024-05-16,O
1759,2024-05-18,O
1759,2024-05-20,O
1759,2024-05-21,O
1759,2024-05-22,O
1759,2024-05-23,O
1759,2024-05-26,O
1759,2024-06-04,O
1759,2024-06-15,O
1759,2024-06-17,O
1759,2024-06-18,O
1759,2024-06-19,O
1759,2024-06-26,O
1761,2024-05-05,O
1761,2024-05-07,O
1761,2024-05-10,O
1761,2024-05-13,O
1761,2024-05-28,O
1761,2024-05-31,X
1761,2024-06-01,O
1761,2024-06-05,O
1761,2024-06-06,O
1761,2024-06-07,B
1761,2024-06-13,O
1761,2024-06-15,O
1761,2024-06-18,O
1761,2024-06-20,N
1761,2024-06-21,O
1761,2024-06-24,O
1761,2024-06-28,X
1761,2024-07-01,B
1761,2024-07-08,O
1761,2024-07-14,O
1761,2024-07-15,O
1761,2024-07-21,O
1761,2024-07-23,X
1762,2024-05-07,O
1762,2024-05-08,O
1762,2024-05-09,C
1762,2024-05-15,X
1762,2024-05-17,O
1762,2024-05-18,O
1762,2024-05-19,O
1762,2024-05-20,O
1762,2024-05-21,O
1762,2024-05-23,X
1762,2024-05-26,C
1762,2024-05-27,D
1762,2024-05-28,O
1762,2024-06-08,O
1762,2024-06-10,C
1762,2024-06-15,O
1762,2024-06-17,O
1762,2024-06-20,O
1762,2024-06-22,B
1762,2024-06-26,O
1762,2024-07-07,C
1762,2024-07-14,O
1762,2024-07-16,O
1762,2024-07-17,O
1762,2024-07-19,O
1762,2024-07-23,C
1762,2024-07-24,O
1765,2024-05-06,O
1765,2024-05-10,O
1765,2024-05-23,O
1765,2024-05-26,O
1765,2024-05-27,O
1765,2024-05-31,O
1765,2024-06-03,O
1765,2024-06-07,O
1765,2024-06-13,O
1766,2024-05-09,B
1766,2024-05-15,O
1766,2024-05-16,C
1766,2024-05-17,O
1766,2024-05-19,O
1766,2024-05-20,B
1766,2024-05-21,B
1766,2024-05-22,C
1766,2024-05-25,O
1766,2024-05-29,O
1766,2024-05-30,O
1766,2024-06-09,O
1766,2024-06-21,O
1766,2024-06-24,O
1767,2024-05-13,O
1767,2024-05-14,O
1767,2024-05-17,O
1767,2024-05-18,O
1767,2024-05-19,O
1767,2024-05-22,B
1767,2024-05-25,O
1767,2024-05-26,O
1767,2024-05-29,B
1767,2024-06-06,O
1767,2024-06-24,B
1767,2024-06-25,B
1767,2024-06-29,B
1767,2024-07-11,O
1767,2024-07-16,O
1767,2024-07-17,B
1767,2024-07-19,O
1767,2024-07-20,B
1767,2024-07-21,O
1768,2024-05-10,O
1768,2024-05-11,O
1768,2024-05-12,O
1768,2024-05-15,O
1768,2024-05-16,O
1768,2024-05-17,O
1768,2024-05-21,O
1768,2024-05-24,O
1768,2024-05-27,O
1768,2024-05-30,O
1768,2024-06-02,O
1768,2024-06-10,O
1768,2024-06-12,O
1768,2024-06-22,O
1768,2024-06-28,O
1768,2024-07-02,O
1768,2024-07-05,O
1768,2024-07-06,O
1768,2024-07-07,B
1768,2024-07-11,O
1768,2024-07-12,B
1768,2024-07-14,O
1768,2024-07-18,O
1768,2024-07-19,O
1768,2024-07-20,B
1768,2024-07-21,O
1771,2024-05-10,O
1771,2024-05-11,O
1771,2024-05-14,O
1771,2024-05-15,O
1771,2024-05-16,O
1771,2024-05-18,O
1771,2024-05-23,O
1771,2024-05-26,O
1771,2024-05-30,X
1771,2024-05-31,O
1771,2024-06-01,O
1771,2024-06-03,O
1771,2024-06-11,X
1771,2024-06-12,O
1771,2024-06-13,O
1771,2024-06-15,O
1771,2024-06-19,O
1771,2024-06-21,O
1771,2024-06-24,O
1771,2024-06-28,O
1771,2024-07-01,O
1772,2024-05-13,O
1772,2024-05-14,C
1772,2024-05-18,B
1772,2024-05-21,O
1772,2024-05-27,O
1772,2024-05-28,C
1772,2024-05-30,O
1772,2024-06-02,O
1772,2024-06-03,O
1772,2024-06-06,O
1772,2024-06-08,O
1772,2024-06-11,O
1772,2024-06-12,O
1772,2024-06-16,B
1772,2024-06-20,O
1775,2024-05-14,O
1775,2024-05-17,O
1775,2024-05-18,B
1775,2024-05-20,O
1775,2024-05-21,O
1775,2024-05-25,B
1775,2024-05-27,X
1775,2024-05-29,X
1775,2024-05-31,O
1775,2024-06-05,B
1775,2024-06-06,O
1775,2024-06-11,O
1775,2024-06-15,O
1775,2024-06-25,O
1775,2024-06-29,O
1775,2024-07-01,O
1775,2024-07-08,O
1775,2024-07-09,O
1775,2024-07-10,O
1775,2024-07-13,O
1775,2024-07-15,C
1775,2024-07-18,O
1775,2024-07-20,O
1775,2024-07-22,O
1775,2024-07-24,O
1775,2024-07-25,B
1775,2024-07-28,O
1775,2024-07-31,O
1775,2024-08-06,O
1776,2024-05-09,O
1776,2024-05-15,O
1776,2024-05-21,N
1776,2024-05-29,O
1776,2024-06-01,O
1776,2024-06-03,O
1776,2024-06-06,B
1776,2024-06-07,O
1776,2024-06-09,O
1776,2024-06-14,O
1776,2024-06-15,X
1776,2024-06-20,O
1776,2024-06-26,O
1776,2024-06-27,O
1776,2024-07-09,X
1776,2024-07-11,O
1776,2024-07-15,O
1776,2024-07-16,O
1779,2024-05-05,O
1779,2024-05-09,O
1779,2024-05-10,O
1779,2024-05-19,O
1779,2024-05-20,O
1779,2024-05-21,O
1779,2024-05-23,B
1779,2024-05-24,O
1779,2024-05-26,B
1779,2024-05-27,O
1779,2024-06-01,O
1779,2024-06-07,O
1779,2024-06-12,O
1779,2024-06-14,O
1779,2024-06-16,O
1779,2024-06-27,O
1779,2024-06-28,O
1779,2024-06-29,O
1779,2024-07-07,X
1779,2024-07-10,O
1779,2024-07-12,B
1779,2024-07-14,B
1779,2024-07-25,O
1779,2024-07-31,O
1779,2024-08-05,O
1779,2024-08-12,B
1779,2024-08-15,O
1779,2024-08-24,O
1780,2024-05-07,O
1780,2024-05-10,O
1780,2024-05-11,N
1780,2024-05-15,O
1780,2024-05-20,X
1780,2024-05-22,N
1780,2024-05-24,O
1780,2024-05-25,B
1780,2024-05-26,O
1780,2024-05-31,O
1780,2024-06-03,O
1780,2024-06-04,O
1780,2024-06-05,O
1780,2024-06-10,B
1780,2024-06-15,O
1780,2024-06-17,O
1780,2024-06-18,O
1780,2024-06-19,O
1780,2024-06-21,O
1781,2024-05-10,O
1781,2024-05-11,O
1781,2024-05-12,O
1781,2024-05-13,B
1781,2024-05-18,O
1781,2024-05-22,O
1781,2024-05-24,O
1781,2024-05-27,O
1781,2024-05-28,O
1781,2024-05-30,X
1781,2024-05-31,O
1781,2024-06-05,B
1781,2024-06-06,O
1781,2024-06-07,O
1781,2024-06-08,O
1781,2024-06-14,O
1781,2024-06-18,O
1781,2024-06-22,O
1781,2024-06-24,O
1781,2024-06-28,B
1781,2024-07-02,O
1781,2024-07-06,O
1781,2024-07-07,O
1781,2024-07-08,O
1781,2024-07-13,O
1781,2024-07-19,D
1781,2024-07-21,O
1781,2024-07-29,B
1781,2024-08-01,O
1781,2024-08-02,B
1781,2024-08-03,O
1781,2024-08-09,O
1781,2024-08-11,O
1781,2024-08-12,O
1781,2024-08-15,O
1781,2024-08-17,O
1781,2024-08-18,B
1783,2024-05-06,B
1783,2024-05-07,O
1783,2024-05-08,O
1783,2024-05-11,O
1783,2024-05-14,B
1783,2024-05-16,O
1783,2024-05-21,O
1783,2024-05-22,O
1783,2024-05-24,O
1783,2024-05-25,O
1783,2024-05-27,O
1783,2024-05-28,O
1783,2024-05-29,O
1783,2024-05-31,O
1783,2024-06-04,C
1783,2024-06-21,B
1783,2024-06-27,C
1783,2024-06-28,O
1785,2024-05-11,B
1785,2024-05-16,O
1785,2024-05-19,O
1785,2024-05-25,O
1785,2024-05-27,O
1785,2024-05-29,O
1785,2024-05-31,O
1785,2024-06-03,O
1785,2024-06-05,O
1785,2024-06-08,O
1786,2024-05-10,O
1786,2024-05-11,B
1786,2024-05-15,C
1786,2024-05-17,B
1786,2024-05-19,O
1786,2024-05-24,O
1786,2024-05-27,O
1786,2024-06-09,B
1786,2024-06-14,O
1786,2024-06-19,B
1786,2024-07-01,O
1786,2024-07-02,O
1786,2024-07-04,O
1786,2024-07-05,O
1786,2024-07-11,O
1786,2024-07-12,O
1786,2024-07-17,O
1786,2024-07-21,O
1786,2024-07-26,O
1786,2024-08-01,O
1786,2024-08-02,O
1786,2024-08-03,O
1786,2024-08-07,O
1786,2024-08-13,O
1786,2024-08-17,O
1786,2024-08-19,O
1786,2024-08-28,O
1786,2024-08-31,O
1786,2024-09-03,B
1786,2024-09-05,O
1786,2024-09-07,O
1787,2024-05-06,O
1787,2024-05-07,O
1787,2024-05-14,O
1787,2024-05-17,O
1787,2024-05-20,B
1787,2024-05-21,O
1787,2024-05-25,O
1787,2024-05-26,B
1787,2024-05-27,O
1787,2024-05-31,C
1787,2024-06-04,O
1787,2024-06-11,B
1787,2024-06-16,B
1787,2024-06-23,O
1787,2024-06-24,O
1787,2024-07-09,X
1787,2024-07-15,B
1787,2024-07-16,O
1787,2024-07-17,O
1787,2024-07-20,X
1787,2024-07-21,O
1787,2024-07-23,O
1787,2024-07-25,O
1787,2024-07-27,B
1787,2024-08-11,B
1787,2024-08-14,B
1787,2024-08-15,B
1787,2024-09-04,X
1787,2024-09-11,O
1787,2024-09-16,O
1787,2024-09-17,O
1787,2024-09-18,X
1787,2024-09-19,C
1787,2024-09-20,O
1787,2024-09-24,N
1787,2024-09-26,O
1788,2024-05-09,O
1788,2024-05-14,X
1788,2024-05-20,O
1788,2024-05-21,B
1788,2024-05-22,B
1788,2024-05-24,B
1788,2024-05-31,B
1788,2024-06-05,O
1788,2024-06-06,O
1788,2024-06-08,X
1788,2024-06-10,O
1788,2024-06-18,O
1789,2024-05-10,O
1789,2024-05-12,O
1789,2024-05-15,O
1789,2024-05-16,O
1789,2024-05-19,O
1789,2024-05-26,O
1789,2024-05-27,O
1789,2024-05-28,O
1789,2024-05-29,O
1789,2024-05-30,O
1789,2024-06-01,X
1789,2024-06-02,O
1789,2024-06-10,B
1789,2024-06-17,O
1789,2024-06-19,O
1790,2024-05-08,O
1790,2024-05-10,B
1790,2024-05-15,O
1790,2024-05-20,O
1790,2024-05-23,O
1790,2024-05-26,O
1790,2024-05-27,O
1790,2024-05-30,O
1790,2024-05-31,O
1790,2024-06-01,O
1790,2024-06-07,O
1790,2024-06-13,B
1791,2024-05-05,O
1791,2024-05-07,O
1791,2024-05-13,O
1791,2024-05-16,O
1791,2024-05-18,C
1791,2024-05-19,B
1791,2024-05-20,O
1791,2024-05-21,O
1791,2024-05-24,O
1791,2024-05-28,O
1791,2024-05-29,B
1791,2024-05-30,O
1791,2024-05-31,O
1791,2024-06-12,O
1791,2024-06-13,O
1791,2024-06-16,B
1791,2024-06-22,O
1791,2024-06-25,O
1791,2024-07-02,B
1792,2024-05-12,O
1792,2024-05-13,O
1792,2024-05-17,O
1792,2024-05-18,O
1792,2024-05-22,O
1792,2024-05-24,B
1792,2024-05-25,B
1792,2024-06-07,N
1792,2024-06-10,O
1792,2024-06-11,X
1792,2024-06-12,C
1792,2024-06-13,O
1792,2024-06-14,O
1792,2024-06-15,O
1792,2024-06-19,O
1793,2024-05-09,O
1793,2024-05-13,B
1793,2024-05-14,O
1793,2024-05-18,O
1793,2024-05-24,O
1793,2024-05-26,O
1793,2024-05-31,B
1793,2024-06-04,B
1793,2024-06-16,O
1793,2024-06-29,O
1793,2024-06-30,B
1793,2024-07-02,X
1797,2024-05-06,N
1797,2024-05-10,O
1797,2024-05-17,O
1797,2024-05-23,O
1797,2024-05-25,O
1797,2024-05-28,O
1797,2024-06-03,O
1797,2024-06-09,O
1797,2024-06-13,O
1797,2024-06-15,O
1797,2024-06-20,B
1797,2024-06-21,O
1797,2024-06-24,B
1797,2024-07-03,N
1797,2024-07-07,O
1797,2024-07-09,O
1797,2024-07-11,O
1797,2024-07-14,O
1797,2024-07-16,O
1797,2024-07-19,O
1797,2024-07-24,O
1797,2024-07-29,O
1797,2024-08-03,O
1797,2024-08-05,O
1797,2024-08-14,B
1797,2024-08-21,O
1797,2024-08-22,O
1797,2024-08-25,O
1797,2024-08-26,O
1797,2024-08-28,O
1797,2024-09-01,O
1797,2024-09-06,O
1797,2024-09-08,O
1797,2024-09-14,D
1799,2024-05-12,B
1799,2024-05-15,O
1799,2024-05-21,O
1799,2024-05-25,O
1799,2024-06-08,O
1799,2024-06-11,O
1800,2024-05-18,O
1800,2024-05-19,O
1800,2024-05-21,X
1800,2024-05-22,X
1800,2024-05-24,B
1800,2024-05-27,O
1800,2024-05-29,O
1800,2024-05-30,B
1800,2024-06-06,O
1800,2024-06-08,O
1800,2024-06-13,O
1800,2024-06-28,O
1800,2024-07-05,O
1800,2024-07-06,O
1800,2024-07-11,O
1800,2024-07-26,O
1800,2024-07-27,O
1800,2024-07-29,O
1800,2024-07-31,O
1800,2024-08-02,O
1800,2024-08-06,O
