plant_id,date,note
1001,2024-05-27,Observation du 2024-05-27 (printemps)
1001,2024-06-04,Observation du 2024-06-04 (ete)
1001,2024-06-06,Observation du 2024-06-06 (ete)
1001,2024-06-07,Observation du 2024-06-07 (ete)
1001,2024-06-13,Observation du 2024-06-13 (ete)
1001,2024-06-17,Observation du 2024-06-17 (ete)
1001,2024-06-18,Observation du 2024-06-18 (ete)
1001,2024-06-20,Observation du 2024-06-20 (ete)
1001,2024-06-23,Observation du 2024-06-23 (ete)
1001,2024-07-04,Observation du 2024-07-04 (ete)
1001,2024-07-06,Observation du 2024-07-06 (ete)
1001,2024-07-07,Observation du 2024-07-07 (ete)
1001,2024-07-08,Observation du 2024-07-08 (ete)
1001,2024-07-09,Observation du 2024-07-09 (ete)
1001,2024-07-17,Observation du 2024-07-17 (ete)
1001,2024-07-22,Observation du 2024-07-22 (ete)
1001,2024-07-28,Observation du 2024-07-28 (ete)
1001,2024-07-31,Observation du 2024-07-31 (ete)
1001,2024-08-07,Observation du 2024-08-07 (ete)
1002,2024-05-15,Observation du 2024-05-15 (printemps)
1002,2024-05-20,Observation du 2024-05-20 (printemps)
1002,2024-05-21,Observation du 2024-05-21 (printemps)
1002,2024-05-23,Observation du 2024-05-23 (printemps)
1002,2024-05-30,Observation du 2024-05-30 (printemps)
1002,2024-05-31,Observation du 2024-05-31 (printemps)
1002,2024-06-15,Observation du 2024-06-15 (ete)
1002,2024-06-16,Observation du 2024-06-16 (ete)
1002,2024-06-19,Observation du 2024-06-19 (ete)
1002,2024-06-21,Observation du 2024-06-21 (ete)
1002,2024-06-29,Observation du 2024-06-29 (ete)
1002,2024-07-02,Observation du 2024-07-02 (ete)
1002,2024-07-07,Observation du 2024-07-07 (ete)
1002,2024-07-09,Observation du 2024-07-09 (ete)
1002,2024-07-10,Observation du 2024-07-10 (ete)
1002,2024-07-11,Observation du 2024-07-11 (ete)
1002,2024-07-18,Observation du 2024-07-18 (ete)
1002,2024-07-19,Observation du 2024-07-19 (ete)
1002,2024-08-02,Observation du 2024-08-02 (ete)
1002,2024-08-03,Observation du 2024-08-03 (ete)
1002,2024-08-04,Observation du 2024-08-04 (ete)
1002,2024-08-06,Observation du 2024-08-06 (ete)
1002,2024-08-10,Observation du 2024-08-10 (ete)
1002,2024-08-14,Observation du 2024-08-14 (ete)
1002,2024-08-18,Observation du 2024-08-18 (ete)
1002,2024-08-20,Observation du 2024-08-20 (ete)
1002,2024-08-28,Observation du 2024-08-28 (ete)
1004,2024-05-10,Observation du 2024-05-10 (printemps)
1004,2024-05-15,Observation du 2024-05-15 (printemps)
1004,2024-05-16,Observation du 2024-05-16 (printemps)
1004,2024-05-20,Observation du 2024-05-20 (printemps)
1004,2024-05-22,Observation du 2024-05-22 (printemps)
1004,2024-05-23,Observation du 2024-05-23 (printemps)
1004,2024-05-24,Observation du 2024-05-24 (printemps)
1004,2024-05-26,Observation du 2024-05-26 (printemps)
1004,2024-05-28,Observation du 2024-05-28 (printemps)
1004,2024-06-01,Observation du 2024-06-01 (ete)
1004,2024-06-03,Observation du 2024-06-03 (ete)
1004,2024-06-10,Observation du 2024-06-10 (ete)
1004,2024-06-12,Observation du 2024-06-12 (ete)
1004,2024-06-16,Observation du 2024-06-16 (ete)
1004,2024-06-19,Observation du 2024-06-19 (ete)
1004,2024-06-20,Observation du 2024-06-20 (ete)
1004,2024-06-25,Observation du 2024-06-25 (ete)
1004,2024-06-29,Observation du 2024-06-29 (ete)
1004,2024-07-03,Observation du 2024-07-03 (ete)
1004,2024-07-04,Observation du 2024-07-04 (ete)
1004,2024-07-21,Observation du 2024-07-21 (ete)
1004,2024-07-22,Observation du 2024-07-22 (ete)
1004,2024-07-27,Observation du 2024-07-27 (ete)
1004,2024-07-29,Observation du 2024-07-29 (ete)
1004,2024-08-02,Observation du 2024-08-02 (ete)
1004,2024-08-04,Observation du 2024-08-04 (ete)
1004,2024-08-10,Observation du 2024-08-10 (ete)
1004,2024-08-11,Observation du 2024-08-11 (ete)
1004,2024-08-12,Observation du 2024-08-12 (ete)
1004,2024-08-13,Observation du 2024-08-13 (ete)
1004,2024-08-14,Observation du 2024-08-14 (ete)
1004,2024-08-15,Observation du 2024-08-15 (ete)
1004,2024-08-19,Observation du 2024-08-19 (ete)
1004,2024-08-30,Observation du 2024-08-30 (ete)
1004,2024-08-31,Observation du 2024-08-31 (ete)
1004,2024-09-01,Observation du 2024-09-01 (automne)
1005,2024-05-10,Observation du 2024-05-10 (printemps)
1005,2024-05-14,Observation du 2024-05-14 (printemps)
1005,2024-05-15,Observation du 2024-05-15 (printemps)
1005,2024-05-18,Observation du 2024-05-18 (printemps)
1005,2024-05-24,Observation du 2024-05-24 (printemps)
1005,2024-05-25,Observation du 2024-05-25 (printemps)
1005,2024-06-01,Observation du 2024-06-01 (ete)
1005,2024-06-08,Observation du 2024-06-08 (ete)
1005,2024-06-13,Observation du 2024-06-13 (ete)
1005,2024-06-16,Observation du 2024-06-16 (ete)
1005,2024-06-19,Observation du 2024-06-19 (ete)
1005,2024-06-23,Observation du 2024-06-23 (ete)
1005,2024-06-24,Observation du 2024-06-24 (ete)
1005,2024-06-25,Observation du 2024-06-25 (ete)
1005,2024-06-27,Observation du 2024-06-27 (ete)
1005,2024-07-03,Observation du 2024-07-03 (ete)
1005,2024-07-09,Observation du 2024-07-09 (ete)
1005,2024-07-14,Observation du 2024-07-14 (ete)
1005,2024-07-19,Observation du 2024-07-19 (ete)
1005,2024-07-23,Observation du 2024-07-23 (ete)
1005,2024-07-24,Observation du 2024-07-24 (ete)
1005,2024-07-28,Observation du 2024-07-28 (ete)
1005,2024-07-30,Observation du 2024-07-30 (ete)
1006,2024-05-18,Observation du 2024-05-18 (printemps)
1006,2024-05-28,Observation du 2024-05-28 (printemps)
1006,2024-06-01,Observation du 2024-06-01 (ete)
1006,2024-06-02,Observation du 2024-06-02 (ete)
1006,2024-06-04,Observation du 2024-06-04 (ete)
1006,2024-06-13,Observation du 2024-06-13 (ete)
1006,2024-06-14,Observation du 2024-06-14 (ete)
1006,2024-06-17,Observation du 2024-06-17 (ete)
1006,2024-06-25,Observation du 2024-06-25 (ete)
1006,2024-06-30,Observation du 2024-06-30 (ete)
1006,2024-07-01,Observation du 2024-07-01 (ete)
1006,2024-07-07,Observation du 2024-07-07 (ete)
1006,2024-07-09,Observation du 2024-07-09 (ete)
1006,2024-07-11,Observation du 2024-07-11 (ete)
1006,2024-07-12,Observation du 2024-07-12 (ete)
1007,2024-05-11,Observation du 2024-05-11 (printemps)
1007,2024-05-17,Observation du 2024-05-17 (printemps)
1007,2024-05-18,Observation du 2024-05-18 (printemps)
1007,2024-05-23,Observation du 2024-05-23 (printemps)
1007,2024-05-25,Observation du 2024-05-25 (printemps)
1007,2024-05-28,Observation du 2024-05-28 (printemps)
1007,2024-05-31,Observation du 2024-05-31 (printemps)
1007,2024-06-03,Observation du 2024-06-03 (ete)
1007,2024-06-04,Observation du 2024-06-04 (ete)
1007,2024-06-09,Observation du 2024-06-09 (ete)
1007,2024-06-12,Observation du 2024-06-12 (ete)
1007,2024-06-16,Observation du 2024-06-16 (ete)
1007,2024-06-24,Observation du 2024-06-24 (ete)
1007,2024-07-09,Observation du 2024-07-09 (ete)
1007,2024-07-11,Observation du 2024-07-11 (ete)
1007,2024-07-16,Observation du 2024-07-16 (ete)
1007,2024-07-29,Observation du 2024-07-29 (ete)
1007,2024-08-03,Observation du 2024-08-03 (ete)
1007,2024-08-06,Observation du 2024-08-06 (ete)
1007,2024-08-07,Observation du 2024-08-07 (ete)
1007,2024-08-13,Observation du 2024-08-13 (ete)
1007,2024-08-17,Observation du 2024-08-17 (ete)
1007,2024-08-18,Observation du 2024-08-18 (ete)
1007,2024-08-22,Observation du 2024-08-22 (ete)
1010,2024-05-13,Observation du 2024-05-13 (printemps)
1010,2024-05-14,Observation du 2024-05-14 (printemps)
1010,2024-05-17,Observation du 2024-05-17 (printemps)
1010,2024-05-19,Observation du 2024-05-19 (printemps)
1010,2024-05-22,Observation du 2024-05-22 (printemps)
1010,2024-05-24,Observation du 2024-05-24 (printemps)
1010,2024-05-27,Observation du 2024-05-27 (printemps)
1010,2024-05-30,Observation du 2024-05-30 (printemps)
1010,2024-06-05,Observation du 2024-06-05 (ete)
1010,2024-06-09,Observation du 2024-06-09 (ete)
1010,2024-06-12,Observation du 2024-06-12 (ete)
1010,2024-06-16,Observation du 2024-06-16 (ete)
1010,2024-06-19,Observation du 2024-06-19 (ete)
1010,2024-06-22,Observation du 2024-06-22 (ete)
1010,2024-06-30,Observation du 2024-06-30 (ete)
1010,2024-07-07,Observation du 2024-07-07 (ete)
1010,2024-07-08,Observation du 2024-07-08 (ete)
1010,2024-07-15,Observation du 2024-07-15 (ete)
1010,2024-07-18,Observation du 2024-07-18 (ete)
1010,2024-07-21,Observation du 2024-07-21 (ete)
1010,2024-07-22,Observation du 2024-07-22 (ete)
1010,2024-07-30,Observation du 2024-07-30 (ete)
1010,2024-08-01,Observation du 2024-08-01 (ete)
1010,2024-08-09,Observation du 2024-08-09 (ete)
1010,2024-08-12,Observation du 2024-08-12 (ete)
1010,2024-08-17,Observation du 2024-08-17 (ete)
1010,2024-08-21,Observation du 2024-08-21 (ete)
1010,2024-09-03,Observation du 2024-09-03 (automne)
1010,2024-09-04,Observation du 2024-09-04 (automne)
1010,2024-09-06,Observation du 2024-09-06 (automne)
1010,2024-09-07,Observation du 2024-09-07 (automne)
1010,2024-09-10,Observation du 2024-09-10 (automne)
1010,2024-09-12,Observation du 2024-09-12 (automne)
1010,2024-09-15,Observation du 2024-09-15 (automne)
1010,2024-09-19,Observation du 2024-09-19 (automne)
1010,2024-09-22,Observation du 2024-09-22 (automne)
1010,2024-09-23,Observation du 2024-09-23 (automne)
1010,2024-09-26,Observation du 2024-09-26 (automne)
1010,2024-09-28,Observation du 2024-09-28 (automne)
1010,2024-09-29,Observation du 2024-09-29 (automne)
1011,2024-05-17,Observation du 2024-05-17 (printemps)
1011,2024-05-18,Observation du 2024-05-18 (printemps)
1011,2024-05-20,Observation du 2024-05-20 (printemps)
1011,2024-05-31,Observation du 2024-05-31 (printemps)
1011,2024-06-03,Observation du 2024-06-03 (ete)
1011,2024-06-06,Observation du 2024-06-06 (ete)
1011,2024-06-07,Observation du 2024-06-07 (ete)
1011,2024-06-08,Observation du 2024-06-08 (ete)
1011,2024-06-17,Observation du 2024-06-17 (ete)
1011,2024-06-21,Observation du 2024-06-21 (ete)
1011,2024-06-24,Observation du 2024-06-24 (ete)
1011,2024-06-26,Observation du 2024-06-26 (ete)
1012,2024-05-15,Observation du 2024-05-15 (printemps)
1012,2024-05-28,Observation du 2024-05-28 (printemps)
1012,2024-05-29,Observation du 2024-05-29 (printemps)
1012,2024-05-31,Observation du 2024-05-31 (printemps)
1012,2024-06-03,Observation du 2024-06-03 (ete)
1012,2024-06-04,Observation du 2024-06-04 (ete)
1012,2024-06-05,Observation du 2024-06-05 (ete)
1012,2024-06-06,Observation du 2024-06-06 (ete)
1012,2024-06-08,Observation du 2024-06-08 (ete)
1012,2024-06-09,Observation du 2024-06-09 (ete)
1012,2024-06-17,Observation du 2024-06-17 (ete)
1012,2024-06-24,Observation du 2024-06-24 (ete)
1012,2024-06-26,Observation du 2024-06-26 (ete)
1012,2024-06-28,Observation du 2024-06-28 (ete)
1012,2024-07-01,Observation du 2024-07-01 (ete)
1012,2024-07-03,Observation du 2024-07-03 (ete)
1012,2024-07-10,Observation du 2024-07-10 (ete)
1012,2024-07-13,Observation du 2024-07-13 (ete)
1012,2024-07-18,Observation du 2024-07-18 (ete)
1012,2024-08-07,Observation du 2024-08-07 (ete)
1012,2024-08-10,Observation du 2024-08-10 (ete)
1012,2024-08-11,Observation du 2024-08-11 (ete)
1012,2024-08-12,Observation du 2024-08-12 (ete)
1012,2024-08-13,Observation du 2024-08-13 (ete)
1012,2024-08-23,Observation du 2024-08-23 (ete)
1014,2024-05-15,Observation du 2024-05-15 (printemps)
1014,2024-05-17,Observation du 2024-05-17 (printemps)
1014,2024-05-22,Observation du 2024-05-22 (printemps)
1014,2024-05-26,Observation du 2024-05-26 (printemps)
1014,2024-05-27,Observation du 2024-05-27 (printemps)
1014,2024-06-06,Observation du 2024-06-06 (ete)
1014,2024-06-07,Observation du 2024-06-07 (ete)
1014,2024-06-08,Observation du 2024-06-08 (ete)
1014,2024-06-11,Observation du 2024-06-11 (ete)
1014,2024-06-13,Observation du 2024-06-13 (ete)
1014,2024-06-17,Observation du 2024-06-17 (ete)
1014,2024-06-22,Observation du 2024-06-22 (ete)
1014,2024-06-25,Observation du 2024-06-25 (ete)
1014,2024-06-28,Observation du 2024-06-28 (ete)
1014,2024-06-29,Observation du 2024-06-29 (ete)
1014,2024-07-02,Observation du 2024-07-02 (ete)
1014,2024-07-05,Observation du 2024-07-05 (ete)
1014,2024-07-12,Observation du 2024-07-12 (ete)
1014,2024-07-15,Observation du 2024-07-15 (ete)
1014,2024-07-17,Observation du 2024-07-17 (ete)
1014,2024-07-19,Observation du 2024-07-19 (ete)
1014,2024-07-22,Observation du 2024-07-22 (ete)
1014,2024-07-25,Observation du 2024-07-25 (ete)
1014,2024-07-27,Observation du 2024-07-27 (ete)
1014,2024-07-28,Observation du 2024-07-28 (ete)
1014,2024-08-04,Observation du 2024-08-04 (ete)
1014,2024-08-07,Observation du 2024-08-07 (ete)
1014,2024-08-08,Observation du 2024-08-08 (ete)
1014,2024-08-09,Observation du 2024-08-09 (ete)
1014,2024-08-11,Observation du 2024-08-11 (ete)
1014,2024-08-13,Observation du 2024-08-13 (ete)
1015,2024-05-16,Observation du 2024-05-16 (printemps)
1015,2024-05-19,Observation du 2024-05-19 (printemps)
1015,2024-05-21,Observation du 2024-05-21 (printemps)
1015,2024-05-23,Observation du 2024-05-23 (printemps)
1015,2024-05-25,Observation du 2024-05-25 (printemps)
1015,2024-05-26,Observation du 2024-05-26 (printemps)
1015,2024-05-31,Observation du 2024-05-31 (printemps)
1015,2024-06-01,Observation du 2024-06-01 (ete)
1015,2024-06-10,Observation du 2024-06-10 (ete)
1015,2024-06-18,Observation du 2024-06-18 (ete)
1015,2024-06-19,Observation du 2024-06-19 (ete)
1015,2024-06-25,Observation du 2024-06-25 (ete)
1015,2024-06-29,Observation du 2024-06-29 (ete)
1015,2024-07-02,Observation du 2024-07-02 (ete)
1015,2024-07-04,Observation du 2024-07-04 (ete)
1015,2024-07-05,Observation du 2024-07-05 (ete)
1015,2024-07-08,Observation du 2024-07-08 (ete)
1015,2024-07-12,Observation du 2024-07-12 (ete)
1015,2024-07-13,Observation du 2024-07-13 (ete)
1015,2024-07-23,Observation du 2024-07-23 (ete)
1015,2024-08-04,Observation du 2024-08-04 (ete)
1015,2024-08-05,Observation du 2024-08-05 (ete)
1015,2024-08-12,Observation du 2024-08-12 (ete)
1015,2024-08-14,Observation du 2024-08-14 (ete)
1015,2024-08-17,Observation du 2024-08-17 (ete)
1015,2024-08-20,Observation du 2024-08-20 (ete)
1015,2024-08-23,Observation du 2024-08-23 (ete)
1015,2024-08-30,Observation du 2024-08-30 (ete)
1015,2024-08-31,Observation du 2024-08-31 (ete)
1015,2024-09-10,Observation du 2024-09-10 (automne)
1016,2024-05-15,Observation du 2024-05-15 (printemps)
1016,2024-05-17,Observation du 2024-05-17 (printemps)
1016,2024-05-18,Observation du 2024-05-18 (printemps)
1016,2024-05-19,Observation du 2024-05-19 (printemps)
1016,2024-05-20,Observation du 2024-05-20 (printemps)
1016,2024-05-21,Observation du 2024-05-21 (printemps)
1016,2024-05-23,Observation du 2024-05-23 (printemps)
1016,2024-05-29,Observation du 2024-05-29 (printemps)
1016,2024-05-30,Observation du 2024-05-30 (printemps)
1016,2024-06-01,Observation du 2024-06-01 (ete)
1016,2024-06-13,Observation du 2024-06-13 (ete)
1016,2024-06-17,Observation du 2024-06-17 (ete)
1016,2024-06-20,Observation du 2024-06-20 (ete)
1016,2024-06-22,Observation du 2024-06-22 (ete)
1016,2024-06-26,Observation du 2024-06-26 (ete)
1016,2024-06-27,Observation du 2024-06-27 (ete)
1016,2024-06-28,Observation du 2024-06-28 (ete)
1016,2024-06-30,Observation du 2024-06-30 (ete)
1016,2024-07-03,Observation du 2024-07-03 (ete)
1016,2024-07-06,Observation du 2024-07-06 (ete)
1016,2024-07-08,Observation du 2024-07-08 (ete)
1016,2024-07-14,Observation du 2024-07-14 (ete)
1016,2024-07-16,Observation du 2024-07-16 (ete)
1016,2024-07-21,Observation du 2024-07-21 (ete)
1016,2024-07-22,Observation du 2024-07-22 (ete)
1016,2024-07-23,Observation du 2024-07-23 (ete)
1016,2024-08-03,Observation du 2024-08-03 (ete)
1016,2024-08-05,Observation du 2024-08-05 (ete)
1016,2024-08-08,Observation du 2024-08-08 (ete)
1016,2024-08-12,Observation du 2024-08-12 (ete)
1016,2024-08-15,Observation du 2024-08-15 (ete)
1016,2024-08-16,Observation du 2024-08-16 (ete)
1016,2024-08-18,Observation du 2024-08-18 (ete)
1016,2024-08-19,Observation du 2024-08-19 (ete)
1016,2024-08-23,Observation du 2024-08-23 (ete)
1016,2024-08-24,Observation du 2024-08-24 (ete)
1017,2024-05-17,Observation du 2024-05-17 (printemps)
1017,2024-05-20,Observation du 2024-05-20 (printemps)
1017,2024-05-21,Observation du 2024-05-21 (printemps)
1017,2024-05-24,Observation du 2024-05-24 (printemps)
1017,2024-05-25,Observation du 2024-05-25 (printemps)
1017,2024-05-31,Observation du 2024-05-31 (printemps)
1017,2024-06-02,Observation du 2024-06-02 (ete)
1017,2024-06-11,Observation du 2024-06-11 (ete)
1017,2024-06-16,Observation du 2024-06-16 (ete)
1017,2024-06-19,Observation du 2024-06-19 (ete)
1017,2024-06-20,Observation du 2024-06-20 (ete)
1017,2024-06-23,Observation du 2024-06-23 (ete)
1017,2024-07-02,Observation du 2024-07-02 (ete)
1017,2024-07-05,Observation du 2024-07-05 (ete)
1017,2024-07-09,Observation du 2024-07-09 (ete)
1017,2024-07-10,Observation du 2024-07-10 (ete)
1017,2024-07-13,Observation du 2024-07-13 (ete)
1017,2024-07-18,Observation du 2024-07-18 (ete)
1017,2024-07-29,Observation du 2024-07-29 (ete)
1017,2024-07-31,Observation du 2024-07-31 (ete)
1017,2024-08-03,Observation du 2024-08-03 (ete)
1017,2024-08-04,Observation du 2024-08-04 (ete)
1017,2024-08-06,Observation du 2024-08-06 (ete)
1017,2024-08-11,Observation du 2024-08-11 (ete)
1017,2024-08-14,Observation du 2024-08-14 (ete)
1017,2024-08-20,Observation du 2024-08-20 (ete)
1017,2024-08-25,Observation du 2024-08-25 (ete)
1017,2024-08-26,Observation du 2024-08-26 (ete)
1017,2024-08-28,Observation du 2024-08-28 (ete)
1017,2024-09-11,Observation du 2024-09-11 (automne)
1017,2024-09-14,Observation du 2024-09-14 (automne)
1017,2024-09-19,Observation du 2024-09-19 (automne)
1017,2024-09-21,Observation du 2024-09-21 (automne)
1018,2024-05-18,Observation du 2024-05-18 (printemps)
1018,2024-05-27,Observation du 2024-05-27 (printemps)
1018,2024-05-29,Observation du 2024-05-29 (printemps)
1018,2024-05-30,Observation du 2024-05-30 (printemps)
1018,2024-06-01,Observation du 2024-06-01 (ete)
1018,2024-06-02,Observation du 2024-06-02 (ete)
1018,2024-06-07,Observation du 2024-06-07 (ete)
1018,2024-06-08,Observation du 2024-06-08 (ete)
1018,2024-06-09,Observation du 2024-06-09 (ete)
1018,2024-06-10,Observation du 2024-06-10 (ete)
1018,2024-06-22,Observation du 2024-06-22 (ete)
1018,2024-06-26,Observation du 2024-06-26 (ete)
1018,2024-06-28,Observation du 2024-06-28 (ete)
1018,2024-06-29,Observation du 2024-06-29 (ete)
1019,2024-05-14,Observation du 2024-05-14 (printemps)
1019,2024-05-16,Observation du 2024-05-16 (printemps)
1019,2024-05-21,Observation du 2024-05-21 (printemps)
1019,2024-05-22,Observation du 2024-05-22 (printemps)
1019,2024-05-27,Observation du 2024-05-27 (printemps)
1019,2024-05-29,Observation du 2024-05-29 (printemps)
1019,2024-05-31,Observation du 2024-05-31 (printemps)
1019,2024-06-08,Observation du 2024-06-08 (ete)
1019,2024-06-11,Observation du 2024-06-11 (ete)
1019,2024-06-12,Observation du 2024-06-12 (ete)
1019,2024-06-14,Observation du 2024-06-14 (ete)
1019,2024-06-16,Observation du 2024-06-16 (ete)
1019,2024-06-17,Observation du 2024-06-17 (ete)
1019,2024-06-30,Observation du 2024-06-30 (ete)
1019,2024-07-01,Observation du 2024-07-01 (ete)
1019,2024-07-03,Observation du 2024-07-03 (ete)
1019,2024-07-05,Observation du 2024-07-05 (ete)
1019,2024-07-07,Observation du 2024-07-07 (ete)
1019,2024-07-11,Observation du 2024-07-11 (ete)
1019,2024-07-13,Observation du 2024-07-13 (ete)
1019,2024-07-14,Observation du 2024-07-14 (ete)
1020,2024-05-17,Observation du 2024-05-17 (printemps)
1020,2024-05-19,Observation du 2024-05-19 (printemps)
1020,2024-05-21,Observation du 2024-05-21 (printemps)
1020,2024-05-24,Observation du 2024-05-24 (printemps)
1020,2024-05-28,Observation du 2024-05-28 (printemps)
1020,2024-05-29,Observation du 2024-05-29 (printemps)
1020,2024-06-01,Observation du 2024-06-01 (ete)
1020,2024-06-06,Observation du 2024-06-06 (ete)
1020,2024-06-12,Observation du 2024-06-12 (ete)
1020,2024-06-13,Observation du 2024-06-13 (ete)
1020,2024-06-29,Observation du 2024-06-29 (ete)
1020,2024-07-03,Observation du 2024-07-03 (ete)
1020,2024-07-04,Observation du 2024-07-04 (ete)
1020,2024-07-07,Observation du 2024-07-07 (ete)
1020,2024-07-08,Observation du 2024-07-08 (ete)
1020,2024-07-21,Observation du 2024-07-21 (ete)
1020,2024-07-22,Observation du 2024-07-22 (ete)
1020,2024-07-26,Observation du 2024-07-26 (ete)
1020,2024-08-07,Observation du 2024-08-07 (ete)
1020,2024-08-14,Observation du 2024-08-14 (ete)
1020,2024-08-15,Observation du 2024-08-15 (ete)
1020,2024-08-19,Observation du 2024-08-19 (ete)
1020,2024-08-21,Observation du 2024-08-21 (ete)
1020,2024-08-23,Observation du 2024-08-23 (ete)
1020,2024-08-25,Observation du 2024-08-25 (ete)
1020,2024-08-29,Observation du 2024-08-29 (ete)
1020,2024-09-04,Observation du 2024-09-04 (automne)
1020,2024-09-05,Observation du 2024-09-05 (automne)
1020,2024-09-06,Observation du 2024-09-06 (automne)
1021,2024-05-12,Observation du 2024-05-12 (printemps)
1021,2024-05-18,Observation du 2024-05-18 (printemps)
1021,2024-05-21,Observation du 2024-05-21 (printemps)
1021,2024-05-28,Observation du 2024-05-28 (printemps)
1021,2024-05-29,Observation du 2024-05-29 (printemps)
1021,2024-05-30,Observation du 2024-05-30 (printemps)
1021,2024-06-03,Observation du 2024-06-03 (ete)
1021,2024-06-04,Observation du 2024-06-04 (ete)
1021,2024-06-10,Observation du 2024-06-10 (ete)
1021,2024-06-22,Observation du 2024-06-22 (ete)
1021,2024-06-25,Observation du 2024-06-25 (ete)
1021,2024-07-02,Observation du 2024-07-02 (ete)
1021,2024-07-04,Observation du 2024-07-04 (ete)
1021,2024-07-08,Observation du 2024-07-08 (ete)
1021,2024-07-10,Observation du 2024-07-10 (ete)
1021,2024-07-11,Observation du 2024-07-11 (ete)
1021,2024-07-13,Observation du 2024-07-13 (ete)
1021,2024-07-16,Observation du 2024-07-16 (ete)
1021,2024-07-17,Observation du 2024-07-17 (ete)
1021,2024-07-18,Observation du 2024-07-18 (ete)
1021,2024-07-19,Observation du 2024-07-19 (ete)
1021,2024-07-20,Observation du 2024-07-20 (ete)
1021,2024-07-21,Observation du 2024-07-21 (ete)
1021,2024-07-26,Observation du 2024-07-26 (ete)
1021,2024-07-29,Observation du 2024-07-29 (ete)
1021,2024-07-31,Observation du 2024-07-31 (ete)
1021,2024-08-01,Observation du 2024-08-01 (ete)
1021,2024-08-06,Observation du 2024-08-06 (ete)
1021,2024-08-07,Observation du 2024-08-07 (ete)
1021,2024-08-11,Observation du 2024-08-11 (ete)
1021,2024-08-27,Observation du 2024-08-27 (ete)
1022,2024-05-16,Observation du 2024-05-16 (printemps)
1022,2024-05-17,Observation du 2024-05-17 (printemps)
1022,2024-05-18,Observation du 2024-05-18 (printemps)
1022,2024-05-21,Observation du 2024-05-21 (printemps)
1022,2024-05-22,Observation du 2024-05-22 (printemps)
1022,2024-05-24,Observation du 2024-05-24 (printemps)
1022,2024-05-25,Observation du 2024-05-25 (printemps)
1022,2024-05-29,Observation du 2024-05-29 (printemps)
1022,2024-06-01,Observation du 2024-06-01 (ete)
1022,2024-06-08,Observation du 2024-06-08 (ete)
1022,2024-06-10,Observation du 2024-06-10 (ete)
1022,2024-06-11,Observation du 2024-06-11 (ete)
1022,2024-06-28,Observation du 2024-06-28 (ete)
1022,2024-07-07,Observation du 2024-07-07 (ete)
1022,2024-07-08,Observation du 2024-07-08 (ete)
1022,2024-07-12,Observation du 2024-07-12 (ete)
1022,2024-07-13,Observation du 2024-07-13 (ete)
1022,2024-07-17,Observation du 2024-07-17 (ete)
1022,2024-07-18,Observation du 2024-07-18 (ete)
1022,2024-07-24,Observation du 2024-07-24 (ete)
1022,2024-07-26,Observation du 2024-07-26 (ete)
1022,2024-07-29,Observation du 2024-07-29 (ete)
1022,2024-08-04,Observation du 2024-08-04 (ete)
1022,2024-08-10,Observation du 2024-08-10 (ete)
1022,2024-08-11,Observation du 2024-08-11 (ete)
1023,2024-05-17,Observation du 2024-05-17 (printemps)
1023,2024-05-20,Observation du 2024-05-20 (printemps)
1023,2024-05-24,Observation du 2024-05-24 (printemps)
1023,2024-05-25,Observation du 2024-05-25 (printemps)
1023,2024-05-27,Observation du 2024-05-27 (printemps)
1023,2024-05-29,Observation du 2024-05-29 (printemps)
1023,2024-05-30,Observation du 2024-05-30 (printemps)
1023,2024-05-31,Observation du 2024-05-31 (printemps)
1023,2024-06-04,Observation du 2024-06-04 (ete)
1023,2024-06-07,Observation du 2024-06-07 (ete)
1023,2024-06-18,Observation du 2024-06-18 (ete)
1023,2024-06-21,Observation du 2024-06-21 (ete)
1023,2024-06-23,Observation du 2024-06-23 (ete)
1023,2024-06-25,Observation du 2024-06-25 (ete)
1023,2024-06-27,Observation du 2024-06-27 (ete)
1023,2024-06-29,Observation du 2024-06-29 (ete)
1023,2024-07-01,Observation du 2024-07-01 (ete)
1023,2024-07-06,Observation du 2024-07-06 (ete)
1023,2024-07-08,Observation du 2024-07-08 (ete)
1023,2024-07-09,Observation du 2024-07-09 (ete)
1023,2024-07-13,Observation du 2024-07-13 (ete)
1023,2024-07-18,Observation du 2024-07-18 (ete)
1023,2024-07-19,Observation du 2024-07-19 (ete)
1023,2024-07-25,Observation du 2024-07-25 (ete)
1024,2024-05-16,Observation du 2024-05-16 (printemps)
1024,2024-05-17,Observation du 2024-05-17 (printemps)
1024,2024-05-21,Observation du 2024-05-21 (printemps)
1024,2024-05-25,Observation du 2024-05-25 (printemps)
1024,2024-05-30,Observation du 2024-05-30 (printemps)
1024,2024-05-31,Observation du 2024-05-31 (printemps)
1024,2024-06-10,Observation du 2024-06-10 (ete)
1024,2024-06-11,Observation du 2024-06-11 (ete)
1024,2024-06-14,Observation du 2024-06-14 (ete)
1024,2024-06-15,Observation du 2024-06-15 (ete)
1024,2024-06-22,Observation du 2024-06-22 (ete)
1024,2024-06-25,Observation du 2024-06-25 (ete)
1024,2024-06-27,Observation du 2024-06-27 (ete)
1024,2024-07-05,Observation du 2024-07-05 (ete)
1024,2024-07-06,Observation du 2024-07-06 (ete)
1024,2024-07-08,Observation du 2024-07-08 (ete)
1024,2024-07-12,Observation du 2024-07-12 (ete)
1024,2024-07-16,Observation du 2024-07-16 (ete)
1024,2024-07-17,Observation du 2024-07-17 (ete)
1024,2024-07-26,Observation du 2024-07-26 (ete)
1024,2024-07-28,Observation du 2024-07-28 (ete)
1024,2024-08-12,Observation du 2024-08-12 (ete)
1024,2024-08-13,Observation du 2024-08-13 (ete)
1024,2024-08-20,Observation du 2024-08-20 (ete)
1024,2024-08-22,Observation du 2024-08-22 (ete)
1024,2024-09-01,Observation du 2024-09-01 (automne)
1024,2024-09-04,Observation du 2024-09-04 (automne)
1025,2024-05-20,Observation du 2024-05-20 (printemps)
1025,2024-05-28,Observation du 2024-05-28 (printemps)
1025,2024-06-06,Observation du 2024-06-06 (ete)
1025,2024-06-07,Observation du 2024-06-07 (ete)
1025,2024-06-13,Observation du 2024-06-13 (ete)
1025,2024-06-15,Observation du 2024-06-15 (ete)
1025,2024-06-25,Observation du 2024-06-25 (ete)
1025,2024-06-27,Observation du 2024-06-27 (ete)
1025,2024-06-28,Observation du 2024-06-28 (ete)
1025,2024-07-02,Observation du 2024-07-02 (ete)
1025,2024-07-05,Observation du 2024-07-05 (ete)
1025,2024-07-16,Observation du 2024-07-16 (ete)
1025,2024-07-26,Observation du 2024-07-26 (ete)
1025,2024-07-28,Observation du 2024-07-28 (ete)
1025,2024-07-29,Observation du 2024-07-29 (ete)
1025,2024-07-31,Observation du 2024-07-31 (ete)
1025,2024-08-03,Observation du 2024-08-03 (ete)
1025,2024-08-07,Observation du 2024-08-07 (ete)
1025,2024-08-10,Observation du 2024-08-10 (ete)
1025,2024-08-14,Observation du 2024-08-14 (ete)
1025,2024-08-16,Observation du 2024-08-16 (ete)
1025,2024-08-18,Observation du 2024-08-18 (ete)
1026,2024-05-16,Observation du 2024-05-16 (printemps)
1026,2024-05-17,Observation du 2024-05-17 (printemps)
1026,2024-05-18,Observation du 2024-05-18 (printemps)
1026,2024-05-22,Observation du 2024-05-22 (printemps)
1026,2024-05-23,Observation du 2024-05-23 (printemps)
1026,2024-05-24,Observation du 2024-05-24 (printemps)
1026,2024-05-26,Observation du 2024-05-26 (printemps)
1026,2024-05-29,Observation du 2024-05-29 (printemps)
1026,2024-05-30,Observation du 2024-05-30 (printemps)
1026,2024-06-01,Observation du 2024-06-01 (ete)
1026,2024-06-05,Observation du 2024-06-05 (ete)
1026,2024-06-15,Observation du 2024-06-15 (ete)
1026,2024-06-16,Observation du 2024-06-16 (ete)
1026,2024-06-18,Observation du 2024-06-18 (ete)
1026,2024-06-28,Observation du 2024-06-28 (ete)
1026,2024-07-02,Observation du 2024-07-02 (ete)
1026,2024-07-03,Observation du 2024-07-03 (ete)
1026,2024-07-04,Observation du 2024-07-04 (ete)
1026,2024-07-05,Observation du 2024-07-05 (ete)
1026,2024-07-09,Observation du 2024-07-09 (ete)
1026,2024-07-12,Observation du 2024-07-12 (ete)
1026,2024-07-13,Observation du 2024-07-13 (ete)
1026,2024-07-18,Observation du 2024-07-18 (ete)
1026,2024-07-19,Observation du 2024-07-19 (ete)
1026,2024-07-20,Observation du 2024-07-20 (ete)
1026,2024-07-21,Observation du 2024-07-21 (ete)
1026,2024-07-22,Observation du 2024-07-22 (ete)
1026,2024-07-23,Observation du 2024-07-23 (ete)
1027,2024-05-15,Observation du 2024-05-15 (printemps)
1027,2024-05-16,Observation du 2024-05-16 (printemps)
1027,2024-05-19,Observation du 2024-05-19 (printemps)
1027,2024-05-21,Observation du 2024-05-21 (printemps)
1027,2024-05-22,Observation du 2024-05-22 (printemps)
1027,2024-05-27,Observation du 2024-05-27 (printemps)
1027,2024-05-29,Observation du 2024-05-29 (printemps)
1027,2024-06-02,Observation du 2024-06-02 (ete)
1027,2024-06-08,Observation du 2024-06-08 (ete)
1027,2024-06-14,Observation du 2024-06-14 (ete)
1027,2024-06-15,Observation du 2024-06-15 (ete)
1027,2024-06-16,Observation du 2024-06-16 (ete)
1027,2024-06-24,Observation du 2024-06-24 (ete)
1027,2024-06-26,Observation du 2024-06-26 (ete)
1027,2024-06-30,Observation du 2024-06-30 (ete)
1027,2024-07-01,Observation du 2024-07-01 (ete)
1027,2024-07-02,Observation du 2024-07-02 (ete)
1027,2024-07-09,Observation du 2024-07-09 (ete)
1027,2024-07-13,Observation du 2024-07-13 (ete)
1028,2024-05-12,Observation du 2024-05-12 (printemps)
1028,2024-05-15,Observation du 2024-05-15 (printemps)
1028,2024-05-22,Observation du 2024-05-22 (printemps)
1028,2024-05-25,Observation du 2024-05-25 (printemps)
1028,2024-05-28,Observation du 2024-05-28 (printemps)
1028,2024-06-04,Observation du 2024-06-04 (ete)
1028,2024-06-05,Observation du 2024-06-05 (ete)
1028,2024-06-09,Observation du 2024-06-09 (ete)
1030,2024-05-11,Observation du 2024-05-11 (printemps)
1030,2024-05-12,Observation du 2024-05-12 (printemps)
1030,2024-05-14,Observation du 2024-05-14 (printemps)
1030,2024-05-17,Observation du 2024-05-17 (printemps)
1030,2024-05-18,Observation du 2024-05-18 (printemps)
1030,2024-05-20,Observation du 2024-05-20 (printemps)
1030,2024-05-21,Observation du 2024-05-21 (printemps)
1030,2024-05-23,Observation du 2024-05-23 (printemps)
1030,2024-05-25,Observation du 2024-05-25 (printemps)
1030,2024-05-28,Observation du 2024-05-28 (printemps)
1030,2024-05-29,Observation du 2024-05-29 (printemps)
1030,2024-05-31,Observation du 2024-05-31 (printemps)
1030,2024-06-06,Observation du 2024-06-06 (ete)
1030,2024-06-07,Observation du 2024-06-07 (ete)
1031,2024-05-22,Observation du 2024-05-22 (printemps)
1031,2024-05-23,Observation du 2024-05-23 (printemps)
1031,2024-05-24,Observation du 2024-05-24 (printemps)
1031,2024-05-25,Observation du 2024-05-25 (printemps)
1031,2024-05-27,Observation du 2024-05-27 (printemps)
1031,2024-05-30,Observation du 2024-05-30 (printemps)
1031,2024-06-02,Observation du 2024-06-02 (ete)
1031,2024-06-12,Observation du 2024-06-12 (ete)
1031,2024-06-14,Observation du 2024-06-14 (ete)
1031,2024-06-15,Observation du 2024-06-15 (ete)
1031,2024-06-19,Observation du 2024-06-19 (ete)
1031,2024-06-26,Observation du 2024-06-26 (ete)
1031,2024-06-30,Observation du 2024-06-30 (ete)
1031,2024-07-05,Observation du 2024-07-05 (ete)
1031,2024-07-09,Observation du 2024-07-09 (ete)
1031,2024-07-10,Observation du 2024-07-10 (ete)
1031,2024-07-12,Observation du 2024-07-12 (ete)
1031,2024-07-23,Observation du 2024-07-23 (ete)
1031,2024-07-24,Observation du 2024-07-24 (ete)
1031,2024-07-27,Observation du 2024-07-27 (ete)
1031,2024-07-29,Observation du 2024-07-29 (ete)
1033,2024-05-16,Observation du 2024-05-16 (printemps)
1033,2024-05-17,Observation du 2024-05-17 (printemps)
1033,2024-05-21,Observation du 2024-05-21 (printemps)
1033,2024-05-22,Observation du 2024-05-22 (printemps)
1033,2024-05-25,Observation du 2024-05-25 (printemps)
1033,2024-05-27,Observation du 2024-05-27 (printemps)
1033,2024-05-28,Observation du 2024-05-28 (printemps)
1033,2024-05-29,Observation du 2024-05-29 (printemps)
1033,2024-05-30,Observation du 2024-05-30 (printemps)
1033,2024-06-08,Observation du 2024-06-08 (ete)
1033,2024-06-13,Observation du 2024-06-13 (ete)
1033,2024-06-16,Observation du 2024-06-16 (ete)
1033,2024-06-23,Observation du 2024-06-23 (ete)
1033,2024-06-24,Observation du 2024-06-24 (ete)
1033,2024-06-29,Observation du 2024-06-29 (ete)
1033,2024-07-06,Observation du 2024-07-06 (ete)
1033,2024-07-10,Observation du 2024-07-10 (ete)
1033,2024-07-18,Observation du 2024-07-18 (ete)
1033,2024-07-22,Observation du 2024-07-22 (ete)
1033,2024-08-09,Observation du 2024-08-09 (ete)
1033,2024-08-11,Observation du 2024-08-11 (ete)
1033,2024-08-12,Observation du 2024-08-12 (ete)
1033,2024-08-18,Observation du 2024-08-18 (ete)
1033,2024-08-20,Observation du 2024-08-20 (ete)
1033,2024-09-03,Observation du 2024-09-03 (automne)
1033,2024-09-08,Observation du 2024-09-08 (automne)
1033,2024-09-13,Observation du 2024-09-13 (automne)
1033,2024-09-14,Observation du 2024-09-14 (automne)
1033,2024-09-23,Observation du 2024-09-23 (automne)
1033,2024-09-24,Observation du 2024-09-24 (automne)
1033,2024-09-27,Observation du 2024-09-27 (automne)
1037,2024-05-11,Observation du 2024-05-11 (printemps)
1037,2024-05-12,Observation du 2024-05-12 (printemps)
1037,2024-05-20,Observation du 2024-05-20 (printemps)
1037,2024-05-23,Observation du 2024-05-23 (printemps)
1037,2024-05-30,Observation du 2024-05-30 (printemps)
1037,2024-06-17,Observation du 2024-06-17 (ete)
1037,2024-06-22,Observation du 2024-06-22 (ete)
1037,2024-06-25,Observation du 2024-06-25 (ete)
1037,2024-07-01,Observation du 2024-07-01 (ete)
1037,2024-07-06,Observation du 2024-07-06 (ete)
1037,2024-07-09,Observation du 2024-07-09 (ete)
1037,2024-07-12,Observation du 2024-07-12 (ete)
1037,2024-07-16,Observation du 2024-07-16 (ete)
1037,2024-07-17,Observation du 2024-07-17 (ete)
1038,2024-05-11,Observation du 2024-05-11 (printemps)
1038,2024-05-17,Observation du 2024-05-17 (printemps)
1038,2024-05-18,Observation du 2024-05-18 (printemps)
1038,2024-05-25,Observation du 2024-05-25 (printemps)
1038,2024-05-27,Observation du 2024-05-27 (printemps)
1038,2024-06-01,Observation du 2024-06-01 (ete)
1038,2024-06-02,Observation du 2024-06-02 (ete)
1038,2024-06-09,Observation du 2024-06-09 (ete)
1038,2024-06-16,Observation du 2024-06-16 (ete)
1038,2024-07-13,Observation du 2024-07-13 (ete)
1038,2024-07-17,Observation du 2024-07-17 (ete)
1038,2024-07-19,Observation du 2024-07-19 (ete)
1038,2024-07-21,Observation du 2024-07-21 (ete)
1038,2024-07-26,Observation du 2024-07-26 (ete)
1038,2024-08-09,Observation du 2024-08-09 (ete)
1038,2024-08-12,Observation du 2024-08-12 (ete)
1038,2024-08-13,Observation du 2024-08-13 (ete)
1038,2024-08-19,Observation du 2024-08-19 (ete)
1038,2024-08-28,Observation du 2024-08-28 (ete)
1038,2024-09-03,Observation du 2024-09-03 (automne)
1038,2024-09-10,Observation du 2024-09-10 (automne)
1038,2024-09-11,Observation du 2024-09-11 (automne)
1038,2024-09-14,Observation du 2024-09-14 (automne)
1038,2024-09-15,Observation du 2024-09-15 (automne)
1038,2024-09-17,Observation du 2024-09-17 (automne)
1038,2024-09-25,Observation du 2024-09-25 (automne)
1038,2024-09-27,Observation du 2024-09-27 (automne)
1038,2024-09-28,Observation du 2024-09-28 (automne)
1038,2024-09-29,Observation du 2024-09-29 (automne)
1040,2024-05-21,Observation du 2024-05-21 (printemps)
1040,2024-05-22,Observation du 2024-05-22 (printemps)
1040,2024-05-23,Observation du 2024-05-23 (printemps)
1040,2024-05-26,Observation du 2024-05-26 (printemps)
1040,2024-05-28,Observation du 2024-05-28 (printemps)
1040,2024-05-30,Observation du 2024-05-30 (printemps)
1040,2024-06-01,Observation du 2024-06-01 (ete)
1040,2024-06-03,Observation du 2024-06-03 (ete)
1040,2024-06-05,Observation du 2024-06-05 (ete)
1040,2024-06-09,Observation du 2024-06-09 (ete)
1040,2024-06-13,Observation du 2024-06-13 (ete)
1040,2024-06-14,Observation du 2024-06-14 (ete)
1040,2024-06-15,Observation du 2024-06-15 (ete)
1040,2024-06-16,Observation du 2024-06-16 (ete)
1040,2024-06-17,Observation du 2024-06-17 (ete)
1040,2024-06-18,Observation du 2024-06-18 (ete)
1040,2024-06-22,Observation du 2024-06-22 (ete)
1040,2024-06-24,Observation du 2024-06-24 (ete)
1040,2024-06-25,Observation du 2024-06-25 (ete)
1042,2024-05-14,Observation du 2024-05-14 (printemps)
1042,2024-05-16,Observation du 2024-05-16 (printemps)
1042,2024-05-17,Observation du 2024-05-17 (printemps)
1042,2024-05-20,Observation du 2024-05-20 (printemps)
1042,2024-05-21,Observation du 2024-05-21 (printemps)
1042,2024-05-25,Observation du 2024-05-25 (printemps)
1042,2024-05-27,Observation du 2024-05-27 (printemps)
1042,2024-05-29,Observation du 2024-05-29 (printemps)
1042,2024-06-06,Observation du 2024-06-06 (ete)
1042,2024-06-07,Observation du 2024-06-07 (ete)
1042,2024-06-09,Observation du 2024-06-09 (ete)
1042,2024-06-12,Observation du 2024-06-12 (ete)
1042,2024-06-13,Observation du 2024-06-13 (ete)
1042,2024-06-14,Observation du 2024-06-14 (ete)
1042,2024-06-16,Observation du 2024-06-16 (ete)
1042,2024-06-22,Observation du 2024-06-22 (ete)
1042,2024-06-24,Observation du 2024-06-24 (ete)
1042,2024-07-08,Observation du 2024-07-08 (ete)
1042,2024-07-11,Observation du 2024-07-11 (ete)
1042,2024-07-13,Observation du 2024-07-13 (ete)
1042,2024-07-17,Observation du 2024-07-17 (ete)
1042,2024-07-20,Observation du 2024-07-20 (ete)
1042,2024-07-24,Observation du 2024-07-24 (ete)
1042,2024-07-31,Observation du 2024-07-31 (ete)
1042,2024-08-01,Observation du 2024-08-01 (ete)
1042,2024-08-02,Observation du 2024-08-02 (ete)
1042,2024-08-04,Observation du 2024-08-04 (ete)
1042,2024-08-06,Observation du 2024-08-06 (ete)
1042,2024-08-13,Observation du 2024-08-13 (ete)
1042,2024-08-20,Observation du 2024-08-20 (ete)
1042,2024-08-21,Observation du 2024-08-21 (ete)
1042,2024-08-25,Observation du 2024-08-25 (ete)
1042,2024-08-26,Observation du 2024-08-26 (ete)
1042,2024-09-02,Observation du 2024-09-02 (automne)
1042,2024-09-05,Observation du 2024-09-05 (automne)
1042,2024-09-06,Observation du 2024-09-06 (automne)
1042,2024-09-11,Observation du 2024-09-11 (automne)
1042,2024-09-13,Observation du 2024-09-13 (automne)
1042,2024-09-14,Observation du 2024-09-14 (automne)
1043,2024-05-11,Observation du 2024-05-11 (printemps)
1043,2024-05-17,Observation du 2024-05-17 (printemps)
1043,2024-05-24,Observation du 2024-05-24 (printemps)
1043,2024-05-25,Observation du 2024-05-25 (printemps)
1043,2024-05-28,Observation du 2024-05-28 (printemps)
1043,2024-06-02,Observation du 2024-06-02 (ete)
1043,2024-06-06,Observation du 2024-06-06 (ete)
1043,2024-06-07,Observation du 2024-06-07 (ete)
1043,2024-06-11,Observation du 2024-06-11 (ete)
1043,2024-06-12,Observation du 2024-06-12 (ete)
1043,2024-06-14,Observation du 2024-06-14 (ete)
1043,2024-06-16,Observation du 2024-06-16 (ete)
1043,2024-06-18,Observation du 2024-06-18 (ete)
1043,2024-06-20,Observation du 2024-06-20 (ete)
1043,2024-06-21,Observation du 2024-06-21 (ete)
1043,2024-06-23,Observation du 2024-06-23 (ete)
1043,2024-06-30,Observation du 2024-06-30 (ete)
1043,2024-07-01,Observation du 2024-07-01 (ete)
1043,2024-07-06,Observation du 2024-07-06 (ete)
1043,2024-07-08,Observation du 2024-07-08 (ete)
1043,2024-07-13,Observation du 2024-07-13 (ete)
1043,2024-07-19,Observation du 2024-07-19 (ete)
1044,2024-05-15,Observation du 2024-05-15 (printemps)
1044,2024-05-19,Observation du 2024-05-19 (printemps)
1044,2024-05-22,Observation du 2024-05-22 (printemps)
1044,2024-05-27,Observation du 2024-05-27 (printemps)
1044,2024-05-29,Observation du 2024-05-29 (printemps)
1044,2024-05-31,Observation du 2024-05-31 (printemps)
1044,2024-06-03,Observation du 2024-06-03 (ete)
1044,2024-06-04,Observation du 2024-06-04 (ete)
1044,2024-06-06,Observation du 2024-06-06 (ete)
1044,2024-06-11,Observation du 2024-06-11 (ete)
1044,2024-06-12,Observation du 2024-06-12 (ete)
1044,2024-06-21,Observation du 2024-06-21 (ete)
1044,2024-06-22,Observation du 2024-06-22 (ete)
1044,2024-06-24,Observation du 2024-06-24 (ete)
1044,2024-06-27,Observation du 2024-06-27 (ete)
1044,2024-06-28,Observation du 2024-06-28 (ete)
1044,2024-06-29,Observation du 2024-06-29 (ete)
1044,2024-06-30,Observation du 2024-06-30 (ete)
1044,2024-07-01,Observation du 2024-07-01 (ete)
1044,2024-07-03,Observation du 2024-07-03 (ete)
1044,2024-07-04,Observation du 2024-07-04 (ete)
1044,2024-07-06,Observation du 2024-07-06 (ete)
1044,2024-07-11,Observation du 2024-07-11 (ete)
1044,2024-07-16,Observation du 2024-07-16 (ete)
1044,2024-07-18,Observation du 2024-07-18 (ete)
1044,2024-08-05,Observation du 2024-08-05 (ete)
1044,2024-08-07,Observation du 2024-08-07 (ete)
1044,2024-08-08,Observation du 2024-08-08 (ete)
1044,2024-08-09,Observation du 2024-08-09 (ete)
1044,2024-08-18,Observation du 2024-08-18 (ete)
1044,2024-08-20,Observation du 2024-08-20 (ete)
1044,2024-08-22,Observation du 2024-08-22 (ete)
1044,2024-08-23,Observation du 2024-08-23 (ete)
1045,2024-05-11,Observation du 2024-05-11 (printemps)
1045,2024-05-13,Observation du 2024-05-13 (printemps)
1045,2024-05-15,Observation du 2024-05-15 (printemps)
1045,2024-05-17,Observation du 2024-05-17 (printemps)
1045,2024-05-19,Observation du 2024-05-19 (printemps)
1045,2024-05-20,Observation du 2024-05-20 (printemps)
1045,2024-05-22,Observation du 2024-05-22 (printemps)
1045,2024-05-23,Observation du 2024-05-23 (printemps)
1045,2024-05-26,Observation du 2024-05-26 (printemps)
1045,2024-05-27,Observation du 2024-05-27 (printemps)
1045,2024-06-01,Observation du 2024-06-01 (ete)
1045,2024-06-07,Observation du 2024-06-07 (ete)
1045,2024-06-09,Observation du 2024-06-09 (ete)
1045,2024-06-15,Observation du 2024-06-15 (ete)
1045,2024-06-16,Observation du 2024-06-16 (ete)
1045,2024-06-18,Observation du 2024-06-18 (ete)
1046,2024-05-09,Observation du 2024-05-09 (printemps)
1046,2024-05-12,Observation du 2024-05-12 (printemps)
1046,2024-05-17,Observation du 2024-05-17 (printemps)
1046,2024-05-18,Observation du 2024-05-18 (printemps)
1046,2024-05-19,Observation du 2024-05-19 (printemps)
1046,2024-05-20,Observation du 2024-05-20 (printemps)
1046,2024-05-22,Observation du 2024-05-22 (printemps)
1046,2024-05-23,Observation du 2024-05-23 (printemps)
1046,2024-05-25,Observation du 2024-05-25 (printemps)
1046,2024-05-26,Observation du 2024-05-26 (printemps)
1046,2024-06-01,Observation du 2024-06-01 (ete)
1046,2024-06-13,Observation du 2024-06-13 (ete)
1046,2024-06-21,Observation du 2024-06-21 (ete)
1046,2024-06-22,Observation du 2024-06-22 (ete)
1046,2024-06-24,Observation du 2024-06-24 (ete)
1046,2024-06-26,Observation du 2024-06-26 (ete)
1046,2024-07-01,Observation du 2024-07-01 (ete)
1046,2024-07-11,Observation du 2024-07-11 (ete)
1046,2024-07-14,Observation du 2024-07-14 (ete)
1046,2024-07-15,Observation du 2024-07-15 (ete)
1046,2024-07-21,Observation du 2024-07-21 (ete)
1046,2024-07-26,Observation du 2024-07-26 (ete)
1046,2024-08-01,Observation du 2024-08-01 (ete)
1046,2024-08-04,Observation du 2024-08-04 (ete)
1046,2024-08-11,Observation du 2024-08-11 (ete)
1046,2024-08-19,Observation du 2024-08-19 (ete)
1046,2024-08-20,Observation du 2024-08-20 (ete)
1046,2024-08-26,Observation du 2024-08-26 (ete)
1046,2024-08-31,Observation du 2024-08-31 (ete)
1046,2024-09-01,Observation du 2024-09-01 (automne)
1046,2024-09-06,Observation du 2024-09-06 (automne)
1046,2024-09-08,Observation du 2024-09-08 (automne)
1046,2024-09-10,Observation du 2024-09-10 (automne)
1047,2024-05-17,Observation du 2024-05-17 (printemps)
1047,2024-05-21,Observation du 2024-05-21 (printemps)
1047,2024-05-22,Observation du 2024-05-22 (printemps)
1047,2024-05-24,Observation du 2024-05-24 (printemps)
1047,2024-05-27,Observation du 2024-05-27 (printemps)
1047,2024-05-29,Observation du 2024-05-29 (printemps)
1047,2024-06-09,Observation du 2024-06-09 (ete)
1047,2024-06-11,Observation du 2024-06-11 (ete)
1047,2024-06-12,Observation du 2024-06-12 (ete)
1047,2024-07-06,Observation du 2024-07-06 (ete)
1047,2024-07-09,Observation du 2024-07-09 (ete)
1047,2024-07-10,Observation du 2024-07-10 (ete)
1047,2024-07-15,Observation du 2024-07-15 (ete)
1047,2024-07-24,Observation du 2024-07-24 (ete)
1047,2024-07-25,Observation du 2024-07-25 (ete)
1047,2024-07-28,Observation du 2024-07-28 (ete)
1047,2024-07-30,Observation du 2024-07-30 (ete)
1047,2024-08-03,Observation du 2024-08-03 (ete)
1047,2024-08-04,Observation du 2024-08-04 (ete)
1047,2024-08-08,Observation du 2024-08-08 (ete)
1047,2024-08-11,Observation du 2024-08-11 (ete)
1047,2024-08-14,Observation du 2024-08-14 (ete)
1047,2024-08-16,Observation du 2024-08-16 (ete)
1047,2024-08-21,Observation du 2024-08-21 (ete)
1047,2024-08-22,Observation du 2024-08-22 (ete)
1047,2024-08-26,Observation du 2024-08-26 (ete)
1047,2024-08-29,Observation du 2024-08-29 (ete)
1047,2024-08-31,Observation du 2024-08-31 (ete)
1047,2024-09-01,Observation du 2024-09-01 (automne)
1047,2024-09-05,Observation du 2024-09-05 (automne)
1047,2024-09-08,Observation du 2024-09-08 (automne)
1048,2024-05-11,Observation du 2024-05-11 (printemps)
1048,2024-05-14,Observation du 2024-05-14 (printemps)
1048,2024-05-20,Observation du 2024-05-20 (printemps)
1048,2024-05-22,Observation du 2024-05-22 (printemps)
1048,2024-05-24,Observation du 2024-05-24 (printemps)
1048,2024-06-03,Observation du 2024-06-03 (ete)
1048,2024-06-08,Observation du 2024-06-08 (ete)
1048,2024-06-09,Observation du 2024-06-09 (ete)
1048,2024-06-12,Observation du 2024-06-12 (ete)
1048,2024-06-13,Observation du 2024-06-13 (ete)
1048,2024-06-15,Observation du 2024-06-15 (ete)
1048,2024-06-16,Observation du 2024-06-16 (ete)
1048,2024-06-19,Observation du 2024-06-19 (ete)
1048,2024-06-23,Observation du 2024-06-23 (ete)
1048,2024-06-24,Observation du 2024-06-24 (ete)
1048,2024-06-25,Observation du 2024-06-25 (ete)
1048,2024-06-26,Observation du 2024-06-26 (ete)
1048,2024-06-28,Observation du 2024-06-28 (ete)
1048,2024-06-30,Observation du 2024-06-30 (ete)
1048,2024-07-15,Observation du 2024-07-15 (ete)
1048,2024-07-18,Observation du 2024-07-18 (ete)
1048,2024-07-19,Observation du 2024-07-19 (ete)
1048,2024-07-24,Observation du 2024-07-24 (ete)
1048,2024-07-28,Observation du 2024-07-28 (ete)
1048,2024-08-04,Observation du 2024-08-04 (ete)
1050,2024-05-13,Observation du 2024-05-13 (printemps)
1050,2024-05-14,Observation du 2024-05-14 (printemps)
1050,2024-05-15,Observation du 2024-05-15 (printemps)
1050,2024-05-16,Observation du 2024-05-16 (printemps)
1050,2024-05-23,Observation du 2024-05-23 (printemps)
1050,2024-05-28,Observation du 2024-05-28 (printemps)
1050,2024-05-29,Observation du 2024-05-29 (printemps)
1050,2024-06-02,Observation du 2024-06-02 (ete)
1050,2024-06-05,Observation du 2024-06-05 (ete)
1050,2024-06-15,Observation du 2024-06-15 (ete)
1050,2024-06-23,Observation du 2024-06-23 (ete)
1050,2024-06-26,Observation du 2024-06-26 (ete)
1050,2024-06-28,Observation du 2024-06-28 (ete)
1050,2024-07-01,Observation du 2024-07-01 (ete)
1050,2024-07-10,Observation du 2024-07-10 (ete)
1050,2024-07-11,Observation du 2024-07-11 (ete)
1050,2024-07-13,Observation du 2024-07-13 (ete)
1050,2024-07-20,Observation du 2024-07-20 (ete)
1050,2024-07-21,Observation du 2024-07-21 (ete)
1050,2024-07-22,Observation du 2024-07-22 (ete)
1050,2024-07-24,Observation du 2024-07-24 (ete)
1050,2024-07-28,Observation du 2024-07-28 (ete)
1050,2024-07-30,Observation du 2024-07-30 (ete)
1050,2024-07-31,Observation du 2024-07-31 (ete)
1050,2024-08-11,Observation du 2024-08-11 (ete)
1050,2024-08-15,Observation du 2024-08-15 (ete)
1050,2024-08-17,Observation du 2024-08-17 (ete)
1050,2024-08-20,Observation du 2024-08-20 (ete)
1050,2024-08-23,Observation du 2024-08-23 (ete)
1050,2024-08-25,Observation du 2024-08-25 (ete)
1050,2024-08-26,Observation du 2024-08-26 (ete)
1050,2024-08-27,Observation du 2024-08-27 (ete)
1050,2024-09-02,Observation du 2024-09-02 (automne)
1050,2024-09-06,Observation du 2024-09-06 (automne)
1050,2024-09-08,Observation du 2024-09-08 (automne)
1051,2024-05-16,Observation du 2024-05-16 (printemps)
1051,2024-05-17,Observation du 2024-05-17 (printemps)
1051,2024-05-21,Observation du 2024-05-21 (printemps)
1051,2024-05-24,Observation du 2024-05-24 (printemps)
1051,2024-05-30,Observation du 2024-05-30 (printemps)
1051,2024-06-03,Observation du 2024-06-03 (ete)
1051,2024-06-07,Observation du 2024-06-07 (ete)
1051,2024-06-09,Observation du 2024-06-09 (ete)
1051,2024-06-10,Observation du 2024-06-10 (ete)
1051,2024-06-11,Observation du 2024-06-11 (ete)
1051,2024-06-15,Observation du 2024-06-15 (ete)
1051,2024-06-17,Observation du 2024-06-17 (ete)
1051,2024-06-19,Observation du 2024-06-19 (ete)
1051,2024-06-29,Observation du 2024-06-29 (ete)
1051,2024-07-03,Observation du 2024-07-03 (ete)
1051,2024-07-05,Observation du 2024-07-05 (ete)
1051,2024-07-07,Observation du 2024-07-07 (ete)
1051,2024-07-11,Observation du 2024-07-11 (ete)
1052,2024-05-18,Observation du 2024-05-18 (printemps)
1052,2024-05-19,Observation du 2024-05-19 (printemps)
1052,2024-05-21,Observation du 2024-05-21 (printemps)
1052,2024-05-22,Observation du 2024-05-22 (printemps)
1052,2024-05-27,Observation du 2024-05-27 (printemps)
1052,2024-05-29,Observation du 2024-05-29 (printemps)
1052,2024-05-30,Observation du 2024-05-30 (printemps)
1052,2024-06-05,Observation du 2024-06-05 (ete)
1052,2024-06-06,Observation du 2024-06-06 (ete)
1052,2024-06-07,Observation du 2024-06-07 (ete)
1052,2024-06-09,Observation du 2024-06-09 (ete)
1052,2024-06-14,Observation du 2024-06-14 (ete)
1052,2024-06-17,Observation du 2024-06-17 (ete)
1052,2024-06-27,Observation du 2024-06-27 (ete)
1052,2024-07-07,Observation du 2024-07-07 (ete)
1052,2024-07-11,Observation du 2024-07-11 (ete)
1052,2024-07-17,Observation du 2024-07-17 (ete)
1052,2024-07-23,Observation du 2024-07-23 (ete)
1052,2024-07-25,Observation du 2024-07-25 (ete)
1052,2024-08-01,Observation du 2024-08-01 (ete)
1052,2024-08-02,Observation du 2024-08-02 (ete)
1052,2024-08-06,Observation du 2024-08-06 (ete)
1052,2024-08-08,Observation du 2024-08-08 (ete)
1052,2024-08-09,Observation du 2024-08-09 (ete)
1052,2024-08-10,Observation du 2024-08-10 (ete)
1052,2024-08-12,Observation du 2024-08-12 (ete)
1052,2024-08-13,Observation du 2024-08-13 (ete)
1052,2024-09-01,Observation du 2024-09-01 (automne)
1052,2024-09-06,Observation du 2024-09-06 (automne)
1052,2024-09-08,Observation du 2024-09-08 (automne)
1052,2024-09-12,Observation du 2024-09-12 (automne)
1052,2024-09-13,Observation du 2024-09-13 (automne)
1052,2024-09-17,Observation du 2024-09-17 (automne)
1052,2024-09-19,Observation du 2024-09-19 (automne)
1052,2024-09-20,Observation du 2024-09-20 (automne)
1052,2024-09-21,Observation du 2024-09-21 (automne)
1052,2024-09-25,Observation du 2024-09-25 (automne)
1053,2024-05-14,Observation du 2024-05-14 (printemps)
1053,2024-05-15,Observation du 2024-05-15 (printemps)
1053,2024-05-17,Observation du 2024-05-17 (printemps)
1053,2024-05-20,Observation du 2024-05-20 (printemps)
1053,2024-05-21,Observation du 2024-05-21 (printemps)
1053,2024-05-25,Observation du 2024-05-25 (printemps)
1053,2024-05-27,Observation du 2024-05-27 (printemps)
1053,2024-05-29,Observation du 2024-05-29 (printemps)
1053,2024-06-07,Observation du 2024-06-07 (ete)
1053,2024-06-08,Observation du 2024-06-08 (ete)
1053,2024-06-12,Observation du 2024-06-12 (ete)
1053,2024-06-16,Observation du 2024-06-16 (ete)
1055,2024-05-16,Observation du 2024-05-16 (printemps)
1055,2024-05-22,Observation du 2024-05-22 (printemps)
1055,2024-05-24,Observation du 2024-05-24 (printemps)
1055,2024-05-25,Observation du 2024-05-25 (printemps)
1055,2024-05-28,Observation du 2024-05-28 (printemps)
1055,2024-06-01,Observation du 2024-06-01 (ete)
1055,2024-06-03,Observation du 2024-06-03 (ete)
1055,2024-06-04,Observation du 2024-06-04 (ete)
1055,2024-06-05,Observation du 2024-06-05 (ete)
1055,2024-06-06,Observation du 2024-06-06 (ete)
1055,2024-06-10,Observation du 2024-06-10 (ete)
1055,2024-06-16,Observation du 2024-06-16 (ete)
1055,2024-06-17,Observation du 2024-06-17 (ete)
1055,2024-06-20,Observation du 2024-06-20 (ete)
1055,2024-06-21,Observation du 2024-06-21 (ete)
1055,2024-06-24,Observation du 2024-06-24 (ete)
1055,2024-06-29,Observation du 2024-06-29 (ete)
1055,2024-06-30,Observation du 2024-06-30 (ete)
1055,2024-07-03,Observation du 2024-07-03 (ete)
1055,2024-07-04,Observation du 2024-07-04 (ete)
1055,2024-07-05,Observation du 2024-07-05 (ete)
1055,2024-07-08,Observation du 2024-07-08 (ete)
1055,2024-07-10,Observation du 2024-07-10 (ete)
1055,2024-07-12,Observation du 2024-07-12 (ete)
1055,2024-07-17,Observation du 2024-07-17 (ete)
1055,2024-07-29,Observation du 2024-07-29 (ete)
1055,2024-08-04,Observation du 2024-08-04 (ete)
1055,2024-08-05,Observation du 2024-08-05 (ete)
1058,2024-05-11,Observation du 2024-05-11 (printemps)
1058,2024-05-13,Observation du 2024-05-13 (printemps)
1058,2024-05-15,Observation du 2024-05-15 (printemps)
1058,2024-05-19,Observation du 2024-05-19 (printemps)
1058,2024-05-21,Observation du 2024-05-21 (printemps)
1058,2024-05-22,Observation du 2024-05-22 (printemps)
1058,2024-06-04,Observation du 2024-06-04 (ete)
1058,2024-06-08,Observation du 2024-06-08 (ete)
1058,2024-06-12,Observation du 2024-06-12 (ete)
1058,2024-06-19,Observation du 2024-06-19 (ete)
1058,2024-06-21,Observation du 2024-06-21 (ete)
1060,2024-05-10,Observation du 2024-05-10 (printemps)
1060,2024-05-11,Observation du 2024-05-11 (printemps)
1060,2024-05-12,Observation du 2024-05-12 (printemps)
1060,2024-05-13,Observation du 2024-05-13 (printemps)
1060,2024-05-15,Observation du 2024-05-15 (printemps)
1060,2024-05-17,Observation du 2024-05-17 (printemps)
1060,2024-05-24,Observation du 2024-05-24 (printemps)
1060,2024-05-28,Observation du 2024-05-28 (printemps)
1060,2024-05-29,Observation du 2024-05-29 (printemps)
1060,2024-06-04,Observation du 2024-06-04 (ete)
1060,2024-06-16,Observation du 2024-06-16 (ete)
1060,2024-06-21,Observation du 2024-06-21 (ete)
1060,2024-06-23,Observation du 2024-06-23 (ete)
1061,2024-05-11,Observation du 2024-05-11 (printemps)
1061,2024-05-13,Observation du 2024-05-13 (printemps)
1061,2024-05-14,Observation du 2024-05-14 (printemps)
1061,2024-05-15,Observation du 2024-05-15 (printemps)
1061,2024-05-19,Observation du 2024-05-19 (printemps)
1061,2024-05-24,Observation du 2024-05-24 (printemps)
1061,2024-05-25,Observation du 2024-05-25 (printemps)
1061,2024-05-26,Observation du 2024-05-26 (printemps)
1061,2024-05-27,Observation du 2024-05-27 (printemps)
1061,2024-05-28,Observation du 2024-05-28 (printemps)
1061,2024-05-29,Observation du 2024-05-29 (printemps)
1061,2024-06-09,Observation du 2024-06-09 (ete)
1061,2024-06-21,Observation du 2024-06-21 (ete)
1061,2024-06-22,Observation du 2024-06-22 (ete)
1061,2024-06-24,Observation du 2024-06-24 (ete)
1061,2024-06-25,Observation du 2024-06-25 (ete)
1061,2024-06-27,Observation du 2024-06-27 (ete)
1061,2024-06-28,Observation du 2024-06-28 (ete)
1061,2024-06-29,Observation du 2024-06-29 (ete)
1061,2024-07-04,Observation du 2024-07-04 (ete)
1061,2024-07-06,Observation du 2024-07-06 (ete)
1064,2024-05-17,Observation du 2024-05-17 (printemps)
1064,2024-05-20,Observation du 2024-05-20 (printemps)
1064,2024-05-22,Observation du 2024-05-22 (printemps)
1064,2024-05-23,Observation du 2024-05-23 (printemps)
1064,2024-05-24,Observation du 2024-05-24 (printemps)
1064,2024-05-25,Observation du 2024-05-25 (printemps)
1064,2024-05-26,Observation du 2024-05-26 (printemps)
1064,2024-05-29,Observation du 2024-05-29 (printemps)
1064,2024-05-30,Observation du 2024-05-30 (printemps)
1064,2024-05-31,Observation du 2024-05-31 (printemps)
1064,2024-06-01,Observation du 2024-06-01 (ete)
1064,2024-06-02,Observation du 2024-06-02 (ete)
1064,2024-06-05,Observation du 2024-06-05 (ete)
1064,2024-06-06,Observation du 2024-06-06 (ete)
1064,2024-06-07,Observation du 2024-06-07 (ete)
1064,2024-06-11,Observation du 2024-06-11 (ete)
1064,2024-06-18,Observation du 2024-06-18 (ete)
1064,2024-06-23,Observation du 2024-06-23 (ete)
1064,2024-06-24,Observation du 2024-06-24 (ete)
1064,2024-06-28,Observation du 2024-06-28 (ete)
1064,2024-07-10,Observation du 2024-07-10 (ete)
1064,2024-07-12,Observation du 2024-07-12 (ete)
1064,2024-07-17,Observation du 2024-07-17 (ete)
1065,2024-05-21,Observation du 2024-05-21 (printemps)
1065,2024-05-26,Observation du 2024-05-26 (printemps)
1065,2024-06-01,Observation du 2024-06-01 (ete)
1065,2024-06-07,Observation du 2024-06-07 (ete)
1065,2024-06-10,Observation du 2024-06-10 (ete)
1065,2024-06-11,Observation du 2024-06-11 (ete)
1065,2024-06-14,Observation du 2024-06-14 (ete)
1065,2024-06-20,Observation du 2024-06-20 (ete)
1065,2024-06-26,Observation du 2024-06-26 (ete)
1065,2024-07-06,Observation du 2024-07-06 (ete)
1065,2024-07-07,Observation du 2024-07-07 (ete)
1065,2024-07-11,Observation du 2024-07-11 (ete)
1065,2024-07-16,Observation du 2024-07-16 (ete)
1065,2024-07-17,Observation du 2024-07-17 (ete)
1065,2024-07-20,Observation du 2024-07-20 (ete)
1065,2024-07-23,Observation du 2024-07-23 (ete)
1065,2024-07-24,Observation du 2024-07-24 (ete)
1065,2024-08-04,Observation du 2024-08-04 (ete)
1065,2024-08-06,Observation du 2024-08-06 (ete)
1065,2024-08-16,Observation du 2024-08-16 (ete)
1065,2024-08-18,Observation du 2024-08-18 (ete)
1065,2024-08-19,Observation du 2024-08-19 (ete)
1065,2024-08-20,Observation du 2024-08-20 (ete)
1065,2024-08-21,Observation du 2024-08-21 (ete)
1066,2024-05-12,Observation du 2024-05-12 (printemps)
1066,2024-05-13,Observation du 2024-05-13 (printemps)
1066,2024-05-20,Observation du 2024-05-20 (printemps)
1066,2024-05-23,Observation du 2024-05-23 (printemps)
1066,2024-05-25,Observation du 2024-05-25 (printemps)
1066,2024-05-28,Observation du 2024-05-28 (printemps)
1066,2024-05-31,Observation du 2024-05-31 (printemps)
1066,2024-06-11,Observation du 2024-06-11 (ete)
1066,2024-06-17,Observation du 2024-06-17 (ete)
1066,2024-06-19,Observation du 2024-06-19 (ete)
1066,2024-06-21,Observation du 2024-06-21 (ete)
1066,2024-06-23,Observation du 2024-06-23 (ete)
1066,2024-06-24,Observation du 2024-06-24 (ete)
1066,2024-06-25,Observation du 2024-06-25 (ete)
1066,2024-06-29,Observation du 2024-06-29 (ete)
1066,2024-06-30,Observation du 2024-06-30 (ete)
1066,2024-07-06,Observation du 2024-07-06 (ete)
1066,2024-07-08,Observation du 2024-07-08 (ete)
1066,2024-07-12,Observation du 2024-07-12 (ete)
1066,2024-07-17,Observation du 2024-07-17 (ete)
1066,2024-07-20,Observation du 2024-07-20 (ete)
1066,2024-07-25,Observation du 2024-07-25 (ete)
1067,2024-05-15,Observation du 2024-05-15 (printemps)
1067,2024-05-16,Observation du 2024-05-16 (printemps)
1067,2024-05-19,Observation du 2024-05-19 (printemps)
1067,2024-05-22,Observation du 2024-05-22 (printemps)
1067,2024-05-25,Observation du 2024-05-25 (printemps)
1067,2024-05-26,Observation du 2024-05-26 (printemps)
1067,2024-05-28,Observation du 2024-05-28 (printemps)
1067,2024-05-30,Observation du 2024-05-30 (printemps)
1067,2024-06-12,Observation du 2024-06-12 (ete)
1067,2024-06-13,Observation du 2024-06-13 (ete)
1067,2024-06-25,Observation du 2024-06-25 (ete)
1067,2024-07-04,Observation du 2024-07-04 (ete)
1070,2024-05-13,Observation du 2024-05-13 (printemps)
1070,2024-05-17,Observation du 2024-05-17 (printemps)
1070,2024-05-18,Observation du 2024-05-18 (printemps)
1070,2024-05-27,Observation du 2024-05-27 (printemps)
1070,2024-05-28,Observation du 2024-05-28 (printemps)
1070,2024-06-01,Observation du 2024-06-01 (ete)
1070,2024-06-03,Observation du 2024-06-03 (ete)
1070,2024-06-07,Observation du 2024-06-07 (ete)
1070,2024-06-14,Observation du 2024-06-14 (ete)
1070,2024-06-17,Observation du 2024-06-17 (ete)
1070,2024-06-19,Observation du 2024-06-19 (ete)
1070,2024-06-22,Observation du 2024-06-22 (ete)
1070,2024-06-27,Observation du 2024-06-27 (ete)
1070,2024-07-02,Observation du 2024-07-02 (ete)
1070,2024-07-06,Observation du 2024-07-06 (ete)
1070,2024-07-07,Observation du 2024-07-07 (ete)
1070,2024-07-10,Observation du 2024-07-10 (ete)
1070,2024-07-11,Observation du 2024-07-11 (ete)
1070,2024-07-14,Observation du 2024-07-14 (ete)
1070,2024-07-23,Observation du 2024-07-23 (ete)
1070,2024-07-26,Observation du 2024-07-26 (ete)
1070,2024-07-28,Observation du 2024-07-28 (ete)
1070,2024-08-06,Observation du 2024-08-06 (ete)
1070,2024-08-17,Observation du 2024-08-17 (ete)
1070,2024-08-19,Observation du 2024-08-19 (ete)
1070,2024-08-20,Observation du 2024-08-20 (ete)
1070,2024-08-21,Observation du 2024-08-21 (ete)
1070,2024-08-23,Observation du 2024-08-23 (ete)
1070,2024-08-30,Observation du 2024-08-30 (ete)
1070,2024-08-31,Observation du 2024-08-31 (ete)
1071,2024-05-15,Observation du 2024-05-15 (printemps)
1071,2024-05-16,Observation du 2024-05-16 (printemps)
1071,2024-05-23,Observation du 2024-05-23 (printemps)
1071,2024-05-27,Observation du 2024-05-27 (printemps)
1071,2024-05-28,Observation du 2024-05-28 (printemps)
1071,2024-05-30,Observation du 2024-05-30 (printemps)
1071,2024-06-03,Observation du 2024-06-03 (ete)
1071,2024-06-04,Observation du 2024-06-04 (ete)
1071,2024-06-09,Observation du 2024-06-09 (ete)
1071,2024-06-15,Observation du 2024-06-15 (ete)
1071,2024-06-18,Observation du 2024-06-18 (ete)
1071,2024-06-19,Observation du 2024-06-19 (ete)
1071,2024-06-21,Observation du 2024-06-21 (ete)
1071,2024-06-22,Observation du 2024-06-22 (ete)
1071,2024-06-24,Observation du 2024-06-24 (ete)
1071,2024-06-26,Observation du 2024-06-26 (ete)
1071,2024-06-27,Observation du 2024-06-27 (ete)
1071,2024-06-29,Observation du 2024-06-29 (ete)
1071,2024-07-03,Observation du 2024-07-03 (ete)
1071,2024-07-06,Observation du 2024-07-06 (ete)
1071,2024-07-10,Observation du 2024-07-10 (ete)
1071,2024-07-18,Observation du 2024-07-18 (ete)
1071,2024-07-22,Observation du 2024-07-22 (ete)
1071,2024-07-24,Observation du 2024-07-24 (ete)
1071,2024-07-30,Observation du 2024-07-30 (ete)
1071,2024-08-07,Observation du 2024-08-07 (ete)
1072,2024-05-17,Observation du 2024-05-17 (printemps)
1072,2024-05-19,Observation du 2024-05-19 (printemps)
1072,2024-05-20,Observation du 2024-05-20 (printemps)
1072,2024-05-21,Observation du 2024-05-21 (printemps)
1072,2024-05-22,Observation du 2024-05-22 (printemps)
1072,2024-05-23,Observation du 2024-05-23 (printemps)
1072,2024-05-25,Observation du 2024-05-25 (printemps)
1072,2024-05-26,Observation du 2024-05-26 (printemps)
1072,2024-05-31,Observation du 2024-05-31 (printemps)
1072,2024-06-07,Observation du 2024-06-07 (ete)
1072,2024-06-10,Observation du 2024-06-10 (ete)
1072,2024-06-15,Observation du 2024-06-15 (ete)
1072,2024-06-17,Observation du 2024-06-17 (ete)
1072,2024-06-18,Observation du 2024-06-18 (ete)
1072,2024-06-19,Observation du 2024-06-19 (ete)
1072,2024-06-24,Observation du 2024-06-24 (ete)
1072,2024-07-02,Observation du 2024-07-02 (ete)
1072,2024-07-09,Observation du 2024-07-09 (ete)
1072,2024-07-12,Observation du 2024-07-12 (ete)
1072,2024-07-14,Observation du 2024-07-14 (ete)
1072,2024-07-19,Observation du 2024-07-19 (ete)
1072,2024-07-21,Observation du 2024-07-21 (ete)
1072,2024-07-26,Observation du 2024-07-26 (ete)
1072,2024-07-28,Observation du 2024-07-28 (ete)
1072,2024-07-29,Observation du 2024-07-29 (ete)
1072,2024-07-30,Observation du 2024-07-30 (ete)
1072,2024-08-02,Observation du 2024-08-02 (ete)
1072,2024-08-06,Observation du 2024-08-06 (ete)
1072,2024-08-07,Observation du 2024-08-07 (ete)
1072,2024-08-10,Observation du 2024-08-10 (ete)
1072,2024-08-11,Observation du 2024-08-11 (ete)
1072,2024-08-21,Observation du 2024-08-21 (ete)
1072,2024-08-26,Observation du 2024-08-26 (ete)
1072,2024-09-01,Observation du 2024-09-01 (automne)
1072,2024-09-03,Observation du 2024-09-03 (automne)
1072,2024-09-04,Observation du 2024-09-04 (automne)
1072,2024-09-07,Observation du 2024-09-07 (automne)
1072,2024-09-08,Observation du 2024-09-08 (automne)
1072,2024-09-09,Observation du 2024-09-09 (automne)
1072,2024-09-13,Observation du 2024-09-13 (automne)
1072,2024-09-16,Observation du 2024-09-16 (automne)
1072,2024-09-17,Observation du 2024-09-17 (automne)
1072,2024-09-18,Observation du 2024-09-18 (automne)
1072,2024-09-20,Observation du 2024-09-20 (automne)
1072,2024-09-22,Observation du 2024-09-22 (automne)
1072,2024-09-24,Observation du 2024-09-24 (automne)
1072,2024-09-26,Observation du 2024-09-26 (automne)
1073,2024-05-13,Observation du 2024-05-13 (printemps)
1073,2024-05-14,Observation du 2024-05-14 (printemps)
1073,2024-05-17,Observation du 2024-05-17 (printemps)
1073,2024-05-20,Observation du 2024-05-20 (printemps)
1073,2024-05-21,Observation du 2024-05-21 (printemps)
1073,2024-05-22,Observation du 2024-05-22 (printemps)
1073,2024-05-24,Observation du 2024-05-24 (printemps)
1073,2024-05-26,Observation du 2024-05-26 (printemps)
1073,2024-06-01,Observation du 2024-06-01 (ete)
1073,2024-06-03,Observation du 2024-06-03 (ete)
1073,2024-06-04,Observation du 2024-06-04 (ete)
1073,2024-06-13,Observation du 2024-06-13 (ete)
1073,2024-06-19,Observation du 2024-06-19 (ete)
1073,2024-06-21,Observation du 2024-06-21 (ete)
1073,2024-07-04,Observation du 2024-07-04 (ete)
1073,2024-07-05,Observation du 2024-07-05 (ete)
1073,2024-07-17,Observation du 2024-07-17 (ete)
1073,2024-07-20,Observation du 2024-07-20 (ete)
1073,2024-07-26,Observation du 2024-07-26 (ete)
1073,2024-07-30,Observation du 2024-07-30 (ete)
1073,2024-07-31,Observation du 2024-07-31 (ete)
1073,2024-08-07,Observation du 2024-08-07 (ete)
1073,2024-08-10,Observation du 2024-08-10 (ete)
1073,2024-08-14,Observation du 2024-08-14 (ete)
1073,2024-08-21,Observation du 2024-08-21 (ete)
1073,2024-08-26,Observation du 2024-08-26 (ete)
1073,2024-08-27,Observation du 2024-08-27 (ete)
1073,2024-08-31,Observation du 2024-08-31 (ete)
1073,2024-09-02,Observation du 2024-09-02 (automne)
1074,2024-05-10,Observation du 2024-05-10 (printemps)
1074,2024-05-11,Observation du 2024-05-11 (printemps)
1074,2024-05-17,Observation du 2024-05-17 (printemps)
1074,2024-05-19,Observation du 2024-05-19 (printemps)
1074,2024-05-24,Observation du 2024-05-24 (printemps)
1074,2024-05-25,Observation du 2024-05-25 (printemps)
1074,2024-05-27,Observation du 2024-05-27 (printemps)
1074,2024-05-31,Observation du 2024-05-31 (printemps)
1074,2024-06-02,Observation du 2024-06-02 (ete)
1074,2024-06-06,Observation du 2024-06-06 (ete)
1074,2024-06-09,Observation du 2024-06-09 (ete)
1074,2024-06-10,Observation du 2024-06-10 (ete)
1074,2024-06-11,Observation du 2024-06-11 (ete)
1074,2024-06-17,Observation du 2024-06-17 (ete)
1074,2024-06-18,Observation du 2024-06-18 (ete)
1074,2024-06-20,Observation du 2024-06-20 (ete)
1074,2024-06-21,Observation du 2024-06-21 (ete)
1074,2024-06-29,Observation du 2024-06-29 (ete)
1074,2024-06-30,Observation du 2024-06-30 (ete)
1075,2024-05-15,Observation du 2024-05-15 (printemps)
1075,2024-05-16,Observation du 2024-05-16 (printemps)
1075,2024-05-17,Observation du 2024-05-17 (printemps)
1075,2024-05-19,Observation du 2024-05-19 (printemps)
1075,2024-05-26,Observation du 2024-05-26 (printemps)
1075,2024-05-27,Observation du 2024-05-27 (printemps)
1075,2024-05-28,Observation du 2024-05-28 (printemps)
1075,2024-05-29,Observation du 2024-05-29 (printemps)
1075,2024-05-30,Observation du 2024-05-30 (printemps)
1075,2024-06-04,Observation du 2024-06-04 (ete)
1075,2024-06-08,Observation du 2024-06-08 (ete)
1075,2024-06-13,Observation du 2024-06-13 (ete)
1075,2024-06-15,Observation du 2024-06-15 (ete)
1075,2024-06-17,Observation du 2024-06-17 (ete)
1075,2024-06-18,Observation du 2024-06-18 (ete)
1077,2024-05-18,Observation du 2024-05-18 (printemps)
1077,2024-05-20,Observation du 2024-05-20 (printemps)
1077,2024-05-21,Observation du 2024-05-21 (printemps)
1077,2024-05-27,Observation du 2024-05-27 (printemps)
1077,2024-05-30,Observation du 2024-05-30 (printemps)
1077,2024-05-31,Observation du 2024-05-31 (printemps)
1077,2024-06-04,Observation du 2024-06-04 (ete)
1077,2024-06-13,Observation du 2024-06-13 (ete)
1077,2024-06-22,Observation du 2024-06-22 (ete)
1077,2024-06-25,Observation du 2024-06-25 (ete)
1077,2024-06-30,Observation du 2024-06-30 (ete)
1077,2024-07-05,Observation du 2024-07-05 (ete)
1077,2024-07-08,Observation du 2024-07-08 (ete)
1077,2024-07-09,Observation du 2024-07-09 (ete)
1077,2024-07-16,Observation du 2024-07-16 (ete)
1077,2024-07-18,Observation du 2024-07-18 (ete)
1077,2024-07-21,Observation du 2024-07-21 (ete)
1077,2024-07-29,Observation du 2024-07-29 (ete)
1077,2024-08-02,Observation du 2024-08-02 (ete)
1077,2024-08-03,Observation du 2024-08-03 (ete)
1077,2024-08-06,Observation du 2024-08-06 (ete)
1077,2024-08-08,Observation du 2024-08-08 (ete)
1077,2024-08-16,Observation du 2024-08-16 (ete)
1077,2024-08-18,Observation du 2024-08-18 (ete)
1077,2024-08-20,Observation du 2024-08-20 (ete)
1077,2024-08-31,Observation du 2024-08-31 (ete)
1077,2024-09-03,Observation du 2024-09-03 (automne)
1077,2024-09-04,Observation du 2024-09-04 (automne)
1077,2024-09-09,Observation du 2024-09-09 (automne)
1077,2024-09-10,Observation du 2024-09-10 (automne)
1077,2024-09-11,Observation du 2024-09-11 (automne)
1078,2024-05-16,Observation du 2024-05-16 (printemps)
1078,2024-05-21,Observation du 2024-05-21 (printemps)
1078,2024-05-22,Observation du 2024-05-22 (printemps)
1078,2024-05-23,Observation du 2024-05-23 (printemps)
1078,2024-05-25,Observation du 2024-05-25 (printemps)
1078,2024-05-28,Observation du 2024-05-28 (printemps)
1078,2024-05-29,Observation du 2024-05-29 (printemps)
1078,2024-05-31,Observation du 2024-05-31 (printemps)
1078,2024-06-02,Observation du 2024-06-02 (ete)
1078,2024-06-04,Observation du 2024-06-04 (ete)
1078,2024-06-05,Observation du 2024-06-05 (ete)
1078,2024-06-14,Observation du 2024-06-14 (ete)
1078,2024-06-15,Observation du 2024-06-15 (ete)
1078,2024-06-17,Observation du 2024-06-17 (ete)
1078,2024-06-21,Observation du 2024-06-21 (ete)
1078,2024-06-23,Observation du 2024-06-23 (ete)
1078,2024-06-25,Observation du 2024-06-25 (ete)
1078,2024-06-26,Observation du 2024-06-26 (ete)
1078,2024-07-06,Observation du 2024-07-06 (ete)
1078,2024-07-13,Observation du 2024-07-13 (ete)
1079,2024-05-14,Observation du 2024-05-14 (printemps)
1079,2024-05-15,Observation du 2024-05-15 (printemps)
1079,2024-05-16,Observation du 2024-05-16 (printemps)
1079,2024-05-22,Observation du 2024-05-22 (printemps)
1079,2024-05-26,Observation du 2024-05-26 (printemps)
1079,2024-05-28,Observation du 2024-05-28 (printemps)
1079,2024-06-08,Observation du 2024-06-08 (ete)
1079,2024-06-14,Observation du 2024-06-14 (ete)
1079,2024-06-15,Observation du 2024-06-15 (ete)
1079,2024-06-17,Observation du 2024-06-17 (ete)
1079,2024-06-21,Observation du 2024-06-21 (ete)
1079,2024-06-22,Observation du 2024-06-22 (ete)
1079,2024-06-23,Observation du 2024-06-23 (ete)
1079,2024-06-30,Observation du 2024-06-30 (ete)
1080,2024-05-19,Observation du 2024-05-19 (printemps)
1080,2024-05-20,Observation du 2024-05-20 (printemps)
1080,2024-05-22,Observation du 2024-05-22 (printemps)
1080,2024-05-23,Observation du 2024-05-23 (printemps)
1080,2024-05-24,Observation du 2024-05-24 (printemps)
1080,2024-05-25,Observation du 2024-05-25 (printemps)
1080,2024-05-27,Observation du 2024-05-27 (printemps)
1080,2024-06-01,Observation du 2024-06-01 (ete)
1080,2024-06-06,Observation du 2024-06-06 (ete)
1080,2024-06-07,Observation du 2024-06-07 (ete)
1080,2024-06-08,Observation du 2024-06-08 (ete)
1080,2024-06-10,Observation du 2024-06-10 (ete)
1080,2024-06-11,Observation du 2024-06-11 (ete)
1080,2024-06-14,Observation du 2024-06-14 (ete)
1080,2024-06-17,Observation du 2024-06-17 (ete)
1080,2024-06-23,Observation du 2024-06-23 (ete)
1080,2024-07-02,Observation du 2024-07-02 (ete)
1080,2024-07-03,Observation du 2024-07-03 (ete)
1080,2024-07-05,Observation du 2024-07-05 (ete)
1080,2024-07-07,Observation du 2024-07-07 (ete)
1080,2024-07-08,Observation du 2024-07-08 (ete)
1080,2024-07-10,Observation du 2024-07-10 (ete)
1080,2024-07-13,Observation du 2024-07-13 (ete)
1080,2024-07-18,Observation du 2024-07-18 (ete)
1080,2024-07-24,Observation du 2024-07-24 (ete)
1080,2024-07-25,Observation du 2024-07-25 (ete)
1080,2024-07-26,Observation du 2024-07-26 (ete)
1080,2024-07-31,Observation du 2024-07-31 (ete)
1080,2024-08-05,Observation du 2024-08-05 (ete)
1080,2024-08-08,Observation du 2024-08-08 (ete)
1080,2024-08-09,Observation du 2024-08-09 (ete)
1080,2024-08-15,Observation du 2024-08-15 (ete)
1080,2024-08-18,Observation du 2024-08-18 (ete)
1080,2024-08-22,Observation du 2024-08-22 (ete)
1080,2024-08-31,Observation du 2024-08-31 (ete)
1080,2024-09-11,Observation du 2024-09-11 (automne)
1080,2024-09-12,Observation du 2024-09-12 (automne)
1080,2024-09-16,Observation du 2024-09-16 (automne)
1080,2024-09-17,Observation du 2024-09-17 (automne)
1080,2024-09-19,Observation du 2024-09-19 (automne)
1080,2024-09-20,Observation du 2024-09-20 (automne)
1080,2024-09-30,Observation du 2024-09-30 (automne)
1081,2024-05-10,Observation du 2024-05-10 (printemps)
1081,2024-05-12,Observation du 2024-05-12 (printemps)
1081,2024-05-13,Observation du 2024-05-13 (printemps)
1081,2024-05-17,Observation du 2024-05-17 (printemps)
1081,2024-05-19,Observation du 2024-05-19 (printemps)
1081,2024-05-20,Observation du 2024-05-20 (printemps)
1081,2024-05-25,Observation du 2024-05-25 (printemps)
1081,2024-05-30,Observation du 2024-05-30 (printemps)
1081,2024-06-01,Observation du 2024-06-01 (ete)
1081,2024-06-04,Observation du 2024-06-04 (ete)
1081,2024-06-06,Observation du 2024-06-06 (ete)
1081,2024-06-07,Observation du 2024-06-07 (ete)
1081,2024-06-10,Observation du 2024-06-10 (ete)
1081,2024-06-13,Observation du 2024-06-13 (ete)
1081,2024-06-20,Observation du 2024-06-20 (ete)
1081,2024-07-02,Observation du 2024-07-02 (ete)
1081,2024-07-03,Observation du 2024-07-03 (ete)
1081,2024-07-09,Observation du 2024-07-09 (ete)
1081,2024-07-12,Observation du 2024-07-12 (ete)
1081,2024-07-18,Observation du 2024-07-18 (ete)
1082,2024-05-12,Observation du 2024-05-12 (printemps)
1082,2024-05-15,Observation du 2024-05-15 (printemps)
1082,2024-05-16,Observation du 2024-05-16 (printemps)
1082,2024-05-19,Observation du 2024-05-19 (printemps)
1082,2024-05-23,Observation du 2024-05-23 (printemps)
1082,2024-05-24,Observation du 2024-05-24 (printemps)
1082,2024-05-27,Observation du 2024-05-27 (printemps)
1082,2024-05-29,Observation du 2024-05-29 (printemps)
1082,2024-05-31,Observation du 2024-05-31 (printemps)
1082,2024-06-01,Observation du 2024-06-01 (ete)
1082,2024-06-04,Observation du 2024-06-04 (ete)
1082,2024-06-09,Observation du 2024-06-09 (ete)
1082,2024-06-12,Observation du 2024-06-12 (ete)
1082,2024-06-14,Observation du 2024-06-14 (ete)
1082,2024-06-21,Observation du 2024-06-21 (ete)
1082,2024-06-22,Observation du 2024-06-22 (ete)
1082,2024-06-25,Observation du 2024-06-25 (ete)
1082,2024-07-02,Observation du 2024-07-02 (ete)
1082,2024-07-03,Observation du 2024-07-03 (ete)
1082,2024-07-06,Observation du 2024-07-06 (ete)
1082,2024-07-07,Observation du 2024-07-07 (ete)
1082,2024-07-09,Observation du 2024-07-09 (ete)
1082,2024-07-24,Observation du 2024-07-24 (ete)
1082,2024-07-26,Observation du 2024-07-26 (ete)
1082,2024-07-27,Observation du 2024-07-27 (ete)
1082,2024-08-03,Observation du 2024-08-03 (ete)
1082,2024-08-23,Observation du 2024-08-23 (ete)
1082,2024-08-28,Observation du 2024-08-28 (ete)
1082,2024-09-01,Observation du 2024-09-01 (automne)
1082,2024-09-07,Observation du 2024-09-07 (automne)
1082,2024-09-10,Observation du 2024-09-10 (automne)
1082,2024-09-11,Observation du 2024-09-11 (automne)
1082,2024-09-13,Observation du 2024-09-13 (automne)
1082,2024-09-14,Observation du 2024-09-14 (automne)
1082,2024-09-19,Observation du 2024-09-19 (automne)
1082,2024-09-24,Observation du 2024-09-24 (automne)
1084,2024-05-12,Observation du 2024-05-12 (printemps)
1084,2024-05-15,Observation du 2024-05-15 (printemps)
1084,2024-05-16,Observation du 2024-05-16 (printemps)
1084,2024-05-19,Observation du 2024-05-19 (printemps)
1084,2024-05-24,Observation du 2024-05-24 (printemps)
1084,2024-05-27,Observation du 2024-05-27 (printemps)
1084,2024-05-30,Observation du 2024-05-30 (printemps)
1084,2024-06-09,Observation du 2024-06-09 (ete)
1084,2024-06-22,Observation du 2024-06-22 (ete)
1084,2024-06-23,Observation du 2024-06-23 (ete)
1084,2024-06-28,Observation du 2024-06-28 (ete)
1084,2024-07-03,Observation du 2024-07-03 (ete)
1084,2024-07-05,Observation du 2024-07-05 (ete)
1084,2024-07-11,Observation du 2024-07-11 (ete)
1084,2024-07-17,Observation du 2024-07-17 (ete)
1084,2024-07-18,Observation du 2024-07-18 (ete)
1084,2024-07-20,Observation du 2024-07-20 (ete)
1084,2024-07-21,Observation du 2024-07-21 (ete)
1084,2024-07-22,Observation du 2024-07-22 (ete)
1084,2024-07-24,Observation du 2024-07-24 (ete)
1084,2024-07-25,Observation du 2024-07-25 (ete)
1084,2024-07-31,Observation du 2024-07-31 (ete)
1084,2024-08-07,Observation du 2024-08-07 (ete)
1085,2024-05-16,Observation du 2024-05-16 (printemps)
1085,2024-05-18,Observation du 2024-05-18 (printemps)
1085,2024-05-21,Observation du 2024-05-21 (printemps)
1085,2024-05-26,Observation du 2024-05-26 (printemps)
1085,2024-05-28,Observation du 2024-05-28 (printemps)
1085,2024-05-31,Observation du 2024-05-31 (printemps)
1085,2024-06-10,Observation du 2024-06-10 (ete)
1085,2024-06-11,Observation du 2024-06-11 (ete)
1085,2024-06-14,Observation du 2024-06-14 (ete)
1085,2024-06-15,Observation du 2024-06-15 (ete)
1085,2024-07-01,Observation du 2024-07-01 (ete)
1085,2024-07-03,Observation du 2024-07-03 (ete)
1085,2024-07-08,Observation du 2024-07-08 (ete)
1085,2024-07-10,Observation du 2024-07-10 (ete)
1085,2024-07-11,Observation du 2024-07-11 (ete)
1085,2024-07-13,Observation du 2024-07-13 (ete)
1085,2024-07-16,Observation du 2024-07-16 (ete)
1086,2024-05-24,Observation du 2024-05-24 (printemps)
1086,2024-05-25,Observation du 2024-05-25 (printemps)
1086,2024-05-31,Observation du 2024-05-31 (printemps)
1086,2024-06-11,Observation du 2024-06-11 (ete)
1087,2024-05-17,Observation du 2024-05-17 (printemps)
1087,2024-05-22,Observation du 2024-05-22 (printemps)
1087,2024-05-24,Observation du 2024-05-24 (printemps)
1087,2024-05-27,Observation du 2024-05-27 (printemps)
1087,2024-05-28,Observation du 2024-05-28 (printemps)
1087,2024-05-29,Observation du 2024-05-29 (printemps)
1087,2024-05-31,Observation du 2024-05-31 (printemps)
1087,2024-06-01,Observation du 2024-06-01 (ete)
1087,2024-06-02,Observation du 2024-06-02 (ete)
1087,2024-06-04,Observation du 2024-06-04 (ete)
1087,2024-06-11,Observation du 2024-06-11 (ete)
1087,2024-06-13,Observation du 2024-06-13 (ete)
1087,2024-06-17,Observation du 2024-06-17 (ete)
1088,2024-05-15,Observation du 2024-05-15 (printemps)
1088,2024-05-17,Observation du 2024-05-17 (printemps)
1088,2024-05-25,Observation du 2024-05-25 (printemps)
1088,2024-05-26,Observation du 2024-05-26 (printemps)
1088,2024-05-28,Observation du 2024-05-28 (printemps)
1088,2024-05-30,Observation du 2024-05-30 (printemps)
1088,2024-06-04,Observation du 2024-06-04 (ete)
1088,2024-06-05,Observation du 2024-06-05 (ete)
1088,2024-06-21,Observation du 2024-06-21 (ete)
1088,2024-06-28,Observation du 2024-06-28 (ete)
1088,2024-07-01,Observation du 2024-07-01 (ete)
1088,2024-07-06,Observation du 2024-07-06 (ete)
1088,2024-07-09,Observation du 2024-07-09 (ete)
1088,2024-07-12,Observation du 2024-07-12 (ete)
1088,2024-07-16,Observation du 2024-07-16 (ete)
1088,2024-07-25,Observation du 2024-07-25 (ete)
1088,2024-08-05,Observation du 2024-08-05 (ete)
1088,2024-08-09,Observation du 2024-08-09 (ete)
1088,2024-08-14,Observation du 2024-08-14 (ete)
1088,2024-08-16,Observation du 2024-08-16 (ete)
1088,2024-08-17,Observation du 2024-08-17 (ete)
1088,2024-08-19,Observation du 2024-08-19 (ete)
1088,2024-08-28,Observation du 2024-08-28 (ete)
1088,2024-09-02,Observation du 2024-09-02 (automne)
1088,2024-09-03,Observation du 2024-09-03 (automne)
1088,2024-09-06,Observation du 2024-09-06 (automne)
1088,2024-09-10,Observation du 2024-09-10 (automne)
1089,2024-05-15,Observation du 2024-05-15 (printemps)
1089,2024-05-17,Observation du 2024-05-17 (printemps)
1089,2024-05-21,Observation du 2024-05-21 (printemps)
1089,2024-05-23,Observation du 2024-05-23 (printemps)
1089,2024-05-25,Observation du 2024-05-25 (printemps)
1089,2024-05-28,Observation du 2024-05-28 (printemps)
1089,2024-05-31,Observation du 2024-05-31 (printemps)
1089,2024-06-11,Observation du 2024-06-11 (ete)
1089,2024-06-14,Observation du 2024-06-14 (ete)
1089,2024-06-23,Observation du 2024-06-23 (ete)
1089,2024-06-24,Observation du 2024-06-24 (ete)
1089,2024-06-25,Observation du 2024-06-25 (ete)
1089,2024-07-04,Observation du 2024-07-04 (ete)
1089,2024-07-06,Observation du 2024-07-06 (ete)
1089,2024-07-08,Observation du 2024-07-08 (ete)
1089,2024-07-17,Observation du 2024-07-17 (ete)
1089,2024-07-18,Observation du 2024-07-18 (ete)
1089,2024-07-22,Observation du 2024-07-22 (ete)
1089,2024-07-25,Observation du 2024-07-25 (ete)
1089,2024-08-04,Observation du 2024-08-04 (ete)
1089,2024-08-19,Observation du 2024-08-19 (ete)
1089,2024-08-23,Observation du 2024-08-23 (ete)
1089,2024-08-25,Observation du 2024-08-25 (ete)
1089,2024-09-06,Observation du 2024-09-06 (automne)
1090,2024-05-17,Observation du 2024-05-17 (printemps)
1090,2024-05-19,Observation du 2024-05-19 (printemps)
1090,2024-05-20,Observation du 2024-05-20 (printemps)
1090,2024-05-22,Observation du 2024-05-22 (printemps)
1090,2024-05-25,Observation du 2024-05-25 (printemps)
1090,2024-05-26,Observation du 2024-05-26 (printemps)
1090,2024-06-02,Observation du 2024-06-02 (ete)
1090,2024-06-08,Observation du 2024-06-08 (ete)
1090,2024-06-13,Observation du 2024-06-13 (ete)
1090,2024-06-16,Observation du 2024-06-16 (ete)
1090,2024-06-26,Observation du 2024-06-26 (ete)
1090,2024-06-28,Observation du 2024-06-28 (ete)
1090,2024-06-29,Observation du 2024-06-29 (ete)
1090,2024-07-01,Observation du 2024-07-01 (ete)
1090,2024-07-03,Observation du 2024-07-03 (ete)
1090,2024-07-10,Observation du 2024-07-10 (ete)
1090,2024-07-13,Observation du 2024-07-13 (ete)
1090,2024-07-17,Observation du 2024-07-17 (ete)
1090,2024-07-29,Observation du 2024-07-29 (ete)
1090,2024-07-30,Observation du 2024-07-30 (ete)
1090,2024-08-01,Observation du 2024-08-01 (ete)
1090,2024-08-02,Observation du 2024-08-02 (ete)
1090,2024-08-08,Observation du 2024-08-08 (ete)
1090,2024-08-15,Observation du 2024-08-15 (ete)
1090,2024-08-16,Observation du 2024-08-16 (ete)
1090,2024-08-17,Observation du 2024-08-17 (ete)
1090,2024-08-18,Observation du 2024-08-18 (ete)
1090,2024-08-19,Observation du 2024-08-19 (ete)
1090,2024-08-20,Observation du 2024-08-20 (ete)
1090,2024-08-23,Observation du 2024-08-23 (ete)
1090,2024-08-24,Observation du 2024-08-24 (ete)
1090,2024-08-26,Observation du 2024-08-26 (ete)
1090,2024-09-01,Observation du 2024-09-01 (automne)
1090,2024-09-05,Observation du 2024-09-05 (automne)
1090,2024-09-09,Observation du 2024-09-09 (automne)
1090,2024-09-11,Observation du 2024-09-11 (automne)
1090,2024-09-15,Observation du 2024-09-15 (automne)
1090,2024-09-18,Observation du 2024-09-18 (automne)
1091,2024-05-19,Observation du 2024-05-19 (printemps)
1091,2024-05-22,Observation du 2024-05-22 (printemps)
1091,2024-05-23,Observation du 2024-05-23 (printemps)
1091,2024-06-01,Observation du 2024-06-01 (ete)
1091,2024-06-06,Observation du 2024-06-06 (ete)
1091,2024-06-11,Observation du 2024-06-11 (ete)
1091,2024-06-12,Observation du 2024-06-12 (ete)
1091,2024-06-16,Observation du 2024-06-16 (ete)
1091,2024-06-17,Observation du 2024-06-17 (ete)
1091,2024-06-22,Observation du 2024-06-22 (ete)
1091,2024-06-25,Observation du 2024-06-25 (ete)
1091,2024-07-10,Observation du 2024-07-10 (ete)
1091,2024-07-11,Observation du 2024-07-11 (ete)
1091,2024-07-18,Observation du 2024-07-18 (ete)
1091,2024-07-21,Observation du 2024-07-21 (ete)
1091,2024-07-26,Observation du 2024-07-26 (ete)
1091,2024-08-07,Observation du 2024-08-07 (ete)
1091,2024-08-20,Observation du 2024-08-20 (ete)
1091,2024-08-22,Observation du 2024-08-22 (ete)
1091,2024-08-23,Observation du 2024-08-23 (ete)
1091,2024-08-29,Observation du 2024-08-29 (ete)
1091,2024-08-30,Observation du 2024-08-30 (ete)
1092,2024-05-16,Observation du 2024-05-16 (printemps)
1092,2024-05-21,Observation du 2024-05-21 (printemps)
1092,2024-05-25,Observation du 2024-05-25 (printemps)
1092,2024-05-29,Observation du 2024-05-29 (printemps)
1092,2024-05-30,Observation du 2024-05-30 (printemps)
1092,2024-06-07,Observation du 2024-06-07 (ete)
1092,2024-06-09,Observation du 2024-06-09 (ete)
1092,2024-06-12,Observation du 2024-06-12 (ete)
1092,2024-06-16,Observation du 2024-06-16 (ete)
1092,2024-06-17,Observation du 2024-06-17 (ete)
1092,2024-06-18,Observation du 2024-06-18 (ete)
1092,2024-06-24,Observation du 2024-06-24 (ete)
1092,2024-06-28,Observation du 2024-06-28 (ete)
1092,2024-07-07,Observation du 2024-07-07 (ete)
1092,2024-07-13,Observation du 2024-07-13 (ete)
1092,2024-07-15,Observation du 2024-07-15 (ete)
1092,2024-07-25,Observation du 2024-07-25 (ete)
1092,2024-07-26,Observation du 2024-07-26 (ete)
1092,2024-07-31,Observation du 2024-07-31 (ete)
1092,2024-08-03,Observation du 2024-08-03 (ete)
1092,2024-08-16,Observation du 2024-08-16 (ete)
1092,2024-08-25,Observation du 2024-08-25 (ete)
1092,2024-08-30,Observation du 2024-08-30 (ete)
1092,2024-09-01,Observation du 2024-09-01 (automne)
1092,2024-09-02,Observation du 2024-09-02 (automne)
1092,2024-09-04,Observation du 2024-09-04 (automne)
1092,2024-09-10,Observation du 2024-09-10 (automne)
1092,2024-09-15,Observation du 2024-09-15 (automne)
1092,2024-09-18,Observation du 2024-09-18 (automne)
1092,2024-09-21,Observation du 2024-09-21 (automne)
1092,2024-09-23,Observation du 2024-09-23 (automne)
1092,2024-09-24,Observation du 2024-09-24 (automne)
1092,2024-09-25,Observation du 2024-09-25 (automne)
1093,2024-05-11,Observation du 2024-05-11 (printemps)
1093,2024-05-12,Observation du 2024-05-12 (printemps)
1093,2024-05-13,Observation du 2024-05-13 (printemps)
1093,2024-05-14,Observation du 2024-05-14 (printemps)
1093,2024-05-17,Observation du 2024-05-17 (printemps)
1093,2024-05-20,Observation du 2024-05-20 (printemps)
1093,2024-05-21,Observation du 2024-05-21 (printemps)
1093,2024-05-22,Observation du 2024-05-22 (printemps)
1093,2024-05-23,Observation du 2024-05-23 (printemps)
1093,2024-05-25,Observation du 2024-05-25 (printemps)
1093,2024-05-29,Observation du 2024-05-29 (printemps)
1093,2024-05-30,Observation du 2024-05-30 (printemps)
1093,2024-06-08,Observation du 2024-06-08 (ete)
1093,2024-06-09,Observation du 2024-06-09 (ete)
1093,2024-06-20,Observation du 2024-06-20 (ete)
1093,2024-06-23,Observation du 2024-06-23 (ete)
1093,2024-06-26,Observation du 2024-06-26 (ete)
1093,2024-07-03,Observation du 2024-07-03 (ete)
1093,2024-07-05,Observation du 2024-07-05 (ete)
1093,2024-07-09,Observation du 2024-07-09 (ete)
1093,2024-07-26,Observation du 2024-07-26 (ete)
1093,2024-08-02,Observation du 2024-08-02 (ete)
1093,2024-08-08,Observation du 2024-08-08 (ete)
1093,2024-08-10,Observation du 2024-08-10 (ete)
1093,2024-08-12,Observation du 2024-08-12 (ete)
1093,2024-08-15,Observation du 2024-08-15 (ete)
1093,2024-08-16,Observation du 2024-08-16 (ete)
1093,2024-08-17,Observation du 2024-08-17 (ete)
1093,2024-08-18,Observation du 2024-08-18 (ete)
1093,2024-08-21,Observation du 2024-08-21 (ete)
1093,2024-08-28,Observation du 2024-08-28 (ete)
1094,2024-05-15,Observation du 2024-05-15 (printemps)
1094,2024-05-23,Observation du 2024-05-23 (printemps)
1094,2024-06-02,Observation du 2024-06-02 (ete)
1094,2024-06-07,Observation du 2024-06-07 (ete)
1094,2024-06-13,Observation du 2024-06-13 (ete)
1094,2024-06-16,Observation du 2024-06-16 (ete)
1094,2024-06-21,Observation du 2024-06-21 (ete)
1094,2024-06-24,Observation du 2024-06-24 (ete)
1094,2024-06-27,Observation du 2024-06-27 (ete)
1094,2024-06-28,Observation du 2024-06-28 (ete)
1094,2024-06-29,Observation du 2024-06-29 (ete)
1094,2024-07-01,Observation du 2024-07-01 (ete)
1095,2024-05-20,Observation du 2024-05-20 (printemps)
1095,2024-05-23,Observation du 2024-05-23 (printemps)
1095,2024-05-25,Observation du 2024-05-25 (printemps)
1095,2024-05-27,Observation du 2024-05-27 (printemps)
1095,2024-05-31,Observation du 2024-05-31 (printemps)
1095,2024-06-02,Observation du 2024-06-02 (ete)
1095,2024-06-04,Observation du 2024-06-04 (ete)
1095,2024-06-06,Observation du 2024-06-06 (ete)
1095,2024-06-13,Observation du 2024-06-13 (ete)
1095,2024-06-15,Observation du 2024-06-15 (ete)
1095,2024-06-22,Observation du 2024-06-22 (ete)
1095,2024-07-01,Observation du 2024-07-01 (ete)
1095,2024-07-03,Observation du 2024-07-03 (ete)
1095,2024-07-04,Observation du 2024-07-04 (ete)
1096,2024-05-13,Observation du 2024-05-13 (printemps)
1096,2024-05-15,Observation du 2024-05-15 (printemps)
1096,2024-05-20,Observation du 2024-05-20 (printemps)
1096,2024-05-23,Observation du 2024-05-23 (printemps)
1096,2024-05-25,Observation du 2024-05-25 (printemps)
1096,2024-05-26,Observation du 2024-05-26 (printemps)
1096,2024-05-30,Observation du 2024-05-30 (printemps)
1096,2024-06-05,Observation du 2024-06-05 (ete)
1096,2024-06-07,Observation du 2024-06-07 (ete)
1096,2024-06-11,Observation du 2024-06-11 (ete)
1096,2024-06-13,Observation du 2024-06-13 (ete)
1096,2024-06-26,Observation du 2024-06-26 (ete)
1096,2024-07-01,Observation du 2024-07-01 (ete)
1096,2024-07-11,Observation du 2024-07-11 (ete)
1096,2024-07-15,Observation du 2024-07-15 (ete)
1096,2024-07-17,Observation du 2024-07-17 (ete)
1096,2024-07-19,Observation du 2024-07-19 (ete)
1096,2024-07-21,Observation du 2024-07-21 (ete)
1096,2024-08-01,Observation du 2024-08-01 (ete)
1096,2024-08-05,Observation du 2024-08-05 (ete)
1096,2024-08-10,Observation du 2024-08-10 (ete)
1096,2024-08-15,Observation du 2024-08-15 (ete)
1096,2024-08-21,Observation du 2024-08-21 (ete)
1096,2024-08-24,Observation du 2024-08-24 (ete)
1096,2024-08-28,Observation du 2024-08-28 (ete)
1096,2024-08-30,Observation du 2024-08-30 (ete)
1096,2024-08-31,Observation du 2024-08-31 (ete)
1096,2024-09-03,Observation du 2024-09-03 (automne)
1096,2024-09-05,Observation du 2024-09-05 (automne)
1097,2024-05-12,Observation du 2024-05-12 (printemps)
1097,2024-05-14,Observation du 2024-05-14 (printemps)
1097,2024-05-18,Observation du 2024-05-18 (printemps)
1097,2024-05-19,Observation du 2024-05-19 (printemps)
1097,2024-05-20,Observation du 2024-05-20 (printemps)
1097,2024-05-21,Observation du 2024-05-21 (printemps)
1097,2024-05-22,Observation du 2024-05-22 (printemps)
1097,2024-05-23,Observation du 2024-05-23 (printemps)
1097,2024-05-27,Observation du 2024-05-27 (printemps)
1097,2024-06-01,Observation du 2024-06-01 (ete)
1097,2024-06-03,Observation du 2024-06-03 (ete)
1097,2024-06-11,Observation du 2024-06-11 (ete)
1097,2024-06-21,Observation du 2024-06-21 (ete)
1097,2024-06-22,Observation du 2024-06-22 (ete)
1097,2024-06-23,Observation du 2024-06-23 (ete)
1097,2024-07-03,Observation du 2024-07-03 (ete)
1097,2024-07-08,Observation du 2024-07-08 (ete)
1097,2024-07-15,Observation du 2024-07-15 (ete)
1097,2024-07-16,Observation du 2024-07-16 (ete)
1098,2024-05-10,Observation du 2024-05-10 (printemps)
1098,2024-05-15,Observation du 2024-05-15 (printemps)
1098,2024-05-16,Observation du 2024-05-16 (printemps)
1098,2024-05-22,Observation du 2024-05-22 (printemps)
1098,2024-05-24,Observation du 2024-05-24 (printemps)
1098,2024-05-31,Observation du 2024-05-31 (printemps)
1098,2024-06-01,Observation du 2024-06-01 (ete)
1098,2024-06-07,Observation du 2024-06-07 (ete)
1098,2024-06-12,Observation du 2024-06-12 (ete)
1098,2024-06-14,Observation du 2024-06-14 (ete)
1098,2024-06-20,Observation du 2024-06-20 (ete)
1098,2024-06-28,Observation du 2024-06-28 (ete)
1098,2024-06-29,Observation du 2024-06-29 (ete)
1098,2024-07-08,Observation du 2024-07-08 (ete)
1098,2024-07-09,Observation du 2024-07-09 (ete)
1098,2024-07-11,Observation du 2024-07-11 (ete)
1098,2024-07-13,Observation du 2024-07-13 (ete)
1098,2024-07-14,Observation du 2024-07-14 (ete)
1098,2024-07-15,Observation du 2024-07-15 (ete)
1098,2024-07-18,Observation du 2024-07-18 (ete)
1098,2024-07-23,Observation du 2024-07-23 (ete)
1098,2024-07-24,Observation du 2024-07-24 (ete)
1098,2024-07-25,Observation du 2024-07-25 (ete)
1098,2024-08-04,Observation du 2024-08-04 (ete)
1098,2024-08-05,Observation du 2024-08-05 (ete)
1098,2024-08-06,Observation du 2024-08-06 (ete)
1098,2024-08-18,Observation du 2024-08-18 (ete)
1098,2024-08-22,Observation du 2024-08-22 (ete)
1098,2024-08-25,Observation du 2024-08-25 (ete)
1098,2024-08-28,Observation du 2024-08-28 (ete)
1098,2024-08-29,Observation du 2024-08-29 (ete)
1099,2024-05-16,Observation du 2024-05-16 (printemps)
1099,2024-05-19,Observation du 2024-05-19 (printemps)
1099,2024-05-21,Observation du 2024-05-21 (printemps)
1099,2024-05-22,Observation du 2024-05-22 (printemps)
1099,2024-05-27,Observation du 2024-05-27 (printemps)
1099,2024-05-30,Observation du 2024-05-30 (printemps)
1099,2024-05-31,Observation du 2024-05-31 (printemps)
1099,2024-06-08,Observation du 2024-06-08 (ete)
1099,2024-06-17,Observation du 2024-06-17 (ete)
1099,2024-06-19,Observation du 2024-06-19 (ete)
1099,2024-06-25,Observation du 2024-06-25 (ete)
1099,2024-06-29,Observation du 2024-06-29 (ete)
1099,2024-07-02,Observation du 2024-07-02 (ete)
1099,2024-07-03,Observation du 2024-07-03 (ete)
1099,2024-07-04,Observation du 2024-07-04 (ete)
1099,2024-07-11,Observation du 2024-07-11 (ete)
1099,2024-07-12,Observation du 2024-07-12 (ete)
1099,2024-07-19,Observation du 2024-07-19 (ete)
1099,2024-07-22,Observation du 2024-07-22 (ete)
1099,2024-07-25,Observation du 2024-07-25 (ete)
1099,2024-07-26,Observation du 2024-07-26 (ete)
1099,2024-08-08,Observation du 2024-08-08 (ete)
1099,2024-08-11,Observation du 2024-08-11 (ete)
1099,2024-08-18,Observation du 2024-08-18 (ete)
1099,2024-08-19,Observation du 2024-08-19 (ete)
1099,2024-08-20,Observation du 2024-08-20 (ete)
1099,2024-08-30,Observation du 2024-08-30 (ete)
1099,2024-09-01,Observation du 2024-09-01 (automne)
1099,2024-09-02,Observation du 2024-09-02 (automne)
1099,2024-09-06,Observation du 2024-09-06 (automne)
1099,2024-09-07,Observation du 2024-09-07 (automne)
1099,2024-09-08,Observation du 2024-09-08 (automne)
1099,2024-09-10,Observation du 2024-09-10 (automne)
1099,2024-09-11,Observation du 2024-09-11 (automne)
1100,2024-05-17,Observation du 2024-05-17 (printemps)
1100,2024-05-18,Observation du 2024-05-18 (printemps)
1100,2024-05-19,Observation du 2024-05-19 (printemps)
1100,2024-05-20,Observation du 2024-05-20 (printemps)
1100,2024-05-23,Observation du 2024-05-23 (printemps)
1100,2024-06-07,Observation du 2024-06-07 (ete)
1100,2024-06-14,Observation du 2024-06-14 (ete)
1100,2024-06-17,Observation du 2024-06-17 (ete)
1100,2024-06-19,Observation du 2024-06-19 (ete)
1100,2024-06-20,Observation du 2024-06-20 (ete)
1100,2024-06-21,Observation du 2024-06-21 (ete)
1100,2024-06-25,Observation du 2024-06-25 (ete)
1100,2024-06-26,Observation du 2024-06-26 (ete)
1100,2024-06-29,Observation du 2024-06-29 (ete)
1100,2024-07-05,Observation du 2024-07-05 (ete)
1100,2024-07-13,Observation du 2024-07-13 (ete)
1100,2024-07-15,Observation du 2024-07-15 (ete)
1100,2024-07-16,Observation du 2024-07-16 (ete)
1100,2024-07-19,Observation du 2024-07-19 (ete)
1100,2024-07-20,Observation du 2024-07-20 (ete)
1100,2024-07-24,Observation du 2024-07-24 (ete)
1100,2024-07-27,Observation du 2024-07-27 (ete)
1100,2024-07-31,Observation du 2024-07-31 (ete)
1100,2024-08-01,Observation du 2024-08-01 (ete)
1100,2024-08-03,Observation du 2024-08-03 (ete)
1100,2024-08-09,Observation du 2024-08-09 (ete)
1100,2024-08-10,Observation du 2024-08-10 (ete)
1100,2024-08-17,Observation du 2024-08-17 (ete)
1100,2024-08-18,Observation du 2024-08-18 (ete)
1100,2024-08-23,Observation du 2024-08-23 (ete)
1101,2024-05-18,Observation du 2024-05-18 (printemps)
1101,2024-05-19,Observation du 2024-05-19 (printemps)
1101,2024-05-20,Observation du 2024-05-20 (printemps)
1101,2024-05-22,Observation du 2024-05-22 (printemps)
1101,2024-05-23,Observation du 2024-05-23 (printemps)
1101,2024-05-24,Observation du 2024-05-24 (printemps)
1101,2024-05-29,Observation du 2024-05-29 (printemps)
1101,2024-06-03,Observation du 2024-06-03 (ete)
1101,2024-06-11,Observation du 2024-06-11 (ete)
1101,2024-06-14,Observation du 2024-06-14 (ete)
1101,2024-06-15,Observation du 2024-06-15 (ete)
1101,2024-06-23,Observation du 2024-06-23 (ete)
1101,2024-07-02,Observation du 2024-07-02 (ete)
1101,2024-07-07,Observation du 2024-07-07 (ete)
1101,2024-07-10,Observation du 2024-07-10 (ete)
1101,2024-07-12,Observation du 2024-07-12 (ete)
1102,2024-05-15,Observation du 2024-05-15 (printemps)
1102,2024-05-19,Observation du 2024-05-19 (printemps)
1102,2024-05-20,Observation du 2024-05-20 (printemps)
1102,2024-05-21,Observation du 2024-05-21 (printemps)
1102,2024-05-23,Observation du 2024-05-23 (printemps)
1102,2024-06-01,Observation du 2024-06-01 (ete)
1102,2024-06-06,Observation du 2024-06-06 (ete)
1102,2024-06-07,Observation du 2024-06-07 (ete)
1102,2024-06-09,Observation du 2024-06-09 (ete)
1102,2024-06-12,Observation du 2024-06-12 (ete)
1102,2024-06-14,Observation du 2024-06-14 (ete)
1102,2024-06-16,Observation du 2024-06-16 (ete)
1102,2024-06-19,Observation du 2024-06-19 (ete)
1102,2024-06-26,Observation du 2024-06-26 (ete)
1103,2024-05-16,Observation du 2024-05-16 (printemps)
1103,2024-05-19,Observation du 2024-05-19 (printemps)
1103,2024-05-22,Observation du 2024-05-22 (printemps)
1103,2024-05-30,Observation du 2024-05-30 (printemps)
1103,2024-06-09,Observation du 2024-06-09 (ete)
1103,2024-06-11,Observation du 2024-06-11 (ete)
1103,2024-06-13,Observation du 2024-06-13 (ete)
1103,2024-06-30,Observation du 2024-06-30 (ete)
1103,2024-07-14,Observation du 2024-07-14 (ete)
1103,2024-07-15,Observation du 2024-07-15 (ete)
1103,2024-07-23,Observation du 2024-07-23 (ete)
1103,2024-07-28,Observation du 2024-07-28 (ete)
1104,2024-05-15,Observation du 2024-05-15 (printemps)
1104,2024-05-16,Observation du 2024-05-16 (printemps)
1104,2024-05-18,Observation du 2024-05-18 (printemps)
1104,2024-05-20,Observation du 2024-05-20 (printemps)
1104,2024-05-22,Observation du 2024-05-22 (printemps)
1104,2024-05-26,Observation du 2024-05-26 (printemps)
1104,2024-05-27,Observation du 2024-05-27 (printemps)
1104,2024-05-30,Observation du 2024-05-30 (printemps)
1104,2024-06-02,Observation du 2024-06-02 (ete)
1104,2024-06-05,Observation du 2024-06-05 (ete)
1104,2024-06-10,Observation du 2024-06-10 (ete)
1104,2024-06-11,Observation du 2024-06-11 (ete)
1104,2024-06-12,Observation du 2024-06-12 (ete)
1104,2024-06-15,Observation du 2024-06-15 (ete)
1104,2024-06-19,Observation du 2024-06-19 (ete)
1104,2024-06-22,Observation du 2024-06-22 (ete)
1104,2024-06-25,Observation du 2024-06-25 (ete)
1104,2024-07-03,Observation du 2024-07-03 (ete)
1104,2024-07-05,Observation du 2024-07-05 (ete)
1104,2024-07-06,Observation du 2024-07-06 (ete)
1104,2024-07-12,Observation du 2024-07-12 (ete)
1104,2024-07-15,Observation du 2024-07-15 (ete)
1104,2024-07-19,Observation du 2024-07-19 (ete)
1104,2024-07-22,Observation du 2024-07-22 (ete)
1104,2024-07-23,Observation du 2024-07-23 (ete)
1104,2024-07-30,Observation du 2024-07-30 (ete)
1104,2024-08-02,Observation du 2024-08-02 (ete)
1104,2024-08-08,Observation du 2024-08-08 (ete)
1104,2024-08-09,Observation du 2024-08-09 (ete)
1104,2024-08-14,Observation du 2024-08-14 (ete)
1104,2024-08-17,Observation du 2024-08-17 (ete)
1104,2024-08-18,Observation du 2024-08-18 (ete)
1104,2024-08-24,Observation du 2024-08-24 (ete)
1104,2024-08-30,Observation du 2024-08-30 (ete)
1104,2024-08-31,Observation du 2024-08-31 (ete)
1104,2024-09-03,Observation du 2024-09-03 (automne)
1104,2024-09-05,Observation du 2024-09-05 (automne)
1104,2024-09-10,Observation du 2024-09-10 (automne)
1104,2024-09-11,Observation du 2024-09-11 (automne)
1104,2024-09-14,Observation du 2024-09-14 (automne)
1104,2024-09-15,Observation du 2024-09-15 (automne)
1104,2024-09-17,Observation du 2024-09-17 (automne)
1104,2024-09-19,Observation du 2024-09-19 (automne)
1104,2024-09-27,Observation du 2024-09-27 (automne)
1104,2024-09-28,Observation du 2024-09-28 (automne)
1104,2024-09-29,Observation du 2024-09-29 (automne)
1105,2024-05-13,Observation du 2024-05-13 (printemps)
1105,2024-05-16,Observation du 2024-05-16 (printemps)
1105,2024-05-17,Observation du 2024-05-17 (printemps)
1105,2024-05-19,Observation du 2024-05-19 (printemps)
1105,2024-05-24,Observation du 2024-05-24 (printemps)
1105,2024-05-25,Observation du 2024-05-25 (printemps)
1105,2024-05-26,Observation du 2024-05-26 (printemps)
1105,2024-05-27,Observation du 2024-05-27 (printemps)
1105,2024-05-28,Observation du 2024-05-28 (printemps)
1105,2024-06-05,Observation du 2024-06-05 (ete)
1105,2024-06-14,Observation du 2024-06-14 (ete)
1105,2024-06-16,Observation du 2024-06-16 (ete)
1105,2024-06-17,Observation du 2024-06-17 (ete)
1105,2024-06-20,Observation du 2024-06-20 (ete)
1105,2024-06-27,Observation du 2024-06-27 (ete)
1105,2024-06-29,Observation du 2024-06-29 (ete)
1105,2024-06-30,Observation du 2024-06-30 (ete)
1105,2024-07-01,Observation du 2024-07-01 (ete)
1105,2024-07-08,Observation du 2024-07-08 (ete)
1105,2024-07-10,Observation du 2024-07-10 (ete)
1105,2024-07-21,Observation du 2024-07-21 (ete)
1105,2024-07-26,Observation du 2024-07-26 (ete)
1105,2024-07-29,Observation du 2024-07-29 (ete)
1105,2024-08-04,Observation du 2024-08-04 (ete)
1105,2024-08-05,Observation du 2024-08-05 (ete)
1105,2024-08-06,Observation du 2024-08-06 (ete)
1105,2024-08-08,Observation du 2024-08-08 (ete)
1105,2024-08-12,Observation du 2024-08-12 (ete)
1105,2024-08-13,Observation du 2024-08-13 (ete)
1105,2024-08-17,Observation du 2024-08-17 (ete)
1105,2024-08-29,Observation du 2024-08-29 (ete)
1105,2024-08-30,Observation du 2024-08-30 (ete)
1108,2024-05-16,Observation du 2024-05-16 (printemps)
1108,2024-05-19,Observation du 2024-05-19 (printemps)
1108,2024-05-21,Observation du 2024-05-21 (printemps)
1108,2024-05-26,Observation du 2024-05-26 (printemps)
1108,2024-05-30,Observation du 2024-05-30 (printemps)
1108,2024-06-04,Observation du 2024-06-04 (ete)
1108,2024-06-10,Observation du 2024-06-10 (ete)
1108,2024-06-21,Observation du 2024-06-21 (ete)
1108,2024-06-25,Observation du 2024-06-25 (ete)
1108,2024-06-26,Observation du 2024-06-26 (ete)
1108,2024-06-30,Observation du 2024-06-30 (ete)
1108,2024-07-08,Observation du 2024-07-08 (ete)
1108,2024-07-16,Observation du 2024-07-16 (ete)
1108,2024-07-20,Observation du 2024-07-20 (ete)
1108,2024-07-22,Observation du 2024-07-22 (ete)
1108,2024-07-30,Observation du 2024-07-30 (ete)
1108,2024-08-01,Observation du 2024-08-01 (ete)
1108,2024-08-13,Observation du 2024-08-13 (ete)
1108,2024-08-17,Observation du 2024-08-17 (ete)
1108,2024-08-18,Observation du 2024-08-18 (ete)
1108,2024-08-21,Observation du 2024-08-21 (ete)
1108,2024-08-23,Observation du 2024-08-23 (ete)
1108,2024-08-31,Observation du 2024-08-31 (ete)
1108,2024-09-02,Observation du 2024-09-02 (automne)
1108,2024-09-03,Observation du 2024-09-03 (automne)
1108,2024-09-10,Observation du 2024-09-10 (automne)
1108,2024-09-11,Observation du 2024-09-11 (automne)
1108,2024-09-15,Observation du 2024-09-15 (automne)
1108,2024-09-18,Observation du 2024-09-18 (automne)
1108,2024-09-26,Observation du 2024-09-26 (automne)
1108,2024-09-27,Observation du 2024-09-27 (automne)
1108,2024-09-28,Observation du 2024-09-28 (automne)
1109,2024-05-12,Observation du 2024-05-12 (printemps)
1109,2024-05-13,Observation du 2024-05-13 (printemps)
1109,2024-05-23,Observation du 2024-05-23 (printemps)
1109,2024-06-03,Observation du 2024-06-03 (ete)
1109,2024-06-04,Observation du 2024-06-04 (ete)
1109,2024-06-06,Observation du 2024-06-06 (ete)
1109,2024-06-11,Observation du 2024-06-11 (ete)
1109,2024-06-12,Observation du 2024-06-12 (ete)
1109,2024-06-24,Observation du 2024-06-24 (ete)
1109,2024-07-02,Observation du 2024-07-02 (ete)
1109,2024-07-04,Observation du 2024-07-04 (ete)
1109,2024-07-09,Observation du 2024-07-09 (ete)
1111,2024-05-20,Observation du 2024-05-20 (printemps)
1111,2024-05-23,Observation du 2024-05-23 (printemps)
1111,2024-05-24,Observation du 2024-05-24 (printemps)
1111,2024-05-27,Observation du 2024-05-27 (printemps)
1111,2024-05-29,Observation du 2024-05-29 (printemps)
1111,2024-05-30,Observation du 2024-05-30 (printemps)
1111,2024-06-01,Observation du 2024-06-01 (ete)
1111,2024-06-05,Observation du 2024-06-05 (ete)
1111,2024-06-06,Observation du 2024-06-06 (ete)
1111,2024-06-10,Observation du 2024-06-10 (ete)
1111,2024-06-14,Observation du 2024-06-14 (ete)
1111,2024-06-15,Observation du 2024-06-15 (ete)
1111,2024-06-16,Observation du 2024-06-16 (ete)
1111,2024-06-24,Observation du 2024-06-24 (ete)
1111,2024-07-03,Observation du 2024-07-03 (ete)
1111,2024-07-05,Observation du 2024-07-05 (ete)
1111,2024-07-12,Observation du 2024-07-12 (ete)
1111,2024-07-21,Observation du 2024-07-21 (ete)
1111,2024-07-24,Observation du 2024-07-24 (ete)
1111,2024-07-27,Observation du 2024-07-27 (ete)
1111,2024-07-28,Observation du 2024-07-28 (ete)
1111,2024-07-29,Observation du 2024-07-29 (ete)
1111,2024-08-02,Observation du 2024-08-02 (ete)
1111,2024-08-04,Observation du 2024-08-04 (ete)
1111,2024-08-07,Observation du 2024-08-07 (ete)
1111,2024-08-11,Observation du 2024-08-11 (ete)
1111,2024-08-14,Observation du 2024-08-14 (ete)
1111,2024-08-16,Observation du 2024-08-16 (ete)
1111,2024-08-22,Observation du 2024-08-22 (ete)
1111,2024-08-23,Observation du 2024-08-23 (ete)
1111,2024-08-24,Observation du 2024-08-24 (ete)
1111,2024-08-28,Observation du 2024-08-28 (ete)
1112,2024-05-26,Observation du 2024-05-26 (printemps)
1112,2024-05-27,Observation du 2024-05-27 (printemps)
1112,2024-05-30,Observation du 2024-05-30 (printemps)
1112,2024-06-08,Observation du 2024-06-08 (ete)
1112,2024-06-14,Observation du 2024-06-14 (ete)
1112,2024-06-15,Observation du 2024-06-15 (ete)
1112,2024-06-16,Observation du 2024-06-16 (ete)
1112,2024-06-17,Observation du 2024-06-17 (ete)
1112,2024-06-18,Observation du 2024-06-18 (ete)
1112,2024-06-19,Observation du 2024-06-19 (ete)
1114,2024-05-16,Observation du 2024-05-16 (printemps)
1114,2024-05-18,Observation du 2024-05-18 (printemps)
1114,2024-05-19,Observation du 2024-05-19 (printemps)
1114,2024-05-20,Observation du 2024-05-20 (printemps)
1114,2024-05-21,Observation du 2024-05-21 (printemps)
1114,2024-05-24,Observation du 2024-05-24 (printemps)
1114,2024-05-25,Observation du 2024-05-25 (printemps)
1114,2024-05-28,Observation du 2024-05-28 (printemps)
1114,2024-05-29,Observation du 2024-05-29 (printemps)
1114,2024-06-02,Observation du 2024-06-02 (ete)
1114,2024-06-09,Observation du 2024-06-09 (ete)
1114,2024-06-11,Observation du 2024-06-11 (ete)
1114,2024-06-14,Observation du 2024-06-14 (ete)
1114,2024-06-28,Observation du 2024-06-28 (ete)
1114,2024-07-07,Observation du 2024-07-07 (ete)
1114,2024-07-08,Observation du 2024-07-08 (ete)
1114,2024-07-28,Observation du 2024-07-28 (ete)
1114,2024-08-05,Observation du 2024-08-05 (ete)
1116,2024-05-18,Observation du 2024-05-18 (printemps)
1116,2024-05-21,Observation du 2024-05-21 (printemps)
1116,2024-05-22,Observation du 2024-05-22 (printemps)
1116,2024-05-23,Observation du 2024-05-23 (printemps)
1116,2024-05-27,Observation du 2024-05-27 (printemps)
1116,2024-05-28,Observation du 2024-05-28 (printemps)
1116,2024-06-02,Observation du 2024-06-02 (ete)
1116,2024-06-03,Observation du 2024-06-03 (ete)
1116,2024-06-07,Observation du 2024-06-07 (ete)
1116,2024-06-18,Observation du 2024-06-18 (ete)
1116,2024-06-21,Observation du 2024-06-21 (ete)
1116,2024-06-24,Observation du 2024-06-24 (ete)
1116,2024-06-25,Observation du 2024-06-25 (ete)
1116,2024-06-30,Observation du 2024-06-30 (ete)
1116,2024-07-03,Observation du 2024-07-03 (ete)
1116,2024-07-04,Observation du 2024-07-04 (ete)
1116,2024-07-05,Observation du 2024-07-05 (ete)
1116,2024-07-06,Observation du 2024-07-06 (ete)
1116,2024-07-07,Observation du 2024-07-07 (ete)
1116,2024-07-14,Observation du 2024-07-14 (ete)
1116,2024-07-15,Observation du 2024-07-15 (ete)
1116,2024-07-16,Observation du 2024-07-16 (ete)
1116,2024-07-18,Observation du 2024-07-18 (ete)
1116,2024-07-19,Observation du 2024-07-19 (ete)
1116,2024-07-26,Observation du 2024-07-26 (ete)
1116,2024-07-28,Observation du 2024-07-28 (ete)
1116,2024-07-29,Observation du 2024-07-29 (ete)
1116,2024-08-03,Observation du 2024-08-03 (ete)
1116,2024-08-06,Observation du 2024-08-06 (ete)
1116,2024-08-09,Observation du 2024-08-09 (ete)
1116,2024-08-10,Observation du 2024-08-10 (ete)
1116,2024-08-14,Observation du 2024-08-14 (ete)
1116,2024-08-18,Observation du 2024-08-18 (ete)
1116,2024-08-20,Observation du 2024-08-20 (ete)
1116,2024-08-21,Observation du 2024-08-21 (ete)
1116,2024-08-28,Observation du 2024-08-28 (ete)
1116,2024-08-31,Observation du 2024-08-31 (ete)
1116,2024-09-01,Observation du 2024-09-01 (automne)
1116,2024-09-03,Observation du 2024-09-03 (automne)
1116,2024-09-04,Observation du 2024-09-04 (automne)
1116,2024-09-05,Observation du 2024-09-05 (automne)
1117,2024-05-15,Observation du 2024-05-15 (printemps)
1117,2024-05-16,Observation du 2024-05-16 (printemps)
1117,2024-05-20,Observation du 2024-05-20 (printemps)
1117,2024-05-22,Observation du 2024-05-22 (printemps)
1117,2024-05-24,Observation du 2024-05-24 (printemps)
1117,2024-05-29,Observation du 2024-05-29 (printemps)
1117,2024-05-30,Observation du 2024-05-30 (printemps)
1117,2024-06-05,Observation du 2024-06-05 (ete)
1117,2024-06-11,Observation du 2024-06-11 (ete)
1117,2024-06-16,Observation du 2024-06-16 (ete)
1117,2024-06-17,Observation du 2024-06-17 (ete)
1117,2024-06-18,Observation du 2024-06-18 (ete)
1117,2024-06-19,Observation du 2024-06-19 (ete)
1117,2024-06-22,Observation du 2024-06-22 (ete)
1117,2024-06-25,Observation du 2024-06-25 (ete)
1117,2024-07-01,Observation du 2024-07-01 (ete)
1117,2024-07-02,Observation du 2024-07-02 (ete)
1117,2024-07-03,Observation du 2024-07-03 (ete)
1117,2024-07-04,Observation du 2024-07-04 (ete)
1117,2024-07-19,Observation du 2024-07-19 (ete)
1117,2024-07-29,Observation du 2024-07-29 (ete)
1117,2024-07-30,Observation du 2024-07-30 (ete)
1117,2024-08-02,Observation du 2024-08-02 (ete)
1117,2024-08-03,Observation du 2024-08-03 (ete)
1117,2024-08-07,Observation du 2024-08-07 (ete)
1117,2024-08-12,Observation du 2024-08-12 (ete)
1117,2024-08-14,Observation du 2024-08-14 (ete)
1118,2024-05-09,Observation du 2024-05-09 (printemps)
1118,2024-05-12,Observation du 2024-05-12 (printemps)
1118,2024-05-18,Observation du 2024-05-18 (printemps)
1118,2024-05-24,Observation du 2024-05-24 (printemps)
1119,2024-05-14,Observation du 2024-05-14 (printemps)
1119,2024-05-19,Observation du 2024-05-19 (printemps)
1119,2024-05-24,Observation du 2024-05-24 (printemps)
1119,2024-05-26,Observation du 2024-05-26 (printemps)
1119,2024-05-28,Observation du 2024-05-28 (printemps)
1119,2024-06-03,Observation du 2024-06-03 (ete)
1119,2024-06-08,Observation du 2024-06-08 (ete)
1119,2024-06-09,Observation du 2024-06-09 (ete)
1119,2024-06-11,Observation du 2024-06-11 (ete)
1119,2024-06-13,Observation du 2024-06-13 (ete)
1119,2024-06-16,Observation du 2024-06-16 (ete)
1119,2024-06-24,Observation du 2024-06-24 (ete)
1119,2024-06-29,Observation du 2024-06-29 (ete)
1119,2024-06-30,Observation du 2024-06-30 (ete)
1119,2024-07-09,Observation du 2024-07-09 (ete)
1119,2024-07-14,Observation du 2024-07-14 (ete)
1119,2024-07-16,Observation du 2024-07-16 (ete)
1119,2024-07-18,Observation du 2024-07-18 (ete)
1119,2024-07-20,Observation du 2024-07-20 (ete)
1119,2024-07-24,Observation du 2024-07-24 (ete)
1119,2024-07-25,Observation du 2024-07-25 (ete)
1119,2024-07-26,Observation du 2024-07-26 (ete)
1119,2024-07-30,Observation du 2024-07-30 (ete)
1119,2024-08-02,Observation du 2024-08-02 (ete)
1119,2024-08-07,Observation du 2024-08-07 (ete)
1119,2024-08-09,Observation du 2024-08-09 (ete)
1119,2024-08-13,Observation du 2024-08-13 (ete)
1119,2024-08-17,Observation du 2024-08-17 (ete)
1119,2024-08-21,Observation du 2024-08-21 (ete)
1119,2024-08-22,Observation du 2024-08-22 (ete)
1119,2024-08-25,Observation du 2024-08-25 (ete)
1119,2024-08-26,Observation du 2024-08-26 (ete)
1119,2024-08-28,Observation du 2024-08-28 (ete)
1119,2024-09-01,Observation du 2024-09-01 (automne)
1119,2024-09-05,Observation du 2024-09-05 (automne)
1119,2024-09-09,Observation du 2024-09-09 (automne)
1119,2024-09-10,Observation du 2024-09-10 (automne)
1119,2024-09-11,Observation du 2024-09-11 (automne)
1119,2024-09-20,Observation du 2024-09-20 (automne)
1119,2024-09-21,Observation du 2024-09-21 (automne)
1119,2024-09-22,Observation du 2024-09-22 (automne)
1119,2024-09-25,Observation du 2024-09-25 (automne)
1119,2024-09-28,Observation du 2024-09-28 (automne)
1120,2024-05-13,Observation du 2024-05-13 (printemps)
1120,2024-05-17,Observation du 2024-05-17 (printemps)
1120,2024-05-24,Observation du 2024-05-24 (printemps)
1120,2024-05-25,Observation du 2024-05-25 (printemps)
1120,2024-05-28,Observation du 2024-05-28 (printemps)
1120,2024-05-29,Observation du 2024-05-29 (printemps)
1120,2024-05-30,Observation du 2024-05-30 (printemps)
1120,2024-06-07,Observation du 2024-06-07 (ete)
1120,2024-06-09,Observation du 2024-06-09 (ete)
1120,2024-06-12,Observation du 2024-06-12 (ete)
1120,2024-06-15,Observation du 2024-06-15 (ete)
1120,2024-06-26,Observation du 2024-06-26 (ete)
1120,2024-06-28,Observation du 2024-06-28 (ete)
1120,2024-06-30,Observation du 2024-06-30 (ete)
1120,2024-07-01,Observation du 2024-07-01 (ete)
1120,2024-07-14,Observation du 2024-07-14 (ete)
1120,2024-07-16,Observation du 2024-07-16 (ete)
1120,2024-07-20,Observation du 2024-07-20 (ete)
1120,2024-07-29,Observation du 2024-07-29 (ete)
1120,2024-07-31,Observation du 2024-07-31 (ete)
1120,2024-08-11,Observation du 2024-08-11 (ete)
1121,2024-05-15,Observation du 2024-05-15 (printemps)
1121,2024-05-16,Observation du 2024-05-16 (printemps)
1121,2024-05-20,Observation du 2024-05-20 (printemps)
1121,2024-05-23,Observation du 2024-05-23 (printemps)
1121,2024-05-29,Observation du 2024-05-29 (printemps)
1121,2024-06-08,Observation du 2024-06-08 (ete)
1121,2024-06-11,Observation du 2024-06-11 (ete)
1121,2024-06-19,Observation du 2024-06-19 (ete)
1121,2024-06-27,Observation du 2024-06-27 (ete)
1121,2024-07-01,Observation du 2024-07-01 (ete)
1121,2024-07-07,Observation du 2024-07-07 (ete)
1121,2024-07-12,Observation du 2024-07-12 (ete)
1121,2024-07-19,Observation du 2024-07-19 (ete)
1121,2024-07-20,Observation du 2024-07-20 (ete)
1121,2024-07-25,Observation du 2024-07-25 (ete)
1121,2024-07-30,Observation du 2024-07-30 (ete)
1121,2024-07-31,Observation du 2024-07-31 (ete)
1121,2024-08-03,Observation du 2024-08-03 (ete)
1121,2024-08-04,Observation du 2024-08-04 (ete)
1121,2024-08-16,Observation du 2024-08-16 (ete)
1121,2024-08-22,Observation du 2024-08-22 (ete)
1121,2024-08-28,Observation du 2024-08-28 (ete)
1121,2024-08-29,Observation du 2024-08-29 (ete)
1121,2024-09-01,Observation du 2024-09-01 (automne)
1121,2024-09-02,Observation du 2024-09-02 (automne)
1121,2024-09-03,Observation du 2024-09-03 (automne)
1121,2024-09-04,Observation du 2024-09-04 (automne)
1121,2024-09-05,Observation du 2024-09-05 (automne)
1121,2024-09-07,Observation du 2024-09-07 (automne)
1121,2024-09-08,Observation du 2024-09-08 (automne)
1121,2024-09-10,Observation du 2024-09-10 (automne)
1121,2024-09-12,Observation du 2024-09-12 (automne)
1121,2024-09-16,Observation du 2024-09-16 (automne)
1121,2024-09-18,Observation du 2024-09-18 (automne)
1121,2024-09-19,Observation du 2024-09-19 (automne)
1123,2024-05-22,Observation du 2024-05-22 (printemps)
1123,2024-05-24,Observation du 2024-05-24 (printemps)
1123,2024-05-26,Observation du 2024-05-26 (printemps)
1123,2024-05-27,Observation du 2024-05-27 (printemps)
1123,2024-05-28,Observation du 2024-05-28 (printemps)
1123,2024-05-29,Observation du 2024-05-29 (printemps)
1123,2024-05-30,Observation du 2024-05-30 (printemps)
1123,2024-05-31,Observation du 2024-05-31 (printemps)
1123,2024-06-05,Observation du 2024-06-05 (ete)
1123,2024-06-07,Observation du 2024-06-07 (ete)
1123,2024-06-11,Observation du 2024-06-11 (ete)
1123,2024-06-18,Observation du 2024-06-18 (ete)
1123,2024-06-27,Observation du 2024-06-27 (ete)
1123,2024-06-29,Observation du 2024-06-29 (ete)
1123,2024-07-02,Observation du 2024-07-02 (ete)
1123,2024-07-07,Observation du 2024-07-07 (ete)
1123,2024-07-12,Observation du 2024-07-12 (ete)
1123,2024-07-14,Observation du 2024-07-14 (ete)
1123,2024-07-17,Observation du 2024-07-17 (ete)
1123,2024-07-21,Observation du 2024-07-21 (ete)
1123,2024-07-22,Observation du 2024-07-22 (ete)
1123,2024-07-24,Observation du 2024-07-24 (ete)
1123,2024-07-26,Observation du 2024-07-26 (ete)
1123,2024-07-28,Observation du 2024-07-28 (ete)
1124,2024-05-18,Observation du 2024-05-18 (printemps)
1124,2024-05-21,Observation du 2024-05-21 (printemps)
1124,2024-05-24,Observation du 2024-05-24 (printemps)
1124,2024-05-31,Observation du 2024-05-31 (printemps)
1124,2024-06-14,Observation du 2024-06-14 (ete)
1124,2024-06-23,Observation du 2024-06-23 (ete)
1124,2024-06-25,Observation du 2024-06-25 (ete)
1124,2024-06-26,Observation du 2024-06-26 (ete)
1124,2024-06-27,Observation du 2024-06-27 (ete)
1124,2024-06-29,Observation du 2024-06-29 (ete)
1124,2024-06-30,Observation du 2024-06-30 (ete)
1124,2024-07-14,Observation du 2024-07-14 (ete)
1124,2024-07-18,Observation du 2024-07-18 (ete)
1124,2024-07-19,Observation du 2024-07-19 (ete)
1124,2024-07-22,Observation du 2024-07-22 (ete)
1124,2024-07-24,Observation du 2024-07-24 (ete)
1126,2024-05-16,Observation du 2024-05-16 (printemps)
1126,2024-05-18,Observation du 2024-05-18 (printemps)
1126,2024-05-19,Observation du 2024-05-19 (printemps)
1126,2024-05-26,Observation du 2024-05-26 (printemps)
1126,2024-05-30,Observation du 2024-05-30 (printemps)
1126,2024-05-31,Observation du 2024-05-31 (printemps)
1126,2024-06-01,Observation du 2024-06-01 (ete)
1126,2024-06-04,Observation du 2024-06-04 (ete)
1126,2024-06-12,Observation du 2024-06-12 (ete)
1126,2024-06-13,Observation du 2024-06-13 (ete)
1126,2024-06-15,Observation du 2024-06-15 (ete)
1126,2024-06-16,Observation du 2024-06-16 (ete)
1126,2024-06-22,Observation du 2024-06-22 (ete)
1126,2024-06-26,Observation du 2024-06-26 (ete)
1126,2024-06-27,Observation du 2024-06-27 (ete)
1126,2024-06-28,Observation du 2024-06-28 (ete)
1126,2024-06-29,Observation du 2024-06-29 (ete)
1126,2024-07-01,Observation du 2024-07-01 (ete)
1126,2024-07-02,Observation du 2024-07-02 (ete)
1126,2024-07-05,Observation du 2024-07-05 (ete)
1126,2024-07-06,Observation du 2024-07-06 (ete)
1126,2024-07-09,Observation du 2024-07-09 (ete)
1126,2024-07-10,Observation du 2024-07-10 (ete)
1126,2024-07-20,Observation du 2024-07-20 (ete)
1126,2024-07-25,Observation du 2024-07-25 (ete)
1126,2024-07-28,Observation du 2024-07-28 (ete)
1126,2024-08-10,Observation du 2024-08-10 (ete)
1126,2024-08-15,Observation du 2024-08-15 (ete)
1126,2024-08-18,Observation du 2024-08-18 (ete)
1126,2024-09-04,Observation du 2024-09-04 (automne)
1126,2024-09-05,Observation du 2024-09-05 (automne)
1126,2024-09-07,Observation du 2024-09-07 (automne)
1126,2024-09-09,Observation du 2024-09-09 (automne)
1126,2024-09-19,Observation du 2024-09-19 (automne)
1126,2024-09-20,Observation du 2024-09-20 (automne)
1126,2024-09-24,Observation du 2024-09-24 (automne)
1127,2024-05-25,Observation du 2024-05-25 (printemps)
1127,2024-05-29,Observation du 2024-05-29 (printemps)
1127,2024-05-31,Observation du 2024-05-31 (printemps)
1127,2024-06-04,Observation du 2024-06-04 (ete)
1127,2024-06-05,Observation du 2024-06-05 (ete)
1127,2024-06-06,Observation du 2024-06-06 (ete)
1127,2024-06-07,Observation du 2024-06-07 (ete)
1127,2024-06-09,Observation du 2024-06-09 (ete)
1127,2024-06-15,Observation du 2024-06-15 (ete)
1127,2024-06-16,Observation du 2024-06-16 (ete)
1127,2024-06-19,Observation du 2024-06-19 (ete)
1127,2024-06-22,Observation du 2024-06-22 (ete)
1127,2024-06-25,Observation du 2024-06-25 (ete)
1127,2024-06-30,Observation du 2024-06-30 (ete)
1127,2024-07-03,Observation du 2024-07-03 (ete)
1127,2024-07-09,Observation du 2024-07-09 (ete)
1127,2024-07-11,Observation du 2024-07-11 (ete)
1127,2024-07-13,Observation du 2024-07-13 (ete)
1127,2024-07-15,Observation du 2024-07-15 (ete)
1127,2024-07-16,Observation du 2024-07-16 (ete)
1128,2024-05-13,Observation du 2024-05-13 (printemps)
1128,2024-05-22,Observation du 2024-05-22 (printemps)
1128,2024-05-25,Observation du 2024-05-25 (printemps)
1128,2024-05-26,Observation du 2024-05-26 (printemps)
1128,2024-05-28,Observation du 2024-05-28 (printemps)
1128,2024-05-29,Observation du 2024-05-29 (printemps)
1128,2024-06-01,Observation du 2024-06-01 (ete)
1128,2024-06-02,Observation du 2024-06-02 (ete)
1128,2024-06-03,Observation du 2024-06-03 (ete)
1128,2024-06-04,Observation du 2024-06-04 (ete)
1128,2024-06-05,Observation du 2024-06-05 (ete)
1128,2024-06-06,Observation du 2024-06-06 (ete)
1128,2024-06-11,Observation du 2024-06-11 (ete)
1128,2024-06-13,Observation du 2024-06-13 (ete)
1128,2024-06-24,Observation du 2024-06-24 (ete)
1128,2024-06-27,Observation du 2024-06-27 (ete)
1128,2024-07-03,Observation du 2024-07-03 (ete)
1128,2024-07-11,Observation du 2024-07-11 (ete)
1128,2024-07-16,Observation du 2024-07-16 (ete)
1128,2024-07-19,Observation du 2024-07-19 (ete)
1128,2024-07-26,Observation du 2024-07-26 (ete)
1128,2024-08-01,Observation du 2024-08-01 (ete)
1131,2024-05-13,Observation du 2024-05-13 (printemps)
1131,2024-05-15,Observation du 2024-05-15 (printemps)
1131,2024-05-17,Observation du 2024-05-17 (printemps)
1131,2024-05-22,Observation du 2024-05-22 (printemps)
1131,2024-05-23,Observation du 2024-05-23 (printemps)
1131,2024-05-26,Observation du 2024-05-26 (printemps)
1131,2024-05-27,Observation du 2024-05-27 (printemps)
1131,2024-05-30,Observation du 2024-05-30 (printemps)
1131,2024-06-06,Observation du 2024-06-06 (ete)
1131,2024-06-07,Observation du 2024-06-07 (ete)
1131,2024-06-14,Observation du 2024-06-14 (ete)
1131,2024-06-16,Observation du 2024-06-16 (ete)
1131,2024-06-17,Observation du 2024-06-17 (ete)
1131,2024-06-18,Observation du 2024-06-18 (ete)
1131,2024-07-08,Observation du 2024-07-08 (ete)
1131,2024-07-18,Observation du 2024-07-18 (ete)
1131,2024-07-19,Observation du 2024-07-19 (ete)
1131,2024-07-22,Observation du 2024-07-22 (ete)
1131,2024-07-28,Observation du 2024-07-28 (ete)
1131,2024-07-31,Observation du 2024-07-31 (ete)
1131,2024-08-03,Observation du 2024-08-03 (ete)
1131,2024-08-04,Observation du 2024-08-04 (ete)
1131,2024-08-06,Observation du 2024-08-06 (ete)
1131,2024-08-07,Observation du 2024-08-07 (ete)
1131,2024-08-12,Observation du 2024-08-12 (ete)
1131,2024-08-16,Observation du 2024-08-16 (ete)
1131,2024-08-17,Observation du 2024-08-17 (ete)
1131,2024-08-18,Observation du 2024-08-18 (ete)
1131,2024-08-19,Observation du 2024-08-19 (ete)
1131,2024-08-22,Observation du 2024-08-22 (ete)
1131,2024-08-24,Observation du 2024-08-24 (ete)
1131,2024-08-27,Observation du 2024-08-27 (ete)
1131,2024-08-29,Observation du 2024-08-29 (ete)
1131,2024-09-06,Observation du 2024-09-06 (automne)
1131,2024-09-07,Observation du 2024-09-07 (automne)
1131,2024-09-08,Observation du 2024-09-08 (automne)
1131,2024-09-09,Observation du 2024-09-09 (automne)
1131,2024-09-13,Observation du 2024-09-13 (automne)
1131,2024-09-20,Observation du 2024-09-20 (automne)
1131,2024-09-24,Observation du 2024-09-24 (automne)
1131,2024-09-25,Observation du 2024-09-25 (automne)
1131,2024-09-27,Observation du 2024-09-27 (automne)
1131,2024-09-30,Observation du 2024-09-30 (automne)
1132,2024-05-14,Observation du 2024-05-14 (printemps)
1132,2024-05-15,Observation du 2024-05-15 (printemps)
1132,2024-05-19,Observation du 2024-05-19 (printemps)
1132,2024-05-21,Observation du 2024-05-21 (printemps)
1132,2024-05-30,Observation du 2024-05-30 (printemps)
1132,2024-06-02,Observation du 2024-06-02 (ete)
1132,2024-06-08,Observation du 2024-06-08 (ete)
1132,2024-06-14,Observation du 2024-06-14 (ete)
1132,2024-06-18,Observation du 2024-06-18 (ete)
1132,2024-06-22,Observation du 2024-06-22 (ete)
1132,2024-06-29,Observation du 2024-06-29 (ete)
1132,2024-07-06,Observation du 2024-07-06 (ete)
1132,2024-07-10,Observation du 2024-07-10 (ete)
1132,2024-07-19,Observation du 2024-07-19 (ete)
1132,2024-07-21,Observation du 2024-07-21 (ete)
1132,2024-07-31,Observation du 2024-07-31 (ete)
1132,2024-08-05,Observation du 2024-08-05 (ete)
1132,2024-08-15,Observation du 2024-08-15 (ete)
1132,2024-08-19,Observation du 2024-08-19 (ete)
1132,2024-08-24,Observation du 2024-08-24 (ete)
1132,2024-08-25,Observation du 2024-08-25 (ete)
1132,2024-08-28,Observation du 2024-08-28 (ete)
1132,2024-09-02,Observation du 2024-09-02 (automne)
1132,2024-09-07,Observation du 2024-09-07 (automne)
1132,2024-09-10,Observation du 2024-09-10 (automne)
1132,2024-09-11,Observation du 2024-09-11 (automne)
1132,2024-09-17,Observation du 2024-09-17 (automne)
1134,2024-05-10,Observation du 2024-05-10 (printemps)
1134,2024-05-12,Observation du 2024-05-12 (printemps)
1134,2024-05-15,Observation du 2024-05-15 (printemps)
1134,2024-05-23,Observation du 2024-05-23 (printemps)
1134,2024-05-24,Observation du 2024-05-24 (printemps)
1134,2024-05-26,Observation du 2024-05-26 (printemps)
1134,2024-05-27,Observation du 2024-05-27 (printemps)
1134,2024-05-28,Observation du 2024-05-28 (printemps)
1134,2024-06-06,Observation du 2024-06-06 (ete)
1134,2024-06-20,Observation du 2024-06-20 (ete)
1134,2024-06-25,Observation du 2024-06-25 (ete)
1134,2024-07-05,Observation du 2024-07-05 (ete)
1134,2024-07-10,Observation du 2024-07-10 (ete)
1134,2024-07-11,Observation du 2024-07-11 (ete)
1134,2024-07-14,Observation du 2024-07-14 (ete)
1134,2024-07-23,Observation du 2024-07-23 (ete)
1134,2024-07-25,Observation du 2024-07-25 (ete)
1134,2024-07-27,Observation du 2024-07-27 (ete)
1134,2024-08-11,Observation du 2024-08-11 (ete)
1134,2024-08-16,Observation du 2024-08-16 (ete)
1134,2024-08-21,Observation du 2024-08-21 (ete)
1134,2024-08-22,Observation du 2024-08-22 (ete)
1134,2024-08-29,Observation du 2024-08-29 (ete)
1134,2024-09-01,Observation du 2024-09-01 (automne)
1134,2024-09-08,Observation du 2024-09-08 (automne)
1134,2024-09-09,Observation du 2024-09-09 (automne)
1134,2024-09-11,Observation du 2024-09-11 (automne)
1134,2024-09-15,Observation du 2024-09-15 (automne)
1134,2024-09-24,Observation du 2024-09-24 (automne)
1134,2024-09-29,Observation du 2024-09-29 (automne)
1136,2024-05-14,Observation du 2024-05-14 (printemps)
1136,2024-05-17,Observation du 2024-05-17 (printemps)
1136,2024-05-20,Observation du 2024-05-20 (printemps)
1136,2024-05-23,Observation du 2024-05-23 (printemps)
1136,2024-05-26,Observation du 2024-05-26 (printemps)
1136,2024-05-27,Observation du 2024-05-27 (printemps)
1136,2024-05-29,Observation du 2024-05-29 (printemps)
1136,2024-05-30,Observation du 2024-05-30 (printemps)
1136,2024-06-07,Observation du 2024-06-07 (ete)
1136,2024-06-10,Observation du 2024-06-10 (ete)
1136,2024-06-13,Observation du 2024-06-13 (ete)
1136,2024-06-20,Observation du 2024-06-20 (ete)
1136,2024-06-24,Observation du 2024-06-24 (ete)
1136,2024-06-25,Observation du 2024-06-25 (ete)
1136,2024-06-26,Observation du 2024-06-26 (ete)
1136,2024-06-27,Observation du 2024-06-27 (ete)
1136,2024-07-09,Observation du 2024-07-09 (ete)
1136,2024-07-13,Observation du 2024-07-13 (ete)
1136,2024-07-15,Observation du 2024-07-15 (ete)
1136,2024-07-16,Observation du 2024-07-16 (ete)
1136,2024-07-17,Observation du 2024-07-17 (ete)
1136,2024-07-24,Observation du 2024-07-24 (ete)
1136,2024-07-25,Observation du 2024-07-25 (ete)
1136,2024-07-26,Observation du 2024-07-26 (ete)
1136,2024-07-30,Observation du 2024-07-30 (ete)
1136,2024-08-02,Observation du 2024-08-02 (ete)
1137,2024-05-14,Observation du 2024-05-14 (printemps)
1137,2024-05-16,Observation du 2024-05-16 (printemps)
1137,2024-05-17,Observation du 2024-05-17 (printemps)
1137,2024-05-18,Observation du 2024-05-18 (printemps)
1137,2024-05-20,Observation du 2024-05-20 (printemps)
1137,2024-05-22,Observation du 2024-05-22 (printemps)
1137,2024-05-23,Observation du 2024-05-23 (printemps)
1137,2024-05-30,Observation du 2024-05-30 (printemps)
1137,2024-05-31,Observation du 2024-05-31 (printemps)
1137,2024-06-09,Observation du 2024-06-09 (ete)
1137,2024-06-11,Observation du 2024-06-11 (ete)
1137,2024-06-17,Observation du 2024-06-17 (ete)
1137,2024-06-23,Observation du 2024-06-23 (ete)
1137,2024-07-14,Observation du 2024-07-14 (ete)
1137,2024-07-17,Observation du 2024-07-17 (ete)
1137,2024-07-18,Observation du 2024-07-18 (ete)
1137,2024-07-21,Observation du 2024-07-21 (ete)
1137,2024-07-29,Observation du 2024-07-29 (ete)
1137,2024-08-06,Observation du 2024-08-06 (ete)
1138,2024-05-14,Observation du 2024-05-14 (printemps)
1138,2024-05-17,Observation du 2024-05-17 (printemps)
1138,2024-05-20,Observation du 2024-05-20 (printemps)
1138,2024-05-22,Observation du 2024-05-22 (printemps)
1138,2024-05-28,Observation du 2024-05-28 (printemps)
1138,2024-05-31,Observation du 2024-05-31 (printemps)
1138,2024-06-01,Observation du 2024-06-01 (ete)
1138,2024-06-02,Observation du 2024-06-02 (ete)
1138,2024-06-04,Observation du 2024-06-04 (ete)
1138,2024-06-07,Observation du 2024-06-07 (ete)
1138,2024-06-09,Observation du 2024-06-09 (ete)
1138,2024-06-14,Observation du 2024-06-14 (ete)
1138,2024-06-16,Observation du 2024-06-16 (ete)
1138,2024-06-17,Observation du 2024-06-17 (ete)
1138,2024-06-26,Observation du 2024-06-26 (ete)
1138,2024-06-28,Observation du 2024-06-28 (ete)
1138,2024-07-05,Observation du 2024-07-05 (ete)
1138,2024-07-08,Observation du 2024-07-08 (ete)
1138,2024-07-19,Observation du 2024-07-19 (ete)
1138,2024-07-25,Observation du 2024-07-25 (ete)
1138,2024-08-02,Observation du 2024-08-02 (ete)
1139,2024-05-17,Observation du 2024-05-17 (printemps)
1139,2024-05-18,Observation du 2024-05-18 (printemps)
1139,2024-05-19,Observation du 2024-05-19 (printemps)
1139,2024-05-26,Observation du 2024-05-26 (printemps)
1139,2024-05-31,Observation du 2024-05-31 (printemps)
1139,2024-06-01,Observation du 2024-06-01 (ete)
1139,2024-06-03,Observation du 2024-06-03 (ete)
1139,2024-06-05,Observation du 2024-06-05 (ete)
1139,2024-06-06,Observation du 2024-06-06 (ete)
1139,2024-06-11,Observation du 2024-06-11 (ete)
1139,2024-06-14,Observation du 2024-06-14 (ete)
1139,2024-06-21,Observation du 2024-06-21 (ete)
1139,2024-06-24,Observation du 2024-06-24 (ete)
1139,2024-06-25,Observation du 2024-06-25 (ete)
1139,2024-06-26,Observation du 2024-06-26 (ete)
1139,2024-06-30,Observation du 2024-06-30 (ete)
1139,2024-07-02,Observation du 2024-07-02 (ete)
1139,2024-07-09,Observation du 2024-07-09 (ete)
1139,2024-07-10,Observation du 2024-07-10 (ete)
1139,2024-07-15,Observation du 2024-07-15 (ete)
1139,2024-07-17,Observation du 2024-07-17 (ete)
1139,2024-07-20,Observation du 2024-07-20 (ete)
1139,2024-07-22,Observation du 2024-07-22 (ete)
1139,2024-07-25,Observation du 2024-07-25 (ete)
1139,2024-07-27,Observation du 2024-07-27 (ete)
1139,2024-08-07,Observation du 2024-08-07 (ete)
1139,2024-08-08,Observation du 2024-08-08 (ete)
1139,2024-08-09,Observation du 2024-08-09 (ete)
1140,2024-05-13,Observation du 2024-05-13 (printemps)
1140,2024-05-14,Observation du 2024-05-14 (printemps)
1140,2024-05-16,Observation du 2024-05-16 (printemps)
1140,2024-05-19,Observation du 2024-05-19 (printemps)
1140,2024-05-21,Observation du 2024-05-21 (printemps)
1140,2024-05-22,Observation du 2024-05-22 (printemps)
1140,2024-05-28,Observation du 2024-05-28 (printemps)
1140,2024-05-29,Observation du 2024-05-29 (printemps)
1140,2024-05-31,Observation du 2024-05-31 (printemps)
1140,2024-06-02,Observation du 2024-06-02 (ete)
1140,2024-06-04,Observation du 2024-06-04 (ete)
1140,2024-06-09,Observation du 2024-06-09 (ete)
1140,2024-06-10,Observation du 2024-06-10 (ete)
1140,2024-06-13,Observation du 2024-06-13 (ete)
1141,2024-05-14,Observation du 2024-05-14 (printemps)
1141,2024-05-15,Observation du 2024-05-15 (printemps)
1141,2024-05-18,Observation du 2024-05-18 (printemps)
1141,2024-05-20,Observation du 2024-05-20 (printemps)
1141,2024-05-24,Observation du 2024-05-24 (printemps)
1141,2024-05-26,Observation du 2024-05-26 (printemps)
1141,2024-05-29,Observation du 2024-05-29 (printemps)
1141,2024-05-31,Observation du 2024-05-31 (printemps)
1141,2024-06-05,Observation du 2024-06-05 (ete)
1141,2024-06-06,Observation du 2024-06-06 (ete)
1141,2024-06-15,Observation du 2024-06-15 (ete)
1141,2024-06-21,Observation du 2024-06-21 (ete)
1141,2024-06-22,Observation du 2024-06-22 (ete)
1141,2024-06-26,Observation du 2024-06-26 (ete)
1141,2024-07-03,Observation du 2024-07-03 (ete)
1141,2024-07-05,Observation du 2024-07-05 (ete)
1141,2024-07-08,Observation du 2024-07-08 (ete)
1141,2024-07-13,Observation du 2024-07-13 (ete)
1141,2024-07-14,Observation du 2024-07-14 (ete)
1141,2024-07-18,Observation du 2024-07-18 (ete)
1141,2024-07-22,Observation du 2024-07-22 (ete)
1141,2024-07-23,Observation du 2024-07-23 (ete)
1141,2024-07-27,Observation du 2024-07-27 (ete)
1141,2024-07-29,Observation du 2024-07-29 (ete)
1141,2024-08-01,Observation du 2024-08-01 (ete)
1141,2024-08-12,Observation du 2024-08-12 (ete)
1141,2024-08-13,Observation du 2024-08-13 (ete)
1141,2024-08-17,Observation du 2024-08-17 (ete)
1141,2024-08-19,Observation du 2024-08-19 (ete)
1141,2024-08-27,Observation du 2024-08-27 (ete)
1141,2024-09-03,Observation du 2024-09-03 (automne)
1141,2024-09-13,Observation du 2024-09-13 (automne)
1141,2024-09-22,Observation du 2024-09-22 (automne)
1141,2024-09-27,Observation du 2024-09-27 (automne)
1141,2024-09-29,Observation du 2024-09-29 (automne)
1142,2024-05-13,Observation du 2024-05-13 (printemps)
1142,2024-05-18,Observation du 2024-05-18 (printemps)
1142,2024-05-22,Observation du 2024-05-22 (printemps)
1142,2024-05-25,Observation du 2024-05-25 (printemps)
1142,2024-06-01,Observation du 2024-06-01 (ete)
1142,2024-06-03,Observation du 2024-06-03 (ete)
1142,2024-06-05,Observation du 2024-06-05 (ete)
1142,2024-06-06,Observation du 2024-06-06 (ete)
1142,2024-06-08,Observation du 2024-06-08 (ete)
1142,2024-06-12,Observation du 2024-06-12 (ete)
1142,2024-06-15,Observation du 2024-06-15 (ete)
1142,2024-06-18,Observation du 2024-06-18 (ete)
1142,2024-06-21,Observation du 2024-06-21 (ete)
1142,2024-06-22,Observation du 2024-06-22 (ete)
1142,2024-06-23,Observation du 2024-06-23 (ete)
1142,2024-06-24,Observation du 2024-06-24 (ete)
1142,2024-06-26,Observation du 2024-06-26 (ete)
1144,2024-05-12,Observation du 2024-05-12 (printemps)
1144,2024-05-17,Observation du 2024-05-17 (printemps)
1144,2024-05-21,Observation du 2024-05-21 (printemps)
1144,2024-05-23,Observation du 2024-05-23 (printemps)
1144,2024-05-24,Observation du 2024-05-24 (printemps)
1144,2024-05-25,Observation du 2024-05-25 (printemps)
1144,2024-05-27,Observation du 2024-05-27 (printemps)
1144,2024-06-03,Observation du 2024-06-03 (ete)
1144,2024-06-06,Observation du 2024-06-06 (ete)
1144,2024-06-18,Observation du 2024-06-18 (ete)
1144,2024-06-22,Observation du 2024-06-22 (ete)
1144,2024-06-24,Observation du 2024-06-24 (ete)
1144,2024-06-25,Observation du 2024-06-25 (ete)
1144,2024-07-04,Observation du 2024-07-04 (ete)
1144,2024-07-18,Observation du 2024-07-18 (ete)
1144,2024-07-23,Observation du 2024-07-23 (ete)
1144,2024-07-25,Observation du 2024-07-25 (ete)
1144,2024-07-26,Observation du 2024-07-26 (ete)
1144,2024-08-01,Observation du 2024-08-01 (ete)
1144,2024-08-02,Observation du 2024-08-02 (ete)
1144,2024-08-04,Observation du 2024-08-04 (ete)
1144,2024-08-13,Observation du 2024-08-13 (ete)
1144,2024-08-16,Observation du 2024-08-16 (ete)
1144,2024-08-20,Observation du 2024-08-20 (ete)
1144,2024-08-23,Observation du 2024-08-23 (ete)
1145,2024-05-09,Observation du 2024-05-09 (printemps)
1145,2024-05-11,Observation du 2024-05-11 (printemps)
1145,2024-05-13,Observation du 2024-05-13 (printemps)
1145,2024-05-16,Observation du 2024-05-16 (printemps)
1145,2024-05-21,Observation du 2024-05-21 (printemps)
1145,2024-05-25,Observation du 2024-05-25 (printemps)
1145,2024-05-26,Observation du 2024-05-26 (printemps)
1145,2024-05-28,Observation du 2024-05-28 (printemps)
1145,2024-05-29,Observation du 2024-05-29 (printemps)
1145,2024-05-31,Observation du 2024-05-31 (printemps)
1145,2024-06-01,Observation du 2024-06-01 (ete)
1145,2024-06-02,Observation du 2024-06-02 (ete)
1145,2024-06-03,Observation du 2024-06-03 (ete)
1145,2024-06-10,Observation du 2024-06-10 (ete)
1145,2024-06-11,Observation du 2024-06-11 (ete)
1145,2024-06-13,Observation du 2024-06-13 (ete)
1145,2024-06-14,Observation du 2024-06-14 (ete)
1145,2024-06-21,Observation du 2024-06-21 (ete)
1145,2024-06-23,Observation du 2024-06-23 (ete)
1145,2024-06-26,Observation du 2024-06-26 (ete)
1145,2024-06-27,Observation du 2024-06-27 (ete)
1145,2024-06-29,Observation du 2024-06-29 (ete)
1145,2024-06-30,Observation du 2024-06-30 (ete)
1145,2024-07-06,Observation du 2024-07-06 (ete)
1145,2024-07-08,Observation du 2024-07-08 (ete)
1145,2024-07-09,Observation du 2024-07-09 (ete)
1145,2024-07-10,Observation du 2024-07-10 (ete)
1145,2024-07-12,Observation du 2024-07-12 (ete)
1145,2024-07-18,Observation du 2024-07-18 (ete)
1145,2024-07-20,Observation du 2024-07-20 (ete)
1145,2024-07-23,Observation du 2024-07-23 (ete)
1145,2024-07-24,Observation du 2024-07-24 (ete)
1145,2024-07-25,Observation du 2024-07-25 (ete)
1145,2024-07-26,Observation du 2024-07-26 (ete)
1145,2024-07-28,Observation du 2024-07-28 (ete)
1145,2024-07-30,Observation du 2024-07-30 (ete)
1145,2024-08-14,Observation du 2024-08-14 (ete)
1145,2024-08-16,Observation du 2024-08-16 (ete)
1145,2024-08-21,Observation du 2024-08-21 (ete)
1145,2024-08-24,Observation du 2024-08-24 (ete)
1145,2024-08-27,Observation du 2024-08-27 (ete)
1145,2024-08-30,Observation du 2024-08-30 (ete)
1145,2024-09-02,Observation du 2024-09-02 (automne)
1145,2024-09-04,Observation du 2024-09-04 (automne)
1145,2024-09-06,Observation du 2024-09-06 (automne)
1145,2024-09-10,Observation du 2024-09-10 (automne)
1145,2024-09-14,Observation du 2024-09-14 (automne)
1146,2024-05-13,Observation du 2024-05-13 (printemps)
1146,2024-05-17,Observation du 2024-05-17 (printemps)
1146,2024-05-21,Observation du 2024-05-21 (printemps)
1146,2024-05-22,Observation du 2024-05-22 (printemps)
1146,2024-05-23,Observation du 2024-05-23 (printemps)
1146,2024-05-29,Observation du 2024-05-29 (printemps)
1146,2024-06-04,Observation du 2024-06-04 (ete)
1146,2024-06-07,Observation du 2024-06-07 (ete)
1146,2024-06-09,Observation du 2024-06-09 (ete)
1146,2024-06-17,Observation du 2024-06-17 (ete)
1146,2024-06-20,Observation du 2024-06-20 (ete)
1146,2024-06-23,Observation du 2024-06-23 (ete)
1146,2024-06-26,Observation du 2024-06-26 (ete)
1146,2024-06-28,Observation du 2024-06-28 (ete)
1146,2024-06-29,Observation du 2024-06-29 (ete)
1146,2024-06-30,Observation du 2024-06-30 (ete)
1146,2024-07-01,Observation du 2024-07-01 (ete)
1146,2024-07-10,Observation du 2024-07-10 (ete)
1146,2024-07-11,Observation du 2024-07-11 (ete)
1146,2024-07-14,Observation du 2024-07-14 (ete)
1146,2024-07-15,Observation du 2024-07-15 (ete)
1146,2024-07-16,Observation du 2024-07-16 (ete)
1146,2024-07-22,Observation du 2024-07-22 (ete)
1146,2024-07-30,Observation du 2024-07-30 (ete)
1146,2024-08-01,Observation du 2024-08-01 (ete)
1146,2024-08-03,Observation du 2024-08-03 (ete)
1146,2024-08-06,Observation du 2024-08-06 (ete)
1146,2024-08-09,Observation du 2024-08-09 (ete)
1146,2024-08-21,Observation du 2024-08-21 (ete)
1146,2024-08-24,Observation du 2024-08-24 (ete)
1146,2024-08-27,Observation du 2024-08-27 (ete)
1146,2024-08-29,Observation du 2024-08-29 (ete)
1146,2024-09-03,Observation du 2024-09-03 (automne)
1146,2024-09-05,Observation du 2024-09-05 (automne)
1146,2024-09-07,Observation du 2024-09-07 (automne)
1146,2024-09-10,Observation du 2024-09-10 (automne)
1146,2024-09-13,Observation du 2024-09-13 (automne)
1146,2024-09-18,Observation du 2024-09-18 (automne)
1146,2024-09-19,Observation du 2024-09-19 (automne)
1146,2024-09-24,Observation du 2024-09-24 (automne)
1148,2024-05-11,Observation du 2024-05-11 (printemps)
1148,2024-05-12,Observation du 2024-05-12 (printemps)
1148,2024-05-15,Observation du 2024-05-15 (printemps)
1148,2024-05-20,Observation du 2024-05-20 (printemps)
1148,2024-05-22,Observation du 2024-05-22 (printemps)
1148,2024-05-25,Observation du 2024-05-25 (printemps)
1148,2024-05-26,Observation du 2024-05-26 (printemps)
1148,2024-05-30,Observation du 2024-05-30 (printemps)
1148,2024-05-31,Observation du 2024-05-31 (printemps)
1148,2024-06-09,Observation du 2024-06-09 (ete)
1148,2024-06-11,Observation du 2024-06-11 (ete)
1148,2024-06-21,Observation du 2024-06-21 (ete)
1148,2024-06-24,Observation du 2024-06-24 (ete)
1148,2024-06-27,Observation du 2024-06-27 (ete)
1148,2024-07-06,Observation du 2024-07-06 (ete)
1148,2024-07-12,Observation du 2024-07-12 (ete)
1148,2024-07-14,Observation du 2024-07-14 (ete)
1148,2024-07-15,Observation du 2024-07-15 (ete)
1148,2024-07-24,Observation du 2024-07-24 (ete)
1148,2024-07-29,Observation du 2024-07-29 (ete)
1148,2024-08-01,Observation du 2024-08-01 (ete)
1148,2024-08-03,Observation du 2024-08-03 (ete)
1148,2024-08-05,Observation du 2024-08-05 (ete)
1148,2024-08-08,Observation du 2024-08-08 (ete)
1148,2024-08-11,Observation du 2024-08-11 (ete)
1149,2024-05-14,Observation du 2024-05-14 (printemps)
1149,2024-05-20,Observation du 2024-05-20 (printemps)
1149,2024-05-21,Observation du 2024-05-21 (printemps)
1149,2024-05-22,Observation du 2024-05-22 (printemps)
1149,2024-05-27,Observation du 2024-05-27 (printemps)
1149,2024-05-28,Observation du 2024-05-28 (printemps)
1149,2024-05-29,Observation du 2024-05-29 (printemps)
1149,2024-05-31,Observation du 2024-05-31 (printemps)
1149,2024-06-01,Observation du 2024-06-01 (ete)
1149,2024-06-03,Observation du 2024-06-03 (ete)
1149,2024-06-08,Observation du 2024-06-08 (ete)
1149,2024-06-10,Observation du 2024-06-10 (ete)
1149,2024-06-15,Observation du 2024-06-15 (ete)
1149,2024-06-20,Observation du 2024-06-20 (ete)
1149,2024-06-21,Observation du 2024-06-21 (ete)
1149,2024-06-22,Observation du 2024-06-22 (ete)
1149,2024-06-27,Observation du 2024-06-27 (ete)
1149,2024-06-30,Observation du 2024-06-30 (ete)
1149,2024-07-02,Observation du 2024-07-02 (ete)
1149,2024-07-06,Observation du 2024-07-06 (ete)
1149,2024-07-10,Observation du 2024-07-10 (ete)
1149,2024-07-11,Observation du 2024-07-11 (ete)
1149,2024-07-13,Observation du 2024-07-13 (ete)
1149,2024-07-14,Observation du 2024-07-14 (ete)
1149,2024-07-16,Observation du 2024-07-16 (ete)
1149,2024-07-21,Observation du 2024-07-21 (ete)
1149,2024-07-22,Observation du 2024-07-22 (ete)
1149,2024-07-26,Observation du 2024-07-26 (ete)
1149,2024-08-06,Observation du 2024-08-06 (ete)
1149,2024-08-10,Observation du 2024-08-10 (ete)
1149,2024-08-19,Observation du 2024-08-19 (ete)
1149,2024-08-23,Observation du 2024-08-23 (ete)
1149,2024-08-25,Observation du 2024-08-25 (ete)
1149,2024-08-27,Observation du 2024-08-27 (ete)
1151,2024-05-16,Observation du 2024-05-16 (printemps)
1151,2024-05-19,Observation du 2024-05-19 (printemps)
1151,2024-05-20,Observation du 2024-05-20 (printemps)
1151,2024-05-24,Observation du 2024-05-24 (printemps)
1151,2024-05-26,Observation du 2024-05-26 (printemps)
1151,2024-06-05,Observation du 2024-06-05 (ete)
1151,2024-06-06,Observation du 2024-06-06 (ete)
1151,2024-06-07,Observation du 2024-06-07 (ete)
1151,2024-06-16,Observation du 2024-06-16 (ete)
1151,2024-06-18,Observation du 2024-06-18 (ete)
1151,2024-06-20,Observation du 2024-06-20 (ete)
1151,2024-06-26,Observation du 2024-06-26 (ete)
1151,2024-06-29,Observation du 2024-06-29 (ete)
1151,2024-07-05,Observation du 2024-07-05 (ete)
1151,2024-07-11,Observation du 2024-07-11 (ete)
1151,2024-07-17,Observation du 2024-07-17 (ete)
1151,2024-07-18,Observation du 2024-07-18 (ete)
1151,2024-07-24,Observation du 2024-07-24 (ete)
1151,2024-07-26,Observation du 2024-07-26 (ete)
1151,2024-08-05,Observation du 2024-08-05 (ete)
1151,2024-08-06,Observation du 2024-08-06 (ete)
1151,2024-08-11,Observation du 2024-08-11 (ete)
1151,2024-08-13,Observation du 2024-08-13 (ete)
1151,2024-08-16,Observation du 2024-08-16 (ete)
1151,2024-08-18,Observation du 2024-08-18 (ete)
1151,2024-08-19,Observation du 2024-08-19 (ete)
1151,2024-08-21,Observation du 2024-08-21 (ete)
1151,2024-08-22,Observation du 2024-08-22 (ete)
1151,2024-08-24,Observation du 2024-08-24 (ete)
1151,2024-08-28,Observation du 2024-08-28 (ete)
1151,2024-08-29,Observation du 2024-08-29 (ete)
1152,2024-05-23,Observation du 2024-05-23 (printemps)
1152,2024-05-25,Observation du 2024-05-25 (printemps)
1152,2024-05-27,Observation du 2024-05-27 (printemps)
1152,2024-05-28,Observation du 2024-05-28 (printemps)
1152,2024-05-30,Observation du 2024-05-30 (printemps)
1152,2024-06-14,Observation du 2024-06-14 (ete)
1152,2024-06-17,Observation du 2024-06-17 (ete)
1152,2024-06-24,Observation du 2024-06-24 (ete)
1152,2024-07-01,Observation du 2024-07-01 (ete)
1152,2024-07-04,Observation du 2024-07-04 (ete)
1152,2024-07-15,Observation du 2024-07-15 (ete)
1152,2024-07-17,Observation du 2024-07-17 (ete)
1152,2024-07-21,Observation du 2024-07-21 (ete)
1152,2024-07-25,Observation du 2024-07-25 (ete)
1152,2024-07-27,Observation du 2024-07-27 (ete)
1152,2024-07-28,Observation du 2024-07-28 (ete)
1152,2024-08-01,Observation du 2024-08-01 (ete)
1152,2024-08-06,Observation du 2024-08-06 (ete)
1152,2024-08-07,Observation du 2024-08-07 (ete)
1153,2024-05-11,Observation du 2024-05-11 (printemps)
1153,2024-05-14,Observation du 2024-05-14 (printemps)
1153,2024-05-15,Observation du 2024-05-15 (printemps)
1153,2024-05-17,Observation du 2024-05-17 (printemps)
1153,2024-05-21,Observation du 2024-05-21 (printemps)
1153,2024-05-24,Observation du 2024-05-24 (printemps)
1153,2024-05-25,Observation du 2024-05-25 (printemps)
1153,2024-05-29,Observation du 2024-05-29 (printemps)
1153,2024-05-30,Observation du 2024-05-30 (printemps)
1153,2024-06-02,Observation du 2024-06-02 (ete)
1153,2024-06-06,Observation du 2024-06-06 (ete)
1153,2024-06-13,Observation du 2024-06-13 (ete)
1153,2024-06-17,Observation du 2024-06-17 (ete)
1153,2024-06-18,Observation du 2024-06-18 (ete)
1153,2024-06-23,Observation du 2024-06-23 (ete)
1153,2024-07-10,Observation du 2024-07-10 (ete)
1153,2024-07-14,Observation du 2024-07-14 (ete)
1153,2024-07-15,Observation du 2024-07-15 (ete)
1153,2024-07-20,Observation du 2024-07-20 (ete)
1153,2024-07-30,Observation du 2024-07-30 (ete)
1153,2024-07-31,Observation du 2024-07-31 (ete)
1153,2024-08-07,Observation du 2024-08-07 (ete)
1153,2024-08-10,Observation du 2024-08-10 (ete)
1153,2024-08-13,Observation du 2024-08-13 (ete)
1153,2024-08-18,Observation du 2024-08-18 (ete)
1153,2024-08-25,Observation du 2024-08-25 (ete)
1153,2024-08-26,Observation du 2024-08-26 (ete)
1153,2024-08-28,Observation du 2024-08-28 (ete)
1153,2024-08-29,Observation du 2024-08-29 (ete)
1153,2024-08-30,Observation du 2024-08-30 (ete)
1153,2024-09-02,Observation du 2024-09-02 (automne)
1153,2024-09-06,Observation du 2024-09-06 (automne)
1153,2024-09-07,Observation du 2024-09-07 (automne)
1153,2024-09-09,Observation du 2024-09-09 (automne)
1153,2024-09-10,Observation du 2024-09-10 (automne)
1154,2024-05-16,Observation du 2024-05-16 (printemps)
1154,2024-05-20,Observation du 2024-05-20 (printemps)
1154,2024-05-23,Observation du 2024-05-23 (printemps)
1154,2024-05-24,Observation du 2024-05-24 (printemps)
1154,2024-05-25,Observation du 2024-05-25 (printemps)
1154,2024-05-31,Observation du 2024-05-31 (printemps)
1154,2024-06-02,Observation du 2024-06-02 (ete)
1154,2024-06-07,Observation du 2024-06-07 (ete)
1154,2024-06-08,Observation du 2024-06-08 (ete)
1154,2024-06-09,Observation du 2024-06-09 (ete)
1154,2024-06-11,Observation du 2024-06-11 (ete)
1154,2024-06-12,Observation du 2024-06-12 (ete)
1154,2024-06-21,Observation du 2024-06-21 (ete)
1154,2024-06-22,Observation du 2024-06-22 (ete)
1154,2024-06-25,Observation du 2024-06-25 (ete)
1154,2024-07-02,Observation du 2024-07-02 (ete)
1154,2024-07-08,Observation du 2024-07-08 (ete)
1154,2024-07-10,Observation du 2024-07-10 (ete)
1154,2024-07-12,Observation du 2024-07-12 (ete)
1154,2024-07-17,Observation du 2024-07-17 (ete)
1154,2024-07-23,Observation du 2024-07-23 (ete)
1154,2024-07-27,Observation du 2024-07-27 (ete)
1154,2024-07-31,Observation du 2024-07-31 (ete)
1154,2024-08-01,Observation du 2024-08-01 (ete)
1154,2024-08-05,Observation du 2024-08-05 (ete)
1154,2024-08-14,Observation du 2024-08-14 (ete)
1154,2024-08-15,Observation du 2024-08-15 (ete)
1154,2024-08-16,Observation du 2024-08-16 (ete)
1154,2024-08-18,Observation du 2024-08-18 (ete)
1154,2024-09-09,Observation du 2024-09-09 (automne)
1154,2024-09-15,Observation du 2024-09-15 (automne)
1154,2024-09-19,Observation du 2024-09-19 (automne)
1154,2024-09-27,Observation du 2024-09-27 (automne)
1154,2024-09-29,Observation du 2024-09-29 (automne)
1155,2024-05-14,Observation du 2024-05-14 (printemps)
1155,2024-05-16,Observation du 2024-05-16 (printemps)
1155,2024-05-18,Observation du 2024-05-18 (printemps)
1155,2024-05-20,Observation du 2024-05-20 (printemps)
1155,2024-05-22,Observation du 2024-05-22 (printemps)
1155,2024-05-25,Observation du 2024-05-25 (printemps)
1155,2024-05-27,Observation du 2024-05-27 (printemps)
1155,2024-05-31,Observation du 2024-05-31 (printemps)
1155,2024-06-01,Observation du 2024-06-01 (ete)
1155,2024-06-04,Observation du 2024-06-04 (ete)
1155,2024-06-05,Observation du 2024-06-05 (ete)
1155,2024-06-13,Observation du 2024-06-13 (ete)
1155,2024-06-17,Observation du 2024-06-17 (ete)
1155,2024-06-23,Observation du 2024-06-23 (ete)
1155,2024-07-17,Observation du 2024-07-17 (ete)
1155,2024-07-18,Observation du 2024-07-18 (ete)
1155,2024-07-23,Observation du 2024-07-23 (ete)
1155,2024-07-26,Observation du 2024-07-26 (ete)
1155,2024-07-28,Observation du 2024-07-28 (ete)
1155,2024-07-29,Observation du 2024-07-29 (ete)
1157,2024-05-12,Observation du 2024-05-12 (printemps)
1157,2024-05-17,Observation du 2024-05-17 (printemps)
1157,2024-05-19,Observation du 2024-05-19 (printemps)
1157,2024-05-20,Observation du 2024-05-20 (printemps)
1157,2024-05-21,Observation du 2024-05-21 (printemps)
1157,2024-05-25,Observation du 2024-05-25 (printemps)
1157,2024-05-27,Observation du 2024-05-27 (printemps)
1157,2024-05-28,Observation du 2024-05-28 (printemps)
1157,2024-05-29,Observation du 2024-05-29 (printemps)
1157,2024-05-30,Observation du 2024-05-30 (printemps)
1157,2024-05-31,Observation du 2024-05-31 (printemps)
1157,2024-06-04,Observation du 2024-06-04 (ete)
1157,2024-06-10,Observation du 2024-06-10 (ete)
1157,2024-06-13,Observation du 2024-06-13 (ete)
1157,2024-06-17,Observation du 2024-06-17 (ete)
1157,2024-06-19,Observation du 2024-06-19 (ete)
1157,2024-06-25,Observation du 2024-06-25 (ete)
1157,2024-06-26,Observation du 2024-06-26 (ete)
1157,2024-07-02,Observation du 2024-07-02 (ete)
1157,2024-07-05,Observation du 2024-07-05 (ete)
1157,2024-07-06,Observation du 2024-07-06 (ete)
1157,2024-07-08,Observation du 2024-07-08 (ete)
1157,2024-07-10,Observation du 2024-07-10 (ete)
1157,2024-07-11,Observation du 2024-07-11 (ete)
1157,2024-07-12,Observation du 2024-07-12 (ete)
1157,2024-07-13,Observation du 2024-07-13 (ete)
1157,2024-07-15,Observation du 2024-07-15 (ete)
1157,2024-07-18,Observation du 2024-07-18 (ete)
1157,2024-07-20,Observation du 2024-07-20 (ete)
1157,2024-07-25,Observation du 2024-07-25 (ete)
1157,2024-07-26,Observation du 2024-07-26 (ete)
1157,2024-07-27,Observation du 2024-07-27 (ete)
1157,2024-08-02,Observation du 2024-08-02 (ete)
1157,2024-08-07,Observation du 2024-08-07 (ete)
1157,2024-08-22,Observation du 2024-08-22 (ete)
1160,2024-05-19,Observation du 2024-05-19 (printemps)
1160,2024-05-22,Observation du 2024-05-22 (printemps)
1160,2024-05-25,Observation du 2024-05-25 (printemps)
1160,2024-05-27,Observation du 2024-05-27 (printemps)
1160,2024-06-03,Observation du 2024-06-03 (ete)
1160,2024-06-06,Observation du 2024-06-06 (ete)
1160,2024-06-08,Observation du 2024-06-08 (ete)
1160,2024-06-12,Observation du 2024-06-12 (ete)
1160,2024-06-13,Observation du 2024-06-13 (ete)
1160,2024-06-16,Observation du 2024-06-16 (ete)
1160,2024-06-26,Observation du 2024-06-26 (ete)
1160,2024-06-28,Observation du 2024-06-28 (ete)
1160,2024-06-29,Observation du 2024-06-29 (ete)
1160,2024-07-03,Observation du 2024-07-03 (ete)
1160,2024-07-10,Observation du 2024-07-10 (ete)
1160,2024-07-11,Observation du 2024-07-11 (ete)
1160,2024-07-13,Observation du 2024-07-13 (ete)
1160,2024-07-16,Observation du 2024-07-16 (ete)
1160,2024-07-19,Observation du 2024-07-19 (ete)
1160,2024-07-25,Observation du 2024-07-25 (ete)
1160,2024-07-30,Observation du 2024-07-30 (ete)
1160,2024-08-12,Observation du 2024-08-12 (ete)
1160,2024-08-16,Observation du 2024-08-16 (ete)
1160,2024-08-19,Observation du 2024-08-19 (ete)
1160,2024-08-21,Observation du 2024-08-21 (ete)
1160,2024-08-23,Observation du 2024-08-23 (ete)
1160,2024-09-05,Observation du 2024-09-05 (automne)
1160,2024-09-09,Observation du 2024-09-09 (automne)
1160,2024-09-11,Observation du 2024-09-11 (automne)
1160,2024-09-14,Observation du 2024-09-14 (automne)
1160,2024-09-18,Observation du 2024-09-18 (automne)
1160,2024-09-22,Observation du 2024-09-22 (automne)
1161,2024-05-10,Observation du 2024-05-10 (printemps)
1161,2024-05-11,Observation du 2024-05-11 (printemps)
1161,2024-05-12,Observation du 2024-05-12 (printemps)
1161,2024-05-14,Observation du 2024-05-14 (printemps)
1161,2024-05-23,Observation du 2024-05-23 (printemps)
1161,2024-05-24,Observation du 2024-05-24 (printemps)
1161,2024-06-03,Observation du 2024-06-03 (ete)
1161,2024-06-08,Observation du 2024-06-08 (ete)
1161,2024-06-09,Observation du 2024-06-09 (ete)
1161,2024-06-13,Observation du 2024-06-13 (ete)
1163,2024-05-09,Observation du 2024-05-09 (printemps)
1163,2024-05-27,Observation du 2024-05-27 (printemps)
1163,2024-05-29,Observation du 2024-05-29 (printemps)
1163,2024-06-01,Observation du 2024-06-01 (ete)
1163,2024-06-03,Observation du 2024-06-03 (ete)
1163,2024-06-05,Observation du 2024-06-05 (ete)
1163,2024-06-09,Observation du 2024-06-09 (ete)
1163,2024-06-10,Observation du 2024-06-10 (ete)
1163,2024-06-17,Observation du 2024-06-17 (ete)
1164,2024-05-19,Observation du 2024-05-19 (printemps)
1164,2024-05-20,Observation du 2024-05-20 (printemps)
1164,2024-05-30,Observation du 2024-05-30 (printemps)
1164,2024-06-04,Observation du 2024-06-04 (ete)
1164,2024-06-14,Observation du 2024-06-14 (ete)
1164,2024-06-15,Observation du 2024-06-15 (ete)
1164,2024-06-17,Observation du 2024-06-17 (ete)
1164,2024-06-21,Observation du 2024-06-21 (ete)
1164,2024-06-22,Observation du 2024-06-22 (ete)
1164,2024-06-23,Observation du 2024-06-23 (ete)
1164,2024-06-26,Observation du 2024-06-26 (ete)
1164,2024-06-28,Observation du 2024-06-28 (ete)
1164,2024-07-07,Observation du 2024-07-07 (ete)
1164,2024-07-16,Observation du 2024-07-16 (ete)
1164,2024-07-18,Observation du 2024-07-18 (ete)
1164,2024-07-23,Observation du 2024-07-23 (ete)
1164,2024-07-25,Observation du 2024-07-25 (ete)
1164,2024-07-26,Observation du 2024-07-26 (ete)
1164,2024-08-01,Observation du 2024-08-01 (ete)
1164,2024-08-04,Observation du 2024-08-04 (ete)
1164,2024-08-08,Observation du 2024-08-08 (ete)
1164,2024-08-10,Observation du 2024-08-10 (ete)
1164,2024-08-15,Observation du 2024-08-15 (ete)
1164,2024-08-17,Observation du 2024-08-17 (ete)
1165,2024-05-16,Observation du 2024-05-16 (printemps)
1165,2024-05-17,Observation du 2024-05-17 (printemps)
1165,2024-05-18,Observation du 2024-05-18 (printemps)
1165,2024-05-23,Observation du 2024-05-23 (printemps)
1165,2024-05-28,Observation du 2024-05-28 (printemps)
1165,2024-06-04,Observation du 2024-06-04 (ete)
1165,2024-06-08,Observation du 2024-06-08 (ete)
1165,2024-06-11,Observation du 2024-06-11 (ete)
1165,2024-06-13,Observation du 2024-06-13 (ete)
1165,2024-06-16,Observation du 2024-06-16 (ete)
1165,2024-06-17,Observation du 2024-06-17 (ete)
1165,2024-06-20,Observation du 2024-06-20 (ete)
1165,2024-06-22,Observation du 2024-06-22 (ete)
1165,2024-06-23,Observation du 2024-06-23 (ete)
1165,2024-06-25,Observation du 2024-06-25 (ete)
1165,2024-06-26,Observation du 2024-06-26 (ete)
1165,2024-06-27,Observation du 2024-06-27 (ete)
1165,2024-06-29,Observation du 2024-06-29 (ete)
1165,2024-07-01,Observation du 2024-07-01 (ete)
1165,2024-07-02,Observation du 2024-07-02 (ete)
1165,2024-07-08,Observation du 2024-07-08 (ete)
1165,2024-07-13,Observation du 2024-07-13 (ete)
1165,2024-07-16,Observation du 2024-07-16 (ete)
1165,2024-07-17,Observation du 2024-07-17 (ete)
1165,2024-07-22,Observation du 2024-07-22 (ete)
1165,2024-07-25,Observation du 2024-07-25 (ete)
1165,2024-07-26,Observation du 2024-07-26 (ete)
1165,2024-08-03,Observation du 2024-08-03 (ete)
1165,2024-08-09,Observation du 2024-08-09 (ete)
1165,2024-08-11,Observation du 2024-08-11 (ete)
1165,2024-08-12,Observation du 2024-08-12 (ete)
1165,2024-08-14,Observation du 2024-08-14 (ete)
1165,2024-08-16,Observation du 2024-08-16 (ete)
1165,2024-08-18,Observation du 2024-08-18 (ete)
1165,2024-08-19,Observation du 2024-08-19 (ete)
1165,2024-08-20,Observation du 2024-08-20 (ete)
1165,2024-08-21,Observation du 2024-08-21 (ete)
1165,2024-08-31,Observation du 2024-08-31 (ete)
1165,2024-09-01,Observation du 2024-09-01 (automne)
1165,2024-09-03,Observation du 2024-09-03 (automne)
1165,2024-09-07,Observation du 2024-09-07 (automne)
1165,2024-09-14,Observation du 2024-09-14 (automne)
1165,2024-09-15,Observation du 2024-09-15 (automne)
1166,2024-05-08,Observation du 2024-05-08 (printemps)
1166,2024-05-12,Observation du 2024-05-12 (printemps)
1166,2024-05-13,Observation du 2024-05-13 (printemps)
1166,2024-05-15,Observation du 2024-05-15 (printemps)
1166,2024-05-19,Observation du 2024-05-19 (printemps)
1166,2024-05-22,Observation du 2024-05-22 (printemps)
1166,2024-05-24,Observation du 2024-05-24 (printemps)
1166,2024-05-25,Observation du 2024-05-25 (printemps)
1166,2024-05-30,Observation du 2024-05-30 (printemps)
1166,2024-05-31,Observation du 2024-05-31 (printemps)
1166,2024-06-02,Observation du 2024-06-02 (ete)
1166,2024-06-04,Observation du 2024-06-04 (ete)
1166,2024-06-10,Observation du 2024-06-10 (ete)
1166,2024-06-11,Observation du 2024-06-11 (ete)
1166,2024-06-21,Observation du 2024-06-21 (ete)
1166,2024-06-24,Observation du 2024-06-24 (ete)
1166,2024-06-25,Observation du 2024-06-25 (ete)
1166,2024-06-26,Observation du 2024-06-26 (ete)
1166,2024-06-27,Observation du 2024-06-27 (ete)
1166,2024-06-28,Observation du 2024-06-28 (ete)
1166,2024-07-04,Observation du 2024-07-04 (ete)
1166,2024-07-10,Observation du 2024-07-10 (ete)
1166,2024-07-12,Observation du 2024-07-12 (ete)
1166,2024-07-13,Observation du 2024-07-13 (ete)
1166,2024-07-14,Observation du 2024-07-14 (ete)
1166,2024-07-25,Observation du 2024-07-25 (ete)
1166,2024-07-29,Observation du 2024-07-29 (ete)
1166,2024-07-30,Observation du 2024-07-30 (ete)
1166,2024-07-31,Observation du 2024-07-31 (ete)
1166,2024-08-01,Observation du 2024-08-01 (ete)
1166,2024-08-02,Observation du 2024-08-02 (ete)
1166,2024-08-05,Observation du 2024-08-05 (ete)
1166,2024-08-07,Observation du 2024-08-07 (ete)
1166,2024-08-10,Observation du 2024-08-10 (ete)
1166,2024-08-11,Observation du 2024-08-11 (ete)
1166,2024-08-17,Observation du 2024-08-17 (ete)
1166,2024-08-22,Observation du 2024-08-22 (ete)
1170,2024-05-13,Observation du 2024-05-13 (printemps)
1170,2024-05-17,Observation du 2024-05-17 (printemps)
1170,2024-05-18,Observation du 2024-05-18 (printemps)
1170,2024-05-19,Observation du 2024-05-19 (printemps)
1170,2024-05-22,Observation du 2024-05-22 (printemps)
1170,2024-05-23,Observation du 2024-05-23 (printemps)
1170,2024-05-24,Observation du 2024-05-24 (printemps)
1170,2024-05-25,Observation du 2024-05-25 (printemps)
1170,2024-05-26,Observation du 2024-05-26 (printemps)
1170,2024-05-30,Observation du 2024-05-30 (printemps)
1170,2024-06-09,Observation du 2024-06-09 (ete)
1170,2024-06-11,Observation du 2024-06-11 (ete)
1170,2024-06-12,Observation du 2024-06-12 (ete)
1170,2024-06-19,Observation du 2024-06-19 (ete)
1170,2024-06-21,Observation du 2024-06-21 (ete)
1170,2024-06-23,Observation du 2024-06-23 (ete)
1170,2024-06-28,Observation du 2024-06-28 (ete)
1170,2024-07-02,Observation du 2024-07-02 (ete)
1170,2024-07-04,Observation du 2024-07-04 (ete)
1170,2024-07-11,Observation du 2024-07-11 (ete)
1171,2024-05-11,Observation du 2024-05-11 (printemps)
1171,2024-05-14,Observation du 2024-05-14 (printemps)
1171,2024-05-19,Observation du 2024-05-19 (printemps)
1171,2024-05-25,Observation du 2024-05-25 (printemps)
1171,2024-05-26,Observation du 2024-05-26 (printemps)
1171,2024-05-27,Observation du 2024-05-27 (printemps)
1171,2024-05-31,Observation du 2024-05-31 (printemps)
1171,2024-06-07,Observation du 2024-06-07 (ete)
1171,2024-06-13,Observation du 2024-06-13 (ete)
1171,2024-06-22,Observation du 2024-06-22 (ete)
1171,2024-06-23,Observation du 2024-06-23 (ete)
1171,2024-06-26,Observation du 2024-06-26 (ete)
1171,2024-07-04,Observation du 2024-07-04 (ete)
1171,2024-07-11,Observation du 2024-07-11 (ete)
1171,2024-07-14,Observation du 2024-07-14 (ete)
1171,2024-07-21,Observation du 2024-07-21 (ete)
1171,2024-07-26,Observation du 2024-07-26 (ete)
1171,2024-08-02,Observation du 2024-08-02 (ete)
1171,2024-08-04,Observation du 2024-08-04 (ete)
1171,2024-08-05,Observation du 2024-08-05 (ete)
1171,2024-08-07,Observation du 2024-08-07 (ete)
1171,2024-08-12,Observation du 2024-08-12 (ete)
1171,2024-08-13,Observation du 2024-08-13 (ete)
1171,2024-08-14,Observation du 2024-08-14 (ete)
1171,2024-08-29,Observation du 2024-08-29 (ete)
1173,2024-05-16,Observation du 2024-05-16 (printemps)
1173,2024-05-17,Observation du 2024-05-17 (printemps)
1173,2024-05-23,Observation du 2024-05-23 (printemps)
1173,2024-05-28,Observation du 2024-05-28 (printemps)
1173,2024-06-06,Observation du 2024-06-06 (ete)
1173,2024-06-16,Observation du 2024-06-16 (ete)
1173,2024-06-24,Observation du 2024-06-24 (ete)
1173,2024-06-26,Observation du 2024-06-26 (ete)
1173,2024-07-02,Observation du 2024-07-02 (ete)
1173,2024-07-09,Observation du 2024-07-09 (ete)
1173,2024-07-12,Observation du 2024-07-12 (ete)
1173,2024-07-16,Observation du 2024-07-16 (ete)
1173,2024-07-21,Observation du 2024-07-21 (ete)
1173,2024-07-23,Observation du 2024-07-23 (ete)
1173,2024-07-24,Observation du 2024-07-24 (ete)
1173,2024-08-01,Observation du 2024-08-01 (ete)
1173,2024-08-04,Observation du 2024-08-04 (ete)
1173,2024-08-06,Observation du 2024-08-06 (ete)
1173,2024-08-07,Observation du 2024-08-07 (ete)
1173,2024-08-09,Observation du 2024-08-09 (ete)
1174,2024-05-09,Observation du 2024-05-09 (printemps)
1174,2024-05-10,Observation du 2024-05-10 (printemps)
1174,2024-05-11,Observation du 2024-05-11 (printemps)
1174,2024-05-12,Observation du 2024-05-12 (printemps)
1174,2024-05-14,Observation du 2024-05-14 (printemps)
1174,2024-05-16,Observation du 2024-05-16 (printemps)
1174,2024-05-20,Observation du 2024-05-20 (printemps)
1174,2024-05-26,Observation du 2024-05-26 (printemps)
1174,2024-05-27,Observation du 2024-05-27 (printemps)
1174,2024-05-29,Observation du 2024-05-29 (printemps)
1174,2024-05-31,Observation du 2024-05-31 (printemps)
1174,2024-06-02,Observation du 2024-06-02 (ete)
1174,2024-06-03,Observation du 2024-06-03 (ete)
1174,2024-06-07,Observation du 2024-06-07 (ete)
1174,2024-06-20,Observation du 2024-06-20 (ete)
1174,2024-06-24,Observation du 2024-06-24 (ete)
1174,2024-06-28,Observation du 2024-06-28 (ete)
1174,2024-07-03,Observation du 2024-07-03 (ete)
1174,2024-07-16,Observation du 2024-07-16 (ete)
1174,2024-07-20,Observation du 2024-07-20 (ete)
1174,2024-07-26,Observation du 2024-07-26 (ete)
1174,2024-07-27,Observation du 2024-07-27 (ete)
1174,2024-07-29,Observation du 2024-07-29 (ete)
1174,2024-08-01,Observation du 2024-08-01 (ete)
1174,2024-08-02,Observation du 2024-08-02 (ete)
1174,2024-08-04,Observation du 2024-08-04 (ete)
1174,2024-08-06,Observation du 2024-08-06 (ete)
1174,2024-08-08,Observation du 2024-08-08 (ete)
1174,2024-08-17,Observation du 2024-08-17 (ete)
1174,2024-08-19,Observation du 2024-08-19 (ete)
1174,2024-08-23,Observation du 2024-08-23 (ete)
1174,2024-08-29,Observation du 2024-08-29 (ete)
1174,2024-09-01,Observation du 2024-09-01 (automne)
1174,2024-09-03,Observation du 2024-09-03 (automne)
1174,2024-09-05,Observation du 2024-09-05 (automne)
1174,2024-09-10,Observation du 2024-09-10 (automne)
1174,2024-09-14,Observation du 2024-09-14 (automne)
1174,2024-09-20,Observation du 2024-09-20 (automne)
1174,2024-09-22,Observation du 2024-09-22 (automne)
1174,2024-09-24,Observation du 2024-09-24 (automne)
1175,2024-05-13,Observation du 2024-05-13 (printemps)
1175,2024-05-17,Observation du 2024-05-17 (printemps)
1175,2024-05-18,Observation du 2024-05-18 (printemps)
1175,2024-05-22,Observation du 2024-05-22 (printemps)
1175,2024-05-23,Observation du 2024-05-23 (printemps)
1175,2024-05-26,Observation du 2024-05-26 (printemps)
1175,2024-05-28,Observation du 2024-05-28 (printemps)
1175,2024-05-31,Observation du 2024-05-31 (printemps)
1175,2024-06-02,Observation du 2024-06-02 (ete)
1175,2024-06-03,Observation du 2024-06-03 (ete)
1175,2024-06-08,Observation du 2024-06-08 (ete)
1175,2024-06-11,Observation du 2024-06-11 (ete)
1175,2024-06-13,Observation du 2024-06-13 (ete)
1175,2024-06-14,Observation du 2024-06-14 (ete)
1175,2024-06-28,Observation du 2024-06-28 (ete)
1175,2024-06-30,Observation du 2024-06-30 (ete)
1175,2024-07-02,Observation du 2024-07-02 (ete)
1175,2024-07-04,Observation du 2024-07-04 (ete)
1175,2024-07-07,Observation du 2024-07-07 (ete)
1175,2024-07-09,Observation du 2024-07-09 (ete)
1175,2024-07-18,Observation du 2024-07-18 (ete)
1175,2024-07-19,Observation du 2024-07-19 (ete)
1175,2024-07-21,Observation du 2024-07-21 (ete)
1175,2024-08-01,Observation du 2024-08-01 (ete)
1175,2024-08-03,Observation du 2024-08-03 (ete)
1175,2024-08-05,Observation du 2024-08-05 (ete)
1175,2024-08-08,Observation du 2024-08-08 (ete)
1175,2024-08-15,Observation du 2024-08-15 (ete)
1175,2024-08-16,Observation du 2024-08-16 (ete)
1175,2024-08-17,Observation du 2024-08-17 (ete)
1175,2024-08-25,Observation du 2024-08-25 (ete)
1175,2024-08-26,Observation du 2024-08-26 (ete)
1175,2024-08-29,Observation du 2024-08-29 (ete)
1175,2024-08-31,Observation du 2024-08-31 (ete)
1175,2024-09-01,Observation du 2024-09-01 (automne)
1176,2024-05-15,Observation du 2024-05-15 (printemps)
1176,2024-05-20,Observation du 2024-05-20 (printemps)
1176,2024-05-23,Observation du 2024-05-23 (printemps)
1176,2024-05-24,Observation du 2024-05-24 (printemps)
1176,2024-05-25,Observation du 2024-05-25 (printemps)
1176,2024-05-27,Observation du 2024-05-27 (printemps)
1176,2024-05-31,Observation du 2024-05-31 (printemps)
1176,2024-06-01,Observation du 2024-06-01 (ete)
1176,2024-06-07,Observation du 2024-06-07 (ete)
1176,2024-06-13,Observation du 2024-06-13 (ete)
1176,2024-06-15,Observation du 2024-06-15 (ete)
1176,2024-06-16,Observation du 2024-06-16 (ete)
1176,2024-06-21,Observation du 2024-06-21 (ete)
1176,2024-06-24,Observation du 2024-06-24 (ete)
1176,2024-06-26,Observation du 2024-06-26 (ete)
1176,2024-06-29,Observation du 2024-06-29 (ete)
1176,2024-06-30,Observation du 2024-06-30 (ete)
1176,2024-07-01,Observation du 2024-07-01 (ete)
1176,2024-07-04,Observation du 2024-07-04 (ete)
1176,2024-07-12,Observation du 2024-07-12 (ete)
1176,2024-07-15,Observation du 2024-07-15 (ete)
1176,2024-07-21,Observation du 2024-07-21 (ete)
1176,2024-07-27,Observation du 2024-07-27 (ete)
1176,2024-07-28,Observation du 2024-07-28 (ete)
1178,2024-05-17,Observation du 2024-05-17 (printemps)
1178,2024-05-22,Observation du 2024-05-22 (printemps)
1178,2024-05-24,Observation du 2024-05-24 (printemps)
1178,2024-05-31,Observation du 2024-05-31 (printemps)
1178,2024-06-03,Observation du 2024-06-03 (ete)
1178,2024-06-06,Observation du 2024-06-06 (ete)
1178,2024-06-07,Observation du 2024-06-07 (ete)
1178,2024-06-10,Observation du 2024-06-10 (ete)
1178,2024-06-13,Observation du 2024-06-13 (ete)
1178,2024-06-15,Observation du 2024-06-15 (ete)
1178,2024-06-25,Observation du 2024-06-25 (ete)
1178,2024-06-26,Observation du 2024-06-26 (ete)
1178,2024-06-29,Observation du 2024-06-29 (ete)
1178,2024-06-30,Observation du 2024-06-30 (ete)
1180,2024-05-16,Observation du 2024-05-16 (printemps)
1180,2024-05-17,Observation du 2024-05-17 (printemps)
1180,2024-05-18,Observation du 2024-05-18 (printemps)
1180,2024-05-20,Observation du 2024-05-20 (printemps)
1180,2024-05-22,Observation du 2024-05-22 (printemps)
1180,2024-05-24,Observation du 2024-05-24 (printemps)
1180,2024-06-01,Observation du 2024-06-01 (ete)
1180,2024-06-02,Observation du 2024-06-02 (ete)
1180,2024-06-09,Observation du 2024-06-09 (ete)
1180,2024-07-03,Observation du 2024-07-03 (ete)
1180,2024-07-07,Observation du 2024-07-07 (ete)
1180,2024-07-15,Observation du 2024-07-15 (ete)
1180,2024-07-16,Observation du 2024-07-16 (ete)
1180,2024-07-17,Observation du 2024-07-17 (ete)
1180,2024-07-22,Observation du 2024-07-22 (ete)
1180,2024-07-23,Observation du 2024-07-23 (ete)
1180,2024-08-14,Observation du 2024-08-14 (ete)
1180,2024-08-19,Observation du 2024-08-19 (ete)
1180,2024-08-28,Observation du 2024-08-28 (ete)
1180,2024-08-31,Observation du 2024-08-31 (ete)
1180,2024-09-04,Observation du 2024-09-04 (automne)
1181,2024-05-13,Observation du 2024-05-13 (printemps)
1181,2024-05-14,Observation du 2024-05-14 (printemps)
1181,2024-05-15,Observation du 2024-05-15 (printemps)
1181,2024-05-16,Observation du 2024-05-16 (printemps)
1181,2024-05-19,Observation du 2024-05-19 (printemps)
1181,2024-05-22,Observation du 2024-05-22 (printemps)
1181,2024-05-25,Observation du 2024-05-25 (printemps)
1181,2024-05-31,Observation du 2024-05-31 (printemps)
1181,2024-06-02,Observation du 2024-06-02 (ete)
1181,2024-06-04,Observation du 2024-06-04 (ete)
1181,2024-06-05,Observation du 2024-06-05 (ete)
1181,2024-06-07,Observation du 2024-06-07 (ete)
1181,2024-06-10,Observation du 2024-06-10 (ete)
1183,2024-05-17,Observation du 2024-05-17 (printemps)
1183,2024-05-20,Observation du 2024-05-20 (printemps)
1183,2024-05-21,Observation du 2024-05-21 (printemps)
1183,2024-05-24,Observation du 2024-05-24 (printemps)
1183,2024-05-26,Observation du 2024-05-26 (printemps)
1183,2024-05-28,Observation du 2024-05-28 (printemps)
1183,2024-05-29,Observation du 2024-05-29 (printemps)
1183,2024-06-03,Observation du 2024-06-03 (ete)
1183,2024-06-04,Observation du 2024-06-04 (ete)
1183,2024-06-17,Observation du 2024-06-17 (ete)
1183,2024-06-19,Observation du 2024-06-19 (ete)
1183,2024-06-24,Observation du 2024-06-24 (ete)
1183,2024-06-25,Observation du 2024-06-25 (ete)
1184,2024-05-14,Observation du 2024-05-14 (printemps)
1184,2024-05-15,Observation du 2024-05-15 (printemps)
1184,2024-05-20,Observation du 2024-05-20 (printemps)
1184,2024-05-24,Observation du 2024-05-24 (printemps)
1184,2024-05-28,Observation du 2024-05-28 (printemps)
1184,2024-05-30,Observation du 2024-05-30 (printemps)
1184,2024-06-01,Observation du 2024-06-01 (ete)
1184,2024-06-11,Observation du 2024-06-11 (ete)
1184,2024-06-12,Observation du 2024-06-12 (ete)
1184,2024-06-18,Observation du 2024-06-18 (ete)
1184,2024-06-20,Observation du 2024-06-20 (ete)
1184,2024-06-25,Observation du 2024-06-25 (ete)
1184,2024-06-27,Observation du 2024-06-27 (ete)
1184,2024-06-29,Observation du 2024-06-29 (ete)
1184,2024-07-14,Observation du 2024-07-14 (ete)
1184,2024-07-18,Observation du 2024-07-18 (ete)
1184,2024-07-21,Observation du 2024-07-21 (ete)
1184,2024-07-22,Observation du 2024-07-22 (ete)
1184,2024-07-30,Observation du 2024-07-30 (ete)
1184,2024-08-01,Observation du 2024-08-01 (ete)
1184,2024-08-03,Observation du 2024-08-03 (ete)
1184,2024-08-09,Observation du 2024-08-09 (ete)
1185,2024-05-18,Observation du 2024-05-18 (printemps)
1185,2024-05-23,Observation du 2024-05-23 (printemps)
1185,2024-05-24,Observation du 2024-05-24 (printemps)
1185,2024-05-29,Observation du 2024-05-29 (printemps)
1185,2024-05-31,Observation du 2024-05-31 (printemps)
1185,2024-06-02,Observation du 2024-06-02 (ete)
1185,2024-06-10,Observation du 2024-06-10 (ete)
1185,2024-06-13,Observation du 2024-06-13 (ete)
1187,2024-05-09,Observation du 2024-05-09 (printemps)
1187,2024-05-10,Observation du 2024-05-10 (printemps)
1187,2024-05-12,Observation du 2024-05-12 (printemps)
1187,2024-05-13,Observation du 2024-05-13 (printemps)
1187,2024-05-14,Observation du 2024-05-14 (printemps)
1187,2024-05-18,Observation du 2024-05-18 (printemps)
1187,2024-05-19,Observation du 2024-05-19 (printemps)
1187,2024-05-20,Observation du 2024-05-20 (printemps)
1187,2024-05-22,Observation du 2024-05-22 (printemps)
1187,2024-05-24,Observation du 2024-05-24 (printemps)
1187,2024-05-25,Observation du 2024-05-25 (printemps)
1187,2024-05-28,Observation du 2024-05-28 (printemps)
1187,2024-06-04,Observation du 2024-06-04 (ete)
1187,2024-06-14,Observation du 2024-06-14 (ete)
1187,2024-06-15,Observation du 2024-06-15 (ete)
1187,2024-06-16,Observation du 2024-06-16 (ete)
1187,2024-06-17,Observation du 2024-06-17 (ete)
1187,2024-06-19,Observation du 2024-06-19 (ete)
1190,2024-05-19,Observation du 2024-05-19 (printemps)
1190,2024-05-20,Observation du 2024-05-20 (printemps)
1190,2024-05-23,Observation du 2024-05-23 (printemps)
1190,2024-05-24,Observation du 2024-05-24 (printemps)
1190,2024-05-26,Observation du 2024-05-26 (printemps)
1190,2024-05-27,Observation du 2024-05-27 (printemps)
1190,2024-05-28,Observation du 2024-05-28 (printemps)
1190,2024-05-29,Observation du 2024-05-29 (printemps)
1190,2024-05-30,Observation du 2024-05-30 (printemps)
1190,2024-06-01,Observation du 2024-06-01 (ete)
1190,2024-06-03,Observation du 2024-06-03 (ete)
1190,2024-06-04,Observation du 2024-06-04 (ete)
1190,2024-06-09,Observation du 2024-06-09 (ete)
1190,2024-06-10,Observation du 2024-06-10 (ete)
1190,2024-06-16,Observation du 2024-06-16 (ete)
1190,2024-06-21,Observation du 2024-06-21 (ete)
1190,2024-06-23,Observation du 2024-06-23 (ete)
1190,2024-06-27,Observation du 2024-06-27 (ete)
1190,2024-06-29,Observation du 2024-06-29 (ete)
1190,2024-07-01,Observation du 2024-07-01 (ete)
1190,2024-07-02,Observation du 2024-07-02 (ete)
1190,2024-07-07,Observation du 2024-07-07 (ete)
1190,2024-07-09,Observation du 2024-07-09 (ete)
1191,2024-05-11,Observation du 2024-05-11 (printemps)
1191,2024-05-17,Observation du 2024-05-17 (printemps)
1191,2024-05-20,Observation du 2024-05-20 (printemps)
1191,2024-05-26,Observation du 2024-05-26 (printemps)
1191,2024-05-31,Observation du 2024-05-31 (printemps)
1191,2024-06-02,Observation du 2024-06-02 (ete)
1191,2024-06-06,Observation du 2024-06-06 (ete)
1191,2024-06-17,Observation du 2024-06-17 (ete)
1191,2024-06-18,Observation du 2024-06-18 (ete)
1191,2024-06-19,Observation du 2024-06-19 (ete)
1191,2024-06-20,Observation du 2024-06-20 (ete)
1191,2024-06-29,Observation du 2024-06-29 (ete)
1191,2024-07-12,Observation du 2024-07-12 (ete)
1191,2024-07-20,Observation du 2024-07-20 (ete)
1191,2024-07-21,Observation du 2024-07-21 (ete)
1191,2024-08-03,Observation du 2024-08-03 (ete)
1191,2024-08-04,Observation du 2024-08-04 (ete)
1191,2024-08-06,Observation du 2024-08-06 (ete)
1191,2024-08-16,Observation du 2024-08-16 (ete)
1191,2024-08-24,Observation du 2024-08-24 (ete)
1191,2024-08-26,Observation du 2024-08-26 (ete)
1191,2024-08-27,Observation du 2024-08-27 (ete)
1191,2024-09-05,Observation du 2024-09-05 (automne)
1191,2024-09-10,Observation du 2024-09-10 (automne)
1191,2024-09-11,Observation du 2024-09-11 (automne)
1191,2024-09-17,Observation du 2024-09-17 (automne)
1191,2024-09-19,Observation du 2024-09-19 (automne)
1191,2024-09-20,Observation du 2024-09-20 (automne)
1191,2024-09-23,Observation du 2024-09-23 (automne)
1193,2024-05-16,Observation du 2024-05-16 (printemps)
1193,2024-05-19,Observation du 2024-05-19 (printemps)
1193,2024-05-22,Observation du 2024-05-22 (printemps)
1193,2024-05-24,Observation du 2024-05-24 (printemps)
1193,2024-05-27,Observation du 2024-05-27 (printemps)
1193,2024-05-30,Observation du 2024-05-30 (printemps)
1193,2024-06-04,Observation du 2024-06-04 (ete)
1193,2024-06-10,Observation du 2024-06-10 (ete)
1193,2024-06-25,Observation du 2024-06-25 (ete)
1193,2024-07-02,Observation du 2024-07-02 (ete)
1193,2024-07-03,Observation du 2024-07-03 (ete)
1193,2024-07-05,Observation du 2024-07-05 (ete)
1193,2024-07-10,Observation du 2024-07-10 (ete)
1193,2024-07-13,Observation du 2024-07-13 (ete)
1193,2024-07-15,Observation du 2024-07-15 (ete)
1193,2024-07-17,Observation du 2024-07-17 (ete)
1193,2024-07-23,Observation du 2024-07-23 (ete)
1193,2024-07-25,Observation du 2024-07-25 (ete)
1193,2024-07-30,Observation du 2024-07-30 (ete)
1193,2024-07-31,Observation du 2024-07-31 (ete)
1193,2024-08-03,Observation du 2024-08-03 (ete)
1193,2024-08-09,Observation du 2024-08-09 (ete)
1193,2024-08-12,Observation du 2024-08-12 (ete)
1193,2024-08-13,Observation du 2024-08-13 (ete)
1193,2024-08-17,Observation du 2024-08-17 (ete)
1193,2024-08-19,Observation du 2024-08-19 (ete)
1193,2024-08-20,Observation du 2024-08-20 (ete)
1193,2024-08-28,Observation du 2024-08-28 (ete)
1193,2024-09-11,Observation du 2024-09-11 (automne)
1193,2024-09-15,Observation du 2024-09-15 (automne)
1193,2024-09-23,Observation du 2024-09-23 (automne)
1194,2024-05-16,Observation du 2024-05-16 (printemps)
1194,2024-05-24,Observation du 2024-05-24 (printemps)
1194,2024-06-01,Observation du 2024-06-01 (ete)
1194,2024-06-04,Observation du 2024-06-04 (ete)
1194,2024-06-09,Observation du 2024-06-09 (ete)
1194,2024-06-12,Observation du 2024-06-12 (ete)
1194,2024-06-17,Observation du 2024-06-17 (ete)
1194,2024-06-18,Observation du 2024-06-18 (ete)
1194,2024-06-20,Observation du 2024-06-20 (ete)
1194,2024-06-23,Observation du 2024-06-23 (ete)
1194,2024-07-04,Observation du 2024-07-04 (ete)
1194,2024-07-09,Observation du 2024-07-09 (ete)
1194,2024-07-13,Observation du 2024-07-13 (ete)
1194,2024-07-16,Observation du 2024-07-16 (ete)
1194,2024-07-21,Observation du 2024-07-21 (ete)
1194,2024-07-24,Observation du 2024-07-24 (ete)
1194,2024-07-31,Observation du 2024-07-31 (ete)
1194,2024-08-03,Observation du 2024-08-03 (ete)
1194,2024-08-08,Observation du 2024-08-08 (ete)
1194,2024-08-09,Observation du 2024-08-09 (ete)
1194,2024-08-10,Observation du 2024-08-10 (ete)
1194,2024-08-12,Observation du 2024-08-12 (ete)
1194,2024-08-14,Observation du 2024-08-14 (ete)
1194,2024-08-19,Observation du 2024-08-19 (ete)
1194,2024-08-20,Observation du 2024-08-20 (ete)
1194,2024-08-21,Observation du 2024-08-21 (ete)
1194,2024-08-22,Observation du 2024-08-22 (ete)
1194,2024-08-26,Observation du 2024-08-26 (ete)
1194,2024-08-28,Observation du 2024-08-28 (ete)
1195,2024-05-16,Observation du 2024-05-16 (printemps)
1195,2024-05-20,Observation du 2024-05-20 (printemps)
1195,2024-05-21,Observation du 2024-05-21 (printemps)
1195,2024-05-22,Observation du 2024-05-22 (printemps)
1195,2024-05-25,Observation du 2024-05-25 (printemps)
1195,2024-05-26,Observation du 2024-05-26 (printemps)
1195,2024-05-30,Observation du 2024-05-30 (printemps)
1195,2024-06-13,Observation du 2024-06-13 (ete)
1195,2024-06-21,Observation du 2024-06-21 (ete)
1196,2024-05-19,Observation du 2024-05-19 (printemps)
1196,2024-05-20,Observation du 2024-05-20 (printemps)
1196,2024-05-25,Observation du 2024-05-25 (printemps)
1196,2024-05-28,Observation du 2024-05-28 (printemps)
1196,2024-05-29,Observation du 2024-05-29 (printemps)
1196,2024-06-02,Observation du 2024-06-02 (ete)
1197,2024-05-11,Observation du 2024-05-11 (printemps)
1197,2024-05-15,Observation du 2024-05-15 (printemps)
1197,2024-05-16,Observation du 2024-05-16 (printemps)
1197,2024-05-18,Observation du 2024-05-18 (printemps)
1197,2024-05-21,Observation du 2024-05-21 (printemps)
1197,2024-05-23,Observation du 2024-05-23 (printemps)
1197,2024-05-27,Observation du 2024-05-27 (printemps)
1197,2024-05-28,Observation du 2024-05-28 (printemps)
1197,2024-05-29,Observation du 2024-05-29 (printemps)
1197,2024-06-07,Observation du 2024-06-07 (ete)
1197,2024-06-08,Observation du 2024-06-08 (ete)
1197,2024-06-11,Observation du 2024-06-11 (ete)
1197,2024-06-12,Observation du 2024-06-12 (ete)
1197,2024-06-14,Observation du 2024-06-14 (ete)
1197,2024-06-17,Observation du 2024-06-17 (ete)
1197,2024-06-18,Observation du 2024-06-18 (ete)
1197,2024-06-22,Observation du 2024-06-22 (ete)
1197,2024-06-29,Observation du 2024-06-29 (ete)
1197,2024-07-02,Observation du 2024-07-02 (ete)
1197,2024-07-03,Observation du 2024-07-03 (ete)
1197,2024-07-12,Observation du 2024-07-12 (ete)
1197,2024-07-16,Observation du 2024-07-16 (ete)
1197,2024-07-19,Observation du 2024-07-19 (ete)
1197,2024-07-20,Observation du 2024-07-20 (ete)
1197,2024-07-24,Observation du 2024-07-24 (ete)
1197,2024-07-29,Observation du 2024-07-29 (ete)
1197,2024-08-01,Observation du 2024-08-01 (ete)
1197,2024-08-03,Observation du 2024-08-03 (ete)
1197,2024-08-04,Observation du 2024-08-04 (ete)
1197,2024-08-07,Observation du 2024-08-07 (ete)
1197,2024-08-11,Observation du 2024-08-11 (ete)
1197,2024-08-13,Observation du 2024-08-13 (ete)
1197,2024-08-16,Observation du 2024-08-16 (ete)
1197,2024-08-21,Observation du 2024-08-21 (ete)
1197,2024-08-26,Observation du 2024-08-26 (ete)
1197,2024-08-31,Observation du 2024-08-31 (ete)
1197,2024-09-03,Observation du 2024-09-03 (automne)
1197,2024-09-04,Observation du 2024-09-04 (automne)
1197,2024-09-06,Observation du 2024-09-06 (automne)
1197,2024-09-08,Observation du 2024-09-08 (automne)
1197,2024-09-09,Observation du 2024-09-09 (automne)
1197,2024-09-12,Observation du 2024-09-12 (automne)
1197,2024-09-16,Observation du 2024-09-16 (automne)
1197,2024-09-18,Observation du 2024-09-18 (automne)
1197,2024-09-21,Observation du 2024-09-21 (automne)
1199,2024-05-17,Observation du 2024-05-17 (printemps)
1199,2024-05-20,Observation du 2024-05-20 (printemps)
1199,2024-05-25,Observation du 2024-05-25 (printemps)
1199,2024-05-30,Observation du 2024-05-30 (printemps)
1199,2024-06-04,Observation du 2024-06-04 (ete)
1199,2024-06-11,Observation du 2024-06-11 (ete)
1199,2024-06-12,Observation du 2024-06-12 (ete)
1199,2024-06-22,Observation du 2024-06-22 (ete)
1199,2024-06-23,Observation du 2024-06-23 (ete)
1199,2024-06-24,Observation du 2024-06-24 (ete)
1200,2024-05-22,Observation du 2024-05-22 (printemps)
1200,2024-05-24,Observation du 2024-05-24 (printemps)
1200,2024-06-11,Observation du 2024-06-11 (ete)
1200,2024-06-13,Observation du 2024-06-13 (ete)
1200,2024-06-17,Observation du 2024-06-17 (ete)
1200,2024-06-22,Observation du 2024-06-22 (ete)
1200,2024-06-27,Observation du 2024-06-27 (ete)
1200,2024-07-03,Observation du 2024-07-03 (ete)
1200,2024-07-04,Observation du 2024-07-04 (ete)
1200,2024-07-05,Observation du 2024-07-05 (ete)
1201,2024-06-11,Observation du 2024-06-11 (ete)
1201,2024-06-12,Observation du 2024-06-12 (ete)
1201,2024-06-15,Observation du 2024-06-15 (ete)
1201,2024-06-21,Observation du 2024-06-21 (ete)
1201,2024-06-30,Observation du 2024-06-30 (ete)
1201,2024-07-05,Observation du 2024-07-05 (ete)
1201,2024-07-10,Observation du 2024-07-10 (ete)
1201,2024-07-12,Observation du 2024-07-12 (ete)
1202,2024-06-02,Observation du 2024-06-02 (ete)
1202,2024-06-03,Observation du 2024-06-03 (ete)
1202,2024-06-13,Observation du 2024-06-13 (ete)
1202,2024-06-14,Observation du 2024-06-14 (ete)
1202,2024-06-15,Observation du 2024-06-15 (ete)
1202,2024-06-16,Observation du 2024-06-16 (ete)
1202,2024-06-17,Observation du 2024-06-17 (ete)
1202,2024-06-26,Observation du 2024-06-26 (ete)
1202,2024-06-30,Observation du 2024-06-30 (ete)
1202,2024-07-03,Observation du 2024-07-03 (ete)
1202,2024-07-12,Observation du 2024-07-12 (ete)
1202,2024-07-14,Observation du 2024-07-14 (ete)
1202,2024-07-20,Observation du 2024-07-20 (ete)
1202,2024-07-24,Observation du 2024-07-24 (ete)
1202,2024-07-26,Observation du 2024-07-26 (ete)
1202,2024-08-03,Observation du 2024-08-03 (ete)
1202,2024-08-08,Observation du 2024-08-08 (ete)
1202,2024-08-09,Observation du 2024-08-09 (ete)
1202,2024-08-10,Observation du 2024-08-10 (ete)
1202,2024-08-11,Observation du 2024-08-11 (ete)
1202,2024-08-15,Observation du 2024-08-15 (ete)
1202,2024-08-16,Observation du 2024-08-16 (ete)
1202,2024-08-22,Observation du 2024-08-22 (ete)
1202,2024-08-25,Observation du 2024-08-25 (ete)
1202,2024-08-28,Observation du 2024-08-28 (ete)
1203,2024-06-20,Observation du 2024-06-20 (ete)
1203,2024-06-22,Observation du 2024-06-22 (ete)
1203,2024-06-24,Observation du 2024-06-24 (ete)
1203,2024-06-26,Observation du 2024-06-26 (ete)
1203,2024-07-04,Observation du 2024-07-04 (ete)
1203,2024-07-06,Observation du 2024-07-06 (ete)
1204,2024-06-01,Observation du 2024-06-01 (ete)
1204,2024-06-04,Observation du 2024-06-04 (ete)
1204,2024-06-19,Observation du 2024-06-19 (ete)
1204,2024-06-20,Observation du 2024-06-20 (ete)
1204,2024-06-21,Observation du 2024-06-21 (ete)
1204,2024-07-06,Observation du 2024-07-06 (ete)
1204,2024-07-17,Observation du 2024-07-17 (ete)
1204,2024-07-23,Observation du 2024-07-23 (ete)
1204,2024-07-28,Observation du 2024-07-28 (ete)
1204,2024-07-30,Observation du 2024-07-30 (ete)
1204,2024-08-04,Observation du 2024-08-04 (ete)
1204,2024-08-09,Observation du 2024-08-09 (ete)
1204,2024-08-11,Observation du 2024-08-11 (ete)
1204,2024-08-15,Observation du 2024-08-15 (ete)
1204,2024-08-19,Observation du 2024-08-19 (ete)
1204,2024-08-20,Observation du 2024-08-20 (ete)
1204,2024-08-21,Observation du 2024-08-21 (ete)
1204,2024-08-22,Observation du 2024-08-22 (ete)
1204,2024-09-03,Observation du 2024-09-03 (automne)
1204,2024-09-13,Observation du 2024-09-13 (automne)
1204,2024-09-14,Observation du 2024-09-14 (automne)
1204,2024-09-19,Observation du 2024-09-19 (automne)
1205,2024-06-02,Observation du 2024-06-02 (ete)
1205,2024-06-04,Observation du 2024-06-04 (ete)
1205,2024-06-05,Observation du 2024-06-05 (ete)
1205,2024-06-06,Observation du 2024-06-06 (ete)
1205,2024-06-16,Observation du 2024-06-16 (ete)
1205,2024-06-18,Observation du 2024-06-18 (ete)
1205,2024-06-20,Observation du 2024-06-20 (ete)
1205,2024-06-21,Observation du 2024-06-21 (ete)
1205,2024-06-22,Observation du 2024-06-22 (ete)
1205,2024-07-04,Observation du 2024-07-04 (ete)
1205,2024-07-09,Observation du 2024-07-09 (ete)
1205,2024-07-20,Observation du 2024-07-20 (ete)
1205,2024-07-25,Observation du 2024-07-25 (ete)
1205,2024-07-26,Observation du 2024-07-26 (ete)
1205,2024-07-28,Observation du 2024-07-28 (ete)
1205,2024-08-03,Observation du 2024-08-03 (ete)
1205,2024-08-08,Observation du 2024-08-08 (ete)
1205,2024-08-12,Observation du 2024-08-12 (ete)
1205,2024-08-22,Observation du 2024-08-22 (ete)
1205,2024-08-26,Observation du 2024-08-26 (ete)
1205,2024-08-30,Observation du 2024-08-30 (ete)
1205,2024-09-01,Observation du 2024-09-01 (automne)
1205,2024-09-03,Observation du 2024-09-03 (automne)
1205,2024-09-04,Observation du 2024-09-04 (automne)
1205,2024-09-07,Observation du 2024-09-07 (automne)
1205,2024-09-08,Observation du 2024-09-08 (automne)
1205,2024-09-14,Observation du 2024-09-14 (automne)
1205,2024-09-16,Observation du 2024-09-16 (automne)
1205,2024-09-17,Observation du 2024-09-17 (automne)
1205,2024-09-18,Observation du 2024-09-18 (automne)
1205,2024-09-20,Observation du 2024-09-20 (automne)
1205,2024-09-21,Observation du 2024-09-21 (automne)
1205,2024-09-22,Observation du 2024-09-22 (automne)
1205,2024-09-23,Observation du 2024-09-23 (automne)
1205,2024-09-28,Observation du 2024-09-28 (automne)
1205,2024-09-30,Observation du 2024-09-30 (automne)
1206,2024-06-08,Observation du 2024-06-08 (ete)
1206,2024-06-09,Observation du 2024-06-09 (ete)
1206,2024-06-13,Observation du 2024-06-13 (ete)
1206,2024-06-15,Observation du 2024-06-15 (ete)
1206,2024-06-19,Observation du 2024-06-19 (ete)
1206,2024-06-21,Observation du 2024-06-21 (ete)
1206,2024-06-25,Observation du 2024-06-25 (ete)
1206,2024-06-26,Observation du 2024-06-26 (ete)
1206,2024-06-27,Observation du 2024-06-27 (ete)
1206,2024-06-30,Observation du 2024-06-30 (ete)
1206,2024-07-07,Observation du 2024-07-07 (ete)
1206,2024-07-10,Observation du 2024-07-10 (ete)
1206,2024-07-17,Observation du 2024-07-17 (ete)
1206,2024-07-23,Observation du 2024-07-23 (ete)
1206,2024-07-24,Observation du 2024-07-24 (ete)
1206,2024-07-27,Observation du 2024-07-27 (ete)
1206,2024-07-28,Observation du 2024-07-28 (ete)
1206,2024-08-03,Observation du 2024-08-03 (ete)
1206,2024-08-07,Observation du 2024-08-07 (ete)
1206,2024-08-08,Observation du 2024-08-08 (ete)
1206,2024-08-11,Observation du 2024-08-11 (ete)
1206,2024-08-12,Observation du 2024-08-12 (ete)
1207,2024-05-26,Observation du 2024-05-26 (printemps)
1207,2024-06-01,Observation du 2024-06-01 (ete)
1207,2024-06-02,Observation du 2024-06-02 (ete)
1207,2024-06-03,Observation du 2024-06-03 (ete)
1207,2024-06-04,Observation du 2024-06-04 (ete)
1207,2024-06-05,Observation du 2024-06-05 (ete)
1207,2024-06-06,Observation du 2024-06-06 (ete)
1207,2024-06-15,Observation du 2024-06-15 (ete)
1207,2024-06-17,Observation du 2024-06-17 (ete)
1207,2024-06-18,Observation du 2024-06-18 (ete)
1207,2024-06-19,Observation du 2024-06-19 (ete)
1207,2024-06-22,Observation du 2024-06-22 (ete)
1207,2024-06-23,Observation du 2024-06-23 (ete)
1207,2024-06-26,Observation du 2024-06-26 (ete)
1207,2024-06-27,Observation du 2024-06-27 (ete)
1207,2024-06-30,Observation du 2024-06-30 (ete)
1207,2024-07-05,Observation du 2024-07-05 (ete)
1207,2024-07-07,Observation du 2024-07-07 (ete)
1207,2024-07-08,Observation du 2024-07-08 (ete)
1207,2024-07-18,Observation du 2024-07-18 (ete)
1207,2024-07-20,Observation du 2024-07-20 (ete)
1207,2024-07-24,Observation du 2024-07-24 (ete)
1207,2024-07-29,Observation du 2024-07-29 (ete)
1207,2024-07-31,Observation du 2024-07-31 (ete)
1207,2024-08-03,Observation du 2024-08-03 (ete)
1207,2024-08-06,Observation du 2024-08-06 (ete)
1207,2024-08-07,Observation du 2024-08-07 (ete)
1208,2024-06-08,Observation du 2024-06-08 (ete)
1208,2024-06-11,Observation du 2024-06-11 (ete)
1208,2024-06-23,Observation du 2024-06-23 (ete)
1208,2024-06-25,Observation du 2024-06-25 (ete)
1208,2024-06-29,Observation du 2024-06-29 (ete)
1208,2024-07-01,Observation du 2024-07-01 (ete)
1208,2024-07-02,Observation du 2024-07-02 (ete)
1208,2024-07-03,Observation du 2024-07-03 (ete)
1208,2024-07-09,Observation du 2024-07-09 (ete)
1208,2024-07-22,Observation du 2024-07-22 (ete)
1208,2024-07-30,Observation du 2024-07-30 (ete)
1208,2024-07-31,Observation du 2024-07-31 (ete)
1208,2024-08-06,Observation du 2024-08-06 (ete)
1208,2024-08-10,Observation du 2024-08-10 (ete)
1208,2024-08-31,Observation du 2024-08-31 (ete)
1208,2024-09-03,Observation du 2024-09-03 (automne)
1208,2024-09-05,Observation du 2024-09-05 (automne)
1208,2024-09-07,Observation du 2024-09-07 (automne)
1208,2024-09-10,Observation du 2024-09-10 (automne)
1208,2024-09-17,Observation du 2024-09-17 (automne)
1208,2024-09-20,Observation du 2024-09-20 (automne)
1208,2024-09-24,Observation du 2024-09-24 (automne)
1208,2024-09-25,Observation du 2024-09-25 (automne)
1208,2024-09-27,Observation du 2024-09-27 (automne)
1209,2024-05-31,Observation du 2024-05-31 (printemps)
1209,2024-06-02,Observation du 2024-06-02 (ete)
1209,2024-06-03,Observation du 2024-06-03 (ete)
1209,2024-06-07,Observation du 2024-06-07 (ete)
1209,2024-06-08,Observation du 2024-06-08 (ete)
1209,2024-06-09,Observation du 2024-06-09 (ete)
1209,2024-06-11,Observation du 2024-06-11 (ete)
1209,2024-06-16,Observation du 2024-06-16 (ete)
1209,2024-06-19,Observation du 2024-06-19 (ete)
1209,2024-06-20,Observation du 2024-06-20 (ete)
1209,2024-06-27,Observation du 2024-06-27 (ete)
1209,2024-06-29,Observation du 2024-06-29 (ete)
1209,2024-07-03,Observation du 2024-07-03 (ete)
1209,2024-07-07,Observation du 2024-07-07 (ete)
1209,2024-07-17,Observation du 2024-07-17 (ete)
1209,2024-07-19,Observation du 2024-07-19 (ete)
1209,2024-07-22,Observation du 2024-07-22 (ete)
1209,2024-07-24,Observation du 2024-07-24 (ete)
1209,2024-07-27,Observation du 2024-07-27 (ete)
1209,2024-08-07,Observation du 2024-08-07 (ete)
1209,2024-08-10,Observation du 2024-08-10 (ete)
1209,2024-08-11,Observation du 2024-08-11 (ete)
1209,2024-08-13,Observation du 2024-08-13 (ete)
1209,2024-08-15,Observation du 2024-08-15 (ete)
1209,2024-08-18,Observation du 2024-08-18 (ete)
1209,2024-08-19,Observation du 2024-08-19 (ete)
1210,2024-05-31,Observation du 2024-05-31 (printemps)
1210,2024-06-01,Observation du 2024-06-01 (ete)
1210,2024-06-06,Observation du 2024-06-06 (ete)
1210,2024-06-11,Observation du 2024-06-11 (ete)
1210,2024-06-15,Observation du 2024-06-15 (ete)
1210,2024-06-17,Observation du 2024-06-17 (ete)
1210,2024-07-02,Observation du 2024-07-02 (ete)
1210,2024-07-03,Observation du 2024-07-03 (ete)
1210,2024-07-07,Observation du 2024-07-07 (ete)
1210,2024-07-12,Observation du 2024-07-12 (ete)
1211,2024-06-04,Observation du 2024-06-04 (ete)
1211,2024-06-08,Observation du 2024-06-08 (ete)
1211,2024-06-17,Observation du 2024-06-17 (ete)
1211,2024-06-20,Observation du 2024-06-20 (ete)
1211,2024-06-21,Observation du 2024-06-21 (ete)
1211,2024-06-23,Observation du 2024-06-23 (ete)
1211,2024-06-29,Observation du 2024-06-29 (ete)
1211,2024-07-02,Observation du 2024-07-02 (ete)
1211,2024-07-03,Observation du 2024-07-03 (ete)
1211,2024-07-09,Observation du 2024-07-09 (ete)
1211,2024-07-10,Observation du 2024-07-10 (ete)
1211,2024-07-12,Observation du 2024-07-12 (ete)
1211,2024-07-14,Observation du 2024-07-14 (ete)
1211,2024-07-16,Observation du 2024-07-16 (ete)
1211,2024-07-17,Observation du 2024-07-17 (ete)
1211,2024-07-18,Observation du 2024-07-18 (ete)
1211,2024-07-21,Observation du 2024-07-21 (ete)
1211,2024-07-22,Observation du 2024-07-22 (ete)
1211,2024-07-26,Observation du 2024-07-26 (ete)
1211,2024-07-29,Observation du 2024-07-29 (ete)
1211,2024-08-03,Observation du 2024-08-03 (ete)
1211,2024-08-04,Observation du 2024-08-04 (ete)
1211,2024-08-09,Observation du 2024-08-09 (ete)
1211,2024-08-18,Observation du 2024-08-18 (ete)
1212,2024-05-29,Observation du 2024-05-29 (printemps)
1212,2024-05-31,Observation du 2024-05-31 (printemps)
1212,2024-06-05,Observation du 2024-06-05 (ete)
1212,2024-06-06,Observation du 2024-06-06 (ete)
1212,2024-06-09,Observation du 2024-06-09 (ete)
1212,2024-06-11,Observation du 2024-06-11 (ete)
1212,2024-06-14,Observation du 2024-06-14 (ete)
1212,2024-06-16,Observation du 2024-06-16 (ete)
1212,2024-06-22,Observation du 2024-06-22 (ete)
1212,2024-06-26,Observation du 2024-06-26 (ete)
1212,2024-06-29,Observation du 2024-06-29 (ete)
1212,2024-07-01,Observation du 2024-07-01 (ete)
1212,2024-07-06,Observation du 2024-07-06 (ete)
1212,2024-07-07,Observation du 2024-07-07 (ete)
1212,2024-07-09,Observation du 2024-07-09 (ete)
1212,2024-07-11,Observation du 2024-07-11 (ete)
1212,2024-07-12,Observation du 2024-07-12 (ete)
1212,2024-07-13,Observation du 2024-07-13 (ete)
1212,2024-07-18,Observation du 2024-07-18 (ete)
1212,2024-07-26,Observation du 2024-07-26 (ete)
1212,2024-07-27,Observation du 2024-07-27 (ete)
1212,2024-07-28,Observation du 2024-07-28 (ete)
1212,2024-08-02,Observation du 2024-08-02 (ete)
1212,2024-08-04,Observation du 2024-08-04 (ete)
1214,2024-05-26,Observation du 2024-05-26 (printemps)
1214,2024-05-28,Observation du 2024-05-28 (printemps)
1214,2024-05-31,Observation du 2024-05-31 (printemps)
1214,2024-06-01,Observation du 2024-06-01 (ete)
1214,2024-06-05,Observation du 2024-06-05 (ete)
1214,2024-06-06,Observation du 2024-06-06 (ete)
1214,2024-06-14,Observation du 2024-06-14 (ete)
1214,2024-06-16,Observation du 2024-06-16 (ete)
1214,2024-06-22,Observation du 2024-06-22 (ete)
1214,2024-06-23,Observation du 2024-06-23 (ete)
1214,2024-06-27,Observation du 2024-06-27 (ete)
1214,2024-07-07,Observation du 2024-07-07 (ete)
1214,2024-07-16,Observation du 2024-07-16 (ete)
1214,2024-07-18,Observation du 2024-07-18 (ete)
1214,2024-07-20,Observation du 2024-07-20 (ete)
1214,2024-07-29,Observation du 2024-07-29 (ete)
1214,2024-07-30,Observation du 2024-07-30 (ete)
1214,2024-08-07,Observation du 2024-08-07 (ete)
1214,2024-08-23,Observation du 2024-08-23 (ete)
1214,2024-08-25,Observation du 2024-08-25 (ete)
1214,2024-08-28,Observation du 2024-08-28 (ete)
1214,2024-09-04,Observation du 2024-09-04 (automne)
1214,2024-09-05,Observation du 2024-09-05 (automne)
1214,2024-09-06,Observation du 2024-09-06 (automne)
1214,2024-09-11,Observation du 2024-09-11 (automne)
1214,2024-09-12,Observation du 2024-09-12 (automne)
1214,2024-09-13,Observation du 2024-09-13 (automne)
1214,2024-09-24,Observation du 2024-09-24 (automne)
1214,2024-09-27,Observation du 2024-09-27 (automne)
1215,2024-05-28,Observation du 2024-05-28 (printemps)
1215,2024-05-29,Observation du 2024-05-29 (printemps)
1215,2024-06-04,Observation du 2024-06-04 (ete)
1215,2024-06-05,Observation du 2024-06-05 (ete)
1215,2024-06-08,Observation du 2024-06-08 (ete)
1215,2024-06-11,Observation du 2024-06-11 (ete)
1215,2024-06-15,Observation du 2024-06-15 (ete)
1215,2024-06-17,Observation du 2024-06-17 (ete)
1215,2024-06-19,Observation du 2024-06-19 (ete)
1215,2024-06-24,Observation du 2024-06-24 (ete)
1215,2024-06-28,Observation du 2024-06-28 (ete)
1215,2024-07-01,Observation du 2024-07-01 (ete)
1215,2024-07-06,Observation du 2024-07-06 (ete)
1215,2024-07-10,Observation du 2024-07-10 (ete)
1215,2024-07-15,Observation du 2024-07-15 (ete)
1215,2024-07-18,Observation du 2024-07-18 (ete)
1215,2024-07-19,Observation du 2024-07-19 (ete)
1215,2024-07-20,Observation du 2024-07-20 (ete)
1215,2024-07-21,Observation du 2024-07-21 (ete)
1215,2024-07-25,Observation du 2024-07-25 (ete)
1215,2024-07-26,Observation du 2024-07-26 (ete)
1215,2024-08-03,Observation du 2024-08-03 (ete)
1216,2024-05-28,Observation du 2024-05-28 (printemps)
1216,2024-05-30,Observation du 2024-05-30 (printemps)
1216,2024-05-31,Observation du 2024-05-31 (printemps)
1216,2024-06-02,Observation du 2024-06-02 (ete)
1216,2024-06-05,Observation du 2024-06-05 (ete)
1216,2024-06-06,Observation du 2024-06-06 (ete)
1216,2024-06-07,Observation du 2024-06-07 (ete)
1216,2024-06-14,Observation du 2024-06-14 (ete)
1216,2024-06-15,Observation du 2024-06-15 (ete)
1216,2024-06-19,Observation du 2024-06-19 (ete)
1216,2024-06-21,Observation du 2024-06-21 (ete)
1216,2024-06-24,Observation du 2024-06-24 (ete)
1216,2024-06-27,Observation du 2024-06-27 (ete)
1216,2024-06-28,Observation du 2024-06-28 (ete)
1216,2024-07-01,Observation du 2024-07-01 (ete)
1216,2024-07-07,Observation du 2024-07-07 (ete)
1216,2024-07-13,Observation du 2024-07-13 (ete)
1216,2024-07-17,Observation du 2024-07-17 (ete)
1216,2024-07-18,Observation du 2024-07-18 (ete)
1216,2024-07-20,Observation du 2024-07-20 (ete)
1216,2024-07-26,Observation du 2024-07-26 (ete)
1216,2024-07-27,Observation du 2024-07-27 (ete)
1216,2024-08-06,Observation du 2024-08-06 (ete)
1216,2024-08-10,Observation du 2024-08-10 (ete)
1216,2024-08-12,Observation du 2024-08-12 (ete)
1216,2024-08-13,Observation du 2024-08-13 (ete)
1216,2024-08-17,Observation du 2024-08-17 (ete)
1216,2024-08-21,Observation du 2024-08-21 (ete)
1216,2024-08-26,Observation du 2024-08-26 (ete)
1217,2024-06-06,Observation du 2024-06-06 (ete)
1217,2024-06-11,Observation du 2024-06-11 (ete)
1217,2024-06-12,Observation du 2024-06-12 (ete)
1217,2024-06-19,Observation du 2024-06-19 (ete)
1217,2024-06-22,Observation du 2024-06-22 (ete)
1217,2024-06-24,Observation du 2024-06-24 (ete)
1217,2024-07-01,Observation du 2024-07-01 (ete)
1217,2024-07-02,Observation du 2024-07-02 (ete)
1217,2024-07-03,Observation du 2024-07-03 (ete)
1217,2024-07-07,Observation du 2024-07-07 (ete)
1217,2024-07-08,Observation du 2024-07-08 (ete)
1217,2024-07-09,Observation du 2024-07-09 (ete)
1217,2024-07-11,Observation du 2024-07-11 (ete)
1217,2024-07-13,Observation du 2024-07-13 (ete)
1217,2024-07-16,Observation du 2024-07-16 (ete)
1217,2024-07-20,Observation du 2024-07-20 (ete)
1217,2024-07-22,Observation du 2024-07-22 (ete)
1217,2024-07-25,Observation du 2024-07-25 (ete)
1218,2024-05-29,Observation du 2024-05-29 (printemps)
1218,2024-06-01,Observation du 2024-06-01 (ete)
1218,2024-06-02,Observation du 2024-06-02 (ete)
1218,2024-06-04,Observation du 2024-06-04 (ete)
1218,2024-06-06,Observation du 2024-06-06 (ete)
1218,2024-06-09,Observation du 2024-06-09 (ete)
1218,2024-06-11,Observation du 2024-06-11 (ete)
1218,2024-06-16,Observation du 2024-06-16 (ete)
1218,2024-06-21,Observation du 2024-06-21 (ete)
1218,2024-06-22,Observation du 2024-06-22 (ete)
1218,2024-06-23,Observation du 2024-06-23 (ete)
1218,2024-06-24,Observation du 2024-06-24 (ete)
1218,2024-06-29,Observation du 2024-06-29 (ete)
1218,2024-07-06,Observation du 2024-07-06 (ete)
1218,2024-07-07,Observation du 2024-07-07 (ete)
1219,2024-05-31,Observation du 2024-05-31 (printemps)
1219,2024-06-03,Observation du 2024-06-03 (ete)
1219,2024-06-12,Observation du 2024-06-12 (ete)
1219,2024-06-20,Observation du 2024-06-20 (ete)
1219,2024-06-28,Observation du 2024-06-28 (ete)
1219,2024-07-05,Observation du 2024-07-05 (ete)
1219,2024-07-11,Observation du 2024-07-11 (ete)
1219,2024-07-16,Observation du 2024-07-16 (ete)
1219,2024-07-18,Observation du 2024-07-18 (ete)
1219,2024-07-20,Observation du 2024-07-20 (ete)
1219,2024-07-21,Observation du 2024-07-21 (ete)
1219,2024-07-23,Observation du 2024-07-23 (ete)
1219,2024-07-28,Observation du 2024-07-28 (ete)
1219,2024-08-01,Observation du 2024-08-01 (ete)
1219,2024-08-04,Observation du 2024-08-04 (ete)
1219,2024-08-13,Observation du 2024-08-13 (ete)
1219,2024-08-15,Observation du 2024-08-15 (ete)
1219,2024-08-20,Observation du 2024-08-20 (ete)
1219,2024-08-21,Observation du 2024-08-21 (ete)
1219,2024-08-22,Observation du 2024-08-22 (ete)
1219,2024-08-23,Observation du 2024-08-23 (ete)
1219,2024-08-28,Observation du 2024-08-28 (ete)
1219,2024-08-30,Observation du 2024-08-30 (ete)
1219,2024-09-11,Observation du 2024-09-11 (automne)
1219,2024-09-12,Observation du 2024-09-12 (automne)
1219,2024-09-13,Observation du 2024-09-13 (automne)
1219,2024-09-14,Observation du 2024-09-14 (automne)
1219,2024-09-23,Observation du 2024-09-23 (automne)
1219,2024-09-25,Observation du 2024-09-25 (automne)
1219,2024-09-29,Observation du 2024-09-29 (automne)
1220,2024-05-25,Observation du 2024-05-25 (printemps)
1220,2024-06-04,Observation du 2024-06-04 (ete)
1220,2024-06-10,Observation du 2024-06-10 (ete)
1220,2024-06-12,Observation du 2024-06-12 (ete)
1220,2024-06-14,Observation du 2024-06-14 (ete)
1220,2024-06-18,Observation du 2024-06-18 (ete)
1220,2024-06-20,Observation du 2024-06-20 (ete)
1220,2024-06-21,Observation du 2024-06-21 (ete)
1220,2024-06-24,Observation du 2024-06-24 (ete)
1220,2024-06-25,Observation du 2024-06-25 (ete)
1220,2024-06-30,Observation du 2024-06-30 (ete)
1220,2024-07-01,Observation du 2024-07-01 (ete)
1220,2024-07-07,Observation du 2024-07-07 (ete)
1220,2024-07-10,Observation du 2024-07-10 (ete)
1220,2024-07-13,Observation du 2024-07-13 (ete)
1220,2024-07-14,Observation du 2024-07-14 (ete)
1220,2024-07-17,Observation du 2024-07-17 (ete)
1220,2024-07-20,Observation du 2024-07-20 (ete)
1220,2024-07-23,Observation du 2024-07-23 (ete)
1220,2024-07-29,Observation du 2024-07-29 (ete)
1220,2024-07-30,Observation du 2024-07-30 (ete)
1220,2024-08-02,Observation du 2024-08-02 (ete)
1220,2024-08-09,Observation du 2024-08-09 (ete)
1220,2024-08-18,Observation du 2024-08-18 (ete)
1220,2024-08-20,Observation du 2024-08-20 (ete)
1220,2024-08-21,Observation du 2024-08-21 (ete)
1220,2024-08-23,Observation du 2024-08-23 (ete)
1220,2024-08-25,Observation du 2024-08-25 (ete)
1220,2024-08-31,Observation du 2024-08-31 (ete)
1220,2024-09-01,Observation du 2024-09-01 (automne)
1220,2024-09-03,Observation du 2024-09-03 (automne)
1220,2024-09-08,Observation du 2024-09-08 (automne)
1220,2024-09-12,Observation du 2024-09-12 (automne)
1220,2024-09-25,Observation du 2024-09-25 (automne)
1220,2024-09-26,Observation du 2024-09-26 (automne)
1220,2024-09-28,Observation du 2024-09-28 (automne)
1223,2024-06-07,Observation du 2024-06-07 (ete)
1223,2024-06-12,Observation du 2024-06-12 (ete)
1223,2024-06-16,Observation du 2024-06-16 (ete)
1223,2024-06-20,Observation du 2024-06-20 (ete)
1223,2024-06-29,Observation du 2024-06-29 (ete)
1223,2024-07-05,Observation du 2024-07-05 (ete)
1223,2024-07-08,Observation du 2024-07-08 (ete)
1223,2024-07-10,Observation du 2024-07-10 (ete)
1223,2024-07-14,Observation du 2024-07-14 (ete)
1223,2024-07-17,Observation du 2024-07-17 (ete)
1223,2024-07-18,Observation du 2024-07-18 (ete)
1223,2024-07-23,Observation du 2024-07-23 (ete)
1223,2024-07-27,Observation du 2024-07-27 (ete)
1223,2024-08-07,Observation du 2024-08-07 (ete)
1223,2024-08-08,Observation du 2024-08-08 (ete)
1223,2024-08-16,Observation du 2024-08-16 (ete)
1223,2024-08-17,Observation du 2024-08-17 (ete)
1223,2024-08-19,Observation du 2024-08-19 (ete)
1223,2024-08-20,Observation du 2024-08-20 (ete)
1223,2024-08-26,Observation du 2024-08-26 (ete)
1223,2024-09-02,Observation du 2024-09-02 (automne)
1223,2024-09-03,Observation du 2024-09-03 (automne)
1223,2024-09-08,Observation du 2024-09-08 (automne)
1223,2024-09-11,Observation du 2024-09-11 (automne)
1223,2024-09-12,Observation du 2024-09-12 (automne)
1223,2024-09-15,Observation du 2024-09-15 (automne)
1223,2024-09-16,Observation du 2024-09-16 (automne)
1223,2024-09-18,Observation du 2024-09-18 (automne)
1223,2024-09-19,Observation du 2024-09-19 (automne)
1223,2024-09-24,Observation du 2024-09-24 (automne)
1223,2024-09-25,Observation du 2024-09-25 (automne)
1223,2024-09-26,Observation du 2024-09-26 (automne)
1223,2024-09-29,Observation du 2024-09-29 (automne)
1223,2024-09-30,Observation du 2024-09-30 (automne)
1224,2024-06-01,Observation du 2024-06-01 (ete)
1224,2024-06-05,Observation du 2024-06-05 (ete)
1224,2024-06-08,Observation du 2024-06-08 (ete)
1224,2024-06-15,Observation du 2024-06-15 (ete)
1224,2024-06-23,Observation du 2024-06-23 (ete)
1224,2024-06-26,Observation du 2024-06-26 (ete)
1224,2024-07-02,Observation du 2024-07-02 (ete)
1224,2024-07-03,Observation du 2024-07-03 (ete)
1224,2024-07-09,Observation du 2024-07-09 (ete)
1224,2024-07-12,Observation du 2024-07-12 (ete)
1224,2024-07-14,Observation du 2024-07-14 (ete)
1224,2024-07-15,Observation du 2024-07-15 (ete)
1224,2024-07-26,Observation du 2024-07-26 (ete)
1224,2024-07-29,Observation du 2024-07-29 (ete)
1224,2024-08-02,Observation du 2024-08-02 (ete)
1224,2024-08-10,Observation du 2024-08-10 (ete)
1224,2024-08-13,Observation du 2024-08-13 (ete)
1224,2024-08-15,Observation du 2024-08-15 (ete)
1224,2024-08-18,Observation du 2024-08-18 (ete)
1224,2024-08-29,Observation du 2024-08-29 (ete)
1224,2024-08-30,Observation du 2024-08-30 (ete)
1225,2024-06-16,Observation du 2024-06-16 (ete)
1225,2024-06-18,Observation du 2024-06-18 (ete)
1225,2024-06-25,Observation du 2024-06-25 (ete)
1225,2024-06-26,Observation du 2024-06-26 (ete)
1225,2024-07-06,Observation du 2024-07-06 (ete)
1225,2024-07-07,Observation du 2024-07-07 (ete)
1225,2024-07-18,Observation du 2024-07-18 (ete)
1226,2024-06-04,Observation du 2024-06-04 (ete)
1226,2024-06-07,Observation du 2024-06-07 (ete)
1226,2024-06-08,Observation du 2024-06-08 (ete)
1226,2024-06-11,Observation du 2024-06-11 (ete)
1226,2024-06-12,Observation du 2024-06-12 (ete)
1226,2024-06-18,Observation du 2024-06-18 (ete)
1226,2024-06-22,Observation du 2024-06-22 (ete)
1226,2024-06-26,Observation du 2024-06-26 (ete)
1226,2024-06-27,Observation du 2024-06-27 (ete)
1226,2024-06-30,Observation du 2024-06-30 (ete)
1226,2024-07-06,Observation du 2024-07-06 (ete)
1226,2024-07-16,Observation du 2024-07-16 (ete)
1226,2024-07-18,Observation du 2024-07-18 (ete)
1226,2024-07-21,Observation du 2024-07-21 (ete)
1226,2024-07-22,Observation du 2024-07-22 (ete)
1226,2024-07-26,Observation du 2024-07-26 (ete)
1226,2024-08-02,Observation du 2024-08-02 (ete)
1226,2024-08-06,Observation du 2024-08-06 (ete)
1226,2024-08-08,Observation du 2024-08-08 (ete)
1226,2024-08-12,Observation du 2024-08-12 (ete)
1226,2024-08-24,Observation du 2024-08-24 (ete)
1226,2024-08-27,Observation du 2024-08-27 (ete)
1226,2024-08-28,Observation du 2024-08-28 (ete)
1226,2024-09-02,Observation du 2024-09-02 (automne)
1226,2024-09-05,Observation du 2024-09-05 (automne)
1226,2024-09-13,Observation du 2024-09-13 (automne)
1226,2024-09-14,Observation du 2024-09-14 (automne)
1226,2024-09-20,Observation du 2024-09-20 (automne)
1226,2024-09-21,Observation du 2024-09-21 (automne)
1226,2024-09-24,Observation du 2024-09-24 (automne)
1228,2024-06-04,Observation du 2024-06-04 (ete)
1228,2024-06-06,Observation du 2024-06-06 (ete)
1228,2024-06-09,Observation du 2024-06-09 (ete)
1228,2024-06-21,Observation du 2024-06-21 (ete)
1228,2024-06-23,Observation du 2024-06-23 (ete)
1228,2024-06-24,Observation du 2024-06-24 (ete)
1228,2024-06-26,Observation du 2024-06-26 (ete)
1228,2024-06-27,Observation du 2024-06-27 (ete)
1228,2024-06-28,Observation du 2024-06-28 (ete)
1228,2024-07-01,Observation du 2024-07-01 (ete)
1228,2024-07-04,Observation du 2024-07-04 (ete)
1228,2024-07-09,Observation du 2024-07-09 (ete)
1228,2024-07-15,Observation du 2024-07-15 (ete)
1228,2024-07-17,Observation du 2024-07-17 (ete)
1228,2024-07-20,Observation du 2024-07-20 (ete)
1228,2024-07-21,Observation du 2024-07-21 (ete)
1228,2024-07-22,Observation du 2024-07-22 (ete)
1228,2024-07-25,Observation du 2024-07-25 (ete)
1228,2024-08-09,Observation du 2024-08-09 (ete)
1228,2024-08-22,Observation du 2024-08-22 (ete)
1228,2024-08-28,Observation du 2024-08-28 (ete)
1228,2024-08-31,Observation du 2024-08-31 (ete)
1228,2024-09-03,Observation du 2024-09-03 (automne)
1228,2024-09-06,Observation du 2024-09-06 (automne)
1228,2024-09-07,Observation du 2024-09-07 (automne)
1228,2024-09-11,Observation du 2024-09-11 (automne)
1228,2024-09-17,Observation du 2024-09-17 (automne)
1228,2024-09-19,Observation du 2024-09-19 (automne)
1228,2024-09-20,Observation du 2024-09-20 (automne)
1229,2024-05-28,Observation du 2024-05-28 (printemps)
1229,2024-05-29,Observation du 2024-05-29 (printemps)
1229,2024-06-02,Observation du 2024-06-02 (ete)
1229,2024-06-04,Observation du 2024-06-04 (ete)
1229,2024-06-10,Observation du 2024-06-10 (ete)
1229,2024-06-11,Observation du 2024-06-11 (ete)
1229,2024-06-19,Observation du 2024-06-19 (ete)
1229,2024-06-24,Observation du 2024-06-24 (ete)
1229,2024-06-25,Observation du 2024-06-25 (ete)
1229,2024-06-28,Observation du 2024-06-28 (ete)
1229,2024-06-29,Observation du 2024-06-29 (ete)
1229,2024-07-02,Observation du 2024-07-02 (ete)
1229,2024-07-11,Observation du 2024-07-11 (ete)
1229,2024-07-14,Observation du 2024-07-14 (ete)
1230,2024-06-03,Observation du 2024-06-03 (ete)
1230,2024-06-09,Observation du 2024-06-09 (ete)
1230,2024-06-10,Observation du 2024-06-10 (ete)
1230,2024-06-15,Observation du 2024-06-15 (ete)
1230,2024-06-16,Observation du 2024-06-16 (ete)
1230,2024-06-18,Observation du 2024-06-18 (ete)
1230,2024-06-21,Observation du 2024-06-21 (ete)
1230,2024-06-22,Observation du 2024-06-22 (ete)
1230,2024-06-23,Observation du 2024-06-23 (ete)
1230,2024-06-27,Observation du 2024-06-27 (ete)
1230,2024-06-29,Observation du 2024-06-29 (ete)
1230,2024-07-01,Observation du 2024-07-01 (ete)
1230,2024-07-05,Observation du 2024-07-05 (ete)
1230,2024-07-16,Observation du 2024-07-16 (ete)
1230,2024-07-18,Observation du 2024-07-18 (ete)
1230,2024-07-26,Observation du 2024-07-26 (ete)
1230,2024-08-05,Observation du 2024-08-05 (ete)
1230,2024-08-06,Observation du 2024-08-06 (ete)
1230,2024-08-07,Observation du 2024-08-07 (ete)
1230,2024-08-09,Observation du 2024-08-09 (ete)
1230,2024-08-10,Observation du 2024-08-10 (ete)
1230,2024-08-11,Observation du 2024-08-11 (ete)
1230,2024-08-12,Observation du 2024-08-12 (ete)
1230,2024-08-21,Observation du 2024-08-21 (ete)
1230,2024-08-27,Observation du 2024-08-27 (ete)
1230,2024-09-02,Observation du 2024-09-02 (automne)
1230,2024-09-06,Observation du 2024-09-06 (automne)
1230,2024-09-09,Observation du 2024-09-09 (automne)
1230,2024-09-10,Observation du 2024-09-10 (automne)
1231,2024-06-03,Observation du 2024-06-03 (ete)
1231,2024-06-08,Observation du 2024-06-08 (ete)
1231,2024-06-15,Observation du 2024-06-15 (ete)
1231,2024-06-16,Observation du 2024-06-16 (ete)
1231,2024-06-20,Observation du 2024-06-20 (ete)
1231,2024-06-25,Observation du 2024-06-25 (ete)
1231,2024-06-26,Observation du 2024-06-26 (ete)
1231,2024-06-29,Observation du 2024-06-29 (ete)
1231,2024-07-17,Observation du 2024-07-17 (ete)
1231,2024-07-20,Observation du 2024-07-20 (ete)
1231,2024-07-31,Observation du 2024-07-31 (ete)
1232,2024-05-30,Observation du 2024-05-30 (printemps)
1232,2024-05-31,Observation du 2024-05-31 (printemps)
1232,2024-06-05,Observation du 2024-06-05 (ete)
1232,2024-06-15,Observation du 2024-06-15 (ete)
1232,2024-06-16,Observation du 2024-06-16 (ete)
1232,2024-06-17,Observation du 2024-06-17 (ete)
1232,2024-06-20,Observation du 2024-06-20 (ete)
1232,2024-06-29,Observation du 2024-06-29 (ete)
1232,2024-07-02,Observation du 2024-07-02 (ete)
1232,2024-07-04,Observation du 2024-07-04 (ete)
1232,2024-07-05,Observation du 2024-07-05 (ete)
1232,2024-07-08,Observation du 2024-07-08 (ete)
1232,2024-07-09,Observation du 2024-07-09 (ete)
1232,2024-07-11,Observation du 2024-07-11 (ete)
1232,2024-07-13,Observation du 2024-07-13 (ete)
1232,2024-07-15,Observation du 2024-07-15 (ete)
1232,2024-07-16,Observation du 2024-07-16 (ete)
1232,2024-07-19,Observation du 2024-07-19 (ete)
1232,2024-07-21,Observation du 2024-07-21 (ete)
1232,2024-07-25,Observation du 2024-07-25 (ete)
1232,2024-07-26,Observation du 2024-07-26 (ete)
1232,2024-07-31,Observation du 2024-07-31 (ete)
1232,2024-08-02,Observation du 2024-08-02 (ete)
1232,2024-08-04,Observation du 2024-08-04 (ete)
1232,2024-08-06,Observation du 2024-08-06 (ete)
1232,2024-08-09,Observation du 2024-08-09 (ete)
1232,2024-08-13,Observation du 2024-08-13 (ete)
1232,2024-09-02,Observation du 2024-09-02 (automne)
1232,2024-09-05,Observation du 2024-09-05 (automne)
1232,2024-09-11,Observation du 2024-09-11 (automne)
1232,2024-09-12,Observation du 2024-09-12 (automne)
1235,2024-06-03,Observation du 2024-06-03 (ete)
1235,2024-06-05,Observation du 2024-06-05 (ete)
1235,2024-06-06,Observation du 2024-06-06 (ete)
1235,2024-06-07,Observation du 2024-06-07 (ete)
1235,2024-06-08,Observation du 2024-06-08 (ete)
1235,2024-06-11,Observation du 2024-06-11 (ete)
1235,2024-06-29,Observation du 2024-06-29 (ete)
1235,2024-07-01,Observation du 2024-07-01 (ete)
1235,2024-07-04,Observation du 2024-07-04 (ete)
1237,2024-05-29,Observation du 2024-05-29 (printemps)
1237,2024-05-30,Observation du 2024-05-30 (printemps)
1237,2024-06-06,Observation du 2024-06-06 (ete)
1237,2024-06-07,Observation du 2024-06-07 (ete)
1237,2024-06-11,Observation du 2024-06-11 (ete)
1237,2024-06-13,Observation du 2024-06-13 (ete)
1237,2024-06-18,Observation du 2024-06-18 (ete)
1237,2024-06-19,Observation du 2024-06-19 (ete)
1237,2024-06-23,Observation du 2024-06-23 (ete)
1237,2024-06-25,Observation du 2024-06-25 (ete)
1237,2024-06-26,Observation du 2024-06-26 (ete)
1237,2024-06-29,Observation du 2024-06-29 (ete)
1237,2024-07-16,Observation du 2024-07-16 (ete)
1237,2024-07-31,Observation du 2024-07-31 (ete)
1237,2024-08-02,Observation du 2024-08-02 (ete)
1237,2024-08-05,Observation du 2024-08-05 (ete)
1237,2024-08-07,Observation du 2024-08-07 (ete)
1237,2024-08-10,Observation du 2024-08-10 (ete)
1237,2024-08-18,Observation du 2024-08-18 (ete)
1237,2024-08-21,Observation du 2024-08-21 (ete)
1237,2024-08-23,Observation du 2024-08-23 (ete)
1237,2024-09-07,Observation du 2024-09-07 (automne)
1237,2024-09-09,Observation du 2024-09-09 (automne)
1237,2024-09-12,Observation du 2024-09-12 (automne)
1237,2024-09-14,Observation du 2024-09-14 (automne)
1237,2024-09-15,Observation du 2024-09-15 (automne)
1237,2024-09-16,Observation du 2024-09-16 (automne)
1237,2024-09-18,Observation du 2024-09-18 (automne)
1237,2024-09-21,Observation du 2024-09-21 (automne)
1237,2024-09-23,Observation du 2024-09-23 (automne)
1237,2024-09-24,Observation du 2024-09-24 (automne)
1237,2024-09-26,Observation du 2024-09-26 (automne)
1237,2024-09-27,Observation du 2024-09-27 (automne)
1237,2024-09-29,Observation du 2024-09-29 (automne)
1237,2024-09-30,Observation du 2024-09-30 (automne)
1239,2024-05-29,Observation du 2024-05-29 (printemps)
1239,2024-06-01,Observation du 2024-06-01 (ete)
1239,2024-06-04,Observation du 2024-06-04 (ete)
1239,2024-06-06,Observation du 2024-06-06 (ete)
1239,2024-06-08,Observation du 2024-06-08 (ete)
1239,2024-06-10,Observation du 2024-06-10 (ete)
1239,2024-06-15,Observation du 2024-06-15 (ete)
1239,2024-06-16,Observation du 2024-06-16 (ete)
1239,2024-06-17,Observation du 2024-06-17 (ete)
1239,2024-06-19,Observation du 2024-06-19 (ete)
1239,2024-06-20,Observation du 2024-06-20 (ete)
1239,2024-06-21,Observation du 2024-06-21 (ete)
1239,2024-06-22,Observation du 2024-06-22 (ete)
1239,2024-06-27,Observation du 2024-06-27 (ete)
1239,2024-06-28,Observation du 2024-06-28 (ete)
1239,2024-06-29,Observation du 2024-06-29 (ete)
1239,2024-07-02,Observation du 2024-07-02 (ete)
1239,2024-07-08,Observation du 2024-07-08 (ete)
1239,2024-07-09,Observation du 2024-07-09 (ete)
1239,2024-07-18,Observation du 2024-07-18 (ete)
1239,2024-07-28,Observation du 2024-07-28 (ete)
1239,2024-08-04,Observation du 2024-08-04 (ete)
1239,2024-08-11,Observation du 2024-08-11 (ete)
1240,2024-06-03,Observation du 2024-06-03 (ete)
1240,2024-06-13,Observation du 2024-06-13 (ete)
1240,2024-06-19,Observation du 2024-06-19 (ete)
1240,2024-06-23,Observation du 2024-06-23 (ete)
1240,2024-06-24,Observation du 2024-06-24 (ete)
1240,2024-06-25,Observation du 2024-06-25 (ete)
1240,2024-06-28,Observation du 2024-06-28 (ete)
1240,2024-07-02,Observation du 2024-07-02 (ete)
1240,2024-07-06,Observation du 2024-07-06 (ete)
1240,2024-07-13,Observation du 2024-07-13 (ete)
1240,2024-07-15,Observation du 2024-07-15 (ete)
1240,2024-07-17,Observation du 2024-07-17 (ete)
1240,2024-07-19,Observation du 2024-07-19 (ete)
1240,2024-08-01,Observation du 2024-08-01 (ete)
1240,2024-08-02,Observation du 2024-08-02 (ete)
1240,2024-08-04,Observation du 2024-08-04 (ete)
1240,2024-08-10,Observation du 2024-08-10 (ete)
1240,2024-08-18,Observation du 2024-08-18 (ete)
1240,2024-08-19,Observation du 2024-08-19 (ete)
1240,2024-08-21,Observation du 2024-08-21 (ete)
1240,2024-08-30,Observation du 2024-08-30 (ete)
1240,2024-08-31,Observation du 2024-08-31 (ete)
1240,2024-09-02,Observation du 2024-09-02 (automne)
1240,2024-09-04,Observation du 2024-09-04 (automne)
1240,2024-09-06,Observation du 2024-09-06 (automne)
1240,2024-09-07,Observation du 2024-09-07 (automne)
1240,2024-09-16,Observation du 2024-09-16 (automne)
1240,2024-09-17,Observation du 2024-09-17 (automne)
1241,2024-06-05,Observation du 2024-06-05 (ete)
1241,2024-06-10,Observation du 2024-06-10 (ete)
1241,2024-06-16,Observation du 2024-06-16 (ete)
1241,2024-06-18,Observation du 2024-06-18 (ete)
1241,2024-06-21,Observation du 2024-06-21 (ete)
1241,2024-06-22,Observation du 2024-06-22 (ete)
1241,2024-06-26,Observation du 2024-06-26 (ete)
1241,2024-06-30,Observation du 2024-06-30 (ete)
1241,2024-07-02,Observation du 2024-07-02 (ete)
1241,2024-07-03,Observation du 2024-07-03 (ete)
1241,2024-07-19,Observation du 2024-07-19 (ete)
1241,2024-07-24,Observation du 2024-07-24 (ete)
1242,2024-06-02,Observation du 2024-06-02 (ete)
1242,2024-06-11,Observation du 2024-06-11 (ete)
1242,2024-06-16,Observation du 2024-06-16 (ete)
1242,2024-06-18,Observation du 2024-06-18 (ete)
1242,2024-06-19,Observation du 2024-06-19 (ete)
1242,2024-07-04,Observation du 2024-07-04 (ete)
1243,2024-05-29,Observation du 2024-05-29 (printemps)
1243,2024-05-30,Observation du 2024-05-30 (printemps)
1243,2024-05-31,Observation du 2024-05-31 (printemps)
1243,2024-06-02,Observation du 2024-06-02 (ete)
1243,2024-06-05,Observation du 2024-06-05 (ete)
1243,2024-06-10,Observation du 2024-06-10 (ete)
1243,2024-06-12,Observation du 2024-06-12 (ete)
1243,2024-06-14,Observation du 2024-06-14 (ete)
1243,2024-06-15,Observation du 2024-06-15 (ete)
1243,2024-07-08,Observation du 2024-07-08 (ete)
1243,2024-07-10,Observation du 2024-07-10 (ete)
1243,2024-07-11,Observation du 2024-07-11 (ete)
1243,2024-07-13,Observation du 2024-07-13 (ete)
1243,2024-07-17,Observation du 2024-07-17 (ete)
1243,2024-07-26,Observation du 2024-07-26 (ete)
1243,2024-07-27,Observation du 2024-07-27 (ete)
1243,2024-07-28,Observation du 2024-07-28 (ete)
1244,2024-05-30,Observation du 2024-05-30 (printemps)
1244,2024-06-03,Observation du 2024-06-03 (ete)
1244,2024-06-04,Observation du 2024-06-04 (ete)
1244,2024-06-07,Observation du 2024-06-07 (ete)
1244,2024-06-11,Observation du 2024-06-11 (ete)
1244,2024-06-13,Observation du 2024-06-13 (ete)
1244,2024-06-23,Observation du 2024-06-23 (ete)
1244,2024-06-25,Observation du 2024-06-25 (ete)
1244,2024-06-26,Observation du 2024-06-26 (ete)
1244,2024-06-27,Observation du 2024-06-27 (ete)
1244,2024-07-03,Observation du 2024-07-03 (ete)
1244,2024-07-08,Observation du 2024-07-08 (ete)
1244,2024-07-09,Observation du 2024-07-09 (ete)
1244,2024-07-10,Observation du 2024-07-10 (ete)
1244,2024-07-11,Observation du 2024-07-11 (ete)
1244,2024-07-17,Observation du 2024-07-17 (ete)
1244,2024-07-20,Observation du 2024-07-20 (ete)
1244,2024-08-05,Observation du 2024-08-05 (ete)
1244,2024-08-06,Observation du 2024-08-06 (ete)
1244,2024-08-14,Observation du 2024-08-14 (ete)
1244,2024-08-15,Observation du 2024-08-15 (ete)
1244,2024-08-17,Observation du 2024-08-17 (ete)
1244,2024-08-20,Observation du 2024-08-20 (ete)
1244,2024-08-22,Observation du 2024-08-22 (ete)
1244,2024-08-23,Observation du 2024-08-23 (ete)
1244,2024-08-26,Observation du 2024-08-26 (ete)
1244,2024-08-27,Observation du 2024-08-27 (ete)
1244,2024-08-30,Observation du 2024-08-30 (ete)
1244,2024-09-05,Observation du 2024-09-05 (automne)
1244,2024-09-08,Observation du 2024-09-08 (automne)
1244,2024-09-14,Observation du 2024-09-14 (automne)
1244,2024-09-16,Observation du 2024-09-16 (automne)
1244,2024-09-18,Observation du 2024-09-18 (automne)
1245,2024-05-29,Observation du 2024-05-29 (printemps)
1245,2024-05-30,Observation du 2024-05-30 (printemps)
1245,2024-05-31,Observation du 2024-05-31 (printemps)
1245,2024-06-01,Observation du 2024-06-01 (ete)
1245,2024-06-03,Observation du 2024-06-03 (ete)
1245,2024-06-04,Observation du 2024-06-04 (ete)
1245,2024-06-11,Observation du 2024-06-11 (ete)
1245,2024-06-19,Observation du 2024-06-19 (ete)
1245,2024-06-21,Observation du 2024-06-21 (ete)
1245,2024-06-23,Observation du 2024-06-23 (ete)
1245,2024-07-04,Observation du 2024-07-04 (ete)
1245,2024-07-07,Observation du 2024-07-07 (ete)
1245,2024-07-11,Observation du 2024-07-11 (ete)
1245,2024-07-15,Observation du 2024-07-15 (ete)
1245,2024-07-27,Observation du 2024-07-27 (ete)
1245,2024-07-29,Observation du 2024-07-29 (ete)
1247,2024-06-02,Observation du 2024-06-02 (ete)
1247,2024-06-03,Observation du 2024-06-03 (ete)
1247,2024-06-04,Observation du 2024-06-04 (ete)
1247,2024-06-10,Observation du 2024-06-10 (ete)
1247,2024-06-12,Observation du 2024-06-12 (ete)
1247,2024-06-14,Observation du 2024-06-14 (ete)
1247,2024-06-16,Observation du 2024-06-16 (ete)
1247,2024-06-22,Observation du 2024-06-22 (ete)
1247,2024-06-23,Observation du 2024-06-23 (ete)
1247,2024-06-24,Observation du 2024-06-24 (ete)
1247,2024-07-01,Observation du 2024-07-01 (ete)
1248,2024-06-06,Observation du 2024-06-06 (ete)
1248,2024-06-07,Observation du 2024-06-07 (ete)
1248,2024-06-08,Observation du 2024-06-08 (ete)
1248,2024-06-18,Observation du 2024-06-18 (ete)
1248,2024-06-30,Observation du 2024-06-30 (ete)
1248,2024-07-07,Observation du 2024-07-07 (ete)
1248,2024-07-12,Observation du 2024-07-12 (ete)
1248,2024-07-13,Observation du 2024-07-13 (ete)
1248,2024-07-14,Observation du 2024-07-14 (ete)
1248,2024-07-16,Observation du 2024-07-16 (ete)
1248,2024-07-17,Observation du 2024-07-17 (ete)
1248,2024-07-18,Observation du 2024-07-18 (ete)
1248,2024-07-29,Observation du 2024-07-29 (ete)
1248,2024-08-02,Observation du 2024-08-02 (ete)
1248,2024-08-05,Observation du 2024-08-05 (ete)
1248,2024-08-06,Observation du 2024-08-06 (ete)
1248,2024-08-07,Observation du 2024-08-07 (ete)
1250,2024-05-31,Observation du 2024-05-31 (printemps)
1250,2024-06-11,Observation du 2024-06-11 (ete)
1250,2024-06-15,Observation du 2024-06-15 (ete)
1250,2024-06-22,Observation du 2024-06-22 (ete)
1250,2024-06-23,Observation du 2024-06-23 (ete)
1250,2024-06-26,Observation du 2024-06-26 (ete)
1250,2024-07-14,Observation du 2024-07-14 (ete)
1250,2024-07-18,Observation du 2024-07-18 (ete)
1250,2024-07-19,Observation du 2024-07-19 (ete)
1250,2024-07-22,Observation du 2024-07-22 (ete)
1250,2024-07-26,Observation du 2024-07-26 (ete)
1250,2024-07-28,Observation du 2024-07-28 (ete)
1250,2024-08-01,Observation du 2024-08-01 (ete)
1250,2024-08-06,Observation du 2024-08-06 (ete)
1250,2024-08-09,Observation du 2024-08-09 (ete)
1250,2024-08-16,Observation du 2024-08-16 (ete)
1250,2024-08-18,Observation du 2024-08-18 (ete)
1250,2024-08-23,Observation du 2024-08-23 (ete)
1250,2024-08-24,Observation du 2024-08-24 (ete)
1250,2024-08-29,Observation du 2024-08-29 (ete)
1251,2024-05-31,Observation du 2024-05-31 (printemps)
1251,2024-06-02,Observation du 2024-06-02 (ete)
1251,2024-06-06,Observation du 2024-06-06 (ete)
1251,2024-06-10,Observation du 2024-06-10 (ete)
1251,2024-06-11,Observation du 2024-06-11 (ete)
1251,2024-06-15,Observation du 2024-06-15 (ete)
1251,2024-06-23,Observation du 2024-06-23 (ete)
1251,2024-06-25,Observation du 2024-06-25 (ete)
1251,2024-06-27,Observation du 2024-06-27 (ete)
1251,2024-06-30,Observation du 2024-06-30 (ete)
1251,2024-07-08,Observation du 2024-07-08 (ete)
1251,2024-07-10,Observation du 2024-07-10 (ete)
1251,2024-07-15,Observation du 2024-07-15 (ete)
1251,2024-07-24,Observation du 2024-07-24 (ete)
1252,2024-06-08,Observation du 2024-06-08 (ete)
1252,2024-06-09,Observation du 2024-06-09 (ete)
1252,2024-06-11,Observation du 2024-06-11 (ete)
1252,2024-06-13,Observation du 2024-06-13 (ete)
1252,2024-06-15,Observation du 2024-06-15 (ete)
1252,2024-06-19,Observation du 2024-06-19 (ete)
1252,2024-06-22,Observation du 2024-06-22 (ete)
1252,2024-07-04,Observation du 2024-07-04 (ete)
1252,2024-07-08,Observation du 2024-07-08 (ete)
1252,2024-07-10,Observation du 2024-07-10 (ete)
1252,2024-07-12,Observation du 2024-07-12 (ete)
1252,2024-07-14,Observation du 2024-07-14 (ete)
1252,2024-07-19,Observation du 2024-07-19 (ete)
1252,2024-07-24,Observation du 2024-07-24 (ete)
1252,2024-07-27,Observation du 2024-07-27 (ete)
1252,2024-07-28,Observation du 2024-07-28 (ete)
1252,2024-07-29,Observation du 2024-07-29 (ete)
1252,2024-08-03,Observation du 2024-08-03 (ete)
1253,2024-06-03,Observation du 2024-06-03 (ete)
1253,2024-06-09,Observation du 2024-06-09 (ete)
1253,2024-06-13,Observation du 2024-06-13 (ete)
1253,2024-06-15,Observation du 2024-06-15 (ete)
1253,2024-06-17,Observation du 2024-06-17 (ete)
1253,2024-06-27,Observation du 2024-06-27 (ete)
1253,2024-07-02,Observation du 2024-07-02 (ete)
1253,2024-07-06,Observation du 2024-07-06 (ete)
1253,2024-07-07,Observation du 2024-07-07 (ete)
1253,2024-07-11,Observation du 2024-07-11 (ete)
1254,2024-05-28,Observation du 2024-05-28 (printemps)
1254,2024-06-03,Observation du 2024-06-03 (ete)
1254,2024-06-05,Observation du 2024-06-05 (ete)
1254,2024-06-06,Observation du 2024-06-06 (ete)
1254,2024-06-11,Observation du 2024-06-11 (ete)
1254,2024-06-13,Observation du 2024-06-13 (ete)
1254,2024-07-10,Observation du 2024-07-10 (ete)
1254,2024-07-11,Observation du 2024-07-11 (ete)
1254,2024-07-12,Observation du 2024-07-12 (ete)
1254,2024-07-14,Observation du 2024-07-14 (ete)
1254,2024-07-22,Observation du 2024-07-22 (ete)
1254,2024-07-29,Observation du 2024-07-29 (ete)
1254,2024-07-30,Observation du 2024-07-30 (ete)
1254,2024-08-02,Observation du 2024-08-02 (ete)
1254,2024-08-14,Observation du 2024-08-14 (ete)
1254,2024-08-20,Observation du 2024-08-20 (ete)
1254,2024-08-21,Observation du 2024-08-21 (ete)
1255,2024-06-01,Observation du 2024-06-01 (ete)
1255,2024-06-02,Observation du 2024-06-02 (ete)
1255,2024-06-03,Observation du 2024-06-03 (ete)
1255,2024-06-09,Observation du 2024-06-09 (ete)
1255,2024-06-11,Observation du 2024-06-11 (ete)
1255,2024-06-15,Observation du 2024-06-15 (ete)
1255,2024-06-16,Observation du 2024-06-16 (ete)
1255,2024-06-17,Observation du 2024-06-17 (ete)
1255,2024-06-18,Observation du 2024-06-18 (ete)
1255,2024-07-01,Observation du 2024-07-01 (ete)
1255,2024-07-14,Observation du 2024-07-14 (ete)
1257,2024-05-31,Observation du 2024-05-31 (printemps)
1257,2024-06-01,Observation du 2024-06-01 (ete)
1257,2024-06-03,Observation du 2024-06-03 (ete)
1257,2024-06-04,Observation du 2024-06-04 (ete)
1257,2024-06-06,Observation du 2024-06-06 (ete)
1257,2024-06-10,Observation du 2024-06-10 (ete)
1257,2024-06-11,Observation du 2024-06-11 (ete)
1257,2024-06-15,Observation du 2024-06-15 (ete)
1257,2024-06-21,Observation du 2024-06-21 (ete)
1257,2024-06-22,Observation du 2024-06-22 (ete)
1257,2024-06-25,Observation du 2024-06-25 (ete)
1257,2024-06-28,Observation du 2024-06-28 (ete)
1257,2024-07-02,Observation du 2024-07-02 (ete)
1257,2024-07-03,Observation du 2024-07-03 (ete)
1257,2024-07-11,Observation du 2024-07-11 (ete)
1257,2024-07-16,Observation du 2024-07-16 (ete)
1257,2024-07-19,Observation du 2024-07-19 (ete)
1260,2024-06-06,Observation du 2024-06-06 (ete)
1260,2024-06-08,Observation du 2024-06-08 (ete)
1260,2024-06-11,Observation du 2024-06-11 (ete)
1260,2024-06-13,Observation du 2024-06-13 (ete)
1260,2024-06-14,Observation du 2024-06-14 (ete)
1260,2024-06-16,Observation du 2024-06-16 (ete)
1260,2024-06-22,Observation du 2024-06-22 (ete)
1260,2024-06-23,Observation du 2024-06-23 (ete)
1260,2024-06-24,Observation du 2024-06-24 (ete)
1260,2024-07-06,Observation du 2024-07-06 (ete)
1260,2024-07-08,Observation du 2024-07-08 (ete)
1260,2024-07-13,Observation du 2024-07-13 (ete)
1260,2024-07-18,Observation du 2024-07-18 (ete)
1260,2024-07-19,Observation du 2024-07-19 (ete)
1260,2024-07-24,Observation du 2024-07-24 (ete)
1260,2024-08-02,Observation du 2024-08-02 (ete)
1260,2024-08-04,Observation du 2024-08-04 (ete)
1261,2024-05-26,Observation du 2024-05-26 (printemps)
1261,2024-05-28,Observation du 2024-05-28 (printemps)
1261,2024-06-08,Observation du 2024-06-08 (ete)
1261,2024-06-11,Observation du 2024-06-11 (ete)
1261,2024-06-12,Observation du 2024-06-12 (ete)
1261,2024-06-14,Observation du 2024-06-14 (ete)
1261,2024-06-18,Observation du 2024-06-18 (ete)
1261,2024-06-21,Observation du 2024-06-21 (ete)
1261,2024-07-01,Observation du 2024-07-01 (ete)
1261,2024-07-02,Observation du 2024-07-02 (ete)
1261,2024-07-10,Observation du 2024-07-10 (ete)
1261,2024-07-13,Observation du 2024-07-13 (ete)
1261,2024-07-15,Observation du 2024-07-15 (ete)
1261,2024-07-20,Observation du 2024-07-20 (ete)
1261,2024-07-22,Observation du 2024-07-22 (ete)
1265,2024-06-03,Observation du 2024-06-03 (ete)
1265,2024-06-04,Observation du 2024-06-04 (ete)
1265,2024-06-05,Observation du 2024-06-05 (ete)
1265,2024-06-13,Observation du 2024-06-13 (ete)
1265,2024-06-14,Observation du 2024-06-14 (ete)
1265,2024-06-24,Observation du 2024-06-24 (ete)
1265,2024-06-25,Observation du 2024-06-25 (ete)
1265,2024-06-27,Observation du 2024-06-27 (ete)
1265,2024-06-28,Observation du 2024-06-28 (ete)
1265,2024-07-01,Observation du 2024-07-01 (ete)
1265,2024-07-04,Observation du 2024-07-04 (ete)
1265,2024-07-05,Observation du 2024-07-05 (ete)
1265,2024-07-14,Observation du 2024-07-14 (ete)
1265,2024-07-17,Observation du 2024-07-17 (ete)
1265,2024-08-14,Observation du 2024-08-14 (ete)
1265,2024-08-18,Observation du 2024-08-18 (ete)
1265,2024-08-24,Observation du 2024-08-24 (ete)
1265,2024-08-26,Observation du 2024-08-26 (ete)
1265,2024-08-29,Observation du 2024-08-29 (ete)
1265,2024-08-30,Observation du 2024-08-30 (ete)
1265,2024-09-02,Observation du 2024-09-02 (automne)
1265,2024-09-07,Observation du 2024-09-07 (automne)
1265,2024-09-09,Observation du 2024-09-09 (automne)
1266,2024-06-02,Observation du 2024-06-02 (ete)
1266,2024-06-05,Observation du 2024-06-05 (ete)
1266,2024-06-06,Observation du 2024-06-06 (ete)
1266,2024-06-13,Observation du 2024-06-13 (ete)
1266,2024-06-19,Observation du 2024-06-19 (ete)
1266,2024-06-20,Observation du 2024-06-20 (ete)
1266,2024-06-21,Observation du 2024-06-21 (ete)
1266,2024-06-22,Observation du 2024-06-22 (ete)
1266,2024-06-25,Observation du 2024-06-25 (ete)
1266,2024-06-26,Observation du 2024-06-26 (ete)
1266,2024-06-27,Observation du 2024-06-27 (ete)
1266,2024-07-02,Observation du 2024-07-02 (ete)
1266,2024-07-03,Observation du 2024-07-03 (ete)
1266,2024-07-04,Observation du 2024-07-04 (ete)
1266,2024-07-06,Observation du 2024-07-06 (ete)
1266,2024-07-09,Observation du 2024-07-09 (ete)
1266,2024-07-11,Observation du 2024-07-11 (ete)
1266,2024-07-21,Observation du 2024-07-21 (ete)
1266,2024-07-23,Observation du 2024-07-23 (ete)
1266,2024-07-31,Observation du 2024-07-31 (ete)
1266,2024-08-05,Observation du 2024-08-05 (ete)
1266,2024-08-12,Observation du 2024-08-12 (ete)
1266,2024-09-06,Observation du 2024-09-06 (automne)
1266,2024-09-12,Observation du 2024-09-12 (automne)
1266,2024-09-13,Observation du 2024-09-13 (automne)
1266,2024-09-16,Observation du 2024-09-16 (automne)
1266,2024-09-19,Observation du 2024-09-19 (automne)
1266,2024-09-24,Observation du 2024-09-24 (automne)
1266,2024-09-27,Observation du 2024-09-27 (automne)
1266,2024-09-28,Observation du 2024-09-28 (automne)
1267,2024-06-02,Observation du 2024-06-02 (ete)
1267,2024-06-08,Observation du 2024-06-08 (ete)
1267,2024-06-13,Observation du 2024-06-13 (ete)
1267,2024-06-16,Observation du 2024-06-16 (ete)
1267,2024-06-21,Observation du 2024-06-21 (ete)
1267,2024-06-24,Observation du 2024-06-24 (ete)
1267,2024-06-27,Observation du 2024-06-27 (ete)
1267,2024-07-19,Observation du 2024-07-19 (ete)
1267,2024-07-20,Observation du 2024-07-20 (ete)
1267,2024-07-25,Observation du 2024-07-25 (ete)
1267,2024-07-27,Observation du 2024-07-27 (ete)
1267,2024-08-01,Observation du 2024-08-01 (ete)
1267,2024-08-04,Observation du 2024-08-04 (ete)
1267,2024-08-09,Observation du 2024-08-09 (ete)
1267,2024-08-14,Observation du 2024-08-14 (ete)
1267,2024-08-19,Observation du 2024-08-19 (ete)
1267,2024-08-23,Observation du 2024-08-23 (ete)
1267,2024-08-25,Observation du 2024-08-25 (ete)
1267,2024-08-27,Observation du 2024-08-27 (ete)
1267,2024-08-29,Observation du 2024-08-29 (ete)
1267,2024-08-30,Observation du 2024-08-30 (ete)
1267,2024-08-31,Observation du 2024-08-31 (ete)
1267,2024-09-03,Observation du 2024-09-03 (automne)
1267,2024-09-05,Observation du 2024-09-05 (automne)
1267,2024-09-07,Observation du 2024-09-07 (automne)
1267,2024-09-08,Observation du 2024-09-08 (automne)
1267,2024-09-17,Observation du 2024-09-17 (automne)
1267,2024-09-27,Observation du 2024-09-27 (automne)
1267,2024-09-29,Observation du 2024-09-29 (automne)
1267,2024-09-30,Observation du 2024-09-30 (automne)
1268,2024-06-06,Observation du 2024-06-06 (ete)
1268,2024-06-07,Observation du 2024-06-07 (ete)
1268,2024-06-08,Observation du 2024-06-08 (ete)
1268,2024-06-12,Observation du 2024-06-12 (ete)
1268,2024-06-14,Observation du 2024-06-14 (ete)
1268,2024-06-16,Observation du 2024-06-16 (ete)
1268,2024-06-24,Observation du 2024-06-24 (ete)
1268,2024-06-27,Observation du 2024-06-27 (ete)
1268,2024-07-04,Observation du 2024-07-04 (ete)
1268,2024-07-05,Observation du 2024-07-05 (ete)
1268,2024-07-12,Observation du 2024-07-12 (ete)
1268,2024-07-20,Observation du 2024-07-20 (ete)
1268,2024-07-22,Observation du 2024-07-22 (ete)
1268,2024-07-27,Observation du 2024-07-27 (ete)
1268,2024-08-01,Observation du 2024-08-01 (ete)
1268,2024-08-02,Observation du 2024-08-02 (ete)
1268,2024-08-04,Observation du 2024-08-04 (ete)
1268,2024-08-05,Observation du 2024-08-05 (ete)
1268,2024-08-10,Observation du 2024-08-10 (ete)
1268,2024-08-11,Observation du 2024-08-11 (ete)
1270,2024-06-03,Observation du 2024-06-03 (ete)
1270,2024-06-08,Observation du 2024-06-08 (ete)
1270,2024-06-15,Observation du 2024-06-15 (ete)
1270,2024-06-16,Observation du 2024-06-16 (ete)
1270,2024-06-17,Observation du 2024-06-17 (ete)
1270,2024-06-18,Observation du 2024-06-18 (ete)
1270,2024-06-21,Observation du 2024-06-21 (ete)
1270,2024-06-28,Observation du 2024-06-28 (ete)
1270,2024-07-06,Observation du 2024-07-06 (ete)
1270,2024-07-07,Observation du 2024-07-07 (ete)
1270,2024-07-11,Observation du 2024-07-11 (ete)
1270,2024-07-16,Observation du 2024-07-16 (ete)
1270,2024-07-17,Observation du 2024-07-17 (ete)
1270,2024-07-19,Observation du 2024-07-19 (ete)
1270,2024-07-22,Observation du 2024-07-22 (ete)
1270,2024-07-26,Observation du 2024-07-26 (ete)
1270,2024-08-03,Observation du 2024-08-03 (ete)
1270,2024-08-05,Observation du 2024-08-05 (ete)
1272,2024-06-14,Observation du 2024-06-14 (ete)
1272,2024-06-19,Observation du 2024-06-19 (ete)
1272,2024-06-21,Observation du 2024-06-21 (ete)
1272,2024-06-22,Observation du 2024-06-22 (ete)
1272,2024-06-27,Observation du 2024-06-27 (ete)
1272,2024-06-28,Observation du 2024-06-28 (ete)
1272,2024-07-04,Observation du 2024-07-04 (ete)
1272,2024-07-06,Observation du 2024-07-06 (ete)
1272,2024-07-09,Observation du 2024-07-09 (ete)
1272,2024-07-11,Observation du 2024-07-11 (ete)
1272,2024-07-12,Observation du 2024-07-12 (ete)
1272,2024-07-14,Observation du 2024-07-14 (ete)
1272,2024-07-20,Observation du 2024-07-20 (ete)
1272,2024-07-24,Observation du 2024-07-24 (ete)
1272,2024-07-28,Observation du 2024-07-28 (ete)
1272,2024-08-01,Observation du 2024-08-01 (ete)
1272,2024-08-05,Observation du 2024-08-05 (ete)
1272,2024-08-16,Observation du 2024-08-16 (ete)
1272,2024-08-19,Observation du 2024-08-19 (ete)
1272,2024-08-26,Observation du 2024-08-26 (ete)
1272,2024-09-02,Observation du 2024-09-02 (automne)
1272,2024-09-05,Observation du 2024-09-05 (automne)
1272,2024-09-07,Observation du 2024-09-07 (automne)
1272,2024-09-13,Observation du 2024-09-13 (automne)
1272,2024-09-21,Observation du 2024-09-21 (automne)
1272,2024-09-23,Observation du 2024-09-23 (automne)
1272,2024-09-29,Observation du 2024-09-29 (automne)
1272,2024-09-30,Observation du 2024-09-30 (automne)
1273,2024-05-28,Observation du 2024-05-28 (printemps)
1273,2024-05-30,Observation du 2024-05-30 (printemps)
1273,2024-05-31,Observation du 2024-05-31 (printemps)
1273,2024-06-01,Observation du 2024-06-01 (ete)
1273,2024-06-03,Observation du 2024-06-03 (ete)
1273,2024-06-05,Observation du 2024-06-05 (ete)
1273,2024-06-09,Observation du 2024-06-09 (ete)
1273,2024-06-12,Observation du 2024-06-12 (ete)
1273,2024-06-15,Observation du 2024-06-15 (ete)
1273,2024-06-20,Observation du 2024-06-20 (ete)
1273,2024-06-24,Observation du 2024-06-24 (ete)
1273,2024-06-30,Observation du 2024-06-30 (ete)
1273,2024-07-04,Observation du 2024-07-04 (ete)
1273,2024-07-05,Observation du 2024-07-05 (ete)
1273,2024-07-09,Observation du 2024-07-09 (ete)
1273,2024-07-13,Observation du 2024-07-13 (ete)
1273,2024-07-17,Observation du 2024-07-17 (ete)
1273,2024-07-19,Observation du 2024-07-19 (ete)
1273,2024-07-21,Observation du 2024-07-21 (ete)
1273,2024-07-23,Observation du 2024-07-23 (ete)
1273,2024-07-26,Observation du 2024-07-26 (ete)
1273,2024-08-01,Observation du 2024-08-01 (ete)
1273,2024-08-09,Observation du 2024-08-09 (ete)
1273,2024-08-16,Observation du 2024-08-16 (ete)
1273,2024-08-17,Observation du 2024-08-17 (ete)
1273,2024-08-25,Observation du 2024-08-25 (ete)
1273,2024-08-28,Observation du 2024-08-28 (ete)
1273,2024-08-29,Observation du 2024-08-29 (ete)
1273,2024-08-31,Observation du 2024-08-31 (ete)
1273,2024-09-02,Observation du 2024-09-02 (automne)
1273,2024-09-04,Observation du 2024-09-04 (automne)
1273,2024-09-06,Observation du 2024-09-06 (automne)
1273,2024-09-10,Observation du 2024-09-10 (automne)
1273,2024-09-12,Observation du 2024-09-12 (automne)
1273,2024-09-14,Observation du 2024-09-14 (automne)
1274,2024-05-29,Observation du 2024-05-29 (printemps)
1274,2024-06-02,Observation du 2024-06-02 (ete)
1274,2024-06-13,Observation du 2024-06-13 (ete)
1274,2024-06-14,Observation du 2024-06-14 (ete)
1274,2024-06-17,Observation du 2024-06-17 (ete)
1274,2024-06-23,Observation du 2024-06-23 (ete)
1274,2024-06-26,Observation du 2024-06-26 (ete)
1274,2024-07-01,Observation du 2024-07-01 (ete)
1274,2024-07-08,Observation du 2024-07-08 (ete)
1274,2024-07-11,Observation du 2024-07-11 (ete)
1274,2024-07-13,Observation du 2024-07-13 (ete)
1274,2024-07-19,Observation du 2024-07-19 (ete)
1274,2024-07-20,Observation du 2024-07-20 (ete)
1274,2024-07-23,Observation du 2024-07-23 (ete)
1274,2024-07-27,Observation du 2024-07-27 (ete)
1274,2024-08-09,Observation du 2024-08-09 (ete)
1274,2024-08-10,Observation du 2024-08-10 (ete)
1274,2024-08-12,Observation du 2024-08-12 (ete)
1274,2024-08-14,Observation du 2024-08-14 (ete)
1274,2024-08-17,Observation du 2024-08-17 (ete)
1274,2024-08-18,Observation du 2024-08-18 (ete)
1274,2024-08-26,Observation du 2024-08-26 (ete)
1274,2024-09-01,Observation du 2024-09-01 (automne)
1274,2024-09-08,Observation du 2024-09-08 (automne)
1275,2024-05-29,Observation du 2024-05-29 (printemps)
1275,2024-06-05,Observation du 2024-06-05 (ete)
1275,2024-06-15,Observation du 2024-06-15 (ete)
1275,2024-06-18,Observation du 2024-06-18 (ete)
1275,2024-07-01,Observation du 2024-07-01 (ete)
1275,2024-07-05,Observation du 2024-07-05 (ete)
1275,2024-07-07,Observation du 2024-07-07 (ete)
1275,2024-07-08,Observation du 2024-07-08 (ete)
1275,2024-07-09,Observation du 2024-07-09 (ete)
1275,2024-07-11,Observation du 2024-07-11 (ete)
1276,2024-06-04,Observation du 2024-06-04 (ete)
1276,2024-06-10,Observation du 2024-06-10 (ete)
1276,2024-06-13,Observation du 2024-06-13 (ete)
1276,2024-06-14,Observation du 2024-06-14 (ete)
1276,2024-06-20,Observation du 2024-06-20 (ete)
1276,2024-06-25,Observation du 2024-06-25 (ete)
1276,2024-07-01,Observation du 2024-07-01 (ete)
1276,2024-07-02,Observation du 2024-07-02 (ete)
1276,2024-07-03,Observation du 2024-07-03 (ete)
1276,2024-07-05,Observation du 2024-07-05 (ete)
1276,2024-07-07,Observation du 2024-07-07 (ete)
1276,2024-07-08,Observation du 2024-07-08 (ete)
1276,2024-07-09,Observation du 2024-07-09 (ete)
1276,2024-07-10,Observation du 2024-07-10 (ete)
1276,2024-07-12,Observation du 2024-07-12 (ete)
1277,2024-05-25,Observation du 2024-05-25 (printemps)
1277,2024-05-26,Observation du 2024-05-26 (printemps)
1277,2024-06-01,Observation du 2024-06-01 (ete)
1277,2024-06-04,Observation du 2024-06-04 (ete)
1277,2024-06-12,Observation du 2024-06-12 (ete)
1277,2024-06-15,Observation du 2024-06-15 (ete)
1277,2024-06-16,Observation du 2024-06-16 (ete)
1277,2024-06-18,Observation du 2024-06-18 (ete)
1277,2024-06-28,Observation du 2024-06-28 (ete)
1277,2024-07-11,Observation du 2024-07-11 (ete)
1277,2024-07-14,Observation du 2024-07-14 (ete)
1277,2024-07-17,Observation du 2024-07-17 (ete)
1277,2024-07-25,Observation du 2024-07-25 (ete)
1277,2024-07-31,Observation du 2024-07-31 (ete)
1277,2024-08-02,Observation du 2024-08-02 (ete)
1277,2024-08-03,Observation du 2024-08-03 (ete)
1277,2024-08-04,Observation du 2024-08-04 (ete)
1277,2024-08-08,Observation du 2024-08-08 (ete)
1277,2024-08-16,Observation du 2024-08-16 (ete)
1277,2024-08-23,Observation du 2024-08-23 (ete)
1277,2024-08-27,Observation du 2024-08-27 (ete)
1277,2024-09-03,Observation du 2024-09-03 (automne)
1277,2024-09-06,Observation du 2024-09-06 (automne)
1277,2024-09-07,Observation du 2024-09-07 (automne)
1277,2024-09-13,Observation du 2024-09-13 (automne)
1277,2024-09-14,Observation du 2024-09-14 (automne)
1277,2024-09-16,Observation du 2024-09-16 (automne)
1277,2024-09-17,Observation du 2024-09-17 (automne)
1277,2024-09-21,Observation du 2024-09-21 (automne)
1277,2024-09-22,Observation du 2024-09-22 (automne)
1277,2024-09-24,Observation du 2024-09-24 (automne)
1278,2024-06-01,Observation du 2024-06-01 (ete)
1278,2024-06-20,Observation du 2024-06-20 (ete)
1278,2024-06-24,Observation du 2024-06-24 (ete)
1278,2024-06-28,Observation du 2024-06-28 (ete)
1278,2024-07-06,Observation du 2024-07-06 (ete)
1278,2024-07-09,Observation du 2024-07-09 (ete)
1278,2024-07-15,Observation du 2024-07-15 (ete)
1278,2024-07-21,Observation du 2024-07-21 (ete)
1278,2024-08-03,Observation du 2024-08-03 (ete)
1278,2024-08-05,Observation du 2024-08-05 (ete)
1278,2024-08-07,Observation du 2024-08-07 (ete)
1280,2024-05-30,Observation du 2024-05-30 (printemps)
1280,2024-06-04,Observation du 2024-06-04 (ete)
1280,2024-06-06,Observation du 2024-06-06 (ete)
1280,2024-06-14,Observation du 2024-06-14 (ete)
1280,2024-06-16,Observation du 2024-06-16 (ete)
1280,2024-06-24,Observation du 2024-06-24 (ete)
1280,2024-07-16,Observation du 2024-07-16 (ete)
1280,2024-07-20,Observation du 2024-07-20 (ete)
1280,2024-07-25,Observation du 2024-07-25 (ete)
1280,2024-08-15,Observation du 2024-08-15 (ete)
1280,2024-08-16,Observation du 2024-08-16 (ete)
1280,2024-08-20,Observation du 2024-08-20 (ete)
1280,2024-08-24,Observation du 2024-08-24 (ete)
1280,2024-09-01,Observation du 2024-09-01 (automne)
1280,2024-09-05,Observation du 2024-09-05 (automne)
1280,2024-09-12,Observation du 2024-09-12 (automne)
1280,2024-09-17,Observation du 2024-09-17 (automne)
1280,2024-09-18,Observation du 2024-09-18 (automne)
1280,2024-09-19,Observation du 2024-09-19 (automne)
1280,2024-09-26,Observation du 2024-09-26 (automne)
1281,2024-06-03,Observation du 2024-06-03 (ete)
1281,2024-06-12,Observation du 2024-06-12 (ete)
1281,2024-06-26,Observation du 2024-06-26 (ete)
1281,2024-06-28,Observation du 2024-06-28 (ete)
1281,2024-06-29,Observation du 2024-06-29 (ete)
1281,2024-07-05,Observation du 2024-07-05 (ete)
1281,2024-07-09,Observation du 2024-07-09 (ete)
1281,2024-07-14,Observation du 2024-07-14 (ete)
1281,2024-07-19,Observation du 2024-07-19 (ete)
1281,2024-07-21,Observation du 2024-07-21 (ete)
1281,2024-07-22,Observation du 2024-07-22 (ete)
1281,2024-07-25,Observation du 2024-07-25 (ete)
1281,2024-07-31,Observation du 2024-07-31 (ete)
1281,2024-08-06,Observation du 2024-08-06 (ete)
1281,2024-08-08,Observation du 2024-08-08 (ete)
1281,2024-08-20,Observation du 2024-08-20 (ete)
1281,2024-08-23,Observation du 2024-08-23 (ete)
1281,2024-08-24,Observation du 2024-08-24 (ete)
1281,2024-09-02,Observation du 2024-09-02 (automne)
1281,2024-09-04,Observation du 2024-09-04 (automne)
1281,2024-09-05,Observation du 2024-09-05 (automne)
1281,2024-09-06,Observation du 2024-09-06 (automne)
1281,2024-09-11,Observation du 2024-09-11 (automne)
1281,2024-09-19,Observation du 2024-09-19 (automne)
1281,2024-09-29,Observation du 2024-09-29 (automne)
1281,2024-09-30,Observation du 2024-09-30 (automne)
1282,2024-05-28,Observation du 2024-05-28 (printemps)
1282,2024-05-30,Observation du 2024-05-30 (printemps)
1282,2024-06-10,Observation du 2024-06-10 (ete)
1282,2024-06-11,Observation du 2024-06-11 (ete)
1282,2024-06-24,Observation du 2024-06-24 (ete)
1282,2024-06-26,Observation du 2024-06-26 (ete)
1282,2024-06-27,Observation du 2024-06-27 (ete)
1282,2024-07-03,Observation du 2024-07-03 (ete)
1282,2024-07-07,Observation du 2024-07-07 (ete)
1282,2024-07-09,Observation du 2024-07-09 (ete)
1283,2024-06-04,Observation du 2024-06-04 (ete)
1283,2024-06-08,Observation du 2024-06-08 (ete)
1283,2024-06-09,Observation du 2024-06-09 (ete)
1283,2024-06-10,Observation du 2024-06-10 (ete)
1283,2024-06-20,Observation du 2024-06-20 (ete)
1283,2024-06-22,Observation du 2024-06-22 (ete)
1283,2024-06-23,Observation du 2024-06-23 (ete)
1283,2024-06-26,Observation du 2024-06-26 (ete)
1283,2024-07-05,Observation du 2024-07-05 (ete)
1283,2024-07-07,Observation du 2024-07-07 (ete)
1283,2024-07-08,Observation du 2024-07-08 (ete)
1283,2024-07-25,Observation du 2024-07-25 (ete)
1283,2024-08-04,Observation du 2024-08-04 (ete)
1283,2024-08-14,Observation du 2024-08-14 (ete)
1283,2024-08-31,Observation du 2024-08-31 (ete)
1283,2024-09-01,Observation du 2024-09-01 (automne)
1283,2024-09-04,Observation du 2024-09-04 (automne)
1283,2024-09-07,Observation du 2024-09-07 (automne)
1283,2024-09-09,Observation du 2024-09-09 (automne)
1284,2024-05-29,Observation du 2024-05-29 (printemps)
1284,2024-05-30,Observation du 2024-05-30 (printemps)
1284,2024-05-31,Observation du 2024-05-31 (printemps)
1284,2024-06-09,Observation du 2024-06-09 (ete)
1284,2024-06-10,Observation du 2024-06-10 (ete)
1284,2024-06-12,Observation du 2024-06-12 (ete)
1284,2024-06-13,Observation du 2024-06-13 (ete)
1284,2024-06-18,Observation du 2024-06-18 (ete)
1284,2024-06-20,Observation du 2024-06-20 (ete)
1284,2024-06-21,Observation du 2024-06-21 (ete)
1284,2024-06-23,Observation du 2024-06-23 (ete)
1284,2024-06-25,Observation du 2024-06-25 (ete)
1284,2024-06-26,Observation du 2024-06-26 (ete)
1284,2024-06-30,Observation du 2024-06-30 (ete)
1284,2024-07-07,Observation du 2024-07-07 (ete)
1284,2024-07-10,Observation du 2024-07-10 (ete)
1284,2024-07-15,Observation du 2024-07-15 (ete)
1284,2024-07-17,Observation du 2024-07-17 (ete)
1284,2024-07-19,Observation du 2024-07-19 (ete)
1284,2024-07-27,Observation du 2024-07-27 (ete)
1284,2024-07-30,Observation du 2024-07-30 (ete)
1284,2024-08-01,Observation du 2024-08-01 (ete)
1284,2024-08-02,Observation du 2024-08-02 (ete)
1284,2024-08-05,Observation du 2024-08-05 (ete)
1284,2024-08-06,Observation du 2024-08-06 (ete)
1285,2024-05-29,Observation du 2024-05-29 (printemps)
1285,2024-05-31,Observation du 2024-05-31 (printemps)
1285,2024-06-02,Observation du 2024-06-02 (ete)
1285,2024-06-03,Observation du 2024-06-03 (ete)
1285,2024-06-07,Observation du 2024-06-07 (ete)
1285,2024-06-14,Observation du 2024-06-14 (ete)
1285,2024-07-10,Observation du 2024-07-10 (ete)
1285,2024-07-12,Observation du 2024-07-12 (ete)
1285,2024-07-13,Observation du 2024-07-13 (ete)
1285,2024-07-21,Observation du 2024-07-21 (ete)
1285,2024-07-23,Observation du 2024-07-23 (ete)
1285,2024-08-01,Observation du 2024-08-01 (ete)
1285,2024-08-07,Observation du 2024-08-07 (ete)
1285,2024-08-09,Observation du 2024-08-09 (ete)
1285,2024-08-12,Observation du 2024-08-12 (ete)
1285,2024-08-14,Observation du 2024-08-14 (ete)
1285,2024-08-17,Observation du 2024-08-17 (ete)
1285,2024-08-18,Observation du 2024-08-18 (ete)
1286,2024-06-07,Observation du 2024-06-07 (ete)
1286,2024-06-08,Observation du 2024-06-08 (ete)
1286,2024-06-10,Observation du 2024-06-10 (ete)
1286,2024-06-12,Observation du 2024-06-12 (ete)
1286,2024-06-16,Observation du 2024-06-16 (ete)
1286,2024-06-19,Observation du 2024-06-19 (ete)
1286,2024-06-20,Observation du 2024-06-20 (ete)
1286,2024-06-22,Observation du 2024-06-22 (ete)
1286,2024-06-23,Observation du 2024-06-23 (ete)
1286,2024-06-27,Observation du 2024-06-27 (ete)
1286,2024-06-28,Observation du 2024-06-28 (ete)
1286,2024-06-30,Observation du 2024-06-30 (ete)
1286,2024-07-03,Observation du 2024-07-03 (ete)
1286,2024-07-11,Observation du 2024-07-11 (ete)
1286,2024-07-13,Observation du 2024-07-13 (ete)
1286,2024-07-20,Observation du 2024-07-20 (ete)
1286,2024-07-25,Observation du 2024-07-25 (ete)
1286,2024-07-28,Observation du 2024-07-28 (ete)
1286,2024-08-01,Observation du 2024-08-01 (ete)
1286,2024-08-02,Observation du 2024-08-02 (ete)
1286,2024-08-05,Observation du 2024-08-05 (ete)
1288,2024-06-07,Observation du 2024-06-07 (ete)
1288,2024-06-14,Observation du 2024-06-14 (ete)
1288,2024-06-20,Observation du 2024-06-20 (ete)
1288,2024-06-23,Observation du 2024-06-23 (ete)
1288,2024-06-28,Observation du 2024-06-28 (ete)
1288,2024-06-29,Observation du 2024-06-29 (ete)
1288,2024-07-03,Observation du 2024-07-03 (ete)
1288,2024-07-05,Observation du 2024-07-05 (ete)
1288,2024-07-10,Observation du 2024-07-10 (ete)
1288,2024-07-21,Observation du 2024-07-21 (ete)
1288,2024-07-23,Observation du 2024-07-23 (ete)
1288,2024-08-02,Observation du 2024-08-02 (ete)
1288,2024-08-05,Observation du 2024-08-05 (ete)
1288,2024-08-07,Observation du 2024-08-07 (ete)
1288,2024-08-09,Observation du 2024-08-09 (ete)
1288,2024-08-10,Observation du 2024-08-10 (ete)
1288,2024-08-11,Observation du 2024-08-11 (ete)
1288,2024-08-14,Observation du 2024-08-14 (ete)
1288,2024-08-15,Observation du 2024-08-15 (ete)
1288,2024-08-18,Observation du 2024-08-18 (ete)
1288,2024-08-20,Observation du 2024-08-20 (ete)
1289,2024-05-28,Observation du 2024-05-28 (printemps)
1289,2024-05-30,Observation du 2024-05-30 (printemps)
1289,2024-06-07,Observation du 2024-06-07 (ete)
1289,2024-06-08,Observation du 2024-06-08 (ete)
1289,2024-06-11,Observation du 2024-06-11 (ete)
1289,2024-06-13,Observation du 2024-06-13 (ete)
1289,2024-06-15,Observation du 2024-06-15 (ete)
1289,2024-06-28,Observation du 2024-06-28 (ete)
1289,2024-06-30,Observation du 2024-06-30 (ete)
1289,2024-07-04,Observation du 2024-07-04 (ete)
1290,2024-06-06,Observation du 2024-06-06 (ete)
1290,2024-06-09,Observation du 2024-06-09 (ete)
1290,2024-06-11,Observation du 2024-06-11 (ete)
1290,2024-06-25,Observation du 2024-06-25 (ete)
1290,2024-06-30,Observation du 2024-06-30 (ete)
1290,2024-07-01,Observation du 2024-07-01 (ete)
1290,2024-07-02,Observation du 2024-07-02 (ete)
1290,2024-07-13,Observation du 2024-07-13 (ete)
1290,2024-07-16,Observation du 2024-07-16 (ete)
1290,2024-07-17,Observation du 2024-07-17 (ete)
1290,2024-07-21,Observation du 2024-07-21 (ete)
1290,2024-07-29,Observation du 2024-07-29 (ete)
1290,2024-08-02,Observation du 2024-08-02 (ete)
1290,2024-08-06,Observation du 2024-08-06 (ete)
1290,2024-08-10,Observation du 2024-08-10 (ete)
1290,2024-08-11,Observation du 2024-08-11 (ete)
1290,2024-08-22,Observation du 2024-08-22 (ete)
1290,2024-08-29,Observation du 2024-08-29 (ete)
1291,2024-05-31,Observation du 2024-05-31 (printemps)
1291,2024-06-03,Observation du 2024-06-03 (ete)
1291,2024-06-05,Observation du 2024-06-05 (ete)
1291,2024-06-09,Observation du 2024-06-09 (ete)
1291,2024-06-12,Observation du 2024-06-12 (ete)
1291,2024-06-15,Observation du 2024-06-15 (ete)
1291,2024-06-17,Observation du 2024-06-17 (ete)
1291,2024-06-18,Observation du 2024-06-18 (ete)
1291,2024-06-21,Observation du 2024-06-21 (ete)
1291,2024-06-26,Observation du 2024-06-26 (ete)
1291,2024-07-03,Observation du 2024-07-03 (ete)
1291,2024-07-04,Observation du 2024-07-04 (ete)
1291,2024-07-06,Observation du 2024-07-06 (ete)
1291,2024-07-09,Observation du 2024-07-09 (ete)
1291,2024-07-11,Observation du 2024-07-11 (ete)
1291,2024-07-17,Observation du 2024-07-17 (ete)
1291,2024-07-21,Observation du 2024-07-21 (ete)
1291,2024-07-23,Observation du 2024-07-23 (ete)
1291,2024-07-27,Observation du 2024-07-27 (ete)
1291,2024-07-29,Observation du 2024-07-29 (ete)
1291,2024-08-05,Observation du 2024-08-05 (ete)
1291,2024-08-06,Observation du 2024-08-06 (ete)
1291,2024-08-08,Observation du 2024-08-08 (ete)
1291,2024-08-13,Observation du 2024-08-13 (ete)
1291,2024-08-21,Observation du 2024-08-21 (ete)
1291,2024-08-22,Observation du 2024-08-22 (ete)
1291,2024-08-23,Observation du 2024-08-23 (ete)
1292,2024-05-28,Observation du 2024-05-28 (printemps)
1292,2024-05-29,Observation du 2024-05-29 (printemps)
1292,2024-05-31,Observation du 2024-05-31 (printemps)
1292,2024-06-06,Observation du 2024-06-06 (ete)
1292,2024-06-10,Observation du 2024-06-10 (ete)
1292,2024-06-11,Observation du 2024-06-11 (ete)
1292,2024-06-12,Observation du 2024-06-12 (ete)
1292,2024-06-20,Observation du 2024-06-20 (ete)
1292,2024-06-21,Observation du 2024-06-21 (ete)
1292,2024-06-28,Observation du 2024-06-28 (ete)
1292,2024-06-29,Observation du 2024-06-29 (ete)
1292,2024-07-01,Observation du 2024-07-01 (ete)
1292,2024-07-05,Observation du 2024-07-05 (ete)
1292,2024-07-10,Observation du 2024-07-10 (ete)
1292,2024-07-12,Observation du 2024-07-12 (ete)
1292,2024-07-13,Observation du 2024-07-13 (ete)
1292,2024-07-17,Observation du 2024-07-17 (ete)
1292,2024-07-19,Observation du 2024-07-19 (ete)
1292,2024-07-23,Observation du 2024-07-23 (ete)
1292,2024-07-29,Observation du 2024-07-29 (ete)
1292,2024-07-30,Observation du 2024-07-30 (ete)
1292,2024-08-05,Observation du 2024-08-05 (ete)
1293,2024-06-13,Observation du 2024-06-13 (ete)
1293,2024-06-15,Observation du 2024-06-15 (ete)
1293,2024-06-16,Observation du 2024-06-16 (ete)
1293,2024-06-18,Observation du 2024-06-18 (ete)
1293,2024-06-19,Observation du 2024-06-19 (ete)
1293,2024-06-24,Observation du 2024-06-24 (ete)
1293,2024-06-26,Observation du 2024-06-26 (ete)
1293,2024-06-28,Observation du 2024-06-28 (ete)
1293,2024-06-30,Observation du 2024-06-30 (ete)
1293,2024-07-02,Observation du 2024-07-02 (ete)
1293,2024-07-03,Observation du 2024-07-03 (ete)
1293,2024-07-04,Observation du 2024-07-04 (ete)
1293,2024-07-09,Observation du 2024-07-09 (ete)
1293,2024-07-17,Observation du 2024-07-17 (ete)
1293,2024-07-22,Observation du 2024-07-22 (ete)
1293,2024-07-26,Observation du 2024-07-26 (ete)
1293,2024-07-28,Observation du 2024-07-28 (ete)
1293,2024-07-29,Observation du 2024-07-29 (ete)
1293,2024-08-19,Observation du 2024-08-19 (ete)
1293,2024-08-23,Observation du 2024-08-23 (ete)
1293,2024-08-24,Observation du 2024-08-24 (ete)
1293,2024-08-29,Observation du 2024-08-29 (ete)
1293,2024-08-31,Observation du 2024-08-31 (ete)
1293,2024-09-02,Observation du 2024-09-02 (automne)
1293,2024-09-06,Observation du 2024-09-06 (automne)
1293,2024-09-12,Observation du 2024-09-12 (automne)
1293,2024-09-14,Observation du 2024-09-14 (automne)
1293,2024-09-23,Observation du 2024-09-23 (automne)
1294,2024-05-26,Observation du 2024-05-26 (printemps)
1294,2024-05-27,Observation du 2024-05-27 (printemps)
1294,2024-05-30,Observation du 2024-05-30 (printemps)
1294,2024-05-31,Observation du 2024-05-31 (printemps)
1294,2024-06-07,Observation du 2024-06-07 (ete)
1294,2024-06-08,Observation du 2024-06-08 (ete)
1294,2024-06-10,Observation du 2024-06-10 (ete)
1294,2024-06-11,Observation du 2024-06-11 (ete)
1294,2024-06-13,Observation du 2024-06-13 (ete)
1294,2024-06-15,Observation du 2024-06-15 (ete)
1294,2024-06-18,Observation du 2024-06-18 (ete)
1294,2024-06-20,Observation du 2024-06-20 (ete)
1294,2024-06-22,Observation du 2024-06-22 (ete)
1294,2024-06-24,Observation du 2024-06-24 (ete)
1294,2024-06-26,Observation du 2024-06-26 (ete)
1294,2024-06-30,Observation du 2024-06-30 (ete)
1294,2024-07-05,Observation du 2024-07-05 (ete)
1294,2024-07-11,Observation du 2024-07-11 (ete)
1294,2024-07-19,Observation du 2024-07-19 (ete)
1294,2024-07-21,Observation du 2024-07-21 (ete)
1295,2024-06-11,Observation du 2024-06-11 (ete)
1295,2024-06-14,Observation du 2024-06-14 (ete)
1295,2024-06-19,Observation du 2024-06-19 (ete)
1295,2024-06-22,Observation du 2024-06-22 (ete)
1295,2024-06-24,Observation du 2024-06-24 (ete)
1295,2024-06-27,Observation du 2024-06-27 (ete)
1295,2024-07-01,Observation du 2024-07-01 (ete)
1295,2024-07-03,Observation du 2024-07-03 (ete)
1295,2024-07-04,Observation du 2024-07-04 (ete)
1295,2024-07-10,Observation du 2024-07-10 (ete)
1295,2024-07-12,Observation du 2024-07-12 (ete)
1295,2024-07-15,Observation du 2024-07-15 (ete)
1295,2024-07-20,Observation du 2024-07-20 (ete)
1295,2024-07-22,Observation du 2024-07-22 (ete)
1295,2024-07-28,Observation du 2024-07-28 (ete)
1295,2024-07-30,Observation du 2024-07-30 (ete)
1295,2024-08-03,Observation du 2024-08-03 (ete)
1295,2024-08-07,Observation du 2024-08-07 (ete)
1295,2024-08-11,Observation du 2024-08-11 (ete)
1295,2024-08-13,Observation du 2024-08-13 (ete)
1295,2024-08-14,Observation du 2024-08-14 (ete)
1295,2024-08-15,Observation du 2024-08-15 (ete)
1295,2024-08-20,Observation du 2024-08-20 (ete)
1295,2024-09-07,Observation du 2024-09-07 (automne)
1295,2024-09-11,Observation du 2024-09-11 (automne)
1296,2024-05-29,Observation du 2024-05-29 (printemps)
1296,2024-05-30,Observation du 2024-05-30 (printemps)
1296,2024-06-04,Observation du 2024-06-04 (ete)
1296,2024-06-05,Observation du 2024-06-05 (ete)
1296,2024-06-14,Observation du 2024-06-14 (ete)
1296,2024-06-15,Observation du 2024-06-15 (ete)
1296,2024-06-16,Observation du 2024-06-16 (ete)
1296,2024-06-20,Observation du 2024-06-20 (ete)
1296,2024-06-23,Observation du 2024-06-23 (ete)
1296,2024-06-25,Observation du 2024-06-25 (ete)
1296,2024-07-08,Observation du 2024-07-08 (ete)
1296,2024-07-11,Observation du 2024-07-11 (ete)
1296,2024-07-12,Observation du 2024-07-12 (ete)
1296,2024-07-13,Observation du 2024-07-13 (ete)
1296,2024-07-16,Observation du 2024-07-16 (ete)
1296,2024-07-21,Observation du 2024-07-21 (ete)
1296,2024-07-27,Observation du 2024-07-27 (ete)
1296,2024-07-29,Observation du 2024-07-29 (ete)
1296,2024-07-30,Observation du 2024-07-30 (ete)
1296,2024-08-05,Observation du 2024-08-05 (ete)
1296,2024-08-12,Observation du 2024-08-12 (ete)
1296,2024-08-15,Observation du 2024-08-15 (ete)
1296,2024-08-16,Observation du 2024-08-16 (ete)
1296,2024-08-18,Observation du 2024-08-18 (ete)
1296,2024-08-23,Observation du 2024-08-23 (ete)
1296,2024-08-24,Observation du 2024-08-24 (ete)
1296,2024-08-26,Observation du 2024-08-26 (ete)
1296,2024-08-27,Observation du 2024-08-27 (ete)
1296,2024-08-30,Observation du 2024-08-30 (ete)
1296,2024-09-02,Observation du 2024-09-02 (automne)
1296,2024-09-05,Observation du 2024-09-05 (automne)
1296,2024-09-08,Observation du 2024-09-08 (automne)
1296,2024-09-10,Observation du 2024-09-10 (automne)
1296,2024-09-11,Observation du 2024-09-11 (automne)
1296,2024-09-16,Observation du 2024-09-16 (automne)
1296,2024-09-17,Observation du 2024-09-17 (automne)
1296,2024-09-20,Observation du 2024-09-20 (automne)
1296,2024-09-27,Observation du 2024-09-27 (automne)
1297,2024-05-30,Observation du 2024-05-30 (printemps)
1297,2024-06-03,Observation du 2024-06-03 (ete)
1297,2024-06-06,Observation du 2024-06-06 (ete)
1297,2024-06-10,Observation du 2024-06-10 (ete)
1297,2024-06-11,Observation du 2024-06-11 (ete)
1297,2024-06-13,Observation du 2024-06-13 (ete)
1297,2024-06-15,Observation du 2024-06-15 (ete)
1297,2024-06-20,Observation du 2024-06-20 (ete)
1297,2024-06-25,Observation du 2024-06-25 (ete)
1297,2024-06-26,Observation du 2024-06-26 (ete)
1297,2024-06-29,Observation du 2024-06-29 (ete)
1297,2024-07-01,Observation du 2024-07-01 (ete)
1297,2024-07-07,Observation du 2024-07-07 (ete)
1297,2024-07-10,Observation du 2024-07-10 (ete)
1297,2024-07-16,Observation du 2024-07-16 (ete)
1297,2024-07-17,Observation du 2024-07-17 (ete)
1297,2024-07-18,Observation du 2024-07-18 (ete)
1297,2024-07-21,Observation du 2024-07-21 (ete)
1297,2024-07-22,Observation du 2024-07-22 (ete)
1297,2024-07-29,Observation du 2024-07-29 (ete)
1297,2024-07-31,Observation du 2024-07-31 (ete)
1297,2024-08-07,Observation du 2024-08-07 (ete)
1297,2024-08-08,Observation du 2024-08-08 (ete)
1297,2024-08-16,Observation du 2024-08-16 (ete)
1298,2024-06-12,Observation du 2024-06-12 (ete)
1298,2024-06-14,Observation du 2024-06-14 (ete)
1298,2024-06-16,Observation du 2024-06-16 (ete)
1298,2024-06-22,Observation du 2024-06-22 (ete)
1298,2024-06-26,Observation du 2024-06-26 (ete)
1298,2024-06-27,Observation du 2024-06-27 (ete)
1298,2024-06-28,Observation du 2024-06-28 (ete)
1298,2024-07-01,Observation du 2024-07-01 (ete)
1298,2024-07-06,Observation du 2024-07-06 (ete)
1298,2024-07-10,Observation du 2024-07-10 (ete)
1298,2024-07-21,Observation du 2024-07-21 (ete)
1298,2024-07-24,Observation du 2024-07-24 (ete)
1299,2024-06-02,Observation du 2024-06-02 (ete)
1299,2024-06-06,Observation du 2024-06-06 (ete)
1299,2024-06-12,Observation du 2024-06-12 (ete)
1299,2024-06-25,Observation du 2024-06-25 (ete)
1299,2024-06-27,Observation du 2024-06-27 (ete)
1299,2024-06-29,Observation du 2024-06-29 (ete)
1299,2024-07-02,Observation du 2024-07-02 (ete)
1299,2024-07-03,Observation du 2024-07-03 (ete)
1299,2024-07-08,Observation du 2024-07-08 (ete)
1299,2024-07-11,Observation du 2024-07-11 (ete)
1299,2024-07-16,Observation du 2024-07-16 (ete)
1299,2024-07-18,Observation du 2024-07-18 (ete)
1299,2024-07-19,Observation du 2024-07-19 (ete)
1299,2024-07-21,Observation du 2024-07-21 (ete)
1299,2024-07-23,Observation du 2024-07-23 (ete)
1299,2024-08-01,Observation du 2024-08-01 (ete)
1299,2024-08-02,Observation du 2024-08-02 (ete)
1299,2024-08-03,Observation du 2024-08-03 (ete)
1299,2024-08-04,Observation du 2024-08-04 (ete)
1299,2024-08-05,Observation du 2024-08-05 (ete)
1299,2024-08-06,Observation du 2024-08-06 (ete)
1299,2024-08-10,Observation du 2024-08-10 (ete)
1299,2024-08-14,Observation du 2024-08-14 (ete)
1299,2024-08-15,Observation du 2024-08-15 (ete)
1299,2024-08-21,Observation du 2024-08-21 (ete)
1299,2024-08-22,Observation du 2024-08-22 (ete)
1299,2024-08-25,Observation du 2024-08-25 (ete)
1299,2024-08-26,Observation du 2024-08-26 (ete)
1299,2024-08-27,Observation du 2024-08-27 (ete)
1299,2024-09-01,Observation du 2024-09-01 (automne)
1299,2024-09-04,Observation du 2024-09-04 (automne)
1300,2024-05-31,Observation du 2024-05-31 (printemps)
1300,2024-06-01,Observation du 2024-06-01 (ete)
1300,2024-06-05,Observation du 2024-06-05 (ete)
1300,2024-06-06,Observation du 2024-06-06 (ete)
1300,2024-06-07,Observation du 2024-06-07 (ete)
1300,2024-06-10,Observation du 2024-06-10 (ete)
1300,2024-06-16,Observation du 2024-06-16 (ete)
1300,2024-06-27,Observation du 2024-06-27 (ete)
1300,2024-06-28,Observation du 2024-06-28 (ete)
1300,2024-07-02,Observation du 2024-07-02 (ete)
1300,2024-07-04,Observation du 2024-07-04 (ete)
1301,2024-05-11,Observation du 2024-05-11 (printemps)
1301,2024-05-13,Observation du 2024-05-13 (printemps)
1301,2024-05-15,Observation du 2024-05-15 (printemps)
1301,2024-05-16,Observation du 2024-05-16 (printemps)
1301,2024-05-17,Observation du 2024-05-17 (printemps)
1301,2024-05-18,Observation du 2024-05-18 (printemps)
1301,2024-05-23,Observation du 2024-05-23 (printemps)
1301,2024-05-26,Observation du 2024-05-26 (printemps)
1301,2024-05-28,Observation du 2024-05-28 (printemps)
1301,2024-06-01,Observation du 2024-06-01 (ete)
1301,2024-06-03,Observation du 2024-06-03 (ete)
1301,2024-06-10,Observation du 2024-06-10 (ete)
1301,2024-06-12,Observation du 2024-06-12 (ete)
1301,2024-06-14,Observation du 2024-06-14 (ete)
1301,2024-06-15,Observation du 2024-06-15 (ete)
1301,2024-06-19,Observation du 2024-06-19 (ete)
1301,2024-06-21,Observation du 2024-06-21 (ete)
1301,2024-06-22,Observation du 2024-06-22 (ete)
1301,2024-06-23,Observation du 2024-06-23 (ete)
1302,2024-05-15,Observation du 2024-05-15 (printemps)
1302,2024-05-22,Observation du 2024-05-22 (printemps)
1302,2024-05-23,Observation du 2024-05-23 (printemps)
1302,2024-05-25,Observation du 2024-05-25 (printemps)
1302,2024-05-27,Observation du 2024-05-27 (printemps)
1302,2024-05-30,Observation du 2024-05-30 (printemps)
1302,2024-06-01,Observation du 2024-06-01 (ete)
1302,2024-06-03,Observation du 2024-06-03 (ete)
1302,2024-06-05,Observation du 2024-06-05 (ete)
1302,2024-06-07,Observation du 2024-06-07 (ete)
1302,2024-06-16,Observation du 2024-06-16 (ete)
1302,2024-06-18,Observation du 2024-06-18 (ete)
1302,2024-06-22,Observation du 2024-06-22 (ete)
1302,2024-06-29,Observation du 2024-06-29 (ete)
1302,2024-06-30,Observation du 2024-06-30 (ete)
1302,2024-07-03,Observation du 2024-07-03 (ete)
1302,2024-07-05,Observation du 2024-07-05 (ete)
1302,2024-07-08,Observation du 2024-07-08 (ete)
1302,2024-07-12,Observation du 2024-07-12 (ete)
1302,2024-07-17,Observation du 2024-07-17 (ete)
1302,2024-07-19,Observation du 2024-07-19 (ete)
1302,2024-07-22,Observation du 2024-07-22 (ete)
1302,2024-07-28,Observation du 2024-07-28 (ete)
1302,2024-08-02,Observation du 2024-08-02 (ete)
1302,2024-08-06,Observation du 2024-08-06 (ete)
1302,2024-08-10,Observation du 2024-08-10 (ete)
1302,2024-08-12,Observation du 2024-08-12 (ete)
1302,2024-08-13,Observation du 2024-08-13 (ete)
1302,2024-08-14,Observation du 2024-08-14 (ete)
1302,2024-08-29,Observation du 2024-08-29 (ete)
1302,2024-09-01,Observation du 2024-09-01 (automne)
1302,2024-09-05,Observation du 2024-09-05 (automne)
1302,2024-09-06,Observation du 2024-09-06 (automne)
1302,2024-09-08,Observation du 2024-09-08 (automne)
1304,2024-05-10,Observation du 2024-05-10 (printemps)
1304,2024-05-11,Observation du 2024-05-11 (printemps)
1304,2024-05-13,Observation du 2024-05-13 (printemps)
1304,2024-05-15,Observation du 2024-05-15 (printemps)
1304,2024-05-16,Observation du 2024-05-16 (printemps)
1304,2024-05-23,Observation du 2024-05-23 (printemps)
1304,2024-06-07,Observation du 2024-06-07 (ete)
1304,2024-06-08,Observation du 2024-06-08 (ete)
1304,2024-06-09,Observation du 2024-06-09 (ete)
1304,2024-06-11,Observation du 2024-06-11 (ete)
1304,2024-06-13,Observation du 2024-06-13 (ete)
1304,2024-06-14,Observation du 2024-06-14 (ete)
1304,2024-06-15,Observation du 2024-06-15 (ete)
1305,2024-05-26,Observation du 2024-05-26 (printemps)
1305,2024-05-27,Observation du 2024-05-27 (printemps)
1305,2024-05-28,Observation du 2024-05-28 (printemps)
1305,2024-05-29,Observation du 2024-05-29 (printemps)
1305,2024-05-30,Observation du 2024-05-30 (printemps)
1305,2024-06-02,Observation du 2024-06-02 (ete)
1305,2024-06-09,Observation du 2024-06-09 (ete)
1305,2024-06-15,Observation du 2024-06-15 (ete)
1305,2024-06-20,Observation du 2024-06-20 (ete)
1305,2024-06-22,Observation du 2024-06-22 (ete)
1305,2024-06-24,Observation du 2024-06-24 (ete)
1305,2024-06-27,Observation du 2024-06-27 (ete)
1305,2024-07-01,Observation du 2024-07-01 (ete)
1305,2024-07-13,Observation du 2024-07-13 (ete)
1305,2024-07-22,Observation du 2024-07-22 (ete)
1305,2024-07-26,Observation du 2024-07-26 (ete)
1305,2024-07-30,Observation du 2024-07-30 (ete)
1305,2024-08-04,Observation du 2024-08-04 (ete)
1305,2024-08-07,Observation du 2024-08-07 (ete)
1305,2024-08-09,Observation du 2024-08-09 (ete)
1305,2024-08-12,Observation du 2024-08-12 (ete)
1305,2024-08-14,Observation du 2024-08-14 (ete)
1307,2024-05-14,Observation du 2024-05-14 (printemps)
1307,2024-05-18,Observation du 2024-05-18 (printemps)
1307,2024-05-25,Observation du 2024-05-25 (printemps)
1307,2024-05-26,Observation du 2024-05-26 (printemps)
1307,2024-05-28,Observation du 2024-05-28 (printemps)
1307,2024-06-03,Observation du 2024-06-03 (ete)
1307,2024-06-04,Observation du 2024-06-04 (ete)
1307,2024-06-06,Observation du 2024-06-06 (ete)
1307,2024-06-07,Observation du 2024-06-07 (ete)
1307,2024-06-14,Observation du 2024-06-14 (ete)
1307,2024-06-16,Observation du 2024-06-16 (ete)
1307,2024-07-04,Observation du 2024-07-04 (ete)
1307,2024-07-09,Observation du 2024-07-09 (ete)
1307,2024-07-11,Observation du 2024-07-11 (ete)
1307,2024-07-15,Observation du 2024-07-15 (ete)
1307,2024-07-21,Observation du 2024-07-21 (ete)
1307,2024-07-22,Observation du 2024-07-22 (ete)
1307,2024-07-29,Observation du 2024-07-29 (ete)
1307,2024-08-01,Observation du 2024-08-01 (ete)
1307,2024-08-07,Observation du 2024-08-07 (ete)
1307,2024-08-09,Observation du 2024-08-09 (ete)
1307,2024-08-10,Observation du 2024-08-10 (ete)
1307,2024-08-18,Observation du 2024-08-18 (ete)
1307,2024-08-20,Observation du 2024-08-20 (ete)
1307,2024-08-21,Observation du 2024-08-21 (ete)
1307,2024-08-22,Observation du 2024-08-22 (ete)
1307,2024-08-27,Observation du 2024-08-27 (ete)
1307,2024-09-01,Observation du 2024-09-01 (automne)
1307,2024-09-02,Observation du 2024-09-02 (automne)
1307,2024-09-03,Observation du 2024-09-03 (automne)
1307,2024-09-07,Observation du 2024-09-07 (automne)
1307,2024-09-08,Observation du 2024-09-08 (automne)
1307,2024-09-11,Observation du 2024-09-11 (automne)
1307,2024-09-13,Observation du 2024-09-13 (automne)
1307,2024-09-14,Observation du 2024-09-14 (automne)
1307,2024-09-19,Observation du 2024-09-19 (automne)
1307,2024-09-22,Observation du 2024-09-22 (automne)
1307,2024-09-27,Observation du 2024-09-27 (automne)
1308,2024-05-10,Observation du 2024-05-10 (printemps)
1308,2024-05-11,Observation du 2024-05-11 (printemps)
1308,2024-05-12,Observation du 2024-05-12 (printemps)
1308,2024-05-13,Observation du 2024-05-13 (printemps)
1308,2024-05-14,Observation du 2024-05-14 (printemps)
1308,2024-05-18,Observation du 2024-05-18 (printemps)
1308,2024-05-21,Observation du 2024-05-21 (printemps)
1308,2024-05-24,Observation du 2024-05-24 (printemps)
1308,2024-05-26,Observation du 2024-05-26 (printemps)
1308,2024-05-29,Observation du 2024-05-29 (printemps)
1308,2024-05-31,Observation du 2024-05-31 (printemps)
1308,2024-06-05,Observation du 2024-06-05 (ete)
1308,2024-06-11,Observation du 2024-06-11 (ete)
1308,2024-06-18,Observation du 2024-06-18 (ete)
1308,2024-06-29,Observation du 2024-06-29 (ete)
1308,2024-07-01,Observation du 2024-07-01 (ete)
1308,2024-07-06,Observation du 2024-07-06 (ete)
1308,2024-07-09,Observation du 2024-07-09 (ete)
1308,2024-07-19,Observation du 2024-07-19 (ete)
1308,2024-07-20,Observation du 2024-07-20 (ete)
1308,2024-07-21,Observation du 2024-07-21 (ete)
1308,2024-07-23,Observation du 2024-07-23 (ete)
1308,2024-07-24,Observation du 2024-07-24 (ete)
1308,2024-07-26,Observation du 2024-07-26 (ete)
1308,2024-07-28,Observation du 2024-07-28 (ete)
1310,2024-05-18,Observation du 2024-05-18 (printemps)
1310,2024-05-19,Observation du 2024-05-19 (printemps)
1310,2024-05-23,Observation du 2024-05-23 (printemps)
1310,2024-05-26,Observation du 2024-05-26 (printemps)
1310,2024-05-28,Observation du 2024-05-28 (printemps)
1310,2024-05-30,Observation du 2024-05-30 (printemps)
1310,2024-06-01,Observation du 2024-06-01 (ete)
1310,2024-06-05,Observation du 2024-06-05 (ete)
1310,2024-06-15,Observation du 2024-06-15 (ete)
1310,2024-06-26,Observation du 2024-06-26 (ete)
1310,2024-07-03,Observation du 2024-07-03 (ete)
1310,2024-07-06,Observation du 2024-07-06 (ete)
1310,2024-07-09,Observation du 2024-07-09 (ete)
1310,2024-07-14,Observation du 2024-07-14 (ete)
1310,2024-07-20,Observation du 2024-07-20 (ete)
1310,2024-07-23,Observation du 2024-07-23 (ete)
1310,2024-07-30,Observation du 2024-07-30 (ete)
1310,2024-08-08,Observation du 2024-08-08 (ete)
1311,2024-05-12,Observation du 2024-05-12 (printemps)
1311,2024-05-13,Observation du 2024-05-13 (printemps)
1311,2024-05-18,Observation du 2024-05-18 (printemps)
1311,2024-05-21,Observation du 2024-05-21 (printemps)
1311,2024-05-23,Observation du 2024-05-23 (printemps)
1311,2024-05-26,Observation du 2024-05-26 (printemps)
1311,2024-05-27,Observation du 2024-05-27 (printemps)
1311,2024-05-31,Observation du 2024-05-31 (printemps)
1311,2024-06-02,Observation du 2024-06-02 (ete)
1311,2024-06-03,Observation du 2024-06-03 (ete)
1311,2024-06-04,Observation du 2024-06-04 (ete)
1311,2024-06-06,Observation du 2024-06-06 (ete)
1311,2024-06-08,Observation du 2024-06-08 (ete)
1311,2024-06-11,Observation du 2024-06-11 (ete)
1311,2024-06-14,Observation du 2024-06-14 (ete)
1311,2024-06-19,Observation du 2024-06-19 (ete)
1311,2024-06-21,Observation du 2024-06-21 (ete)
1311,2024-06-22,Observation du 2024-06-22 (ete)
1311,2024-06-25,Observation du 2024-06-25 (ete)
1311,2024-06-29,Observation du 2024-06-29 (ete)
1311,2024-06-30,Observation du 2024-06-30 (ete)
1311,2024-07-06,Observation du 2024-07-06 (ete)
1311,2024-07-11,Observation du 2024-07-11 (ete)
1311,2024-07-16,Observation du 2024-07-16 (ete)
1311,2024-07-20,Observation du 2024-07-20 (ete)
1311,2024-07-22,Observation du 2024-07-22 (ete)
1311,2024-07-28,Observation du 2024-07-28 (ete)
1311,2024-07-30,Observation du 2024-07-30 (ete)
1311,2024-07-31,Observation du 2024-07-31 (ete)
1311,2024-08-02,Observation du 2024-08-02 (ete)
1311,2024-08-08,Observation du 2024-08-08 (ete)
1311,2024-08-20,Observation du 2024-08-20 (ete)
1311,2024-08-21,Observation du 2024-08-21 (ete)
1311,2024-08-23,Observation du 2024-08-23 (ete)
1311,2024-08-25,Observation du 2024-08-25 (ete)
1311,2024-08-26,Observation du 2024-08-26 (ete)
1311,2024-09-01,Observation du 2024-09-01 (automne)
1311,2024-09-02,Observation du 2024-09-02 (automne)
1311,2024-09-05,Observation du 2024-09-05 (automne)
1311,2024-09-08,Observation du 2024-09-08 (automne)
1311,2024-09-11,Observation du 2024-09-11 (automne)
1311,2024-09-14,Observation du 2024-09-14 (automne)
1312,2024-05-14,Observation du 2024-05-14 (printemps)
1312,2024-05-18,Observation du 2024-05-18 (printemps)
1312,2024-05-19,Observation du 2024-05-19 (printemps)
1312,2024-05-23,Observation du 2024-05-23 (printemps)
1312,2024-05-28,Observation du 2024-05-28 (printemps)
1312,2024-05-29,Observation du 2024-05-29 (printemps)
1312,2024-05-31,Observation du 2024-05-31 (printemps)
1312,2024-06-06,Observation du 2024-06-06 (ete)
1312,2024-06-07,Observation du 2024-06-07 (ete)
1312,2024-06-15,Observation du 2024-06-15 (ete)
1312,2024-06-18,Observation du 2024-06-18 (ete)
1312,2024-06-21,Observation du 2024-06-21 (ete)
1312,2024-06-27,Observation du 2024-06-27 (ete)
1313,2024-05-19,Observation du 2024-05-19 (printemps)
1313,2024-05-26,Observation du 2024-05-26 (printemps)
1313,2024-05-29,Observation du 2024-05-29 (printemps)
1313,2024-05-30,Observation du 2024-05-30 (printemps)
1313,2024-05-31,Observation du 2024-05-31 (printemps)
1313,2024-06-07,Observation du 2024-06-07 (ete)
1313,2024-06-11,Observation du 2024-06-11 (ete)
1313,2024-06-13,Observation du 2024-06-13 (ete)
1313,2024-06-14,Observation du 2024-06-14 (ete)
1313,2024-06-15,Observation du 2024-06-15 (ete)
1313,2024-06-17,Observation du 2024-06-17 (ete)
1313,2024-06-18,Observation du 2024-06-18 (ete)
1313,2024-06-26,Observation du 2024-06-26 (ete)
1313,2024-06-28,Observation du 2024-06-28 (ete)
1313,2024-07-01,Observation du 2024-07-01 (ete)
1313,2024-07-06,Observation du 2024-07-06 (ete)
1313,2024-07-08,Observation du 2024-07-08 (ete)
1313,2024-07-13,Observation du 2024-07-13 (ete)
1313,2024-07-15,Observation du 2024-07-15 (ete)
1313,2024-07-18,Observation du 2024-07-18 (ete)
1313,2024-07-27,Observation du 2024-07-27 (ete)
1313,2024-07-28,Observation du 2024-07-28 (ete)
1313,2024-07-31,Observation du 2024-07-31 (ete)
1313,2024-08-04,Observation du 2024-08-04 (ete)
1313,2024-08-11,Observation du 2024-08-11 (ete)
1313,2024-08-15,Observation du 2024-08-15 (ete)
1313,2024-08-18,Observation du 2024-08-18 (ete)
1313,2024-08-21,Observation du 2024-08-21 (ete)
1313,2024-08-24,Observation du 2024-08-24 (ete)
1313,2024-08-25,Observation du 2024-08-25 (ete)
1313,2024-08-31,Observation du 2024-08-31 (ete)
1313,2024-09-02,Observation du 2024-09-02 (automne)
1313,2024-09-05,Observation du 2024-09-05 (automne)
1313,2024-09-07,Observation du 2024-09-07 (automne)
1313,2024-09-08,Observation du 2024-09-08 (automne)
1313,2024-09-13,Observation du 2024-09-13 (automne)
1316,2024-05-13,Observation du 2024-05-13 (printemps)
1316,2024-05-14,Observation du 2024-05-14 (printemps)
1316,2024-05-15,Observation du 2024-05-15 (printemps)
1316,2024-05-17,Observation du 2024-05-17 (printemps)
1316,2024-05-22,Observation du 2024-05-22 (printemps)
1316,2024-05-26,Observation du 2024-05-26 (printemps)
1316,2024-05-27,Observation du 2024-05-27 (printemps)
1316,2024-05-28,Observation du 2024-05-28 (printemps)
1316,2024-05-30,Observation du 2024-05-30 (printemps)
1316,2024-05-31,Observation du 2024-05-31 (printemps)
1316,2024-06-04,Observation du 2024-06-04 (ete)
1316,2024-06-14,Observation du 2024-06-14 (ete)
1316,2024-06-16,Observation du 2024-06-16 (ete)
1316,2024-06-28,Observation du 2024-06-28 (ete)
1316,2024-07-03,Observation du 2024-07-03 (ete)
1316,2024-07-09,Observation du 2024-07-09 (ete)
1316,2024-07-26,Observation du 2024-07-26 (ete)
1316,2024-08-01,Observation du 2024-08-01 (ete)
1317,2024-05-09,Observation du 2024-05-09 (printemps)
1317,2024-05-11,Observation du 2024-05-11 (printemps)
1317,2024-05-17,Observation du 2024-05-17 (printemps)
1317,2024-05-24,Observation du 2024-05-24 (printemps)
1317,2024-05-27,Observation du 2024-05-27 (printemps)
1317,2024-05-29,Observation du 2024-05-29 (printemps)
1317,2024-05-31,Observation du 2024-05-31 (printemps)
1317,2024-06-04,Observation du 2024-06-04 (ete)
1317,2024-06-09,Observation du 2024-06-09 (ete)
1317,2024-06-10,Observation du 2024-06-10 (ete)
1317,2024-06-11,Observation du 2024-06-11 (ete)
1317,2024-06-13,Observation du 2024-06-13 (ete)
1317,2024-06-16,Observation du 2024-06-16 (ete)
1317,2024-06-21,Observation du 2024-06-21 (ete)
1317,2024-06-22,Observation du 2024-06-22 (ete)
1320,2024-05-20,Observation du 2024-05-20 (printemps)
1320,2024-05-23,Observation du 2024-05-23 (printemps)
1320,2024-05-28,Observation du 2024-05-28 (printemps)
1320,2024-05-30,Observation du 2024-05-30 (printemps)
1320,2024-05-31,Observation du 2024-05-31 (printemps)
1320,2024-06-11,Observation du 2024-06-11 (ete)
1320,2024-06-12,Observation du 2024-06-12 (ete)
1320,2024-06-15,Observation du 2024-06-15 (ete)
1320,2024-06-24,Observation du 2024-06-24 (ete)
1320,2024-07-05,Observation du 2024-07-05 (ete)
1320,2024-07-07,Observation du 2024-07-07 (ete)
1320,2024-07-13,Observation du 2024-07-13 (ete)
1320,2024-07-24,Observation du 2024-07-24 (ete)
1320,2024-07-26,Observation du 2024-07-26 (ete)
1320,2024-07-27,Observation du 2024-07-27 (ete)
1320,2024-07-29,Observation du 2024-07-29 (ete)
1320,2024-07-30,Observation du 2024-07-30 (ete)
1320,2024-07-31,Observation du 2024-07-31 (ete)
1320,2024-08-22,Observation du 2024-08-22 (ete)
1320,2024-08-26,Observation du 2024-08-26 (ete)
1320,2024-08-31,Observation du 2024-08-31 (ete)
1320,2024-09-01,Observation du 2024-09-01 (automne)
1320,2024-09-02,Observation du 2024-09-02 (automne)
1320,2024-09-05,Observation du 2024-09-05 (automne)
1320,2024-09-08,Observation du 2024-09-08 (automne)
1320,2024-09-09,Observation du 2024-09-09 (automne)
1320,2024-09-11,Observation du 2024-09-11 (automne)
1320,2024-09-13,Observation du 2024-09-13 (automne)
1320,2024-09-19,Observation du 2024-09-19 (automne)
1320,2024-09-20,Observation du 2024-09-20 (automne)
1320,2024-09-23,Observation du 2024-09-23 (automne)
1320,2024-09-24,Observation du 2024-09-24 (automne)
1321,2024-05-10,Observation du 2024-05-10 (printemps)
1321,2024-05-13,Observation du 2024-05-13 (printemps)
1321,2024-05-19,Observation du 2024-05-19 (printemps)
1321,2024-05-22,Observation du 2024-05-22 (printemps)
1321,2024-05-24,Observation du 2024-05-24 (printemps)
1321,2024-05-27,Observation du 2024-05-27 (printemps)
1321,2024-05-29,Observation du 2024-05-29 (printemps)
1321,2024-06-06,Observation du 2024-06-06 (ete)
1321,2024-06-19,Observation du 2024-06-19 (ete)
1321,2024-06-20,Observation du 2024-06-20 (ete)
1321,2024-06-23,Observation du 2024-06-23 (ete)
1321,2024-06-28,Observation du 2024-06-28 (ete)
1322,2024-05-14,Observation du 2024-05-14 (printemps)
1322,2024-05-15,Observation du 2024-05-15 (printemps)
1322,2024-05-16,Observation du 2024-05-16 (printemps)
1322,2024-05-19,Observation du 2024-05-19 (printemps)
1322,2024-05-21,Observation du 2024-05-21 (printemps)
1322,2024-05-24,Observation du 2024-05-24 (printemps)
1322,2024-05-26,Observation du 2024-05-26 (printemps)
1322,2024-05-28,Observation du 2024-05-28 (printemps)
1322,2024-05-29,Observation du 2024-05-29 (printemps)
1322,2024-06-08,Observation du 2024-06-08 (ete)
1322,2024-06-11,Observation du 2024-06-11 (ete)
1322,2024-06-18,Observation du 2024-06-18 (ete)
1322,2024-06-20,Observation du 2024-06-20 (ete)
1322,2024-06-21,Observation du 2024-06-21 (ete)
1322,2024-06-25,Observation du 2024-06-25 (ete)
1322,2024-06-27,Observation du 2024-06-27 (ete)
1322,2024-07-06,Observation du 2024-07-06 (ete)
1322,2024-07-09,Observation du 2024-07-09 (ete)
1322,2024-07-10,Observation du 2024-07-10 (ete)
1322,2024-07-12,Observation du 2024-07-12 (ete)
1322,2024-07-16,Observation du 2024-07-16 (ete)
1322,2024-07-17,Observation du 2024-07-17 (ete)
1322,2024-08-01,Observation du 2024-08-01 (ete)
1322,2024-08-07,Observation du 2024-08-07 (ete)
1322,2024-08-08,Observation du 2024-08-08 (ete)
1323,2024-05-20,Observation du 2024-05-20 (printemps)
1323,2024-05-21,Observation du 2024-05-21 (printemps)
1323,2024-05-22,Observation du 2024-05-22 (printemps)
1323,2024-05-28,Observation du 2024-05-28 (printemps)
1323,2024-06-03,Observation du 2024-06-03 (ete)
1323,2024-06-11,Observation du 2024-06-11 (ete)
1323,2024-06-18,Observation du 2024-06-18 (ete)
1323,2024-06-29,Observation du 2024-06-29 (ete)
1323,2024-07-05,Observation du 2024-07-05 (ete)
1323,2024-07-09,Observation du 2024-07-09 (ete)
1323,2024-07-11,Observation du 2024-07-11 (ete)
1323,2024-07-13,Observation du 2024-07-13 (ete)
1323,2024-07-16,Observation du 2024-07-16 (ete)
1323,2024-07-17,Observation du 2024-07-17 (ete)
1323,2024-07-18,Observation du 2024-07-18 (ete)
1323,2024-07-21,Observation du 2024-07-21 (ete)
1323,2024-07-23,Observation du 2024-07-23 (ete)
1323,2024-07-24,Observation du 2024-07-24 (ete)
1323,2024-07-25,Observation du 2024-07-25 (ete)
1323,2024-07-26,Observation du 2024-07-26 (ete)
1323,2024-07-27,Observation du 2024-07-27 (ete)
1323,2024-07-30,Observation du 2024-07-30 (ete)
1323,2024-08-03,Observation du 2024-08-03 (ete)
1323,2024-08-06,Observation du 2024-08-06 (ete)
1323,2024-08-10,Observation du 2024-08-10 (ete)
1323,2024-08-12,Observation du 2024-08-12 (ete)
1323,2024-08-13,Observation du 2024-08-13 (ete)
1323,2024-08-16,Observation du 2024-08-16 (ete)
1323,2024-08-19,Observation du 2024-08-19 (ete)
1323,2024-08-21,Observation du 2024-08-21 (ete)
1323,2024-08-22,Observation du 2024-08-22 (ete)
1324,2024-05-10,Observation du 2024-05-10 (printemps)
1324,2024-05-11,Observation du 2024-05-11 (printemps)
1324,2024-05-12,Observation du 2024-05-12 (printemps)
1324,2024-05-15,Observation du 2024-05-15 (printemps)
1324,2024-05-19,Observation du 2024-05-19 (printemps)
1324,2024-05-21,Observation du 2024-05-21 (printemps)
1324,2024-05-22,Observation du 2024-05-22 (printemps)
1324,2024-05-25,Observation du 2024-05-25 (printemps)
1324,2024-05-28,Observation du 2024-05-28 (printemps)
1324,2024-05-31,Observation du 2024-05-31 (printemps)
1324,2024-06-02,Observation du 2024-06-02 (ete)
1324,2024-06-06,Observation du 2024-06-06 (ete)
1324,2024-06-14,Observation du 2024-06-14 (ete)
1324,2024-06-21,Observation du 2024-06-21 (ete)
1324,2024-07-02,Observation du 2024-07-02 (ete)
1324,2024-07-08,Observation du 2024-07-08 (ete)
1324,2024-07-09,Observation du 2024-07-09 (ete)
1324,2024-07-13,Observation du 2024-07-13 (ete)
1324,2024-07-14,Observation du 2024-07-14 (ete)
1324,2024-07-15,Observation du 2024-07-15 (ete)
1324,2024-07-20,Observation du 2024-07-20 (ete)
1324,2024-07-22,Observation du 2024-07-22 (ete)
1324,2024-07-26,Observation du 2024-07-26 (ete)
1324,2024-07-28,Observation du 2024-07-28 (ete)
1324,2024-07-29,Observation du 2024-07-29 (ete)
1324,2024-07-31,Observation du 2024-07-31 (ete)
1324,2024-08-04,Observation du 2024-08-04 (ete)
1324,2024-08-09,Observation du 2024-08-09 (ete)
1324,2024-08-11,Observation du 2024-08-11 (ete)
1324,2024-08-12,Observation du 2024-08-12 (ete)
1324,2024-08-14,Observation du 2024-08-14 (ete)
1325,2024-05-14,Observation du 2024-05-14 (printemps)
1325,2024-05-17,Observation du 2024-05-17 (printemps)
1325,2024-05-21,Observation du 2024-05-21 (printemps)
1325,2024-05-23,Observation du 2024-05-23 (printemps)
1325,2024-05-25,Observation du 2024-05-25 (printemps)
1325,2024-05-28,Observation du 2024-05-28 (printemps)
1325,2024-06-01,Observation du 2024-06-01 (ete)
1325,2024-06-15,Observation du 2024-06-15 (ete)
1325,2024-06-18,Observation du 2024-06-18 (ete)
1325,2024-06-20,Observation du 2024-06-20 (ete)
1325,2024-06-25,Observation du 2024-06-25 (ete)
1325,2024-06-27,Observation du 2024-06-27 (ete)
1325,2024-07-02,Observation du 2024-07-02 (ete)
1325,2024-07-04,Observation du 2024-07-04 (ete)
1325,2024-07-13,Observation du 2024-07-13 (ete)
1326,2024-05-15,Observation du 2024-05-15 (printemps)
1326,2024-05-16,Observation du 2024-05-16 (printemps)
1326,2024-05-18,Observation du 2024-05-18 (printemps)
1326,2024-05-20,Observation du 2024-05-20 (printemps)
1326,2024-05-22,Observation du 2024-05-22 (printemps)
1326,2024-05-23,Observation du 2024-05-23 (printemps)
1326,2024-05-26,Observation du 2024-05-26 (printemps)
1326,2024-05-27,Observation du 2024-05-27 (printemps)
1326,2024-05-28,Observation du 2024-05-28 (printemps)
1326,2024-05-29,Observation du 2024-05-29 (printemps)
1326,2024-05-30,Observation du 2024-05-30 (printemps)
1326,2024-06-03,Observation du 2024-06-03 (ete)
1326,2024-06-04,Observation du 2024-06-04 (ete)
1326,2024-06-05,Observation du 2024-06-05 (ete)
1326,2024-06-06,Observation du 2024-06-06 (ete)
1326,2024-06-14,Observation du 2024-06-14 (ete)
1326,2024-06-17,Observation du 2024-06-17 (ete)
1326,2024-06-26,Observation du 2024-06-26 (ete)
1326,2024-07-03,Observation du 2024-07-03 (ete)
1326,2024-07-05,Observation du 2024-07-05 (ete)
1326,2024-07-09,Observation du 2024-07-09 (ete)
1326,2024-07-14,Observation du 2024-07-14 (ete)
1327,2024-05-17,Observation du 2024-05-17 (printemps)
1327,2024-05-24,Observation du 2024-05-24 (printemps)
1327,2024-05-26,Observation du 2024-05-26 (printemps)
1327,2024-05-27,Observation du 2024-05-27 (printemps)
1327,2024-05-30,Observation du 2024-05-30 (printemps)
1327,2024-06-02,Observation du 2024-06-02 (ete)
1327,2024-06-07,Observation du 2024-06-07 (ete)
1327,2024-06-12,Observation du 2024-06-12 (ete)
1328,2024-05-10,Observation du 2024-05-10 (printemps)
1328,2024-05-16,Observation du 2024-05-16 (printemps)
1328,2024-05-17,Observation du 2024-05-17 (printemps)
1328,2024-05-20,Observation du 2024-05-20 (printemps)
1328,2024-05-26,Observation du 2024-05-26 (printemps)
1328,2024-05-28,Observation du 2024-05-28 (printemps)
1328,2024-05-30,Observation du 2024-05-30 (printemps)
1328,2024-06-02,Observation du 2024-06-02 (ete)
1328,2024-06-05,Observation du 2024-06-05 (ete)
1328,2024-06-06,Observation du 2024-06-06 (ete)
1328,2024-06-08,Observation du 2024-06-08 (ete)
1328,2024-06-20,Observation du 2024-06-20 (ete)
1328,2024-06-21,Observation du 2024-06-21 (ete)
1328,2024-06-23,Observation du 2024-06-23 (ete)
1328,2024-06-27,Observation du 2024-06-27 (ete)
1328,2024-06-30,Observation du 2024-06-30 (ete)
1328,2024-07-01,Observation du 2024-07-01 (ete)
1328,2024-07-03,Observation du 2024-07-03 (ete)
1328,2024-07-08,Observation du 2024-07-08 (ete)
1328,2024-07-16,Observation du 2024-07-16 (ete)
1328,2024-07-24,Observation du 2024-07-24 (ete)
1328,2024-07-28,Observation du 2024-07-28 (ete)
1328,2024-08-03,Observation du 2024-08-03 (ete)
1328,2024-08-13,Observation du 2024-08-13 (ete)
1328,2024-08-16,Observation du 2024-08-16 (ete)
1328,2024-08-20,Observation du 2024-08-20 (ete)
1328,2024-08-23,Observation du 2024-08-23 (ete)
1330,2024-05-13,Observation du 2024-05-13 (printemps)
1330,2024-05-15,Observation du 2024-05-15 (printemps)
1330,2024-05-16,Observation du 2024-05-16 (printemps)
1330,2024-05-17,Observation du 2024-05-17 (printemps)
1330,2024-05-21,Observation du 2024-05-21 (printemps)
1330,2024-05-23,Observation du 2024-05-23 (printemps)
1330,2024-05-25,Observation du 2024-05-25 (printemps)
1330,2024-06-08,Observation du 2024-06-08 (ete)
1330,2024-06-10,Observation du 2024-06-10 (ete)
1330,2024-06-12,Observation du 2024-06-12 (ete)
1330,2024-06-13,Observation du 2024-06-13 (ete)
1330,2024-06-14,Observation du 2024-06-14 (ete)
1330,2024-06-17,Observation du 2024-06-17 (ete)
1330,2024-06-18,Observation du 2024-06-18 (ete)
1330,2024-06-19,Observation du 2024-06-19 (ete)
1330,2024-06-24,Observation du 2024-06-24 (ete)
1330,2024-07-04,Observation du 2024-07-04 (ete)
1330,2024-07-05,Observation du 2024-07-05 (ete)
1330,2024-07-06,Observation du 2024-07-06 (ete)
1330,2024-07-09,Observation du 2024-07-09 (ete)
1330,2024-07-13,Observation du 2024-07-13 (ete)
1330,2024-07-20,Observation du 2024-07-20 (ete)
1330,2024-07-27,Observation du 2024-07-27 (ete)
1330,2024-08-03,Observation du 2024-08-03 (ete)
1330,2024-08-06,Observation du 2024-08-06 (ete)
1330,2024-08-10,Observation du 2024-08-10 (ete)
1330,2024-08-12,Observation du 2024-08-12 (ete)
1330,2024-08-26,Observation du 2024-08-26 (ete)
1330,2024-08-29,Observation du 2024-08-29 (ete)
1331,2024-05-14,Observation du 2024-05-14 (printemps)
1331,2024-05-20,Observation du 2024-05-20 (printemps)
1331,2024-05-23,Observation du 2024-05-23 (printemps)
1331,2024-05-27,Observation du 2024-05-27 (printemps)
1331,2024-05-28,Observation du 2024-05-28 (printemps)
1331,2024-05-30,Observation du 2024-05-30 (printemps)
1331,2024-06-06,Observation du 2024-06-06 (ete)
1331,2024-06-09,Observation du 2024-06-09 (ete)
1331,2024-06-11,Observation du 2024-06-11 (ete)
1331,2024-06-13,Observation du 2024-06-13 (ete)
1331,2024-06-25,Observation du 2024-06-25 (ete)
1331,2024-06-27,Observation du 2024-06-27 (ete)
1331,2024-06-28,Observation du 2024-06-28 (ete)
1331,2024-06-29,Observation du 2024-06-29 (ete)
1331,2024-07-04,Observation du 2024-07-04 (ete)
1331,2024-07-06,Observation du 2024-07-06 (ete)
1331,2024-07-07,Observation du 2024-07-07 (ete)
1331,2024-07-11,Observation du 2024-07-11 (ete)
1331,2024-07-12,Observation du 2024-07-12 (ete)
1331,2024-07-16,Observation du 2024-07-16 (ete)
1331,2024-07-19,Observation du 2024-07-19 (ete)
1331,2024-07-20,Observation du 2024-07-20 (ete)
1331,2024-07-27,Observation du 2024-07-27 (ete)
1331,2024-08-04,Observation du 2024-08-04 (ete)
1331,2024-08-05,Observation du 2024-08-05 (ete)
1331,2024-08-07,Observation du 2024-08-07 (ete)
1331,2024-08-08,Observation du 2024-08-08 (ete)
1331,2024-08-11,Observation du 2024-08-11 (ete)
1331,2024-08-13,Observation du 2024-08-13 (ete)
1333,2024-05-18,Observation du 2024-05-18 (printemps)
1333,2024-05-22,Observation du 2024-05-22 (printemps)
1333,2024-05-26,Observation du 2024-05-26 (printemps)
1333,2024-05-27,Observation du 2024-05-27 (printemps)
1333,2024-05-28,Observation du 2024-05-28 (printemps)
1333,2024-05-30,Observation du 2024-05-30 (printemps)
1333,2024-06-05,Observation du 2024-06-05 (ete)
1333,2024-06-16,Observation du 2024-06-16 (ete)
1333,2024-06-20,Observation du 2024-06-20 (ete)
1333,2024-06-25,Observation du 2024-06-25 (ete)
1334,2024-05-11,Observation du 2024-05-11 (printemps)
1334,2024-05-15,Observation du 2024-05-15 (printemps)
1334,2024-05-16,Observation du 2024-05-16 (printemps)
1334,2024-05-18,Observation du 2024-05-18 (printemps)
1334,2024-05-20,Observation du 2024-05-20 (printemps)
1334,2024-05-21,Observation du 2024-05-21 (printemps)
1334,2024-05-23,Observation du 2024-05-23 (printemps)
1334,2024-05-26,Observation du 2024-05-26 (printemps)
1334,2024-05-29,Observation du 2024-05-29 (printemps)
1334,2024-06-10,Observation du 2024-06-10 (ete)
1334,2024-06-11,Observation du 2024-06-11 (ete)
1334,2024-06-12,Observation du 2024-06-12 (ete)
1334,2024-06-17,Observation du 2024-06-17 (ete)
1335,2024-05-10,Observation du 2024-05-10 (printemps)
1335,2024-05-22,Observation du 2024-05-22 (printemps)
1335,2024-05-23,Observation du 2024-05-23 (printemps)
1335,2024-05-24,Observation du 2024-05-24 (printemps)
1335,2024-05-26,Observation du 2024-05-26 (printemps)
1335,2024-05-27,Observation du 2024-05-27 (printemps)
1335,2024-05-28,Observation du 2024-05-28 (printemps)
1335,2024-05-31,Observation du 2024-05-31 (printemps)
1335,2024-06-04,Observation du 2024-06-04 (ete)
1335,2024-06-06,Observation du 2024-06-06 (ete)
1335,2024-06-16,Observation du 2024-06-16 (ete)
1335,2024-06-19,Observation du 2024-06-19 (ete)
1335,2024-06-22,Observation du 2024-06-22 (ete)
1335,2024-06-24,Observation du 2024-06-24 (ete)
1335,2024-06-29,Observation du 2024-06-29 (ete)
1335,2024-06-30,Observation du 2024-06-30 (ete)
1335,2024-07-05,Observation du 2024-07-05 (ete)
1335,2024-07-13,Observation du 2024-07-13 (ete)
1335,2024-07-18,Observation du 2024-07-18 (ete)
1335,2024-07-21,Observation du 2024-07-21 (ete)
1335,2024-07-22,Observation du 2024-07-22 (ete)
1336,2024-05-13,Observation du 2024-05-13 (printemps)
1336,2024-05-14,Observation du 2024-05-14 (printemps)
1336,2024-05-19,Observation du 2024-05-19 (printemps)
1336,2024-05-22,Observation du 2024-05-22 (printemps)
1336,2024-05-23,Observation du 2024-05-23 (printemps)
1336,2024-05-25,Observation du 2024-05-25 (printemps)
1336,2024-05-27,Observation du 2024-05-27 (printemps)
1336,2024-06-05,Observation du 2024-06-05 (ete)
1336,2024-06-10,Observation du 2024-06-10 (ete)
1336,2024-06-17,Observation du 2024-06-17 (ete)
1336,2024-06-18,Observation du 2024-06-18 (ete)
1336,2024-06-21,Observation du 2024-06-21 (ete)
1336,2024-06-23,Observation du 2024-06-23 (ete)
1336,2024-06-24,Observation du 2024-06-24 (ete)
1336,2024-06-30,Observation du 2024-06-30 (ete)
1336,2024-07-01,Observation du 2024-07-01 (ete)
1336,2024-07-02,Observation du 2024-07-02 (ete)
1336,2024-07-04,Observation du 2024-07-04 (ete)
1336,2024-07-10,Observation du 2024-07-10 (ete)
1336,2024-07-12,Observation du 2024-07-12 (ete)
1336,2024-07-13,Observation du 2024-07-13 (ete)
1336,2024-07-16,Observation du 2024-07-16 (ete)
1336,2024-07-18,Observation du 2024-07-18 (ete)
1336,2024-07-24,Observation du 2024-07-24 (ete)
1336,2024-07-28,Observation du 2024-07-28 (ete)
1336,2024-08-06,Observation du 2024-08-06 (ete)
1336,2024-08-08,Observation du 2024-08-08 (ete)
1336,2024-08-10,Observation du 2024-08-10 (ete)
1336,2024-08-11,Observation du 2024-08-11 (ete)
1336,2024-08-12,Observation du 2024-08-12 (ete)
1336,2024-08-14,Observation du 2024-08-14 (ete)
1336,2024-08-15,Observation du 2024-08-15 (ete)
1336,2024-08-16,Observation du 2024-08-16 (ete)
1336,2024-08-18,Observation du 2024-08-18 (ete)
1336,2024-08-21,Observation du 2024-08-21 (ete)
1336,2024-08-22,Observation du 2024-08-22 (ete)
1336,2024-08-27,Observation du 2024-08-27 (ete)
1336,2024-09-07,Observation du 2024-09-07 (automne)
1336,2024-09-08,Observation du 2024-09-08 (automne)
1336,2024-09-10,Observation du 2024-09-10 (automne)
1336,2024-09-16,Observation du 2024-09-16 (automne)
1336,2024-09-18,Observation du 2024-09-18 (automne)
1336,2024-09-20,Observation du 2024-09-20 (automne)
1336,2024-09-21,Observation du 2024-09-21 (automne)
1337,2024-05-11,Observation du 2024-05-11 (printemps)
1337,2024-05-16,Observation du 2024-05-16 (printemps)
1337,2024-05-17,Observation du 2024-05-17 (printemps)
1337,2024-05-25,Observation du 2024-05-25 (printemps)
1337,2024-05-31,Observation du 2024-05-31 (printemps)
1337,2024-06-04,Observation du 2024-06-04 (ete)
1337,2024-06-05,Observation du 2024-06-05 (ete)
1337,2024-06-06,Observation du 2024-06-06 (ete)
1337,2024-06-08,Observation du 2024-06-08 (ete)
1337,2024-06-09,Observation du 2024-06-09 (ete)
1337,2024-06-13,Observation du 2024-06-13 (ete)
1337,2024-06-15,Observation du 2024-06-15 (ete)
1337,2024-06-16,Observation du 2024-06-16 (ete)
1337,2024-06-17,Observation du 2024-06-17 (ete)
1337,2024-06-20,Observation du 2024-06-20 (ete)
1337,2024-06-24,Observation du 2024-06-24 (ete)
1337,2024-06-25,Observation du 2024-06-25 (ete)
1337,2024-06-28,Observation du 2024-06-28 (ete)
1337,2024-06-30,Observation du 2024-06-30 (ete)
1337,2024-07-03,Observation du 2024-07-03 (ete)
1337,2024-07-05,Observation du 2024-07-05 (ete)
1337,2024-07-08,Observation du 2024-07-08 (ete)
1337,2024-07-24,Observation du 2024-07-24 (ete)
1337,2024-07-31,Observation du 2024-07-31 (ete)
1337,2024-08-02,Observation du 2024-08-02 (ete)
1338,2024-05-12,Observation du 2024-05-12 (printemps)
1338,2024-05-13,Observation du 2024-05-13 (printemps)
1338,2024-05-16,Observation du 2024-05-16 (printemps)
1338,2024-05-18,Observation du 2024-05-18 (printemps)
1338,2024-05-24,Observation du 2024-05-24 (printemps)
1338,2024-05-27,Observation du 2024-05-27 (printemps)
1338,2024-05-29,Observation du 2024-05-29 (printemps)
1338,2024-06-02,Observation du 2024-06-02 (ete)
1338,2024-06-03,Observation du 2024-06-03 (ete)
1338,2024-06-05,Observation du 2024-06-05 (ete)
1338,2024-06-06,Observation du 2024-06-06 (ete)
1338,2024-06-07,Observation du 2024-06-07 (ete)
1338,2024-06-08,Observation du 2024-06-08 (ete)
1338,2024-06-11,Observation du 2024-06-11 (ete)
1338,2024-06-12,Observation du 2024-06-12 (ete)
1338,2024-06-13,Observation du 2024-06-13 (ete)
1338,2024-06-20,Observation du 2024-06-20 (ete)
1338,2024-06-21,Observation du 2024-06-21 (ete)
1338,2024-07-09,Observation du 2024-07-09 (ete)
1338,2024-07-11,Observation du 2024-07-11 (ete)
1338,2024-07-13,Observation du 2024-07-13 (ete)
1338,2024-07-17,Observation du 2024-07-17 (ete)
1338,2024-07-21,Observation du 2024-07-21 (ete)
1338,2024-07-24,Observation du 2024-07-24 (ete)
1338,2024-07-27,Observation du 2024-07-27 (ete)
1338,2024-07-28,Observation du 2024-07-28 (ete)
1338,2024-08-04,Observation du 2024-08-04 (ete)
1338,2024-08-07,Observation du 2024-08-07 (ete)
1338,2024-08-11,Observation du 2024-08-11 (ete)
1338,2024-08-13,Observation du 2024-08-13 (ete)
1338,2024-08-15,Observation du 2024-08-15 (ete)
1338,2024-08-17,Observation du 2024-08-17 (ete)
1338,2024-08-20,Observation du 2024-08-20 (ete)
1338,2024-08-22,Observation du 2024-08-22 (ete)
1338,2024-09-06,Observation du 2024-09-06 (automne)
1338,2024-09-07,Observation du 2024-09-07 (automne)
1339,2024-05-15,Observation du 2024-05-15 (printemps)
1339,2024-05-19,Observation du 2024-05-19 (printemps)
1339,2024-05-21,Observation du 2024-05-21 (printemps)
1339,2024-05-25,Observation du 2024-05-25 (printemps)
1339,2024-05-26,Observation du 2024-05-26 (printemps)
1339,2024-05-27,Observation du 2024-05-27 (printemps)
1339,2024-05-30,Observation du 2024-05-30 (printemps)
1339,2024-05-31,Observation du 2024-05-31 (printemps)
1339,2024-06-01,Observation du 2024-06-01 (ete)
1339,2024-06-13,Observation du 2024-06-13 (ete)
1339,2024-06-15,Observation du 2024-06-15 (ete)
1339,2024-06-16,Observation du 2024-06-16 (ete)
1339,2024-06-24,Observation du 2024-06-24 (ete)
1339,2024-06-25,Observation du 2024-06-25 (ete)
1339,2024-06-30,Observation du 2024-06-30 (ete)
1339,2024-07-02,Observation du 2024-07-02 (ete)
1339,2024-07-03,Observation du 2024-07-03 (ete)
1339,2024-07-06,Observation du 2024-07-06 (ete)
1339,2024-07-07,Observation du 2024-07-07 (ete)
1339,2024-07-11,Observation du 2024-07-11 (ete)
1339,2024-07-17,Observation du 2024-07-17 (ete)
1339,2024-07-25,Observation du 2024-07-25 (ete)
1339,2024-07-27,Observation du 2024-07-27 (ete)
1339,2024-07-28,Observation du 2024-07-28 (ete)
1339,2024-08-02,Observation du 2024-08-02 (ete)
1339,2024-08-03,Observation du 2024-08-03 (ete)
1339,2024-08-15,Observation du 2024-08-15 (ete)
1339,2024-08-21,Observation du 2024-08-21 (ete)
1339,2024-08-25,Observation du 2024-08-25 (ete)
1339,2024-08-30,Observation du 2024-08-30 (ete)
1339,2024-09-01,Observation du 2024-09-01 (automne)
1339,2024-09-03,Observation du 2024-09-03 (automne)
1339,2024-09-09,Observation du 2024-09-09 (automne)
1339,2024-09-15,Observation du 2024-09-15 (automne)
1339,2024-09-17,Observation du 2024-09-17 (automne)
1339,2024-09-20,Observation du 2024-09-20 (automne)
1339,2024-09-24,Observation du 2024-09-24 (automne)
1339,2024-09-25,Observation du 2024-09-25 (automne)
1339,2024-09-29,Observation du 2024-09-29 (automne)
1340,2024-05-17,Observation du 2024-05-17 (printemps)
1340,2024-05-19,Observation du 2024-05-19 (printemps)
1340,2024-05-21,Observation du 2024-05-21 (printemps)
1340,2024-05-22,Observation du 2024-05-22 (printemps)
1340,2024-05-26,Observation du 2024-05-26 (printemps)
1340,2024-05-27,Observation du 2024-05-27 (printemps)
1340,2024-05-28,Observation du 2024-05-28 (printemps)
1340,2024-05-31,Observation du 2024-05-31 (printemps)
1340,2024-06-06,Observation du 2024-06-06 (ete)
1340,2024-06-07,Observation du 2024-06-07 (ete)
1340,2024-06-10,Observation du 2024-06-10 (ete)
1340,2024-06-20,Observation du 2024-06-20 (ete)
1340,2024-06-27,Observation du 2024-06-27 (ete)
1340,2024-07-02,Observation du 2024-07-02 (ete)
1340,2024-07-06,Observation du 2024-07-06 (ete)
1340,2024-07-07,Observation du 2024-07-07 (ete)
1340,2024-07-08,Observation du 2024-07-08 (ete)
1340,2024-07-11,Observation du 2024-07-11 (ete)
1340,2024-07-18,Observation du 2024-07-18 (ete)
1340,2024-07-22,Observation du 2024-07-22 (ete)
1340,2024-07-25,Observation du 2024-07-25 (ete)
1340,2024-07-28,Observation du 2024-07-28 (ete)
1340,2024-08-06,Observation du 2024-08-06 (ete)
1340,2024-08-07,Observation du 2024-08-07 (ete)
1340,2024-08-09,Observation du 2024-08-09 (ete)
1340,2024-08-10,Observation du 2024-08-10 (ete)
1340,2024-08-11,Observation du 2024-08-11 (ete)
1342,2024-05-16,Observation du 2024-05-16 (printemps)
1342,2024-05-22,Observation du 2024-05-22 (printemps)
1342,2024-05-25,Observation du 2024-05-25 (printemps)
1342,2024-05-28,Observation du 2024-05-28 (printemps)
1342,2024-05-30,Observation du 2024-05-30 (printemps)
1342,2024-05-31,Observation du 2024-05-31 (printemps)
1342,2024-06-01,Observation du 2024-06-01 (ete)
1342,2024-06-02,Observation du 2024-06-02 (ete)
1342,2024-06-05,Observation du 2024-06-05 (ete)
1342,2024-06-06,Observation du 2024-06-06 (ete)
1342,2024-06-08,Observation du 2024-06-08 (ete)
1342,2024-06-10,Observation du 2024-06-10 (ete)
1342,2024-06-13,Observation du 2024-06-13 (ete)
1342,2024-06-15,Observation du 2024-06-15 (ete)
1342,2024-06-21,Observation du 2024-06-21 (ete)
1342,2024-06-22,Observation du 2024-06-22 (ete)
1342,2024-06-27,Observation du 2024-06-27 (ete)
1342,2024-06-28,Observation du 2024-06-28 (ete)
1342,2024-06-29,Observation du 2024-06-29 (ete)
1342,2024-07-02,Observation du 2024-07-02 (ete)
1342,2024-07-05,Observation du 2024-07-05 (ete)
1342,2024-07-06,Observation du 2024-07-06 (ete)
1342,2024-07-07,Observation du 2024-07-07 (ete)
1342,2024-07-08,Observation du 2024-07-08 (ete)
1342,2024-07-09,Observation du 2024-07-09 (ete)
1342,2024-07-14,Observation du 2024-07-14 (ete)
1342,2024-07-16,Observation du 2024-07-16 (ete)
1342,2024-07-20,Observation du 2024-07-20 (ete)
1342,2024-07-23,Observation du 2024-07-23 (ete)
1342,2024-07-28,Observation du 2024-07-28 (ete)
1342,2024-08-03,Observation du 2024-08-03 (ete)
1342,2024-08-04,Observation du 2024-08-04 (ete)
1342,2024-08-06,Observation du 2024-08-06 (ete)
1342,2024-08-08,Observation du 2024-08-08 (ete)
1342,2024-08-09,Observation du 2024-08-09 (ete)
1342,2024-08-11,Observation du 2024-08-11 (ete)
1342,2024-08-27,Observation du 2024-08-27 (ete)
1343,2024-05-23,Observation du 2024-05-23 (printemps)
1343,2024-05-26,Observation du 2024-05-26 (printemps)
1343,2024-05-29,Observation du 2024-05-29 (printemps)
1343,2024-06-04,Observation du 2024-06-04 (ete)
1343,2024-06-05,Observation du 2024-06-05 (ete)
1343,2024-06-06,Observation du 2024-06-06 (ete)
1343,2024-06-10,Observation du 2024-06-10 (ete)
1343,2024-06-11,Observation du 2024-06-11 (ete)
1343,2024-06-15,Observation du 2024-06-15 (ete)
1343,2024-06-21,Observation du 2024-06-21 (ete)
1343,2024-06-25,Observation du 2024-06-25 (ete)
1343,2024-07-03,Observation du 2024-07-03 (ete)
1343,2024-07-09,Observation du 2024-07-09 (ete)
1343,2024-07-13,Observation du 2024-07-13 (ete)
1343,2024-07-21,Observation du 2024-07-21 (ete)
1343,2024-07-22,Observation du 2024-07-22 (ete)
1343,2024-07-25,Observation du 2024-07-25 (ete)
1343,2024-07-26,Observation du 2024-07-26 (ete)
1343,2024-07-27,Observation du 2024-07-27 (ete)
1343,2024-07-30,Observation du 2024-07-30 (ete)
1343,2024-08-02,Observation du 2024-08-02 (ete)
1343,2024-08-03,Observation du 2024-08-03 (ete)
1343,2024-08-05,Observation du 2024-08-05 (ete)
1343,2024-08-06,Observation du 2024-08-06 (ete)
1343,2024-08-07,Observation du 2024-08-07 (ete)
1343,2024-08-08,Observation du 2024-08-08 (ete)
1344,2024-05-19,Observation du 2024-05-19 (printemps)
1344,2024-05-20,Observation du 2024-05-20 (printemps)
1344,2024-05-21,Observation du 2024-05-21 (printemps)
1344,2024-05-23,Observation du 2024-05-23 (printemps)
1344,2024-05-25,Observation du 2024-05-25 (printemps)
1344,2024-05-26,Observation du 2024-05-26 (printemps)
1344,2024-05-27,Observation du 2024-05-27 (printemps)
1344,2024-05-29,Observation du 2024-05-29 (printemps)
1344,2024-05-30,Observation du 2024-05-30 (printemps)
1344,2024-05-31,Observation du 2024-05-31 (printemps)
1344,2024-06-01,Observation du 2024-06-01 (ete)
1344,2024-06-14,Observation du 2024-06-14 (ete)
1344,2024-06-15,Observation du 2024-06-15 (ete)
1344,2024-06-19,Observation du 2024-06-19 (ete)
1344,2024-06-20,Observation du 2024-06-20 (ete)
1344,2024-06-22,Observation du 2024-06-22 (ete)
1344,2024-06-23,Observation du 2024-06-23 (ete)
1344,2024-06-24,Observation du 2024-06-24 (ete)
1344,2024-06-25,Observation du 2024-06-25 (ete)
1344,2024-06-26,Observation du 2024-06-26 (ete)
1344,2024-06-30,Observation du 2024-06-30 (ete)
1344,2024-07-02,Observation du 2024-07-02 (ete)
1344,2024-07-03,Observation du 2024-07-03 (ete)
1344,2024-07-04,Observation du 2024-07-04 (ete)
1344,2024-07-07,Observation du 2024-07-07 (ete)
1344,2024-07-12,Observation du 2024-07-12 (ete)
1344,2024-07-16,Observation du 2024-07-16 (ete)
1344,2024-07-25,Observation du 2024-07-25 (ete)
1344,2024-07-31,Observation du 2024-07-31 (ete)
1344,2024-08-08,Observation du 2024-08-08 (ete)
1344,2024-08-09,Observation du 2024-08-09 (ete)
1345,2024-05-14,Observation du 2024-05-14 (printemps)
1345,2024-05-15,Observation du 2024-05-15 (printemps)
1345,2024-05-17,Observation du 2024-05-17 (printemps)
1345,2024-05-20,Observation du 2024-05-20 (printemps)
1345,2024-05-22,Observation du 2024-05-22 (printemps)
1345,2024-05-24,Observation du 2024-05-24 (printemps)
1345,2024-05-25,Observation du 2024-05-25 (printemps)
1345,2024-06-06,Observation du 2024-06-06 (ete)
1345,2024-06-08,Observation du 2024-06-08 (ete)
1345,2024-06-09,Observation du 2024-06-09 (ete)
1345,2024-06-10,Observation du 2024-06-10 (ete)
1345,2024-06-27,Observation du 2024-06-27 (ete)
1345,2024-06-29,Observation du 2024-06-29 (ete)
1345,2024-07-01,Observation du 2024-07-01 (ete)
1345,2024-07-03,Observation du 2024-07-03 (ete)
1345,2024-07-05,Observation du 2024-07-05 (ete)
1345,2024-07-07,Observation du 2024-07-07 (ete)
1345,2024-07-09,Observation du 2024-07-09 (ete)
1345,2024-07-16,Observation du 2024-07-16 (ete)
1345,2024-07-22,Observation du 2024-07-22 (ete)
1345,2024-07-23,Observation du 2024-07-23 (ete)
1345,2024-07-26,Observation du 2024-07-26 (ete)
1345,2024-08-02,Observation du 2024-08-02 (ete)
1345,2024-08-03,Observation du 2024-08-03 (ete)
1345,2024-08-05,Observation du 2024-08-05 (ete)
1345,2024-08-06,Observation du 2024-08-06 (ete)
1345,2024-08-11,Observation du 2024-08-11 (ete)
1345,2024-08-15,Observation du 2024-08-15 (ete)
1345,2024-08-20,Observation du 2024-08-20 (ete)
1346,2024-05-15,Observation du 2024-05-15 (printemps)
1346,2024-05-19,Observation du 2024-05-19 (printemps)
1346,2024-05-21,Observation du 2024-05-21 (printemps)
1346,2024-05-22,Observation du 2024-05-22 (printemps)
1346,2024-05-25,Observation du 2024-05-25 (printemps)
1346,2024-05-27,Observation du 2024-05-27 (printemps)
1346,2024-05-28,Observation du 2024-05-28 (printemps)
1346,2024-06-01,Observation du 2024-06-01 (ete)
1346,2024-06-05,Observation du 2024-06-05 (ete)
1346,2024-06-10,Observation du 2024-06-10 (ete)
1346,2024-06-17,Observation du 2024-06-17 (ete)
1346,2024-06-18,Observation du 2024-06-18 (ete)
1346,2024-06-21,Observation du 2024-06-21 (ete)
1346,2024-06-23,Observation du 2024-06-23 (ete)
1346,2024-06-24,Observation du 2024-06-24 (ete)
1346,2024-06-30,Observation du 2024-06-30 (ete)
1346,2024-07-01,Observation du 2024-07-01 (ete)
1346,2024-07-09,Observation du 2024-07-09 (ete)
1346,2024-07-11,Observation du 2024-07-11 (ete)
1346,2024-07-13,Observation du 2024-07-13 (ete)
1346,2024-07-16,Observation du 2024-07-16 (ete)
1346,2024-07-21,Observation du 2024-07-21 (ete)
1346,2024-07-25,Observation du 2024-07-25 (ete)
1346,2024-07-27,Observation du 2024-07-27 (ete)
1346,2024-08-04,Observation du 2024-08-04 (ete)
1346,2024-08-06,Observation du 2024-08-06 (ete)
1346,2024-08-08,Observation du 2024-08-08 (ete)
1346,2024-08-12,Observation du 2024-08-12 (ete)
1346,2024-08-14,Observation du 2024-08-14 (ete)
1346,2024-08-19,Observation du 2024-08-19 (ete)
1346,2024-08-22,Observation du 2024-08-22 (ete)
1346,2024-08-24,Observation du 2024-08-24 (ete)
1346,2024-08-25,Observation du 2024-08-25 (ete)
1346,2024-08-26,Observation du 2024-08-26 (ete)
1346,2024-09-03,Observation du 2024-09-03 (automne)
1346,2024-09-05,Observation du 2024-09-05 (automne)
1346,2024-09-07,Observation du 2024-09-07 (automne)
1346,2024-09-10,Observation du 2024-09-10 (automne)
1346,2024-09-15,Observation du 2024-09-15 (automne)
1346,2024-09-17,Observation du 2024-09-17 (automne)
1346,2024-09-19,Observation du 2024-09-19 (automne)
1346,2024-09-20,Observation du 2024-09-20 (automne)
1346,2024-09-22,Observation du 2024-09-22 (automne)
1346,2024-09-23,Observation du 2024-09-23 (automne)
1346,2024-09-26,Observation du 2024-09-26 (automne)
1346,2024-09-28,Observation du 2024-09-28 (automne)
1348,2024-05-14,Observation du 2024-05-14 (printemps)
1348,2024-05-17,Observation du 2024-05-17 (printemps)
1348,2024-05-18,Observation du 2024-05-18 (printemps)
1348,2024-05-19,Observation du 2024-05-19 (printemps)
1348,2024-05-20,Observation du 2024-05-20 (printemps)
1348,2024-05-25,Observation du 2024-05-25 (printemps)
1348,2024-05-28,Observation du 2024-05-28 (printemps)
1348,2024-05-31,Observation du 2024-05-31 (printemps)
1348,2024-06-02,Observation du 2024-06-02 (ete)
1348,2024-06-05,Observation du 2024-06-05 (ete)
1348,2024-06-06,Observation du 2024-06-06 (ete)
1348,2024-06-08,Observation du 2024-06-08 (ete)
1348,2024-06-10,Observation du 2024-06-10 (ete)
1348,2024-06-12,Observation du 2024-06-12 (ete)
1348,2024-06-15,Observation du 2024-06-15 (ete)
1348,2024-06-18,Observation du 2024-06-18 (ete)
1348,2024-06-19,Observation du 2024-06-19 (ete)
1348,2024-06-21,Observation du 2024-06-21 (ete)
1348,2024-06-24,Observation du 2024-06-24 (ete)
1348,2024-06-26,Observation du 2024-06-26 (ete)
1348,2024-06-27,Observation du 2024-06-27 (ete)
1348,2024-06-28,Observation du 2024-06-28 (ete)
1348,2024-07-06,Observation du 2024-07-06 (ete)
1349,2024-05-15,Observation du 2024-05-15 (printemps)
1349,2024-05-16,Observation du 2024-05-16 (printemps)
1349,2024-05-17,Observation du 2024-05-17 (printemps)
1349,2024-05-19,Observation du 2024-05-19 (printemps)
1349,2024-05-28,Observation du 2024-05-28 (printemps)
1349,2024-05-30,Observation du 2024-05-30 (printemps)
1349,2024-06-03,Observation du 2024-06-03 (ete)
1349,2024-06-04,Observation du 2024-06-04 (ete)
1349,2024-06-15,Observation du 2024-06-15 (ete)
1349,2024-06-20,Observation du 2024-06-20 (ete)
1349,2024-07-04,Observation du 2024-07-04 (ete)
1349,2024-07-06,Observation du 2024-07-06 (ete)
1349,2024-07-10,Observation du 2024-07-10 (ete)
1349,2024-07-11,Observation du 2024-07-11 (ete)
1349,2024-07-12,Observation du 2024-07-12 (ete)
1349,2024-07-18,Observation du 2024-07-18 (ete)
1349,2024-07-20,Observation du 2024-07-20 (ete)
1349,2024-07-21,Observation du 2024-07-21 (ete)
1349,2024-07-22,Observation du 2024-07-22 (ete)
1349,2024-07-26,Observation du 2024-07-26 (ete)
1349,2024-07-27,Observation du 2024-07-27 (ete)
1349,2024-07-28,Observation du 2024-07-28 (ete)
1349,2024-07-31,Observation du 2024-07-31 (ete)
1350,2024-05-12,Observation du 2024-05-12 (printemps)
1350,2024-05-14,Observation du 2024-05-14 (printemps)
1350,2024-05-17,Observation du 2024-05-17 (printemps)
1350,2024-05-18,Observation du 2024-05-18 (printemps)
1350,2024-05-19,Observation du 2024-05-19 (printemps)
1350,2024-05-26,Observation du 2024-05-26 (printemps)
1350,2024-05-27,Observation du 2024-05-27 (printemps)
1350,2024-05-28,Observation du 2024-05-28 (printemps)
1350,2024-05-29,Observation du 2024-05-29 (printemps)
1350,2024-05-30,Observation du 2024-05-30 (printemps)
1350,2024-06-04,Observation du 2024-06-04 (ete)
1350,2024-06-05,Observation du 2024-06-05 (ete)
1350,2024-06-12,Observation du 2024-06-12 (ete)
1350,2024-06-14,Observation du 2024-06-14 (ete)
1350,2024-06-21,Observation du 2024-06-21 (ete)
1350,2024-06-28,Observation du 2024-06-28 (ete)
1350,2024-07-01,Observation du 2024-07-01 (ete)
1350,2024-07-07,Observation du 2024-07-07 (ete)
1350,2024-07-10,Observation du 2024-07-10 (ete)
1350,2024-07-12,Observation du 2024-07-12 (ete)
1350,2024-07-13,Observation du 2024-07-13 (ete)
1350,2024-07-16,Observation du 2024-07-16 (ete)
1350,2024-07-17,Observation du 2024-07-17 (ete)
1350,2024-07-18,Observation du 2024-07-18 (ete)
1350,2024-07-21,Observation du 2024-07-21 (ete)
1350,2024-07-23,Observation du 2024-07-23 (ete)
1351,2024-05-14,Observation du 2024-05-14 (printemps)
1351,2024-05-15,Observation du 2024-05-15 (printemps)
1351,2024-05-16,Observation du 2024-05-16 (printemps)
1351,2024-05-17,Observation du 2024-05-17 (printemps)
1351,2024-05-20,Observation du 2024-05-20 (printemps)
1351,2024-05-27,Observation du 2024-05-27 (printemps)
1351,2024-05-28,Observation du 2024-05-28 (printemps)
1351,2024-06-02,Observation du 2024-06-02 (ete)
1351,2024-06-10,Observation du 2024-06-10 (ete)
1351,2024-06-11,Observation du 2024-06-11 (ete)
1351,2024-06-17,Observation du 2024-06-17 (ete)
1351,2024-06-27,Observation du 2024-06-27 (ete)
1351,2024-06-28,Observation du 2024-06-28 (ete)
1351,2024-06-29,Observation du 2024-06-29 (ete)
1351,2024-07-02,Observation du 2024-07-02 (ete)
1351,2024-07-13,Observation du 2024-07-13 (ete)
1351,2024-07-18,Observation du 2024-07-18 (ete)
1351,2024-07-27,Observation du 2024-07-27 (ete)
1351,2024-07-29,Observation du 2024-07-29 (ete)
1351,2024-08-04,Observation du 2024-08-04 (ete)
1351,2024-08-14,Observation du 2024-08-14 (ete)
1351,2024-08-15,Observation du 2024-08-15 (ete)
1351,2024-08-28,Observation du 2024-08-28 (ete)
1351,2024-08-29,Observation du 2024-08-29 (ete)
1352,2024-05-17,Observation du 2024-05-17 (printemps)
1352,2024-05-18,Observation du 2024-05-18 (printemps)
1352,2024-05-21,Observation du 2024-05-21 (printemps)
1352,2024-05-24,Observation du 2024-05-24 (printemps)
1352,2024-05-26,Observation du 2024-05-26 (printemps)
1352,2024-05-27,Observation du 2024-05-27 (printemps)
1352,2024-05-29,Observation du 2024-05-29 (printemps)
1352,2024-05-31,Observation du 2024-05-31 (printemps)
1352,2024-06-03,Observation du 2024-06-03 (ete)
1352,2024-06-05,Observation du 2024-06-05 (ete)
1352,2024-06-12,Observation du 2024-06-12 (ete)
1352,2024-06-13,Observation du 2024-06-13 (ete)
1352,2024-06-14,Observation du 2024-06-14 (ete)
1352,2024-06-17,Observation du 2024-06-17 (ete)
1352,2024-06-20,Observation du 2024-06-20 (ete)
1352,2024-06-25,Observation du 2024-06-25 (ete)
1352,2024-06-29,Observation du 2024-06-29 (ete)
1352,2024-07-03,Observation du 2024-07-03 (ete)
1352,2024-07-05,Observation du 2024-07-05 (ete)
1353,2024-05-09,Observation du 2024-05-09 (printemps)
1353,2024-05-10,Observation du 2024-05-10 (printemps)
1353,2024-05-13,Observation du 2024-05-13 (printemps)
1353,2024-05-14,Observation du 2024-05-14 (printemps)
1353,2024-05-17,Observation du 2024-05-17 (printemps)
1353,2024-05-18,Observation du 2024-05-18 (printemps)
1353,2024-05-20,Observation du 2024-05-20 (printemps)
1353,2024-05-25,Observation du 2024-05-25 (printemps)
1353,2024-05-27,Observation du 2024-05-27 (printemps)
1353,2024-05-30,Observation du 2024-05-30 (printemps)
1353,2024-06-03,Observation du 2024-06-03 (ete)
1353,2024-06-06,Observation du 2024-06-06 (ete)
1353,2024-06-07,Observation du 2024-06-07 (ete)
1353,2024-06-08,Observation du 2024-06-08 (ete)
1353,2024-06-09,Observation du 2024-06-09 (ete)
1353,2024-06-29,Observation du 2024-06-29 (ete)
1353,2024-06-30,Observation du 2024-06-30 (ete)
1353,2024-07-02,Observation du 2024-07-02 (ete)
1353,2024-07-06,Observation du 2024-07-06 (ete)
1353,2024-07-07,Observation du 2024-07-07 (ete)
1353,2024-07-08,Observation du 2024-07-08 (ete)
1353,2024-07-09,Observation du 2024-07-09 (ete)
1353,2024-07-16,Observation du 2024-07-16 (ete)
1353,2024-07-17,Observation du 2024-07-17 (ete)
1353,2024-07-21,Observation du 2024-07-21 (ete)
1353,2024-07-27,Observation du 2024-07-27 (ete)
1353,2024-07-28,Observation du 2024-07-28 (ete)
1353,2024-07-31,Observation du 2024-07-31 (ete)
1353,2024-08-01,Observation du 2024-08-01 (ete)
1353,2024-08-03,Observation du 2024-08-03 (ete)
1353,2024-08-04,Observation du 2024-08-04 (ete)
1353,2024-08-05,Observation du 2024-08-05 (ete)
1353,2024-08-16,Observation du 2024-08-16 (ete)
1354,2024-05-14,Observation du 2024-05-14 (printemps)
1354,2024-05-17,Observation du 2024-05-17 (printemps)
1354,2024-05-18,Observation du 2024-05-18 (printemps)
1354,2024-05-19,Observation du 2024-05-19 (printemps)
1354,2024-05-23,Observation du 2024-05-23 (printemps)
1354,2024-05-25,Observation du 2024-05-25 (printemps)
1354,2024-06-03,Observation du 2024-06-03 (ete)
1354,2024-06-04,Observation du 2024-06-04 (ete)
1354,2024-06-10,Observation du 2024-06-10 (ete)
1354,2024-06-12,Observation du 2024-06-12 (ete)
1354,2024-06-14,Observation du 2024-06-14 (ete)
1354,2024-06-15,Observation du 2024-06-15 (ete)
1354,2024-06-23,Observation du 2024-06-23 (ete)
1354,2024-07-08,Observation du 2024-07-08 (ete)
1354,2024-07-10,Observation du 2024-07-10 (ete)
1354,2024-07-11,Observation du 2024-07-11 (ete)
1354,2024-07-20,Observation du 2024-07-20 (ete)
1354,2024-07-26,Observation du 2024-07-26 (ete)
1354,2024-07-27,Observation du 2024-07-27 (ete)
1354,2024-07-30,Observation du 2024-07-30 (ete)
1354,2024-08-01,Observation du 2024-08-01 (ete)
1354,2024-08-02,Observation du 2024-08-02 (ete)
1355,2024-05-16,Observation du 2024-05-16 (printemps)
1355,2024-05-24,Observation du 2024-05-24 (printemps)
1355,2024-05-26,Observation du 2024-05-26 (printemps)
1355,2024-05-29,Observation du 2024-05-29 (printemps)
1355,2024-06-03,Observation du 2024-06-03 (ete)
1355,2024-06-11,Observation du 2024-06-11 (ete)
1355,2024-06-12,Observation du 2024-06-12 (ete)
1355,2024-06-16,Observation du 2024-06-16 (ete)
1355,2024-06-21,Observation du 2024-06-21 (ete)
1355,2024-06-24,Observation du 2024-06-24 (ete)
1355,2024-06-28,Observation du 2024-06-28 (ete)
1355,2024-06-29,Observation du 2024-06-29 (ete)
1355,2024-07-02,Observation du 2024-07-02 (ete)
1355,2024-07-11,Observation du 2024-07-11 (ete)
1355,2024-07-12,Observation du 2024-07-12 (ete)
1355,2024-07-14,Observation du 2024-07-14 (ete)
1355,2024-07-15,Observation du 2024-07-15 (ete)
1355,2024-07-20,Observation du 2024-07-20 (ete)
1355,2024-07-22,Observation du 2024-07-22 (ete)
1355,2024-07-25,Observation du 2024-07-25 (ete)
1355,2024-07-26,Observation du 2024-07-26 (ete)
1355,2024-08-01,Observation du 2024-08-01 (ete)
1355,2024-08-04,Observation du 2024-08-04 (ete)
1355,2024-08-06,Observation du 2024-08-06 (ete)
1356,2024-05-11,Observation du 2024-05-11 (printemps)
1356,2024-05-14,Observation du 2024-05-14 (printemps)
1356,2024-05-17,Observation du 2024-05-17 (printemps)
1356,2024-05-18,Observation du 2024-05-18 (printemps)
1356,2024-05-23,Observation du 2024-05-23 (printemps)
1356,2024-05-25,Observation du 2024-05-25 (printemps)
1356,2024-05-26,Observation du 2024-05-26 (printemps)
1356,2024-05-28,Observation du 2024-05-28 (printemps)
1356,2024-05-29,Observation du 2024-05-29 (printemps)
1356,2024-06-07,Observation du 2024-06-07 (ete)
1356,2024-06-08,Observation du 2024-06-08 (ete)
1356,2024-06-09,Observation du 2024-06-09 (ete)
1356,2024-06-10,Observation du 2024-06-10 (ete)
1356,2024-06-11,Observation du 2024-06-11 (ete)
1356,2024-06-12,Observation du 2024-06-12 (ete)
1356,2024-06-14,Observation du 2024-06-14 (ete)
1356,2024-07-02,Observation du 2024-07-02 (ete)
1356,2024-07-04,Observation du 2024-07-04 (ete)
1356,2024-07-05,Observation du 2024-07-05 (ete)
1356,2024-07-13,Observation du 2024-07-13 (ete)
1357,2024-05-11,Observation du 2024-05-11 (printemps)
1357,2024-05-12,Observation du 2024-05-12 (printemps)
1357,2024-05-14,Observation du 2024-05-14 (printemps)
1357,2024-05-17,Observation du 2024-05-17 (printemps)
1357,2024-05-24,Observation du 2024-05-24 (printemps)
1357,2024-05-26,Observation du 2024-05-26 (printemps)
1357,2024-05-27,Observation du 2024-05-27 (printemps)
1357,2024-06-12,Observation du 2024-06-12 (ete)
1357,2024-06-17,Observation du 2024-06-17 (ete)
1358,2024-05-16,Observation du 2024-05-16 (printemps)
1358,2024-05-17,Observation du 2024-05-17 (printemps)
1358,2024-05-18,Observation du 2024-05-18 (printemps)
1358,2024-05-20,Observation du 2024-05-20 (printemps)
1358,2024-05-22,Observation du 2024-05-22 (printemps)
1358,2024-05-26,Observation du 2024-05-26 (printemps)
1358,2024-05-29,Observation du 2024-05-29 (printemps)
1358,2024-05-31,Observation du 2024-05-31 (printemps)
1358,2024-06-02,Observation du 2024-06-02 (ete)
1358,2024-06-09,Observation du 2024-06-09 (ete)
1358,2024-06-10,Observation du 2024-06-10 (ete)
1358,2024-06-17,Observation du 2024-06-17 (ete)
1358,2024-06-21,Observation du 2024-06-21 (ete)
1358,2024-06-24,Observation du 2024-06-24 (ete)
1358,2024-07-03,Observation du 2024-07-03 (ete)
1358,2024-07-04,Observation du 2024-07-04 (ete)
1358,2024-07-10,Observation du 2024-07-10 (ete)
1358,2024-07-11,Observation du 2024-07-11 (ete)
1358,2024-07-13,Observation du 2024-07-13 (ete)
1358,2024-07-15,Observation du 2024-07-15 (ete)
1358,2024-07-17,Observation du 2024-07-17 (ete)
1358,2024-07-19,Observation du 2024-07-19 (ete)
1358,2024-07-22,Observation du 2024-07-22 (ete)
1358,2024-07-25,Observation du 2024-07-25 (ete)
1358,2024-07-27,Observation du 2024-07-27 (ete)
1358,2024-07-29,Observation du 2024-07-29 (ete)
1358,2024-07-31,Observation du 2024-07-31 (ete)
1358,2024-08-05,Observation du 2024-08-05 (ete)
1358,2024-08-08,Observation du 2024-08-08 (ete)
1358,2024-08-22,Observation du 2024-08-22 (ete)
1358,2024-08-30,Observation du 2024-08-30 (ete)
1358,2024-09-07,Observation du 2024-09-07 (automne)
1358,2024-09-09,Observation du 2024-09-09 (automne)
1358,2024-09-13,Observation du 2024-09-13 (automne)
1358,2024-09-14,Observation du 2024-09-14 (automne)
1358,2024-09-23,Observation du 2024-09-23 (automne)
1358,2024-09-28,Observation du 2024-09-28 (automne)
1358,2024-09-29,Observation du 2024-09-29 (automne)
1358,2024-09-30,Observation du 2024-09-30 (automne)
1359,2024-05-18,Observation du 2024-05-18 (printemps)
1359,2024-05-20,Observation du 2024-05-20 (printemps)
1359,2024-05-21,Observation du 2024-05-21 (printemps)
1359,2024-05-23,Observation du 2024-05-23 (printemps)
1359,2024-05-26,Observation du 2024-05-26 (printemps)
1359,2024-05-29,Observation du 2024-05-29 (printemps)
1359,2024-06-02,Observation du 2024-06-02 (ete)
1359,2024-06-03,Observation du 2024-06-03 (ete)
1359,2024-06-04,Observation du 2024-06-04 (ete)
1359,2024-06-06,Observation du 2024-06-06 (ete)
1359,2024-06-08,Observation du 2024-06-08 (ete)
1359,2024-06-20,Observation du 2024-06-20 (ete)
1359,2024-06-23,Observation du 2024-06-23 (ete)
1359,2024-06-24,Observation du 2024-06-24 (ete)
1359,2024-06-30,Observation du 2024-06-30 (ete)
1359,2024-07-01,Observation du 2024-07-01 (ete)
1359,2024-07-03,Observation du 2024-07-03 (ete)
1359,2024-07-07,Observation du 2024-07-07 (ete)
1359,2024-07-08,Observation du 2024-07-08 (ete)
1359,2024-07-09,Observation du 2024-07-09 (ete)
1359,2024-07-15,Observation du 2024-07-15 (ete)
1359,2024-07-18,Observation du 2024-07-18 (ete)
1359,2024-08-03,Observation du 2024-08-03 (ete)
1359,2024-08-04,Observation du 2024-08-04 (ete)
1359,2024-08-06,Observation du 2024-08-06 (ete)
1359,2024-08-09,Observation du 2024-08-09 (ete)
1359,2024-08-21,Observation du 2024-08-21 (ete)
1359,2024-08-23,Observation du 2024-08-23 (ete)
1359,2024-08-25,Observation du 2024-08-25 (ete)
1359,2024-08-26,Observation du 2024-08-26 (ete)
1359,2024-08-28,Observation du 2024-08-28 (ete)
1359,2024-08-29,Observation du 2024-08-29 (ete)
1359,2024-09-08,Observation du 2024-09-08 (automne)
1359,2024-09-11,Observation du 2024-09-11 (automne)
1359,2024-09-13,Observation du 2024-09-13 (automne)
1359,2024-09-16,Observation du 2024-09-16 (automne)
1360,2024-05-10,Observation du 2024-05-10 (printemps)
1360,2024-05-11,Observation du 2024-05-11 (printemps)
1360,2024-05-15,Observation du 2024-05-15 (printemps)
1360,2024-05-16,Observation du 2024-05-16 (printemps)
1360,2024-05-19,Observation du 2024-05-19 (printemps)
1360,2024-05-20,Observation du 2024-05-20 (printemps)
1360,2024-05-23,Observation du 2024-05-23 (printemps)
1360,2024-05-25,Observation du 2024-05-25 (printemps)
1360,2024-05-30,Observation du 2024-05-30 (printemps)
1360,2024-06-01,Observation du 2024-06-01 (ete)
1360,2024-06-04,Observation du 2024-06-04 (ete)
1360,2024-06-07,Observation du 2024-06-07 (ete)
1360,2024-06-21,Observation du 2024-06-21 (ete)
1360,2024-07-01,Observation du 2024-07-01 (ete)
1360,2024-07-04,Observation du 2024-07-04 (ete)
1360,2024-07-06,Observation du 2024-07-06 (ete)
1360,2024-07-08,Observation du 2024-07-08 (ete)
1360,2024-07-10,Observation du 2024-07-10 (ete)
1360,2024-07-12,Observation du 2024-07-12 (ete)
1360,2024-07-27,Observation du 2024-07-27 (ete)
1360,2024-08-03,Observation du 2024-08-03 (ete)
1361,2024-05-10,Observation du 2024-05-10 (printemps)
1361,2024-05-12,Observation du 2024-05-12 (printemps)
1361,2024-05-15,Observation du 2024-05-15 (printemps)
1361,2024-05-19,Observation du 2024-05-19 (printemps)
1361,2024-05-22,Observation du 2024-05-22 (printemps)
1361,2024-05-23,Observation du 2024-05-23 (printemps)
1361,2024-05-24,Observation du 2024-05-24 (printemps)
1361,2024-05-25,Observation du 2024-05-25 (printemps)
1361,2024-05-26,Observation du 2024-05-26 (printemps)
1361,2024-05-27,Observation du 2024-05-27 (printemps)
1361,2024-05-28,Observation du 2024-05-28 (printemps)
1361,2024-05-30,Observation du 2024-05-30 (printemps)
1361,2024-06-02,Observation du 2024-06-02 (ete)
1361,2024-06-10,Observation du 2024-06-10 (ete)
1361,2024-06-12,Observation du 2024-06-12 (ete)
1361,2024-06-18,Observation du 2024-06-18 (ete)
1361,2024-06-20,Observation du 2024-06-20 (ete)
1361,2024-07-14,Observation du 2024-07-14 (ete)
1361,2024-07-19,Observation du 2024-07-19 (ete)
1361,2024-07-20,Observation du 2024-07-20 (ete)
1361,2024-07-22,Observation du 2024-07-22 (ete)
1361,2024-07-25,Observation du 2024-07-25 (ete)
1361,2024-07-26,Observation du 2024-07-26 (ete)
1361,2024-08-05,Observation du 2024-08-05 (ete)
1361,2024-08-09,Observation du 2024-08-09 (ete)
1361,2024-08-11,Observation du 2024-08-11 (ete)
1361,2024-08-13,Observation du 2024-08-13 (ete)
1361,2024-08-15,Observation du 2024-08-15 (ete)
1361,2024-08-16,Observation du 2024-08-16 (ete)
1361,2024-08-19,Observation du 2024-08-19 (ete)
1361,2024-08-21,Observation du 2024-08-21 (ete)
1361,2024-08-22,Observation du 2024-08-22 (ete)
1362,2024-05-24,Observation du 2024-05-24 (printemps)
1362,2024-05-30,Observation du 2024-05-30 (printemps)
1362,2024-06-03,Observation du 2024-06-03 (ete)
1362,2024-06-16,Observation du 2024-06-16 (ete)
1363,2024-05-20,Observation du 2024-05-20 (printemps)
1363,2024-05-22,Observation du 2024-05-22 (printemps)
1363,2024-05-26,Observation du 2024-05-26 (printemps)
1363,2024-05-30,Observation du 2024-05-30 (printemps)
1363,2024-06-02,Observation du 2024-06-02 (ete)
1363,2024-06-04,Observation du 2024-06-04 (ete)
1363,2024-06-05,Observation du 2024-06-05 (ete)
1363,2024-06-06,Observation du 2024-06-06 (ete)
1363,2024-06-19,Observation du 2024-06-19 (ete)
1363,2024-06-20,Observation du 2024-06-20 (ete)
1363,2024-06-22,Observation du 2024-06-22 (ete)
1363,2024-06-25,Observation du 2024-06-25 (ete)
1363,2024-06-26,Observation du 2024-06-26 (ete)
1363,2024-07-03,Observation du 2024-07-03 (ete)
1363,2024-07-18,Observation du 2024-07-18 (ete)
1363,2024-07-19,Observation du 2024-07-19 (ete)
1363,2024-07-28,Observation du 2024-07-28 (ete)
1363,2024-07-31,Observation du 2024-07-31 (ete)
1363,2024-08-03,Observation du 2024-08-03 (ete)
1363,2024-08-04,Observation du 2024-08-04 (ete)
1363,2024-08-05,Observation du 2024-08-05 (ete)
1367,2024-05-15,Observation du 2024-05-15 (printemps)
1367,2024-05-18,Observation du 2024-05-18 (printemps)
1367,2024-05-20,Observation du 2024-05-20 (printemps)
1367,2024-05-24,Observation du 2024-05-24 (printemps)
1367,2024-05-27,Observation du 2024-05-27 (printemps)
1367,2024-05-28,Observation du 2024-05-28 (printemps)
1367,2024-05-29,Observation du 2024-05-29 (printemps)
1367,2024-06-02,Observation du 2024-06-02 (ete)
1367,2024-06-08,Observation du 2024-06-08 (ete)
1367,2024-06-09,Observation du 2024-06-09 (ete)
1367,2024-06-14,Observation du 2024-06-14 (ete)
1367,2024-06-15,Observation du 2024-06-15 (ete)
1367,2024-06-23,Observation du 2024-06-23 (ete)
1367,2024-07-22,Observation du 2024-07-22 (ete)
1367,2024-07-27,Observation du 2024-07-27 (ete)
1367,2024-07-28,Observation du 2024-07-28 (ete)
1367,2024-07-31,Observation du 2024-07-31 (ete)
1367,2024-08-20,Observation du 2024-08-20 (ete)
1367,2024-08-22,Observation du 2024-08-22 (ete)
1367,2024-08-23,Observation du 2024-08-23 (ete)
1367,2024-08-25,Observation du 2024-08-25 (ete)
1367,2024-08-27,Observation du 2024-08-27 (ete)
1367,2024-08-28,Observation du 2024-08-28 (ete)
1367,2024-08-30,Observation du 2024-08-30 (ete)
1367,2024-08-31,Observation du 2024-08-31 (ete)
1367,2024-09-02,Observation du 2024-09-02 (automne)
1367,2024-09-11,Observation du 2024-09-11 (automne)
1367,2024-09-16,Observation du 2024-09-16 (automne)
1367,2024-09-17,Observation du 2024-09-17 (automne)
1367,2024-09-19,Observation du 2024-09-19 (automne)
1368,2024-05-15,Observation du 2024-05-15 (printemps)
1368,2024-05-16,Observation du 2024-05-16 (printemps)
1368,2024-05-18,Observation du 2024-05-18 (printemps)
1368,2024-05-19,Observation du 2024-05-19 (printemps)
1368,2024-05-20,Observation du 2024-05-20 (printemps)
1368,2024-05-22,Observation du 2024-05-22 (printemps)
1368,2024-05-27,Observation du 2024-05-27 (printemps)
1368,2024-05-31,Observation du 2024-05-31 (printemps)
1368,2024-06-02,Observation du 2024-06-02 (ete)
1368,2024-06-12,Observation du 2024-06-12 (ete)
1368,2024-06-17,Observation du 2024-06-17 (ete)
1368,2024-06-18,Observation du 2024-06-18 (ete)
1368,2024-06-20,Observation du 2024-06-20 (ete)
1368,2024-06-26,Observation du 2024-06-26 (ete)
1368,2024-07-01,Observation du 2024-07-01 (ete)
1368,2024-07-06,Observation du 2024-07-06 (ete)
1368,2024-07-07,Observation du 2024-07-07 (ete)
1368,2024-07-10,Observation du 2024-07-10 (ete)
1368,2024-07-11,Observation du 2024-07-11 (ete)
1368,2024-07-18,Observation du 2024-07-18 (ete)
1368,2024-07-26,Observation du 2024-07-26 (ete)
1368,2024-07-30,Observation du 2024-07-30 (ete)
1368,2024-08-07,Observation du 2024-08-07 (ete)
1368,2024-08-09,Observation du 2024-08-09 (ete)
1368,2024-08-11,Observation du 2024-08-11 (ete)
1368,2024-08-23,Observation du 2024-08-23 (ete)
1368,2024-08-27,Observation du 2024-08-27 (ete)
1368,2024-08-29,Observation du 2024-08-29 (ete)
1369,2024-05-17,Observation du 2024-05-17 (printemps)
1369,2024-05-21,Observation du 2024-05-21 (printemps)
1369,2024-05-22,Observation du 2024-05-22 (printemps)
1369,2024-05-26,Observation du 2024-05-26 (printemps)
1369,2024-05-27,Observation du 2024-05-27 (printemps)
1369,2024-05-29,Observation du 2024-05-29 (printemps)
1369,2024-05-30,Observation du 2024-05-30 (printemps)
1369,2024-06-01,Observation du 2024-06-01 (ete)
1369,2024-06-04,Observation du 2024-06-04 (ete)
1369,2024-06-05,Observation du 2024-06-05 (ete)
1369,2024-06-10,Observation du 2024-06-10 (ete)
1369,2024-06-11,Observation du 2024-06-11 (ete)
1369,2024-06-12,Observation du 2024-06-12 (ete)
1369,2024-06-21,Observation du 2024-06-21 (ete)
1369,2024-06-23,Observation du 2024-06-23 (ete)
1369,2024-06-29,Observation du 2024-06-29 (ete)
1369,2024-07-03,Observation du 2024-07-03 (ete)
1369,2024-07-06,Observation du 2024-07-06 (ete)
1369,2024-07-07,Observation du 2024-07-07 (ete)
1369,2024-07-17,Observation du 2024-07-17 (ete)
1369,2024-07-22,Observation du 2024-07-22 (ete)
1369,2024-07-25,Observation du 2024-07-25 (ete)
1369,2024-07-28,Observation du 2024-07-28 (ete)
1369,2024-07-29,Observation du 2024-07-29 (ete)
1369,2024-08-09,Observation du 2024-08-09 (ete)
1369,2024-08-11,Observation du 2024-08-11 (ete)
1369,2024-08-20,Observation du 2024-08-20 (ete)
1369,2024-08-23,Observation du 2024-08-23 (ete)
1369,2024-09-01,Observation du 2024-09-01 (automne)
1369,2024-09-02,Observation du 2024-09-02 (automne)
1369,2024-09-03,Observation du 2024-09-03 (automne)
1369,2024-09-08,Observation du 2024-09-08 (automne)
1369,2024-09-10,Observation du 2024-09-10 (automne)
1370,2024-05-19,Observation du 2024-05-19 (printemps)
1370,2024-05-22,Observation du 2024-05-22 (printemps)
1370,2024-05-25,Observation du 2024-05-25 (printemps)
1370,2024-05-26,Observation du 2024-05-26 (printemps)
1370,2024-05-29,Observation du 2024-05-29 (printemps)
1370,2024-05-31,Observation du 2024-05-31 (printemps)
1370,2024-06-01,Observation du 2024-06-01 (ete)
1370,2024-06-02,Observation du 2024-06-02 (ete)
1370,2024-06-04,Observation du 2024-06-04 (ete)
1370,2024-06-06,Observation du 2024-06-06 (ete)
1370,2024-06-11,Observation du 2024-06-11 (ete)
1370,2024-06-14,Observation du 2024-06-14 (ete)
1370,2024-06-16,Observation du 2024-06-16 (ete)
1370,2024-06-18,Observation du 2024-06-18 (ete)
1370,2024-06-20,Observation du 2024-06-20 (ete)
1370,2024-06-22,Observation du 2024-06-22 (ete)
1370,2024-06-23,Observation du 2024-06-23 (ete)
1370,2024-06-29,Observation du 2024-06-29 (ete)
1370,2024-07-08,Observation du 2024-07-08 (ete)
1370,2024-07-18,Observation du 2024-07-18 (ete)
1370,2024-07-19,Observation du 2024-07-19 (ete)
1370,2024-07-20,Observation du 2024-07-20 (ete)
1370,2024-07-21,Observation du 2024-07-21 (ete)
1370,2024-07-28,Observation du 2024-07-28 (ete)
1370,2024-08-04,Observation du 2024-08-04 (ete)
1370,2024-08-13,Observation du 2024-08-13 (ete)
1370,2024-08-18,Observation du 2024-08-18 (ete)
1370,2024-08-20,Observation du 2024-08-20 (ete)
1370,2024-08-24,Observation du 2024-08-24 (ete)
1370,2024-08-27,Observation du 2024-08-27 (ete)
1370,2024-08-28,Observation du 2024-08-28 (ete)
1370,2024-09-03,Observation du 2024-09-03 (automne)
1370,2024-09-05,Observation du 2024-09-05 (automne)
1370,2024-09-07,Observation du 2024-09-07 (automne)
1370,2024-09-08,Observation du 2024-09-08 (automne)
1370,2024-09-09,Observation du 2024-09-09 (automne)
1370,2024-09-12,Observation du 2024-09-12 (automne)
1370,2024-09-20,Observation du 2024-09-20 (automne)
1371,2024-05-21,Observation du 2024-05-21 (printemps)
1371,2024-05-22,Observation du 2024-05-22 (printemps)
1371,2024-05-28,Observation du 2024-05-28 (printemps)
1371,2024-06-01,Observation du 2024-06-01 (ete)
1371,2024-06-12,Observation du 2024-06-12 (ete)
1371,2024-06-13,Observation du 2024-06-13 (ete)
1371,2024-06-15,Observation du 2024-06-15 (ete)
1371,2024-06-22,Observation du 2024-06-22 (ete)
1371,2024-06-25,Observation du 2024-06-25 (ete)
1371,2024-07-06,Observation du 2024-07-06 (ete)
1371,2024-07-07,Observation du 2024-07-07 (ete)
1371,2024-07-12,Observation du 2024-07-12 (ete)
1371,2024-07-14,Observation du 2024-07-14 (ete)
1371,2024-07-15,Observation du 2024-07-15 (ete)
1371,2024-07-16,Observation du 2024-07-16 (ete)
1371,2024-07-18,Observation du 2024-07-18 (ete)
1371,2024-07-20,Observation du 2024-07-20 (ete)
1371,2024-07-22,Observation du 2024-07-22 (ete)
1371,2024-07-24,Observation du 2024-07-24 (ete)
1371,2024-07-29,Observation du 2024-07-29 (ete)
1371,2024-07-30,Observation du 2024-07-30 (ete)
1371,2024-08-03,Observation du 2024-08-03 (ete)
1371,2024-08-05,Observation du 2024-08-05 (ete)
1371,2024-08-06,Observation du 2024-08-06 (ete)
1371,2024-08-12,Observation du 2024-08-12 (ete)
1371,2024-08-15,Observation du 2024-08-15 (ete)
1372,2024-05-30,Observation du 2024-05-30 (printemps)
1372,2024-05-31,Observation du 2024-05-31 (printemps)
1372,2024-06-03,Observation du 2024-06-03 (ete)
1372,2024-06-06,Observation du 2024-06-06 (ete)
1372,2024-06-07,Observation du 2024-06-07 (ete)
1372,2024-06-16,Observation du 2024-06-16 (ete)
1372,2024-06-17,Observation du 2024-06-17 (ete)
1372,2024-06-21,Observation du 2024-06-21 (ete)
1372,2024-06-24,Observation du 2024-06-24 (ete)
1372,2024-06-25,Observation du 2024-06-25 (ete)
1372,2024-07-01,Observation du 2024-07-01 (ete)
1372,2024-07-17,Observation du 2024-07-17 (ete)
1372,2024-07-18,Observation du 2024-07-18 (ete)
1373,2024-05-13,Observation du 2024-05-13 (printemps)
1373,2024-05-14,Observation du 2024-05-14 (printemps)
1373,2024-05-15,Observation du 2024-05-15 (printemps)
1373,2024-05-18,Observation du 2024-05-18 (printemps)
1373,2024-05-21,Observation du 2024-05-21 (printemps)
1373,2024-05-22,Observation du 2024-05-22 (printemps)
1391,2024-06-24,Observation du 2024-06-24 (ete)
1373,2024-05-23,Observation du 2024-05-23 (printemps)
1373,2024-05-25,Observation du 2024-05-25 (printemps)
1373,2024-05-28,Observation du 2024-05-28 (printemps)
1373,2024-05-29,Observation du 2024-05-29 (printemps)
1373,2024-05-30,Observation du 2024-05-30 (printemps)
1373,2024-06-03,Observation du 2024-06-03 (ete)
1373,2024-06-04,Observation du 2024-06-04 (ete)
1373,2024-06-10,Observation du 2024-06-10 (ete)
1373,2024-06-14,Observation du 2024-06-14 (ete)
1373,2024-06-15,Observation du 2024-06-15 (ete)
1373,2024-06-20,Observation du 2024-06-20 (ete)
1373,2024-06-21,Observation du 2024-06-21 (ete)
1373,2024-06-26,Observation du 2024-06-26 (ete)
1373,2024-06-27,Observation du 2024-06-27 (ete)
1373,2024-06-30,Observation du 2024-06-30 (ete)
1373,2024-07-05,Observation du 2024-07-05 (ete)
1373,2024-07-11,Observation du 2024-07-11 (ete)
1373,2024-07-16,Observation du 2024-07-16 (ete)
1373,2024-07-17,Observation du 2024-07-17 (ete)
1373,2024-07-23,Observation du 2024-07-23 (ete)
1373,2024-07-27,Observation du 2024-07-27 (ete)
1373,2024-07-29,Observation du 2024-07-29 (ete)
1373,2024-08-02,Observation du 2024-08-02 (ete)
1373,2024-08-03,Observation du 2024-08-03 (ete)
1373,2024-08-04,Observation du 2024-08-04 (ete)
1373,2024-08-08,Observation du 2024-08-08 (ete)
1373,2024-08-22,Observation du 2024-08-22 (ete)
1374,2024-05-11,Observation du 2024-05-11 (printemps)
1374,2024-05-13,Observation du 2024-05-13 (printemps)
1374,2024-05-18,Observation du 2024-05-18 (printemps)
1374,2024-05-19,Observation du 2024-05-19 (printemps)
1374,2024-05-20,Observation du 2024-05-20 (printemps)
1374,2024-05-21,Observation du 2024-05-21 (printemps)
1374,2024-05-22,Observation du 2024-05-22 (printemps)
1374,2024-05-23,Observation du 2024-05-23 (printemps)
1374,2024-05-26,Observation du 2024-05-26 (printemps)
1374,2024-05-28,Observation du 2024-05-28 (printemps)
1374,2024-05-29,Observation du 2024-05-29 (printemps)
1374,2024-06-07,Observation du 2024-06-07 (ete)
1374,2024-06-12,Observation du 2024-06-12 (ete)
1374,2024-06-16,Observation du 2024-06-16 (ete)
1374,2024-06-17,Observation du 2024-06-17 (ete)
1374,2024-06-19,Observation du 2024-06-19 (ete)
1374,2024-06-20,Observation du 2024-06-20 (ete)
1374,2024-06-24,Observation du 2024-06-24 (ete)
1374,2024-06-27,Observation du 2024-06-27 (ete)
1375,2024-05-19,Observation du 2024-05-19 (printemps)
1375,2024-05-20,Observation du 2024-05-20 (printemps)
1375,2024-05-21,Observation du 2024-05-21 (printemps)
1375,2024-05-24,Observation du 2024-05-24 (printemps)
1375,2024-06-01,Observation du 2024-06-01 (ete)
1375,2024-06-03,Observation du 2024-06-03 (ete)
1375,2024-06-07,Observation du 2024-06-07 (ete)
1375,2024-06-11,Observation du 2024-06-11 (ete)
1375,2024-06-17,Observation du 2024-06-17 (ete)
1375,2024-06-21,Observation du 2024-06-21 (ete)
1375,2024-06-23,Observation du 2024-06-23 (ete)
1376,2024-05-14,Observation du 2024-05-14 (printemps)
1376,2024-05-15,Observation du 2024-05-15 (printemps)
1376,2024-05-17,Observation du 2024-05-17 (printemps)
1376,2024-05-21,Observation du 2024-05-21 (printemps)
1376,2024-05-24,Observation du 2024-05-24 (printemps)
1376,2024-05-26,Observation du 2024-05-26 (printemps)
1376,2024-05-27,Observation du 2024-05-27 (printemps)
1376,2024-05-29,Observation du 2024-05-29 (printemps)
1376,2024-06-04,Observation du 2024-06-04 (ete)
1376,2024-06-05,Observation du 2024-06-05 (ete)
1376,2024-06-15,Observation du 2024-06-15 (ete)
1376,2024-06-16,Observation du 2024-06-16 (ete)
1376,2024-06-17,Observation du 2024-06-17 (ete)
1376,2024-06-19,Observation du 2024-06-19 (ete)
1376,2024-06-25,Observation du 2024-06-25 (ete)
1376,2024-06-30,Observation du 2024-06-30 (ete)
1376,2024-07-02,Observation du 2024-07-02 (ete)
1376,2024-07-10,Observation du 2024-07-10 (ete)
1376,2024-07-12,Observation du 2024-07-12 (ete)
1376,2024-07-15,Observation du 2024-07-15 (ete)
1376,2024-07-19,Observation du 2024-07-19 (ete)
1376,2024-07-21,Observation du 2024-07-21 (ete)
1376,2024-08-02,Observation du 2024-08-02 (ete)
1376,2024-08-04,Observation du 2024-08-04 (ete)
1376,2024-08-06,Observation du 2024-08-06 (ete)
1376,2024-08-08,Observation du 2024-08-08 (ete)
1376,2024-08-11,Observation du 2024-08-11 (ete)
1376,2024-08-12,Observation du 2024-08-12 (ete)
1377,2024-05-08,Observation du 2024-05-08 (printemps)
1377,2024-05-09,Observation du 2024-05-09 (printemps)
1377,2024-05-10,Observation du 2024-05-10 (printemps)
1377,2024-05-11,Observation du 2024-05-11 (printemps)
1377,2024-05-12,Observation du 2024-05-12 (printemps)
1377,2024-05-21,Observation du 2024-05-21 (printemps)
1377,2024-05-23,Observation du 2024-05-23 (printemps)
1377,2024-05-25,Observation du 2024-05-25 (printemps)
1377,2024-05-28,Observation du 2024-05-28 (printemps)
1377,2024-05-29,Observation du 2024-05-29 (printemps)
1377,2024-05-31,Observation du 2024-05-31 (printemps)
1377,2024-06-01,Observation du 2024-06-01 (ete)
1377,2024-06-02,Observation du 2024-06-02 (ete)
1377,2024-06-07,Observation du 2024-06-07 (ete)
1377,2024-06-15,Observation du 2024-06-15 (ete)
1377,2024-06-23,Observation du 2024-06-23 (ete)
1377,2024-06-25,Observation du 2024-06-25 (ete)
1377,2024-06-26,Observation du 2024-06-26 (ete)
1377,2024-07-06,Observation du 2024-07-06 (ete)
1377,2024-07-07,Observation du 2024-07-07 (ete)
1377,2024-07-09,Observation du 2024-07-09 (ete)
1377,2024-07-10,Observation du 2024-07-10 (ete)
1377,2024-07-26,Observation du 2024-07-26 (ete)
1377,2024-07-28,Observation du 2024-07-28 (ete)
1377,2024-08-02,Observation du 2024-08-02 (ete)
1377,2024-08-06,Observation du 2024-08-06 (ete)
1377,2024-08-13,Observation du 2024-08-13 (ete)
1377,2024-08-28,Observation du 2024-08-28 (ete)
1377,2024-08-29,Observation du 2024-08-29 (ete)
1377,2024-09-05,Observation du 2024-09-05 (automne)
1377,2024-09-06,Observation du 2024-09-06 (automne)
1377,2024-09-07,Observation du 2024-09-07 (automne)
1377,2024-09-12,Observation du 2024-09-12 (automne)
1377,2024-09-19,Observation du 2024-09-19 (automne)
1377,2024-09-28,Observation du 2024-09-28 (automne)
1377,2024-09-29,Observation du 2024-09-29 (automne)
1380,2024-05-15,Observation du 2024-05-15 (printemps)
1380,2024-05-21,Observation du 2024-05-21 (printemps)
1380,2024-05-22,Observation du 2024-05-22 (printemps)
1380,2024-05-26,Observation du 2024-05-26 (printemps)
1380,2024-05-27,Observation du 2024-05-27 (printemps)
1380,2024-05-28,Observation du 2024-05-28 (printemps)
1380,2024-06-02,Observation du 2024-06-02 (ete)
1380,2024-06-04,Observation du 2024-06-04 (ete)
1380,2024-06-15,Observation du 2024-06-15 (ete)
1380,2024-06-16,Observation du 2024-06-16 (ete)
1380,2024-06-17,Observation du 2024-06-17 (ete)
1380,2024-06-23,Observation du 2024-06-23 (ete)
1380,2024-06-26,Observation du 2024-06-26 (ete)
1380,2024-06-28,Observation du 2024-06-28 (ete)
1380,2024-07-09,Observation du 2024-07-09 (ete)
1380,2024-07-11,Observation du 2024-07-11 (ete)
1380,2024-07-13,Observation du 2024-07-13 (ete)
1380,2024-07-17,Observation du 2024-07-17 (ete)
1381,2024-05-16,Observation du 2024-05-16 (printemps)
1381,2024-05-20,Observation du 2024-05-20 (printemps)
1381,2024-05-22,Observation du 2024-05-22 (printemps)
1381,2024-05-24,Observation du 2024-05-24 (printemps)
1381,2024-05-26,Observation du 2024-05-26 (printemps)
1381,2024-05-27,Observation du 2024-05-27 (printemps)
1381,2024-06-04,Observation du 2024-06-04 (ete)
1381,2024-06-09,Observation du 2024-06-09 (ete)
1381,2024-06-17,Observation du 2024-06-17 (ete)
1381,2024-06-20,Observation du 2024-06-20 (ete)
1381,2024-06-21,Observation du 2024-06-21 (ete)
1381,2024-06-26,Observation du 2024-06-26 (ete)
1381,2024-06-29,Observation du 2024-06-29 (ete)
1381,2024-07-01,Observation du 2024-07-01 (ete)
1381,2024-07-07,Observation du 2024-07-07 (ete)
1381,2024-07-11,Observation du 2024-07-11 (ete)
1381,2024-07-13,Observation du 2024-07-13 (ete)
1381,2024-07-14,Observation du 2024-07-14 (ete)
1381,2024-07-15,Observation du 2024-07-15 (ete)
1381,2024-07-17,Observation du 2024-07-17 (ete)
1381,2024-07-23,Observation du 2024-07-23 (ete)
1381,2024-07-24,Observation du 2024-07-24 (ete)
1381,2024-07-29,Observation du 2024-07-29 (ete)
1381,2024-08-05,Observation du 2024-08-05 (ete)
1381,2024-08-08,Observation du 2024-08-08 (ete)
1381,2024-08-24,Observation du 2024-08-24 (ete)
1381,2024-08-27,Observation du 2024-08-27 (ete)
1381,2024-08-30,Observation du 2024-08-30 (ete)
1381,2024-09-02,Observation du 2024-09-02 (automne)
1381,2024-09-04,Observation du 2024-09-04 (automne)
1381,2024-09-05,Observation du 2024-09-05 (automne)
1381,2024-09-07,Observation du 2024-09-07 (automne)
1381,2024-09-08,Observation du 2024-09-08 (automne)
1381,2024-09-09,Observation du 2024-09-09 (automne)
1382,2024-05-10,Observation du 2024-05-10 (printemps)
1382,2024-05-11,Observation du 2024-05-11 (printemps)
1382,2024-05-14,Observation du 2024-05-14 (printemps)
1382,2024-05-16,Observation du 2024-05-16 (printemps)
1382,2024-05-23,Observation du 2024-05-23 (printemps)
1382,2024-05-26,Observation du 2024-05-26 (printemps)
1382,2024-05-29,Observation du 2024-05-29 (printemps)
1382,2024-06-04,Observation du 2024-06-04 (ete)
1382,2024-06-07,Observation du 2024-06-07 (ete)
1382,2024-06-10,Observation du 2024-06-10 (ete)
1382,2024-06-13,Observation du 2024-06-13 (ete)
1382,2024-06-16,Observation du 2024-06-16 (ete)
1382,2024-06-19,Observation du 2024-06-19 (ete)
1382,2024-06-22,Observation du 2024-06-22 (ete)
1382,2024-06-23,Observation du 2024-06-23 (ete)
1382,2024-06-28,Observation du 2024-06-28 (ete)
1382,2024-06-29,Observation du 2024-06-29 (ete)
1382,2024-06-30,Observation du 2024-06-30 (ete)
1382,2024-07-02,Observation du 2024-07-02 (ete)
1382,2024-07-04,Observation du 2024-07-04 (ete)
1382,2024-07-17,Observation du 2024-07-17 (ete)
1382,2024-07-18,Observation du 2024-07-18 (ete)
1382,2024-07-19,Observation du 2024-07-19 (ete)
1382,2024-07-20,Observation du 2024-07-20 (ete)
1382,2024-07-25,Observation du 2024-07-25 (ete)
1382,2024-07-29,Observation du 2024-07-29 (ete)
1382,2024-08-04,Observation du 2024-08-04 (ete)
1382,2024-08-08,Observation du 2024-08-08 (ete)
1382,2024-08-12,Observation du 2024-08-12 (ete)
1382,2024-08-13,Observation du 2024-08-13 (ete)
1382,2024-08-17,Observation du 2024-08-17 (ete)
1382,2024-08-18,Observation du 2024-08-18 (ete)
1382,2024-08-19,Observation du 2024-08-19 (ete)
1382,2024-08-20,Observation du 2024-08-20 (ete)
1382,2024-08-25,Observation du 2024-08-25 (ete)
1382,2024-08-30,Observation du 2024-08-30 (ete)
1382,2024-09-04,Observation du 2024-09-04 (automne)
1382,2024-09-05,Observation du 2024-09-05 (automne)
1382,2024-09-12,Observation du 2024-09-12 (automne)
1383,2024-05-10,Observation du 2024-05-10 (printemps)
1383,2024-05-14,Observation du 2024-05-14 (printemps)
1383,2024-05-19,Observation du 2024-05-19 (printemps)
1383,2024-05-22,Observation du 2024-05-22 (printemps)
1383,2024-05-24,Observation du 2024-05-24 (printemps)
1383,2024-05-25,Observation du 2024-05-25 (printemps)
1383,2024-05-27,Observation du 2024-05-27 (printemps)
1383,2024-05-28,Observation du 2024-05-28 (printemps)
1383,2024-05-29,Observation du 2024-05-29 (printemps)
1383,2024-06-06,Observation du 2024-06-06 (ete)
1383,2024-06-09,Observation du 2024-06-09 (ete)
1383,2024-06-10,Observation du 2024-06-10 (ete)
1383,2024-06-15,Observation du 2024-06-15 (ete)
1383,2024-06-23,Observation du 2024-06-23 (ete)
1383,2024-06-24,Observation du 2024-06-24 (ete)
1383,2024-07-01,Observation du 2024-07-01 (ete)
1383,2024-07-13,Observation du 2024-07-13 (ete)
1391,2024-06-25,Observation du 2024-06-25 (ete)
1384,2024-05-18,Observation du 2024-05-18 (printemps)
1384,2024-05-19,Observation du 2024-05-19 (printemps)
1384,2024-05-21,Observation du 2024-05-21 (printemps)
1384,2024-05-23,Observation du 2024-05-23 (printemps)
1384,2024-05-24,Observation du 2024-05-24 (printemps)
1384,2024-05-25,Observation du 2024-05-25 (printemps)
1384,2024-05-27,Observation du 2024-05-27 (printemps)
1384,2024-05-28,Observation du 2024-05-28 (printemps)
1384,2024-05-31,Observation du 2024-05-31 (printemps)
1384,2024-06-02,Observation du 2024-06-02 (ete)
1384,2024-06-03,Observation du 2024-06-03 (ete)
1384,2024-06-04,Observation du 2024-06-04 (ete)
1384,2024-06-13,Observation du 2024-06-13 (ete)
1384,2024-06-14,Observation du 2024-06-14 (ete)
1384,2024-06-19,Observation du 2024-06-19 (ete)
1384,2024-06-23,Observation du 2024-06-23 (ete)
1384,2024-07-01,Observation du 2024-07-01 (ete)
1384,2024-07-12,Observation du 2024-07-12 (ete)
1384,2024-07-13,Observation du 2024-07-13 (ete)
1384,2024-07-14,Observation du 2024-07-14 (ete)
1386,2024-05-18,Observation du 2024-05-18 (printemps)
1386,2024-05-21,Observation du 2024-05-21 (printemps)
1386,2024-05-27,Observation du 2024-05-27 (printemps)
1386,2024-06-06,Observation du 2024-06-06 (ete)
1386,2024-06-08,Observation du 2024-06-08 (ete)
1386,2024-06-20,Observation du 2024-06-20 (ete)
1386,2024-06-29,Observation du 2024-06-29 (ete)
1386,2024-07-03,Observation du 2024-07-03 (ete)
1386,2024-07-05,Observation du 2024-07-05 (ete)
1386,2024-07-06,Observation du 2024-07-06 (ete)
1386,2024-07-15,Observation du 2024-07-15 (ete)
1386,2024-07-16,Observation du 2024-07-16 (ete)
1386,2024-07-17,Observation du 2024-07-17 (ete)
1386,2024-07-18,Observation du 2024-07-18 (ete)
1386,2024-07-23,Observation du 2024-07-23 (ete)
1386,2024-07-25,Observation du 2024-07-25 (ete)
1386,2024-08-02,Observation du 2024-08-02 (ete)
1386,2024-08-07,Observation du 2024-08-07 (ete)
1386,2024-08-13,Observation du 2024-08-13 (ete)
1387,2024-05-13,Observation du 2024-05-13 (printemps)
1387,2024-05-18,Observation du 2024-05-18 (printemps)
1387,2024-05-23,Observation du 2024-05-23 (printemps)
1387,2024-06-27,Observation du 2024-06-27 (ete)
1387,2024-06-29,Observation du 2024-06-29 (ete)
1387,2024-07-09,Observation du 2024-07-09 (ete)
1387,2024-07-15,Observation du 2024-07-15 (ete)
1387,2024-07-16,Observation du 2024-07-16 (ete)
1387,2024-07-23,Observation du 2024-07-23 (ete)
1387,2024-07-25,Observation du 2024-07-25 (ete)
1387,2024-07-28,Observation du 2024-07-28 (ete)
1387,2024-08-09,Observation du 2024-08-09 (ete)
1387,2024-08-11,Observation du 2024-08-11 (ete)
1387,2024-08-15,Observation du 2024-08-15 (ete)
1387,2024-08-17,Observation du 2024-08-17 (ete)
1387,2024-08-24,Observation du 2024-08-24 (ete)
1387,2024-09-05,Observation du 2024-09-05 (automne)
1387,2024-09-08,Observation du 2024-09-08 (automne)
1387,2024-09-09,Observation du 2024-09-09 (automne)
1387,2024-09-14,Observation du 2024-09-14 (automne)
1387,2024-09-19,Observation du 2024-09-19 (automne)
1388,2024-05-12,Observation du 2024-05-12 (printemps)
1388,2024-05-13,Observation du 2024-05-13 (printemps)
1388,2024-05-14,Observation du 2024-05-14 (printemps)
1388,2024-05-15,Observation du 2024-05-15 (printemps)
1388,2024-05-16,Observation du 2024-05-16 (printemps)
1388,2024-05-20,Observation du 2024-05-20 (printemps)
1388,2024-05-21,Observation du 2024-05-21 (printemps)
1388,2024-05-22,Observation du 2024-05-22 (printemps)
1388,2024-05-29,Observation du 2024-05-29 (printemps)
1388,2024-06-06,Observation du 2024-06-06 (ete)
1388,2024-06-15,Observation du 2024-06-15 (ete)
1388,2024-06-21,Observation du 2024-06-21 (ete)
1388,2024-06-22,Observation du 2024-06-22 (ete)
1388,2024-07-04,Observation du 2024-07-04 (ete)
1388,2024-07-06,Observation du 2024-07-06 (ete)
1388,2024-07-08,Observation du 2024-07-08 (ete)
1388,2024-07-10,Observation du 2024-07-10 (ete)
1390,2024-05-16,Observation du 2024-05-16 (printemps)
1390,2024-05-18,Observation du 2024-05-18 (printemps)
1390,2024-05-20,Observation du 2024-05-20 (printemps)
1390,2024-05-31,Observation du 2024-05-31 (printemps)
1390,2024-06-01,Observation du 2024-06-01 (ete)
1390,2024-06-04,Observation du 2024-06-04 (ete)
1390,2024-06-07,Observation du 2024-06-07 (ete)
1390,2024-06-09,Observation du 2024-06-09 (ete)
1390,2024-06-10,Observation du 2024-06-10 (ete)
1390,2024-06-11,Observation du 2024-06-11 (ete)
1390,2024-06-12,Observation du 2024-06-12 (ete)
1390,2024-06-15,Observation du 2024-06-15 (ete)
1390,2024-06-19,Observation du 2024-06-19 (ete)
1390,2024-06-22,Observation du 2024-06-22 (ete)
1390,2024-06-25,Observation du 2024-06-25 (ete)
1390,2024-06-27,Observation du 2024-06-27 (ete)
1390,2024-07-07,Observation du 2024-07-07 (ete)
1390,2024-07-09,Observation du 2024-07-09 (ete)
1390,2024-07-10,Observation du 2024-07-10 (ete)
1390,2024-07-18,Observation du 2024-07-18 (ete)
1390,2024-07-22,Observation du 2024-07-22 (ete)
1390,2024-07-23,Observation du 2024-07-23 (ete)
1390,2024-08-01,Observation du 2024-08-01 (ete)
1390,2024-08-08,Observation du 2024-08-08 (ete)
1390,2024-08-10,Observation du 2024-08-10 (ete)
1390,2024-08-16,Observation du 2024-08-16 (ete)
1390,2024-08-19,Observation du 2024-08-19 (ete)
1391,2024-05-14,Observation du 2024-05-14 (printemps)
1391,2024-05-17,Observation du 2024-05-17 (printemps)
1391,2024-05-19,Observation du 2024-05-19 (printemps)
1391,2024-05-24,Observation du 2024-05-24 (printemps)
1391,2024-05-28,Observation du 2024-05-28 (printemps)
1391,2024-06-03,Observation du 2024-06-03 (ete)
1391,2024-06-07,Observation du 2024-06-07 (ete)
1391,2024-06-10,Observation du 2024-06-10 (ete)
1391,2024-06-17,Observation du 2024-06-17 (ete)
1391,2024-06-19,Observation du 2024-06-19 (ete)
1391,2024-06-21,Observation du 2024-06-21 (ete)
1391,2024-06-26,Observation du 2024-06-26 (ete)
1391,2024-06-28,Observation du 2024-06-28 (ete)
1391,2024-06-29,Observation du 2024-06-29 (ete)
1391,2024-06-30,Observation du 2024-06-30 (ete)
1391,2024-07-03,Observation du 2024-07-03 (ete)
1391,2024-07-05,Observation du 2024-07-05 (ete)
1391,2024-07-06,Observation du 2024-07-06 (ete)
1391,2024-07-08,Observation du 2024-07-08 (ete)
1391,2024-07-18,Observation du 2024-07-18 (ete)
1391,2024-07-21,Observation du 2024-07-21 (ete)
1391,2024-07-22,Observation du 2024-07-22 (ete)
1391,2024-07-23,Observation du 2024-07-23 (ete)
1391,2024-08-02,Observation du 2024-08-02 (ete)
1391,2024-08-06,Observation du 2024-08-06 (ete)
1391,2024-08-07,Observation du 2024-08-07 (ete)
1391,2024-08-09,Observation du 2024-08-09 (ete)
1391,2024-08-11,Observation du 2024-08-11 (ete)
1391,2024-08-12,Observation du 2024-08-12 (ete)
1391,2024-08-15,Observation du 2024-08-15 (ete)
1391,2024-08-16,Observation du 2024-08-16 (ete)
1391,2024-08-20,Observation du 2024-08-20 (ete)
1391,2024-08-21,Observation du 2024-08-21 (ete)
1391,2024-08-25,Observation du 2024-08-25 (ete)
1391,2024-08-27,Observation du 2024-08-27 (ete)
1391,2024-08-29,Observation du 2024-08-29 (ete)
1391,2024-09-04,Observation du 2024-09-04 (automne)
1391,2024-09-07,Observation du 2024-09-07 (automne)
1391,2024-09-09,Observation du 2024-09-09 (automne)
1391,2024-09-10,Observation du 2024-09-10 (automne)
1391,2024-09-12,Observation du 2024-09-12 (automne)
1391,2024-09-14,Observation du 2024-09-14 (automne)
1391,2024-09-15,Observation du 2024-09-15 (automne)
1391,2024-09-16,Observation du 2024-09-16 (automne)
1392,2024-05-11,Observation du 2024-05-11 (printemps)
1392,2024-05-13,Observation du 2024-05-13 (printemps)
1392,2024-05-14,Observation du 2024-05-14 (printemps)
1392,2024-05-15,Observation du 2024-05-15 (printemps)
1392,2024-05-17,Observation du 2024-05-17 (printemps)
1392,2024-05-19,Observation du 2024-05-19 (printemps)
1392,2024-05-20,Observation du 2024-05-20 (printemps)
1392,2024-05-21,Observation du 2024-05-21 (printemps)
1392,2024-05-24,Observation du 2024-05-24 (printemps)
1392,2024-05-28,Observation du 2024-05-28 (printemps)
1392,2024-05-31,Observation du 2024-05-31 (printemps)
1392,2024-06-06,Observation du 2024-06-06 (ete)
1392,2024-06-11,Observation du 2024-06-11 (ete)
1392,2024-06-18,Observation du 2024-06-18 (ete)
1392,2024-06-22,Observation du 2024-06-22 (ete)
1392,2024-06-28,Observation du 2024-06-28 (ete)
1392,2024-07-01,Observation du 2024-07-01 (ete)
1392,2024-07-05,Observation du 2024-07-05 (ete)
1392,2024-07-22,Observation du 2024-07-22 (ete)
1392,2024-07-23,Observation du 2024-07-23 (ete)
1392,2024-07-24,Observation du 2024-07-24 (ete)
1392,2024-07-25,Observation du 2024-07-25 (ete)
1392,2024-07-30,Observation du 2024-07-30 (ete)
1392,2024-07-31,Observation du 2024-07-31 (ete)
1392,2024-08-02,Observation du 2024-08-02 (ete)
1392,2024-08-05,Observation du 2024-08-05 (ete)
1392,2024-08-09,Observation du 2024-08-09 (ete)
1392,2024-08-10,Observation du 2024-08-10 (ete)
1393,2024-05-17,Observation du 2024-05-17 (printemps)
1393,2024-05-18,Observation du 2024-05-18 (printemps)
1393,2024-05-20,Observation du 2024-05-20 (printemps)
1393,2024-05-21,Observation du 2024-05-21 (printemps)
1393,2024-05-24,Observation du 2024-05-24 (printemps)
1393,2024-05-27,Observation du 2024-05-27 (printemps)
1393,2024-05-28,Observation du 2024-05-28 (printemps)
1393,2024-05-29,Observation du 2024-05-29 (printemps)
1393,2024-06-03,Observation du 2024-06-03 (ete)
1393,2024-06-05,Observation du 2024-06-05 (ete)
1393,2024-06-12,Observation du 2024-06-12 (ete)
1393,2024-06-17,Observation du 2024-06-17 (ete)
1393,2024-06-21,Observation du 2024-06-21 (ete)
1393,2024-06-22,Observation du 2024-06-22 (ete)
1393,2024-06-24,Observation du 2024-06-24 (ete)
1393,2024-06-28,Observation du 2024-06-28 (ete)
1393,2024-06-30,Observation du 2024-06-30 (ete)
1393,2024-07-03,Observation du 2024-07-03 (ete)
1393,2024-07-04,Observation du 2024-07-04 (ete)
1393,2024-07-07,Observation du 2024-07-07 (ete)
1393,2024-07-11,Observation du 2024-07-11 (ete)
1393,2024-07-12,Observation du 2024-07-12 (ete)
1393,2024-07-13,Observation du 2024-07-13 (ete)
1393,2024-07-18,Observation du 2024-07-18 (ete)
1393,2024-07-19,Observation du 2024-07-19 (ete)
1393,2024-07-20,Observation du 2024-07-20 (ete)
1393,2024-07-23,Observation du 2024-07-23 (ete)
1393,2024-07-27,Observation du 2024-07-27 (ete)
1393,2024-07-30,Observation du 2024-07-30 (ete)
1393,2024-08-01,Observation du 2024-08-01 (ete)
1393,2024-08-10,Observation du 2024-08-10 (ete)
1393,2024-08-12,Observation du 2024-08-12 (ete)
1393,2024-08-21,Observation du 2024-08-21 (ete)
1393,2024-08-22,Observation du 2024-08-22 (ete)
1393,2024-08-23,Observation du 2024-08-23 (ete)
1394,2024-05-17,Observation du 2024-05-17 (printemps)
1394,2024-05-19,Observation du 2024-05-19 (printemps)
1394,2024-05-22,Observation du 2024-05-22 (printemps)
1394,2024-05-28,Observation du 2024-05-28 (printemps)
1394,2024-05-30,Observation du 2024-05-30 (printemps)
1394,2024-05-31,Observation du 2024-05-31 (printemps)
1394,2024-06-02,Observation du 2024-06-02 (ete)
1394,2024-06-03,Observation du 2024-06-03 (ete)
1394,2024-06-05,Observation du 2024-06-05 (ete)
1394,2024-06-06,Observation du 2024-06-06 (ete)
1394,2024-06-08,Observation du 2024-06-08 (ete)
1394,2024-06-13,Observation du 2024-06-13 (ete)
1394,2024-06-16,Observation du 2024-06-16 (ete)
1394,2024-07-02,Observation du 2024-07-02 (ete)
1394,2024-07-10,Observation du 2024-07-10 (ete)
1394,2024-07-16,Observation du 2024-07-16 (ete)
1394,2024-07-17,Observation du 2024-07-17 (ete)
1394,2024-07-22,Observation du 2024-07-22 (ete)
1394,2024-07-25,Observation du 2024-07-25 (ete)
1394,2024-07-28,Observation du 2024-07-28 (ete)
1394,2024-07-31,Observation du 2024-07-31 (ete)
1394,2024-08-05,Observation du 2024-08-05 (ete)
1394,2024-08-07,Observation du 2024-08-07 (ete)
1394,2024-08-15,Observation du 2024-08-15 (ete)
1394,2024-08-20,Observation du 2024-08-20 (ete)
1394,2024-08-21,Observation du 2024-08-21 (ete)
1394,2024-09-05,Observation du 2024-09-05 (automne)
1395,2024-05-16,Observation du 2024-05-16 (printemps)
1395,2024-05-19,Observation du 2024-05-19 (printemps)
1395,2024-05-26,Observation du 2024-05-26 (printemps)
1395,2024-05-27,Observation du 2024-05-27 (printemps)
1395,2024-06-02,Observation du 2024-06-02 (ete)
1395,2024-06-04,Observation du 2024-06-04 (ete)
1395,2024-06-06,Observation du 2024-06-06 (ete)
1395,2024-06-08,Observation du 2024-06-08 (ete)
1395,2024-06-15,Observation du 2024-06-15 (ete)
1395,2024-06-21,Observation du 2024-06-21 (ete)
1395,2024-06-25,Observation du 2024-06-25 (ete)
1395,2024-07-02,Observation du 2024-07-02 (ete)
1395,2024-07-03,Observation du 2024-07-03 (ete)
1395,2024-07-04,Observation du 2024-07-04 (ete)
1395,2024-07-06,Observation du 2024-07-06 (ete)
1395,2024-07-07,Observation du 2024-07-07 (ete)
1395,2024-07-08,Observation du 2024-07-08 (ete)
1395,2024-07-19,Observation du 2024-07-19 (ete)
1395,2024-07-27,Observation du 2024-07-27 (ete)
1395,2024-07-28,Observation du 2024-07-28 (ete)
1396,2024-05-16,Observation du 2024-05-16 (printemps)
1396,2024-05-20,Observation du 2024-05-20 (printemps)
1396,2024-05-26,Observation du 2024-05-26 (printemps)
1396,2024-05-27,Observation du 2024-05-27 (printemps)
1396,2024-05-28,Observation du 2024-05-28 (printemps)
1396,2024-05-31,Observation du 2024-05-31 (printemps)
1396,2024-06-07,Observation du 2024-06-07 (ete)
1396,2024-06-09,Observation du 2024-06-09 (ete)
1396,2024-06-11,Observation du 2024-06-11 (ete)
1396,2024-06-13,Observation du 2024-06-13 (ete)
1396,2024-06-15,Observation du 2024-06-15 (ete)
1396,2024-06-16,Observation du 2024-06-16 (ete)
1396,2024-06-19,Observation du 2024-06-19 (ete)
1396,2024-06-23,Observation du 2024-06-23 (ete)
1396,2024-06-24,Observation du 2024-06-24 (ete)
1396,2024-06-29,Observation du 2024-06-29 (ete)
1396,2024-07-04,Observation du 2024-07-04 (ete)
1396,2024-07-10,Observation du 2024-07-10 (ete)
1396,2024-07-12,Observation du 2024-07-12 (ete)
1396,2024-07-20,Observation du 2024-07-20 (ete)
1396,2024-07-24,Observation du 2024-07-24 (ete)
1396,2024-07-27,Observation du 2024-07-27 (ete)
1396,2024-07-29,Observation du 2024-07-29 (ete)
1396,2024-08-01,Observation du 2024-08-01 (ete)
1396,2024-08-16,Observation du 2024-08-16 (ete)
1396,2024-08-19,Observation du 2024-08-19 (ete)
1396,2024-08-24,Observation du 2024-08-24 (ete)
1396,2024-08-27,Observation du 2024-08-27 (ete)
1396,2024-09-01,Observation du 2024-09-01 (automne)
1396,2024-09-07,Observation du 2024-09-07 (automne)
1397,2024-05-09,Observation du 2024-05-09 (printemps)
1397,2024-05-11,Observation du 2024-05-11 (printemps)
1397,2024-05-15,Observation du 2024-05-15 (printemps)
1397,2024-05-16,Observation du 2024-05-16 (printemps)
1397,2024-05-17,Observation du 2024-05-17 (printemps)
1397,2024-05-19,Observation du 2024-05-19 (printemps)
1397,2024-05-20,Observation du 2024-05-20 (printemps)
1397,2024-05-29,Observation du 2024-05-29 (printemps)
1397,2024-05-30,Observation du 2024-05-30 (printemps)
1397,2024-06-07,Observation du 2024-06-07 (ete)
1397,2024-06-10,Observation du 2024-06-10 (ete)
1397,2024-06-12,Observation du 2024-06-12 (ete)
1397,2024-06-15,Observation du 2024-06-15 (ete)
1397,2024-06-16,Observation du 2024-06-16 (ete)
1397,2024-06-17,Observation du 2024-06-17 (ete)
1397,2024-06-23,Observation du 2024-06-23 (ete)
1397,2024-06-24,Observation du 2024-06-24 (ete)
1397,2024-06-25,Observation du 2024-06-25 (ete)
1397,2024-06-29,Observation du 2024-06-29 (ete)
1397,2024-07-01,Observation du 2024-07-01 (ete)
1397,2024-07-13,Observation du 2024-07-13 (ete)
1397,2024-07-14,Observation du 2024-07-14 (ete)
1397,2024-07-18,Observation du 2024-07-18 (ete)
1397,2024-07-19,Observation du 2024-07-19 (ete)
1397,2024-07-27,Observation du 2024-07-27 (ete)
1397,2024-07-31,Observation du 2024-07-31 (ete)
1397,2024-08-01,Observation du 2024-08-01 (ete)
1397,2024-08-05,Observation du 2024-08-05 (ete)
1397,2024-08-06,Observation du 2024-08-06 (ete)
1397,2024-08-09,Observation du 2024-08-09 (ete)
1398,2024-05-13,Observation du 2024-05-13 (printemps)
1398,2024-05-14,Observation du 2024-05-14 (printemps)
1398,2024-05-16,Observation du 2024-05-16 (printemps)
1398,2024-05-17,Observation du 2024-05-17 (printemps)
1398,2024-05-19,Observation du 2024-05-19 (printemps)
1398,2024-05-26,Observation du 2024-05-26 (printemps)
1398,2024-05-30,Observation du 2024-05-30 (printemps)
1398,2024-06-02,Observation du 2024-06-02 (ete)
1398,2024-06-03,Observation du 2024-06-03 (ete)
1398,2024-06-07,Observation du 2024-06-07 (ete)
1398,2024-06-15,Observation du 2024-06-15 (ete)
1398,2024-06-16,Observation du 2024-06-16 (ete)
1398,2024-06-17,Observation du 2024-06-17 (ete)
1398,2024-06-20,Observation du 2024-06-20 (ete)
1398,2024-06-29,Observation du 2024-06-29 (ete)
1398,2024-07-07,Observation du 2024-07-07 (ete)
1398,2024-07-13,Observation du 2024-07-13 (ete)
1398,2024-07-16,Observation du 2024-07-16 (ete)
1398,2024-07-20,Observation du 2024-07-20 (ete)
1398,2024-07-22,Observation du 2024-07-22 (ete)
1398,2024-07-31,Observation du 2024-07-31 (ete)
1398,2024-08-02,Observation du 2024-08-02 (ete)
1398,2024-08-04,Observation du 2024-08-04 (ete)
1398,2024-08-06,Observation du 2024-08-06 (ete)
1398,2024-08-12,Observation du 2024-08-12 (ete)
1398,2024-08-21,Observation du 2024-08-21 (ete)
1398,2024-08-28,Observation du 2024-08-28 (ete)
1398,2024-08-30,Observation du 2024-08-30 (ete)
1398,2024-09-13,Observation du 2024-09-13 (automne)
1398,2024-09-15,Observation du 2024-09-15 (automne)
1398,2024-09-18,Observation du 2024-09-18 (automne)
1398,2024-09-21,Observation du 2024-09-21 (automne)
1398,2024-09-22,Observation du 2024-09-22 (automne)
1398,2024-09-24,Observation du 2024-09-24 (automne)
1398,2024-09-25,Observation du 2024-09-25 (automne)
1400,2024-05-15,Observation du 2024-05-15 (printemps)
1400,2024-05-17,Observation du 2024-05-17 (printemps)
1400,2024-05-19,Observation du 2024-05-19 (printemps)
1400,2024-05-22,Observation du 2024-05-22 (printemps)
1400,2024-05-31,Observation du 2024-05-31 (printemps)
1400,2024-06-02,Observation du 2024-06-02 (ete)
1400,2024-06-05,Observation du 2024-06-05 (ete)
1400,2024-06-06,Observation du 2024-06-06 (ete)
1400,2024-06-10,Observation du 2024-06-10 (ete)
1400,2024-06-15,Observation du 2024-06-15 (ete)
1400,2024-06-16,Observation du 2024-06-16 (ete)
1400,2024-06-19,Observation du 2024-06-19 (ete)
1400,2024-06-20,Observation du 2024-06-20 (ete)
1400,2024-06-25,Observation du 2024-06-25 (ete)
1400,2024-07-01,Observation du 2024-07-01 (ete)
1400,2024-07-06,Observation du 2024-07-06 (ete)
1400,2024-07-10,Observation du 2024-07-10 (ete)
1400,2024-07-14,Observation du 2024-07-14 (ete)
1400,2024-07-18,Observation du 2024-07-18 (ete)
1400,2024-07-21,Observation du 2024-07-21 (ete)
1400,2024-07-22,Observation du 2024-07-22 (ete)
1400,2024-07-23,Observation du 2024-07-23 (ete)
1400,2024-07-26,Observation du 2024-07-26 (ete)
1400,2024-07-29,Observation du 2024-07-29 (ete)
1400,2024-07-30,Observation du 2024-07-30 (ete)
1400,2024-08-01,Observation du 2024-08-01 (ete)
1400,2024-08-02,Observation du 2024-08-02 (ete)
1400,2024-08-04,Observation du 2024-08-04 (ete)
1400,2024-08-08,Observation du 2024-08-08 (ete)
1400,2024-08-11,Observation du 2024-08-11 (ete)
1400,2024-08-13,Observation du 2024-08-13 (ete)
1400,2024-08-18,Observation du 2024-08-18 (ete)
1400,2024-08-25,Observation du 2024-08-25 (ete)
1400,2024-08-26,Observation du 2024-08-26 (ete)
1400,2024-08-27,Observation du 2024-08-27 (ete)
1400,2024-08-30,Observation du 2024-08-30 (ete)
1400,2024-08-31,Observation du 2024-08-31 (ete)
1401,2024-05-20,Observation du 2024-05-20 (printemps)
1401,2024-05-22,Observation du 2024-05-22 (printemps)
1401,2024-05-23,Observation du 2024-05-23 (printemps)
1401,2024-05-24,Observation du 2024-05-24 (printemps)
1401,2024-05-25,Observation du 2024-05-25 (printemps)
1401,2024-05-27,Observation du 2024-05-27 (printemps)
1401,2024-06-07,Observation du 2024-06-07 (ete)
1401,2024-06-09,Observation du 2024-06-09 (ete)
1401,2024-06-17,Observation du 2024-06-17 (ete)
1401,2024-06-21,Observation du 2024-06-21 (ete)
1401,2024-06-23,Observation du 2024-06-23 (ete)
1401,2024-06-25,Observation du 2024-06-25 (ete)
1401,2024-06-29,Observation du 2024-06-29 (ete)
1402,2024-05-27,Observation du 2024-05-27 (printemps)
1402,2024-06-02,Observation du 2024-06-02 (ete)
1402,2024-06-06,Observation du 2024-06-06 (ete)
1402,2024-06-10,Observation du 2024-06-10 (ete)
1402,2024-06-15,Observation du 2024-06-15 (ete)
1402,2024-06-18,Observation du 2024-06-18 (ete)
1402,2024-06-21,Observation du 2024-06-21 (ete)
1402,2024-06-29,Observation du 2024-06-29 (ete)
1402,2024-07-08,Observation du 2024-07-08 (ete)
1402,2024-07-14,Observation du 2024-07-14 (ete)
1402,2024-07-21,Observation du 2024-07-21 (ete)
1402,2024-07-24,Observation du 2024-07-24 (ete)
1402,2024-07-29,Observation du 2024-07-29 (ete)
1402,2024-08-01,Observation du 2024-08-01 (ete)
1402,2024-08-02,Observation du 2024-08-02 (ete)
1403,2024-05-16,Observation du 2024-05-16 (printemps)
1403,2024-05-17,Observation du 2024-05-17 (printemps)
1403,2024-05-25,Observation du 2024-05-25 (printemps)
1403,2024-05-26,Observation du 2024-05-26 (printemps)
1403,2024-05-30,Observation du 2024-05-30 (printemps)
1403,2024-05-31,Observation du 2024-05-31 (printemps)
1403,2024-06-01,Observation du 2024-06-01 (ete)
1403,2024-06-04,Observation du 2024-06-04 (ete)
1403,2024-06-05,Observation du 2024-06-05 (ete)
1403,2024-06-19,Observation du 2024-06-19 (ete)
1403,2024-06-22,Observation du 2024-06-22 (ete)
1403,2024-06-24,Observation du 2024-06-24 (ete)
1403,2024-06-27,Observation du 2024-06-27 (ete)
1403,2024-07-13,Observation du 2024-07-13 (ete)
1403,2024-07-14,Observation du 2024-07-14 (ete)
1403,2024-07-20,Observation du 2024-07-20 (ete)
1403,2024-07-21,Observation du 2024-07-21 (ete)
1403,2024-07-23,Observation du 2024-07-23 (ete)
1403,2024-07-25,Observation du 2024-07-25 (ete)
1403,2024-07-27,Observation du 2024-07-27 (ete)
1403,2024-07-31,Observation du 2024-07-31 (ete)
1403,2024-08-04,Observation du 2024-08-04 (ete)
1403,2024-08-05,Observation du 2024-08-05 (ete)
1403,2024-08-11,Observation du 2024-08-11 (ete)
1405,2024-05-27,Observation du 2024-05-27 (printemps)
1405,2024-05-29,Observation du 2024-05-29 (printemps)
1405,2024-06-02,Observation du 2024-06-02 (ete)
1405,2024-06-05,Observation du 2024-06-05 (ete)
1405,2024-06-08,Observation du 2024-06-08 (ete)
1405,2024-06-13,Observation du 2024-06-13 (ete)
1405,2024-06-19,Observation du 2024-06-19 (ete)
1405,2024-06-21,Observation du 2024-06-21 (ete)
1405,2024-06-25,Observation du 2024-06-25 (ete)
1405,2024-06-27,Observation du 2024-06-27 (ete)
1405,2024-07-09,Observation du 2024-07-09 (ete)
1405,2024-07-10,Observation du 2024-07-10 (ete)
1405,2024-07-14,Observation du 2024-07-14 (ete)
1405,2024-07-18,Observation du 2024-07-18 (ete)
1405,2024-07-23,Observation du 2024-07-23 (ete)
1409,2024-05-23,Observation du 2024-05-23 (printemps)
1409,2024-05-29,Observation du 2024-05-29 (printemps)
1409,2024-06-03,Observation du 2024-06-03 (ete)
1409,2024-06-04,Observation du 2024-06-04 (ete)
1409,2024-06-07,Observation du 2024-06-07 (ete)
1409,2024-06-13,Observation du 2024-06-13 (ete)
1409,2024-06-17,Observation du 2024-06-17 (ete)
1409,2024-06-20,Observation du 2024-06-20 (ete)
1409,2024-06-27,Observation du 2024-06-27 (ete)
1409,2024-06-29,Observation du 2024-06-29 (ete)
1409,2024-07-10,Observation du 2024-07-10 (ete)
1409,2024-07-13,Observation du 2024-07-13 (ete)
1409,2024-07-14,Observation du 2024-07-14 (ete)
1409,2024-07-19,Observation du 2024-07-19 (ete)
1409,2024-07-20,Observation du 2024-07-20 (ete)
1409,2024-07-22,Observation du 2024-07-22 (ete)
1409,2024-07-24,Observation du 2024-07-24 (ete)
1409,2024-07-25,Observation du 2024-07-25 (ete)
1409,2024-07-27,Observation du 2024-07-27 (ete)
1409,2024-08-10,Observation du 2024-08-10 (ete)
1411,2024-05-18,Observation du 2024-05-18 (printemps)
1411,2024-05-23,Observation du 2024-05-23 (printemps)
1411,2024-05-25,Observation du 2024-05-25 (printemps)
1411,2024-05-27,Observation du 2024-05-27 (printemps)
1411,2024-05-28,Observation du 2024-05-28 (printemps)
1411,2024-05-30,Observation du 2024-05-30 (printemps)
1411,2024-05-31,Observation du 2024-05-31 (printemps)
1411,2024-06-06,Observation du 2024-06-06 (ete)
1411,2024-06-11,Observation du 2024-06-11 (ete)
1411,2024-06-20,Observation du 2024-06-20 (ete)
1411,2024-06-22,Observation du 2024-06-22 (ete)
1411,2024-06-23,Observation du 2024-06-23 (ete)
1411,2024-07-05,Observation du 2024-07-05 (ete)
1411,2024-07-07,Observation du 2024-07-07 (ete)
1411,2024-07-10,Observation du 2024-07-10 (ete)
1411,2024-07-13,Observation du 2024-07-13 (ete)
1411,2024-07-15,Observation du 2024-07-15 (ete)
1412,2024-05-21,Observation du 2024-05-21 (printemps)
1412,2024-05-26,Observation du 2024-05-26 (printemps)
1412,2024-05-28,Observation du 2024-05-28 (printemps)
1412,2024-05-31,Observation du 2024-05-31 (printemps)
1412,2024-06-03,Observation du 2024-06-03 (ete)
1412,2024-06-11,Observation du 2024-06-11 (ete)
1412,2024-06-18,Observation du 2024-06-18 (ete)
1412,2024-06-27,Observation du 2024-06-27 (ete)
1412,2024-07-05,Observation du 2024-07-05 (ete)
1412,2024-07-09,Observation du 2024-07-09 (ete)
1412,2024-07-10,Observation du 2024-07-10 (ete)
1414,2024-05-22,Observation du 2024-05-22 (printemps)
1414,2024-05-26,Observation du 2024-05-26 (printemps)
1414,2024-05-27,Observation du 2024-05-27 (printemps)
1414,2024-05-28,Observation du 2024-05-28 (printemps)
1414,2024-05-30,Observation du 2024-05-30 (printemps)
1414,2024-06-01,Observation du 2024-06-01 (ete)
1414,2024-06-02,Observation du 2024-06-02 (ete)
1414,2024-06-03,Observation du 2024-06-03 (ete)
1414,2024-06-08,Observation du 2024-06-08 (ete)
1414,2024-06-15,Observation du 2024-06-15 (ete)
1414,2024-06-17,Observation du 2024-06-17 (ete)
1414,2024-06-21,Observation du 2024-06-21 (ete)
1414,2024-06-23,Observation du 2024-06-23 (ete)
1414,2024-06-25,Observation du 2024-06-25 (ete)
1414,2024-06-27,Observation du 2024-06-27 (ete)
1414,2024-07-05,Observation du 2024-07-05 (ete)
1414,2024-07-06,Observation du 2024-07-06 (ete)
1414,2024-07-08,Observation du 2024-07-08 (ete)
1414,2024-07-10,Observation du 2024-07-10 (ete)
1414,2024-07-12,Observation du 2024-07-12 (ete)
1414,2024-07-18,Observation du 2024-07-18 (ete)
1414,2024-07-20,Observation du 2024-07-20 (ete)
1414,2024-07-24,Observation du 2024-07-24 (ete)
1414,2024-07-25,Observation du 2024-07-25 (ete)
1414,2024-07-28,Observation du 2024-07-28 (ete)
1414,2024-08-10,Observation du 2024-08-10 (ete)
1414,2024-08-11,Observation du 2024-08-11 (ete)
1414,2024-08-16,Observation du 2024-08-16 (ete)
1414,2024-08-17,Observation du 2024-08-17 (ete)
1414,2024-08-21,Observation du 2024-08-21 (ete)
1414,2024-08-23,Observation du 2024-08-23 (ete)
1414,2024-08-24,Observation du 2024-08-24 (ete)
1414,2024-08-31,Observation du 2024-08-31 (ete)
1414,2024-09-07,Observation du 2024-09-07 (automne)
1414,2024-09-12,Observation du 2024-09-12 (automne)
1414,2024-09-14,Observation du 2024-09-14 (automne)
1414,2024-09-19,Observation du 2024-09-19 (automne)
1414,2024-09-20,Observation du 2024-09-20 (automne)
1414,2024-09-22,Observation du 2024-09-22 (automne)
1414,2024-09-27,Observation du 2024-09-27 (automne)
1415,2024-05-16,Observation du 2024-05-16 (printemps)
1415,2024-05-22,Observation du 2024-05-22 (printemps)
1415,2024-05-23,Observation du 2024-05-23 (printemps)
1415,2024-05-29,Observation du 2024-05-29 (printemps)
1415,2024-05-30,Observation du 2024-05-30 (printemps)
1415,2024-06-02,Observation du 2024-06-02 (ete)
1415,2024-06-24,Observation du 2024-06-24 (ete)
1415,2024-06-26,Observation du 2024-06-26 (ete)
1415,2024-06-29,Observation du 2024-06-29 (ete)
1415,2024-07-02,Observation du 2024-07-02 (ete)
1415,2024-07-13,Observation du 2024-07-13 (ete)
1415,2024-07-17,Observation du 2024-07-17 (ete)
1415,2024-07-25,Observation du 2024-07-25 (ete)
1415,2024-07-27,Observation du 2024-07-27 (ete)
1415,2024-07-30,Observation du 2024-07-30 (ete)
1415,2024-08-03,Observation du 2024-08-03 (ete)
1415,2024-08-10,Observation du 2024-08-10 (ete)
1415,2024-08-12,Observation du 2024-08-12 (ete)
1415,2024-08-15,Observation du 2024-08-15 (ete)
1415,2024-08-20,Observation du 2024-08-20 (ete)
1415,2024-08-21,Observation du 2024-08-21 (ete)
1415,2024-08-23,Observation du 2024-08-23 (ete)
1415,2024-08-27,Observation du 2024-08-27 (ete)
1415,2024-08-31,Observation du 2024-08-31 (ete)
1415,2024-09-02,Observation du 2024-09-02 (automne)
1415,2024-09-03,Observation du 2024-09-03 (automne)
1415,2024-09-06,Observation du 2024-09-06 (automne)
1415,2024-09-16,Observation du 2024-09-16 (automne)
1416,2024-05-28,Observation du 2024-05-28 (printemps)
1416,2024-05-29,Observation du 2024-05-29 (printemps)
1416,2024-06-01,Observation du 2024-06-01 (ete)
1416,2024-06-03,Observation du 2024-06-03 (ete)
1416,2024-06-09,Observation du 2024-06-09 (ete)
1416,2024-06-15,Observation du 2024-06-15 (ete)
1416,2024-06-26,Observation du 2024-06-26 (ete)
1416,2024-06-28,Observation du 2024-06-28 (ete)
1416,2024-07-01,Observation du 2024-07-01 (ete)
1416,2024-07-09,Observation du 2024-07-09 (ete)
1416,2024-07-11,Observation du 2024-07-11 (ete)
1416,2024-07-13,Observation du 2024-07-13 (ete)
1416,2024-07-18,Observation du 2024-07-18 (ete)
1416,2024-07-19,Observation du 2024-07-19 (ete)
1416,2024-07-21,Observation du 2024-07-21 (ete)
1416,2024-07-22,Observation du 2024-07-22 (ete)
1416,2024-07-24,Observation du 2024-07-24 (ete)
1416,2024-07-25,Observation du 2024-07-25 (ete)
1416,2024-07-29,Observation du 2024-07-29 (ete)
1416,2024-07-30,Observation du 2024-07-30 (ete)
1417,2024-05-26,Observation du 2024-05-26 (printemps)
1417,2024-05-31,Observation du 2024-05-31 (printemps)
1417,2024-06-03,Observation du 2024-06-03 (ete)
1417,2024-06-10,Observation du 2024-06-10 (ete)
1417,2024-06-11,Observation du 2024-06-11 (ete)
1417,2024-06-13,Observation du 2024-06-13 (ete)
1417,2024-06-14,Observation du 2024-06-14 (ete)
1417,2024-07-08,Observation du 2024-07-08 (ete)
1417,2024-07-13,Observation du 2024-07-13 (ete)
1417,2024-07-17,Observation du 2024-07-17 (ete)
1417,2024-07-18,Observation du 2024-07-18 (ete)
1417,2024-07-21,Observation du 2024-07-21 (ete)
1417,2024-07-25,Observation du 2024-07-25 (ete)
1417,2024-08-01,Observation du 2024-08-01 (ete)
1417,2024-08-08,Observation du 2024-08-08 (ete)
1418,2024-05-20,Observation du 2024-05-20 (printemps)
1418,2024-05-21,Observation du 2024-05-21 (printemps)
1418,2024-05-22,Observation du 2024-05-22 (printemps)
1418,2024-05-26,Observation du 2024-05-26 (printemps)
1418,2024-05-27,Observation du 2024-05-27 (printemps)
1418,2024-05-30,Observation du 2024-05-30 (printemps)
1418,2024-06-02,Observation du 2024-06-02 (ete)
1418,2024-06-11,Observation du 2024-06-11 (ete)
1418,2024-06-12,Observation du 2024-06-12 (ete)
1418,2024-06-21,Observation du 2024-06-21 (ete)
1418,2024-07-01,Observation du 2024-07-01 (ete)
1418,2024-07-07,Observation du 2024-07-07 (ete)
1418,2024-07-21,Observation du 2024-07-21 (ete)
1418,2024-07-24,Observation du 2024-07-24 (ete)
1418,2024-07-25,Observation du 2024-07-25 (ete)
1418,2024-07-29,Observation du 2024-07-29 (ete)
1418,2024-08-01,Observation du 2024-08-01 (ete)
1418,2024-08-02,Observation du 2024-08-02 (ete)
1418,2024-08-14,Observation du 2024-08-14 (ete)
1418,2024-08-21,Observation du 2024-08-21 (ete)
1418,2024-08-23,Observation du 2024-08-23 (ete)
1418,2024-08-24,Observation du 2024-08-24 (ete)
1418,2024-08-30,Observation du 2024-08-30 (ete)
1418,2024-08-31,Observation du 2024-08-31 (ete)
1418,2024-09-01,Observation du 2024-09-01 (automne)
1418,2024-09-08,Observation du 2024-09-08 (automne)
1420,2024-05-21,Observation du 2024-05-21 (printemps)
1420,2024-05-22,Observation du 2024-05-22 (printemps)
1420,2024-05-25,Observation du 2024-05-25 (printemps)
1420,2024-05-26,Observation du 2024-05-26 (printemps)
1420,2024-05-28,Observation du 2024-05-28 (printemps)
1420,2024-05-31,Observation du 2024-05-31 (printemps)
1420,2024-06-01,Observation du 2024-06-01 (ete)
1420,2024-06-05,Observation du 2024-06-05 (ete)
1420,2024-06-13,Observation du 2024-06-13 (ete)
1420,2024-06-15,Observation du 2024-06-15 (ete)
1420,2024-06-21,Observation du 2024-06-21 (ete)
1420,2024-06-22,Observation du 2024-06-22 (ete)
1420,2024-06-25,Observation du 2024-06-25 (ete)
1420,2024-07-08,Observation du 2024-07-08 (ete)
1420,2024-07-09,Observation du 2024-07-09 (ete)
1420,2024-07-10,Observation du 2024-07-10 (ete)
1420,2024-07-15,Observation du 2024-07-15 (ete)
1420,2024-07-21,Observation du 2024-07-21 (ete)
1420,2024-07-23,Observation du 2024-07-23 (ete)
1420,2024-08-04,Observation du 2024-08-04 (ete)
1420,2024-08-05,Observation du 2024-08-05 (ete)
1420,2024-08-14,Observation du 2024-08-14 (ete)
1420,2024-08-15,Observation du 2024-08-15 (ete)
1420,2024-08-17,Observation du 2024-08-17 (ete)
1420,2024-08-22,Observation du 2024-08-22 (ete)
1420,2024-08-24,Observation du 2024-08-24 (ete)
1420,2024-08-26,Observation du 2024-08-26 (ete)
1420,2024-09-03,Observation du 2024-09-03 (automne)
1420,2024-09-13,Observation du 2024-09-13 (automne)
1420,2024-09-21,Observation du 2024-09-21 (automne)
1420,2024-09-26,Observation du 2024-09-26 (automne)
1420,2024-09-27,Observation du 2024-09-27 (automne)
1420,2024-09-29,Observation du 2024-09-29 (automne)
1420,2024-09-30,Observation du 2024-09-30 (automne)
1421,2024-05-20,Observation du 2024-05-20 (printemps)
1421,2024-05-21,Observation du 2024-05-21 (printemps)
1421,2024-05-22,Observation du 2024-05-22 (printemps)
1421,2024-05-28,Observation du 2024-05-28 (printemps)
1421,2024-05-29,Observation du 2024-05-29 (printemps)
1421,2024-06-03,Observation du 2024-06-03 (ete)
1421,2024-06-05,Observation du 2024-06-05 (ete)
1421,2024-06-08,Observation du 2024-06-08 (ete)
1421,2024-06-11,Observation du 2024-06-11 (ete)
1421,2024-06-12,Observation du 2024-06-12 (ete)
1421,2024-06-16,Observation du 2024-06-16 (ete)
1421,2024-06-20,Observation du 2024-06-20 (ete)
1421,2024-06-22,Observation du 2024-06-22 (ete)
1421,2024-06-25,Observation du 2024-06-25 (ete)
1421,2024-07-04,Observation du 2024-07-04 (ete)
1421,2024-07-09,Observation du 2024-07-09 (ete)
1421,2024-07-11,Observation du 2024-07-11 (ete)
1421,2024-07-22,Observation du 2024-07-22 (ete)
1421,2024-08-01,Observation du 2024-08-01 (ete)
1421,2024-08-03,Observation du 2024-08-03 (ete)
1421,2024-08-04,Observation du 2024-08-04 (ete)
1421,2024-08-08,Observation du 2024-08-08 (ete)
1421,2024-08-11,Observation du 2024-08-11 (ete)
1421,2024-08-24,Observation du 2024-08-24 (ete)
1422,2024-05-18,Observation du 2024-05-18 (printemps)
1422,2024-05-24,Observation du 2024-05-24 (printemps)
1422,2024-05-27,Observation du 2024-05-27 (printemps)
1422,2024-06-03,Observation du 2024-06-03 (ete)
1422,2024-06-04,Observation du 2024-06-04 (ete)
1422,2024-06-06,Observation du 2024-06-06 (ete)
1422,2024-06-10,Observation du 2024-06-10 (ete)
1422,2024-06-23,Observation du 2024-06-23 (ete)
1422,2024-06-28,Observation du 2024-06-28 (ete)
1422,2024-06-29,Observation du 2024-06-29 (ete)
1422,2024-07-03,Observation du 2024-07-03 (ete)
1422,2024-07-06,Observation du 2024-07-06 (ete)
1422,2024-07-11,Observation du 2024-07-11 (ete)
1422,2024-07-15,Observation du 2024-07-15 (ete)
1422,2024-07-18,Observation du 2024-07-18 (ete)
1422,2024-07-19,Observation du 2024-07-19 (ete)
1422,2024-07-21,Observation du 2024-07-21 (ete)
1422,2024-07-26,Observation du 2024-07-26 (ete)
1422,2024-07-30,Observation du 2024-07-30 (ete)
1422,2024-08-08,Observation du 2024-08-08 (ete)
1422,2024-08-09,Observation du 2024-08-09 (ete)
1422,2024-08-12,Observation du 2024-08-12 (ete)
1422,2024-08-17,Observation du 2024-08-17 (ete)
1423,2024-05-22,Observation du 2024-05-22 (printemps)
1423,2024-05-23,Observation du 2024-05-23 (printemps)
1423,2024-05-24,Observation du 2024-05-24 (printemps)
1423,2024-05-28,Observation du 2024-05-28 (printemps)
1423,2024-05-30,Observation du 2024-05-30 (printemps)
1423,2024-06-02,Observation du 2024-06-02 (ete)
1423,2024-06-09,Observation du 2024-06-09 (ete)
1423,2024-06-13,Observation du 2024-06-13 (ete)
1423,2024-06-19,Observation du 2024-06-19 (ete)
1423,2024-07-01,Observation du 2024-07-01 (ete)
1423,2024-07-02,Observation du 2024-07-02 (ete)
1423,2024-07-04,Observation du 2024-07-04 (ete)
1423,2024-07-07,Observation du 2024-07-07 (ete)
1423,2024-07-25,Observation du 2024-07-25 (ete)
1423,2024-07-31,Observation du 2024-07-31 (ete)
1423,2024-08-01,Observation du 2024-08-01 (ete)
1423,2024-08-02,Observation du 2024-08-02 (ete)
1423,2024-08-03,Observation du 2024-08-03 (ete)
1423,2024-08-06,Observation du 2024-08-06 (ete)
1423,2024-08-09,Observation du 2024-08-09 (ete)
1423,2024-08-12,Observation du 2024-08-12 (ete)
1423,2024-08-18,Observation du 2024-08-18 (ete)
1423,2024-08-24,Observation du 2024-08-24 (ete)
1423,2024-08-25,Observation du 2024-08-25 (ete)
1423,2024-08-26,Observation du 2024-08-26 (ete)
1423,2024-08-27,Observation du 2024-08-27 (ete)
1423,2024-08-28,Observation du 2024-08-28 (ete)
1423,2024-08-31,Observation du 2024-08-31 (ete)
1423,2024-09-06,Observation du 2024-09-06 (automne)
1423,2024-09-09,Observation du 2024-09-09 (automne)
1423,2024-09-13,Observation du 2024-09-13 (automne)
1423,2024-09-22,Observation du 2024-09-22 (automne)
1423,2024-09-23,Observation du 2024-09-23 (automne)
1423,2024-09-26,Observation du 2024-09-26 (automne)
1425,2024-05-21,Observation du 2024-05-21 (printemps)
1425,2024-05-31,Observation du 2024-05-31 (printemps)
1425,2024-06-05,Observation du 2024-06-05 (ete)
1425,2024-06-07,Observation du 2024-06-07 (ete)
1425,2024-06-08,Observation du 2024-06-08 (ete)
1425,2024-06-12,Observation du 2024-06-12 (ete)
1425,2024-06-14,Observation du 2024-06-14 (ete)
1425,2024-06-16,Observation du 2024-06-16 (ete)
1425,2024-06-18,Observation du 2024-06-18 (ete)
1425,2024-06-19,Observation du 2024-06-19 (ete)
1425,2024-06-25,Observation du 2024-06-25 (ete)
1425,2024-06-28,Observation du 2024-06-28 (ete)
1425,2024-06-30,Observation du 2024-06-30 (ete)
1425,2024-07-02,Observation du 2024-07-02 (ete)
1425,2024-07-10,Observation du 2024-07-10 (ete)
1425,2024-07-11,Observation du 2024-07-11 (ete)
1425,2024-07-13,Observation du 2024-07-13 (ete)
1425,2024-07-19,Observation du 2024-07-19 (ete)
1425,2024-07-22,Observation du 2024-07-22 (ete)
1425,2024-07-24,Observation du 2024-07-24 (ete)
1425,2024-07-26,Observation du 2024-07-26 (ete)
1425,2024-08-15,Observation du 2024-08-15 (ete)
1425,2024-08-20,Observation du 2024-08-20 (ete)
1425,2024-08-25,Observation du 2024-08-25 (ete)
1425,2024-08-26,Observation du 2024-08-26 (ete)
1425,2024-08-31,Observation du 2024-08-31 (ete)
1425,2024-09-01,Observation du 2024-09-01 (automne)
1425,2024-09-06,Observation du 2024-09-06 (automne)
1425,2024-09-15,Observation du 2024-09-15 (automne)
1426,2024-05-18,Observation du 2024-05-18 (printemps)
1426,2024-05-23,Observation du 2024-05-23 (printemps)
1426,2024-05-26,Observation du 2024-05-26 (printemps)
1426,2024-05-29,Observation du 2024-05-29 (printemps)
1426,2024-06-02,Observation du 2024-06-02 (ete)
1426,2024-06-06,Observation du 2024-06-06 (ete)
1426,2024-06-08,Observation du 2024-06-08 (ete)
1426,2024-06-09,Observation du 2024-06-09 (ete)
1426,2024-06-11,Observation du 2024-06-11 (ete)
1426,2024-06-15,Observation du 2024-06-15 (ete)
1426,2024-06-16,Observation du 2024-06-16 (ete)
1426,2024-06-18,Observation du 2024-06-18 (ete)
1426,2024-06-19,Observation du 2024-06-19 (ete)
1426,2024-06-22,Observation du 2024-06-22 (ete)
1426,2024-06-27,Observation du 2024-06-27 (ete)
1426,2024-06-30,Observation du 2024-06-30 (ete)
1426,2024-07-09,Observation du 2024-07-09 (ete)
1426,2024-07-10,Observation du 2024-07-10 (ete)
1426,2024-07-11,Observation du 2024-07-11 (ete)
1426,2024-07-12,Observation du 2024-07-12 (ete)
1426,2024-07-14,Observation du 2024-07-14 (ete)
1426,2024-07-15,Observation du 2024-07-15 (ete)
1426,2024-07-16,Observation du 2024-07-16 (ete)
1426,2024-07-24,Observation du 2024-07-24 (ete)
1426,2024-07-29,Observation du 2024-07-29 (ete)
1426,2024-07-31,Observation du 2024-07-31 (ete)
1426,2024-08-02,Observation du 2024-08-02 (ete)
1426,2024-08-07,Observation du 2024-08-07 (ete)
1426,2024-08-09,Observation du 2024-08-09 (ete)
1426,2024-08-11,Observation du 2024-08-11 (ete)
1426,2024-08-12,Observation du 2024-08-12 (ete)
1426,2024-08-16,Observation du 2024-08-16 (ete)
1426,2024-08-17,Observation du 2024-08-17 (ete)
1426,2024-08-23,Observation du 2024-08-23 (ete)
1426,2024-08-24,Observation du 2024-08-24 (ete)
1426,2024-08-26,Observation du 2024-08-26 (ete)
1426,2024-09-04,Observation du 2024-09-04 (automne)
1426,2024-09-06,Observation du 2024-09-06 (automne)
1426,2024-09-13,Observation du 2024-09-13 (automne)
1426,2024-09-16,Observation du 2024-09-16 (automne)
1426,2024-09-17,Observation du 2024-09-17 (automne)
1426,2024-09-18,Observation du 2024-09-18 (automne)
1426,2024-09-21,Observation du 2024-09-21 (automne)
1426,2024-09-23,Observation du 2024-09-23 (automne)
1428,2024-05-21,Observation du 2024-05-21 (printemps)
1428,2024-05-22,Observation du 2024-05-22 (printemps)
1428,2024-05-23,Observation du 2024-05-23 (printemps)
1428,2024-05-26,Observation du 2024-05-26 (printemps)
1428,2024-05-29,Observation du 2024-05-29 (printemps)
1428,2024-06-02,Observation du 2024-06-02 (ete)
1428,2024-06-07,Observation du 2024-06-07 (ete)
1428,2024-06-16,Observation du 2024-06-16 (ete)
1428,2024-06-17,Observation du 2024-06-17 (ete)
1428,2024-06-20,Observation du 2024-06-20 (ete)
1428,2024-06-23,Observation du 2024-06-23 (ete)
1428,2024-06-29,Observation du 2024-06-29 (ete)
1428,2024-07-13,Observation du 2024-07-13 (ete)
1428,2024-07-15,Observation du 2024-07-15 (ete)
1428,2024-07-16,Observation du 2024-07-16 (ete)
1428,2024-07-17,Observation du 2024-07-17 (ete)
1428,2024-07-30,Observation du 2024-07-30 (ete)
1428,2024-08-06,Observation du 2024-08-06 (ete)
1428,2024-08-09,Observation du 2024-08-09 (ete)
1429,2024-05-19,Observation du 2024-05-19 (printemps)
1429,2024-05-20,Observation du 2024-05-20 (printemps)
1429,2024-05-23,Observation du 2024-05-23 (printemps)
1429,2024-05-26,Observation du 2024-05-26 (printemps)
1429,2024-05-27,Observation du 2024-05-27 (printemps)
1429,2024-05-28,Observation du 2024-05-28 (printemps)
1429,2024-05-29,Observation du 2024-05-29 (printemps)
1429,2024-06-02,Observation du 2024-06-02 (ete)
1429,2024-06-04,Observation du 2024-06-04 (ete)
1429,2024-06-07,Observation du 2024-06-07 (ete)
1429,2024-06-14,Observation du 2024-06-14 (ete)
1429,2024-07-08,Observation du 2024-07-08 (ete)
1429,2024-07-11,Observation du 2024-07-11 (ete)
1429,2024-07-12,Observation du 2024-07-12 (ete)
1429,2024-07-13,Observation du 2024-07-13 (ete)
1429,2024-07-18,Observation du 2024-07-18 (ete)
1429,2024-07-21,Observation du 2024-07-21 (ete)
1429,2024-07-24,Observation du 2024-07-24 (ete)
1429,2024-07-30,Observation du 2024-07-30 (ete)
1429,2024-07-31,Observation du 2024-07-31 (ete)
1429,2024-08-02,Observation du 2024-08-02 (ete)
1429,2024-08-05,Observation du 2024-08-05 (ete)
1430,2024-05-23,Observation du 2024-05-23 (printemps)
1430,2024-05-24,Observation du 2024-05-24 (printemps)
1430,2024-05-25,Observation du 2024-05-25 (printemps)
1430,2024-05-26,Observation du 2024-05-26 (printemps)
1430,2024-05-27,Observation du 2024-05-27 (printemps)
1430,2024-05-29,Observation du 2024-05-29 (printemps)
1430,2024-05-31,Observation du 2024-05-31 (printemps)
1430,2024-06-02,Observation du 2024-06-02 (ete)
1430,2024-06-03,Observation du 2024-06-03 (ete)
1430,2024-06-04,Observation du 2024-06-04 (ete)
1430,2024-06-07,Observation du 2024-06-07 (ete)
1430,2024-06-12,Observation du 2024-06-12 (ete)
1430,2024-06-16,Observation du 2024-06-16 (ete)
1430,2024-06-17,Observation du 2024-06-17 (ete)
1430,2024-06-20,Observation du 2024-06-20 (ete)
1430,2024-06-21,Observation du 2024-06-21 (ete)
1430,2024-06-23,Observation du 2024-06-23 (ete)
1430,2024-06-27,Observation du 2024-06-27 (ete)
1430,2024-06-29,Observation du 2024-06-29 (ete)
1430,2024-07-01,Observation du 2024-07-01 (ete)
1430,2024-07-02,Observation du 2024-07-02 (ete)
1430,2024-07-07,Observation du 2024-07-07 (ete)
1430,2024-07-11,Observation du 2024-07-11 (ete)
1430,2024-07-13,Observation du 2024-07-13 (ete)
1430,2024-07-27,Observation du 2024-07-27 (ete)
1430,2024-07-28,Observation du 2024-07-28 (ete)
1430,2024-07-30,Observation du 2024-07-30 (ete)
1430,2024-08-01,Observation du 2024-08-01 (ete)
1430,2024-08-09,Observation du 2024-08-09 (ete)
1430,2024-08-17,Observation du 2024-08-17 (ete)
1430,2024-08-21,Observation du 2024-08-21 (ete)
1430,2024-08-22,Observation du 2024-08-22 (ete)
1430,2024-08-26,Observation du 2024-08-26 (ete)
1430,2024-08-28,Observation du 2024-08-28 (ete)
1430,2024-09-02,Observation du 2024-09-02 (automne)
1430,2024-09-03,Observation du 2024-09-03 (automne)
1430,2024-09-08,Observation du 2024-09-08 (automne)
1430,2024-09-10,Observation du 2024-09-10 (automne)
1430,2024-09-18,Observation du 2024-09-18 (automne)
1430,2024-09-19,Observation du 2024-09-19 (automne)
1430,2024-09-22,Observation du 2024-09-22 (automne)
1430,2024-09-24,Observation du 2024-09-24 (automne)
1430,2024-09-27,Observation du 2024-09-27 (automne)
1433,2024-05-19,Observation du 2024-05-19 (printemps)
1433,2024-05-20,Observation du 2024-05-20 (printemps)
1433,2024-05-26,Observation du 2024-05-26 (printemps)
1433,2024-05-28,Observation du 2024-05-28 (printemps)
1433,2024-06-04,Observation du 2024-06-04 (ete)
1433,2024-06-05,Observation du 2024-06-05 (ete)
1433,2024-06-11,Observation du 2024-06-11 (ete)
1433,2024-06-20,Observation du 2024-06-20 (ete)
1433,2024-06-27,Observation du 2024-06-27 (ete)
1433,2024-07-06,Observation du 2024-07-06 (ete)
1433,2024-07-07,Observation du 2024-07-07 (ete)
1433,2024-07-09,Observation du 2024-07-09 (ete)
1433,2024-07-11,Observation du 2024-07-11 (ete)
1433,2024-07-14,Observation du 2024-07-14 (ete)
1433,2024-07-20,Observation du 2024-07-20 (ete)
1433,2024-07-28,Observation du 2024-07-28 (ete)
1433,2024-07-29,Observation du 2024-07-29 (ete)
1433,2024-08-01,Observation du 2024-08-01 (ete)
1433,2024-08-02,Observation du 2024-08-02 (ete)
1433,2024-08-05,Observation du 2024-08-05 (ete)
1433,2024-08-11,Observation du 2024-08-11 (ete)
1433,2024-08-13,Observation du 2024-08-13 (ete)
1433,2024-08-14,Observation du 2024-08-14 (ete)
1434,2024-05-27,Observation du 2024-05-27 (printemps)
1434,2024-05-30,Observation du 2024-05-30 (printemps)
1434,2024-06-06,Observation du 2024-06-06 (ete)
1434,2024-06-07,Observation du 2024-06-07 (ete)
1434,2024-06-19,Observation du 2024-06-19 (ete)
1434,2024-06-23,Observation du 2024-06-23 (ete)
1434,2024-06-24,Observation du 2024-06-24 (ete)
1434,2024-06-26,Observation du 2024-06-26 (ete)
1434,2024-07-09,Observation du 2024-07-09 (ete)
1434,2024-07-11,Observation du 2024-07-11 (ete)
1434,2024-07-13,Observation du 2024-07-13 (ete)
1434,2024-07-17,Observation du 2024-07-17 (ete)
1434,2024-07-23,Observation du 2024-07-23 (ete)
1434,2024-07-24,Observation du 2024-07-24 (ete)
1434,2024-07-27,Observation du 2024-07-27 (ete)
1434,2024-08-06,Observation du 2024-08-06 (ete)
1434,2024-08-08,Observation du 2024-08-08 (ete)
1434,2024-08-10,Observation du 2024-08-10 (ete)
1434,2024-08-16,Observation du 2024-08-16 (ete)
1434,2024-08-17,Observation du 2024-08-17 (ete)
1434,2024-08-20,Observation du 2024-08-20 (ete)
1434,2024-09-01,Observation du 2024-09-01 (automne)
1434,2024-09-05,Observation du 2024-09-05 (automne)
1434,2024-09-08,Observation du 2024-09-08 (automne)
1434,2024-09-09,Observation du 2024-09-09 (automne)
1434,2024-09-10,Observation du 2024-09-10 (automne)
1435,2024-05-25,Observation du 2024-05-25 (printemps)
1435,2024-05-26,Observation du 2024-05-26 (printemps)
1435,2024-05-30,Observation du 2024-05-30 (printemps)
1435,2024-06-01,Observation du 2024-06-01 (ete)
1435,2024-06-06,Observation du 2024-06-06 (ete)
1435,2024-06-08,Observation du 2024-06-08 (ete)
1435,2024-06-11,Observation du 2024-06-11 (ete)
1435,2024-06-19,Observation du 2024-06-19 (ete)
1435,2024-06-20,Observation du 2024-06-20 (ete)
1435,2024-06-21,Observation du 2024-06-21 (ete)
1435,2024-06-24,Observation du 2024-06-24 (ete)
1435,2024-06-25,Observation du 2024-06-25 (ete)
1435,2024-06-30,Observation du 2024-06-30 (ete)
1435,2024-07-04,Observation du 2024-07-04 (ete)
1435,2024-07-05,Observation du 2024-07-05 (ete)
1435,2024-07-07,Observation du 2024-07-07 (ete)
1435,2024-07-12,Observation du 2024-07-12 (ete)
1435,2024-07-20,Observation du 2024-07-20 (ete)
1435,2024-07-27,Observation du 2024-07-27 (ete)
1435,2024-07-30,Observation du 2024-07-30 (ete)
1436,2024-05-19,Observation du 2024-05-19 (printemps)
1436,2024-05-22,Observation du 2024-05-22 (printemps)
1436,2024-05-26,Observation du 2024-05-26 (printemps)
1436,2024-05-27,Observation du 2024-05-27 (printemps)
1436,2024-05-31,Observation du 2024-05-31 (printemps)
1436,2024-06-03,Observation du 2024-06-03 (ete)
1436,2024-06-07,Observation du 2024-06-07 (ete)
1436,2024-06-10,Observation du 2024-06-10 (ete)
1436,2024-06-19,Observation du 2024-06-19 (ete)
1436,2024-06-22,Observation du 2024-06-22 (ete)
1436,2024-06-23,Observation du 2024-06-23 (ete)
1436,2024-06-26,Observation du 2024-06-26 (ete)
1436,2024-06-30,Observation du 2024-06-30 (ete)
1438,2024-05-20,Observation du 2024-05-20 (printemps)
1438,2024-05-22,Observation du 2024-05-22 (printemps)
1438,2024-05-23,Observation du 2024-05-23 (printemps)
1438,2024-05-25,Observation du 2024-05-25 (printemps)
1438,2024-05-29,Observation du 2024-05-29 (printemps)
1438,2024-05-30,Observation du 2024-05-30 (printemps)
1438,2024-06-08,Observation du 2024-06-08 (ete)
1438,2024-06-19,Observation du 2024-06-19 (ete)
1439,2024-05-30,Observation du 2024-05-30 (printemps)
1439,2024-06-01,Observation du 2024-06-01 (ete)
1439,2024-06-05,Observation du 2024-06-05 (ete)
1439,2024-06-14,Observation du 2024-06-14 (ete)
1439,2024-06-17,Observation du 2024-06-17 (ete)
1439,2024-06-20,Observation du 2024-06-20 (ete)
1439,2024-06-21,Observation du 2024-06-21 (ete)
1439,2024-06-23,Observation du 2024-06-23 (ete)
1439,2024-06-24,Observation du 2024-06-24 (ete)
1439,2024-06-27,Observation du 2024-06-27 (ete)
1439,2024-06-30,Observation du 2024-06-30 (ete)
1439,2024-07-02,Observation du 2024-07-02 (ete)
1440,2024-05-19,Observation du 2024-05-19 (printemps)
1440,2024-05-24,Observation du 2024-05-24 (printemps)
1440,2024-05-27,Observation du 2024-05-27 (printemps)
1440,2024-05-28,Observation du 2024-05-28 (printemps)
1440,2024-05-30,Observation du 2024-05-30 (printemps)
1440,2024-06-04,Observation du 2024-06-04 (ete)
1440,2024-06-06,Observation du 2024-06-06 (ete)
1440,2024-06-20,Observation du 2024-06-20 (ete)
1440,2024-06-22,Observation du 2024-06-22 (ete)
1440,2024-06-24,Observation du 2024-06-24 (ete)
1440,2024-06-25,Observation du 2024-06-25 (ete)
1440,2024-06-27,Observation du 2024-06-27 (ete)
1440,2024-06-30,Observation du 2024-06-30 (ete)
1440,2024-07-02,Observation du 2024-07-02 (ete)
1440,2024-07-03,Observation du 2024-07-03 (ete)
1440,2024-07-05,Observation du 2024-07-05 (ete)
1440,2024-07-21,Observation du 2024-07-21 (ete)
1440,2024-07-22,Observation du 2024-07-22 (ete)
1440,2024-07-30,Observation du 2024-07-30 (ete)
1440,2024-07-31,Observation du 2024-07-31 (ete)
1440,2024-08-04,Observation du 2024-08-04 (ete)
1440,2024-08-05,Observation du 2024-08-05 (ete)
1440,2024-08-11,Observation du 2024-08-11 (ete)
1440,2024-08-16,Observation du 2024-08-16 (ete)
1440,2024-08-18,Observation du 2024-08-18 (ete)
1440,2024-08-22,Observation du 2024-08-22 (ete)
1440,2024-08-23,Observation du 2024-08-23 (ete)
1440,2024-08-27,Observation du 2024-08-27 (ete)
1440,2024-08-29,Observation du 2024-08-29 (ete)
1440,2024-09-01,Observation du 2024-09-01 (automne)
1440,2024-09-03,Observation du 2024-09-03 (automne)
1440,2024-09-05,Observation du 2024-09-05 (automne)
1440,2024-09-09,Observation du 2024-09-09 (automne)
1440,2024-09-11,Observation du 2024-09-11 (automne)
1440,2024-09-13,Observation du 2024-09-13 (automne)
1440,2024-09-19,Observation du 2024-09-19 (automne)
1440,2024-09-23,Observation du 2024-09-23 (automne)
1440,2024-09-27,Observation du 2024-09-27 (automne)
1441,2024-05-16,Observation du 2024-05-16 (printemps)
1441,2024-05-17,Observation du 2024-05-17 (printemps)
1441,2024-05-19,Observation du 2024-05-19 (printemps)
1441,2024-05-21,Observation du 2024-05-21 (printemps)
1441,2024-05-22,Observation du 2024-05-22 (printemps)
1441,2024-05-24,Observation du 2024-05-24 (printemps)
1441,2024-05-25,Observation du 2024-05-25 (printemps)
1441,2024-05-29,Observation du 2024-05-29 (printemps)
1441,2024-06-03,Observation du 2024-06-03 (ete)
1441,2024-06-06,Observation du 2024-06-06 (ete)
1441,2024-06-09,Observation du 2024-06-09 (ete)
1441,2024-06-10,Observation du 2024-06-10 (ete)
1441,2024-06-13,Observation du 2024-06-13 (ete)
1441,2024-06-23,Observation du 2024-06-23 (ete)
1441,2024-06-25,Observation du 2024-06-25 (ete)
1441,2024-06-26,Observation du 2024-06-26 (ete)
1441,2024-07-03,Observation du 2024-07-03 (ete)
1441,2024-07-05,Observation du 2024-07-05 (ete)
1441,2024-07-06,Observation du 2024-07-06 (ete)
1441,2024-07-08,Observation du 2024-07-08 (ete)
1441,2024-07-18,Observation du 2024-07-18 (ete)
1441,2024-07-23,Observation du 2024-07-23 (ete)
1441,2024-07-24,Observation du 2024-07-24 (ete)
1441,2024-07-29,Observation du 2024-07-29 (ete)
1442,2024-05-23,Observation du 2024-05-23 (printemps)
1442,2024-06-01,Observation du 2024-06-01 (ete)
1442,2024-06-03,Observation du 2024-06-03 (ete)
1442,2024-06-07,Observation du 2024-06-07 (ete)
1442,2024-06-08,Observation du 2024-06-08 (ete)
1442,2024-06-09,Observation du 2024-06-09 (ete)
1442,2024-06-16,Observation du 2024-06-16 (ete)
1442,2024-06-21,Observation du 2024-06-21 (ete)
1442,2024-07-03,Observation du 2024-07-03 (ete)
1442,2024-07-12,Observation du 2024-07-12 (ete)
1442,2024-07-21,Observation du 2024-07-21 (ete)
1442,2024-07-22,Observation du 2024-07-22 (ete)
1442,2024-08-02,Observation du 2024-08-02 (ete)
1442,2024-08-05,Observation du 2024-08-05 (ete)
1442,2024-08-09,Observation du 2024-08-09 (ete)
1442,2024-08-13,Observation du 2024-08-13 (ete)
1442,2024-08-15,Observation du 2024-08-15 (ete)
1443,2024-05-19,Observation du 2024-05-19 (printemps)
1443,2024-05-21,Observation du 2024-05-21 (printemps)
1443,2024-05-23,Observation du 2024-05-23 (printemps)
1443,2024-05-24,Observation du 2024-05-24 (printemps)
1443,2024-05-29,Observation du 2024-05-29 (printemps)
1443,2024-06-16,Observation du 2024-06-16 (ete)
1443,2024-06-17,Observation du 2024-06-17 (ete)
1443,2024-06-19,Observation du 2024-06-19 (ete)
1444,2024-05-20,Observation du 2024-05-20 (printemps)
1444,2024-05-25,Observation du 2024-05-25 (printemps)
1444,2024-05-26,Observation du 2024-05-26 (printemps)
1444,2024-05-28,Observation du 2024-05-28 (printemps)
1444,2024-05-30,Observation du 2024-05-30 (printemps)
1444,2024-05-31,Observation du 2024-05-31 (printemps)
1444,2024-06-06,Observation du 2024-06-06 (ete)
1444,2024-06-07,Observation du 2024-06-07 (ete)
1444,2024-06-08,Observation du 2024-06-08 (ete)
1444,2024-06-10,Observation du 2024-06-10 (ete)
1444,2024-06-18,Observation du 2024-06-18 (ete)
1444,2024-06-21,Observation du 2024-06-21 (ete)
1444,2024-06-22,Observation du 2024-06-22 (ete)
1444,2024-06-25,Observation du 2024-06-25 (ete)
1444,2024-06-30,Observation du 2024-06-30 (ete)
1444,2024-07-02,Observation du 2024-07-02 (ete)
1444,2024-07-10,Observation du 2024-07-10 (ete)
1444,2024-07-14,Observation du 2024-07-14 (ete)
1444,2024-07-20,Observation du 2024-07-20 (ete)
1444,2024-07-30,Observation du 2024-07-30 (ete)
1444,2024-08-07,Observation du 2024-08-07 (ete)
1444,2024-08-12,Observation du 2024-08-12 (ete)
1444,2024-08-14,Observation du 2024-08-14 (ete)
1444,2024-08-18,Observation du 2024-08-18 (ete)
1444,2024-08-20,Observation du 2024-08-20 (ete)
1444,2024-08-30,Observation du 2024-08-30 (ete)
1444,2024-08-31,Observation du 2024-08-31 (ete)
1444,2024-09-04,Observation du 2024-09-04 (automne)
1444,2024-09-05,Observation du 2024-09-05 (automne)
1444,2024-09-06,Observation du 2024-09-06 (automne)
1444,2024-09-07,Observation du 2024-09-07 (automne)
1444,2024-09-09,Observation du 2024-09-09 (automne)
1444,2024-09-10,Observation du 2024-09-10 (automne)
1444,2024-09-11,Observation du 2024-09-11 (automne)
1445,2024-05-26,Observation du 2024-05-26 (printemps)
1445,2024-06-02,Observation du 2024-06-02 (ete)
1445,2024-06-05,Observation du 2024-06-05 (ete)
1445,2024-06-10,Observation du 2024-06-10 (ete)
1445,2024-06-18,Observation du 2024-06-18 (ete)
1445,2024-06-20,Observation du 2024-06-20 (ete)
1445,2024-06-24,Observation du 2024-06-24 (ete)
1445,2024-06-30,Observation du 2024-06-30 (ete)
1445,2024-07-14,Observation du 2024-07-14 (ete)
1445,2024-07-15,Observation du 2024-07-15 (ete)
1445,2024-07-18,Observation du 2024-07-18 (ete)
1445,2024-07-19,Observation du 2024-07-19 (ete)
1445,2024-07-24,Observation du 2024-07-24 (ete)
1445,2024-07-26,Observation du 2024-07-26 (ete)
1445,2024-07-27,Observation du 2024-07-27 (ete)
1445,2024-07-29,Observation du 2024-07-29 (ete)
1445,2024-08-01,Observation du 2024-08-01 (ete)
1446,2024-05-25,Observation du 2024-05-25 (printemps)
1446,2024-05-26,Observation du 2024-05-26 (printemps)
1446,2024-05-29,Observation du 2024-05-29 (printemps)
1446,2024-06-02,Observation du 2024-06-02 (ete)
1446,2024-06-05,Observation du 2024-06-05 (ete)
1446,2024-06-10,Observation du 2024-06-10 (ete)
1446,2024-06-14,Observation du 2024-06-14 (ete)
1446,2024-06-15,Observation du 2024-06-15 (ete)
1446,2024-06-18,Observation du 2024-06-18 (ete)
1446,2024-06-27,Observation du 2024-06-27 (ete)
1446,2024-07-06,Observation du 2024-07-06 (ete)
1446,2024-07-09,Observation du 2024-07-09 (ete)
1446,2024-07-17,Observation du 2024-07-17 (ete)
1446,2024-07-18,Observation du 2024-07-18 (ete)
1446,2024-07-22,Observation du 2024-07-22 (ete)
1448,2024-05-17,Observation du 2024-05-17 (printemps)
1448,2024-05-22,Observation du 2024-05-22 (printemps)
1448,2024-05-23,Observation du 2024-05-23 (printemps)
1448,2024-05-25,Observation du 2024-05-25 (printemps)
1448,2024-05-28,Observation du 2024-05-28 (printemps)
1448,2024-06-08,Observation du 2024-06-08 (ete)
1448,2024-06-09,Observation du 2024-06-09 (ete)
1448,2024-06-12,Observation du 2024-06-12 (ete)
1448,2024-06-13,Observation du 2024-06-13 (ete)
1448,2024-06-16,Observation du 2024-06-16 (ete)
1448,2024-06-23,Observation du 2024-06-23 (ete)
1448,2024-06-24,Observation du 2024-06-24 (ete)
1450,2024-05-18,Observation du 2024-05-18 (printemps)
1450,2024-05-19,Observation du 2024-05-19 (printemps)
1450,2024-05-20,Observation du 2024-05-20 (printemps)
1450,2024-05-22,Observation du 2024-05-22 (printemps)
1450,2024-05-24,Observation du 2024-05-24 (printemps)
1450,2024-05-28,Observation du 2024-05-28 (printemps)
1450,2024-05-29,Observation du 2024-05-29 (printemps)
1450,2024-06-09,Observation du 2024-06-09 (ete)
1450,2024-06-27,Observation du 2024-06-27 (ete)
1450,2024-07-01,Observation du 2024-07-01 (ete)
1450,2024-07-02,Observation du 2024-07-02 (ete)
1450,2024-07-03,Observation du 2024-07-03 (ete)
1450,2024-07-09,Observation du 2024-07-09 (ete)
1450,2024-07-12,Observation du 2024-07-12 (ete)
1450,2024-07-14,Observation du 2024-07-14 (ete)
1451,2024-05-17,Observation du 2024-05-17 (printemps)
1451,2024-05-29,Observation du 2024-05-29 (printemps)
1451,2024-05-31,Observation du 2024-05-31 (printemps)
1451,2024-06-08,Observation du 2024-06-08 (ete)
1451,2024-06-12,Observation du 2024-06-12 (ete)
1451,2024-06-13,Observation du 2024-06-13 (ete)
1451,2024-06-14,Observation du 2024-06-14 (ete)
1451,2024-06-29,Observation du 2024-06-29 (ete)
1451,2024-07-01,Observation du 2024-07-01 (ete)
1451,2024-07-07,Observation du 2024-07-07 (ete)
1451,2024-07-08,Observation du 2024-07-08 (ete)
1451,2024-07-13,Observation du 2024-07-13 (ete)
1451,2024-07-15,Observation du 2024-07-15 (ete)
1451,2024-07-17,Observation du 2024-07-17 (ete)
1451,2024-07-20,Observation du 2024-07-20 (ete)
1451,2024-07-28,Observation du 2024-07-28 (ete)
1451,2024-08-04,Observation du 2024-08-04 (ete)
1451,2024-08-05,Observation du 2024-08-05 (ete)
1451,2024-08-08,Observation du 2024-08-08 (ete)
1451,2024-08-09,Observation du 2024-08-09 (ete)
1451,2024-08-22,Observation du 2024-08-22 (ete)
1451,2024-08-25,Observation du 2024-08-25 (ete)
1452,2024-05-19,Observation du 2024-05-19 (printemps)
1452,2024-05-24,Observation du 2024-05-24 (printemps)
1452,2024-05-25,Observation du 2024-05-25 (printemps)
1452,2024-05-29,Observation du 2024-05-29 (printemps)
1452,2024-05-31,Observation du 2024-05-31 (printemps)
1452,2024-06-02,Observation du 2024-06-02 (ete)
1452,2024-06-04,Observation du 2024-06-04 (ete)
1452,2024-06-10,Observation du 2024-06-10 (ete)
1452,2024-06-12,Observation du 2024-06-12 (ete)
1452,2024-06-15,Observation du 2024-06-15 (ete)
1452,2024-06-16,Observation du 2024-06-16 (ete)
1452,2024-06-18,Observation du 2024-06-18 (ete)
1452,2024-06-22,Observation du 2024-06-22 (ete)
1452,2024-06-29,Observation du 2024-06-29 (ete)
1452,2024-07-01,Observation du 2024-07-01 (ete)
1453,2024-05-25,Observation du 2024-05-25 (printemps)
1453,2024-05-26,Observation du 2024-05-26 (printemps)
1453,2024-05-27,Observation du 2024-05-27 (printemps)
1453,2024-05-28,Observation du 2024-05-28 (printemps)
1453,2024-06-01,Observation du 2024-06-01 (ete)
1453,2024-06-02,Observation du 2024-06-02 (ete)
1453,2024-06-04,Observation du 2024-06-04 (ete)
1453,2024-06-05,Observation du 2024-06-05 (ete)
1453,2024-06-08,Observation du 2024-06-08 (ete)
1453,2024-06-12,Observation du 2024-06-12 (ete)
1453,2024-06-19,Observation du 2024-06-19 (ete)
1453,2024-06-22,Observation du 2024-06-22 (ete)
1453,2024-07-01,Observation du 2024-07-01 (ete)
1453,2024-07-03,Observation du 2024-07-03 (ete)
1453,2024-07-08,Observation du 2024-07-08 (ete)
1453,2024-07-14,Observation du 2024-07-14 (ete)
1453,2024-07-20,Observation du 2024-07-20 (ete)
1453,2024-07-21,Observation du 2024-07-21 (ete)
1453,2024-07-27,Observation du 2024-07-27 (ete)
1453,2024-07-28,Observation du 2024-07-28 (ete)
1453,2024-08-01,Observation du 2024-08-01 (ete)
1453,2024-08-03,Observation du 2024-08-03 (ete)
1453,2024-08-05,Observation du 2024-08-05 (ete)
1453,2024-08-12,Observation du 2024-08-12 (ete)
1453,2024-08-14,Observation du 2024-08-14 (ete)
1453,2024-08-15,Observation du 2024-08-15 (ete)
1453,2024-08-21,Observation du 2024-08-21 (ete)
1453,2024-08-26,Observation du 2024-08-26 (ete)
1453,2024-08-27,Observation du 2024-08-27 (ete)
1453,2024-09-02,Observation du 2024-09-02 (automne)
1453,2024-09-07,Observation du 2024-09-07 (automne)
1454,2024-05-16,Observation du 2024-05-16 (printemps)
1454,2024-05-22,Observation du 2024-05-22 (printemps)
1454,2024-05-24,Observation du 2024-05-24 (printemps)
1454,2024-05-25,Observation du 2024-05-25 (printemps)
1454,2024-05-30,Observation du 2024-05-30 (printemps)
1454,2024-06-10,Observation du 2024-06-10 (ete)
1454,2024-06-11,Observation du 2024-06-11 (ete)
1454,2024-06-19,Observation du 2024-06-19 (ete)
1454,2024-06-22,Observation du 2024-06-22 (ete)
1454,2024-06-25,Observation du 2024-06-25 (ete)
1454,2024-06-28,Observation du 2024-06-28 (ete)
1454,2024-07-01,Observation du 2024-07-01 (ete)
1454,2024-07-04,Observation du 2024-07-04 (ete)
1455,2024-05-22,Observation du 2024-05-22 (printemps)
1455,2024-05-23,Observation du 2024-05-23 (printemps)
1455,2024-05-24,Observation du 2024-05-24 (printemps)
1455,2024-05-26,Observation du 2024-05-26 (printemps)
1455,2024-05-27,Observation du 2024-05-27 (printemps)
1455,2024-05-29,Observation du 2024-05-29 (printemps)
1455,2024-06-02,Observation du 2024-06-02 (ete)
1455,2024-06-05,Observation du 2024-06-05 (ete)
1455,2024-06-08,Observation du 2024-06-08 (ete)
1455,2024-06-11,Observation du 2024-06-11 (ete)
1455,2024-06-12,Observation du 2024-06-12 (ete)
1455,2024-06-23,Observation du 2024-06-23 (ete)
1455,2024-07-01,Observation du 2024-07-01 (ete)
1456,2024-05-24,Observation du 2024-05-24 (printemps)
1456,2024-05-29,Observation du 2024-05-29 (printemps)
1456,2024-06-06,Observation du 2024-06-06 (ete)
1456,2024-06-07,Observation du 2024-06-07 (ete)
1456,2024-06-12,Observation du 2024-06-12 (ete)
1456,2024-06-14,Observation du 2024-06-14 (ete)
1456,2024-06-28,Observation du 2024-06-28 (ete)
1456,2024-07-01,Observation du 2024-07-01 (ete)
1456,2024-07-02,Observation du 2024-07-02 (ete)
1456,2024-07-08,Observation du 2024-07-08 (ete)
1456,2024-07-16,Observation du 2024-07-16 (ete)
1456,2024-07-18,Observation du 2024-07-18 (ete)
1456,2024-07-22,Observation du 2024-07-22 (ete)
1456,2024-07-24,Observation du 2024-07-24 (ete)
1457,2024-05-16,Observation du 2024-05-16 (printemps)
1457,2024-05-23,Observation du 2024-05-23 (printemps)
1457,2024-05-30,Observation du 2024-05-30 (printemps)
1457,2024-05-31,Observation du 2024-05-31 (printemps)
1457,2024-06-02,Observation du 2024-06-02 (ete)
1457,2024-06-04,Observation du 2024-06-04 (ete)
1457,2024-06-06,Observation du 2024-06-06 (ete)
1457,2024-06-07,Observation du 2024-06-07 (ete)
1457,2024-06-09,Observation du 2024-06-09 (ete)
1457,2024-06-11,Observation du 2024-06-11 (ete)
1457,2024-06-14,Observation du 2024-06-14 (ete)
1457,2024-06-19,Observation du 2024-06-19 (ete)
1458,2024-05-14,Observation du 2024-05-14 (printemps)
1458,2024-05-16,Observation du 2024-05-16 (printemps)
1458,2024-05-23,Observation du 2024-05-23 (printemps)
1458,2024-05-26,Observation du 2024-05-26 (printemps)
1458,2024-05-27,Observation du 2024-05-27 (printemps)
1458,2024-06-02,Observation du 2024-06-02 (ete)
1458,2024-06-04,Observation du 2024-06-04 (ete)
1458,2024-06-05,Observation du 2024-06-05 (ete)
1458,2024-06-10,Observation du 2024-06-10 (ete)
1458,2024-06-14,Observation du 2024-06-14 (ete)
1458,2024-06-15,Observation du 2024-06-15 (ete)
1458,2024-06-23,Observation du 2024-06-23 (ete)
1458,2024-06-27,Observation du 2024-06-27 (ete)
1458,2024-06-29,Observation du 2024-06-29 (ete)
1458,2024-07-02,Observation du 2024-07-02 (ete)
1458,2024-07-03,Observation du 2024-07-03 (ete)
1458,2024-07-17,Observation du 2024-07-17 (ete)
1458,2024-07-18,Observation du 2024-07-18 (ete)
1458,2024-07-19,Observation du 2024-07-19 (ete)
1458,2024-07-21,Observation du 2024-07-21 (ete)
1458,2024-07-23,Observation du 2024-07-23 (ete)
1458,2024-07-27,Observation du 2024-07-27 (ete)
1458,2024-07-28,Observation du 2024-07-28 (ete)
1458,2024-07-29,Observation du 2024-07-29 (ete)
1458,2024-07-30,Observation du 2024-07-30 (ete)
1458,2024-08-07,Observation du 2024-08-07 (ete)
1458,2024-08-09,Observation du 2024-08-09 (ete)
1458,2024-08-10,Observation du 2024-08-10 (ete)
1458,2024-08-12,Observation du 2024-08-12 (ete)
1458,2024-08-13,Observation du 2024-08-13 (ete)
1458,2024-08-16,Observation du 2024-08-16 (ete)
1458,2024-08-17,Observation du 2024-08-17 (ete)
1458,2024-08-19,Observation du 2024-08-19 (ete)
1458,2024-08-21,Observation du 2024-08-21 (ete)
1458,2024-08-24,Observation du 2024-08-24 (ete)
1458,2024-08-26,Observation du 2024-08-26 (ete)
1458,2024-08-30,Observation du 2024-08-30 (ete)
1458,2024-09-03,Observation du 2024-09-03 (automne)
1458,2024-09-06,Observation du 2024-09-06 (automne)
1458,2024-09-13,Observation du 2024-09-13 (automne)
1458,2024-09-15,Observation du 2024-09-15 (automne)
1458,2024-09-16,Observation du 2024-09-16 (automne)
1458,2024-09-17,Observation du 2024-09-17 (automne)
1458,2024-09-19,Observation du 2024-09-19 (automne)
1458,2024-09-20,Observation du 2024-09-20 (automne)
1460,2024-05-23,Observation du 2024-05-23 (printemps)
1460,2024-05-24,Observation du 2024-05-24 (printemps)
1460,2024-05-26,Observation du 2024-05-26 (printemps)
1460,2024-05-27,Observation du 2024-05-27 (printemps)
1460,2024-05-28,Observation du 2024-05-28 (printemps)
1460,2024-06-06,Observation du 2024-06-06 (ete)
1460,2024-06-18,Observation du 2024-06-18 (ete)
1460,2024-06-20,Observation du 2024-06-20 (ete)
1460,2024-06-30,Observation du 2024-06-30 (ete)
1461,2024-05-19,Observation du 2024-05-19 (printemps)
1461,2024-05-20,Observation du 2024-05-20 (printemps)
1461,2024-05-21,Observation du 2024-05-21 (printemps)
1461,2024-05-24,Observation du 2024-05-24 (printemps)
1461,2024-05-27,Observation du 2024-05-27 (printemps)
1461,2024-05-29,Observation du 2024-05-29 (printemps)
1461,2024-06-04,Observation du 2024-06-04 (ete)
1461,2024-06-05,Observation du 2024-06-05 (ete)
1461,2024-06-06,Observation du 2024-06-06 (ete)
1461,2024-06-11,Observation du 2024-06-11 (ete)
1461,2024-06-13,Observation du 2024-06-13 (ete)
1461,2024-06-15,Observation du 2024-06-15 (ete)
1461,2024-06-16,Observation du 2024-06-16 (ete)
1461,2024-06-28,Observation du 2024-06-28 (ete)
1461,2024-07-04,Observation du 2024-07-04 (ete)
1461,2024-07-06,Observation du 2024-07-06 (ete)
1461,2024-07-13,Observation du 2024-07-13 (ete)
1461,2024-07-17,Observation du 2024-07-17 (ete)
1461,2024-07-18,Observation du 2024-07-18 (ete)
1461,2024-07-21,Observation du 2024-07-21 (ete)
1461,2024-07-26,Observation du 2024-07-26 (ete)
1461,2024-07-30,Observation du 2024-07-30 (ete)
1461,2024-08-03,Observation du 2024-08-03 (ete)
1461,2024-08-05,Observation du 2024-08-05 (ete)
1461,2024-08-06,Observation du 2024-08-06 (ete)
1461,2024-08-19,Observation du 2024-08-19 (ete)
1461,2024-08-20,Observation du 2024-08-20 (ete)
1461,2024-08-22,Observation du 2024-08-22 (ete)
1461,2024-08-23,Observation du 2024-08-23 (ete)
1461,2024-08-25,Observation du 2024-08-25 (ete)
1462,2024-05-21,Observation du 2024-05-21 (printemps)
1462,2024-05-22,Observation du 2024-05-22 (printemps)
1462,2024-05-23,Observation du 2024-05-23 (printemps)
1462,2024-05-24,Observation du 2024-05-24 (printemps)
1462,2024-05-29,Observation du 2024-05-29 (printemps)
1462,2024-06-02,Observation du 2024-06-02 (ete)
1462,2024-06-05,Observation du 2024-06-05 (ete)
1462,2024-06-07,Observation du 2024-06-07 (ete)
1462,2024-06-09,Observation du 2024-06-09 (ete)
1462,2024-06-11,Observation du 2024-06-11 (ete)
1462,2024-06-18,Observation du 2024-06-18 (ete)
1462,2024-06-21,Observation du 2024-06-21 (ete)
1462,2024-06-23,Observation du 2024-06-23 (ete)
1462,2024-06-25,Observation du 2024-06-25 (ete)
1462,2024-06-26,Observation du 2024-06-26 (ete)
1462,2024-07-05,Observation du 2024-07-05 (ete)
1462,2024-07-11,Observation du 2024-07-11 (ete)
1462,2024-07-14,Observation du 2024-07-14 (ete)
1462,2024-07-15,Observation du 2024-07-15 (ete)
1462,2024-07-22,Observation du 2024-07-22 (ete)
1462,2024-07-24,Observation du 2024-07-24 (ete)
1462,2024-08-01,Observation du 2024-08-01 (ete)
1462,2024-08-03,Observation du 2024-08-03 (ete)
1462,2024-08-04,Observation du 2024-08-04 (ete)
1462,2024-08-06,Observation du 2024-08-06 (ete)
1462,2024-08-07,Observation du 2024-08-07 (ete)
1462,2024-08-08,Observation du 2024-08-08 (ete)
1462,2024-08-26,Observation du 2024-08-26 (ete)
1462,2024-08-27,Observation du 2024-08-27 (ete)
1462,2024-08-31,Observation du 2024-08-31 (ete)
1462,2024-09-01,Observation du 2024-09-01 (automne)
1462,2024-09-02,Observation du 2024-09-02 (automne)
1462,2024-09-05,Observation du 2024-09-05 (automne)
1462,2024-09-10,Observation du 2024-09-10 (automne)
1462,2024-09-17,Observation du 2024-09-17 (automne)
1462,2024-09-20,Observation du 2024-09-20 (automne)
1462,2024-09-21,Observation du 2024-09-21 (automne)
1462,2024-09-23,Observation du 2024-09-23 (automne)
1462,2024-09-25,Observation du 2024-09-25 (automne)
1462,2024-09-26,Observation du 2024-09-26 (automne)
1462,2024-09-29,Observation du 2024-09-29 (automne)
1463,2024-05-19,Observation du 2024-05-19 (printemps)
1463,2024-05-22,Observation du 2024-05-22 (printemps)
1463,2024-05-25,Observation du 2024-05-25 (printemps)
1463,2024-05-26,Observation du 2024-05-26 (printemps)
1463,2024-05-27,Observation du 2024-05-27 (printemps)
1463,2024-05-31,Observation du 2024-05-31 (printemps)
1463,2024-06-01,Observation du 2024-06-01 (ete)
1463,2024-06-02,Observation du 2024-06-02 (ete)
1463,2024-06-06,Observation du 2024-06-06 (ete)
1463,2024-06-07,Observation du 2024-06-07 (ete)
1463,2024-06-08,Observation du 2024-06-08 (ete)
1463,2024-06-09,Observation du 2024-06-09 (ete)
1463,2024-06-10,Observation du 2024-06-10 (ete)
1463,2024-06-17,Observation du 2024-06-17 (ete)
1463,2024-06-18,Observation du 2024-06-18 (ete)
1463,2024-06-22,Observation du 2024-06-22 (ete)
1463,2024-06-23,Observation du 2024-06-23 (ete)
1463,2024-06-26,Observation du 2024-06-26 (ete)
1463,2024-06-27,Observation du 2024-06-27 (ete)
1463,2024-06-28,Observation du 2024-06-28 (ete)
1463,2024-07-08,Observation du 2024-07-08 (ete)
1463,2024-07-13,Observation du 2024-07-13 (ete)
1463,2024-07-21,Observation du 2024-07-21 (ete)
1463,2024-07-23,Observation du 2024-07-23 (ete)
1463,2024-07-30,Observation du 2024-07-30 (ete)
1463,2024-08-09,Observation du 2024-08-09 (ete)
1463,2024-08-10,Observation du 2024-08-10 (ete)
1463,2024-08-13,Observation du 2024-08-13 (ete)
1463,2024-08-17,Observation du 2024-08-17 (ete)
1463,2024-08-19,Observation du 2024-08-19 (ete)
1463,2024-08-25,Observation du 2024-08-25 (ete)
1463,2024-08-30,Observation du 2024-08-30 (ete)
1463,2024-08-31,Observation du 2024-08-31 (ete)
1463,2024-09-07,Observation du 2024-09-07 (automne)
1464,2024-05-23,Observation du 2024-05-23 (printemps)
1464,2024-05-25,Observation du 2024-05-25 (printemps)
1464,2024-05-26,Observation du 2024-05-26 (printemps)
1464,2024-05-28,Observation du 2024-05-28 (printemps)
1464,2024-05-29,Observation du 2024-05-29 (printemps)
1464,2024-05-30,Observation du 2024-05-30 (printemps)
1464,2024-06-03,Observation du 2024-06-03 (ete)
1464,2024-06-05,Observation du 2024-06-05 (ete)
1464,2024-06-24,Observation du 2024-06-24 (ete)
1464,2024-06-26,Observation du 2024-06-26 (ete)
1464,2024-06-27,Observation du 2024-06-27 (ete)
1464,2024-07-06,Observation du 2024-07-06 (ete)
1464,2024-07-13,Observation du 2024-07-13 (ete)
1464,2024-07-18,Observation du 2024-07-18 (ete)
1464,2024-07-21,Observation du 2024-07-21 (ete)
1464,2024-07-30,Observation du 2024-07-30 (ete)
1464,2024-08-04,Observation du 2024-08-04 (ete)
1464,2024-08-07,Observation du 2024-08-07 (ete)
1464,2024-08-09,Observation du 2024-08-09 (ete)
1464,2024-08-12,Observation du 2024-08-12 (ete)
1464,2024-08-17,Observation du 2024-08-17 (ete)
1464,2024-08-20,Observation du 2024-08-20 (ete)
1464,2024-08-27,Observation du 2024-08-27 (ete)
1464,2024-08-29,Observation du 2024-08-29 (ete)
1464,2024-08-30,Observation du 2024-08-30 (ete)
1464,2024-09-01,Observation du 2024-09-01 (automne)
1464,2024-09-03,Observation du 2024-09-03 (automne)
1464,2024-09-06,Observation du 2024-09-06 (automne)
1464,2024-09-09,Observation du 2024-09-09 (automne)
1464,2024-09-12,Observation du 2024-09-12 (automne)
1464,2024-09-13,Observation du 2024-09-13 (automne)
1464,2024-09-14,Observation du 2024-09-14 (automne)
1464,2024-09-20,Observation du 2024-09-20 (automne)
1464,2024-09-25,Observation du 2024-09-25 (automne)
1464,2024-09-27,Observation du 2024-09-27 (automne)
1464,2024-09-28,Observation du 2024-09-28 (automne)
1464,2024-09-29,Observation du 2024-09-29 (automne)
1465,2024-05-23,Observation du 2024-05-23 (printemps)
1465,2024-05-30,Observation du 2024-05-30 (printemps)
1465,2024-06-02,Observation du 2024-06-02 (ete)
1465,2024-06-04,Observation du 2024-06-04 (ete)
1465,2024-06-07,Observation du 2024-06-07 (ete)
1465,2024-06-08,Observation du 2024-06-08 (ete)
1465,2024-06-13,Observation du 2024-06-13 (ete)
1465,2024-06-15,Observation du 2024-06-15 (ete)
1465,2024-06-21,Observation du 2024-06-21 (ete)
1465,2024-06-24,Observation du 2024-06-24 (ete)
1465,2024-06-25,Observation du 2024-06-25 (ete)
1465,2024-06-28,Observation du 2024-06-28 (ete)
1465,2024-06-29,Observation du 2024-06-29 (ete)
1465,2024-07-05,Observation du 2024-07-05 (ete)
1465,2024-07-06,Observation du 2024-07-06 (ete)
1465,2024-07-16,Observation du 2024-07-16 (ete)
1465,2024-07-20,Observation du 2024-07-20 (ete)
1465,2024-08-01,Observation du 2024-08-01 (ete)
1465,2024-08-04,Observation du 2024-08-04 (ete)
1465,2024-08-07,Observation du 2024-08-07 (ete)
1467,2024-05-22,Observation du 2024-05-22 (printemps)
1467,2024-05-23,Observation du 2024-05-23 (printemps)
1467,2024-05-24,Observation du 2024-05-24 (printemps)
1467,2024-05-26,Observation du 2024-05-26 (printemps)
1467,2024-05-28,Observation du 2024-05-28 (printemps)
1467,2024-06-03,Observation du 2024-06-03 (ete)
1467,2024-06-07,Observation du 2024-06-07 (ete)
1467,2024-06-10,Observation du 2024-06-10 (ete)
1467,2024-06-11,Observation du 2024-06-11 (ete)
1467,2024-06-13,Observation du 2024-06-13 (ete)
1467,2024-06-16,Observation du 2024-06-16 (ete)
1467,2024-06-17,Observation du 2024-06-17 (ete)
1467,2024-06-30,Observation du 2024-06-30 (ete)
1467,2024-07-01,Observation du 2024-07-01 (ete)
1467,2024-07-10,Observation du 2024-07-10 (ete)
1467,2024-07-11,Observation du 2024-07-11 (ete)
1467,2024-07-13,Observation du 2024-07-13 (ete)
1467,2024-07-15,Observation du 2024-07-15 (ete)
1467,2024-07-16,Observation du 2024-07-16 (ete)
1467,2024-07-20,Observation du 2024-07-20 (ete)
1467,2024-07-21,Observation du 2024-07-21 (ete)
1467,2024-07-23,Observation du 2024-07-23 (ete)
1467,2024-07-25,Observation du 2024-07-25 (ete)
1467,2024-07-27,Observation du 2024-07-27 (ete)
1467,2024-07-29,Observation du 2024-07-29 (ete)
1467,2024-07-30,Observation du 2024-07-30 (ete)
1467,2024-07-31,Observation du 2024-07-31 (ete)
1467,2024-08-07,Observation du 2024-08-07 (ete)
1467,2024-08-15,Observation du 2024-08-15 (ete)
1467,2024-08-18,Observation du 2024-08-18 (ete)
1468,2024-05-18,Observation du 2024-05-18 (printemps)
1468,2024-05-19,Observation du 2024-05-19 (printemps)
1468,2024-05-20,Observation du 2024-05-20 (printemps)
1468,2024-05-22,Observation du 2024-05-22 (printemps)
1468,2024-05-26,Observation du 2024-05-26 (printemps)
1468,2024-05-27,Observation du 2024-05-27 (printemps)
1468,2024-05-28,Observation du 2024-05-28 (printemps)
1468,2024-05-29,Observation du 2024-05-29 (printemps)
1468,2024-06-02,Observation du 2024-06-02 (ete)
1468,2024-06-26,Observation du 2024-06-26 (ete)
1468,2024-07-02,Observation du 2024-07-02 (ete)
1468,2024-07-04,Observation du 2024-07-04 (ete)
1468,2024-07-05,Observation du 2024-07-05 (ete)
1468,2024-07-08,Observation du 2024-07-08 (ete)
1468,2024-07-09,Observation du 2024-07-09 (ete)
1468,2024-07-11,Observation du 2024-07-11 (ete)
1468,2024-07-16,Observation du 2024-07-16 (ete)
1468,2024-07-17,Observation du 2024-07-17 (ete)
1469,2024-05-20,Observation du 2024-05-20 (printemps)
1469,2024-05-23,Observation du 2024-05-23 (printemps)
1469,2024-05-25,Observation du 2024-05-25 (printemps)
1469,2024-05-27,Observation du 2024-05-27 (printemps)
1469,2024-05-28,Observation du 2024-05-28 (printemps)
1469,2024-06-04,Observation du 2024-06-04 (ete)
1469,2024-06-05,Observation du 2024-06-05 (ete)
1469,2024-06-16,Observation du 2024-06-16 (ete)
1469,2024-06-21,Observation du 2024-06-21 (ete)
1469,2024-06-23,Observation du 2024-06-23 (ete)
1469,2024-06-24,Observation du 2024-06-24 (ete)
1469,2024-06-25,Observation du 2024-06-25 (ete)
1469,2024-07-05,Observation du 2024-07-05 (ete)
1469,2024-07-09,Observation du 2024-07-09 (ete)
1469,2024-07-12,Observation du 2024-07-12 (ete)
1469,2024-07-14,Observation du 2024-07-14 (ete)
1469,2024-07-15,Observation du 2024-07-15 (ete)
1469,2024-07-20,Observation du 2024-07-20 (ete)
1469,2024-07-21,Observation du 2024-07-21 (ete)
1471,2024-05-15,Observation du 2024-05-15 (printemps)
1471,2024-05-20,Observation du 2024-05-20 (printemps)
1471,2024-05-22,Observation du 2024-05-22 (printemps)
1471,2024-05-23,Observation du 2024-05-23 (printemps)
1471,2024-05-27,Observation du 2024-05-27 (printemps)
1471,2024-05-29,Observation du 2024-05-29 (printemps)
1471,2024-05-30,Observation du 2024-05-30 (printemps)
1471,2024-05-31,Observation du 2024-05-31 (printemps)
1471,2024-06-06,Observation du 2024-06-06 (ete)
1471,2024-06-13,Observation du 2024-06-13 (ete)
1471,2024-06-19,Observation du 2024-06-19 (ete)
1471,2024-06-22,Observation du 2024-06-22 (ete)
1471,2024-06-27,Observation du 2024-06-27 (ete)
1471,2024-06-29,Observation du 2024-06-29 (ete)
1471,2024-07-02,Observation du 2024-07-02 (ete)
1471,2024-07-09,Observation du 2024-07-09 (ete)
1471,2024-07-11,Observation du 2024-07-11 (ete)
1471,2024-07-17,Observation du 2024-07-17 (ete)
1471,2024-08-02,Observation du 2024-08-02 (ete)
1471,2024-08-03,Observation du 2024-08-03 (ete)
1471,2024-08-06,Observation du 2024-08-06 (ete)
1471,2024-08-11,Observation du 2024-08-11 (ete)
1471,2024-08-22,Observation du 2024-08-22 (ete)
1471,2024-08-26,Observation du 2024-08-26 (ete)
1471,2024-08-30,Observation du 2024-08-30 (ete)
1471,2024-09-03,Observation du 2024-09-03 (automne)
1471,2024-09-18,Observation du 2024-09-18 (automne)
1471,2024-09-19,Observation du 2024-09-19 (automne)
1471,2024-09-21,Observation du 2024-09-21 (automne)
1472,2024-05-18,Observation du 2024-05-18 (printemps)
1472,2024-05-19,Observation du 2024-05-19 (printemps)
1472,2024-05-21,Observation du 2024-05-21 (printemps)
1472,2024-05-24,Observation du 2024-05-24 (printemps)
1472,2024-05-26,Observation du 2024-05-26 (printemps)
1472,2024-05-27,Observation du 2024-05-27 (printemps)
1472,2024-05-28,Observation du 2024-05-28 (printemps)
1472,2024-05-29,Observation du 2024-05-29 (printemps)
1472,2024-06-02,Observation du 2024-06-02 (ete)
1472,2024-06-08,Observation du 2024-06-08 (ete)
1472,2024-06-13,Observation du 2024-06-13 (ete)
1472,2024-06-14,Observation du 2024-06-14 (ete)
1472,2024-06-17,Observation du 2024-06-17 (ete)
1472,2024-06-21,Observation du 2024-06-21 (ete)
1472,2024-06-22,Observation du 2024-06-22 (ete)
1472,2024-07-01,Observation du 2024-07-01 (ete)
1472,2024-07-04,Observation du 2024-07-04 (ete)
1472,2024-07-10,Observation du 2024-07-10 (ete)
1472,2024-07-13,Observation du 2024-07-13 (ete)
1472,2024-07-15,Observation du 2024-07-15 (ete)
1472,2024-07-19,Observation du 2024-07-19 (ete)
1472,2024-07-20,Observation du 2024-07-20 (ete)
1472,2024-07-24,Observation du 2024-07-24 (ete)
1472,2024-07-26,Observation du 2024-07-26 (ete)
1472,2024-07-28,Observation du 2024-07-28 (ete)
1472,2024-07-29,Observation du 2024-07-29 (ete)
1472,2024-07-30,Observation du 2024-07-30 (ete)
1472,2024-08-02,Observation du 2024-08-02 (ete)
1472,2024-08-10,Observation du 2024-08-10 (ete)
1472,2024-08-11,Observation du 2024-08-11 (ete)
1472,2024-08-13,Observation du 2024-08-13 (ete)
1472,2024-08-25,Observation du 2024-08-25 (ete)
1472,2024-09-01,Observation du 2024-09-01 (automne)
1472,2024-09-05,Observation du 2024-09-05 (automne)
1472,2024-09-11,Observation du 2024-09-11 (automne)
1472,2024-09-12,Observation du 2024-09-12 (automne)
1472,2024-09-13,Observation du 2024-09-13 (automne)
1472,2024-09-21,Observation du 2024-09-21 (automne)
1472,2024-09-22,Observation du 2024-09-22 (automne)
1472,2024-09-23,Observation du 2024-09-23 (automne)
1472,2024-09-24,Observation du 2024-09-24 (automne)
1472,2024-09-27,Observation du 2024-09-27 (automne)
1473,2024-05-26,Observation du 2024-05-26 (printemps)
1473,2024-05-27,Observation du 2024-05-27 (printemps)
1473,2024-06-01,Observation du 2024-06-01 (ete)
1473,2024-06-03,Observation du 2024-06-03 (ete)
1473,2024-06-05,Observation du 2024-06-05 (ete)
1473,2024-06-06,Observation du 2024-06-06 (ete)
1473,2024-06-08,Observation du 2024-06-08 (ete)
1473,2024-06-10,Observation du 2024-06-10 (ete)
1473,2024-06-23,Observation du 2024-06-23 (ete)
1473,2024-06-30,Observation du 2024-06-30 (ete)
1473,2024-07-05,Observation du 2024-07-05 (ete)
1473,2024-07-10,Observation du 2024-07-10 (ete)
1474,2024-05-14,Observation du 2024-05-14 (printemps)
1474,2024-05-15,Observation du 2024-05-15 (printemps)
1474,2024-05-22,Observation du 2024-05-22 (printemps)
1474,2024-05-24,Observation du 2024-05-24 (printemps)
1474,2024-05-28,Observation du 2024-05-28 (printemps)
1474,2024-05-29,Observation du 2024-05-29 (printemps)
1474,2024-05-31,Observation du 2024-05-31 (printemps)
1474,2024-06-02,Observation du 2024-06-02 (ete)
1474,2024-06-05,Observation du 2024-06-05 (ete)
1474,2024-06-07,Observation du 2024-06-07 (ete)
1474,2024-06-09,Observation du 2024-06-09 (ete)
1474,2024-06-14,Observation du 2024-06-14 (ete)
1474,2024-06-19,Observation du 2024-06-19 (ete)
1474,2024-06-25,Observation du 2024-06-25 (ete)
1474,2024-06-26,Observation du 2024-06-26 (ete)
1474,2024-06-27,Observation du 2024-06-27 (ete)
1474,2024-07-02,Observation du 2024-07-02 (ete)
1474,2024-07-10,Observation du 2024-07-10 (ete)
1475,2024-05-19,Observation du 2024-05-19 (printemps)
1475,2024-05-23,Observation du 2024-05-23 (printemps)
1475,2024-05-28,Observation du 2024-05-28 (printemps)
1475,2024-05-29,Observation du 2024-05-29 (printemps)
1475,2024-06-20,Observation du 2024-06-20 (ete)
1475,2024-07-04,Observation du 2024-07-04 (ete)
1475,2024-07-06,Observation du 2024-07-06 (ete)
1475,2024-07-09,Observation du 2024-07-09 (ete)
1475,2024-07-12,Observation du 2024-07-12 (ete)
1475,2024-07-15,Observation du 2024-07-15 (ete)
1475,2024-07-17,Observation du 2024-07-17 (ete)
1475,2024-07-21,Observation du 2024-07-21 (ete)
1475,2024-07-23,Observation du 2024-07-23 (ete)
1475,2024-07-26,Observation du 2024-07-26 (ete)
1475,2024-08-05,Observation du 2024-08-05 (ete)
1475,2024-08-07,Observation du 2024-08-07 (ete)
1475,2024-08-11,Observation du 2024-08-11 (ete)
1475,2024-08-18,Observation du 2024-08-18 (ete)
1475,2024-08-19,Observation du 2024-08-19 (ete)
1475,2024-08-22,Observation du 2024-08-22 (ete)
1475,2024-08-31,Observation du 2024-08-31 (ete)
1475,2024-09-01,Observation du 2024-09-01 (automne)
1475,2024-09-02,Observation du 2024-09-02 (automne)
1475,2024-09-07,Observation du 2024-09-07 (automne)
1475,2024-09-08,Observation du 2024-09-08 (automne)
1475,2024-09-09,Observation du 2024-09-09 (automne)
1475,2024-09-13,Observation du 2024-09-13 (automne)
1475,2024-09-20,Observation du 2024-09-20 (automne)
1475,2024-09-22,Observation du 2024-09-22 (automne)
1475,2024-09-24,Observation du 2024-09-24 (automne)
1477,2024-05-19,Observation du 2024-05-19 (printemps)
1477,2024-05-24,Observation du 2024-05-24 (printemps)
1477,2024-05-28,Observation du 2024-05-28 (printemps)
1477,2024-05-29,Observation du 2024-05-29 (printemps)
1477,2024-05-30,Observation du 2024-05-30 (printemps)
1477,2024-06-05,Observation du 2024-06-05 (ete)
1477,2024-06-07,Observation du 2024-06-07 (ete)
1477,2024-06-13,Observation du 2024-06-13 (ete)
1477,2024-06-14,Observation du 2024-06-14 (ete)
1477,2024-06-23,Observation du 2024-06-23 (ete)
1477,2024-06-26,Observation du 2024-06-26 (ete)
1477,2024-06-28,Observation du 2024-06-28 (ete)
1477,2024-07-02,Observation du 2024-07-02 (ete)
1477,2024-07-08,Observation du 2024-07-08 (ete)
1477,2024-07-12,Observation du 2024-07-12 (ete)
1477,2024-07-15,Observation du 2024-07-15 (ete)
1477,2024-07-19,Observation du 2024-07-19 (ete)
1477,2024-07-25,Observation du 2024-07-25 (ete)
1477,2024-07-26,Observation du 2024-07-26 (ete)
1477,2024-07-30,Observation du 2024-07-30 (ete)
1477,2024-08-02,Observation du 2024-08-02 (ete)
1477,2024-08-08,Observation du 2024-08-08 (ete)
1477,2024-08-12,Observation du 2024-08-12 (ete)
1478,2024-05-17,Observation du 2024-05-17 (printemps)
1478,2024-05-20,Observation du 2024-05-20 (printemps)
1478,2024-05-22,Observation du 2024-05-22 (printemps)
1478,2024-05-26,Observation du 2024-05-26 (printemps)
1478,2024-05-28,Observation du 2024-05-28 (printemps)
1478,2024-05-30,Observation du 2024-05-30 (printemps)
1478,2024-06-01,Observation du 2024-06-01 (ete)
1478,2024-06-02,Observation du 2024-06-02 (ete)
1478,2024-06-07,Observation du 2024-06-07 (ete)
1478,2024-06-15,Observation du 2024-06-15 (ete)
1478,2024-06-24,Observation du 2024-06-24 (ete)
1478,2024-06-25,Observation du 2024-06-25 (ete)
1478,2024-06-29,Observation du 2024-06-29 (ete)
1478,2024-06-30,Observation du 2024-06-30 (ete)
1478,2024-07-06,Observation du 2024-07-06 (ete)
1478,2024-07-07,Observation du 2024-07-07 (ete)
1478,2024-07-10,Observation du 2024-07-10 (ete)
1478,2024-07-11,Observation du 2024-07-11 (ete)
1478,2024-07-12,Observation du 2024-07-12 (ete)
1478,2024-07-18,Observation du 2024-07-18 (ete)
1478,2024-07-21,Observation du 2024-07-21 (ete)
1478,2024-07-29,Observation du 2024-07-29 (ete)
1478,2024-07-30,Observation du 2024-07-30 (ete)
1478,2024-08-02,Observation du 2024-08-02 (ete)
1478,2024-08-05,Observation du 2024-08-05 (ete)
1478,2024-08-07,Observation du 2024-08-07 (ete)
1479,2024-05-23,Observation du 2024-05-23 (printemps)
1479,2024-06-03,Observation du 2024-06-03 (ete)
1479,2024-06-04,Observation du 2024-06-04 (ete)
1479,2024-06-09,Observation du 2024-06-09 (ete)
1479,2024-06-13,Observation du 2024-06-13 (ete)
1479,2024-06-14,Observation du 2024-06-14 (ete)
1479,2024-06-30,Observation du 2024-06-30 (ete)
1479,2024-07-02,Observation du 2024-07-02 (ete)
1479,2024-07-03,Observation du 2024-07-03 (ete)
1479,2024-07-04,Observation du 2024-07-04 (ete)
1479,2024-07-06,Observation du 2024-07-06 (ete)
1479,2024-07-13,Observation du 2024-07-13 (ete)
1479,2024-07-14,Observation du 2024-07-14 (ete)
1479,2024-07-20,Observation du 2024-07-20 (ete)
1479,2024-07-25,Observation du 2024-07-25 (ete)
1480,2024-05-19,Observation du 2024-05-19 (printemps)
1480,2024-05-28,Observation du 2024-05-28 (printemps)
1480,2024-05-30,Observation du 2024-05-30 (printemps)
1480,2024-06-08,Observation du 2024-06-08 (ete)
1480,2024-06-11,Observation du 2024-06-11 (ete)
1480,2024-06-13,Observation du 2024-06-13 (ete)
1480,2024-06-14,Observation du 2024-06-14 (ete)
1480,2024-06-17,Observation du 2024-06-17 (ete)
1480,2024-06-21,Observation du 2024-06-21 (ete)
1480,2024-06-24,Observation du 2024-06-24 (ete)
1480,2024-06-29,Observation du 2024-06-29 (ete)
1480,2024-07-01,Observation du 2024-07-01 (ete)
1480,2024-07-04,Observation du 2024-07-04 (ete)
1480,2024-07-07,Observation du 2024-07-07 (ete)
1480,2024-07-14,Observation du 2024-07-14 (ete)
1480,2024-07-15,Observation du 2024-07-15 (ete)
1480,2024-07-21,Observation du 2024-07-21 (ete)
1480,2024-07-27,Observation du 2024-07-27 (ete)
1480,2024-07-28,Observation du 2024-07-28 (ete)
1480,2024-07-30,Observation du 2024-07-30 (ete)
1480,2024-07-31,Observation du 2024-07-31 (ete)
1481,2024-05-23,Observation du 2024-05-23 (printemps)
1481,2024-06-02,Observation du 2024-06-02 (ete)
1481,2024-06-05,Observation du 2024-06-05 (ete)
1481,2024-06-10,Observation du 2024-06-10 (ete)
1481,2024-06-14,Observation du 2024-06-14 (ete)
1481,2024-06-18,Observation du 2024-06-18 (ete)
1481,2024-06-19,Observation du 2024-06-19 (ete)
1481,2024-06-20,Observation du 2024-06-20 (ete)
1481,2024-06-21,Observation du 2024-06-21 (ete)
1481,2024-06-26,Observation du 2024-06-26 (ete)
1481,2024-06-30,Observation du 2024-06-30 (ete)
1481,2024-07-15,Observation du 2024-07-15 (ete)
1481,2024-07-20,Observation du 2024-07-20 (ete)
1481,2024-07-22,Observation du 2024-07-22 (ete)
1481,2024-07-24,Observation du 2024-07-24 (ete)
1481,2024-07-29,Observation du 2024-07-29 (ete)
1481,2024-08-02,Observation du 2024-08-02 (ete)
1481,2024-08-03,Observation du 2024-08-03 (ete)
1481,2024-08-05,Observation du 2024-08-05 (ete)
1481,2024-08-08,Observation du 2024-08-08 (ete)
1481,2024-08-09,Observation du 2024-08-09 (ete)
1481,2024-08-10,Observation du 2024-08-10 (ete)
1481,2024-08-11,Observation du 2024-08-11 (ete)
1481,2024-08-13,Observation du 2024-08-13 (ete)
1481,2024-08-17,Observation du 2024-08-17 (ete)
1481,2024-08-24,Observation du 2024-08-24 (ete)
1481,2024-08-25,Observation du 2024-08-25 (ete)
1481,2024-08-27,Observation du 2024-08-27 (ete)
1481,2024-08-28,Observation du 2024-08-28 (ete)
1481,2024-08-29,Observation du 2024-08-29 (ete)
1481,2024-09-02,Observation du 2024-09-02 (automne)
1481,2024-09-05,Observation du 2024-09-05 (automne)
1481,2024-09-08,Observation du 2024-09-08 (automne)
1481,2024-09-11,Observation du 2024-09-11 (automne)
1481,2024-09-15,Observation du 2024-09-15 (automne)
1481,2024-09-21,Observation du 2024-09-21 (automne)
1481,2024-09-23,Observation du 2024-09-23 (automne)
1481,2024-09-24,Observation du 2024-09-24 (automne)
1481,2024-09-30,Observation du 2024-09-30 (automne)
1482,2024-05-24,Observation du 2024-05-24 (printemps)
1482,2024-05-25,Observation du 2024-05-25 (printemps)
1482,2024-05-28,Observation du 2024-05-28 (printemps)
1482,2024-05-30,Observation du 2024-05-30 (printemps)
1482,2024-06-02,Observation du 2024-06-02 (ete)
1482,2024-06-22,Observation du 2024-06-22 (ete)
1482,2024-07-01,Observation du 2024-07-01 (ete)
1482,2024-07-15,Observation du 2024-07-15 (ete)
1482,2024-07-17,Observation du 2024-07-17 (ete)
1482,2024-07-21,Observation du 2024-07-21 (ete)
1482,2024-07-23,Observation du 2024-07-23 (ete)
1482,2024-07-24,Observation du 2024-07-24 (ete)
1482,2024-07-29,Observation du 2024-07-29 (ete)
1482,2024-08-02,Observation du 2024-08-02 (ete)
1482,2024-08-03,Observation du 2024-08-03 (ete)
1482,2024-08-15,Observation du 2024-08-15 (ete)
1482,2024-08-16,Observation du 2024-08-16 (ete)
1482,2024-08-19,Observation du 2024-08-19 (ete)
1482,2024-08-20,Observation du 2024-08-20 (ete)
1482,2024-08-26,Observation du 2024-08-26 (ete)
1482,2024-08-31,Observation du 2024-08-31 (ete)
1482,2024-09-01,Observation du 2024-09-01 (automne)
1482,2024-09-04,Observation du 2024-09-04 (automne)
1482,2024-09-05,Observation du 2024-09-05 (automne)
1482,2024-09-07,Observation du 2024-09-07 (automne)
1482,2024-09-08,Observation du 2024-09-08 (automne)
1482,2024-09-10,Observation du 2024-09-10 (automne)
1482,2024-09-15,Observation du 2024-09-15 (automne)
1482,2024-09-16,Observation du 2024-09-16 (automne)
1482,2024-09-18,Observation du 2024-09-18 (automne)
1482,2024-09-19,Observation du 2024-09-19 (automne)
1483,2024-05-19,Observation du 2024-05-19 (printemps)
1483,2024-05-20,Observation du 2024-05-20 (printemps)
1483,2024-05-22,Observation du 2024-05-22 (printemps)
1483,2024-05-30,Observation du 2024-05-30 (printemps)
1483,2024-05-31,Observation du 2024-05-31 (printemps)
1483,2024-06-01,Observation du 2024-06-01 (ete)
1483,2024-06-05,Observation du 2024-06-05 (ete)
1483,2024-06-06,Observation du 2024-06-06 (ete)
1483,2024-06-09,Observation du 2024-06-09 (ete)
1483,2024-06-18,Observation du 2024-06-18 (ete)
1483,2024-06-25,Observation du 2024-06-25 (ete)
1483,2024-06-26,Observation du 2024-06-26 (ete)
1483,2024-07-05,Observation du 2024-07-05 (ete)
1483,2024-07-12,Observation du 2024-07-12 (ete)
1483,2024-07-13,Observation du 2024-07-13 (ete)
1483,2024-07-17,Observation du 2024-07-17 (ete)
1483,2024-07-18,Observation du 2024-07-18 (ete)
1483,2024-07-23,Observation du 2024-07-23 (ete)
1483,2024-07-26,Observation du 2024-07-26 (ete)
1483,2024-07-31,Observation du 2024-07-31 (ete)
1483,2024-08-07,Observation du 2024-08-07 (ete)
1483,2024-08-12,Observation du 2024-08-12 (ete)
1483,2024-08-17,Observation du 2024-08-17 (ete)
1483,2024-08-27,Observation du 2024-08-27 (ete)
1483,2024-08-28,Observation du 2024-08-28 (ete)
1483,2024-08-30,Observation du 2024-08-30 (ete)
1483,2024-09-06,Observation du 2024-09-06 (automne)
1483,2024-09-07,Observation du 2024-09-07 (automne)
1483,2024-09-10,Observation du 2024-09-10 (automne)
1483,2024-09-17,Observation du 2024-09-17 (automne)
1483,2024-09-18,Observation du 2024-09-18 (automne)
1483,2024-09-20,Observation du 2024-09-20 (automne)
1483,2024-09-24,Observation du 2024-09-24 (automne)
1483,2024-09-25,Observation du 2024-09-25 (automne)
1483,2024-09-28,Observation du 2024-09-28 (automne)
1484,2024-05-23,Observation du 2024-05-23 (printemps)
1484,2024-05-26,Observation du 2024-05-26 (printemps)
1484,2024-05-27,Observation du 2024-05-27 (printemps)
1484,2024-05-30,Observation du 2024-05-30 (printemps)
1484,2024-05-31,Observation du 2024-05-31 (printemps)
1484,2024-06-01,Observation du 2024-06-01 (ete)
1484,2024-06-02,Observation du 2024-06-02 (ete)
1484,2024-06-08,Observation du 2024-06-08 (ete)
1484,2024-06-10,Observation du 2024-06-10 (ete)
1484,2024-06-11,Observation du 2024-06-11 (ete)
1484,2024-06-13,Observation du 2024-06-13 (ete)
1484,2024-06-16,Observation du 2024-06-16 (ete)
1484,2024-06-20,Observation du 2024-06-20 (ete)
1484,2024-06-21,Observation du 2024-06-21 (ete)
1484,2024-06-24,Observation du 2024-06-24 (ete)
1484,2024-07-13,Observation du 2024-07-13 (ete)
1484,2024-07-17,Observation du 2024-07-17 (ete)
1484,2024-07-19,Observation du 2024-07-19 (ete)
1484,2024-07-24,Observation du 2024-07-24 (ete)
1484,2024-07-25,Observation du 2024-07-25 (ete)
1484,2024-07-27,Observation du 2024-07-27 (ete)
1486,2024-05-24,Observation du 2024-05-24 (printemps)
1486,2024-05-25,Observation du 2024-05-25 (printemps)
1486,2024-05-31,Observation du 2024-05-31 (printemps)
1486,2024-06-01,Observation du 2024-06-01 (ete)
1486,2024-06-11,Observation du 2024-06-11 (ete)
1486,2024-06-12,Observation du 2024-06-12 (ete)
1486,2024-07-01,Observation du 2024-07-01 (ete)
1486,2024-07-05,Observation du 2024-07-05 (ete)
1486,2024-07-11,Observation du 2024-07-11 (ete)
1486,2024-07-18,Observation du 2024-07-18 (ete)
1488,2024-05-19,Observation du 2024-05-19 (printemps)
1488,2024-05-20,Observation du 2024-05-20 (printemps)
1488,2024-05-24,Observation du 2024-05-24 (printemps)
1488,2024-05-26,Observation du 2024-05-26 (printemps)
1488,2024-05-29,Observation du 2024-05-29 (printemps)
1488,2024-05-30,Observation du 2024-05-30 (printemps)
1488,2024-05-31,Observation du 2024-05-31 (printemps)
1488,2024-06-05,Observation du 2024-06-05 (ete)
1488,2024-06-10,Observation du 2024-06-10 (ete)
1488,2024-06-11,Observation du 2024-06-11 (ete)
1488,2024-06-26,Observation du 2024-06-26 (ete)
1488,2024-07-07,Observation du 2024-07-07 (ete)
1488,2024-07-08,Observation du 2024-07-08 (ete)
1488,2024-07-11,Observation du 2024-07-11 (ete)
1488,2024-07-14,Observation du 2024-07-14 (ete)
1488,2024-07-15,Observation du 2024-07-15 (ete)
1488,2024-07-18,Observation du 2024-07-18 (ete)
1488,2024-07-22,Observation du 2024-07-22 (ete)
1488,2024-07-27,Observation du 2024-07-27 (ete)
1488,2024-07-31,Observation du 2024-07-31 (ete)
1488,2024-08-02,Observation du 2024-08-02 (ete)
1488,2024-08-06,Observation du 2024-08-06 (ete)
1488,2024-08-08,Observation du 2024-08-08 (ete)
1488,2024-08-13,Observation du 2024-08-13 (ete)
1488,2024-08-17,Observation du 2024-08-17 (ete)
1488,2024-08-19,Observation du 2024-08-19 (ete)
1488,2024-08-21,Observation du 2024-08-21 (ete)
1488,2024-08-25,Observation du 2024-08-25 (ete)
1488,2024-08-27,Observation du 2024-08-27 (ete)
1488,2024-08-28,Observation du 2024-08-28 (ete)
1488,2024-09-01,Observation du 2024-09-01 (automne)
1488,2024-09-05,Observation du 2024-09-05 (automne)
1488,2024-09-06,Observation du 2024-09-06 (automne)
1488,2024-09-09,Observation du 2024-09-09 (automne)
1488,2024-09-12,Observation du 2024-09-12 (automne)
1488,2024-09-13,Observation du 2024-09-13 (automne)
1488,2024-09-15,Observation du 2024-09-15 (automne)
1488,2024-09-17,Observation du 2024-09-17 (automne)
1489,2024-05-20,Observation du 2024-05-20 (printemps)
1489,2024-05-22,Observation du 2024-05-22 (printemps)
1489,2024-05-25,Observation du 2024-05-25 (printemps)
1489,2024-05-26,Observation du 2024-05-26 (printemps)
1489,2024-05-27,Observation du 2024-05-27 (printemps)
1489,2024-05-28,Observation du 2024-05-28 (printemps)
1489,2024-06-03,Observation du 2024-06-03 (ete)
1489,2024-06-08,Observation du 2024-06-08 (ete)
1489,2024-06-11,Observation du 2024-06-11 (ete)
1489,2024-06-12,Observation du 2024-06-12 (ete)
1489,2024-06-19,Observation du 2024-06-19 (ete)
1489,2024-06-22,Observation du 2024-06-22 (ete)
1489,2024-06-24,Observation du 2024-06-24 (ete)
1489,2024-06-25,Observation du 2024-06-25 (ete)
1489,2024-06-26,Observation du 2024-06-26 (ete)
1489,2024-06-28,Observation du 2024-06-28 (ete)
1490,2024-05-22,Observation du 2024-05-22 (printemps)
1490,2024-05-25,Observation du 2024-05-25 (printemps)
1490,2024-05-26,Observation du 2024-05-26 (printemps)
1490,2024-05-29,Observation du 2024-05-29 (printemps)
1490,2024-05-30,Observation du 2024-05-30 (printemps)
1490,2024-06-06,Observation du 2024-06-06 (ete)
1490,2024-06-11,Observation du 2024-06-11 (ete)
1490,2024-06-21,Observation du 2024-06-21 (ete)
1490,2024-06-28,Observation du 2024-06-28 (ete)
1491,2024-05-22,Observation du 2024-05-22 (printemps)
1491,2024-06-05,Observation du 2024-06-05 (ete)
1491,2024-06-06,Observation du 2024-06-06 (ete)
1491,2024-06-11,Observation du 2024-06-11 (ete)
1491,2024-06-18,Observation du 2024-06-18 (ete)
1491,2024-06-19,Observation du 2024-06-19 (ete)
1491,2024-06-23,Observation du 2024-06-23 (ete)
1491,2024-06-26,Observation du 2024-06-26 (ete)
1491,2024-07-01,Observation du 2024-07-01 (ete)
1491,2024-07-03,Observation du 2024-07-03 (ete)
1491,2024-07-05,Observation du 2024-07-05 (ete)
1491,2024-07-08,Observation du 2024-07-08 (ete)
1491,2024-07-09,Observation du 2024-07-09 (ete)
1491,2024-07-10,Observation du 2024-07-10 (ete)
1491,2024-07-12,Observation du 2024-07-12 (ete)
1491,2024-07-16,Observation du 2024-07-16 (ete)
1491,2024-07-24,Observation du 2024-07-24 (ete)
1491,2024-07-25,Observation du 2024-07-25 (ete)
1491,2024-07-28,Observation du 2024-07-28 (ete)
1491,2024-07-30,Observation du 2024-07-30 (ete)
1491,2024-08-02,Observation du 2024-08-02 (ete)
1491,2024-08-06,Observation du 2024-08-06 (ete)
1491,2024-08-10,Observation du 2024-08-10 (ete)
1491,2024-08-17,Observation du 2024-08-17 (ete)
1491,2024-08-18,Observation du 2024-08-18 (ete)
1491,2024-08-19,Observation du 2024-08-19 (ete)
1491,2024-08-22,Observation du 2024-08-22 (ete)
1491,2024-08-26,Observation du 2024-08-26 (ete)
1491,2024-08-30,Observation du 2024-08-30 (ete)
1491,2024-08-31,Observation du 2024-08-31 (ete)
1491,2024-09-01,Observation du 2024-09-01 (automne)
1491,2024-09-02,Observation du 2024-09-02 (automne)
1491,2024-09-06,Observation du 2024-09-06 (automne)
1491,2024-09-09,Observation du 2024-09-09 (automne)
1491,2024-09-10,Observation du 2024-09-10 (automne)
1491,2024-09-11,Observation du 2024-09-11 (automne)
1491,2024-09-12,Observation du 2024-09-12 (automne)
1491,2024-09-16,Observation du 2024-09-16 (automne)
1491,2024-09-17,Observation du 2024-09-17 (automne)
1491,2024-09-19,Observation du 2024-09-19 (automne)
1491,2024-09-20,Observation du 2024-09-20 (automne)
1491,2024-09-22,Observation du 2024-09-22 (automne)
1491,2024-09-23,Observation du 2024-09-23 (automne)
1491,2024-09-28,Observation du 2024-09-28 (automne)
1493,2024-05-19,Observation du 2024-05-19 (printemps)
1493,2024-05-21,Observation du 2024-05-21 (printemps)
1493,2024-05-25,Observation du 2024-05-25 (printemps)
1493,2024-05-26,Observation du 2024-05-26 (printemps)
1493,2024-06-06,Observation du 2024-06-06 (ete)
1493,2024-06-09,Observation du 2024-06-09 (ete)
1493,2024-06-10,Observation du 2024-06-10 (ete)
1493,2024-06-13,Observation du 2024-06-13 (ete)
1493,2024-06-14,Observation du 2024-06-14 (ete)
1493,2024-06-25,Observation du 2024-06-25 (ete)
1493,2024-07-01,Observation du 2024-07-01 (ete)
1493,2024-07-02,Observation du 2024-07-02 (ete)
1495,2024-05-15,Observation du 2024-05-15 (printemps)
1495,2024-05-17,Observation du 2024-05-17 (printemps)
1495,2024-05-18,Observation du 2024-05-18 (printemps)
1495,2024-05-23,Observation du 2024-05-23 (printemps)
1495,2024-05-24,Observation du 2024-05-24 (printemps)
1495,2024-05-25,Observation du 2024-05-25 (printemps)
1495,2024-05-29,Observation du 2024-05-29 (printemps)
1495,2024-06-02,Observation du 2024-06-02 (ete)
1495,2024-06-03,Observation du 2024-06-03 (ete)
1495,2024-06-04,Observation du 2024-06-04 (ete)
1495,2024-06-07,Observation du 2024-06-07 (ete)
1495,2024-06-08,Observation du 2024-06-08 (ete)
1495,2024-06-11,Observation du 2024-06-11 (ete)
1495,2024-06-13,Observation du 2024-06-13 (ete)
1495,2024-06-15,Observation du 2024-06-15 (ete)
1495,2024-06-17,Observation du 2024-06-17 (ete)
1495,2024-06-19,Observation du 2024-06-19 (ete)
1495,2024-06-20,Observation du 2024-06-20 (ete)
1495,2024-06-21,Observation du 2024-06-21 (ete)
1495,2024-06-22,Observation du 2024-06-22 (ete)
1495,2024-06-29,Observation du 2024-06-29 (ete)
1496,2024-05-17,Observation du 2024-05-17 (printemps)
1496,2024-05-20,Observation du 2024-05-20 (printemps)
1496,2024-05-26,Observation du 2024-05-26 (printemps)
1496,2024-05-27,Observation du 2024-05-27 (printemps)
1496,2024-05-29,Observation du 2024-05-29 (printemps)
1496,2024-05-30,Observation du 2024-05-30 (printemps)
1496,2024-06-07,Observation du 2024-06-07 (ete)
1496,2024-06-08,Observation du 2024-06-08 (ete)
1496,2024-06-11,Observation du 2024-06-11 (ete)
1496,2024-06-13,Observation du 2024-06-13 (ete)
1496,2024-06-15,Observation du 2024-06-15 (ete)
1496,2024-06-16,Observation du 2024-06-16 (ete)
1496,2024-06-18,Observation du 2024-06-18 (ete)
1496,2024-06-24,Observation du 2024-06-24 (ete)
1496,2024-06-27,Observation du 2024-06-27 (ete)
1496,2024-06-28,Observation du 2024-06-28 (ete)
1496,2024-07-08,Observation du 2024-07-08 (ete)
1496,2024-07-09,Observation du 2024-07-09 (ete)
1496,2024-07-11,Observation du 2024-07-11 (ete)
1496,2024-07-13,Observation du 2024-07-13 (ete)
1496,2024-07-14,Observation du 2024-07-14 (ete)
1496,2024-07-16,Observation du 2024-07-16 (ete)
1496,2024-07-17,Observation du 2024-07-17 (ete)
1496,2024-07-19,Observation du 2024-07-19 (ete)
1496,2024-07-20,Observation du 2024-07-20 (ete)
1496,2024-07-28,Observation du 2024-07-28 (ete)
1496,2024-07-31,Observation du 2024-07-31 (ete)
1496,2024-08-01,Observation du 2024-08-01 (ete)
1496,2024-08-07,Observation du 2024-08-07 (ete)
1497,2024-05-14,Observation du 2024-05-14 (printemps)
1497,2024-05-15,Observation du 2024-05-15 (printemps)
1497,2024-05-17,Observation du 2024-05-17 (printemps)
1497,2024-05-19,Observation du 2024-05-19 (printemps)
1497,2024-05-20,Observation du 2024-05-20 (printemps)
1497,2024-05-23,Observation du 2024-05-23 (printemps)
1497,2024-05-27,Observation du 2024-05-27 (printemps)
1497,2024-05-28,Observation du 2024-05-28 (printemps)
1497,2024-05-29,Observation du 2024-05-29 (printemps)
1497,2024-05-31,Observation du 2024-05-31 (printemps)
1497,2024-06-10,Observation du 2024-06-10 (ete)
1497,2024-06-22,Observation du 2024-06-22 (ete)
1497,2024-06-29,Observation du 2024-06-29 (ete)
1497,2024-07-07,Observation du 2024-07-07 (ete)
1497,2024-07-14,Observation du 2024-07-14 (ete)
1497,2024-07-18,Observation du 2024-07-18 (ete)
1497,2024-07-19,Observation du 2024-07-19 (ete)
1497,2024-07-21,Observation du 2024-07-21 (ete)
1497,2024-07-22,Observation du 2024-07-22 (ete)
1497,2024-07-24,Observation du 2024-07-24 (ete)
1497,2024-07-25,Observation du 2024-07-25 (ete)
1497,2024-07-28,Observation du 2024-07-28 (ete)
1497,2024-07-30,Observation du 2024-07-30 (ete)
1497,2024-07-31,Observation du 2024-07-31 (ete)
1497,2024-08-03,Observation du 2024-08-03 (ete)
1497,2024-08-04,Observation du 2024-08-04 (ete)
1497,2024-08-07,Observation du 2024-08-07 (ete)
1497,2024-08-08,Observation du 2024-08-08 (ete)
1497,2024-08-14,Observation du 2024-08-14 (ete)
1497,2024-08-16,Observation du 2024-08-16 (ete)
1497,2024-08-17,Observation du 2024-08-17 (ete)
1497,2024-08-26,Observation du 2024-08-26 (ete)
1497,2024-08-28,Observation du 2024-08-28 (ete)
1497,2024-08-29,Observation du 2024-08-29 (ete)
1497,2024-09-11,Observation du 2024-09-11 (automne)
1497,2024-09-12,Observation du 2024-09-12 (automne)
1497,2024-09-14,Observation du 2024-09-14 (automne)
1497,2024-09-16,Observation du 2024-09-16 (automne)
1497,2024-09-19,Observation du 2024-09-19 (automne)
1502,2024-05-23,Observation du 2024-05-23 (printemps)
1502,2024-05-29,Observation du 2024-05-29 (printemps)
1502,2024-06-06,Observation du 2024-06-06 (ete)
1502,2024-06-07,Observation du 2024-06-07 (ete)
1502,2024-06-09,Observation du 2024-06-09 (ete)
1502,2024-06-11,Observation du 2024-06-11 (ete)
1502,2024-06-15,Observation du 2024-06-15 (ete)
1502,2024-06-17,Observation du 2024-06-17 (ete)
1502,2024-07-01,Observation du 2024-07-01 (ete)
1502,2024-07-02,Observation du 2024-07-02 (ete)
1502,2024-07-04,Observation du 2024-07-04 (ete)
1502,2024-07-09,Observation du 2024-07-09 (ete)
1502,2024-07-11,Observation du 2024-07-11 (ete)
1502,2024-07-12,Observation du 2024-07-12 (ete)
1502,2024-07-13,Observation du 2024-07-13 (ete)
1502,2024-07-14,Observation du 2024-07-14 (ete)
1502,2024-07-15,Observation du 2024-07-15 (ete)
1502,2024-07-21,Observation du 2024-07-21 (ete)
1502,2024-07-22,Observation du 2024-07-22 (ete)
1502,2024-07-29,Observation du 2024-07-29 (ete)
1502,2024-07-30,Observation du 2024-07-30 (ete)
1502,2024-07-31,Observation du 2024-07-31 (ete)
1502,2024-08-03,Observation du 2024-08-03 (ete)
1502,2024-08-07,Observation du 2024-08-07 (ete)
1502,2024-08-14,Observation du 2024-08-14 (ete)
1502,2024-08-17,Observation du 2024-08-17 (ete)
1502,2024-08-19,Observation du 2024-08-19 (ete)
1502,2024-08-20,Observation du 2024-08-20 (ete)
1502,2024-08-22,Observation du 2024-08-22 (ete)
1502,2024-08-24,Observation du 2024-08-24 (ete)
1502,2024-08-26,Observation du 2024-08-26 (ete)
1502,2024-08-27,Observation du 2024-08-27 (ete)
1502,2024-08-29,Observation du 2024-08-29 (ete)
1502,2024-09-04,Observation du 2024-09-04 (automne)
1502,2024-09-08,Observation du 2024-09-08 (automne)
1502,2024-09-10,Observation du 2024-09-10 (automne)
1502,2024-09-11,Observation du 2024-09-11 (automne)
1502,2024-09-12,Observation du 2024-09-12 (automne)
1502,2024-09-13,Observation du 2024-09-13 (automne)
1503,2024-05-14,Observation du 2024-05-14 (printemps)
1503,2024-05-17,Observation du 2024-05-17 (printemps)
1503,2024-05-21,Observation du 2024-05-21 (printemps)
1503,2024-05-27,Observation du 2024-05-27 (printemps)
1503,2024-05-29,Observation du 2024-05-29 (printemps)
1503,2024-06-05,Observation du 2024-06-05 (ete)
1503,2024-06-06,Observation du 2024-06-06 (ete)
1503,2024-06-14,Observation du 2024-06-14 (ete)
1503,2024-06-15,Observation du 2024-06-15 (ete)
1503,2024-06-16,Observation du 2024-06-16 (ete)
1503,2024-06-17,Observation du 2024-06-17 (ete)
1503,2024-06-20,Observation du 2024-06-20 (ete)
1503,2024-06-21,Observation du 2024-06-21 (ete)
1503,2024-06-22,Observation du 2024-06-22 (ete)
1503,2024-06-23,Observation du 2024-06-23 (ete)
1503,2024-06-25,Observation du 2024-06-25 (ete)
1504,2024-05-16,Observation du 2024-05-16 (printemps)
1504,2024-05-17,Observation du 2024-05-17 (printemps)
1504,2024-05-18,Observation du 2024-05-18 (printemps)
1504,2024-05-19,Observation du 2024-05-19 (printemps)
1504,2024-05-22,Observation du 2024-05-22 (printemps)
1504,2024-05-25,Observation du 2024-05-25 (printemps)
1504,2024-05-26,Observation du 2024-05-26 (printemps)
1504,2024-05-28,Observation du 2024-05-28 (printemps)
1504,2024-06-14,Observation du 2024-06-14 (ete)
1504,2024-06-15,Observation du 2024-06-15 (ete)
1504,2024-06-21,Observation du 2024-06-21 (ete)
1505,2024-05-18,Observation du 2024-05-18 (printemps)
1505,2024-05-22,Observation du 2024-05-22 (printemps)
1505,2024-05-28,Observation du 2024-05-28 (printemps)
1505,2024-05-30,Observation du 2024-05-30 (printemps)
1505,2024-06-11,Observation du 2024-06-11 (ete)
1505,2024-06-13,Observation du 2024-06-13 (ete)
1505,2024-06-14,Observation du 2024-06-14 (ete)
1505,2024-06-21,Observation du 2024-06-21 (ete)
1505,2024-06-23,Observation du 2024-06-23 (ete)
1505,2024-07-07,Observation du 2024-07-07 (ete)
1505,2024-07-08,Observation du 2024-07-08 (ete)
1505,2024-07-09,Observation du 2024-07-09 (ete)
1505,2024-07-14,Observation du 2024-07-14 (ete)
1505,2024-07-16,Observation du 2024-07-16 (ete)
1505,2024-07-19,Observation du 2024-07-19 (ete)
1505,2024-07-20,Observation du 2024-07-20 (ete)
1505,2024-07-23,Observation du 2024-07-23 (ete)
1505,2024-07-24,Observation du 2024-07-24 (ete)
1505,2024-07-27,Observation du 2024-07-27 (ete)
1505,2024-08-08,Observation du 2024-08-08 (ete)
1505,2024-08-11,Observation du 2024-08-11 (ete)
1505,2024-08-19,Observation du 2024-08-19 (ete)
1505,2024-09-02,Observation du 2024-09-02 (automne)
1505,2024-09-03,Observation du 2024-09-03 (automne)
1505,2024-09-05,Observation du 2024-09-05 (automne)
1505,2024-09-08,Observation du 2024-09-08 (automne)
1505,2024-09-10,Observation du 2024-09-10 (automne)
1505,2024-09-15,Observation du 2024-09-15 (automne)
1506,2024-05-17,Observation du 2024-05-17 (printemps)
1506,2024-05-28,Observation du 2024-05-28 (printemps)
1506,2024-05-30,Observation du 2024-05-30 (printemps)
1506,2024-05-31,Observation du 2024-05-31 (printemps)
1506,2024-06-05,Observation du 2024-06-05 (ete)
1506,2024-06-07,Observation du 2024-06-07 (ete)
1506,2024-06-10,Observation du 2024-06-10 (ete)
1506,2024-06-12,Observation du 2024-06-12 (ete)
1506,2024-06-13,Observation du 2024-06-13 (ete)
1506,2024-06-16,Observation du 2024-06-16 (ete)
1506,2024-06-17,Observation du 2024-06-17 (ete)
1506,2024-06-22,Observation du 2024-06-22 (ete)
1506,2024-06-24,Observation du 2024-06-24 (ete)
1506,2024-06-25,Observation du 2024-06-25 (ete)
1506,2024-07-01,Observation du 2024-07-01 (ete)
1506,2024-07-21,Observation du 2024-07-21 (ete)
1506,2024-08-14,Observation du 2024-08-14 (ete)
1506,2024-08-17,Observation du 2024-08-17 (ete)
1506,2024-08-24,Observation du 2024-08-24 (ete)
1506,2024-08-26,Observation du 2024-08-26 (ete)
1506,2024-08-27,Observation du 2024-08-27 (ete)
1506,2024-08-28,Observation du 2024-08-28 (ete)
1506,2024-09-01,Observation du 2024-09-01 (automne)
1506,2024-09-02,Observation du 2024-09-02 (automne)
1506,2024-09-05,Observation du 2024-09-05 (automne)
1506,2024-09-08,Observation du 2024-09-08 (automne)
1506,2024-09-18,Observation du 2024-09-18 (automne)
1506,2024-09-21,Observation du 2024-09-21 (automne)
1507,2024-05-11,Observation du 2024-05-11 (printemps)
1507,2024-05-15,Observation du 2024-05-15 (printemps)
1507,2024-05-22,Observation du 2024-05-22 (printemps)
1507,2024-05-25,Observation du 2024-05-25 (printemps)
1507,2024-05-26,Observation du 2024-05-26 (printemps)
1507,2024-05-27,Observation du 2024-05-27 (printemps)
1507,2024-05-29,Observation du 2024-05-29 (printemps)
1507,2024-06-01,Observation du 2024-06-01 (ete)
1507,2024-06-03,Observation du 2024-06-03 (ete)
1507,2024-06-09,Observation du 2024-06-09 (ete)
1507,2024-06-10,Observation du 2024-06-10 (ete)
1507,2024-06-11,Observation du 2024-06-11 (ete)
1507,2024-06-13,Observation du 2024-06-13 (ete)
1507,2024-06-14,Observation du 2024-06-14 (ete)
1507,2024-06-15,Observation du 2024-06-15 (ete)
1507,2024-06-21,Observation du 2024-06-21 (ete)
1507,2024-06-23,Observation du 2024-06-23 (ete)
1507,2024-06-28,Observation du 2024-06-28 (ete)
1507,2024-06-29,Observation du 2024-06-29 (ete)
1507,2024-07-01,Observation du 2024-07-01 (ete)
1507,2024-07-08,Observation du 2024-07-08 (ete)
1507,2024-07-12,Observation du 2024-07-12 (ete)
1507,2024-07-17,Observation du 2024-07-17 (ete)
1507,2024-07-31,Observation du 2024-07-31 (ete)
1507,2024-08-06,Observation du 2024-08-06 (ete)
1507,2024-08-10,Observation du 2024-08-10 (ete)
1507,2024-08-17,Observation du 2024-08-17 (ete)
1510,2024-05-10,Observation du 2024-05-10 (printemps)
1510,2024-05-12,Observation du 2024-05-12 (printemps)
1510,2024-05-15,Observation du 2024-05-15 (printemps)
1510,2024-05-21,Observation du 2024-05-21 (printemps)
1510,2024-05-24,Observation du 2024-05-24 (printemps)
1510,2024-05-27,Observation du 2024-05-27 (printemps)
1510,2024-05-30,Observation du 2024-05-30 (printemps)
1510,2024-06-04,Observation du 2024-06-04 (ete)
1510,2024-06-05,Observation du 2024-06-05 (ete)
1510,2024-06-10,Observation du 2024-06-10 (ete)
1510,2024-06-22,Observation du 2024-06-22 (ete)
1510,2024-06-26,Observation du 2024-06-26 (ete)
1510,2024-06-28,Observation du 2024-06-28 (ete)
1510,2024-06-29,Observation du 2024-06-29 (ete)
1510,2024-07-05,Observation du 2024-07-05 (ete)
1510,2024-07-09,Observation du 2024-07-09 (ete)
1510,2024-07-10,Observation du 2024-07-10 (ete)
1510,2024-07-12,Observation du 2024-07-12 (ete)
1510,2024-07-14,Observation du 2024-07-14 (ete)
1510,2024-07-18,Observation du 2024-07-18 (ete)
1510,2024-07-21,Observation du 2024-07-21 (ete)
1510,2024-07-26,Observation du 2024-07-26 (ete)
1510,2024-07-28,Observation du 2024-07-28 (ete)
1510,2024-07-30,Observation du 2024-07-30 (ete)
1510,2024-08-03,Observation du 2024-08-03 (ete)
1510,2024-08-07,Observation du 2024-08-07 (ete)
1510,2024-08-12,Observation du 2024-08-12 (ete)
1510,2024-08-13,Observation du 2024-08-13 (ete)
1510,2024-08-28,Observation du 2024-08-28 (ete)
1510,2024-08-31,Observation du 2024-08-31 (ete)
1510,2024-09-01,Observation du 2024-09-01 (automne)
1510,2024-09-02,Observation du 2024-09-02 (automne)
1510,2024-09-03,Observation du 2024-09-03 (automne)
1510,2024-09-05,Observation du 2024-09-05 (automne)
1510,2024-09-08,Observation du 2024-09-08 (automne)
1510,2024-09-11,Observation du 2024-09-11 (automne)
1510,2024-09-16,Observation du 2024-09-16 (automne)
1510,2024-09-23,Observation du 2024-09-23 (automne)
1512,2024-05-11,Observation du 2024-05-11 (printemps)
1512,2024-05-12,Observation du 2024-05-12 (printemps)
1512,2024-05-15,Observation du 2024-05-15 (printemps)
1512,2024-05-16,Observation du 2024-05-16 (printemps)
1512,2024-05-18,Observation du 2024-05-18 (printemps)
1512,2024-05-22,Observation du 2024-05-22 (printemps)
1512,2024-05-24,Observation du 2024-05-24 (printemps)
1512,2024-05-30,Observation du 2024-05-30 (printemps)
1512,2024-06-01,Observation du 2024-06-01 (ete)
1512,2024-06-11,Observation du 2024-06-11 (ete)
1512,2024-06-12,Observation du 2024-06-12 (ete)
1512,2024-06-17,Observation du 2024-06-17 (ete)
1512,2024-06-24,Observation du 2024-06-24 (ete)
1512,2024-06-25,Observation du 2024-06-25 (ete)
1512,2024-06-27,Observation du 2024-06-27 (ete)
1514,2024-05-14,Observation du 2024-05-14 (printemps)
1514,2024-05-15,Observation du 2024-05-15 (printemps)
1514,2024-05-16,Observation du 2024-05-16 (printemps)
1514,2024-05-18,Observation du 2024-05-18 (printemps)
1514,2024-05-19,Observation du 2024-05-19 (printemps)
1514,2024-05-20,Observation du 2024-05-20 (printemps)
1514,2024-05-25,Observation du 2024-05-25 (printemps)
1514,2024-05-26,Observation du 2024-05-26 (printemps)
1514,2024-06-05,Observation du 2024-06-05 (ete)
1514,2024-06-15,Observation du 2024-06-15 (ete)
1514,2024-06-18,Observation du 2024-06-18 (ete)
1514,2024-06-22,Observation du 2024-06-22 (ete)
1514,2024-06-23,Observation du 2024-06-23 (ete)
1514,2024-06-24,Observation du 2024-06-24 (ete)
1514,2024-06-26,Observation du 2024-06-26 (ete)
1514,2024-06-30,Observation du 2024-06-30 (ete)
1514,2024-07-10,Observation du 2024-07-10 (ete)
1514,2024-07-12,Observation du 2024-07-12 (ete)
1514,2024-07-14,Observation du 2024-07-14 (ete)
1514,2024-07-16,Observation du 2024-07-16 (ete)
1514,2024-07-24,Observation du 2024-07-24 (ete)
1514,2024-07-26,Observation du 2024-07-26 (ete)
1515,2024-05-17,Observation du 2024-05-17 (printemps)
1515,2024-05-18,Observation du 2024-05-18 (printemps)
1515,2024-05-20,Observation du 2024-05-20 (printemps)
1515,2024-05-21,Observation du 2024-05-21 (printemps)
1515,2024-05-25,Observation du 2024-05-25 (printemps)
1515,2024-05-26,Observation du 2024-05-26 (printemps)
1515,2024-05-27,Observation du 2024-05-27 (printemps)
1515,2024-05-28,Observation du 2024-05-28 (printemps)
1515,2024-05-31,Observation du 2024-05-31 (printemps)
1515,2024-06-01,Observation du 2024-06-01 (ete)
1515,2024-06-04,Observation du 2024-06-04 (ete)
1515,2024-06-12,Observation du 2024-06-12 (ete)
1515,2024-06-13,Observation du 2024-06-13 (ete)
1515,2024-06-17,Observation du 2024-06-17 (ete)
1515,2024-06-23,Observation du 2024-06-23 (ete)
1515,2024-06-25,Observation du 2024-06-25 (ete)
1515,2024-06-28,Observation du 2024-06-28 (ete)
1515,2024-07-06,Observation du 2024-07-06 (ete)
1515,2024-07-11,Observation du 2024-07-11 (ete)
1516,2024-05-17,Observation du 2024-05-17 (printemps)
1516,2024-05-20,Observation du 2024-05-20 (printemps)
1516,2024-05-21,Observation du 2024-05-21 (printemps)
1516,2024-05-24,Observation du 2024-05-24 (printemps)
1516,2024-05-28,Observation du 2024-05-28 (printemps)
1516,2024-06-02,Observation du 2024-06-02 (ete)
1516,2024-06-18,Observation du 2024-06-18 (ete)
1516,2024-06-24,Observation du 2024-06-24 (ete)
1516,2024-06-26,Observation du 2024-06-26 (ete)
1516,2024-07-01,Observation du 2024-07-01 (ete)
1517,2024-05-14,Observation du 2024-05-14 (printemps)
1517,2024-05-25,Observation du 2024-05-25 (printemps)
1517,2024-05-27,Observation du 2024-05-27 (printemps)
1517,2024-05-28,Observation du 2024-05-28 (printemps)
1517,2024-05-30,Observation du 2024-05-30 (printemps)
1517,2024-05-31,Observation du 2024-05-31 (printemps)
1517,2024-06-01,Observation du 2024-06-01 (ete)
1517,2024-06-08,Observation du 2024-06-08 (ete)
1517,2024-06-16,Observation du 2024-06-16 (ete)
1518,2024-05-19,Observation du 2024-05-19 (printemps)
1518,2024-05-21,Observation du 2024-05-21 (printemps)
1518,2024-05-24,Observation du 2024-05-24 (printemps)
1518,2024-05-27,Observation du 2024-05-27 (printemps)
1518,2024-06-01,Observation du 2024-06-01 (ete)
1518,2024-06-03,Observation du 2024-06-03 (ete)
1518,2024-06-05,Observation du 2024-06-05 (ete)
1518,2024-06-12,Observation du 2024-06-12 (ete)
1518,2024-06-13,Observation du 2024-06-13 (ete)
1518,2024-06-16,Observation du 2024-06-16 (ete)
1518,2024-06-20,Observation du 2024-06-20 (ete)
1518,2024-06-23,Observation du 2024-06-23 (ete)
1518,2024-06-24,Observation du 2024-06-24 (ete)
1518,2024-06-28,Observation du 2024-06-28 (ete)
1518,2024-06-30,Observation du 2024-06-30 (ete)
1518,2024-07-02,Observation du 2024-07-02 (ete)
1518,2024-07-11,Observation du 2024-07-11 (ete)
1518,2024-07-12,Observation du 2024-07-12 (ete)
1518,2024-07-13,Observation du 2024-07-13 (ete)
1518,2024-07-29,Observation du 2024-07-29 (ete)
1518,2024-07-30,Observation du 2024-07-30 (ete)
1518,2024-08-03,Observation du 2024-08-03 (ete)
1518,2024-08-05,Observation du 2024-08-05 (ete)
1518,2024-08-06,Observation du 2024-08-06 (ete)
1518,2024-08-07,Observation du 2024-08-07 (ete)
1518,2024-08-08,Observation du 2024-08-08 (ete)
1518,2024-08-09,Observation du 2024-08-09 (ete)
1518,2024-08-11,Observation du 2024-08-11 (ete)
1518,2024-08-13,Observation du 2024-08-13 (ete)
1518,2024-08-15,Observation du 2024-08-15 (ete)
1518,2024-08-24,Observation du 2024-08-24 (ete)
1518,2024-08-25,Observation du 2024-08-25 (ete)
1518,2024-08-27,Observation du 2024-08-27 (ete)
1518,2024-09-01,Observation du 2024-09-01 (automne)
1518,2024-09-04,Observation du 2024-09-04 (automne)
1518,2024-09-07,Observation du 2024-09-07 (automne)
1518,2024-09-08,Observation du 2024-09-08 (automne)
1518,2024-09-12,Observation du 2024-09-12 (automne)
1518,2024-09-14,Observation du 2024-09-14 (automne)
1518,2024-09-15,Observation du 2024-09-15 (automne)
1518,2024-09-20,Observation du 2024-09-20 (automne)
1518,2024-09-21,Observation du 2024-09-21 (automne)
1518,2024-09-29,Observation du 2024-09-29 (automne)
1518,2024-09-30,Observation du 2024-09-30 (automne)
1519,2024-05-17,Observation du 2024-05-17 (printemps)
1519,2024-05-20,Observation du 2024-05-20 (printemps)
1519,2024-05-22,Observation du 2024-05-22 (printemps)
1519,2024-05-31,Observation du 2024-05-31 (printemps)
1519,2024-06-03,Observation du 2024-06-03 (ete)
1519,2024-06-04,Observation du 2024-06-04 (ete)
1519,2024-06-14,Observation du 2024-06-14 (ete)
1519,2024-06-17,Observation du 2024-06-17 (ete)
1519,2024-06-19,Observation du 2024-06-19 (ete)
1519,2024-06-20,Observation du 2024-06-20 (ete)
1519,2024-06-21,Observation du 2024-06-21 (ete)
1519,2024-06-29,Observation du 2024-06-29 (ete)
1519,2024-07-07,Observation du 2024-07-07 (ete)
1519,2024-07-14,Observation du 2024-07-14 (ete)
1519,2024-07-18,Observation du 2024-07-18 (ete)
1519,2024-07-26,Observation du 2024-07-26 (ete)
1519,2024-07-28,Observation du 2024-07-28 (ete)
1519,2024-07-31,Observation du 2024-07-31 (ete)
1519,2024-08-12,Observation du 2024-08-12 (ete)
1519,2024-08-15,Observation du 2024-08-15 (ete)
1519,2024-08-16,Observation du 2024-08-16 (ete)
1519,2024-08-19,Observation du 2024-08-19 (ete)
1519,2024-08-21,Observation du 2024-08-21 (ete)
1519,2024-08-23,Observation du 2024-08-23 (ete)
1519,2024-08-24,Observation du 2024-08-24 (ete)
1519,2024-08-25,Observation du 2024-08-25 (ete)
1519,2024-08-27,Observation du 2024-08-27 (ete)
1519,2024-09-02,Observation du 2024-09-02 (automne)
1519,2024-09-03,Observation du 2024-09-03 (automne)
1519,2024-09-05,Observation du 2024-09-05 (automne)
1523,2024-05-24,Observation du 2024-05-24 (printemps)
1523,2024-05-28,Observation du 2024-05-28 (printemps)
1523,2024-05-29,Observation du 2024-05-29 (printemps)
1523,2024-05-31,Observation du 2024-05-31 (printemps)
1523,2024-06-04,Observation du 2024-06-04 (ete)
1523,2024-06-08,Observation du 2024-06-08 (ete)
1523,2024-06-10,Observation du 2024-06-10 (ete)
1523,2024-06-15,Observation du 2024-06-15 (ete)
1523,2024-06-18,Observation du 2024-06-18 (ete)
1523,2024-06-23,Observation du 2024-06-23 (ete)
1523,2024-06-26,Observation du 2024-06-26 (ete)
1523,2024-06-28,Observation du 2024-06-28 (ete)
1523,2024-06-29,Observation du 2024-06-29 (ete)
1523,2024-07-01,Observation du 2024-07-01 (ete)
1523,2024-07-07,Observation du 2024-07-07 (ete)
1523,2024-07-09,Observation du 2024-07-09 (ete)
1523,2024-07-16,Observation du 2024-07-16 (ete)
1523,2024-07-17,Observation du 2024-07-17 (ete)
1523,2024-07-18,Observation du 2024-07-18 (ete)
1523,2024-07-19,Observation du 2024-07-19 (ete)
1523,2024-07-20,Observation du 2024-07-20 (ete)
1523,2024-07-23,Observation du 2024-07-23 (ete)
1523,2024-07-29,Observation du 2024-07-29 (ete)
1523,2024-07-31,Observation du 2024-07-31 (ete)
1524,2024-05-18,Observation du 2024-05-18 (printemps)
1524,2024-05-22,Observation du 2024-05-22 (printemps)
1524,2024-05-29,Observation du 2024-05-29 (printemps)
1524,2024-06-01,Observation du 2024-06-01 (ete)
1524,2024-06-04,Observation du 2024-06-04 (ete)
1524,2024-06-06,Observation du 2024-06-06 (ete)
1524,2024-06-18,Observation du 2024-06-18 (ete)
1524,2024-06-24,Observation du 2024-06-24 (ete)
1524,2024-06-29,Observation du 2024-06-29 (ete)
1524,2024-06-30,Observation du 2024-06-30 (ete)
1524,2024-07-01,Observation du 2024-07-01 (ete)
1524,2024-07-02,Observation du 2024-07-02 (ete)
1524,2024-07-06,Observation du 2024-07-06 (ete)
1524,2024-07-15,Observation du 2024-07-15 (ete)
1526,2024-05-11,Observation du 2024-05-11 (printemps)
1526,2024-05-12,Observation du 2024-05-12 (printemps)
1526,2024-05-14,Observation du 2024-05-14 (printemps)
1526,2024-05-21,Observation du 2024-05-21 (printemps)
1526,2024-05-23,Observation du 2024-05-23 (printemps)
1526,2024-05-28,Observation du 2024-05-28 (printemps)
1526,2024-06-01,Observation du 2024-06-01 (ete)
1526,2024-06-02,Observation du 2024-06-02 (ete)
1526,2024-06-09,Observation du 2024-06-09 (ete)
1526,2024-06-10,Observation du 2024-06-10 (ete)
1526,2024-06-17,Observation du 2024-06-17 (ete)
1526,2024-06-25,Observation du 2024-06-25 (ete)
1526,2024-06-30,Observation du 2024-06-30 (ete)
1526,2024-07-06,Observation du 2024-07-06 (ete)
1526,2024-07-09,Observation du 2024-07-09 (ete)
1526,2024-07-14,Observation du 2024-07-14 (ete)
1526,2024-07-26,Observation du 2024-07-26 (ete)
1526,2024-08-06,Observation du 2024-08-06 (ete)
1526,2024-08-07,Observation du 2024-08-07 (ete)
1526,2024-08-11,Observation du 2024-08-11 (ete)
1526,2024-08-15,Observation du 2024-08-15 (ete)
1526,2024-08-18,Observation du 2024-08-18 (ete)
1526,2024-08-22,Observation du 2024-08-22 (ete)
1526,2024-08-25,Observation du 2024-08-25 (ete)
1526,2024-09-03,Observation du 2024-09-03 (automne)
1526,2024-09-08,Observation du 2024-09-08 (automne)
1526,2024-09-09,Observation du 2024-09-09 (automne)
1526,2024-09-13,Observation du 2024-09-13 (automne)
1528,2024-05-11,Observation du 2024-05-11 (printemps)
1528,2024-05-12,Observation du 2024-05-12 (printemps)
1528,2024-05-13,Observation du 2024-05-13 (printemps)
1528,2024-05-18,Observation du 2024-05-18 (printemps)
1528,2024-05-20,Observation du 2024-05-20 (printemps)
1528,2024-05-25,Observation du 2024-05-25 (printemps)
1528,2024-05-26,Observation du 2024-05-26 (printemps)
1528,2024-05-27,Observation du 2024-05-27 (printemps)
1528,2024-05-28,Observation du 2024-05-28 (printemps)
1528,2024-05-30,Observation du 2024-05-30 (printemps)
1528,2024-05-31,Observation du 2024-05-31 (printemps)
1528,2024-06-03,Observation du 2024-06-03 (ete)
1528,2024-06-05,Observation du 2024-06-05 (ete)
1528,2024-06-12,Observation du 2024-06-12 (ete)
1528,2024-06-13,Observation du 2024-06-13 (ete)
1528,2024-06-18,Observation du 2024-06-18 (ete)
1528,2024-06-19,Observation du 2024-06-19 (ete)
1528,2024-07-05,Observation du 2024-07-05 (ete)
1528,2024-07-06,Observation du 2024-07-06 (ete)
1528,2024-07-12,Observation du 2024-07-12 (ete)
1528,2024-07-16,Observation du 2024-07-16 (ete)
1528,2024-07-18,Observation du 2024-07-18 (ete)
1528,2024-07-20,Observation du 2024-07-20 (ete)
1528,2024-07-21,Observation du 2024-07-21 (ete)
1528,2024-08-04,Observation du 2024-08-04 (ete)
1528,2024-08-05,Observation du 2024-08-05 (ete)
1528,2024-08-08,Observation du 2024-08-08 (ete)
1528,2024-08-11,Observation du 2024-08-11 (ete)
1528,2024-08-12,Observation du 2024-08-12 (ete)
1528,2024-08-13,Observation du 2024-08-13 (ete)
1528,2024-08-15,Observation du 2024-08-15 (ete)
1528,2024-08-16,Observation du 2024-08-16 (ete)
1528,2024-08-18,Observation du 2024-08-18 (ete)
1528,2024-08-19,Observation du 2024-08-19 (ete)
1528,2024-08-22,Observation du 2024-08-22 (ete)
1529,2024-05-17,Observation du 2024-05-17 (printemps)
1529,2024-05-19,Observation du 2024-05-19 (printemps)
1529,2024-05-21,Observation du 2024-05-21 (printemps)
1529,2024-05-25,Observation du 2024-05-25 (printemps)
1529,2024-05-27,Observation du 2024-05-27 (printemps)
1529,2024-05-28,Observation du 2024-05-28 (printemps)
1529,2024-05-30,Observation du 2024-05-30 (printemps)
1529,2024-06-02,Observation du 2024-06-02 (ete)
1529,2024-06-09,Observation du 2024-06-09 (ete)
1529,2024-06-13,Observation du 2024-06-13 (ete)
1529,2024-06-15,Observation du 2024-06-15 (ete)
1529,2024-06-16,Observation du 2024-06-16 (ete)
1529,2024-06-25,Observation du 2024-06-25 (ete)
1529,2024-06-29,Observation du 2024-06-29 (ete)
1529,2024-07-08,Observation du 2024-07-08 (ete)
1529,2024-07-12,Observation du 2024-07-12 (ete)
1529,2024-07-14,Observation du 2024-07-14 (ete)
1529,2024-07-18,Observation du 2024-07-18 (ete)
1529,2024-07-19,Observation du 2024-07-19 (ete)
1529,2024-08-10,Observation du 2024-08-10 (ete)
1529,2024-08-14,Observation du 2024-08-14 (ete)
1529,2024-08-15,Observation du 2024-08-15 (ete)
1529,2024-08-17,Observation du 2024-08-17 (ete)
1529,2024-08-21,Observation du 2024-08-21 (ete)
1529,2024-08-24,Observation du 2024-08-24 (ete)
1529,2024-08-25,Observation du 2024-08-25 (ete)
1529,2024-08-29,Observation du 2024-08-29 (ete)
1529,2024-08-30,Observation du 2024-08-30 (ete)
1529,2024-09-01,Observation du 2024-09-01 (automne)
1529,2024-09-09,Observation du 2024-09-09 (automne)
1529,2024-09-15,Observation du 2024-09-15 (automne)
1529,2024-09-16,Observation du 2024-09-16 (automne)
1529,2024-09-18,Observation du 2024-09-18 (automne)
1529,2024-09-19,Observation du 2024-09-19 (automne)
1529,2024-09-27,Observation du 2024-09-27 (automne)
1529,2024-09-28,Observation du 2024-09-28 (automne)
1529,2024-09-30,Observation du 2024-09-30 (automne)
1530,2024-05-08,Observation du 2024-05-08 (printemps)
1530,2024-05-11,Observation du 2024-05-11 (printemps)
1530,2024-05-12,Observation du 2024-05-12 (printemps)
1530,2024-05-15,Observation du 2024-05-15 (printemps)
1530,2024-05-16,Observation du 2024-05-16 (printemps)
1530,2024-05-18,Observation du 2024-05-18 (printemps)
1530,2024-05-22,Observation du 2024-05-22 (printemps)
1530,2024-05-25,Observation du 2024-05-25 (printemps)
1530,2024-05-26,Observation du 2024-05-26 (printemps)
1530,2024-05-31,Observation du 2024-05-31 (printemps)
1530,2024-06-01,Observation du 2024-06-01 (ete)
1530,2024-06-09,Observation du 2024-06-09 (ete)
1530,2024-06-16,Observation du 2024-06-16 (ete)
1530,2024-06-21,Observation du 2024-06-21 (ete)
1530,2024-06-26,Observation du 2024-06-26 (ete)
1530,2024-06-28,Observation du 2024-06-28 (ete)
1530,2024-07-04,Observation du 2024-07-04 (ete)
1530,2024-07-06,Observation du 2024-07-06 (ete)
1530,2024-07-08,Observation du 2024-07-08 (ete)
1530,2024-07-09,Observation du 2024-07-09 (ete)
1530,2024-07-11,Observation du 2024-07-11 (ete)
1530,2024-07-12,Observation du 2024-07-12 (ete)
1530,2024-07-14,Observation du 2024-07-14 (ete)
1530,2024-07-16,Observation du 2024-07-16 (ete)
1530,2024-07-18,Observation du 2024-07-18 (ete)
1530,2024-07-27,Observation du 2024-07-27 (ete)
1530,2024-07-28,Observation du 2024-07-28 (ete)
1530,2024-07-29,Observation du 2024-07-29 (ete)
1530,2024-08-03,Observation du 2024-08-03 (ete)
1530,2024-08-06,Observation du 2024-08-06 (ete)
1530,2024-08-10,Observation du 2024-08-10 (ete)
1530,2024-08-12,Observation du 2024-08-12 (ete)
1530,2024-08-20,Observation du 2024-08-20 (ete)
1530,2024-08-23,Observation du 2024-08-23 (ete)
1530,2024-08-30,Observation du 2024-08-30 (ete)
1530,2024-09-15,Observation du 2024-09-15 (automne)
1530,2024-09-21,Observation du 2024-09-21 (automne)
1530,2024-09-24,Observation du 2024-09-24 (automne)
1531,2024-05-19,Observation du 2024-05-19 (printemps)
1531,2024-05-22,Observation du 2024-05-22 (printemps)
1531,2024-05-24,Observation du 2024-05-24 (printemps)
1531,2024-05-26,Observation du 2024-05-26 (printemps)
1531,2024-05-29,Observation du 2024-05-29 (printemps)
1531,2024-05-30,Observation du 2024-05-30 (printemps)
1531,2024-06-01,Observation du 2024-06-01 (ete)
1531,2024-06-02,Observation du 2024-06-02 (ete)
1531,2024-06-06,Observation du 2024-06-06 (ete)
1531,2024-06-17,Observation du 2024-06-17 (ete)
1531,2024-06-18,Observation du 2024-06-18 (ete)
1531,2024-06-21,Observation du 2024-06-21 (ete)
1531,2024-06-25,Observation du 2024-06-25 (ete)
1531,2024-06-27,Observation du 2024-06-27 (ete)
1531,2024-06-29,Observation du 2024-06-29 (ete)
1531,2024-07-02,Observation du 2024-07-02 (ete)
1531,2024-07-03,Observation du 2024-07-03 (ete)
1531,2024-07-09,Observation du 2024-07-09 (ete)
1531,2024-07-10,Observation du 2024-07-10 (ete)
1531,2024-07-11,Observation du 2024-07-11 (ete)
1531,2024-07-13,Observation du 2024-07-13 (ete)
1531,2024-07-15,Observation du 2024-07-15 (ete)
1531,2024-07-16,Observation du 2024-07-16 (ete)
1531,2024-07-22,Observation du 2024-07-22 (ete)
1531,2024-07-27,Observation du 2024-07-27 (ete)
1531,2024-08-03,Observation du 2024-08-03 (ete)
1531,2024-08-12,Observation du 2024-08-12 (ete)
1531,2024-08-14,Observation du 2024-08-14 (ete)
1531,2024-08-15,Observation du 2024-08-15 (ete)
1531,2024-08-16,Observation du 2024-08-16 (ete)
1531,2024-08-19,Observation du 2024-08-19 (ete)
1531,2024-08-20,Observation du 2024-08-20 (ete)
1531,2024-09-01,Observation du 2024-09-01 (automne)
1531,2024-09-06,Observation du 2024-09-06 (automne)
1531,2024-09-07,Observation du 2024-09-07 (automne)
1531,2024-09-25,Observation du 2024-09-25 (automne)
1531,2024-09-27,Observation du 2024-09-27 (automne)
1531,2024-09-30,Observation du 2024-09-30 (automne)
1532,2024-05-21,Observation du 2024-05-21 (printemps)
1532,2024-05-24,Observation du 2024-05-24 (printemps)
1532,2024-06-02,Observation du 2024-06-02 (ete)
1532,2024-06-09,Observation du 2024-06-09 (ete)
1532,2024-06-13,Observation du 2024-06-13 (ete)
1532,2024-06-15,Observation du 2024-06-15 (ete)
1532,2024-06-20,Observation du 2024-06-20 (ete)
1533,2024-05-14,Observation du 2024-05-14 (printemps)
1533,2024-05-16,Observation du 2024-05-16 (printemps)
1533,2024-05-17,Observation du 2024-05-17 (printemps)
1533,2024-05-18,Observation du 2024-05-18 (printemps)
1533,2024-05-19,Observation du 2024-05-19 (printemps)
1533,2024-05-20,Observation du 2024-05-20 (printemps)
1533,2024-05-21,Observation du 2024-05-21 (printemps)
1533,2024-05-24,Observation du 2024-05-24 (printemps)
1533,2024-05-25,Observation du 2024-05-25 (printemps)
1533,2024-05-26,Observation du 2024-05-26 (printemps)
1533,2024-05-30,Observation du 2024-05-30 (printemps)
1533,2024-06-08,Observation du 2024-06-08 (ete)
1533,2024-06-13,Observation du 2024-06-13 (ete)
1533,2024-06-15,Observation du 2024-06-15 (ete)
1533,2024-06-20,Observation du 2024-06-20 (ete)
1533,2024-06-23,Observation du 2024-06-23 (ete)
1533,2024-06-27,Observation du 2024-06-27 (ete)
1533,2024-07-07,Observation du 2024-07-07 (ete)
1533,2024-07-08,Observation du 2024-07-08 (ete)
1533,2024-07-10,Observation du 2024-07-10 (ete)
1533,2024-07-11,Observation du 2024-07-11 (ete)
1533,2024-07-15,Observation du 2024-07-15 (ete)
1533,2024-07-19,Observation du 2024-07-19 (ete)
1533,2024-07-20,Observation du 2024-07-20 (ete)
1533,2024-07-26,Observation du 2024-07-26 (ete)
1533,2024-07-31,Observation du 2024-07-31 (ete)
1533,2024-08-01,Observation du 2024-08-01 (ete)
1533,2024-08-04,Observation du 2024-08-04 (ete)
1533,2024-08-07,Observation du 2024-08-07 (ete)
1533,2024-08-10,Observation du 2024-08-10 (ete)
1533,2024-08-11,Observation du 2024-08-11 (ete)
1533,2024-08-13,Observation du 2024-08-13 (ete)
1533,2024-08-16,Observation du 2024-08-16 (ete)
1533,2024-08-22,Observation du 2024-08-22 (ete)
1533,2024-08-26,Observation du 2024-08-26 (ete)
1533,2024-08-27,Observation du 2024-08-27 (ete)
1534,2024-05-19,Observation du 2024-05-19 (printemps)
1534,2024-05-20,Observation du 2024-05-20 (printemps)
1534,2024-05-21,Observation du 2024-05-21 (printemps)
1534,2024-05-25,Observation du 2024-05-25 (printemps)
1534,2024-05-27,Observation du 2024-05-27 (printemps)
1534,2024-05-30,Observation du 2024-05-30 (printemps)
1534,2024-06-08,Observation du 2024-06-08 (ete)
1534,2024-06-11,Observation du 2024-06-11 (ete)
1534,2024-06-15,Observation du 2024-06-15 (ete)
1534,2024-06-29,Observation du 2024-06-29 (ete)
1534,2024-07-03,Observation du 2024-07-03 (ete)
1534,2024-07-04,Observation du 2024-07-04 (ete)
1534,2024-07-11,Observation du 2024-07-11 (ete)
1534,2024-07-12,Observation du 2024-07-12 (ete)
1535,2024-05-14,Observation du 2024-05-14 (printemps)
1535,2024-05-20,Observation du 2024-05-20 (printemps)
1535,2024-05-21,Observation du 2024-05-21 (printemps)
1535,2024-05-23,Observation du 2024-05-23 (printemps)
1535,2024-05-26,Observation du 2024-05-26 (printemps)
1535,2024-05-27,Observation du 2024-05-27 (printemps)
1535,2024-05-30,Observation du 2024-05-30 (printemps)
1535,2024-06-01,Observation du 2024-06-01 (ete)
1535,2024-06-02,Observation du 2024-06-02 (ete)
1535,2024-06-14,Observation du 2024-06-14 (ete)
1535,2024-06-15,Observation du 2024-06-15 (ete)
1535,2024-06-18,Observation du 2024-06-18 (ete)
1535,2024-06-22,Observation du 2024-06-22 (ete)
1535,2024-06-26,Observation du 2024-06-26 (ete)
1535,2024-06-27,Observation du 2024-06-27 (ete)
1535,2024-07-16,Observation du 2024-07-16 (ete)
1535,2024-07-22,Observation du 2024-07-22 (ete)
1535,2024-07-23,Observation du 2024-07-23 (ete)
1535,2024-07-26,Observation du 2024-07-26 (ete)
1535,2024-08-07,Observation du 2024-08-07 (ete)
1535,2024-08-14,Observation du 2024-08-14 (ete)
1535,2024-08-17,Observation du 2024-08-17 (ete)
1535,2024-08-23,Observation du 2024-08-23 (ete)
1535,2024-08-26,Observation du 2024-08-26 (ete)
1535,2024-08-28,Observation du 2024-08-28 (ete)
1535,2024-08-29,Observation du 2024-08-29 (ete)
1535,2024-08-30,Observation du 2024-08-30 (ete)
1535,2024-09-02,Observation du 2024-09-02 (automne)
1535,2024-09-09,Observation du 2024-09-09 (automne)
1535,2024-09-14,Observation du 2024-09-14 (automne)
1535,2024-09-15,Observation du 2024-09-15 (automne)
1535,2024-09-16,Observation du 2024-09-16 (automne)
1535,2024-09-17,Observation du 2024-09-17 (automne)
1535,2024-09-18,Observation du 2024-09-18 (automne)
1535,2024-09-20,Observation du 2024-09-20 (automne)
1535,2024-09-23,Observation du 2024-09-23 (automne)
1535,2024-09-26,Observation du 2024-09-26 (automne)
1535,2024-09-28,Observation du 2024-09-28 (automne)
1535,2024-09-29,Observation du 2024-09-29 (automne)
1536,2024-05-16,Observation du 2024-05-16 (printemps)
1536,2024-05-17,Observation du 2024-05-17 (printemps)
1536,2024-05-26,Observation du 2024-05-26 (printemps)
1536,2024-05-28,Observation du 2024-05-28 (printemps)
1536,2024-05-30,Observation du 2024-05-30 (printemps)
1536,2024-05-31,Observation du 2024-05-31 (printemps)
1536,2024-06-07,Observation du 2024-06-07 (ete)
1536,2024-06-11,Observation du 2024-06-11 (ete)
1536,2024-06-13,Observation du 2024-06-13 (ete)
1536,2024-06-15,Observation du 2024-06-15 (ete)
1536,2024-06-18,Observation du 2024-06-18 (ete)
1536,2024-06-23,Observation du 2024-06-23 (ete)
1536,2024-06-27,Observation du 2024-06-27 (ete)
1536,2024-07-03,Observation du 2024-07-03 (ete)
1536,2024-07-04,Observation du 2024-07-04 (ete)
1538,2024-05-14,Observation du 2024-05-14 (printemps)
1538,2024-05-15,Observation du 2024-05-15 (printemps)
1538,2024-05-18,Observation du 2024-05-18 (printemps)
1538,2024-05-20,Observation du 2024-05-20 (printemps)
1538,2024-05-22,Observation du 2024-05-22 (printemps)
1538,2024-05-23,Observation du 2024-05-23 (printemps)
1538,2024-05-25,Observation du 2024-05-25 (printemps)
1538,2024-06-11,Observation du 2024-06-11 (ete)
1538,2024-06-16,Observation du 2024-06-16 (ete)
1539,2024-05-10,Observation du 2024-05-10 (printemps)
1539,2024-05-18,Observation du 2024-05-18 (printemps)
1539,2024-05-20,Observation du 2024-05-20 (printemps)
1539,2024-05-21,Observation du 2024-05-21 (printemps)
1539,2024-05-23,Observation du 2024-05-23 (printemps)
1539,2024-05-24,Observation du 2024-05-24 (printemps)
1539,2024-05-26,Observation du 2024-05-26 (printemps)
1539,2024-06-04,Observation du 2024-06-04 (ete)
1539,2024-06-14,Observation du 2024-06-14 (ete)
1539,2024-06-18,Observation du 2024-06-18 (ete)
1539,2024-06-21,Observation du 2024-06-21 (ete)
1539,2024-06-23,Observation du 2024-06-23 (ete)
1539,2024-06-25,Observation du 2024-06-25 (ete)
1539,2024-06-27,Observation du 2024-06-27 (ete)
1539,2024-06-29,Observation du 2024-06-29 (ete)
1539,2024-07-01,Observation du 2024-07-01 (ete)
1539,2024-07-04,Observation du 2024-07-04 (ete)
1539,2024-07-08,Observation du 2024-07-08 (ete)
1539,2024-08-09,Observation du 2024-08-09 (ete)
1539,2024-08-13,Observation du 2024-08-13 (ete)
1539,2024-08-21,Observation du 2024-08-21 (ete)
1539,2024-08-26,Observation du 2024-08-26 (ete)
1539,2024-08-28,Observation du 2024-08-28 (ete)
1539,2024-08-31,Observation du 2024-08-31 (ete)
1539,2024-09-02,Observation du 2024-09-02 (automne)
1539,2024-09-05,Observation du 2024-09-05 (automne)
1539,2024-09-12,Observation du 2024-09-12 (automne)
1539,2024-09-13,Observation du 2024-09-13 (automne)
1539,2024-09-14,Observation du 2024-09-14 (automne)
1541,2024-05-13,Observation du 2024-05-13 (printemps)
1541,2024-05-15,Observation du 2024-05-15 (printemps)
1541,2024-05-16,Observation du 2024-05-16 (printemps)
1541,2024-05-21,Observation du 2024-05-21 (printemps)
1541,2024-05-26,Observation du 2024-05-26 (printemps)
1541,2024-05-27,Observation du 2024-05-27 (printemps)
1541,2024-05-28,Observation du 2024-05-28 (printemps)
1541,2024-05-31,Observation du 2024-05-31 (printemps)
1541,2024-06-09,Observation du 2024-06-09 (ete)
1541,2024-06-11,Observation du 2024-06-11 (ete)
1541,2024-06-15,Observation du 2024-06-15 (ete)
1541,2024-06-25,Observation du 2024-06-25 (ete)
1541,2024-06-26,Observation du 2024-06-26 (ete)
1541,2024-06-30,Observation du 2024-06-30 (ete)
1541,2024-07-01,Observation du 2024-07-01 (ete)
1541,2024-07-06,Observation du 2024-07-06 (ete)
1541,2024-07-08,Observation du 2024-07-08 (ete)
1541,2024-07-09,Observation du 2024-07-09 (ete)
1542,2024-05-19,Observation du 2024-05-19 (printemps)
1542,2024-05-21,Observation du 2024-05-21 (printemps)
1542,2024-05-25,Observation du 2024-05-25 (printemps)
1542,2024-05-28,Observation du 2024-05-28 (printemps)
1542,2024-05-29,Observation du 2024-05-29 (printemps)
1542,2024-05-31,Observation du 2024-05-31 (printemps)
1542,2024-06-04,Observation du 2024-06-04 (ete)
1542,2024-06-08,Observation du 2024-06-08 (ete)
1542,2024-06-12,Observation du 2024-06-12 (ete)
1542,2024-06-21,Observation du 2024-06-21 (ete)
1542,2024-06-24,Observation du 2024-06-24 (ete)
1542,2024-06-25,Observation du 2024-06-25 (ete)
1542,2024-06-30,Observation du 2024-06-30 (ete)
1542,2024-07-05,Observation du 2024-07-05 (ete)
1542,2024-07-08,Observation du 2024-07-08 (ete)
1542,2024-07-11,Observation du 2024-07-11 (ete)
1542,2024-07-12,Observation du 2024-07-12 (ete)
1542,2024-07-18,Observation du 2024-07-18 (ete)
1542,2024-07-19,Observation du 2024-07-19 (ete)
1542,2024-07-21,Observation du 2024-07-21 (ete)
1542,2024-07-23,Observation du 2024-07-23 (ete)
1543,2024-05-16,Observation du 2024-05-16 (printemps)
1543,2024-05-22,Observation du 2024-05-22 (printemps)
1543,2024-05-23,Observation du 2024-05-23 (printemps)
1543,2024-05-24,Observation du 2024-05-24 (printemps)
1543,2024-05-25,Observation du 2024-05-25 (printemps)
1543,2024-06-04,Observation du 2024-06-04 (ete)
1543,2024-06-08,Observation du 2024-06-08 (ete)
1543,2024-06-09,Observation du 2024-06-09 (ete)
1543,2024-06-11,Observation du 2024-06-11 (ete)
1543,2024-06-12,Observation du 2024-06-12 (ete)
1543,2024-06-18,Observation du 2024-06-18 (ete)
1543,2024-06-20,Observation du 2024-06-20 (ete)
1543,2024-06-24,Observation du 2024-06-24 (ete)
1543,2024-06-28,Observation du 2024-06-28 (ete)
1543,2024-07-02,Observation du 2024-07-02 (ete)
1543,2024-07-03,Observation du 2024-07-03 (ete)
1543,2024-07-05,Observation du 2024-07-05 (ete)
1543,2024-07-13,Observation du 2024-07-13 (ete)
1543,2024-07-15,Observation du 2024-07-15 (ete)
1543,2024-07-23,Observation du 2024-07-23 (ete)
1543,2024-07-25,Observation du 2024-07-25 (ete)
1543,2024-07-29,Observation du 2024-07-29 (ete)
1543,2024-07-30,Observation du 2024-07-30 (ete)
1543,2024-08-04,Observation du 2024-08-04 (ete)
1543,2024-08-13,Observation du 2024-08-13 (ete)
1543,2024-08-16,Observation du 2024-08-16 (ete)
1543,2024-08-21,Observation du 2024-08-21 (ete)
1543,2024-08-23,Observation du 2024-08-23 (ete)
1543,2024-08-28,Observation du 2024-08-28 (ete)
1543,2024-08-30,Observation du 2024-08-30 (ete)
1543,2024-09-04,Observation du 2024-09-04 (automne)
1543,2024-09-06,Observation du 2024-09-06 (automne)
1543,2024-09-09,Observation du 2024-09-09 (automne)
1543,2024-09-20,Observation du 2024-09-20 (automne)
1543,2024-09-22,Observation du 2024-09-22 (automne)
1543,2024-09-25,Observation du 2024-09-25 (automne)
1543,2024-09-27,Observation du 2024-09-27 (automne)
1543,2024-09-30,Observation du 2024-09-30 (automne)
1545,2024-05-13,Observation du 2024-05-13 (printemps)
1545,2024-05-14,Observation du 2024-05-14 (printemps)
1545,2024-05-18,Observation du 2024-05-18 (printemps)
1545,2024-05-19,Observation du 2024-05-19 (printemps)
1545,2024-05-20,Observation du 2024-05-20 (printemps)
1545,2024-05-21,Observation du 2024-05-21 (printemps)
1545,2024-05-26,Observation du 2024-05-26 (printemps)
1545,2024-05-28,Observation du 2024-05-28 (printemps)
1545,2024-05-30,Observation du 2024-05-30 (printemps)
1545,2024-06-07,Observation du 2024-06-07 (ete)
1545,2024-06-19,Observation du 2024-06-19 (ete)
1545,2024-06-20,Observation du 2024-06-20 (ete)
1545,2024-06-25,Observation du 2024-06-25 (ete)
1545,2024-06-29,Observation du 2024-06-29 (ete)
1545,2024-07-02,Observation du 2024-07-02 (ete)
1545,2024-07-03,Observation du 2024-07-03 (ete)
1545,2024-07-04,Observation du 2024-07-04 (ete)
1545,2024-07-05,Observation du 2024-07-05 (ete)
1545,2024-07-06,Observation du 2024-07-06 (ete)
1545,2024-07-08,Observation du 2024-07-08 (ete)
1545,2024-07-09,Observation du 2024-07-09 (ete)
1545,2024-07-14,Observation du 2024-07-14 (ete)
1545,2024-07-18,Observation du 2024-07-18 (ete)
1545,2024-07-21,Observation du 2024-07-21 (ete)
1545,2024-07-29,Observation du 2024-07-29 (ete)
1545,2024-08-01,Observation du 2024-08-01 (ete)
1545,2024-08-09,Observation du 2024-08-09 (ete)
1545,2024-08-11,Observation du 2024-08-11 (ete)
1545,2024-08-12,Observation du 2024-08-12 (ete)
1545,2024-08-13,Observation du 2024-08-13 (ete)
1545,2024-08-16,Observation du 2024-08-16 (ete)
1545,2024-08-21,Observation du 2024-08-21 (ete)
1545,2024-08-22,Observation du 2024-08-22 (ete)
1545,2024-08-24,Observation du 2024-08-24 (ete)
1545,2024-08-26,Observation du 2024-08-26 (ete)
1545,2024-08-31,Observation du 2024-08-31 (ete)
1547,2024-05-13,Observation du 2024-05-13 (printemps)
1547,2024-05-23,Observation du 2024-05-23 (printemps)
1547,2024-05-27,Observation du 2024-05-27 (printemps)
1547,2024-05-28,Observation du 2024-05-28 (printemps)
1547,2024-05-30,Observation du 2024-05-30 (printemps)
1547,2024-06-01,Observation du 2024-06-01 (ete)
1547,2024-06-07,Observation du 2024-06-07 (ete)
1547,2024-06-11,Observation du 2024-06-11 (ete)
1547,2024-06-18,Observation du 2024-06-18 (ete)
1547,2024-06-20,Observation du 2024-06-20 (ete)
1548,2024-05-19,Observation du 2024-05-19 (printemps)
1548,2024-05-21,Observation du 2024-05-21 (printemps)
1548,2024-05-22,Observation du 2024-05-22 (printemps)
1548,2024-05-27,Observation du 2024-05-27 (printemps)
1548,2024-05-29,Observation du 2024-05-29 (printemps)
1548,2024-06-01,Observation du 2024-06-01 (ete)
1548,2024-06-04,Observation du 2024-06-04 (ete)
1548,2024-06-05,Observation du 2024-06-05 (ete)
1548,2024-06-12,Observation du 2024-06-12 (ete)
1548,2024-06-15,Observation du 2024-06-15 (ete)
1548,2024-06-19,Observation du 2024-06-19 (ete)
1548,2024-06-20,Observation du 2024-06-20 (ete)
1548,2024-07-01,Observation du 2024-07-01 (ete)
1548,2024-07-03,Observation du 2024-07-03 (ete)
1548,2024-07-07,Observation du 2024-07-07 (ete)
1548,2024-07-10,Observation du 2024-07-10 (ete)
1549,2024-05-13,Observation du 2024-05-13 (printemps)
1549,2024-05-18,Observation du 2024-05-18 (printemps)
1549,2024-05-22,Observation du 2024-05-22 (printemps)
1549,2024-05-23,Observation du 2024-05-23 (printemps)
1549,2024-05-24,Observation du 2024-05-24 (printemps)
1549,2024-05-25,Observation du 2024-05-25 (printemps)
1549,2024-05-27,Observation du 2024-05-27 (printemps)
1549,2024-05-30,Observation du 2024-05-30 (printemps)
1549,2024-06-01,Observation du 2024-06-01 (ete)
1549,2024-06-02,Observation du 2024-06-02 (ete)
1549,2024-06-08,Observation du 2024-06-08 (ete)
1549,2024-06-22,Observation du 2024-06-22 (ete)
1549,2024-06-25,Observation du 2024-06-25 (ete)
1549,2024-07-08,Observation du 2024-07-08 (ete)
1549,2024-07-11,Observation du 2024-07-11 (ete)
1549,2024-07-14,Observation du 2024-07-14 (ete)
1549,2024-07-21,Observation du 2024-07-21 (ete)
1549,2024-07-22,Observation du 2024-07-22 (ete)
1549,2024-07-25,Observation du 2024-07-25 (ete)
1549,2024-07-26,Observation du 2024-07-26 (ete)
1549,2024-07-29,Observation du 2024-07-29 (ete)
1549,2024-08-02,Observation du 2024-08-02 (ete)
1549,2024-08-04,Observation du 2024-08-04 (ete)
1549,2024-08-09,Observation du 2024-08-09 (ete)
1549,2024-08-15,Observation du 2024-08-15 (ete)
1549,2024-08-17,Observation du 2024-08-17 (ete)
1549,2024-08-25,Observation du 2024-08-25 (ete)
1549,2024-08-26,Observation du 2024-08-26 (ete)
1549,2024-08-28,Observation du 2024-08-28 (ete)
1549,2024-08-31,Observation du 2024-08-31 (ete)
1551,2024-05-15,Observation du 2024-05-15 (printemps)
1551,2024-05-16,Observation du 2024-05-16 (printemps)
1551,2024-05-17,Observation du 2024-05-17 (printemps)
1551,2024-05-18,Observation du 2024-05-18 (printemps)
1551,2024-05-21,Observation du 2024-05-21 (printemps)
1551,2024-05-24,Observation du 2024-05-24 (printemps)
1551,2024-06-03,Observation du 2024-06-03 (ete)
1551,2024-06-12,Observation du 2024-06-12 (ete)
1551,2024-06-13,Observation du 2024-06-13 (ete)
1551,2024-06-30,Observation du 2024-06-30 (ete)
1551,2024-07-03,Observation du 2024-07-03 (ete)
1552,2024-05-19,Observation du 2024-05-19 (printemps)
1552,2024-05-24,Observation du 2024-05-24 (printemps)
1552,2024-05-26,Observation du 2024-05-26 (printemps)
1552,2024-05-29,Observation du 2024-05-29 (printemps)
1552,2024-05-31,Observation du 2024-05-31 (printemps)
1552,2024-06-01,Observation du 2024-06-01 (ete)
1552,2024-06-04,Observation du 2024-06-04 (ete)
1552,2024-06-06,Observation du 2024-06-06 (ete)
1552,2024-06-07,Observation du 2024-06-07 (ete)
1552,2024-06-08,Observation du 2024-06-08 (ete)
1552,2024-06-09,Observation du 2024-06-09 (ete)
1552,2024-06-11,Observation du 2024-06-11 (ete)
1552,2024-06-13,Observation du 2024-06-13 (ete)
1552,2024-06-14,Observation du 2024-06-14 (ete)
1552,2024-06-23,Observation du 2024-06-23 (ete)
1552,2024-06-26,Observation du 2024-06-26 (ete)
1552,2024-06-27,Observation du 2024-06-27 (ete)
1552,2024-06-29,Observation du 2024-06-29 (ete)
1552,2024-07-11,Observation du 2024-07-11 (ete)
1552,2024-07-12,Observation du 2024-07-12 (ete)
1552,2024-07-14,Observation du 2024-07-14 (ete)
1552,2024-07-19,Observation du 2024-07-19 (ete)
1552,2024-07-20,Observation du 2024-07-20 (ete)
1552,2024-07-30,Observation du 2024-07-30 (ete)
1552,2024-08-04,Observation du 2024-08-04 (ete)
1552,2024-08-09,Observation du 2024-08-09 (ete)
1552,2024-08-11,Observation du 2024-08-11 (ete)
1552,2024-08-14,Observation du 2024-08-14 (ete)
1553,2024-05-14,Observation du 2024-05-14 (printemps)
1553,2024-05-17,Observation du 2024-05-17 (printemps)
1553,2024-05-23,Observation du 2024-05-23 (printemps)
1553,2024-05-29,Observation du 2024-05-29 (printemps)
1553,2024-06-07,Observation du 2024-06-07 (ete)
1553,2024-06-10,Observation du 2024-06-10 (ete)
1553,2024-06-25,Observation du 2024-06-25 (ete)
1553,2024-06-26,Observation du 2024-06-26 (ete)
1553,2024-06-27,Observation du 2024-06-27 (ete)
1553,2024-07-01,Observation du 2024-07-01 (ete)
1553,2024-07-03,Observation du 2024-07-03 (ete)
1553,2024-07-18,Observation du 2024-07-18 (ete)
1553,2024-07-19,Observation du 2024-07-19 (ete)
1553,2024-07-25,Observation du 2024-07-25 (ete)
1554,2024-05-16,Observation du 2024-05-16 (printemps)
1554,2024-05-17,Observation du 2024-05-17 (printemps)
1554,2024-05-19,Observation du 2024-05-19 (printemps)
1554,2024-05-21,Observation du 2024-05-21 (printemps)
1554,2024-05-22,Observation du 2024-05-22 (printemps)
1554,2024-05-28,Observation du 2024-05-28 (printemps)
1554,2024-06-04,Observation du 2024-06-04 (ete)
1554,2024-06-06,Observation du 2024-06-06 (ete)
1554,2024-06-12,Observation du 2024-06-12 (ete)
1554,2024-06-13,Observation du 2024-06-13 (ete)
1554,2024-06-15,Observation du 2024-06-15 (ete)
1554,2024-06-16,Observation du 2024-06-16 (ete)
1554,2024-06-19,Observation du 2024-06-19 (ete)
1554,2024-06-23,Observation du 2024-06-23 (ete)
1554,2024-06-25,Observation du 2024-06-25 (ete)
1554,2024-06-26,Observation du 2024-06-26 (ete)
1554,2024-06-28,Observation du 2024-06-28 (ete)
1554,2024-07-04,Observation du 2024-07-04 (ete)
1554,2024-07-13,Observation du 2024-07-13 (ete)
1554,2024-07-14,Observation du 2024-07-14 (ete)
1554,2024-07-16,Observation du 2024-07-16 (ete)
1554,2024-07-17,Observation du 2024-07-17 (ete)
1554,2024-07-18,Observation du 2024-07-18 (ete)
1554,2024-07-23,Observation du 2024-07-23 (ete)
1554,2024-08-07,Observation du 2024-08-07 (ete)
1554,2024-08-11,Observation du 2024-08-11 (ete)
1554,2024-08-12,Observation du 2024-08-12 (ete)
1554,2024-08-20,Observation du 2024-08-20 (ete)
1554,2024-08-21,Observation du 2024-08-21 (ete)
1554,2024-08-23,Observation du 2024-08-23 (ete)
1554,2024-08-28,Observation du 2024-08-28 (ete)
1554,2024-08-29,Observation du 2024-08-29 (ete)
1554,2024-08-31,Observation du 2024-08-31 (ete)
1554,2024-09-04,Observation du 2024-09-04 (automne)
1554,2024-09-09,Observation du 2024-09-09 (automne)
1554,2024-09-11,Observation du 2024-09-11 (automne)
1554,2024-09-19,Observation du 2024-09-19 (automne)
1554,2024-09-21,Observation du 2024-09-21 (automne)
1554,2024-09-24,Observation du 2024-09-24 (automne)
1554,2024-09-25,Observation du 2024-09-25 (automne)
1554,2024-09-27,Observation du 2024-09-27 (automne)
1554,2024-09-30,Observation du 2024-09-30 (automne)
1555,2024-05-20,Observation du 2024-05-20 (printemps)
1555,2024-05-22,Observation du 2024-05-22 (printemps)
1555,2024-05-23,Observation du 2024-05-23 (printemps)
1555,2024-05-27,Observation du 2024-05-27 (printemps)
1555,2024-05-28,Observation du 2024-05-28 (printemps)
1555,2024-05-29,Observation du 2024-05-29 (printemps)
1555,2024-05-31,Observation du 2024-05-31 (printemps)
1555,2024-06-10,Observation du 2024-06-10 (ete)
1555,2024-06-11,Observation du 2024-06-11 (ete)
1555,2024-06-14,Observation du 2024-06-14 (ete)
1555,2024-06-18,Observation du 2024-06-18 (ete)
1555,2024-06-19,Observation du 2024-06-19 (ete)
1555,2024-06-25,Observation du 2024-06-25 (ete)
1555,2024-06-29,Observation du 2024-06-29 (ete)
1555,2024-06-30,Observation du 2024-06-30 (ete)
1555,2024-07-04,Observation du 2024-07-04 (ete)
1555,2024-07-05,Observation du 2024-07-05 (ete)
1555,2024-07-11,Observation du 2024-07-11 (ete)
1555,2024-07-20,Observation du 2024-07-20 (ete)
1555,2024-07-21,Observation du 2024-07-21 (ete)
1555,2024-07-22,Observation du 2024-07-22 (ete)
1555,2024-07-24,Observation du 2024-07-24 (ete)
1555,2024-07-30,Observation du 2024-07-30 (ete)
1557,2024-05-20,Observation du 2024-05-20 (printemps)
1557,2024-05-21,Observation du 2024-05-21 (printemps)
1557,2024-05-27,Observation du 2024-05-27 (printemps)
1557,2024-06-06,Observation du 2024-06-06 (ete)
1557,2024-06-12,Observation du 2024-06-12 (ete)
1557,2024-06-15,Observation du 2024-06-15 (ete)
1557,2024-06-16,Observation du 2024-06-16 (ete)
1557,2024-06-18,Observation du 2024-06-18 (ete)
1557,2024-06-22,Observation du 2024-06-22 (ete)
1557,2024-06-26,Observation du 2024-06-26 (ete)
1557,2024-06-27,Observation du 2024-06-27 (ete)
1557,2024-06-29,Observation du 2024-06-29 (ete)
1557,2024-06-30,Observation du 2024-06-30 (ete)
1557,2024-07-04,Observation du 2024-07-04 (ete)
1557,2024-07-06,Observation du 2024-07-06 (ete)
1557,2024-07-07,Observation du 2024-07-07 (ete)
1557,2024-07-11,Observation du 2024-07-11 (ete)
1557,2024-07-12,Observation du 2024-07-12 (ete)
1557,2024-07-14,Observation du 2024-07-14 (ete)
1557,2024-07-18,Observation du 2024-07-18 (ete)
1557,2024-07-21,Observation du 2024-07-21 (ete)
1557,2024-07-25,Observation du 2024-07-25 (ete)
1557,2024-07-27,Observation du 2024-07-27 (ete)
1557,2024-07-28,Observation du 2024-07-28 (ete)
1557,2024-07-30,Observation du 2024-07-30 (ete)
1557,2024-08-01,Observation du 2024-08-01 (ete)
1557,2024-08-02,Observation du 2024-08-02 (ete)
1557,2024-08-03,Observation du 2024-08-03 (ete)
1557,2024-08-05,Observation du 2024-08-05 (ete)
1557,2024-08-08,Observation du 2024-08-08 (ete)
1557,2024-08-09,Observation du 2024-08-09 (ete)
1557,2024-08-17,Observation du 2024-08-17 (ete)
1557,2024-08-19,Observation du 2024-08-19 (ete)
1557,2024-08-20,Observation du 2024-08-20 (ete)
1558,2024-05-20,Observation du 2024-05-20 (printemps)
1558,2024-05-21,Observation du 2024-05-21 (printemps)
1558,2024-05-23,Observation du 2024-05-23 (printemps)
1558,2024-05-28,Observation du 2024-05-28 (printemps)
1558,2024-05-29,Observation du 2024-05-29 (printemps)
1558,2024-06-07,Observation du 2024-06-07 (ete)
1558,2024-06-09,Observation du 2024-06-09 (ete)
1558,2024-06-12,Observation du 2024-06-12 (ete)
1558,2024-06-14,Observation du 2024-06-14 (ete)
1558,2024-06-23,Observation du 2024-06-23 (ete)
1558,2024-06-25,Observation du 2024-06-25 (ete)
1558,2024-06-30,Observation du 2024-06-30 (ete)
1558,2024-07-01,Observation du 2024-07-01 (ete)
1558,2024-07-13,Observation du 2024-07-13 (ete)
1558,2024-07-17,Observation du 2024-07-17 (ete)
1558,2024-07-18,Observation du 2024-07-18 (ete)
1558,2024-07-19,Observation du 2024-07-19 (ete)
1558,2024-07-22,Observation du 2024-07-22 (ete)
1558,2024-07-29,Observation du 2024-07-29 (ete)
1558,2024-08-09,Observation du 2024-08-09 (ete)
1558,2024-08-11,Observation du 2024-08-11 (ete)
1558,2024-08-12,Observation du 2024-08-12 (ete)
1558,2024-08-16,Observation du 2024-08-16 (ete)
1558,2024-08-17,Observation du 2024-08-17 (ete)
1558,2024-08-18,Observation du 2024-08-18 (ete)
1558,2024-08-21,Observation du 2024-08-21 (ete)
1558,2024-08-22,Observation du 2024-08-22 (ete)
1558,2024-08-23,Observation du 2024-08-23 (ete)
1558,2024-08-26,Observation du 2024-08-26 (ete)
1558,2024-08-29,Observation du 2024-08-29 (ete)
1558,2024-09-01,Observation du 2024-09-01 (automne)
1558,2024-09-04,Observation du 2024-09-04 (automne)
1558,2024-09-11,Observation du 2024-09-11 (automne)
1558,2024-09-12,Observation du 2024-09-12 (automne)
1558,2024-09-18,Observation du 2024-09-18 (automne)
1558,2024-09-25,Observation du 2024-09-25 (automne)
1558,2024-09-26,Observation du 2024-09-26 (automne)
1558,2024-09-27,Observation du 2024-09-27 (automne)
1559,2024-05-14,Observation du 2024-05-14 (printemps)
1559,2024-05-19,Observation du 2024-05-19 (printemps)
1559,2024-05-21,Observation du 2024-05-21 (printemps)
1559,2024-05-26,Observation du 2024-05-26 (printemps)
1559,2024-05-28,Observation du 2024-05-28 (printemps)
1559,2024-05-30,Observation du 2024-05-30 (printemps)
1559,2024-06-05,Observation du 2024-06-05 (ete)
1559,2024-06-06,Observation du 2024-06-06 (ete)
1559,2024-06-08,Observation du 2024-06-08 (ete)
1559,2024-06-12,Observation du 2024-06-12 (ete)
1559,2024-06-14,Observation du 2024-06-14 (ete)
1559,2024-06-18,Observation du 2024-06-18 (ete)
1559,2024-06-21,Observation du 2024-06-21 (ete)
1559,2024-06-22,Observation du 2024-06-22 (ete)
1559,2024-06-23,Observation du 2024-06-23 (ete)
1559,2024-06-29,Observation du 2024-06-29 (ete)
1559,2024-07-04,Observation du 2024-07-04 (ete)
1559,2024-07-05,Observation du 2024-07-05 (ete)
1559,2024-07-08,Observation du 2024-07-08 (ete)
1559,2024-07-20,Observation du 2024-07-20 (ete)
1559,2024-07-21,Observation du 2024-07-21 (ete)
1559,2024-07-22,Observation du 2024-07-22 (ete)
1559,2024-07-23,Observation du 2024-07-23 (ete)
1559,2024-07-29,Observation du 2024-07-29 (ete)
1559,2024-08-01,Observation du 2024-08-01 (ete)
1559,2024-08-03,Observation du 2024-08-03 (ete)
1559,2024-08-07,Observation du 2024-08-07 (ete)
1559,2024-08-09,Observation du 2024-08-09 (ete)
1559,2024-08-10,Observation du 2024-08-10 (ete)
1559,2024-08-11,Observation du 2024-08-11 (ete)
1559,2024-08-20,Observation du 2024-08-20 (ete)
1559,2024-08-21,Observation du 2024-08-21 (ete)
1559,2024-08-23,Observation du 2024-08-23 (ete)
1559,2024-08-30,Observation du 2024-08-30 (ete)
1559,2024-09-02,Observation du 2024-09-02 (automne)
1559,2024-09-03,Observation du 2024-09-03 (automne)
1560,2024-05-18,Observation du 2024-05-18 (printemps)
1560,2024-05-19,Observation du 2024-05-19 (printemps)
1560,2024-05-22,Observation du 2024-05-22 (printemps)
1560,2024-05-26,Observation du 2024-05-26 (printemps)
1560,2024-05-29,Observation du 2024-05-29 (printemps)
1560,2024-05-30,Observation du 2024-05-30 (printemps)
1560,2024-06-14,Observation du 2024-06-14 (ete)
1560,2024-06-15,Observation du 2024-06-15 (ete)
1560,2024-06-17,Observation du 2024-06-17 (ete)
1560,2024-07-02,Observation du 2024-07-02 (ete)
1560,2024-07-04,Observation du 2024-07-04 (ete)
1561,2024-05-14,Observation du 2024-05-14 (printemps)
1561,2024-05-15,Observation du 2024-05-15 (printemps)
1561,2024-05-16,Observation du 2024-05-16 (printemps)
1561,2024-05-18,Observation du 2024-05-18 (printemps)
1561,2024-05-19,Observation du 2024-05-19 (printemps)
1561,2024-05-21,Observation du 2024-05-21 (printemps)
1561,2024-05-23,Observation du 2024-05-23 (printemps)
1561,2024-05-26,Observation du 2024-05-26 (printemps)
1561,2024-05-29,Observation du 2024-05-29 (printemps)
1561,2024-05-30,Observation du 2024-05-30 (printemps)
1561,2024-05-31,Observation du 2024-05-31 (printemps)
1561,2024-06-01,Observation du 2024-06-01 (ete)
1561,2024-06-04,Observation du 2024-06-04 (ete)
1561,2024-06-07,Observation du 2024-06-07 (ete)
1561,2024-06-08,Observation du 2024-06-08 (ete)
1561,2024-06-10,Observation du 2024-06-10 (ete)
1561,2024-06-15,Observation du 2024-06-15 (ete)
1561,2024-06-20,Observation du 2024-06-20 (ete)
1561,2024-06-23,Observation du 2024-06-23 (ete)
1561,2024-06-30,Observation du 2024-06-30 (ete)
1561,2024-07-01,Observation du 2024-07-01 (ete)
1561,2024-07-04,Observation du 2024-07-04 (ete)
1561,2024-07-07,Observation du 2024-07-07 (ete)
1563,2024-05-15,Observation du 2024-05-15 (printemps)
1563,2024-05-18,Observation du 2024-05-18 (printemps)
1563,2024-05-25,Observation du 2024-05-25 (printemps)
1563,2024-06-02,Observation du 2024-06-02 (ete)
1563,2024-06-05,Observation du 2024-06-05 (ete)
1563,2024-06-11,Observation du 2024-06-11 (ete)
1563,2024-06-14,Observation du 2024-06-14 (ete)
1563,2024-06-21,Observation du 2024-06-21 (ete)
1563,2024-06-23,Observation du 2024-06-23 (ete)
1563,2024-06-27,Observation du 2024-06-27 (ete)
1563,2024-06-28,Observation du 2024-06-28 (ete)
1563,2024-06-29,Observation du 2024-06-29 (ete)
1564,2024-05-14,Observation du 2024-05-14 (printemps)
1564,2024-05-16,Observation du 2024-05-16 (printemps)
1564,2024-05-17,Observation du 2024-05-17 (printemps)
1564,2024-05-19,Observation du 2024-05-19 (printemps)
1564,2024-05-20,Observation du 2024-05-20 (printemps)
1564,2024-05-23,Observation du 2024-05-23 (printemps)
1564,2024-05-24,Observation du 2024-05-24 (printemps)
1564,2024-05-30,Observation du 2024-05-30 (printemps)
1564,2024-05-31,Observation du 2024-05-31 (printemps)
1564,2024-06-01,Observation du 2024-06-01 (ete)
1564,2024-06-04,Observation du 2024-06-04 (ete)
1564,2024-06-17,Observation du 2024-06-17 (ete)
1564,2024-06-22,Observation du 2024-06-22 (ete)
1564,2024-06-24,Observation du 2024-06-24 (ete)
1564,2024-06-30,Observation du 2024-06-30 (ete)
1564,2024-07-01,Observation du 2024-07-01 (ete)
1564,2024-07-06,Observation du 2024-07-06 (ete)
1564,2024-07-12,Observation du 2024-07-12 (ete)
1564,2024-07-20,Observation du 2024-07-20 (ete)
1564,2024-07-21,Observation du 2024-07-21 (ete)
1564,2024-07-25,Observation du 2024-07-25 (ete)
1564,2024-07-26,Observation du 2024-07-26 (ete)
1564,2024-07-29,Observation du 2024-07-29 (ete)
1564,2024-08-07,Observation du 2024-08-07 (ete)
1564,2024-08-10,Observation du 2024-08-10 (ete)
1564,2024-08-12,Observation du 2024-08-12 (ete)
1564,2024-08-13,Observation du 2024-08-13 (ete)
1567,2024-05-18,Observation du 2024-05-18 (printemps)
1567,2024-05-20,Observation du 2024-05-20 (printemps)
1567,2024-05-21,Observation du 2024-05-21 (printemps)
1567,2024-05-23,Observation du 2024-05-23 (printemps)
1567,2024-05-26,Observation du 2024-05-26 (printemps)
1567,2024-05-27,Observation du 2024-05-27 (printemps)
1567,2024-05-28,Observation du 2024-05-28 (printemps)
1567,2024-05-29,Observation du 2024-05-29 (printemps)
1567,2024-05-31,Observation du 2024-05-31 (printemps)
1567,2024-06-03,Observation du 2024-06-03 (ete)
1567,2024-06-06,Observation du 2024-06-06 (ete)
1567,2024-06-09,Observation du 2024-06-09 (ete)
1567,2024-06-16,Observation du 2024-06-16 (ete)
1567,2024-06-18,Observation du 2024-06-18 (ete)
1567,2024-06-20,Observation du 2024-06-20 (ete)
1567,2024-06-24,Observation du 2024-06-24 (ete)
1567,2024-06-30,Observation du 2024-06-30 (ete)
1567,2024-07-18,Observation du 2024-07-18 (ete)
1567,2024-07-28,Observation du 2024-07-28 (ete)
1567,2024-07-29,Observation du 2024-07-29 (ete)
1567,2024-07-31,Observation du 2024-07-31 (ete)
1567,2024-08-02,Observation du 2024-08-02 (ete)
1567,2024-08-03,Observation du 2024-08-03 (ete)
1567,2024-08-12,Observation du 2024-08-12 (ete)
1567,2024-08-13,Observation du 2024-08-13 (ete)
1567,2024-08-14,Observation du 2024-08-14 (ete)
1567,2024-08-16,Observation du 2024-08-16 (ete)
1567,2024-08-19,Observation du 2024-08-19 (ete)
1567,2024-08-26,Observation du 2024-08-26 (ete)
1569,2024-05-17,Observation du 2024-05-17 (printemps)
1569,2024-05-18,Observation du 2024-05-18 (printemps)
1569,2024-05-19,Observation du 2024-05-19 (printemps)
1569,2024-05-25,Observation du 2024-05-25 (printemps)
1569,2024-05-26,Observation du 2024-05-26 (printemps)
1569,2024-05-27,Observation du 2024-05-27 (printemps)
1569,2024-06-06,Observation du 2024-06-06 (ete)
1569,2024-06-08,Observation du 2024-06-08 (ete)
1569,2024-06-10,Observation du 2024-06-10 (ete)
1569,2024-06-12,Observation du 2024-06-12 (ete)
1569,2024-06-14,Observation du 2024-06-14 (ete)
1569,2024-06-15,Observation du 2024-06-15 (ete)
1569,2024-06-21,Observation du 2024-06-21 (ete)
1569,2024-06-22,Observation du 2024-06-22 (ete)
1569,2024-06-24,Observation du 2024-06-24 (ete)
1569,2024-07-08,Observation du 2024-07-08 (ete)
1569,2024-07-14,Observation du 2024-07-14 (ete)
1569,2024-07-17,Observation du 2024-07-17 (ete)
1569,2024-07-19,Observation du 2024-07-19 (ete)
1569,2024-07-22,Observation du 2024-07-22 (ete)
1569,2024-07-27,Observation du 2024-07-27 (ete)
1569,2024-07-29,Observation du 2024-07-29 (ete)
1571,2024-05-17,Observation du 2024-05-17 (printemps)
1571,2024-05-19,Observation du 2024-05-19 (printemps)
1571,2024-05-25,Observation du 2024-05-25 (printemps)
1571,2024-05-26,Observation du 2024-05-26 (printemps)
1571,2024-06-02,Observation du 2024-06-02 (ete)
1571,2024-06-09,Observation du 2024-06-09 (ete)
1571,2024-06-16,Observation du 2024-06-16 (ete)
1571,2024-06-17,Observation du 2024-06-17 (ete)
1571,2024-06-18,Observation du 2024-06-18 (ete)
1571,2024-06-21,Observation du 2024-06-21 (ete)
1571,2024-06-23,Observation du 2024-06-23 (ete)
1571,2024-06-29,Observation du 2024-06-29 (ete)
1571,2024-07-08,Observation du 2024-07-08 (ete)
1571,2024-07-09,Observation du 2024-07-09 (ete)
1571,2024-07-12,Observation du 2024-07-12 (ete)
1571,2024-07-13,Observation du 2024-07-13 (ete)
1573,2024-05-15,Observation du 2024-05-15 (printemps)
1573,2024-05-24,Observation du 2024-05-24 (printemps)
1573,2024-05-27,Observation du 2024-05-27 (printemps)
1573,2024-05-28,Observation du 2024-05-28 (printemps)
1573,2024-05-29,Observation du 2024-05-29 (printemps)
1573,2024-05-30,Observation du 2024-05-30 (printemps)
1573,2024-06-02,Observation du 2024-06-02 (ete)
1573,2024-06-05,Observation du 2024-06-05 (ete)
1573,2024-06-08,Observation du 2024-06-08 (ete)
1573,2024-06-10,Observation du 2024-06-10 (ete)
1573,2024-06-21,Observation du 2024-06-21 (ete)
1573,2024-06-26,Observation du 2024-06-26 (ete)
1573,2024-06-29,Observation du 2024-06-29 (ete)
1573,2024-07-04,Observation du 2024-07-04 (ete)
1573,2024-07-06,Observation du 2024-07-06 (ete)
1573,2024-07-10,Observation du 2024-07-10 (ete)
1573,2024-07-11,Observation du 2024-07-11 (ete)
1573,2024-07-18,Observation du 2024-07-18 (ete)
1573,2024-07-20,Observation du 2024-07-20 (ete)
1573,2024-07-22,Observation du 2024-07-22 (ete)
1573,2024-07-25,Observation du 2024-07-25 (ete)
1573,2024-07-30,Observation du 2024-07-30 (ete)
1573,2024-07-31,Observation du 2024-07-31 (ete)
1573,2024-08-02,Observation du 2024-08-02 (ete)
1573,2024-08-03,Observation du 2024-08-03 (ete)
1573,2024-08-09,Observation du 2024-08-09 (ete)
1573,2024-08-13,Observation du 2024-08-13 (ete)
1573,2024-08-14,Observation du 2024-08-14 (ete)
1573,2024-08-17,Observation du 2024-08-17 (ete)
1573,2024-08-26,Observation du 2024-08-26 (ete)
1573,2024-08-27,Observation du 2024-08-27 (ete)
1573,2024-08-28,Observation du 2024-08-28 (ete)
1573,2024-09-04,Observation du 2024-09-04 (automne)
1573,2024-09-10,Observation du 2024-09-10 (automne)
1573,2024-09-11,Observation du 2024-09-11 (automne)
1573,2024-09-14,Observation du 2024-09-14 (automne)
1574,2024-05-18,Observation du 2024-05-18 (printemps)
1574,2024-05-19,Observation du 2024-05-19 (printemps)
1574,2024-05-21,Observation du 2024-05-21 (printemps)
1574,2024-05-27,Observation du 2024-05-27 (printemps)
1574,2024-05-31,Observation du 2024-05-31 (printemps)
1574,2024-06-01,Observation du 2024-06-01 (ete)
1574,2024-06-05,Observation du 2024-06-05 (ete)
1574,2024-06-13,Observation du 2024-06-13 (ete)
1574,2024-06-14,Observation du 2024-06-14 (ete)
1574,2024-06-16,Observation du 2024-06-16 (ete)
1574,2024-06-17,Observation du 2024-06-17 (ete)
1574,2024-06-20,Observation du 2024-06-20 (ete)
1574,2024-06-23,Observation du 2024-06-23 (ete)
1574,2024-06-25,Observation du 2024-06-25 (ete)
1574,2024-06-26,Observation du 2024-06-26 (ete)
1574,2024-06-29,Observation du 2024-06-29 (ete)
1574,2024-07-03,Observation du 2024-07-03 (ete)
1574,2024-07-08,Observation du 2024-07-08 (ete)
1574,2024-07-12,Observation du 2024-07-12 (ete)
1574,2024-07-18,Observation du 2024-07-18 (ete)
1574,2024-07-28,Observation du 2024-07-28 (ete)
1574,2024-08-07,Observation du 2024-08-07 (ete)
1574,2024-08-10,Observation du 2024-08-10 (ete)
1574,2024-08-11,Observation du 2024-08-11 (ete)
1574,2024-08-16,Observation du 2024-08-16 (ete)
1574,2024-08-21,Observation du 2024-08-21 (ete)
1574,2024-08-22,Observation du 2024-08-22 (ete)
1574,2024-09-01,Observation du 2024-09-01 (automne)
1575,2024-05-12,Observation du 2024-05-12 (printemps)
1575,2024-05-13,Observation du 2024-05-13 (printemps)
1575,2024-05-17,Observation du 2024-05-17 (printemps)
1575,2024-05-21,Observation du 2024-05-21 (printemps)
1575,2024-05-25,Observation du 2024-05-25 (printemps)
1575,2024-05-26,Observation du 2024-05-26 (printemps)
1575,2024-05-28,Observation du 2024-05-28 (printemps)
1575,2024-06-02,Observation du 2024-06-02 (ete)
1575,2024-06-07,Observation du 2024-06-07 (ete)
1575,2024-06-09,Observation du 2024-06-09 (ete)
1575,2024-06-14,Observation du 2024-06-14 (ete)
1575,2024-06-18,Observation du 2024-06-18 (ete)
1575,2024-06-23,Observation du 2024-06-23 (ete)
1575,2024-06-24,Observation du 2024-06-24 (ete)
1575,2024-06-26,Observation du 2024-06-26 (ete)
1575,2024-06-27,Observation du 2024-06-27 (ete)
1575,2024-06-28,Observation du 2024-06-28 (ete)
1575,2024-06-29,Observation du 2024-06-29 (ete)
1575,2024-07-05,Observation du 2024-07-05 (ete)
1575,2024-07-06,Observation du 2024-07-06 (ete)
1575,2024-07-14,Observation du 2024-07-14 (ete)
1575,2024-07-16,Observation du 2024-07-16 (ete)
1575,2024-07-21,Observation du 2024-07-21 (ete)
1575,2024-07-25,Observation du 2024-07-25 (ete)
1575,2024-07-28,Observation du 2024-07-28 (ete)
1575,2024-07-29,Observation du 2024-07-29 (ete)
1575,2024-07-30,Observation du 2024-07-30 (ete)
1575,2024-07-31,Observation du 2024-07-31 (ete)
1575,2024-08-06,Observation du 2024-08-06 (ete)
1575,2024-08-12,Observation du 2024-08-12 (ete)
1575,2024-08-21,Observation du 2024-08-21 (ete)
1575,2024-08-22,Observation du 2024-08-22 (ete)
1575,2024-08-27,Observation du 2024-08-27 (ete)
1575,2024-08-31,Observation du 2024-08-31 (ete)
1575,2024-09-06,Observation du 2024-09-06 (automne)
1575,2024-09-10,Observation du 2024-09-10 (automne)
1575,2024-09-13,Observation du 2024-09-13 (automne)
1575,2024-09-16,Observation du 2024-09-16 (automne)
1575,2024-09-18,Observation du 2024-09-18 (automne)
1575,2024-09-19,Observation du 2024-09-19 (automne)
1575,2024-09-22,Observation du 2024-09-22 (automne)
1575,2024-09-24,Observation du 2024-09-24 (automne)
1575,2024-09-28,Observation du 2024-09-28 (automne)
1577,2024-05-19,Observation du 2024-05-19 (printemps)
1577,2024-05-23,Observation du 2024-05-23 (printemps)
1577,2024-05-26,Observation du 2024-05-26 (printemps)
1577,2024-05-30,Observation du 2024-05-30 (printemps)
1577,2024-06-02,Observation du 2024-06-02 (ete)
1577,2024-06-06,Observation du 2024-06-06 (ete)
1577,2024-06-09,Observation du 2024-06-09 (ete)
1577,2024-06-21,Observation du 2024-06-21 (ete)
1577,2024-06-23,Observation du 2024-06-23 (ete)
1577,2024-06-24,Observation du 2024-06-24 (ete)
1577,2024-06-27,Observation du 2024-06-27 (ete)
1577,2024-07-01,Observation du 2024-07-01 (ete)
1577,2024-07-06,Observation du 2024-07-06 (ete)
1577,2024-07-07,Observation du 2024-07-07 (ete)
1577,2024-07-08,Observation du 2024-07-08 (ete)
1577,2024-07-09,Observation du 2024-07-09 (ete)
1577,2024-07-10,Observation du 2024-07-10 (ete)
1577,2024-07-14,Observation du 2024-07-14 (ete)
1577,2024-07-25,Observation du 2024-07-25 (ete)
1577,2024-07-26,Observation du 2024-07-26 (ete)
1577,2024-08-09,Observation du 2024-08-09 (ete)
1577,2024-08-10,Observation du 2024-08-10 (ete)
1577,2024-08-15,Observation du 2024-08-15 (ete)
1577,2024-08-23,Observation du 2024-08-23 (ete)
1577,2024-08-29,Observation du 2024-08-29 (ete)
1577,2024-09-01,Observation du 2024-09-01 (automne)
1577,2024-09-02,Observation du 2024-09-02 (automne)
1577,2024-09-03,Observation du 2024-09-03 (automne)
1577,2024-09-07,Observation du 2024-09-07 (automne)
1577,2024-09-11,Observation du 2024-09-11 (automne)
1577,2024-09-12,Observation du 2024-09-12 (automne)
1577,2024-09-14,Observation du 2024-09-14 (automne)
1577,2024-09-16,Observation du 2024-09-16 (automne)
1578,2024-05-12,Observation du 2024-05-12 (printemps)
1578,2024-05-15,Observation du 2024-05-15 (printemps)
1578,2024-05-17,Observation du 2024-05-17 (printemps)
1578,2024-05-21,Observation du 2024-05-21 (printemps)
1578,2024-05-23,Observation du 2024-05-23 (printemps)
1578,2024-05-24,Observation du 2024-05-24 (printemps)
1578,2024-05-25,Observation du 2024-05-25 (printemps)
1578,2024-05-30,Observation du 2024-05-30 (printemps)
1578,2024-06-01,Observation du 2024-06-01 (ete)
1578,2024-06-02,Observation du 2024-06-02 (ete)
1578,2024-06-06,Observation du 2024-06-06 (ete)
1578,2024-06-09,Observation du 2024-06-09 (ete)
1578,2024-06-12,Observation du 2024-06-12 (ete)
1578,2024-06-16,Observation du 2024-06-16 (ete)
1578,2024-06-17,Observation du 2024-06-17 (ete)
1578,2024-06-27,Observation du 2024-06-27 (ete)
1578,2024-06-30,Observation du 2024-06-30 (ete)
1578,2024-07-02,Observation du 2024-07-02 (ete)
1578,2024-07-06,Observation du 2024-07-06 (ete)
1578,2024-07-14,Observation du 2024-07-14 (ete)
1578,2024-07-30,Observation du 2024-07-30 (ete)
1578,2024-08-03,Observation du 2024-08-03 (ete)
1579,2024-05-13,Observation du 2024-05-13 (printemps)
1579,2024-05-18,Observation du 2024-05-18 (printemps)
1579,2024-05-24,Observation du 2024-05-24 (printemps)
1579,2024-05-27,Observation du 2024-05-27 (printemps)
1579,2024-05-29,Observation du 2024-05-29 (printemps)
1579,2024-06-01,Observation du 2024-06-01 (ete)
1579,2024-06-10,Observation du 2024-06-10 (ete)
1579,2024-06-12,Observation du 2024-06-12 (ete)
1579,2024-06-15,Observation du 2024-06-15 (ete)
1579,2024-06-18,Observation du 2024-06-18 (ete)
1579,2024-06-20,Observation du 2024-06-20 (ete)
1579,2024-06-22,Observation du 2024-06-22 (ete)
1579,2024-06-25,Observation du 2024-06-25 (ete)
1579,2024-07-02,Observation du 2024-07-02 (ete)
1579,2024-07-08,Observation du 2024-07-08 (ete)
1582,2024-05-13,Observation du 2024-05-13 (printemps)
1582,2024-05-16,Observation du 2024-05-16 (printemps)
1582,2024-05-18,Observation du 2024-05-18 (printemps)
1582,2024-05-20,Observation du 2024-05-20 (printemps)
1582,2024-05-22,Observation du 2024-05-22 (printemps)
1582,2024-05-25,Observation du 2024-05-25 (printemps)
1582,2024-05-26,Observation du 2024-05-26 (printemps)
1582,2024-05-28,Observation du 2024-05-28 (printemps)
1582,2024-05-29,Observation du 2024-05-29 (printemps)
1582,2024-05-30,Observation du 2024-05-30 (printemps)
1582,2024-06-03,Observation du 2024-06-03 (ete)
1582,2024-06-09,Observation du 2024-06-09 (ete)
1582,2024-06-12,Observation du 2024-06-12 (ete)
1583,2024-05-16,Observation du 2024-05-16 (printemps)
1583,2024-05-23,Observation du 2024-05-23 (printemps)
1583,2024-05-29,Observation du 2024-05-29 (printemps)
1583,2024-06-02,Observation du 2024-06-02 (ete)
1583,2024-06-10,Observation du 2024-06-10 (ete)
1583,2024-06-15,Observation du 2024-06-15 (ete)
1583,2024-06-18,Observation du 2024-06-18 (ete)
1583,2024-06-23,Observation du 2024-06-23 (ete)
1583,2024-06-27,Observation du 2024-06-27 (ete)
1583,2024-06-28,Observation du 2024-06-28 (ete)
1583,2024-06-30,Observation du 2024-06-30 (ete)
1583,2024-07-02,Observation du 2024-07-02 (ete)
1583,2024-07-10,Observation du 2024-07-10 (ete)
1583,2024-07-17,Observation du 2024-07-17 (ete)
1583,2024-07-31,Observation du 2024-07-31 (ete)
1583,2024-08-01,Observation du 2024-08-01 (ete)
1583,2024-08-02,Observation du 2024-08-02 (ete)
1583,2024-08-03,Observation du 2024-08-03 (ete)
1583,2024-08-08,Observation du 2024-08-08 (ete)
1583,2024-08-14,Observation du 2024-08-14 (ete)
1583,2024-08-16,Observation du 2024-08-16 (ete)
1583,2024-08-18,Observation du 2024-08-18 (ete)
1583,2024-08-19,Observation du 2024-08-19 (ete)
1583,2024-08-28,Observation du 2024-08-28 (ete)
1583,2024-08-29,Observation du 2024-08-29 (ete)
1583,2024-08-30,Observation du 2024-08-30 (ete)
1583,2024-09-03,Observation du 2024-09-03 (automne)
1587,2024-05-12,Observation du 2024-05-12 (printemps)
1587,2024-05-17,Observation du 2024-05-17 (printemps)
1587,2024-05-19,Observation du 2024-05-19 (printemps)
1587,2024-05-22,Observation du 2024-05-22 (printemps)
1587,2024-05-29,Observation du 2024-05-29 (printemps)
1587,2024-05-31,Observation du 2024-05-31 (printemps)
1587,2024-06-02,Observation du 2024-06-02 (ete)
1587,2024-06-05,Observation du 2024-06-05 (ete)
1587,2024-06-06,Observation du 2024-06-06 (ete)
1587,2024-06-09,Observation du 2024-06-09 (ete)
1587,2024-06-10,Observation du 2024-06-10 (ete)
1587,2024-06-11,Observation du 2024-06-11 (ete)
1587,2024-06-12,Observation du 2024-06-12 (ete)
1587,2024-06-21,Observation du 2024-06-21 (ete)
1587,2024-06-22,Observation du 2024-06-22 (ete)
1587,2024-06-30,Observation du 2024-06-30 (ete)
1587,2024-07-03,Observation du 2024-07-03 (ete)
1587,2024-07-16,Observation du 2024-07-16 (ete)
1587,2024-07-31,Observation du 2024-07-31 (ete)
1587,2024-08-02,Observation du 2024-08-02 (ete)
1587,2024-08-03,Observation du 2024-08-03 (ete)
1587,2024-08-06,Observation du 2024-08-06 (ete)
1587,2024-08-12,Observation du 2024-08-12 (ete)
1587,2024-08-18,Observation du 2024-08-18 (ete)
1587,2024-08-19,Observation du 2024-08-19 (ete)
1587,2024-08-20,Observation du 2024-08-20 (ete)
1587,2024-08-23,Observation du 2024-08-23 (ete)
1587,2024-08-27,Observation du 2024-08-27 (ete)
1587,2024-09-05,Observation du 2024-09-05 (automne)
1587,2024-09-13,Observation du 2024-09-13 (automne)
1587,2024-09-18,Observation du 2024-09-18 (automne)
1587,2024-09-23,Observation du 2024-09-23 (automne)
1588,2024-05-19,Observation du 2024-05-19 (printemps)
1588,2024-05-20,Observation du 2024-05-20 (printemps)
1588,2024-05-21,Observation du 2024-05-21 (printemps)
1588,2024-05-28,Observation du 2024-05-28 (printemps)
1588,2024-05-30,Observation du 2024-05-30 (printemps)
1588,2024-06-13,Observation du 2024-06-13 (ete)
1588,2024-06-14,Observation du 2024-06-14 (ete)
1588,2024-06-21,Observation du 2024-06-21 (ete)
1588,2024-06-29,Observation du 2024-06-29 (ete)
1588,2024-07-03,Observation du 2024-07-03 (ete)
1588,2024-07-07,Observation du 2024-07-07 (ete)
1588,2024-07-10,Observation du 2024-07-10 (ete)
1588,2024-07-13,Observation du 2024-07-13 (ete)
1588,2024-07-19,Observation du 2024-07-19 (ete)
1588,2024-07-23,Observation du 2024-07-23 (ete)
1588,2024-07-24,Observation du 2024-07-24 (ete)
1588,2024-07-27,Observation du 2024-07-27 (ete)
1588,2024-08-02,Observation du 2024-08-02 (ete)
1588,2024-08-09,Observation du 2024-08-09 (ete)
1588,2024-08-15,Observation du 2024-08-15 (ete)
1588,2024-08-18,Observation du 2024-08-18 (ete)
1588,2024-08-20,Observation du 2024-08-20 (ete)
1588,2024-08-21,Observation du 2024-08-21 (ete)
1588,2024-09-01,Observation du 2024-09-01 (automne)
1588,2024-09-02,Observation du 2024-09-02 (automne)
1588,2024-09-03,Observation du 2024-09-03 (automne)
1588,2024-09-06,Observation du 2024-09-06 (automne)
1588,2024-09-08,Observation du 2024-09-08 (automne)
1588,2024-09-17,Observation du 2024-09-17 (automne)
1588,2024-09-18,Observation du 2024-09-18 (automne)
1588,2024-09-23,Observation du 2024-09-23 (automne)
1588,2024-09-25,Observation du 2024-09-25 (automne)
1588,2024-09-29,Observation du 2024-09-29 (automne)
1588,2024-09-30,Observation du 2024-09-30 (automne)
1589,2024-05-16,Observation du 2024-05-16 (printemps)
1589,2024-05-17,Observation du 2024-05-17 (printemps)
1589,2024-05-20,Observation du 2024-05-20 (printemps)
1589,2024-05-22,Observation du 2024-05-22 (printemps)
1589,2024-05-23,Observation du 2024-05-23 (printemps)
1589,2024-06-03,Observation du 2024-06-03 (ete)
1589,2024-06-07,Observation du 2024-06-07 (ete)
1589,2024-06-16,Observation du 2024-06-16 (ete)
1589,2024-06-19,Observation du 2024-06-19 (ete)
1589,2024-07-03,Observation du 2024-07-03 (ete)
1589,2024-07-08,Observation du 2024-07-08 (ete)
1589,2024-07-12,Observation du 2024-07-12 (ete)
1590,2024-05-15,Observation du 2024-05-15 (printemps)
1590,2024-05-25,Observation du 2024-05-25 (printemps)
1590,2024-05-27,Observation du 2024-05-27 (printemps)
1590,2024-05-31,Observation du 2024-05-31 (printemps)
1590,2024-06-03,Observation du 2024-06-03 (ete)
1590,2024-06-05,Observation du 2024-06-05 (ete)
1590,2024-06-07,Observation du 2024-06-07 (ete)
1590,2024-06-08,Observation du 2024-06-08 (ete)
1590,2024-06-09,Observation du 2024-06-09 (ete)
1590,2024-06-10,Observation du 2024-06-10 (ete)
1590,2024-06-13,Observation du 2024-06-13 (ete)
1590,2024-06-20,Observation du 2024-06-20 (ete)
1592,2024-05-23,Observation du 2024-05-23 (printemps)
1592,2024-05-29,Observation du 2024-05-29 (printemps)
1592,2024-06-04,Observation du 2024-06-04 (ete)
1592,2024-06-05,Observation du 2024-06-05 (ete)
1592,2024-06-09,Observation du 2024-06-09 (ete)
1592,2024-06-11,Observation du 2024-06-11 (ete)
1592,2024-06-14,Observation du 2024-06-14 (ete)
1592,2024-06-17,Observation du 2024-06-17 (ete)
1592,2024-06-22,Observation du 2024-06-22 (ete)
1592,2024-06-24,Observation du 2024-06-24 (ete)
1592,2024-06-25,Observation du 2024-06-25 (ete)
1592,2024-06-29,Observation du 2024-06-29 (ete)
1592,2024-06-30,Observation du 2024-06-30 (ete)
1592,2024-07-02,Observation du 2024-07-02 (ete)
1592,2024-07-04,Observation du 2024-07-04 (ete)
1592,2024-07-11,Observation du 2024-07-11 (ete)
1592,2024-07-14,Observation du 2024-07-14 (ete)
1592,2024-07-16,Observation du 2024-07-16 (ete)
1592,2024-07-17,Observation du 2024-07-17 (ete)
1592,2024-07-20,Observation du 2024-07-20 (ete)
1592,2024-07-21,Observation du 2024-07-21 (ete)
1592,2024-07-28,Observation du 2024-07-28 (ete)
1592,2024-08-02,Observation du 2024-08-02 (ete)
1592,2024-08-09,Observation du 2024-08-09 (ete)
1592,2024-08-12,Observation du 2024-08-12 (ete)
1592,2024-08-18,Observation du 2024-08-18 (ete)
1592,2024-08-20,Observation du 2024-08-20 (ete)
1592,2024-08-22,Observation du 2024-08-22 (ete)
1592,2024-08-23,Observation du 2024-08-23 (ete)
1592,2024-08-26,Observation du 2024-08-26 (ete)
1592,2024-08-27,Observation du 2024-08-27 (ete)
1593,2024-05-19,Observation du 2024-05-19 (printemps)
1593,2024-05-20,Observation du 2024-05-20 (printemps)
1593,2024-05-23,Observation du 2024-05-23 (printemps)
1593,2024-05-24,Observation du 2024-05-24 (printemps)
1593,2024-05-30,Observation du 2024-05-30 (printemps)
1593,2024-06-11,Observation du 2024-06-11 (ete)
1593,2024-06-20,Observation du 2024-06-20 (ete)
1593,2024-06-21,Observation du 2024-06-21 (ete)
1593,2024-06-24,Observation du 2024-06-24 (ete)
1593,2024-06-28,Observation du 2024-06-28 (ete)
1593,2024-07-01,Observation du 2024-07-01 (ete)
1593,2024-07-02,Observation du 2024-07-02 (ete)
1593,2024-07-03,Observation du 2024-07-03 (ete)
1593,2024-07-04,Observation du 2024-07-04 (ete)
1593,2024-07-05,Observation du 2024-07-05 (ete)
1593,2024-07-09,Observation du 2024-07-09 (ete)
1593,2024-07-10,Observation du 2024-07-10 (ete)
1593,2024-07-11,Observation du 2024-07-11 (ete)
1593,2024-07-14,Observation du 2024-07-14 (ete)
1593,2024-07-16,Observation du 2024-07-16 (ete)
1593,2024-07-22,Observation du 2024-07-22 (ete)
1593,2024-07-24,Observation du 2024-07-24 (ete)
1593,2024-07-27,Observation du 2024-07-27 (ete)
1593,2024-07-31,Observation du 2024-07-31 (ete)
1593,2024-08-02,Observation du 2024-08-02 (ete)
1593,2024-08-09,Observation du 2024-08-09 (ete)
1593,2024-08-11,Observation du 2024-08-11 (ete)
1593,2024-08-15,Observation du 2024-08-15 (ete)
1593,2024-08-16,Observation du 2024-08-16 (ete)
1593,2024-08-18,Observation du 2024-08-18 (ete)
1593,2024-08-19,Observation du 2024-08-19 (ete)
1593,2024-08-21,Observation du 2024-08-21 (ete)
1593,2024-08-24,Observation du 2024-08-24 (ete)
1593,2024-08-27,Observation du 2024-08-27 (ete)
1595,2024-05-11,Observation du 2024-05-11 (printemps)
1595,2024-05-13,Observation du 2024-05-13 (printemps)
1595,2024-05-21,Observation du 2024-05-21 (printemps)
1595,2024-05-24,Observation du 2024-05-24 (printemps)
1595,2024-05-28,Observation du 2024-05-28 (printemps)
1595,2024-05-31,Observation du 2024-05-31 (printemps)
1595,2024-06-05,Observation du 2024-06-05 (ete)
1595,2024-06-07,Observation du 2024-06-07 (ete)
1595,2024-06-08,Observation du 2024-06-08 (ete)
1595,2024-06-12,Observation du 2024-06-12 (ete)
1595,2024-06-24,Observation du 2024-06-24 (ete)
1595,2024-06-30,Observation du 2024-06-30 (ete)
1595,2024-07-03,Observation du 2024-07-03 (ete)
1595,2024-07-04,Observation du 2024-07-04 (ete)
1595,2024-07-05,Observation du 2024-07-05 (ete)
1595,2024-07-06,Observation du 2024-07-06 (ete)
1595,2024-07-10,Observation du 2024-07-10 (ete)
1595,2024-07-11,Observation du 2024-07-11 (ete)
1595,2024-07-12,Observation du 2024-07-12 (ete)
1595,2024-07-14,Observation du 2024-07-14 (ete)
1595,2024-07-16,Observation du 2024-07-16 (ete)
1595,2024-07-23,Observation du 2024-07-23 (ete)
1595,2024-07-27,Observation du 2024-07-27 (ete)
1595,2024-08-02,Observation du 2024-08-02 (ete)
1595,2024-08-11,Observation du 2024-08-11 (ete)
1595,2024-08-15,Observation du 2024-08-15 (ete)
1595,2024-08-17,Observation du 2024-08-17 (ete)
1595,2024-08-19,Observation du 2024-08-19 (ete)
1595,2024-08-24,Observation du 2024-08-24 (ete)
1595,2024-08-31,Observation du 2024-08-31 (ete)
1598,2024-05-17,Observation du 2024-05-17 (printemps)
1598,2024-05-18,Observation du 2024-05-18 (printemps)
1598,2024-05-19,Observation du 2024-05-19 (printemps)
1598,2024-05-20,Observation du 2024-05-20 (printemps)
1598,2024-06-02,Observation du 2024-06-02 (ete)
1598,2024-06-05,Observation du 2024-06-05 (ete)
1598,2024-06-08,Observation du 2024-06-08 (ete)
1598,2024-06-11,Observation du 2024-06-11 (ete)
1598,2024-06-15,Observation du 2024-06-15 (ete)
1598,2024-06-17,Observation du 2024-06-17 (ete)
1598,2024-06-21,Observation du 2024-06-21 (ete)
1598,2024-06-24,Observation du 2024-06-24 (ete)
1598,2024-06-25,Observation du 2024-06-25 (ete)
1598,2024-07-05,Observation du 2024-07-05 (ete)
1599,2024-05-16,Observation du 2024-05-16 (printemps)
1599,2024-05-19,Observation du 2024-05-19 (printemps)
1599,2024-05-20,Observation du 2024-05-20 (printemps)
1599,2024-05-21,Observation du 2024-05-21 (printemps)
1599,2024-05-23,Observation du 2024-05-23 (printemps)
1599,2024-05-25,Observation du 2024-05-25 (printemps)
1599,2024-05-28,Observation du 2024-05-28 (printemps)
1599,2024-06-08,Observation du 2024-06-08 (ete)
1599,2024-06-15,Observation du 2024-06-15 (ete)
1599,2024-06-21,Observation du 2024-06-21 (ete)
1599,2024-06-22,Observation du 2024-06-22 (ete)
1599,2024-06-26,Observation du 2024-06-26 (ete)
1599,2024-07-01,Observation du 2024-07-01 (ete)
1599,2024-07-05,Observation du 2024-07-05 (ete)
1599,2024-07-07,Observation du 2024-07-07 (ete)
1599,2024-07-14,Observation du 2024-07-14 (ete)
1599,2024-07-19,Observation du 2024-07-19 (ete)
1599,2024-07-24,Observation du 2024-07-24 (ete)
1599,2024-08-02,Observation du 2024-08-02 (ete)
1599,2024-08-05,Observation du 2024-08-05 (ete)
1599,2024-08-08,Observation du 2024-08-08 (ete)
1599,2024-08-11,Observation du 2024-08-11 (ete)
1599,2024-08-14,Observation du 2024-08-14 (ete)
1599,2024-08-19,Observation du 2024-08-19 (ete)
1599,2024-08-22,Observation du 2024-08-22 (ete)
1599,2024-08-23,Observation du 2024-08-23 (ete)
1599,2024-08-24,Observation du 2024-08-24 (ete)
1599,2024-08-25,Observation du 2024-08-25 (ete)
1600,2024-05-17,Observation du 2024-05-17 (printemps)
1600,2024-05-21,Observation du 2024-05-21 (printemps)
1600,2024-05-24,Observation du 2024-05-24 (printemps)
1600,2024-05-30,Observation du 2024-05-30 (printemps)
1600,2024-05-31,Observation du 2024-05-31 (printemps)
1600,2024-06-06,Observation du 2024-06-06 (ete)
1600,2024-06-08,Observation du 2024-06-08 (ete)
1600,2024-06-14,Observation du 2024-06-14 (ete)
1600,2024-06-17,Observation du 2024-06-17 (ete)
1600,2024-06-29,Observation du 2024-06-29 (ete)
1600,2024-07-04,Observation du 2024-07-04 (ete)
1600,2024-07-09,Observation du 2024-07-09 (ete)
1600,2024-07-15,Observation du 2024-07-15 (ete)
1600,2024-07-16,Observation du 2024-07-16 (ete)
1600,2024-07-24,Observation du 2024-07-24 (ete)
1600,2024-07-25,Observation du 2024-07-25 (ete)
1600,2024-07-27,Observation du 2024-07-27 (ete)
1600,2024-07-29,Observation du 2024-07-29 (ete)
1600,2024-08-06,Observation du 2024-08-06 (ete)
1600,2024-08-08,Observation du 2024-08-08 (ete)
1600,2024-08-12,Observation du 2024-08-12 (ete)
1600,2024-08-13,Observation du 2024-08-13 (ete)
1600,2024-08-15,Observation du 2024-08-15 (ete)
1600,2024-08-16,Observation du 2024-08-16 (ete)
1600,2024-08-18,Observation du 2024-08-18 (ete)
1600,2024-08-24,Observation du 2024-08-24 (ete)
1600,2024-08-26,Observation du 2024-08-26 (ete)
1600,2024-08-29,Observation du 2024-08-29 (ete)
1600,2024-09-02,Observation du 2024-09-02 (automne)
1600,2024-09-06,Observation du 2024-09-06 (automne)
1600,2024-09-09,Observation du 2024-09-09 (automne)
1601,2024-05-22,Observation du 2024-05-22 (printemps)
1601,2024-05-24,Observation du 2024-05-24 (printemps)
1601,2024-05-25,Observation du 2024-05-25 (printemps)
1601,2024-05-27,Observation du 2024-05-27 (printemps)
1601,2024-05-28,Observation du 2024-05-28 (printemps)
1601,2024-05-31,Observation du 2024-05-31 (printemps)
1601,2024-06-11,Observation du 2024-06-11 (ete)
1601,2024-06-17,Observation du 2024-06-17 (ete)
1601,2024-06-21,Observation du 2024-06-21 (ete)
1601,2024-06-22,Observation du 2024-06-22 (ete)
1601,2024-06-25,Observation du 2024-06-25 (ete)
1601,2024-06-26,Observation du 2024-06-26 (ete)
1601,2024-06-29,Observation du 2024-06-29 (ete)
1601,2024-07-04,Observation du 2024-07-04 (ete)
1601,2024-07-05,Observation du 2024-07-05 (ete)
1601,2024-07-07,Observation du 2024-07-07 (ete)
1601,2024-07-20,Observation du 2024-07-20 (ete)
1601,2024-07-21,Observation du 2024-07-21 (ete)
1601,2024-07-23,Observation du 2024-07-23 (ete)
1601,2024-07-29,Observation du 2024-07-29 (ete)
1601,2024-07-30,Observation du 2024-07-30 (ete)
1601,2024-08-03,Observation du 2024-08-03 (ete)
1601,2024-08-04,Observation du 2024-08-04 (ete)
1601,2024-08-09,Observation du 2024-08-09 (ete)
1601,2024-08-19,Observation du 2024-08-19 (ete)
1601,2024-08-20,Observation du 2024-08-20 (ete)
1601,2024-09-11,Observation du 2024-09-11 (automne)
1601,2024-09-13,Observation du 2024-09-13 (automne)
1602,2024-05-17,Observation du 2024-05-17 (printemps)
1602,2024-05-18,Observation du 2024-05-18 (printemps)
1602,2024-05-21,Observation du 2024-05-21 (printemps)
1602,2024-05-23,Observation du 2024-05-23 (printemps)
1602,2024-05-26,Observation du 2024-05-26 (printemps)
1602,2024-05-27,Observation du 2024-05-27 (printemps)
1602,2024-05-28,Observation du 2024-05-28 (printemps)
1602,2024-05-31,Observation du 2024-05-31 (printemps)
1602,2024-06-03,Observation du 2024-06-03 (ete)
1602,2024-06-06,Observation du 2024-06-06 (ete)
1602,2024-06-08,Observation du 2024-06-08 (ete)
1602,2024-06-09,Observation du 2024-06-09 (ete)
1602,2024-06-19,Observation du 2024-06-19 (ete)
1602,2024-06-24,Observation du 2024-06-24 (ete)
1602,2024-06-28,Observation du 2024-06-28 (ete)
1602,2024-07-02,Observation du 2024-07-02 (ete)
1602,2024-07-03,Observation du 2024-07-03 (ete)
1602,2024-07-04,Observation du 2024-07-04 (ete)
1602,2024-07-05,Observation du 2024-07-05 (ete)
1602,2024-07-06,Observation du 2024-07-06 (ete)
1602,2024-07-13,Observation du 2024-07-13 (ete)
1602,2024-07-25,Observation du 2024-07-25 (ete)
1602,2024-07-27,Observation du 2024-07-27 (ete)
1602,2024-07-28,Observation du 2024-07-28 (ete)
1602,2024-07-29,Observation du 2024-07-29 (ete)
1602,2024-08-02,Observation du 2024-08-02 (ete)
1602,2024-08-04,Observation du 2024-08-04 (ete)
1602,2024-08-11,Observation du 2024-08-11 (ete)
1602,2024-08-28,Observation du 2024-08-28 (ete)
1602,2024-09-05,Observation du 2024-09-05 (automne)
1602,2024-09-07,Observation du 2024-09-07 (automne)
1602,2024-09-09,Observation du 2024-09-09 (automne)
1602,2024-09-14,Observation du 2024-09-14 (automne)
1602,2024-09-17,Observation du 2024-09-17 (automne)
1602,2024-09-18,Observation du 2024-09-18 (automne)
1602,2024-09-20,Observation du 2024-09-20 (automne)
1602,2024-09-22,Observation du 2024-09-22 (automne)
1602,2024-09-24,Observation du 2024-09-24 (automne)
1602,2024-09-30,Observation du 2024-09-30 (automne)
1603,2024-05-21,Observation du 2024-05-21 (printemps)
1603,2024-05-23,Observation du 2024-05-23 (printemps)
1603,2024-05-29,Observation du 2024-05-29 (printemps)
1603,2024-06-01,Observation du 2024-06-01 (ete)
1603,2024-06-09,Observation du 2024-06-09 (ete)
1603,2024-06-15,Observation du 2024-06-15 (ete)
1603,2024-06-20,Observation du 2024-06-20 (ete)
1603,2024-06-23,Observation du 2024-06-23 (ete)
1603,2024-06-25,Observation du 2024-06-25 (ete)
1603,2024-06-26,Observation du 2024-06-26 (ete)
1603,2024-06-29,Observation du 2024-06-29 (ete)
1603,2024-07-21,Observation du 2024-07-21 (ete)
1604,2024-05-20,Observation du 2024-05-20 (printemps)
1604,2024-05-30,Observation du 2024-05-30 (printemps)
1604,2024-05-31,Observation du 2024-05-31 (printemps)
1604,2024-06-01,Observation du 2024-06-01 (ete)
1604,2024-06-03,Observation du 2024-06-03 (ete)
1604,2024-06-06,Observation du 2024-06-06 (ete)
1604,2024-06-08,Observation du 2024-06-08 (ete)
1604,2024-06-10,Observation du 2024-06-10 (ete)
1604,2024-06-13,Observation du 2024-06-13 (ete)
1604,2024-06-27,Observation du 2024-06-27 (ete)
1604,2024-07-01,Observation du 2024-07-01 (ete)
1604,2024-07-06,Observation du 2024-07-06 (ete)
1604,2024-07-07,Observation du 2024-07-07 (ete)
1604,2024-07-08,Observation du 2024-07-08 (ete)
1604,2024-07-09,Observation du 2024-07-09 (ete)
1604,2024-07-13,Observation du 2024-07-13 (ete)
1604,2024-07-18,Observation du 2024-07-18 (ete)
1604,2024-07-19,Observation du 2024-07-19 (ete)
1604,2024-07-22,Observation du 2024-07-22 (ete)
1604,2024-07-24,Observation du 2024-07-24 (ete)
1604,2024-07-27,Observation du 2024-07-27 (ete)
1604,2024-07-28,Observation du 2024-07-28 (ete)
1604,2024-07-29,Observation du 2024-07-29 (ete)
1604,2024-07-31,Observation du 2024-07-31 (ete)
1604,2024-08-05,Observation du 2024-08-05 (ete)
1604,2024-08-10,Observation du 2024-08-10 (ete)
1604,2024-08-13,Observation du 2024-08-13 (ete)
1604,2024-08-14,Observation du 2024-08-14 (ete)
1604,2024-08-16,Observation du 2024-08-16 (ete)
1604,2024-08-17,Observation du 2024-08-17 (ete)
1604,2024-08-22,Observation du 2024-08-22 (ete)
1604,2024-08-23,Observation du 2024-08-23 (ete)
1604,2024-08-28,Observation du 2024-08-28 (ete)
1604,2024-08-29,Observation du 2024-08-29 (ete)
1605,2024-05-25,Observation du 2024-05-25 (printemps)
1605,2024-05-27,Observation du 2024-05-27 (printemps)
1605,2024-05-28,Observation du 2024-05-28 (printemps)
1605,2024-05-30,Observation du 2024-05-30 (printemps)
1605,2024-05-31,Observation du 2024-05-31 (printemps)
1605,2024-06-03,Observation du 2024-06-03 (ete)
1605,2024-06-05,Observation du 2024-06-05 (ete)
1605,2024-06-14,Observation du 2024-06-14 (ete)
1605,2024-06-17,Observation du 2024-06-17 (ete)
1605,2024-06-18,Observation du 2024-06-18 (ete)
1605,2024-06-26,Observation du 2024-06-26 (ete)
1605,2024-06-27,Observation du 2024-06-27 (ete)
1605,2024-07-01,Observation du 2024-07-01 (ete)
1605,2024-07-05,Observation du 2024-07-05 (ete)
1605,2024-07-12,Observation du 2024-07-12 (ete)
1606,2024-05-28,Observation du 2024-05-28 (printemps)
1606,2024-05-29,Observation du 2024-05-29 (printemps)
1606,2024-05-31,Observation du 2024-05-31 (printemps)
1606,2024-06-11,Observation du 2024-06-11 (ete)
1606,2024-06-13,Observation du 2024-06-13 (ete)
1606,2024-06-17,Observation du 2024-06-17 (ete)
1606,2024-06-24,Observation du 2024-06-24 (ete)
1606,2024-06-25,Observation du 2024-06-25 (ete)
1606,2024-06-28,Observation du 2024-06-28 (ete)
1606,2024-06-29,Observation du 2024-06-29 (ete)
1606,2024-07-02,Observation du 2024-07-02 (ete)
1606,2024-07-09,Observation du 2024-07-09 (ete)
1606,2024-07-10,Observation du 2024-07-10 (ete)
1606,2024-07-11,Observation du 2024-07-11 (ete)
1606,2024-07-15,Observation du 2024-07-15 (ete)
1606,2024-07-16,Observation du 2024-07-16 (ete)
1606,2024-07-17,Observation du 2024-07-17 (ete)
1606,2024-07-23,Observation du 2024-07-23 (ete)
1606,2024-07-28,Observation du 2024-07-28 (ete)
1606,2024-07-31,Observation du 2024-07-31 (ete)
1606,2024-08-01,Observation du 2024-08-01 (ete)
1606,2024-08-02,Observation du 2024-08-02 (ete)
1606,2024-08-03,Observation du 2024-08-03 (ete)
1606,2024-08-05,Observation du 2024-08-05 (ete)
1606,2024-08-15,Observation du 2024-08-15 (ete)
1606,2024-08-18,Observation du 2024-08-18 (ete)
1606,2024-08-23,Observation du 2024-08-23 (ete)
1606,2024-08-29,Observation du 2024-08-29 (ete)
1606,2024-09-01,Observation du 2024-09-01 (automne)
1606,2024-09-05,Observation du 2024-09-05 (automne)
1606,2024-09-08,Observation du 2024-09-08 (automne)
1606,2024-09-09,Observation du 2024-09-09 (automne)
1606,2024-09-12,Observation du 2024-09-12 (automne)
1606,2024-09-20,Observation du 2024-09-20 (automne)
1607,2024-05-22,Observation du 2024-05-22 (printemps)
1607,2024-05-23,Observation du 2024-05-23 (printemps)
1607,2024-05-27,Observation du 2024-05-27 (printemps)
1607,2024-05-31,Observation du 2024-05-31 (printemps)
1607,2024-06-03,Observation du 2024-06-03 (ete)
1607,2024-06-08,Observation du 2024-06-08 (ete)
1607,2024-06-11,Observation du 2024-06-11 (ete)
1607,2024-06-15,Observation du 2024-06-15 (ete)
1607,2024-06-18,Observation du 2024-06-18 (ete)
1607,2024-06-19,Observation du 2024-06-19 (ete)
1607,2024-06-23,Observation du 2024-06-23 (ete)
1607,2024-06-24,Observation du 2024-06-24 (ete)
1607,2024-06-30,Observation du 2024-06-30 (ete)
1607,2024-07-07,Observation du 2024-07-07 (ete)
1607,2024-07-10,Observation du 2024-07-10 (ete)
1607,2024-07-11,Observation du 2024-07-11 (ete)
1607,2024-07-13,Observation du 2024-07-13 (ete)
1607,2024-07-17,Observation du 2024-07-17 (ete)
1607,2024-07-20,Observation du 2024-07-20 (ete)
1607,2024-07-23,Observation du 2024-07-23 (ete)
1607,2024-07-26,Observation du 2024-07-26 (ete)
1607,2024-08-02,Observation du 2024-08-02 (ete)
1607,2024-08-03,Observation du 2024-08-03 (ete)
1607,2024-08-07,Observation du 2024-08-07 (ete)
1607,2024-08-09,Observation du 2024-08-09 (ete)
1607,2024-08-18,Observation du 2024-08-18 (ete)
1607,2024-08-19,Observation du 2024-08-19 (ete)
1607,2024-08-26,Observation du 2024-08-26 (ete)
1607,2024-08-27,Observation du 2024-08-27 (ete)
1607,2024-08-29,Observation du 2024-08-29 (ete)
1607,2024-08-30,Observation du 2024-08-30 (ete)
1607,2024-09-04,Observation du 2024-09-04 (automne)
1607,2024-09-06,Observation du 2024-09-06 (automne)
1607,2024-09-14,Observation du 2024-09-14 (automne)
1607,2024-09-20,Observation du 2024-09-20 (automne)
1607,2024-09-22,Observation du 2024-09-22 (automne)
1607,2024-09-24,Observation du 2024-09-24 (automne)
1608,2024-05-26,Observation du 2024-05-26 (printemps)
1608,2024-05-30,Observation du 2024-05-30 (printemps)
1608,2024-05-31,Observation du 2024-05-31 (printemps)
1608,2024-06-02,Observation du 2024-06-02 (ete)
1608,2024-06-04,Observation du 2024-06-04 (ete)
1608,2024-06-08,Observation du 2024-06-08 (ete)
1608,2024-06-10,Observation du 2024-06-10 (ete)
1608,2024-06-15,Observation du 2024-06-15 (ete)
1608,2024-06-20,Observation du 2024-06-20 (ete)
1608,2024-06-25,Observation du 2024-06-25 (ete)
1608,2024-06-29,Observation du 2024-06-29 (ete)
1608,2024-07-02,Observation du 2024-07-02 (ete)
1608,2024-07-04,Observation du 2024-07-04 (ete)
1608,2024-07-13,Observation du 2024-07-13 (ete)
1608,2024-07-23,Observation du 2024-07-23 (ete)
1608,2024-07-24,Observation du 2024-07-24 (ete)
1608,2024-07-25,Observation du 2024-07-25 (ete)
1608,2024-07-27,Observation du 2024-07-27 (ete)
1608,2024-07-31,Observation du 2024-07-31 (ete)
1608,2024-08-05,Observation du 2024-08-05 (ete)
1608,2024-08-09,Observation du 2024-08-09 (ete)
1608,2024-08-10,Observation du 2024-08-10 (ete)
1608,2024-08-13,Observation du 2024-08-13 (ete)
1608,2024-08-16,Observation du 2024-08-16 (ete)
1608,2024-08-18,Observation du 2024-08-18 (ete)
1608,2024-08-22,Observation du 2024-08-22 (ete)
1608,2024-08-28,Observation du 2024-08-28 (ete)
1608,2024-08-31,Observation du 2024-08-31 (ete)
1608,2024-09-01,Observation du 2024-09-01 (automne)
1608,2024-09-10,Observation du 2024-09-10 (automne)
1608,2024-09-13,Observation du 2024-09-13 (automne)
1608,2024-09-23,Observation du 2024-09-23 (automne)
1608,2024-09-28,Observation du 2024-09-28 (automne)
1609,2024-05-20,Observation du 2024-05-20 (printemps)
1609,2024-05-21,Observation du 2024-05-21 (printemps)
1609,2024-05-22,Observation du 2024-05-22 (printemps)
1609,2024-05-23,Observation du 2024-05-23 (printemps)
1609,2024-05-24,Observation du 2024-05-24 (printemps)
1609,2024-05-26,Observation du 2024-05-26 (printemps)
1609,2024-05-27,Observation du 2024-05-27 (printemps)
1609,2024-06-02,Observation du 2024-06-02 (ete)
1609,2024-06-03,Observation du 2024-06-03 (ete)
1609,2024-06-07,Observation du 2024-06-07 (ete)
1609,2024-06-21,Observation du 2024-06-21 (ete)
1609,2024-06-23,Observation du 2024-06-23 (ete)
1609,2024-06-30,Observation du 2024-06-30 (ete)
1609,2024-07-01,Observation du 2024-07-01 (ete)
1609,2024-07-04,Observation du 2024-07-04 (ete)
1609,2024-07-11,Observation du 2024-07-11 (ete)
1609,2024-07-13,Observation du 2024-07-13 (ete)
1609,2024-07-17,Observation du 2024-07-17 (ete)
1609,2024-07-22,Observation du 2024-07-22 (ete)
1609,2024-07-27,Observation du 2024-07-27 (ete)
1609,2024-07-30,Observation du 2024-07-30 (ete)
1609,2024-07-31,Observation du 2024-07-31 (ete)
1609,2024-08-04,Observation du 2024-08-04 (ete)
1609,2024-08-05,Observation du 2024-08-05 (ete)
1609,2024-08-11,Observation du 2024-08-11 (ete)
1609,2024-08-12,Observation du 2024-08-12 (ete)
1609,2024-08-20,Observation du 2024-08-20 (ete)
1609,2024-08-23,Observation du 2024-08-23 (ete)
1609,2024-09-01,Observation du 2024-09-01 (automne)
1609,2024-09-09,Observation du 2024-09-09 (automne)
1609,2024-09-10,Observation du 2024-09-10 (automne)
1609,2024-09-11,Observation du 2024-09-11 (automne)
1611,2024-05-25,Observation du 2024-05-25 (printemps)
1611,2024-05-26,Observation du 2024-05-26 (printemps)
1611,2024-05-29,Observation du 2024-05-29 (printemps)
1611,2024-05-30,Observation du 2024-05-30 (printemps)
1611,2024-05-31,Observation du 2024-05-31 (printemps)
1611,2024-06-01,Observation du 2024-06-01 (ete)
1611,2024-06-06,Observation du 2024-06-06 (ete)
1611,2024-06-08,Observation du 2024-06-08 (ete)
1611,2024-06-17,Observation du 2024-06-17 (ete)
1611,2024-06-19,Observation du 2024-06-19 (ete)
1611,2024-06-21,Observation du 2024-06-21 (ete)
1611,2024-06-29,Observation du 2024-06-29 (ete)
1611,2024-07-17,Observation du 2024-07-17 (ete)
1611,2024-07-18,Observation du 2024-07-18 (ete)
1611,2024-07-22,Observation du 2024-07-22 (ete)
1611,2024-07-23,Observation du 2024-07-23 (ete)
1611,2024-07-25,Observation du 2024-07-25 (ete)
1611,2024-07-28,Observation du 2024-07-28 (ete)
1611,2024-07-29,Observation du 2024-07-29 (ete)
1611,2024-07-30,Observation du 2024-07-30 (ete)
1611,2024-08-01,Observation du 2024-08-01 (ete)
1611,2024-08-06,Observation du 2024-08-06 (ete)
1611,2024-08-07,Observation du 2024-08-07 (ete)
1611,2024-08-09,Observation du 2024-08-09 (ete)
1611,2024-08-15,Observation du 2024-08-15 (ete)
1611,2024-08-17,Observation du 2024-08-17 (ete)
1611,2024-08-28,Observation du 2024-08-28 (ete)
1611,2024-09-05,Observation du 2024-09-05 (automne)
1611,2024-09-14,Observation du 2024-09-14 (automne)
1612,2024-05-26,Observation du 2024-05-26 (printemps)
1612,2024-05-29,Observation du 2024-05-29 (printemps)
1612,2024-05-30,Observation du 2024-05-30 (printemps)
1612,2024-06-05,Observation du 2024-06-05 (ete)
1612,2024-06-08,Observation du 2024-06-08 (ete)
1612,2024-06-09,Observation du 2024-06-09 (ete)
1612,2024-06-11,Observation du 2024-06-11 (ete)
1612,2024-06-15,Observation du 2024-06-15 (ete)
1612,2024-06-21,Observation du 2024-06-21 (ete)
1612,2024-06-23,Observation du 2024-06-23 (ete)
1612,2024-06-25,Observation du 2024-06-25 (ete)
1612,2024-06-27,Observation du 2024-06-27 (ete)
1612,2024-06-29,Observation du 2024-06-29 (ete)
1612,2024-07-01,Observation du 2024-07-01 (ete)
1612,2024-07-05,Observation du 2024-07-05 (ete)
1612,2024-07-09,Observation du 2024-07-09 (ete)
1612,2024-07-15,Observation du 2024-07-15 (ete)
1612,2024-07-22,Observation du 2024-07-22 (ete)
1613,2024-05-25,Observation du 2024-05-25 (printemps)
1613,2024-05-26,Observation du 2024-05-26 (printemps)
1613,2024-05-28,Observation du 2024-05-28 (printemps)
1613,2024-05-30,Observation du 2024-05-30 (printemps)
1613,2024-05-31,Observation du 2024-05-31 (printemps)
1613,2024-06-06,Observation du 2024-06-06 (ete)
1613,2024-06-07,Observation du 2024-06-07 (ete)
1613,2024-06-24,Observation du 2024-06-24 (ete)
1613,2024-06-28,Observation du 2024-06-28 (ete)
1613,2024-07-01,Observation du 2024-07-01 (ete)
1613,2024-07-02,Observation du 2024-07-02 (ete)
1613,2024-07-04,Observation du 2024-07-04 (ete)
1613,2024-07-05,Observation du 2024-07-05 (ete)
1613,2024-07-06,Observation du 2024-07-06 (ete)
1613,2024-07-08,Observation du 2024-07-08 (ete)
1613,2024-07-10,Observation du 2024-07-10 (ete)
1613,2024-07-17,Observation du 2024-07-17 (ete)
1613,2024-07-18,Observation du 2024-07-18 (ete)
1613,2024-08-10,Observation du 2024-08-10 (ete)
1613,2024-08-11,Observation du 2024-08-11 (ete)
1613,2024-08-15,Observation du 2024-08-15 (ete)
1613,2024-08-23,Observation du 2024-08-23 (ete)
1613,2024-08-26,Observation du 2024-08-26 (ete)
1613,2024-08-27,Observation du 2024-08-27 (ete)
1613,2024-08-28,Observation du 2024-08-28 (ete)
1613,2024-09-02,Observation du 2024-09-02 (automne)
1613,2024-09-03,Observation du 2024-09-03 (automne)
1613,2024-09-07,Observation du 2024-09-07 (automne)
1613,2024-09-13,Observation du 2024-09-13 (automne)
1613,2024-09-20,Observation du 2024-09-20 (automne)
1613,2024-09-22,Observation du 2024-09-22 (automne)
1613,2024-09-23,Observation du 2024-09-23 (automne)
1613,2024-09-25,Observation du 2024-09-25 (automne)
1613,2024-09-26,Observation du 2024-09-26 (automne)
1613,2024-09-27,Observation du 2024-09-27 (automne)
1613,2024-09-30,Observation du 2024-09-30 (automne)
1614,2024-05-22,Observation du 2024-05-22 (printemps)
1614,2024-05-25,Observation du 2024-05-25 (printemps)
1614,2024-05-27,Observation du 2024-05-27 (printemps)
1614,2024-06-01,Observation du 2024-06-01 (ete)
1614,2024-06-03,Observation du 2024-06-03 (ete)
1614,2024-06-05,Observation du 2024-06-05 (ete)
1614,2024-06-15,Observation du 2024-06-15 (ete)
1614,2024-06-20,Observation du 2024-06-20 (ete)
1614,2024-06-30,Observation du 2024-06-30 (ete)
1614,2024-07-02,Observation du 2024-07-02 (ete)
1614,2024-07-03,Observation du 2024-07-03 (ete)
1614,2024-07-10,Observation du 2024-07-10 (ete)
1614,2024-07-11,Observation du 2024-07-11 (ete)
1614,2024-07-12,Observation du 2024-07-12 (ete)
1614,2024-07-13,Observation du 2024-07-13 (ete)
1614,2024-07-19,Observation du 2024-07-19 (ete)
1614,2024-07-21,Observation du 2024-07-21 (ete)
1614,2024-07-24,Observation du 2024-07-24 (ete)
1614,2024-07-28,Observation du 2024-07-28 (ete)
1614,2024-07-31,Observation du 2024-07-31 (ete)
1615,2024-05-20,Observation du 2024-05-20 (printemps)
1615,2024-05-24,Observation du 2024-05-24 (printemps)
1615,2024-05-26,Observation du 2024-05-26 (printemps)
1615,2024-05-28,Observation du 2024-05-28 (printemps)
1615,2024-05-29,Observation du 2024-05-29 (printemps)
1615,2024-05-30,Observation du 2024-05-30 (printemps)
1615,2024-06-01,Observation du 2024-06-01 (ete)
1615,2024-06-02,Observation du 2024-06-02 (ete)
1615,2024-06-04,Observation du 2024-06-04 (ete)
1615,2024-06-05,Observation du 2024-06-05 (ete)
1615,2024-06-14,Observation du 2024-06-14 (ete)
1615,2024-06-25,Observation du 2024-06-25 (ete)
1615,2024-06-26,Observation du 2024-06-26 (ete)
1616,2024-05-25,Observation du 2024-05-25 (printemps)
1616,2024-05-26,Observation du 2024-05-26 (printemps)
1616,2024-05-29,Observation du 2024-05-29 (printemps)
1616,2024-05-31,Observation du 2024-05-31 (printemps)
1616,2024-06-08,Observation du 2024-06-08 (ete)
1616,2024-06-21,Observation du 2024-06-21 (ete)
1616,2024-06-27,Observation du 2024-06-27 (ete)
1616,2024-07-02,Observation du 2024-07-02 (ete)
1616,2024-07-03,Observation du 2024-07-03 (ete)
1616,2024-07-06,Observation du 2024-07-06 (ete)
1616,2024-07-07,Observation du 2024-07-07 (ete)
1616,2024-07-08,Observation du 2024-07-08 (ete)
1616,2024-07-11,Observation du 2024-07-11 (ete)
1616,2024-07-15,Observation du 2024-07-15 (ete)
1616,2024-07-18,Observation du 2024-07-18 (ete)
1616,2024-07-22,Observation du 2024-07-22 (ete)
1616,2024-07-28,Observation du 2024-07-28 (ete)
1616,2024-07-30,Observation du 2024-07-30 (ete)
1616,2024-08-07,Observation du 2024-08-07 (ete)
1616,2024-08-08,Observation du 2024-08-08 (ete)
1616,2024-08-10,Observation du 2024-08-10 (ete)
1616,2024-08-14,Observation du 2024-08-14 (ete)
1616,2024-08-18,Observation du 2024-08-18 (ete)
1616,2024-08-23,Observation du 2024-08-23 (ete)
1616,2024-08-25,Observation du 2024-08-25 (ete)
1617,2024-05-26,Observation du 2024-05-26 (printemps)
1617,2024-05-29,Observation du 2024-05-29 (printemps)
1617,2024-05-30,Observation du 2024-05-30 (printemps)
1617,2024-06-03,Observation du 2024-06-03 (ete)
1617,2024-06-07,Observation du 2024-06-07 (ete)
1617,2024-06-09,Observation du 2024-06-09 (ete)
1617,2024-06-10,Observation du 2024-06-10 (ete)
1617,2024-06-13,Observation du 2024-06-13 (ete)
1617,2024-06-23,Observation du 2024-06-23 (ete)
1617,2024-06-26,Observation du 2024-06-26 (ete)
1617,2024-06-27,Observation du 2024-06-27 (ete)
1617,2024-06-28,Observation du 2024-06-28 (ete)
1617,2024-07-02,Observation du 2024-07-02 (ete)
1617,2024-07-03,Observation du 2024-07-03 (ete)
1617,2024-07-05,Observation du 2024-07-05 (ete)
1617,2024-07-06,Observation du 2024-07-06 (ete)
1617,2024-07-09,Observation du 2024-07-09 (ete)
1617,2024-07-11,Observation du 2024-07-11 (ete)
1617,2024-07-19,Observation du 2024-07-19 (ete)
1617,2024-07-20,Observation du 2024-07-20 (ete)
1617,2024-07-25,Observation du 2024-07-25 (ete)
1618,2024-05-25,Observation du 2024-05-25 (printemps)
1618,2024-05-28,Observation du 2024-05-28 (printemps)
1618,2024-06-01,Observation du 2024-06-01 (ete)
1618,2024-06-10,Observation du 2024-06-10 (ete)
1618,2024-06-12,Observation du 2024-06-12 (ete)
1618,2024-06-14,Observation du 2024-06-14 (ete)
1618,2024-06-18,Observation du 2024-06-18 (ete)
1618,2024-06-21,Observation du 2024-06-21 (ete)
1618,2024-06-25,Observation du 2024-06-25 (ete)
1618,2024-07-03,Observation du 2024-07-03 (ete)
1618,2024-07-04,Observation du 2024-07-04 (ete)
1618,2024-07-05,Observation du 2024-07-05 (ete)
1618,2024-07-09,Observation du 2024-07-09 (ete)
1618,2024-07-13,Observation du 2024-07-13 (ete)
1618,2024-07-15,Observation du 2024-07-15 (ete)
1618,2024-07-17,Observation du 2024-07-17 (ete)
1618,2024-07-25,Observation du 2024-07-25 (ete)
1618,2024-07-29,Observation du 2024-07-29 (ete)
1618,2024-08-01,Observation du 2024-08-01 (ete)
1618,2024-08-07,Observation du 2024-08-07 (ete)
1618,2024-08-12,Observation du 2024-08-12 (ete)
1618,2024-08-20,Observation du 2024-08-20 (ete)
1618,2024-08-25,Observation du 2024-08-25 (ete)
1618,2024-08-27,Observation du 2024-08-27 (ete)
1618,2024-08-29,Observation du 2024-08-29 (ete)
1618,2024-08-31,Observation du 2024-08-31 (ete)
1618,2024-09-03,Observation du 2024-09-03 (automne)
1618,2024-09-06,Observation du 2024-09-06 (automne)
1618,2024-09-08,Observation du 2024-09-08 (automne)
1618,2024-09-11,Observation du 2024-09-11 (automne)
1618,2024-09-18,Observation du 2024-09-18 (automne)
1618,2024-09-19,Observation du 2024-09-19 (automne)
1618,2024-09-22,Observation du 2024-09-22 (automne)
1618,2024-09-23,Observation du 2024-09-23 (automne)
1619,2024-05-27,Observation du 2024-05-27 (printemps)
1619,2024-05-29,Observation du 2024-05-29 (printemps)
1619,2024-05-30,Observation du 2024-05-30 (printemps)
1619,2024-06-14,Observation du 2024-06-14 (ete)
1619,2024-06-19,Observation du 2024-06-19 (ete)
1619,2024-06-20,Observation du 2024-06-20 (ete)
1619,2024-06-26,Observation du 2024-06-26 (ete)
1619,2024-06-27,Observation du 2024-06-27 (ete)
1619,2024-06-29,Observation du 2024-06-29 (ete)
1619,2024-07-06,Observation du 2024-07-06 (ete)
1619,2024-07-14,Observation du 2024-07-14 (ete)
1619,2024-07-19,Observation du 2024-07-19 (ete)
1619,2024-07-22,Observation du 2024-07-22 (ete)
1619,2024-07-27,Observation du 2024-07-27 (ete)
1619,2024-07-29,Observation du 2024-07-29 (ete)
1619,2024-07-30,Observation du 2024-07-30 (ete)
1619,2024-07-31,Observation du 2024-07-31 (ete)
1619,2024-08-06,Observation du 2024-08-06 (ete)
1619,2024-08-08,Observation du 2024-08-08 (ete)
1619,2024-08-11,Observation du 2024-08-11 (ete)
1619,2024-08-12,Observation du 2024-08-12 (ete)
1619,2024-08-13,Observation du 2024-08-13 (ete)
1619,2024-08-16,Observation du 2024-08-16 (ete)
1619,2024-08-17,Observation du 2024-08-17 (ete)
1619,2024-08-20,Observation du 2024-08-20 (ete)
1619,2024-08-26,Observation du 2024-08-26 (ete)
1619,2024-08-27,Observation du 2024-08-27 (ete)
1619,2024-09-09,Observation du 2024-09-09 (automne)
1619,2024-09-13,Observation du 2024-09-13 (automne)
1619,2024-09-17,Observation du 2024-09-17 (automne)
1619,2024-09-18,Observation du 2024-09-18 (automne)
1619,2024-09-19,Observation du 2024-09-19 (automne)
1619,2024-09-20,Observation du 2024-09-20 (automne)
1619,2024-09-23,Observation du 2024-09-23 (automne)
1619,2024-09-25,Observation du 2024-09-25 (automne)
1619,2024-09-26,Observation du 2024-09-26 (automne)
1619,2024-09-28,Observation du 2024-09-28 (automne)
1620,2024-05-23,Observation du 2024-05-23 (printemps)
1620,2024-05-28,Observation du 2024-05-28 (printemps)
1620,2024-05-30,Observation du 2024-05-30 (printemps)
1620,2024-05-31,Observation du 2024-05-31 (printemps)
1620,2024-06-01,Observation du 2024-06-01 (ete)
1620,2024-06-05,Observation du 2024-06-05 (ete)
1620,2024-06-08,Observation du 2024-06-08 (ete)
1620,2024-06-13,Observation du 2024-06-13 (ete)
1620,2024-06-19,Observation du 2024-06-19 (ete)
1620,2024-06-23,Observation du 2024-06-23 (ete)
1620,2024-06-26,Observation du 2024-06-26 (ete)
1620,2024-07-01,Observation du 2024-07-01 (ete)
1620,2024-07-03,Observation du 2024-07-03 (ete)
1620,2024-07-05,Observation du 2024-07-05 (ete)
1620,2024-07-08,Observation du 2024-07-08 (ete)
1620,2024-07-12,Observation du 2024-07-12 (ete)
1620,2024-07-13,Observation du 2024-07-13 (ete)
1620,2024-07-16,Observation du 2024-07-16 (ete)
1620,2024-07-19,Observation du 2024-07-19 (ete)
1621,2024-05-26,Observation du 2024-05-26 (printemps)
1621,2024-05-27,Observation du 2024-05-27 (printemps)
1621,2024-05-30,Observation du 2024-05-30 (printemps)
1621,2024-05-31,Observation du 2024-05-31 (printemps)
1621,2024-06-07,Observation du 2024-06-07 (ete)
1621,2024-06-08,Observation du 2024-06-08 (ete)
1621,2024-06-09,Observation du 2024-06-09 (ete)
1621,2024-06-10,Observation du 2024-06-10 (ete)
1621,2024-06-11,Observation du 2024-06-11 (ete)
1621,2024-06-12,Observation du 2024-06-12 (ete)
1621,2024-06-14,Observation du 2024-06-14 (ete)
1621,2024-06-18,Observation du 2024-06-18 (ete)
1621,2024-06-20,Observation du 2024-06-20 (ete)
1621,2024-07-04,Observation du 2024-07-04 (ete)
1621,2024-07-05,Observation du 2024-07-05 (ete)
1621,2024-07-07,Observation du 2024-07-07 (ete)
1621,2024-07-10,Observation du 2024-07-10 (ete)
1621,2024-07-16,Observation du 2024-07-16 (ete)
1621,2024-07-26,Observation du 2024-07-26 (ete)
1621,2024-08-02,Observation du 2024-08-02 (ete)
1621,2024-08-05,Observation du 2024-08-05 (ete)
1621,2024-08-06,Observation du 2024-08-06 (ete)
1621,2024-08-08,Observation du 2024-08-08 (ete)
1621,2024-08-10,Observation du 2024-08-10 (ete)
1621,2024-08-16,Observation du 2024-08-16 (ete)
1621,2024-08-19,Observation du 2024-08-19 (ete)
1621,2024-09-09,Observation du 2024-09-09 (automne)
1621,2024-09-10,Observation du 2024-09-10 (automne)
1621,2024-09-16,Observation du 2024-09-16 (automne)
1621,2024-09-17,Observation du 2024-09-17 (automne)
1622,2024-05-25,Observation du 2024-05-25 (printemps)
1622,2024-05-27,Observation du 2024-05-27 (printemps)
1622,2024-05-28,Observation du 2024-05-28 (printemps)
1622,2024-05-30,Observation du 2024-05-30 (printemps)
1622,2024-05-31,Observation du 2024-05-31 (printemps)
1622,2024-06-05,Observation du 2024-06-05 (ete)
1622,2024-06-08,Observation du 2024-06-08 (ete)
1622,2024-06-09,Observation du 2024-06-09 (ete)
1622,2024-06-11,Observation du 2024-06-11 (ete)
1622,2024-06-12,Observation du 2024-06-12 (ete)
1622,2024-06-14,Observation du 2024-06-14 (ete)
1622,2024-06-16,Observation du 2024-06-16 (ete)
1622,2024-06-18,Observation du 2024-06-18 (ete)
1622,2024-06-23,Observation du 2024-06-23 (ete)
1622,2024-06-25,Observation du 2024-06-25 (ete)
1622,2024-06-26,Observation du 2024-06-26 (ete)
1622,2024-06-30,Observation du 2024-06-30 (ete)
1622,2024-07-03,Observation du 2024-07-03 (ete)
1622,2024-07-08,Observation du 2024-07-08 (ete)
1622,2024-07-18,Observation du 2024-07-18 (ete)
1622,2024-07-23,Observation du 2024-07-23 (ete)
1622,2024-07-24,Observation du 2024-07-24 (ete)
1622,2024-07-26,Observation du 2024-07-26 (ete)
1622,2024-07-30,Observation du 2024-07-30 (ete)
1622,2024-07-31,Observation du 2024-07-31 (ete)
1622,2024-08-03,Observation du 2024-08-03 (ete)
1622,2024-08-12,Observation du 2024-08-12 (ete)
1622,2024-08-16,Observation du 2024-08-16 (ete)
1622,2024-08-18,Observation du 2024-08-18 (ete)
1622,2024-08-27,Observation du 2024-08-27 (ete)
1622,2024-09-09,Observation du 2024-09-09 (automne)
1622,2024-09-16,Observation du 2024-09-16 (automne)
1622,2024-09-17,Observation du 2024-09-17 (automne)
1623,2024-05-20,Observation du 2024-05-20 (printemps)
1623,2024-05-22,Observation du 2024-05-22 (printemps)
1623,2024-05-23,Observation du 2024-05-23 (printemps)
1623,2024-05-25,Observation du 2024-05-25 (printemps)
1623,2024-05-28,Observation du 2024-05-28 (printemps)
1623,2024-06-02,Observation du 2024-06-02 (ete)
1623,2024-06-11,Observation du 2024-06-11 (ete)
1623,2024-06-17,Observation du 2024-06-17 (ete)
1623,2024-06-30,Observation du 2024-06-30 (ete)
1623,2024-07-03,Observation du 2024-07-03 (ete)
1623,2024-07-04,Observation du 2024-07-04 (ete)
1623,2024-07-05,Observation du 2024-07-05 (ete)
1623,2024-07-18,Observation du 2024-07-18 (ete)
1623,2024-07-19,Observation du 2024-07-19 (ete)
1623,2024-07-21,Observation du 2024-07-21 (ete)
1623,2024-07-22,Observation du 2024-07-22 (ete)
1623,2024-07-25,Observation du 2024-07-25 (ete)
1623,2024-07-26,Observation du 2024-07-26 (ete)
1623,2024-07-27,Observation du 2024-07-27 (ete)
1623,2024-07-29,Observation du 2024-07-29 (ete)
1623,2024-07-30,Observation du 2024-07-30 (ete)
1623,2024-08-01,Observation du 2024-08-01 (ete)
1624,2024-05-27,Observation du 2024-05-27 (printemps)
1624,2024-05-29,Observation du 2024-05-29 (printemps)
1624,2024-05-30,Observation du 2024-05-30 (printemps)
1624,2024-06-01,Observation du 2024-06-01 (ete)
1624,2024-06-02,Observation du 2024-06-02 (ete)
1624,2024-06-04,Observation du 2024-06-04 (ete)
1624,2024-06-05,Observation du 2024-06-05 (ete)
1624,2024-06-06,Observation du 2024-06-06 (ete)
1624,2024-06-08,Observation du 2024-06-08 (ete)
1624,2024-06-11,Observation du 2024-06-11 (ete)
1624,2024-06-13,Observation du 2024-06-13 (ete)
1624,2024-06-18,Observation du 2024-06-18 (ete)
1624,2024-06-22,Observation du 2024-06-22 (ete)
1624,2024-06-23,Observation du 2024-06-23 (ete)
1624,2024-06-27,Observation du 2024-06-27 (ete)
1624,2024-06-28,Observation du 2024-06-28 (ete)
1625,2024-05-21,Observation du 2024-05-21 (printemps)
1625,2024-05-25,Observation du 2024-05-25 (printemps)
1625,2024-05-27,Observation du 2024-05-27 (printemps)
1625,2024-05-28,Observation du 2024-05-28 (printemps)
1625,2024-06-02,Observation du 2024-06-02 (ete)
1625,2024-06-06,Observation du 2024-06-06 (ete)
1625,2024-06-11,Observation du 2024-06-11 (ete)
1625,2024-06-12,Observation du 2024-06-12 (ete)
1625,2024-06-13,Observation du 2024-06-13 (ete)
1625,2024-06-15,Observation du 2024-06-15 (ete)
1625,2024-06-18,Observation du 2024-06-18 (ete)
1625,2024-06-20,Observation du 2024-06-20 (ete)
1626,2024-05-22,Observation du 2024-05-22 (printemps)
1626,2024-05-29,Observation du 2024-05-29 (printemps)
1626,2024-05-31,Observation du 2024-05-31 (printemps)
1626,2024-06-01,Observation du 2024-06-01 (ete)
1626,2024-06-05,Observation du 2024-06-05 (ete)
1626,2024-06-06,Observation du 2024-06-06 (ete)
1626,2024-06-09,Observation du 2024-06-09 (ete)
1626,2024-06-11,Observation du 2024-06-11 (ete)
1626,2024-06-12,Observation du 2024-06-12 (ete)
1626,2024-06-19,Observation du 2024-06-19 (ete)
1626,2024-07-04,Observation du 2024-07-04 (ete)
1626,2024-07-10,Observation du 2024-07-10 (ete)
1626,2024-07-13,Observation du 2024-07-13 (ete)
1626,2024-07-14,Observation du 2024-07-14 (ete)
1626,2024-07-19,Observation du 2024-07-19 (ete)
1626,2024-07-30,Observation du 2024-07-30 (ete)
1626,2024-08-02,Observation du 2024-08-02 (ete)
1626,2024-08-10,Observation du 2024-08-10 (ete)
1626,2024-08-15,Observation du 2024-08-15 (ete)
1626,2024-08-17,Observation du 2024-08-17 (ete)
1626,2024-08-18,Observation du 2024-08-18 (ete)
1626,2024-08-20,Observation du 2024-08-20 (ete)
1626,2024-08-21,Observation du 2024-08-21 (ete)
1626,2024-08-22,Observation du 2024-08-22 (ete)
1626,2024-08-31,Observation du 2024-08-31 (ete)
1626,2024-09-04,Observation du 2024-09-04 (automne)
1626,2024-09-05,Observation du 2024-09-05 (automne)
1626,2024-09-09,Observation du 2024-09-09 (automne)
1626,2024-09-11,Observation du 2024-09-11 (automne)
1626,2024-09-13,Observation du 2024-09-13 (automne)
1626,2024-09-14,Observation du 2024-09-14 (automne)
1626,2024-09-15,Observation du 2024-09-15 (automne)
1627,2024-05-30,Observation du 2024-05-30 (printemps)
1627,2024-06-07,Observation du 2024-06-07 (ete)
1627,2024-06-08,Observation du 2024-06-08 (ete)
1627,2024-06-10,Observation du 2024-06-10 (ete)
1627,2024-06-18,Observation du 2024-06-18 (ete)
1627,2024-06-19,Observation du 2024-06-19 (ete)
1627,2024-06-20,Observation du 2024-06-20 (ete)
1627,2024-06-30,Observation du 2024-06-30 (ete)
1627,2024-07-02,Observation du 2024-07-02 (ete)
1627,2024-07-03,Observation du 2024-07-03 (ete)
1627,2024-07-04,Observation du 2024-07-04 (ete)
1627,2024-07-05,Observation du 2024-07-05 (ete)
1627,2024-07-10,Observation du 2024-07-10 (ete)
1627,2024-07-11,Observation du 2024-07-11 (ete)
1627,2024-07-12,Observation du 2024-07-12 (ete)
1627,2024-07-13,Observation du 2024-07-13 (ete)
1627,2024-07-14,Observation du 2024-07-14 (ete)
1627,2024-07-19,Observation du 2024-07-19 (ete)
1627,2024-07-28,Observation du 2024-07-28 (ete)
1627,2024-07-29,Observation du 2024-07-29 (ete)
1627,2024-07-30,Observation du 2024-07-30 (ete)
1627,2024-08-01,Observation du 2024-08-01 (ete)
1627,2024-08-03,Observation du 2024-08-03 (ete)
1627,2024-08-09,Observation du 2024-08-09 (ete)
1627,2024-08-13,Observation du 2024-08-13 (ete)
1627,2024-08-14,Observation du 2024-08-14 (ete)
1627,2024-08-16,Observation du 2024-08-16 (ete)
1627,2024-08-22,Observation du 2024-08-22 (ete)
1627,2024-09-02,Observation du 2024-09-02 (automne)
1627,2024-09-06,Observation du 2024-09-06 (automne)
1627,2024-09-07,Observation du 2024-09-07 (automne)
1627,2024-09-08,Observation du 2024-09-08 (automne)
1627,2024-09-10,Observation du 2024-09-10 (automne)
1627,2024-09-11,Observation du 2024-09-11 (automne)
1627,2024-09-14,Observation du 2024-09-14 (automne)
1627,2024-09-16,Observation du 2024-09-16 (automne)
1627,2024-09-18,Observation du 2024-09-18 (automne)
1627,2024-09-23,Observation du 2024-09-23 (automne)
1627,2024-09-30,Observation du 2024-09-30 (automne)
1628,2024-05-18,Observation du 2024-05-18 (printemps)
1628,2024-05-19,Observation du 2024-05-19 (printemps)
1628,2024-05-20,Observation du 2024-05-20 (printemps)
1628,2024-05-21,Observation du 2024-05-21 (printemps)
1628,2024-05-23,Observation du 2024-05-23 (printemps)
1628,2024-05-24,Observation du 2024-05-24 (printemps)
1628,2024-05-25,Observation du 2024-05-25 (printemps)
1628,2024-05-26,Observation du 2024-05-26 (printemps)
1628,2024-05-31,Observation du 2024-05-31 (printemps)
1628,2024-06-01,Observation du 2024-06-01 (ete)
1628,2024-06-05,Observation du 2024-06-05 (ete)
1628,2024-06-11,Observation du 2024-06-11 (ete)
1628,2024-06-23,Observation du 2024-06-23 (ete)
1628,2024-06-24,Observation du 2024-06-24 (ete)
1628,2024-07-02,Observation du 2024-07-02 (ete)
1628,2024-07-05,Observation du 2024-07-05 (ete)
1628,2024-07-08,Observation du 2024-07-08 (ete)
1628,2024-07-17,Observation du 2024-07-17 (ete)
1628,2024-07-19,Observation du 2024-07-19 (ete)
1628,2024-07-25,Observation du 2024-07-25 (ete)
1628,2024-08-04,Observation du 2024-08-04 (ete)
1628,2024-08-07,Observation du 2024-08-07 (ete)
1628,2024-08-12,Observation du 2024-08-12 (ete)
1630,2024-05-24,Observation du 2024-05-24 (printemps)
1630,2024-05-29,Observation du 2024-05-29 (printemps)
1630,2024-05-30,Observation du 2024-05-30 (printemps)
1630,2024-06-06,Observation du 2024-06-06 (ete)
1630,2024-06-08,Observation du 2024-06-08 (ete)
1630,2024-06-10,Observation du 2024-06-10 (ete)
1630,2024-06-11,Observation du 2024-06-11 (ete)
1630,2024-06-16,Observation du 2024-06-16 (ete)
1630,2024-06-17,Observation du 2024-06-17 (ete)
1630,2024-06-20,Observation du 2024-06-20 (ete)
1630,2024-06-22,Observation du 2024-06-22 (ete)
1630,2024-06-29,Observation du 2024-06-29 (ete)
1630,2024-07-07,Observation du 2024-07-07 (ete)
1630,2024-07-15,Observation du 2024-07-15 (ete)
1630,2024-07-20,Observation du 2024-07-20 (ete)
1630,2024-07-21,Observation du 2024-07-21 (ete)
1630,2024-07-25,Observation du 2024-07-25 (ete)
1630,2024-07-26,Observation du 2024-07-26 (ete)
1630,2024-07-29,Observation du 2024-07-29 (ete)
1630,2024-08-11,Observation du 2024-08-11 (ete)
1630,2024-08-18,Observation du 2024-08-18 (ete)
1632,2024-05-21,Observation du 2024-05-21 (printemps)
1632,2024-05-22,Observation du 2024-05-22 (printemps)
1632,2024-05-25,Observation du 2024-05-25 (printemps)
1632,2024-05-27,Observation du 2024-05-27 (printemps)
1632,2024-05-28,Observation du 2024-05-28 (printemps)
1632,2024-06-05,Observation du 2024-06-05 (ete)
1632,2024-06-07,Observation du 2024-06-07 (ete)
1632,2024-06-12,Observation du 2024-06-12 (ete)
1632,2024-06-14,Observation du 2024-06-14 (ete)
1632,2024-06-23,Observation du 2024-06-23 (ete)
1632,2024-07-09,Observation du 2024-07-09 (ete)
1632,2024-07-16,Observation du 2024-07-16 (ete)
1632,2024-07-20,Observation du 2024-07-20 (ete)
1632,2024-07-25,Observation du 2024-07-25 (ete)
1632,2024-07-26,Observation du 2024-07-26 (ete)
1632,2024-07-29,Observation du 2024-07-29 (ete)
1632,2024-08-05,Observation du 2024-08-05 (ete)
1632,2024-08-12,Observation du 2024-08-12 (ete)
1632,2024-08-17,Observation du 2024-08-17 (ete)
1632,2024-08-21,Observation du 2024-08-21 (ete)
1632,2024-08-29,Observation du 2024-08-29 (ete)
1632,2024-08-30,Observation du 2024-08-30 (ete)
1632,2024-09-03,Observation du 2024-09-03 (automne)
1632,2024-09-12,Observation du 2024-09-12 (automne)
1632,2024-09-14,Observation du 2024-09-14 (automne)
1632,2024-09-15,Observation du 2024-09-15 (automne)
1632,2024-09-17,Observation du 2024-09-17 (automne)
1632,2024-09-18,Observation du 2024-09-18 (automne)
1632,2024-09-21,Observation du 2024-09-21 (automne)
1632,2024-09-26,Observation du 2024-09-26 (automne)
1632,2024-09-29,Observation du 2024-09-29 (automne)
1634,2024-05-22,Observation du 2024-05-22 (printemps)
1634,2024-05-28,Observation du 2024-05-28 (printemps)
1634,2024-05-30,Observation du 2024-05-30 (printemps)
1634,2024-06-01,Observation du 2024-06-01 (ete)
1634,2024-06-13,Observation du 2024-06-13 (ete)
1634,2024-06-14,Observation du 2024-06-14 (ete)
1634,2024-06-16,Observation du 2024-06-16 (ete)
1634,2024-06-18,Observation du 2024-06-18 (ete)
1634,2024-06-22,Observation du 2024-06-22 (ete)
1637,2024-05-24,Observation du 2024-05-24 (printemps)
1637,2024-05-26,Observation du 2024-05-26 (printemps)
1637,2024-05-29,Observation du 2024-05-29 (printemps)
1637,2024-05-31,Observation du 2024-05-31 (printemps)
1637,2024-06-04,Observation du 2024-06-04 (ete)
1637,2024-06-06,Observation du 2024-06-06 (ete)
1637,2024-06-08,Observation du 2024-06-08 (ete)
1637,2024-06-13,Observation du 2024-06-13 (ete)
1637,2024-06-16,Observation du 2024-06-16 (ete)
1637,2024-06-18,Observation du 2024-06-18 (ete)
1637,2024-06-25,Observation du 2024-06-25 (ete)
1637,2024-06-27,Observation du 2024-06-27 (ete)
1637,2024-07-02,Observation du 2024-07-02 (ete)
1637,2024-07-06,Observation du 2024-07-06 (ete)
1637,2024-07-09,Observation du 2024-07-09 (ete)
1637,2024-07-22,Observation du 2024-07-22 (ete)
1637,2024-08-02,Observation du 2024-08-02 (ete)
1637,2024-08-05,Observation du 2024-08-05 (ete)
1637,2024-08-09,Observation du 2024-08-09 (ete)
1637,2024-08-16,Observation du 2024-08-16 (ete)
1637,2024-08-18,Observation du 2024-08-18 (ete)
1639,2024-05-28,Observation du 2024-05-28 (printemps)
1639,2024-05-31,Observation du 2024-05-31 (printemps)
1639,2024-06-04,Observation du 2024-06-04 (ete)
1639,2024-06-07,Observation du 2024-06-07 (ete)
1639,2024-06-08,Observation du 2024-06-08 (ete)
1639,2024-06-09,Observation du 2024-06-09 (ete)
1639,2024-06-14,Observation du 2024-06-14 (ete)
1639,2024-06-16,Observation du 2024-06-16 (ete)
1639,2024-06-20,Observation du 2024-06-20 (ete)
1639,2024-06-23,Observation du 2024-06-23 (ete)
1639,2024-07-01,Observation du 2024-07-01 (ete)
1639,2024-07-08,Observation du 2024-07-08 (ete)
1639,2024-07-15,Observation du 2024-07-15 (ete)
1639,2024-07-19,Observation du 2024-07-19 (ete)
1639,2024-07-25,Observation du 2024-07-25 (ete)
1639,2024-07-27,Observation du 2024-07-27 (ete)
1639,2024-07-29,Observation du 2024-07-29 (ete)
1639,2024-07-31,Observation du 2024-07-31 (ete)
1639,2024-08-03,Observation du 2024-08-03 (ete)
1639,2024-08-06,Observation du 2024-08-06 (ete)
1639,2024-08-12,Observation du 2024-08-12 (ete)
1639,2024-08-13,Observation du 2024-08-13 (ete)
1639,2024-08-19,Observation du 2024-08-19 (ete)
1639,2024-08-20,Observation du 2024-08-20 (ete)
1639,2024-08-27,Observation du 2024-08-27 (ete)
1639,2024-08-29,Observation du 2024-08-29 (ete)
1639,2024-09-01,Observation du 2024-09-01 (automne)
1639,2024-09-02,Observation du 2024-09-02 (automne)
1640,2024-05-27,Observation du 2024-05-27 (printemps)
1640,2024-05-29,Observation du 2024-05-29 (printemps)
1640,2024-06-03,Observation du 2024-06-03 (ete)
1640,2024-06-06,Observation du 2024-06-06 (ete)
1640,2024-06-12,Observation du 2024-06-12 (ete)
1640,2024-06-19,Observation du 2024-06-19 (ete)
1640,2024-06-26,Observation du 2024-06-26 (ete)
1640,2024-06-27,Observation du 2024-06-27 (ete)
1640,2024-06-29,Observation du 2024-06-29 (ete)
1640,2024-06-30,Observation du 2024-06-30 (ete)
1640,2024-07-08,Observation du 2024-07-08 (ete)
1640,2024-07-09,Observation du 2024-07-09 (ete)
1640,2024-07-11,Observation du 2024-07-11 (ete)
1640,2024-07-13,Observation du 2024-07-13 (ete)
1640,2024-07-15,Observation du 2024-07-15 (ete)
1640,2024-07-18,Observation du 2024-07-18 (ete)
1642,2024-05-28,Observation du 2024-05-28 (printemps)
1642,2024-05-29,Observation du 2024-05-29 (printemps)
1642,2024-06-03,Observation du 2024-06-03 (ete)
1642,2024-06-04,Observation du 2024-06-04 (ete)
1642,2024-06-05,Observation du 2024-06-05 (ete)
1642,2024-06-18,Observation du 2024-06-18 (ete)
1642,2024-06-19,Observation du 2024-06-19 (ete)
1642,2024-06-20,Observation du 2024-06-20 (ete)
1642,2024-06-22,Observation du 2024-06-22 (ete)
1642,2024-06-23,Observation du 2024-06-23 (ete)
1642,2024-06-25,Observation du 2024-06-25 (ete)
1642,2024-07-02,Observation du 2024-07-02 (ete)
1642,2024-07-06,Observation du 2024-07-06 (ete)
1642,2024-07-12,Observation du 2024-07-12 (ete)
1642,2024-07-14,Observation du 2024-07-14 (ete)
1642,2024-07-15,Observation du 2024-07-15 (ete)
1642,2024-07-18,Observation du 2024-07-18 (ete)
1642,2024-07-23,Observation du 2024-07-23 (ete)
1642,2024-07-24,Observation du 2024-07-24 (ete)
1642,2024-07-27,Observation du 2024-07-27 (ete)
1642,2024-07-28,Observation du 2024-07-28 (ete)
1642,2024-07-30,Observation du 2024-07-30 (ete)
1642,2024-08-01,Observation du 2024-08-01 (ete)
1642,2024-08-12,Observation du 2024-08-12 (ete)
1642,2024-08-23,Observation du 2024-08-23 (ete)
1642,2024-08-24,Observation du 2024-08-24 (ete)
1642,2024-08-25,Observation du 2024-08-25 (ete)
1642,2024-08-30,Observation du 2024-08-30 (ete)
1642,2024-09-02,Observation du 2024-09-02 (automne)
1642,2024-09-03,Observation du 2024-09-03 (automne)
1661,2024-08-11,Observation du 2024-08-11 (ete)
1644,2024-05-27,Observation du 2024-05-27 (printemps)
1644,2024-05-29,Observation du 2024-05-29 (printemps)
1644,2024-06-02,Observation du 2024-06-02 (ete)
1644,2024-06-07,Observation du 2024-06-07 (ete)
1644,2024-06-10,Observation du 2024-06-10 (ete)
1644,2024-06-16,Observation du 2024-06-16 (ete)
1644,2024-06-27,Observation du 2024-06-27 (ete)
1644,2024-06-30,Observation du 2024-06-30 (ete)
1644,2024-07-07,Observation du 2024-07-07 (ete)
1644,2024-07-15,Observation du 2024-07-15 (ete)
1644,2024-07-17,Observation du 2024-07-17 (ete)
1645,2024-05-24,Observation du 2024-05-24 (printemps)
1645,2024-05-28,Observation du 2024-05-28 (printemps)
1645,2024-05-29,Observation du 2024-05-29 (printemps)
1645,2024-05-31,Observation du 2024-05-31 (printemps)
1645,2024-06-05,Observation du 2024-06-05 (ete)
1645,2024-06-06,Observation du 2024-06-06 (ete)
1645,2024-06-10,Observation du 2024-06-10 (ete)
1645,2024-06-16,Observation du 2024-06-16 (ete)
1645,2024-06-17,Observation du 2024-06-17 (ete)
1645,2024-06-19,Observation du 2024-06-19 (ete)
1645,2024-06-21,Observation du 2024-06-21 (ete)
1645,2024-06-30,Observation du 2024-06-30 (ete)
1645,2024-07-01,Observation du 2024-07-01 (ete)
1645,2024-07-03,Observation du 2024-07-03 (ete)
1645,2024-07-12,Observation du 2024-07-12 (ete)
1645,2024-07-16,Observation du 2024-07-16 (ete)
1645,2024-07-17,Observation du 2024-07-17 (ete)
1645,2024-07-21,Observation du 2024-07-21 (ete)
1645,2024-07-25,Observation du 2024-07-25 (ete)
1645,2024-08-01,Observation du 2024-08-01 (ete)
1645,2024-08-12,Observation du 2024-08-12 (ete)
1645,2024-08-14,Observation du 2024-08-14 (ete)
1645,2024-08-20,Observation du 2024-08-20 (ete)
1645,2024-08-21,Observation du 2024-08-21 (ete)
1645,2024-08-22,Observation du 2024-08-22 (ete)
1645,2024-08-26,Observation du 2024-08-26 (ete)
1645,2024-09-03,Observation du 2024-09-03 (automne)
1645,2024-09-13,Observation du 2024-09-13 (automne)
1645,2024-09-15,Observation du 2024-09-15 (automne)
1645,2024-09-16,Observation du 2024-09-16 (automne)
1645,2024-09-18,Observation du 2024-09-18 (automne)
1645,2024-09-25,Observation du 2024-09-25 (automne)
1645,2024-09-30,Observation du 2024-09-30 (automne)
1646,2024-05-22,Observation du 2024-05-22 (printemps)
1646,2024-05-23,Observation du 2024-05-23 (printemps)
1646,2024-05-26,Observation du 2024-05-26 (printemps)
1646,2024-06-05,Observation du 2024-06-05 (ete)
1646,2024-06-11,Observation du 2024-06-11 (ete)
1646,2024-06-20,Observation du 2024-06-20 (ete)
1646,2024-06-29,Observation du 2024-06-29 (ete)
1646,2024-07-01,Observation du 2024-07-01 (ete)
1646,2024-07-03,Observation du 2024-07-03 (ete)
1646,2024-07-07,Observation du 2024-07-07 (ete)
1646,2024-07-08,Observation du 2024-07-08 (ete)
1646,2024-07-18,Observation du 2024-07-18 (ete)
1646,2024-08-02,Observation du 2024-08-02 (ete)
1646,2024-08-06,Observation du 2024-08-06 (ete)
1646,2024-08-09,Observation du 2024-08-09 (ete)
1646,2024-08-11,Observation du 2024-08-11 (ete)
1646,2024-08-21,Observation du 2024-08-21 (ete)
1646,2024-08-22,Observation du 2024-08-22 (ete)
1646,2024-08-24,Observation du 2024-08-24 (ete)
1646,2024-08-27,Observation du 2024-08-27 (ete)
1646,2024-08-30,Observation du 2024-08-30 (ete)
1646,2024-09-02,Observation du 2024-09-02 (automne)
1648,2024-05-21,Observation du 2024-05-21 (printemps)
1648,2024-05-23,Observation du 2024-05-23 (printemps)
1648,2024-05-24,Observation du 2024-05-24 (printemps)
1648,2024-05-26,Observation du 2024-05-26 (printemps)
1648,2024-05-28,Observation du 2024-05-28 (printemps)
1648,2024-05-30,Observation du 2024-05-30 (printemps)
1648,2024-06-11,Observation du 2024-06-11 (ete)
1648,2024-06-12,Observation du 2024-06-12 (ete)
1648,2024-06-17,Observation du 2024-06-17 (ete)
1648,2024-06-19,Observation du 2024-06-19 (ete)
1648,2024-06-27,Observation du 2024-06-27 (ete)
1648,2024-07-02,Observation du 2024-07-02 (ete)
1648,2024-07-03,Observation du 2024-07-03 (ete)
1648,2024-07-04,Observation du 2024-07-04 (ete)
1648,2024-07-06,Observation du 2024-07-06 (ete)
1648,2024-07-12,Observation du 2024-07-12 (ete)
1648,2024-07-17,Observation du 2024-07-17 (ete)
1648,2024-07-22,Observation du 2024-07-22 (ete)
1648,2024-07-23,Observation du 2024-07-23 (ete)
1648,2024-07-29,Observation du 2024-07-29 (ete)
1648,2024-07-30,Observation du 2024-07-30 (ete)
1649,2024-05-20,Observation du 2024-05-20 (printemps)
1649,2024-05-21,Observation du 2024-05-21 (printemps)
1649,2024-05-25,Observation du 2024-05-25 (printemps)
1649,2024-06-01,Observation du 2024-06-01 (ete)
1649,2024-06-02,Observation du 2024-06-02 (ete)
1649,2024-06-09,Observation du 2024-06-09 (ete)
1649,2024-06-11,Observation du 2024-06-11 (ete)
1649,2024-06-12,Observation du 2024-06-12 (ete)
1649,2024-06-17,Observation du 2024-06-17 (ete)
1649,2024-06-19,Observation du 2024-06-19 (ete)
1649,2024-07-01,Observation du 2024-07-01 (ete)
1649,2024-07-02,Observation du 2024-07-02 (ete)
1649,2024-07-13,Observation du 2024-07-13 (ete)
1649,2024-07-15,Observation du 2024-07-15 (ete)
1649,2024-07-18,Observation du 2024-07-18 (ete)
1649,2024-07-21,Observation du 2024-07-21 (ete)
1649,2024-07-22,Observation du 2024-07-22 (ete)
1649,2024-07-25,Observation du 2024-07-25 (ete)
1649,2024-08-08,Observation du 2024-08-08 (ete)
1649,2024-08-12,Observation du 2024-08-12 (ete)
1649,2024-08-14,Observation du 2024-08-14 (ete)
1649,2024-08-22,Observation du 2024-08-22 (ete)
1649,2024-09-01,Observation du 2024-09-01 (automne)
1649,2024-09-02,Observation du 2024-09-02 (automne)
1649,2024-09-03,Observation du 2024-09-03 (automne)
1649,2024-09-06,Observation du 2024-09-06 (automne)
1649,2024-09-08,Observation du 2024-09-08 (automne)
1651,2024-05-23,Observation du 2024-05-23 (printemps)
1651,2024-05-25,Observation du 2024-05-25 (printemps)
1651,2024-05-26,Observation du 2024-05-26 (printemps)
1651,2024-05-28,Observation du 2024-05-28 (printemps)
1651,2024-05-31,Observation du 2024-05-31 (printemps)
1651,2024-06-03,Observation du 2024-06-03 (ete)
1651,2024-06-04,Observation du 2024-06-04 (ete)
1651,2024-06-05,Observation du 2024-06-05 (ete)
1651,2024-06-06,Observation du 2024-06-06 (ete)
1651,2024-06-10,Observation du 2024-06-10 (ete)
1651,2024-06-18,Observation du 2024-06-18 (ete)
1651,2024-06-22,Observation du 2024-06-22 (ete)
1651,2024-06-24,Observation du 2024-06-24 (ete)
1651,2024-06-26,Observation du 2024-06-26 (ete)
1651,2024-06-29,Observation du 2024-06-29 (ete)
1651,2024-07-01,Observation du 2024-07-01 (ete)
1651,2024-07-02,Observation du 2024-07-02 (ete)
1651,2024-07-04,Observation du 2024-07-04 (ete)
1651,2024-07-06,Observation du 2024-07-06 (ete)
1651,2024-07-08,Observation du 2024-07-08 (ete)
1651,2024-07-13,Observation du 2024-07-13 (ete)
1651,2024-07-15,Observation du 2024-07-15 (ete)
1651,2024-07-20,Observation du 2024-07-20 (ete)
1651,2024-07-23,Observation du 2024-07-23 (ete)
1651,2024-07-29,Observation du 2024-07-29 (ete)
1651,2024-08-01,Observation du 2024-08-01 (ete)
1651,2024-08-02,Observation du 2024-08-02 (ete)
1651,2024-08-04,Observation du 2024-08-04 (ete)
1651,2024-08-07,Observation du 2024-08-07 (ete)
1651,2024-08-08,Observation du 2024-08-08 (ete)
1651,2024-08-09,Observation du 2024-08-09 (ete)
1651,2024-08-13,Observation du 2024-08-13 (ete)
1651,2024-08-15,Observation du 2024-08-15 (ete)
1651,2024-08-17,Observation du 2024-08-17 (ete)
1652,2024-05-26,Observation du 2024-05-26 (printemps)
1652,2024-05-27,Observation du 2024-05-27 (printemps)
1652,2024-05-28,Observation du 2024-05-28 (printemps)
1652,2024-05-30,Observation du 2024-05-30 (printemps)
1652,2024-05-31,Observation du 2024-05-31 (printemps)
1652,2024-06-01,Observation du 2024-06-01 (ete)
1652,2024-06-02,Observation du 2024-06-02 (ete)
1652,2024-06-03,Observation du 2024-06-03 (ete)
1652,2024-06-07,Observation du 2024-06-07 (ete)
1652,2024-06-08,Observation du 2024-06-08 (ete)
1652,2024-06-19,Observation du 2024-06-19 (ete)
1652,2024-06-23,Observation du 2024-06-23 (ete)
1652,2024-06-27,Observation du 2024-06-27 (ete)
1652,2024-06-28,Observation du 2024-06-28 (ete)
1652,2024-06-29,Observation du 2024-06-29 (ete)
1652,2024-07-05,Observation du 2024-07-05 (ete)
1652,2024-07-07,Observation du 2024-07-07 (ete)
1652,2024-07-10,Observation du 2024-07-10 (ete)
1653,2024-05-23,Observation du 2024-05-23 (printemps)
1653,2024-05-24,Observation du 2024-05-24 (printemps)
1653,2024-05-25,Observation du 2024-05-25 (printemps)
1653,2024-05-26,Observation du 2024-05-26 (printemps)
1653,2024-05-27,Observation du 2024-05-27 (printemps)
1653,2024-05-28,Observation du 2024-05-28 (printemps)
1653,2024-05-30,Observation du 2024-05-30 (printemps)
1653,2024-05-31,Observation du 2024-05-31 (printemps)
1653,2024-06-02,Observation du 2024-06-02 (ete)
1653,2024-06-08,Observation du 2024-06-08 (ete)
1653,2024-06-11,Observation du 2024-06-11 (ete)
1653,2024-06-15,Observation du 2024-06-15 (ete)
1653,2024-06-19,Observation du 2024-06-19 (ete)
1653,2024-06-20,Observation du 2024-06-20 (ete)
1653,2024-06-23,Observation du 2024-06-23 (ete)
1653,2024-06-24,Observation du 2024-06-24 (ete)
1653,2024-06-25,Observation du 2024-06-25 (ete)
1653,2024-07-07,Observation du 2024-07-07 (ete)
1653,2024-07-13,Observation du 2024-07-13 (ete)
1653,2024-07-17,Observation du 2024-07-17 (ete)
1653,2024-07-19,Observation du 2024-07-19 (ete)
1653,2024-07-21,Observation du 2024-07-21 (ete)
1653,2024-07-23,Observation du 2024-07-23 (ete)
1653,2024-07-27,Observation du 2024-07-27 (ete)
1653,2024-07-30,Observation du 2024-07-30 (ete)
1653,2024-08-04,Observation du 2024-08-04 (ete)
1653,2024-08-05,Observation du 2024-08-05 (ete)
1653,2024-08-08,Observation du 2024-08-08 (ete)
1653,2024-08-09,Observation du 2024-08-09 (ete)
1653,2024-08-11,Observation du 2024-08-11 (ete)
1653,2024-08-23,Observation du 2024-08-23 (ete)
1653,2024-08-25,Observation du 2024-08-25 (ete)
1653,2024-08-29,Observation du 2024-08-29 (ete)
1653,2024-09-01,Observation du 2024-09-01 (automne)
1653,2024-09-08,Observation du 2024-09-08 (automne)
1653,2024-09-09,Observation du 2024-09-09 (automne)
1653,2024-09-14,Observation du 2024-09-14 (automne)
1653,2024-09-16,Observation du 2024-09-16 (automne)
1653,2024-09-17,Observation du 2024-09-17 (automne)
1653,2024-09-21,Observation du 2024-09-21 (automne)
1653,2024-09-23,Observation du 2024-09-23 (automne)
1653,2024-09-30,Observation du 2024-09-30 (automne)
1654,2024-05-24,Observation du 2024-05-24 (printemps)
1654,2024-05-25,Observation du 2024-05-25 (printemps)
1654,2024-05-31,Observation du 2024-05-31 (printemps)
1654,2024-06-03,Observation du 2024-06-03 (ete)
1654,2024-06-06,Observation du 2024-06-06 (ete)
1654,2024-06-11,Observation du 2024-06-11 (ete)
1654,2024-06-12,Observation du 2024-06-12 (ete)
1654,2024-06-16,Observation du 2024-06-16 (ete)
1654,2024-07-03,Observation du 2024-07-03 (ete)
1654,2024-07-15,Observation du 2024-07-15 (ete)
1654,2024-07-20,Observation du 2024-07-20 (ete)
1654,2024-07-28,Observation du 2024-07-28 (ete)
1654,2024-07-30,Observation du 2024-07-30 (ete)
1654,2024-08-02,Observation du 2024-08-02 (ete)
1654,2024-08-10,Observation du 2024-08-10 (ete)
1654,2024-08-11,Observation du 2024-08-11 (ete)
1654,2024-08-12,Observation du 2024-08-12 (ete)
1654,2024-08-13,Observation du 2024-08-13 (ete)
1654,2024-08-22,Observation du 2024-08-22 (ete)
1654,2024-08-23,Observation du 2024-08-23 (ete)
1654,2024-08-24,Observation du 2024-08-24 (ete)
1654,2024-08-31,Observation du 2024-08-31 (ete)
1654,2024-09-06,Observation du 2024-09-06 (automne)
1654,2024-09-12,Observation du 2024-09-12 (automne)
1654,2024-09-14,Observation du 2024-09-14 (automne)
1654,2024-09-18,Observation du 2024-09-18 (automne)
1654,2024-09-23,Observation du 2024-09-23 (automne)
1654,2024-09-25,Observation du 2024-09-25 (automne)
1657,2024-05-26,Observation du 2024-05-26 (printemps)
1657,2024-05-30,Observation du 2024-05-30 (printemps)
1657,2024-05-31,Observation du 2024-05-31 (printemps)
1657,2024-06-04,Observation du 2024-06-04 (ete)
1657,2024-06-05,Observation du 2024-06-05 (ete)
1657,2024-06-17,Observation du 2024-06-17 (ete)
1657,2024-06-22,Observation du 2024-06-22 (ete)
1657,2024-06-24,Observation du 2024-06-24 (ete)
1657,2024-06-29,Observation du 2024-06-29 (ete)
1657,2024-07-04,Observation du 2024-07-04 (ete)
1657,2024-07-06,Observation du 2024-07-06 (ete)
1657,2024-07-07,Observation du 2024-07-07 (ete)
1657,2024-07-14,Observation du 2024-07-14 (ete)
1657,2024-08-01,Observation du 2024-08-01 (ete)
1657,2024-08-05,Observation du 2024-08-05 (ete)
1657,2024-08-09,Observation du 2024-08-09 (ete)
1657,2024-08-11,Observation du 2024-08-11 (ete)
1657,2024-08-13,Observation du 2024-08-13 (ete)
1657,2024-08-28,Observation du 2024-08-28 (ete)
1657,2024-09-01,Observation du 2024-09-01 (automne)
1657,2024-09-02,Observation du 2024-09-02 (automne)
1657,2024-09-05,Observation du 2024-09-05 (automne)
1657,2024-09-07,Observation du 2024-09-07 (automne)
1657,2024-09-15,Observation du 2024-09-15 (automne)
1657,2024-09-16,Observation du 2024-09-16 (automne)
1657,2024-09-19,Observation du 2024-09-19 (automne)
1657,2024-09-21,Observation du 2024-09-21 (automne)
1657,2024-09-22,Observation du 2024-09-22 (automne)
1657,2024-09-23,Observation du 2024-09-23 (automne)
1657,2024-09-28,Observation du 2024-09-28 (automne)
1658,2024-05-19,Observation du 2024-05-19 (printemps)
1658,2024-05-20,Observation du 2024-05-20 (printemps)
1658,2024-05-22,Observation du 2024-05-22 (printemps)
1658,2024-05-28,Observation du 2024-05-28 (printemps)
1658,2024-05-30,Observation du 2024-05-30 (printemps)
1658,2024-05-31,Observation du 2024-05-31 (printemps)
1658,2024-06-04,Observation du 2024-06-04 (ete)
1658,2024-06-09,Observation du 2024-06-09 (ete)
1658,2024-06-15,Observation du 2024-06-15 (ete)
1658,2024-06-16,Observation du 2024-06-16 (ete)
1658,2024-06-19,Observation du 2024-06-19 (ete)
1658,2024-06-20,Observation du 2024-06-20 (ete)
1658,2024-07-02,Observation du 2024-07-02 (ete)
1658,2024-07-05,Observation du 2024-07-05 (ete)
1658,2024-07-06,Observation du 2024-07-06 (ete)
1658,2024-07-08,Observation du 2024-07-08 (ete)
1658,2024-07-11,Observation du 2024-07-11 (ete)
1658,2024-07-13,Observation du 2024-07-13 (ete)
1658,2024-07-20,Observation du 2024-07-20 (ete)
1658,2024-07-21,Observation du 2024-07-21 (ete)
1658,2024-07-24,Observation du 2024-07-24 (ete)
1658,2024-07-27,Observation du 2024-07-27 (ete)
1658,2024-07-30,Observation du 2024-07-30 (ete)
1658,2024-08-01,Observation du 2024-08-01 (ete)
1660,2024-05-23,Observation du 2024-05-23 (printemps)
1660,2024-05-28,Observation du 2024-05-28 (printemps)
1660,2024-05-29,Observation du 2024-05-29 (printemps)
1660,2024-05-30,Observation du 2024-05-30 (printemps)
1660,2024-05-31,Observation du 2024-05-31 (printemps)
1660,2024-06-01,Observation du 2024-06-01 (ete)
1660,2024-06-02,Observation du 2024-06-02 (ete)
1660,2024-06-07,Observation du 2024-06-07 (ete)
1660,2024-06-09,Observation du 2024-06-09 (ete)
1660,2024-06-13,Observation du 2024-06-13 (ete)
1660,2024-06-17,Observation du 2024-06-17 (ete)
1660,2024-06-18,Observation du 2024-06-18 (ete)
1660,2024-06-20,Observation du 2024-06-20 (ete)
1660,2024-06-23,Observation du 2024-06-23 (ete)
1660,2024-06-29,Observation du 2024-06-29 (ete)
1660,2024-07-02,Observation du 2024-07-02 (ete)
1660,2024-07-03,Observation du 2024-07-03 (ete)
1660,2024-07-15,Observation du 2024-07-15 (ete)
1660,2024-07-17,Observation du 2024-07-17 (ete)
1660,2024-07-18,Observation du 2024-07-18 (ete)
1660,2024-07-20,Observation du 2024-07-20 (ete)
1660,2024-07-30,Observation du 2024-07-30 (ete)
1660,2024-07-31,Observation du 2024-07-31 (ete)
1660,2024-08-02,Observation du 2024-08-02 (ete)
1660,2024-08-11,Observation du 2024-08-11 (ete)
1660,2024-08-15,Observation du 2024-08-15 (ete)
1660,2024-08-19,Observation du 2024-08-19 (ete)
1660,2024-08-20,Observation du 2024-08-20 (ete)
1660,2024-08-26,Observation du 2024-08-26 (ete)
1660,2024-08-27,Observation du 2024-08-27 (ete)
1660,2024-08-29,Observation du 2024-08-29 (ete)
1660,2024-08-30,Observation du 2024-08-30 (ete)
1660,2024-09-02,Observation du 2024-09-02 (automne)
1660,2024-09-05,Observation du 2024-09-05 (automne)
1660,2024-09-11,Observation du 2024-09-11 (automne)
1660,2024-09-14,Observation du 2024-09-14 (automne)
1660,2024-09-15,Observation du 2024-09-15 (automne)
1660,2024-09-17,Observation du 2024-09-17 (automne)
1660,2024-09-20,Observation du 2024-09-20 (automne)
1660,2024-09-21,Observation du 2024-09-21 (automne)
1661,2024-05-21,Observation du 2024-05-21 (printemps)
1661,2024-05-22,Observation du 2024-05-22 (printemps)
1661,2024-05-26,Observation du 2024-05-26 (printemps)
1661,2024-05-29,Observation du 2024-05-29 (printemps)
1661,2024-06-01,Observation du 2024-06-01 (ete)
1661,2024-06-07,Observation du 2024-06-07 (ete)
1661,2024-06-30,Observation du 2024-06-30 (ete)
1661,2024-07-03,Observation du 2024-07-03 (ete)
1661,2024-07-05,Observation du 2024-07-05 (ete)
1661,2024-07-13,Observation du 2024-07-13 (ete)
1661,2024-07-14,Observation du 2024-07-14 (ete)
1661,2024-07-19,Observation du 2024-07-19 (ete)
1661,2024-07-27,Observation du 2024-07-27 (ete)
1661,2024-07-29,Observation du 2024-07-29 (ete)
1661,2024-08-02,Observation du 2024-08-02 (ete)
1661,2024-08-05,Observation du 2024-08-05 (ete)
1661,2024-08-10,Observation du 2024-08-10 (ete)
1661,2024-08-13,Observation du 2024-08-13 (ete)
1661,2024-08-14,Observation du 2024-08-14 (ete)
1661,2024-08-16,Observation du 2024-08-16 (ete)
1661,2024-08-19,Observation du 2024-08-19 (ete)
1661,2024-08-20,Observation du 2024-08-20 (ete)
1661,2024-08-21,Observation du 2024-08-21 (ete)
1661,2024-08-22,Observation du 2024-08-22 (ete)
1661,2024-08-23,Observation du 2024-08-23 (ete)
1661,2024-08-24,Observation du 2024-08-24 (ete)
1661,2024-08-26,Observation du 2024-08-26 (ete)
1661,2024-08-27,Observation du 2024-08-27 (ete)
1661,2024-08-28,Observation du 2024-08-28 (ete)
1661,2024-08-31,Observation du 2024-08-31 (ete)
1661,2024-09-02,Observation du 2024-09-02 (automne)
1662,2024-05-29,Observation du 2024-05-29 (printemps)
1662,2024-06-01,Observation du 2024-06-01 (ete)
1662,2024-06-02,Observation du 2024-06-02 (ete)
1662,2024-06-06,Observation du 2024-06-06 (ete)
1662,2024-06-20,Observation du 2024-06-20 (ete)
1662,2024-06-23,Observation du 2024-06-23 (ete)
1662,2024-06-25,Observation du 2024-06-25 (ete)
1662,2024-07-07,Observation du 2024-07-07 (ete)
1662,2024-07-17,Observation du 2024-07-17 (ete)
1662,2024-07-18,Observation du 2024-07-18 (ete)
1662,2024-07-19,Observation du 2024-07-19 (ete)
1662,2024-07-20,Observation du 2024-07-20 (ete)
1662,2024-07-22,Observation du 2024-07-22 (ete)
1662,2024-07-28,Observation du 2024-07-28 (ete)
1662,2024-08-01,Observation du 2024-08-01 (ete)
1662,2024-08-06,Observation du 2024-08-06 (ete)
1662,2024-08-10,Observation du 2024-08-10 (ete)
1662,2024-08-13,Observation du 2024-08-13 (ete)
1662,2024-08-26,Observation du 2024-08-26 (ete)
1662,2024-09-01,Observation du 2024-09-01 (automne)
1663,2024-05-19,Observation du 2024-05-19 (printemps)
1663,2024-05-22,Observation du 2024-05-22 (printemps)
1663,2024-05-24,Observation du 2024-05-24 (printemps)
1663,2024-05-28,Observation du 2024-05-28 (printemps)
1663,2024-05-29,Observation du 2024-05-29 (printemps)
1663,2024-05-31,Observation du 2024-05-31 (printemps)
1663,2024-06-02,Observation du 2024-06-02 (ete)
1663,2024-06-05,Observation du 2024-06-05 (ete)
1663,2024-06-07,Observation du 2024-06-07 (ete)
1663,2024-06-14,Observation du 2024-06-14 (ete)
1663,2024-06-17,Observation du 2024-06-17 (ete)
1663,2024-06-19,Observation du 2024-06-19 (ete)
1663,2024-06-22,Observation du 2024-06-22 (ete)
1663,2024-06-26,Observation du 2024-06-26 (ete)
1663,2024-06-27,Observation du 2024-06-27 (ete)
1663,2024-07-02,Observation du 2024-07-02 (ete)
1663,2024-07-05,Observation du 2024-07-05 (ete)
1663,2024-07-09,Observation du 2024-07-09 (ete)
1663,2024-07-20,Observation du 2024-07-20 (ete)
1663,2024-07-23,Observation du 2024-07-23 (ete)
1663,2024-07-25,Observation du 2024-07-25 (ete)
1663,2024-08-02,Observation du 2024-08-02 (ete)
1663,2024-08-03,Observation du 2024-08-03 (ete)
1663,2024-08-05,Observation du 2024-08-05 (ete)
1663,2024-08-09,Observation du 2024-08-09 (ete)
1663,2024-08-10,Observation du 2024-08-10 (ete)
1663,2024-08-14,Observation du 2024-08-14 (ete)
1663,2024-08-16,Observation du 2024-08-16 (ete)
1663,2024-08-19,Observation du 2024-08-19 (ete)
1663,2024-08-23,Observation du 2024-08-23 (ete)
1663,2024-08-29,Observation du 2024-08-29 (ete)
1665,2024-05-25,Observation du 2024-05-25 (printemps)
1665,2024-05-26,Observation du 2024-05-26 (printemps)
1665,2024-05-31,Observation du 2024-05-31 (printemps)
1665,2024-06-01,Observation du 2024-06-01 (ete)
1665,2024-06-07,Observation du 2024-06-07 (ete)
1665,2024-06-08,Observation du 2024-06-08 (ete)
1665,2024-06-13,Observation du 2024-06-13 (ete)
1665,2024-06-16,Observation du 2024-06-16 (ete)
1665,2024-06-19,Observation du 2024-06-19 (ete)
1665,2024-06-21,Observation du 2024-06-21 (ete)
1666,2024-05-27,Observation du 2024-05-27 (printemps)
1666,2024-05-28,Observation du 2024-05-28 (printemps)
1666,2024-05-29,Observation du 2024-05-29 (printemps)
1666,2024-05-31,Observation du 2024-05-31 (printemps)
1666,2024-06-02,Observation du 2024-06-02 (ete)
1666,2024-06-08,Observation du 2024-06-08 (ete)
1666,2024-06-14,Observation du 2024-06-14 (ete)
1666,2024-06-18,Observation du 2024-06-18 (ete)
1666,2024-06-19,Observation du 2024-06-19 (ete)
1666,2024-06-27,Observation du 2024-06-27 (ete)
1666,2024-06-28,Observation du 2024-06-28 (ete)
1666,2024-07-07,Observation du 2024-07-07 (ete)
1666,2024-07-11,Observation du 2024-07-11 (ete)
1666,2024-07-13,Observation du 2024-07-13 (ete)
1666,2024-07-21,Observation du 2024-07-21 (ete)
1666,2024-07-28,Observation du 2024-07-28 (ete)
1666,2024-08-03,Observation du 2024-08-03 (ete)
1666,2024-08-04,Observation du 2024-08-04 (ete)
1666,2024-08-13,Observation du 2024-08-13 (ete)
1666,2024-08-17,Observation du 2024-08-17 (ete)
1666,2024-08-22,Observation du 2024-08-22 (ete)
1666,2024-08-23,Observation du 2024-08-23 (ete)
1666,2024-08-30,Observation du 2024-08-30 (ete)
1666,2024-08-31,Observation du 2024-08-31 (ete)
1666,2024-09-02,Observation du 2024-09-02 (automne)
1667,2024-05-25,Observation du 2024-05-25 (printemps)
1667,2024-05-28,Observation du 2024-05-28 (printemps)
1667,2024-05-30,Observation du 2024-05-30 (printemps)
1667,2024-06-05,Observation du 2024-06-05 (ete)
1667,2024-06-06,Observation du 2024-06-06 (ete)
1667,2024-06-10,Observation du 2024-06-10 (ete)
1667,2024-06-13,Observation du 2024-06-13 (ete)
1667,2024-06-18,Observation du 2024-06-18 (ete)
1667,2024-06-22,Observation du 2024-06-22 (ete)
1667,2024-06-24,Observation du 2024-06-24 (ete)
1667,2024-07-04,Observation du 2024-07-04 (ete)
1667,2024-07-07,Observation du 2024-07-07 (ete)
1667,2024-07-10,Observation du 2024-07-10 (ete)
1667,2024-07-13,Observation du 2024-07-13 (ete)
1667,2024-07-18,Observation du 2024-07-18 (ete)
1667,2024-07-21,Observation du 2024-07-21 (ete)
1667,2024-07-24,Observation du 2024-07-24 (ete)
1667,2024-07-25,Observation du 2024-07-25 (ete)
1667,2024-07-26,Observation du 2024-07-26 (ete)
1667,2024-08-03,Observation du 2024-08-03 (ete)
1667,2024-08-10,Observation du 2024-08-10 (ete)
1667,2024-08-11,Observation du 2024-08-11 (ete)
1668,2024-05-22,Observation du 2024-05-22 (printemps)
1668,2024-05-25,Observation du 2024-05-25 (printemps)
1668,2024-05-27,Observation du 2024-05-27 (printemps)
1668,2024-05-29,Observation du 2024-05-29 (printemps)
1668,2024-06-07,Observation du 2024-06-07 (ete)
1668,2024-06-08,Observation du 2024-06-08 (ete)
1668,2024-06-15,Observation du 2024-06-15 (ete)
1668,2024-06-20,Observation du 2024-06-20 (ete)
1668,2024-06-21,Observation du 2024-06-21 (ete)
1668,2024-06-27,Observation du 2024-06-27 (ete)
1668,2024-07-01,Observation du 2024-07-01 (ete)
1668,2024-07-03,Observation du 2024-07-03 (ete)
1668,2024-07-14,Observation du 2024-07-14 (ete)
1668,2024-07-18,Observation du 2024-07-18 (ete)
1668,2024-07-23,Observation du 2024-07-23 (ete)
1669,2024-05-21,Observation du 2024-05-21 (printemps)
1669,2024-05-24,Observation du 2024-05-24 (printemps)
1669,2024-06-13,Observation du 2024-06-13 (ete)
1669,2024-06-14,Observation du 2024-06-14 (ete)
1669,2024-06-24,Observation du 2024-06-24 (ete)
1669,2024-06-26,Observation du 2024-06-26 (ete)
1669,2024-06-27,Observation du 2024-06-27 (ete)
1669,2024-07-04,Observation du 2024-07-04 (ete)
1669,2024-07-05,Observation du 2024-07-05 (ete)
1669,2024-07-10,Observation du 2024-07-10 (ete)
1669,2024-07-14,Observation du 2024-07-14 (ete)
1670,2024-05-23,Observation du 2024-05-23 (printemps)
1670,2024-05-27,Observation du 2024-05-27 (printemps)
1670,2024-05-31,Observation du 2024-05-31 (printemps)
1670,2024-06-01,Observation du 2024-06-01 (ete)
1670,2024-06-03,Observation du 2024-06-03 (ete)
1670,2024-06-15,Observation du 2024-06-15 (ete)
1670,2024-06-22,Observation du 2024-06-22 (ete)
1671,2024-05-18,Observation du 2024-05-18 (printemps)
1671,2024-05-19,Observation du 2024-05-19 (printemps)
1671,2024-05-22,Observation du 2024-05-22 (printemps)
1671,2024-05-24,Observation du 2024-05-24 (printemps)
1671,2024-05-27,Observation du 2024-05-27 (printemps)
1671,2024-05-30,Observation du 2024-05-30 (printemps)
1671,2024-06-05,Observation du 2024-06-05 (ete)
1671,2024-07-13,Observation du 2024-07-13 (ete)
1671,2024-07-15,Observation du 2024-07-15 (ete)
1671,2024-07-16,Observation du 2024-07-16 (ete)
1671,2024-07-22,Observation du 2024-07-22 (ete)
1671,2024-07-23,Observation du 2024-07-23 (ete)
1671,2024-07-31,Observation du 2024-07-31 (ete)
1671,2024-08-01,Observation du 2024-08-01 (ete)
1671,2024-08-05,Observation du 2024-08-05 (ete)
1671,2024-08-08,Observation du 2024-08-08 (ete)
1671,2024-08-12,Observation du 2024-08-12 (ete)
1671,2024-08-19,Observation du 2024-08-19 (ete)
1671,2024-08-21,Observation du 2024-08-21 (ete)
1671,2024-08-30,Observation du 2024-08-30 (ete)
1671,2024-09-02,Observation du 2024-09-02 (automne)
1671,2024-09-06,Observation du 2024-09-06 (automne)
1671,2024-09-08,Observation du 2024-09-08 (automne)
1671,2024-09-13,Observation du 2024-09-13 (automne)
1671,2024-09-14,Observation du 2024-09-14 (automne)
1671,2024-09-19,Observation du 2024-09-19 (automne)
1671,2024-09-23,Observation du 2024-09-23 (automne)
1672,2024-05-21,Observation du 2024-05-21 (printemps)
1672,2024-05-23,Observation du 2024-05-23 (printemps)
1672,2024-05-30,Observation du 2024-05-30 (printemps)
1672,2024-05-31,Observation du 2024-05-31 (printemps)
1672,2024-06-07,Observation du 2024-06-07 (ete)
1672,2024-06-12,Observation du 2024-06-12 (ete)
1672,2024-06-13,Observation du 2024-06-13 (ete)
1672,2024-06-16,Observation du 2024-06-16 (ete)
1672,2024-06-22,Observation du 2024-06-22 (ete)
1672,2024-06-26,Observation du 2024-06-26 (ete)
1672,2024-06-27,Observation du 2024-06-27 (ete)
1672,2024-06-28,Observation du 2024-06-28 (ete)
1672,2024-06-30,Observation du 2024-06-30 (ete)
1672,2024-07-15,Observation du 2024-07-15 (ete)
1672,2024-07-16,Observation du 2024-07-16 (ete)
1672,2024-07-20,Observation du 2024-07-20 (ete)
1672,2024-07-21,Observation du 2024-07-21 (ete)
1672,2024-07-25,Observation du 2024-07-25 (ete)
1672,2024-08-09,Observation du 2024-08-09 (ete)
1672,2024-08-22,Observation du 2024-08-22 (ete)
1672,2024-08-24,Observation du 2024-08-24 (ete)
1672,2024-08-26,Observation du 2024-08-26 (ete)
1672,2024-08-28,Observation du 2024-08-28 (ete)
1672,2024-09-02,Observation du 2024-09-02 (automne)
1672,2024-09-05,Observation du 2024-09-05 (automne)
1672,2024-09-06,Observation du 2024-09-06 (automne)
1672,2024-09-07,Observation du 2024-09-07 (automne)
1672,2024-09-08,Observation du 2024-09-08 (automne)
1672,2024-09-15,Observation du 2024-09-15 (automne)
1672,2024-09-16,Observation du 2024-09-16 (automne)
1672,2024-09-21,Observation du 2024-09-21 (automne)
1672,2024-09-22,Observation du 2024-09-22 (automne)
1673,2024-05-17,Observation du 2024-05-17 (printemps)
1673,2024-05-18,Observation du 2024-05-18 (printemps)
1673,2024-05-19,Observation du 2024-05-19 (printemps)
1673,2024-05-21,Observation du 2024-05-21 (printemps)
1673,2024-05-22,Observation du 2024-05-22 (printemps)
1673,2024-05-24,Observation du 2024-05-24 (printemps)
1673,2024-05-27,Observation du 2024-05-27 (printemps)
1673,2024-05-29,Observation du 2024-05-29 (printemps)
1673,2024-05-31,Observation du 2024-05-31 (printemps)
1673,2024-06-03,Observation du 2024-06-03 (ete)
1673,2024-06-09,Observation du 2024-06-09 (ete)
1673,2024-06-10,Observation du 2024-06-10 (ete)
1673,2024-06-11,Observation du 2024-06-11 (ete)
1673,2024-06-19,Observation du 2024-06-19 (ete)
1673,2024-06-20,Observation du 2024-06-20 (ete)
1673,2024-06-21,Observation du 2024-06-21 (ete)
1673,2024-06-27,Observation du 2024-06-27 (ete)
1673,2024-06-28,Observation du 2024-06-28 (ete)
1673,2024-07-06,Observation du 2024-07-06 (ete)
1673,2024-07-09,Observation du 2024-07-09 (ete)
1673,2024-07-11,Observation du 2024-07-11 (ete)
1673,2024-07-20,Observation du 2024-07-20 (ete)
1673,2024-07-22,Observation du 2024-07-22 (ete)
1673,2024-07-24,Observation du 2024-07-24 (ete)
1673,2024-07-29,Observation du 2024-07-29 (ete)
1673,2024-07-31,Observation du 2024-07-31 (ete)
1673,2024-08-01,Observation du 2024-08-01 (ete)
1673,2024-08-07,Observation du 2024-08-07 (ete)
1673,2024-08-16,Observation du 2024-08-16 (ete)
1673,2024-08-17,Observation du 2024-08-17 (ete)
1673,2024-08-20,Observation du 2024-08-20 (ete)
1673,2024-08-23,Observation du 2024-08-23 (ete)
1673,2024-08-27,Observation du 2024-08-27 (ete)
1673,2024-09-02,Observation du 2024-09-02 (automne)
1673,2024-09-03,Observation du 2024-09-03 (automne)
1673,2024-09-08,Observation du 2024-09-08 (automne)
1673,2024-09-17,Observation du 2024-09-17 (automne)
1673,2024-09-18,Observation du 2024-09-18 (automne)
1673,2024-09-20,Observation du 2024-09-20 (automne)
1673,2024-09-23,Observation du 2024-09-23 (automne)
1673,2024-09-25,Observation du 2024-09-25 (automne)
1673,2024-09-29,Observation du 2024-09-29 (automne)
1674,2024-05-20,Observation du 2024-05-20 (printemps)
1674,2024-05-27,Observation du 2024-05-27 (printemps)
1674,2024-05-31,Observation du 2024-05-31 (printemps)
1674,2024-06-16,Observation du 2024-06-16 (ete)
1674,2024-06-19,Observation du 2024-06-19 (ete)
1674,2024-06-23,Observation du 2024-06-23 (ete)
1674,2024-06-24,Observation du 2024-06-24 (ete)
1674,2024-06-27,Observation du 2024-06-27 (ete)
1674,2024-06-28,Observation du 2024-06-28 (ete)
1676,2024-05-23,Observation du 2024-05-23 (printemps)
1676,2024-05-29,Observation du 2024-05-29 (printemps)
1676,2024-06-02,Observation du 2024-06-02 (ete)
1676,2024-06-03,Observation du 2024-06-03 (ete)
1676,2024-06-12,Observation du 2024-06-12 (ete)
1676,2024-06-19,Observation du 2024-06-19 (ete)
1676,2024-06-21,Observation du 2024-06-21 (ete)
1677,2024-05-21,Observation du 2024-05-21 (printemps)
1677,2024-05-24,Observation du 2024-05-24 (printemps)
1677,2024-05-26,Observation du 2024-05-26 (printemps)
1677,2024-05-30,Observation du 2024-05-30 (printemps)
1677,2024-05-31,Observation du 2024-05-31 (printemps)
1677,2024-06-05,Observation du 2024-06-05 (ete)
1677,2024-06-08,Observation du 2024-06-08 (ete)
1677,2024-06-09,Observation du 2024-06-09 (ete)
1677,2024-06-10,Observation du 2024-06-10 (ete)
1677,2024-06-13,Observation du 2024-06-13 (ete)
1677,2024-06-18,Observation du 2024-06-18 (ete)
1677,2024-06-19,Observation du 2024-06-19 (ete)
1677,2024-06-20,Observation du 2024-06-20 (ete)
1678,2024-05-24,Observation du 2024-05-24 (printemps)
1678,2024-05-26,Observation du 2024-05-26 (printemps)
1678,2024-06-06,Observation du 2024-06-06 (ete)
1678,2024-06-08,Observation du 2024-06-08 (ete)
1678,2024-06-11,Observation du 2024-06-11 (ete)
1678,2024-06-14,Observation du 2024-06-14 (ete)
1678,2024-06-18,Observation du 2024-06-18 (ete)
1678,2024-06-24,Observation du 2024-06-24 (ete)
1678,2024-06-27,Observation du 2024-06-27 (ete)
1678,2024-06-30,Observation du 2024-06-30 (ete)
1679,2024-05-21,Observation du 2024-05-21 (printemps)
1679,2024-05-23,Observation du 2024-05-23 (printemps)
1679,2024-05-28,Observation du 2024-05-28 (printemps)
1679,2024-06-06,Observation du 2024-06-06 (ete)
1679,2024-06-13,Observation du 2024-06-13 (ete)
1679,2024-06-14,Observation du 2024-06-14 (ete)
1679,2024-06-20,Observation du 2024-06-20 (ete)
1679,2024-06-27,Observation du 2024-06-27 (ete)
1679,2024-06-28,Observation du 2024-06-28 (ete)
1679,2024-06-29,Observation du 2024-06-29 (ete)
1679,2024-07-01,Observation du 2024-07-01 (ete)
1679,2024-07-05,Observation du 2024-07-05 (ete)
1679,2024-07-06,Observation du 2024-07-06 (ete)
1679,2024-07-08,Observation du 2024-07-08 (ete)
1679,2024-07-10,Observation du 2024-07-10 (ete)
1679,2024-07-23,Observation du 2024-07-23 (ete)
1679,2024-07-28,Observation du 2024-07-28 (ete)
1679,2024-08-14,Observation du 2024-08-14 (ete)
1679,2024-08-24,Observation du 2024-08-24 (ete)
1679,2024-08-25,Observation du 2024-08-25 (ete)
1679,2024-09-02,Observation du 2024-09-02 (automne)
1679,2024-09-05,Observation du 2024-09-05 (automne)
1681,2024-05-22,Observation du 2024-05-22 (printemps)
1681,2024-05-25,Observation du 2024-05-25 (printemps)
1681,2024-05-30,Observation du 2024-05-30 (printemps)
1681,2024-06-02,Observation du 2024-06-02 (ete)
1681,2024-06-07,Observation du 2024-06-07 (ete)
1681,2024-06-08,Observation du 2024-06-08 (ete)
1681,2024-06-14,Observation du 2024-06-14 (ete)
1681,2024-06-18,Observation du 2024-06-18 (ete)
1681,2024-06-21,Observation du 2024-06-21 (ete)
1681,2024-06-24,Observation du 2024-06-24 (ete)
1681,2024-06-27,Observation du 2024-06-27 (ete)
1681,2024-06-29,Observation du 2024-06-29 (ete)
1681,2024-07-03,Observation du 2024-07-03 (ete)
1681,2024-07-05,Observation du 2024-07-05 (ete)
1681,2024-07-08,Observation du 2024-07-08 (ete)
1681,2024-07-11,Observation du 2024-07-11 (ete)
1681,2024-07-12,Observation du 2024-07-12 (ete)
1681,2024-07-15,Observation du 2024-07-15 (ete)
1681,2024-07-18,Observation du 2024-07-18 (ete)
1681,2024-07-23,Observation du 2024-07-23 (ete)
1681,2024-07-27,Observation du 2024-07-27 (ete)
1681,2024-07-28,Observation du 2024-07-28 (ete)
1681,2024-07-31,Observation du 2024-07-31 (ete)
1681,2024-08-02,Observation du 2024-08-02 (ete)
1681,2024-08-05,Observation du 2024-08-05 (ete)
1681,2024-08-07,Observation du 2024-08-07 (ete)
1681,2024-08-12,Observation du 2024-08-12 (ete)
1681,2024-08-17,Observation du 2024-08-17 (ete)
1681,2024-08-19,Observation du 2024-08-19 (ete)
1681,2024-08-21,Observation du 2024-08-21 (ete)
1681,2024-08-24,Observation du 2024-08-24 (ete)
1681,2024-08-25,Observation du 2024-08-25 (ete)
1682,2024-05-28,Observation du 2024-05-28 (printemps)
1682,2024-05-31,Observation du 2024-05-31 (printemps)
1682,2024-06-02,Observation du 2024-06-02 (ete)
1682,2024-06-03,Observation du 2024-06-03 (ete)
1682,2024-06-06,Observation du 2024-06-06 (ete)
1682,2024-06-12,Observation du 2024-06-12 (ete)
1682,2024-06-17,Observation du 2024-06-17 (ete)
1682,2024-06-20,Observation du 2024-06-20 (ete)
1682,2024-06-23,Observation du 2024-06-23 (ete)
1682,2024-06-25,Observation du 2024-06-25 (ete)
1682,2024-06-27,Observation du 2024-06-27 (ete)
1682,2024-06-30,Observation du 2024-06-30 (ete)
1682,2024-07-03,Observation du 2024-07-03 (ete)
1682,2024-07-04,Observation du 2024-07-04 (ete)
1682,2024-07-05,Observation du 2024-07-05 (ete)
1682,2024-07-07,Observation du 2024-07-07 (ete)
1682,2024-07-13,Observation du 2024-07-13 (ete)
1682,2024-07-14,Observation du 2024-07-14 (ete)
1682,2024-07-21,Observation du 2024-07-21 (ete)
1682,2024-07-24,Observation du 2024-07-24 (ete)
1682,2024-07-25,Observation du 2024-07-25 (ete)
1682,2024-07-26,Observation du 2024-07-26 (ete)
1682,2024-08-02,Observation du 2024-08-02 (ete)
1682,2024-08-03,Observation du 2024-08-03 (ete)
1682,2024-08-05,Observation du 2024-08-05 (ete)
1682,2024-08-06,Observation du 2024-08-06 (ete)
1682,2024-08-13,Observation du 2024-08-13 (ete)
1682,2024-08-24,Observation du 2024-08-24 (ete)
1682,2024-09-01,Observation du 2024-09-01 (automne)
1682,2024-09-04,Observation du 2024-09-04 (automne)
1682,2024-09-06,Observation du 2024-09-06 (automne)
1682,2024-09-07,Observation du 2024-09-07 (automne)
1682,2024-09-08,Observation du 2024-09-08 (automne)
1682,2024-09-09,Observation du 2024-09-09 (automne)
1682,2024-09-13,Observation du 2024-09-13 (automne)
1682,2024-09-14,Observation du 2024-09-14 (automne)
1682,2024-09-15,Observation du 2024-09-15 (automne)
1682,2024-09-17,Observation du 2024-09-17 (automne)
1682,2024-09-21,Observation du 2024-09-21 (automne)
1682,2024-09-23,Observation du 2024-09-23 (automne)
1682,2024-09-27,Observation du 2024-09-27 (automne)
1683,2024-05-19,Observation du 2024-05-19 (printemps)
1683,2024-05-20,Observation du 2024-05-20 (printemps)
1683,2024-05-22,Observation du 2024-05-22 (printemps)
1683,2024-05-25,Observation du 2024-05-25 (printemps)
1683,2024-05-26,Observation du 2024-05-26 (printemps)
1683,2024-05-27,Observation du 2024-05-27 (printemps)
1683,2024-05-29,Observation du 2024-05-29 (printemps)
1683,2024-05-30,Observation du 2024-05-30 (printemps)
1683,2024-06-06,Observation du 2024-06-06 (ete)
1683,2024-06-09,Observation du 2024-06-09 (ete)
1683,2024-06-10,Observation du 2024-06-10 (ete)
1683,2024-06-11,Observation du 2024-06-11 (ete)
1683,2024-06-13,Observation du 2024-06-13 (ete)
1683,2024-06-14,Observation du 2024-06-14 (ete)
1683,2024-07-02,Observation du 2024-07-02 (ete)
1683,2024-07-05,Observation du 2024-07-05 (ete)
1683,2024-07-08,Observation du 2024-07-08 (ete)
1683,2024-07-18,Observation du 2024-07-18 (ete)
1683,2024-07-22,Observation du 2024-07-22 (ete)
1683,2024-07-27,Observation du 2024-07-27 (ete)
1683,2024-07-29,Observation du 2024-07-29 (ete)
1683,2024-08-08,Observation du 2024-08-08 (ete)
1683,2024-08-17,Observation du 2024-08-17 (ete)
1683,2024-08-21,Observation du 2024-08-21 (ete)
1683,2024-08-29,Observation du 2024-08-29 (ete)
1683,2024-08-31,Observation du 2024-08-31 (ete)
1683,2024-09-01,Observation du 2024-09-01 (automne)
1683,2024-09-04,Observation du 2024-09-04 (automne)
1683,2024-09-05,Observation du 2024-09-05 (automne)
1683,2024-09-06,Observation du 2024-09-06 (automne)
1683,2024-09-11,Observation du 2024-09-11 (automne)
1683,2024-09-13,Observation du 2024-09-13 (automne)
1683,2024-09-17,Observation du 2024-09-17 (automne)
1683,2024-09-19,Observation du 2024-09-19 (automne)
1683,2024-09-21,Observation du 2024-09-21 (automne)
1683,2024-09-24,Observation du 2024-09-24 (automne)
1684,2024-05-24,Observation du 2024-05-24 (printemps)
1684,2024-05-30,Observation du 2024-05-30 (printemps)
1684,2024-06-03,Observation du 2024-06-03 (ete)
1684,2024-06-04,Observation du 2024-06-04 (ete)
1684,2024-06-05,Observation du 2024-06-05 (ete)
1684,2024-06-07,Observation du 2024-06-07 (ete)
1684,2024-06-08,Observation du 2024-06-08 (ete)
1684,2024-06-11,Observation du 2024-06-11 (ete)
1684,2024-06-19,Observation du 2024-06-19 (ete)
1684,2024-06-20,Observation du 2024-06-20 (ete)
1684,2024-06-21,Observation du 2024-06-21 (ete)
1684,2024-07-04,Observation du 2024-07-04 (ete)
1684,2024-07-07,Observation du 2024-07-07 (ete)
1684,2024-07-10,Observation du 2024-07-10 (ete)
1684,2024-07-11,Observation du 2024-07-11 (ete)
1684,2024-07-13,Observation du 2024-07-13 (ete)
1684,2024-07-19,Observation du 2024-07-19 (ete)
1684,2024-07-21,Observation du 2024-07-21 (ete)
1684,2024-07-22,Observation du 2024-07-22 (ete)
1684,2024-07-23,Observation du 2024-07-23 (ete)
1684,2024-07-28,Observation du 2024-07-28 (ete)
1684,2024-07-29,Observation du 2024-07-29 (ete)
1684,2024-07-30,Observation du 2024-07-30 (ete)
1684,2024-07-31,Observation du 2024-07-31 (ete)
1684,2024-08-03,Observation du 2024-08-03 (ete)
1684,2024-08-05,Observation du 2024-08-05 (ete)
1684,2024-08-06,Observation du 2024-08-06 (ete)
1685,2024-05-24,Observation du 2024-05-24 (printemps)
1685,2024-05-28,Observation du 2024-05-28 (printemps)
1685,2024-05-29,Observation du 2024-05-29 (printemps)
1685,2024-06-01,Observation du 2024-06-01 (ete)
1685,2024-06-02,Observation du 2024-06-02 (ete)
1685,2024-06-03,Observation du 2024-06-03 (ete)
1685,2024-06-07,Observation du 2024-06-07 (ete)
1685,2024-06-16,Observation du 2024-06-16 (ete)
1685,2024-06-26,Observation du 2024-06-26 (ete)
1685,2024-06-28,Observation du 2024-06-28 (ete)
1685,2024-07-07,Observation du 2024-07-07 (ete)
1685,2024-07-13,Observation du 2024-07-13 (ete)
1685,2024-07-20,Observation du 2024-07-20 (ete)
1685,2024-07-28,Observation du 2024-07-28 (ete)
1685,2024-07-29,Observation du 2024-07-29 (ete)
1685,2024-07-30,Observation du 2024-07-30 (ete)
1685,2024-07-31,Observation du 2024-07-31 (ete)
1685,2024-08-02,Observation du 2024-08-02 (ete)
1685,2024-08-07,Observation du 2024-08-07 (ete)
1685,2024-08-09,Observation du 2024-08-09 (ete)
1685,2024-08-12,Observation du 2024-08-12 (ete)
1685,2024-08-13,Observation du 2024-08-13 (ete)
1685,2024-08-14,Observation du 2024-08-14 (ete)
1685,2024-08-15,Observation du 2024-08-15 (ete)
1685,2024-08-19,Observation du 2024-08-19 (ete)
1685,2024-08-28,Observation du 2024-08-28 (ete)
1685,2024-08-29,Observation du 2024-08-29 (ete)
1685,2024-08-30,Observation du 2024-08-30 (ete)
1685,2024-09-01,Observation du 2024-09-01 (automne)
1685,2024-09-05,Observation du 2024-09-05 (automne)
1685,2024-09-06,Observation du 2024-09-06 (automne)
1685,2024-09-09,Observation du 2024-09-09 (automne)
1685,2024-09-10,Observation du 2024-09-10 (automne)
1685,2024-09-15,Observation du 2024-09-15 (automne)
1685,2024-09-18,Observation du 2024-09-18 (automne)
1685,2024-09-20,Observation du 2024-09-20 (automne)
1685,2024-09-22,Observation du 2024-09-22 (automne)
1685,2024-09-23,Observation du 2024-09-23 (automne)
1686,2024-05-24,Observation du 2024-05-24 (printemps)
1686,2024-05-27,Observation du 2024-05-27 (printemps)
1686,2024-05-28,Observation du 2024-05-28 (printemps)
1686,2024-05-31,Observation du 2024-05-31 (printemps)
1686,2024-06-05,Observation du 2024-06-05 (ete)
1686,2024-06-10,Observation du 2024-06-10 (ete)
1686,2024-06-17,Observation du 2024-06-17 (ete)
1686,2024-06-18,Observation du 2024-06-18 (ete)
1686,2024-06-19,Observation du 2024-06-19 (ete)
1686,2024-06-21,Observation du 2024-06-21 (ete)
1686,2024-06-23,Observation du 2024-06-23 (ete)
1686,2024-06-24,Observation du 2024-06-24 (ete)
1686,2024-06-25,Observation du 2024-06-25 (ete)
1686,2024-06-27,Observation du 2024-06-27 (ete)
1686,2024-07-03,Observation du 2024-07-03 (ete)
1686,2024-07-05,Observation du 2024-07-05 (ete)
1686,2024-07-06,Observation du 2024-07-06 (ete)
1686,2024-07-11,Observation du 2024-07-11 (ete)
1686,2024-07-24,Observation du 2024-07-24 (ete)
1686,2024-07-27,Observation du 2024-07-27 (ete)
1686,2024-08-05,Observation du 2024-08-05 (ete)
1686,2024-08-11,Observation du 2024-08-11 (ete)
1686,2024-08-13,Observation du 2024-08-13 (ete)
1686,2024-08-21,Observation du 2024-08-21 (ete)
1686,2024-08-25,Observation du 2024-08-25 (ete)
1686,2024-08-31,Observation du 2024-08-31 (ete)
1686,2024-09-01,Observation du 2024-09-01 (automne)
1686,2024-09-06,Observation du 2024-09-06 (automne)
1686,2024-09-07,Observation du 2024-09-07 (automne)
1686,2024-09-08,Observation du 2024-09-08 (automne)
1686,2024-09-13,Observation du 2024-09-13 (automne)
1686,2024-09-14,Observation du 2024-09-14 (automne)
1686,2024-09-15,Observation du 2024-09-15 (automne)
1686,2024-09-21,Observation du 2024-09-21 (automne)
1686,2024-09-23,Observation du 2024-09-23 (automne)
1686,2024-09-28,Observation du 2024-09-28 (automne)
1686,2024-09-29,Observation du 2024-09-29 (automne)
1687,2024-05-21,Observation du 2024-05-21 (printemps)
1687,2024-05-22,Observation du 2024-05-22 (printemps)
1687,2024-05-27,Observation du 2024-05-27 (printemps)
1687,2024-05-28,Observation du 2024-05-28 (printemps)
1687,2024-05-31,Observation du 2024-05-31 (printemps)
1687,2024-06-04,Observation du 2024-06-04 (ete)
1687,2024-06-07,Observation du 2024-06-07 (ete)
1687,2024-06-08,Observation du 2024-06-08 (ete)
1687,2024-06-09,Observation du 2024-06-09 (ete)
1687,2024-06-11,Observation du 2024-06-11 (ete)
1687,2024-06-14,Observation du 2024-06-14 (ete)
1687,2024-06-15,Observation du 2024-06-15 (ete)
1687,2024-06-19,Observation du 2024-06-19 (ete)
1687,2024-06-21,Observation du 2024-06-21 (ete)
1687,2024-06-23,Observation du 2024-06-23 (ete)
1687,2024-07-02,Observation du 2024-07-02 (ete)
1687,2024-07-05,Observation du 2024-07-05 (ete)
1687,2024-07-06,Observation du 2024-07-06 (ete)
1687,2024-07-11,Observation du 2024-07-11 (ete)
1687,2024-07-14,Observation du 2024-07-14 (ete)
1687,2024-07-21,Observation du 2024-07-21 (ete)
1687,2024-07-23,Observation du 2024-07-23 (ete)
1687,2024-07-31,Observation du 2024-07-31 (ete)
1688,2024-05-19,Observation du 2024-05-19 (printemps)
1688,2024-05-23,Observation du 2024-05-23 (printemps)
1688,2024-05-26,Observation du 2024-05-26 (printemps)
1688,2024-05-27,Observation du 2024-05-27 (printemps)
1688,2024-05-29,Observation du 2024-05-29 (printemps)
1688,2024-06-08,Observation du 2024-06-08 (ete)
1688,2024-06-19,Observation du 2024-06-19 (ete)
1688,2024-06-20,Observation du 2024-06-20 (ete)
1688,2024-06-21,Observation du 2024-06-21 (ete)
1688,2024-06-23,Observation du 2024-06-23 (ete)
1688,2024-06-25,Observation du 2024-06-25 (ete)
1688,2024-06-27,Observation du 2024-06-27 (ete)
1688,2024-06-28,Observation du 2024-06-28 (ete)
1688,2024-06-30,Observation du 2024-06-30 (ete)
1688,2024-07-03,Observation du 2024-07-03 (ete)
1688,2024-07-12,Observation du 2024-07-12 (ete)
1688,2024-07-15,Observation du 2024-07-15 (ete)
1688,2024-07-29,Observation du 2024-07-29 (ete)
1688,2024-07-31,Observation du 2024-07-31 (ete)
1688,2024-08-02,Observation du 2024-08-02 (ete)
1688,2024-08-04,Observation du 2024-08-04 (ete)
1688,2024-08-07,Observation du 2024-08-07 (ete)
1688,2024-08-08,Observation du 2024-08-08 (ete)
1688,2024-08-09,Observation du 2024-08-09 (ete)
1688,2024-08-12,Observation du 2024-08-12 (ete)
1688,2024-08-14,Observation du 2024-08-14 (ete)
1688,2024-08-18,Observation du 2024-08-18 (ete)
1688,2024-08-28,Observation du 2024-08-28 (ete)
1688,2024-08-29,Observation du 2024-08-29 (ete)
1689,2024-05-19,Observation du 2024-05-19 (printemps)
1689,2024-05-20,Observation du 2024-05-20 (printemps)
1689,2024-05-21,Observation du 2024-05-21 (printemps)
1689,2024-05-27,Observation du 2024-05-27 (printemps)
1689,2024-05-28,Observation du 2024-05-28 (printemps)
1689,2024-05-31,Observation du 2024-05-31 (printemps)
1689,2024-06-02,Observation du 2024-06-02 (ete)
1689,2024-06-04,Observation du 2024-06-04 (ete)
1689,2024-06-06,Observation du 2024-06-06 (ete)
1689,2024-06-08,Observation du 2024-06-08 (ete)
1689,2024-06-14,Observation du 2024-06-14 (ete)
1689,2024-06-18,Observation du 2024-06-18 (ete)
1689,2024-06-19,Observation du 2024-06-19 (ete)
1689,2024-06-21,Observation du 2024-06-21 (ete)
1689,2024-06-26,Observation du 2024-06-26 (ete)
1689,2024-06-28,Observation du 2024-06-28 (ete)
1689,2024-07-07,Observation du 2024-07-07 (ete)
1689,2024-07-12,Observation du 2024-07-12 (ete)
1689,2024-07-20,Observation du 2024-07-20 (ete)
1689,2024-08-04,Observation du 2024-08-04 (ete)
1689,2024-08-05,Observation du 2024-08-05 (ete)
1689,2024-08-07,Observation du 2024-08-07 (ete)
1689,2024-08-08,Observation du 2024-08-08 (ete)
1689,2024-08-11,Observation du 2024-08-11 (ete)
1689,2024-08-12,Observation du 2024-08-12 (ete)
1689,2024-08-13,Observation du 2024-08-13 (ete)
1689,2024-08-19,Observation du 2024-08-19 (ete)
1691,2024-05-23,Observation du 2024-05-23 (printemps)
1691,2024-05-26,Observation du 2024-05-26 (printemps)
1691,2024-05-27,Observation du 2024-05-27 (printemps)
1691,2024-06-06,Observation du 2024-06-06 (ete)
1691,2024-06-10,Observation du 2024-06-10 (ete)
1691,2024-06-12,Observation du 2024-06-12 (ete)
1691,2024-06-14,Observation du 2024-06-14 (ete)
1691,2024-06-19,Observation du 2024-06-19 (ete)
1691,2024-06-26,Observation du 2024-06-26 (ete)
1691,2024-07-03,Observation du 2024-07-03 (ete)
1691,2024-07-17,Observation du 2024-07-17 (ete)
1691,2024-07-18,Observation du 2024-07-18 (ete)
1691,2024-07-20,Observation du 2024-07-20 (ete)
1692,2024-06-03,Observation du 2024-06-03 (ete)
1692,2024-06-06,Observation du 2024-06-06 (ete)
1692,2024-06-09,Observation du 2024-06-09 (ete)
1692,2024-06-10,Observation du 2024-06-10 (ete)
1692,2024-06-15,Observation du 2024-06-15 (ete)
1692,2024-06-19,Observation du 2024-06-19 (ete)
1692,2024-06-23,Observation du 2024-06-23 (ete)
1692,2024-06-29,Observation du 2024-06-29 (ete)
1692,2024-07-01,Observation du 2024-07-01 (ete)
1692,2024-07-04,Observation du 2024-07-04 (ete)
1692,2024-07-08,Observation du 2024-07-08 (ete)
1692,2024-07-18,Observation du 2024-07-18 (ete)
1692,2024-07-22,Observation du 2024-07-22 (ete)
1692,2024-07-25,Observation du 2024-07-25 (ete)
1692,2024-07-27,Observation du 2024-07-27 (ete)
1692,2024-08-02,Observation du 2024-08-02 (ete)
1692,2024-08-04,Observation du 2024-08-04 (ete)
1692,2024-08-05,Observation du 2024-08-05 (ete)
1692,2024-08-06,Observation du 2024-08-06 (ete)
1692,2024-08-13,Observation du 2024-08-13 (ete)
1692,2024-08-26,Observation du 2024-08-26 (ete)
1692,2024-08-29,Observation du 2024-08-29 (ete)
1692,2024-09-02,Observation du 2024-09-02 (automne)
1692,2024-09-03,Observation du 2024-09-03 (automne)
1692,2024-09-08,Observation du 2024-09-08 (automne)
1692,2024-09-11,Observation du 2024-09-11 (automne)
1692,2024-09-20,Observation du 2024-09-20 (automne)
1692,2024-09-23,Observation du 2024-09-23 (automne)
1692,2024-09-29,Observation du 2024-09-29 (automne)
1692,2024-09-30,Observation du 2024-09-30 (automne)
1693,2024-05-25,Observation du 2024-05-25 (printemps)
1693,2024-05-27,Observation du 2024-05-27 (printemps)
1693,2024-05-30,Observation du 2024-05-30 (printemps)
1693,2024-06-01,Observation du 2024-06-01 (ete)
1693,2024-06-03,Observation du 2024-06-03 (ete)
1693,2024-06-06,Observation du 2024-06-06 (ete)
1693,2024-06-10,Observation du 2024-06-10 (ete)
1693,2024-06-12,Observation du 2024-06-12 (ete)
1693,2024-06-15,Observation du 2024-06-15 (ete)
1693,2024-06-18,Observation du 2024-06-18 (ete)
1693,2024-06-21,Observation du 2024-06-21 (ete)
1693,2024-06-27,Observation du 2024-06-27 (ete)
1693,2024-07-01,Observation du 2024-07-01 (ete)
1693,2024-07-02,Observation du 2024-07-02 (ete)
1693,2024-07-12,Observation du 2024-07-12 (ete)
1693,2024-07-20,Observation du 2024-07-20 (ete)
1693,2024-07-23,Observation du 2024-07-23 (ete)
1693,2024-07-24,Observation du 2024-07-24 (ete)
1693,2024-07-27,Observation du 2024-07-27 (ete)
1693,2024-07-29,Observation du 2024-07-29 (ete)
1693,2024-08-01,Observation du 2024-08-01 (ete)
1693,2024-08-06,Observation du 2024-08-06 (ete)
1693,2024-08-07,Observation du 2024-08-07 (ete)
1693,2024-08-19,Observation du 2024-08-19 (ete)
1693,2024-08-26,Observation du 2024-08-26 (ete)
1693,2024-08-27,Observation du 2024-08-27 (ete)
1693,2024-08-29,Observation du 2024-08-29 (ete)
1693,2024-08-30,Observation du 2024-08-30 (ete)
1693,2024-09-01,Observation du 2024-09-01 (automne)
1693,2024-09-02,Observation du 2024-09-02 (automne)
1693,2024-09-03,Observation du 2024-09-03 (automne)
1693,2024-09-04,Observation du 2024-09-04 (automne)
1693,2024-09-07,Observation du 2024-09-07 (automne)
1693,2024-09-13,Observation du 2024-09-13 (automne)
1693,2024-09-15,Observation du 2024-09-15 (automne)
1693,2024-09-22,Observation du 2024-09-22 (automne)
1693,2024-09-25,Observation du 2024-09-25 (automne)
1694,2024-05-30,Observation du 2024-05-30 (printemps)
1694,2024-06-02,Observation du 2024-06-02 (ete)
1694,2024-06-05,Observation du 2024-06-05 (ete)
1694,2024-06-11,Observation du 2024-06-11 (ete)
1694,2024-06-16,Observation du 2024-06-16 (ete)
1694,2024-06-18,Observation du 2024-06-18 (ete)
1694,2024-06-23,Observation du 2024-06-23 (ete)
1694,2024-07-04,Observation du 2024-07-04 (ete)
1694,2024-07-08,Observation du 2024-07-08 (ete)
1694,2024-07-09,Observation du 2024-07-09 (ete)
1695,2024-05-25,Observation du 2024-05-25 (printemps)
1695,2024-05-28,Observation du 2024-05-28 (printemps)
1695,2024-05-29,Observation du 2024-05-29 (printemps)
1695,2024-06-01,Observation du 2024-06-01 (ete)
1695,2024-06-02,Observation du 2024-06-02 (ete)
1695,2024-06-04,Observation du 2024-06-04 (ete)
1695,2024-06-08,Observation du 2024-06-08 (ete)
1695,2024-07-03,Observation du 2024-07-03 (ete)
1695,2024-07-06,Observation du 2024-07-06 (ete)
1695,2024-07-11,Observation du 2024-07-11 (ete)
1695,2024-07-18,Observation du 2024-07-18 (ete)
1695,2024-07-26,Observation du 2024-07-26 (ete)
1695,2024-07-27,Observation du 2024-07-27 (ete)
1695,2024-07-28,Observation du 2024-07-28 (ete)
1695,2024-08-04,Observation du 2024-08-04 (ete)
1695,2024-08-07,Observation du 2024-08-07 (ete)
1695,2024-08-17,Observation du 2024-08-17 (ete)
1695,2024-08-19,Observation du 2024-08-19 (ete)
1695,2024-08-21,Observation du 2024-08-21 (ete)
1695,2024-08-26,Observation du 2024-08-26 (ete)
1695,2024-08-27,Observation du 2024-08-27 (ete)
1696,2024-05-25,Observation du 2024-05-25 (printemps)
1696,2024-05-27,Observation du 2024-05-27 (printemps)
1696,2024-05-28,Observation du 2024-05-28 (printemps)
1696,2024-05-29,Observation du 2024-05-29 (printemps)
1696,2024-05-30,Observation du 2024-05-30 (printemps)
1696,2024-06-02,Observation du 2024-06-02 (ete)
1696,2024-06-07,Observation du 2024-06-07 (ete)
1696,2024-06-11,Observation du 2024-06-11 (ete)
1696,2024-06-17,Observation du 2024-06-17 (ete)
1696,2024-06-19,Observation du 2024-06-19 (ete)
1696,2024-06-20,Observation du 2024-06-20 (ete)
1696,2024-06-22,Observation du 2024-06-22 (ete)
1696,2024-06-23,Observation du 2024-06-23 (ete)
1696,2024-06-30,Observation du 2024-06-30 (ete)
1696,2024-07-06,Observation du 2024-07-06 (ete)
1696,2024-07-07,Observation du 2024-07-07 (ete)
1696,2024-07-10,Observation du 2024-07-10 (ete)
1696,2024-07-12,Observation du 2024-07-12 (ete)
1696,2024-07-14,Observation du 2024-07-14 (ete)
1696,2024-07-15,Observation du 2024-07-15 (ete)
1696,2024-07-27,Observation du 2024-07-27 (ete)
1696,2024-07-30,Observation du 2024-07-30 (ete)
1696,2024-08-07,Observation du 2024-08-07 (ete)
1696,2024-08-08,Observation du 2024-08-08 (ete)
1696,2024-08-11,Observation du 2024-08-11 (ete)
1696,2024-08-18,Observation du 2024-08-18 (ete)
1696,2024-08-19,Observation du 2024-08-19 (ete)
1696,2024-08-28,Observation du 2024-08-28 (ete)
1696,2024-08-29,Observation du 2024-08-29 (ete)
1696,2024-09-01,Observation du 2024-09-01 (automne)
1696,2024-09-03,Observation du 2024-09-03 (automne)
1696,2024-09-04,Observation du 2024-09-04 (automne)
1696,2024-09-05,Observation du 2024-09-05 (automne)
1696,2024-09-07,Observation du 2024-09-07 (automne)
1696,2024-09-08,Observation du 2024-09-08 (automne)
1696,2024-09-18,Observation du 2024-09-18 (automne)
1696,2024-09-19,Observation du 2024-09-19 (automne)
1696,2024-09-20,Observation du 2024-09-20 (automne)
1696,2024-09-21,Observation du 2024-09-21 (automne)
1697,2024-05-26,Observation du 2024-05-26 (printemps)
1697,2024-05-27,Observation du 2024-05-27 (printemps)
1697,2024-05-28,Observation du 2024-05-28 (printemps)
1697,2024-05-30,Observation du 2024-05-30 (printemps)
1697,2024-06-08,Observation du 2024-06-08 (ete)
1697,2024-06-17,Observation du 2024-06-17 (ete)
1697,2024-06-19,Observation du 2024-06-19 (ete)
1697,2024-06-20,Observation du 2024-06-20 (ete)
1697,2024-06-30,Observation du 2024-06-30 (ete)
1697,2024-07-01,Observation du 2024-07-01 (ete)
1697,2024-07-02,Observation du 2024-07-02 (ete)
1697,2024-07-03,Observation du 2024-07-03 (ete)
1698,2024-05-22,Observation du 2024-05-22 (printemps)
1698,2024-05-23,Observation du 2024-05-23 (printemps)
1698,2024-05-26,Observation du 2024-05-26 (printemps)
1698,2024-06-01,Observation du 2024-06-01 (ete)
1698,2024-06-03,Observation du 2024-06-03 (ete)
1698,2024-06-06,Observation du 2024-06-06 (ete)
1698,2024-06-09,Observation du 2024-06-09 (ete)
1698,2024-06-10,Observation du 2024-06-10 (ete)
1698,2024-06-12,Observation du 2024-06-12 (ete)
1698,2024-06-14,Observation du 2024-06-14 (ete)
1698,2024-06-15,Observation du 2024-06-15 (ete)
1698,2024-06-17,Observation du 2024-06-17 (ete)
1698,2024-06-18,Observation du 2024-06-18 (ete)
1698,2024-06-21,Observation du 2024-06-21 (ete)
1698,2024-06-23,Observation du 2024-06-23 (ete)
1698,2024-06-26,Observation du 2024-06-26 (ete)
1698,2024-07-01,Observation du 2024-07-01 (ete)
1698,2024-07-04,Observation du 2024-07-04 (ete)
1698,2024-07-07,Observation du 2024-07-07 (ete)
1698,2024-07-08,Observation du 2024-07-08 (ete)
1698,2024-07-14,Observation du 2024-07-14 (ete)
1698,2024-07-19,Observation du 2024-07-19 (ete)
1698,2024-07-22,Observation du 2024-07-22 (ete)
1698,2024-07-30,Observation du 2024-07-30 (ete)
1698,2024-07-31,Observation du 2024-07-31 (ete)
1698,2024-08-03,Observation du 2024-08-03 (ete)
1698,2024-08-04,Observation du 2024-08-04 (ete)
1698,2024-08-07,Observation du 2024-08-07 (ete)
1698,2024-08-13,Observation du 2024-08-13 (ete)
1698,2024-08-18,Observation du 2024-08-18 (ete)
1698,2024-08-20,Observation du 2024-08-20 (ete)
1698,2024-08-22,Observation du 2024-08-22 (ete)
1698,2024-08-24,Observation du 2024-08-24 (ete)
1698,2024-08-31,Observation du 2024-08-31 (ete)
1700,2024-05-29,Observation du 2024-05-29 (printemps)
1700,2024-05-30,Observation du 2024-05-30 (printemps)
1700,2024-06-07,Observation du 2024-06-07 (ete)
1700,2024-06-08,Observation du 2024-06-08 (ete)
1700,2024-06-10,Observation du 2024-06-10 (ete)
1700,2024-06-12,Observation du 2024-06-12 (ete)
1700,2024-06-13,Observation du 2024-06-13 (ete)
1700,2024-06-18,Observation du 2024-06-18 (ete)
1700,2024-06-22,Observation du 2024-06-22 (ete)
1700,2024-06-24,Observation du 2024-06-24 (ete)
1700,2024-06-28,Observation du 2024-06-28 (ete)
1700,2024-07-02,Observation du 2024-07-02 (ete)
1700,2024-07-07,Observation du 2024-07-07 (ete)
1700,2024-07-08,Observation du 2024-07-08 (ete)
1700,2024-07-11,Observation du 2024-07-11 (ete)
1700,2024-07-13,Observation du 2024-07-13 (ete)
1701,2024-05-05,Observation du 2024-05-05 (printemps)
1701,2024-05-06,Observation du 2024-05-06 (printemps)
1701,2024-05-15,Observation du 2024-05-15 (printemps)
1701,2024-05-16,Observation du 2024-05-16 (printemps)
1701,2024-05-19,Observation du 2024-05-19 (printemps)
1701,2024-05-21,Observation du 2024-05-21 (printemps)
1701,2024-05-29,Observation du 2024-05-29 (printemps)
1701,2024-06-01,Observation du 2024-06-01 (ete)
1701,2024-06-04,Observation du 2024-06-04 (ete)
1701,2024-06-09,Observation du 2024-06-09 (ete)
1701,2024-06-12,Observation du 2024-06-12 (ete)
1701,2024-06-16,Observation du 2024-06-16 (ete)
1701,2024-06-21,Observation du 2024-06-21 (ete)
1701,2024-06-28,Observation du 2024-06-28 (ete)
1701,2024-07-01,Observation du 2024-07-01 (ete)
1701,2024-07-13,Observation du 2024-07-13 (ete)
1701,2024-07-20,Observation du 2024-07-20 (ete)
1701,2024-07-26,Observation du 2024-07-26 (ete)
1701,2024-07-31,Observation du 2024-07-31 (ete)
1701,2024-08-04,Observation du 2024-08-04 (ete)
1701,2024-08-09,Observation du 2024-08-09 (ete)
1701,2024-08-10,Observation du 2024-08-10 (ete)
1701,2024-08-11,Observation du 2024-08-11 (ete)
1701,2024-08-12,Observation du 2024-08-12 (ete)
1701,2024-08-13,Observation du 2024-08-13 (ete)
1701,2024-08-15,Observation du 2024-08-15 (ete)
1701,2024-08-17,Observation du 2024-08-17 (ete)
1703,2024-05-15,Observation du 2024-05-15 (printemps)
1703,2024-05-21,Observation du 2024-05-21 (printemps)
1703,2024-05-23,Observation du 2024-05-23 (printemps)
1703,2024-06-09,Observation du 2024-06-09 (ete)
1703,2024-06-17,Observation du 2024-06-17 (ete)
1703,2024-06-19,Observation du 2024-06-19 (ete)
1703,2024-06-22,Observation du 2024-06-22 (ete)
1703,2024-06-27,Observation du 2024-06-27 (ete)
1703,2024-06-28,Observation du 2024-06-28 (ete)
1703,2024-06-30,Observation du 2024-06-30 (ete)
1703,2024-07-01,Observation du 2024-07-01 (ete)
1703,2024-07-05,Observation du 2024-07-05 (ete)
1703,2024-07-11,Observation du 2024-07-11 (ete)
1703,2024-07-14,Observation du 2024-07-14 (ete)
1703,2024-07-16,Observation du 2024-07-16 (ete)
1703,2024-07-18,Observation du 2024-07-18 (ete)
1703,2024-07-20,Observation du 2024-07-20 (ete)
1703,2024-07-26,Observation du 2024-07-26 (ete)
1703,2024-07-27,Observation du 2024-07-27 (ete)
1703,2024-07-29,Observation du 2024-07-29 (ete)
1703,2024-07-30,Observation du 2024-07-30 (ete)
1703,2024-07-31,Observation du 2024-07-31 (ete)
1703,2024-08-09,Observation du 2024-08-09 (ete)
1703,2024-08-11,Observation du 2024-08-11 (ete)
1703,2024-08-12,Observation du 2024-08-12 (ete)
1704,2024-05-22,Observation du 2024-05-22 (printemps)
1704,2024-05-23,Observation du 2024-05-23 (printemps)
1704,2024-05-24,Observation du 2024-05-24 (printemps)
1704,2024-05-29,Observation du 2024-05-29 (printemps)
1704,2024-06-06,Observation du 2024-06-06 (ete)
1704,2024-06-18,Observation du 2024-06-18 (ete)
1704,2024-06-20,Observation du 2024-06-20 (ete)
1704,2024-06-21,Observation du 2024-06-21 (ete)
1704,2024-06-24,Observation du 2024-06-24 (ete)
1704,2024-06-25,Observation du 2024-06-25 (ete)
1704,2024-06-26,Observation du 2024-06-26 (ete)
1704,2024-06-28,Observation du 2024-06-28 (ete)
1705,2024-05-09,Observation du 2024-05-09 (printemps)
1705,2024-05-14,Observation du 2024-05-14 (printemps)
1705,2024-05-18,Observation du 2024-05-18 (printemps)
1705,2024-05-29,Observation du 2024-05-29 (printemps)
1705,2024-05-30,Observation du 2024-05-30 (printemps)
1705,2024-05-31,Observation du 2024-05-31 (printemps)
1705,2024-06-03,Observation du 2024-06-03 (ete)
1705,2024-06-06,Observation du 2024-06-06 (ete)
1705,2024-06-09,Observation du 2024-06-09 (ete)
1705,2024-06-10,Observation du 2024-06-10 (ete)
1705,2024-06-12,Observation du 2024-06-12 (ete)
1705,2024-06-14,Observation du 2024-06-14 (ete)
1705,2024-06-25,Observation du 2024-06-25 (ete)
1705,2024-06-26,Observation du 2024-06-26 (ete)
1705,2024-06-28,Observation du 2024-06-28 (ete)
1705,2024-07-03,Observation du 2024-07-03 (ete)
1705,2024-07-11,Observation du 2024-07-11 (ete)
1705,2024-07-24,Observation du 2024-07-24 (ete)
1705,2024-07-28,Observation du 2024-07-28 (ete)
1705,2024-08-02,Observation du 2024-08-02 (ete)
1705,2024-08-04,Observation du 2024-08-04 (ete)
1705,2024-08-07,Observation du 2024-08-07 (ete)
1705,2024-08-17,Observation du 2024-08-17 (ete)
1705,2024-08-20,Observation du 2024-08-20 (ete)
1705,2024-08-21,Observation du 2024-08-21 (ete)
1705,2024-08-22,Observation du 2024-08-22 (ete)
1705,2024-08-23,Observation du 2024-08-23 (ete)
1705,2024-08-24,Observation du 2024-08-24 (ete)
1705,2024-08-27,Observation du 2024-08-27 (ete)
1705,2024-08-28,Observation du 2024-08-28 (ete)
1705,2024-08-29,Observation du 2024-08-29 (ete)
1705,2024-08-30,Observation du 2024-08-30 (ete)
1705,2024-09-03,Observation du 2024-09-03 (automne)
1705,2024-09-05,Observation du 2024-09-05 (automne)
1705,2024-09-07,Observation du 2024-09-07 (automne)
1705,2024-09-09,Observation du 2024-09-09 (automne)
1705,2024-09-13,Observation du 2024-09-13 (automne)
1705,2024-09-18,Observation du 2024-09-18 (automne)
1705,2024-09-19,Observation du 2024-09-19 (automne)
1705,2024-09-20,Observation du 2024-09-20 (automne)
1705,2024-09-23,Observation du 2024-09-23 (automne)
1706,2024-05-09,Observation du 2024-05-09 (printemps)
1706,2024-05-13,Observation du 2024-05-13 (printemps)
1706,2024-05-17,Observation du 2024-05-17 (printemps)
1706,2024-05-20,Observation du 2024-05-20 (printemps)
1706,2024-05-25,Observation du 2024-05-25 (printemps)
1706,2024-05-26,Observation du 2024-05-26 (printemps)
1706,2024-05-27,Observation du 2024-05-27 (printemps)
1706,2024-05-30,Observation du 2024-05-30 (printemps)
1706,2024-06-11,Observation du 2024-06-11 (ete)
1706,2024-06-14,Observation du 2024-06-14 (ete)
1706,2024-06-21,Observation du 2024-06-21 (ete)
1706,2024-06-23,Observation du 2024-06-23 (ete)
1706,2024-07-04,Observation du 2024-07-04 (ete)
1706,2024-07-14,Observation du 2024-07-14 (ete)
1706,2024-07-17,Observation du 2024-07-17 (ete)
1706,2024-07-27,Observation du 2024-07-27 (ete)
1706,2024-08-11,Observation du 2024-08-11 (ete)
1707,2024-05-10,Observation du 2024-05-10 (printemps)
1707,2024-05-12,Observation du 2024-05-12 (printemps)
1707,2024-05-13,Observation du 2024-05-13 (printemps)
1707,2024-05-22,Observation du 2024-05-22 (printemps)
1707,2024-05-23,Observation du 2024-05-23 (printemps)
1707,2024-05-25,Observation du 2024-05-25 (printemps)
1707,2024-05-31,Observation du 2024-05-31 (printemps)
1707,2024-06-05,Observation du 2024-06-05 (ete)
1707,2024-06-10,Observation du 2024-06-10 (ete)
1707,2024-06-16,Observation du 2024-06-16 (ete)
1707,2024-06-20,Observation du 2024-06-20 (ete)
1707,2024-06-25,Observation du 2024-06-25 (ete)
1707,2024-06-27,Observation du 2024-06-27 (ete)
1707,2024-06-29,Observation du 2024-06-29 (ete)
1707,2024-06-30,Observation du 2024-06-30 (ete)
1707,2024-07-01,Observation du 2024-07-01 (ete)
1707,2024-07-12,Observation du 2024-07-12 (ete)
1709,2024-05-11,Observation du 2024-05-11 (printemps)
1709,2024-05-12,Observation du 2024-05-12 (printemps)
1709,2024-05-15,Observation du 2024-05-15 (printemps)
1709,2024-05-16,Observation du 2024-05-16 (printemps)
1709,2024-05-17,Observation du 2024-05-17 (printemps)
1709,2024-05-22,Observation du 2024-05-22 (printemps)
1709,2024-05-26,Observation du 2024-05-26 (printemps)
1709,2024-05-27,Observation du 2024-05-27 (printemps)
1709,2024-05-29,Observation du 2024-05-29 (printemps)
1709,2024-06-02,Observation du 2024-06-02 (ete)
1709,2024-06-10,Observation du 2024-06-10 (ete)
1710,2024-05-09,Observation du 2024-05-09 (printemps)
1710,2024-05-13,Observation du 2024-05-13 (printemps)
1710,2024-05-16,Observation du 2024-05-16 (printemps)
1710,2024-05-17,Observation du 2024-05-17 (printemps)
1710,2024-05-18,Observation du 2024-05-18 (printemps)
1710,2024-05-19,Observation du 2024-05-19 (printemps)
1710,2024-05-22,Observation du 2024-05-22 (printemps)
1710,2024-05-23,Observation du 2024-05-23 (printemps)
1710,2024-05-24,Observation du 2024-05-24 (printemps)
1710,2024-05-25,Observation du 2024-05-25 (printemps)
1710,2024-05-26,Observation du 2024-05-26 (printemps)
1710,2024-05-30,Observation du 2024-05-30 (printemps)
1710,2024-06-02,Observation du 2024-06-02 (ete)
1710,2024-06-08,Observation du 2024-06-08 (ete)
1710,2024-06-09,Observation du 2024-06-09 (ete)
1710,2024-06-10,Observation du 2024-06-10 (ete)
1710,2024-06-17,Observation du 2024-06-17 (ete)
1710,2024-06-19,Observation du 2024-06-19 (ete)
1713,2024-05-09,Observation du 2024-05-09 (printemps)
1713,2024-05-20,Observation du 2024-05-20 (printemps)
1713,2024-05-23,Observation du 2024-05-23 (printemps)
1713,2024-05-24,Observation du 2024-05-24 (printemps)
1713,2024-05-25,Observation du 2024-05-25 (printemps)
1713,2024-05-28,Observation du 2024-05-28 (printemps)
1713,2024-05-29,Observation du 2024-05-29 (printemps)
1713,2024-05-31,Observation du 2024-05-31 (printemps)
1713,2024-06-01,Observation du 2024-06-01 (ete)
1713,2024-06-06,Observation du 2024-06-06 (ete)
1713,2024-06-10,Observation du 2024-06-10 (ete)
1713,2024-06-16,Observation du 2024-06-16 (ete)
1713,2024-06-20,Observation du 2024-06-20 (ete)
1713,2024-06-23,Observation du 2024-06-23 (ete)
1713,2024-06-26,Observation du 2024-06-26 (ete)
1713,2024-06-28,Observation du 2024-06-28 (ete)
1713,2024-06-30,Observation du 2024-06-30 (ete)
1713,2024-07-03,Observation du 2024-07-03 (ete)
1713,2024-07-06,Observation du 2024-07-06 (ete)
1713,2024-07-08,Observation du 2024-07-08 (ete)
1713,2024-07-16,Observation du 2024-07-16 (ete)
1713,2024-07-18,Observation du 2024-07-18 (ete)
1713,2024-07-19,Observation du 2024-07-19 (ete)
1713,2024-07-20,Observation du 2024-07-20 (ete)
1713,2024-07-25,Observation du 2024-07-25 (ete)
1713,2024-07-26,Observation du 2024-07-26 (ete)
1713,2024-07-30,Observation du 2024-07-30 (ete)
1713,2024-08-03,Observation du 2024-08-03 (ete)
1713,2024-08-07,Observation du 2024-08-07 (ete)
1713,2024-08-12,Observation du 2024-08-12 (ete)
1713,2024-08-14,Observation du 2024-08-14 (ete)
1713,2024-08-21,Observation du 2024-08-21 (ete)
1713,2024-08-22,Observation du 2024-08-22 (ete)
1713,2024-08-28,Observation du 2024-08-28 (ete)
1713,2024-08-31,Observation du 2024-08-31 (ete)
1713,2024-09-02,Observation du 2024-09-02 (automne)
1713,2024-09-05,Observation du 2024-09-05 (automne)
1713,2024-09-07,Observation du 2024-09-07 (automne)
1713,2024-09-08,Observation du 2024-09-08 (automne)
1713,2024-09-13,Observation du 2024-09-13 (automne)
1713,2024-09-15,Observation du 2024-09-15 (automne)
1713,2024-09-16,Observation du 2024-09-16 (automne)
1713,2024-09-17,Observation du 2024-09-17 (automne)
1713,2024-09-19,Observation du 2024-09-19 (automne)
1713,2024-09-22,Observation du 2024-09-22 (automne)
1713,2024-09-23,Observation du 2024-09-23 (automne)
1714,2024-05-10,Observation du 2024-05-10 (printemps)
1714,2024-05-13,Observation du 2024-05-13 (printemps)
1714,2024-05-14,Observation du 2024-05-14 (printemps)
1714,2024-05-18,Observation du 2024-05-18 (printemps)
1714,2024-05-21,Observation du 2024-05-21 (printemps)
1714,2024-05-22,Observation du 2024-05-22 (printemps)
1714,2024-05-27,Observation du 2024-05-27 (printemps)
1714,2024-06-11,Observation du 2024-06-11 (ete)
1714,2024-06-12,Observation du 2024-06-12 (ete)
1714,2024-06-13,Observation du 2024-06-13 (ete)
1714,2024-06-16,Observation du 2024-06-16 (ete)
1714,2024-06-21,Observation du 2024-06-21 (ete)
1714,2024-06-23,Observation du 2024-06-23 (ete)
1714,2024-06-24,Observation du 2024-06-24 (ete)
1714,2024-07-06,Observation du 2024-07-06 (ete)
1714,2024-07-11,Observation du 2024-07-11 (ete)
1714,2024-07-16,Observation du 2024-07-16 (ete)
1714,2024-07-17,Observation du 2024-07-17 (ete)
1714,2024-07-21,Observation du 2024-07-21 (ete)
1714,2024-07-24,Observation du 2024-07-24 (ete)
1714,2024-07-28,Observation du 2024-07-28 (ete)
1715,2024-05-09,Observation du 2024-05-09 (printemps)
1715,2024-05-10,Observation du 2024-05-10 (printemps)
1715,2024-05-19,Observation du 2024-05-19 (printemps)
1715,2024-05-20,Observation du 2024-05-20 (printemps)
1715,2024-05-25,Observation du 2024-05-25 (printemps)
1715,2024-05-29,Observation du 2024-05-29 (printemps)
1715,2024-06-04,Observation du 2024-06-04 (ete)
1715,2024-06-05,Observation du 2024-06-05 (ete)
1715,2024-06-09,Observation du 2024-06-09 (ete)
1715,2024-06-25,Observation du 2024-06-25 (ete)
1715,2024-06-30,Observation du 2024-06-30 (ete)
1715,2024-07-06,Observation du 2024-07-06 (ete)
1715,2024-07-07,Observation du 2024-07-07 (ete)
1715,2024-07-08,Observation du 2024-07-08 (ete)
1715,2024-07-12,Observation du 2024-07-12 (ete)
1715,2024-07-22,Observation du 2024-07-22 (ete)
1715,2024-07-23,Observation du 2024-07-23 (ete)
1716,2024-05-06,Observation du 2024-05-06 (printemps)
1716,2024-05-08,Observation du 2024-05-08 (printemps)
1716,2024-05-10,Observation du 2024-05-10 (printemps)
1716,2024-05-13,Observation du 2024-05-13 (printemps)
1716,2024-05-14,Observation du 2024-05-14 (printemps)
1716,2024-05-15,Observation du 2024-05-15 (printemps)
1716,2024-05-16,Observation du 2024-05-16 (printemps)
1716,2024-05-25,Observation du 2024-05-25 (printemps)
1716,2024-05-26,Observation du 2024-05-26 (printemps)
1716,2024-06-03,Observation du 2024-06-03 (ete)
1716,2024-06-04,Observation du 2024-06-04 (ete)
1716,2024-06-06,Observation du 2024-06-06 (ete)
1716,2024-06-07,Observation du 2024-06-07 (ete)
1716,2024-06-08,Observation du 2024-06-08 (ete)
1716,2024-06-14,Observation du 2024-06-14 (ete)
1716,2024-06-20,Observation du 2024-06-20 (ete)
1716,2024-06-22,Observation du 2024-06-22 (ete)
1716,2024-07-10,Observation du 2024-07-10 (ete)
1716,2024-07-11,Observation du 2024-07-11 (ete)
1716,2024-07-12,Observation du 2024-07-12 (ete)
1716,2024-07-13,Observation du 2024-07-13 (ete)
1716,2024-07-14,Observation du 2024-07-14 (ete)
1716,2024-07-16,Observation du 2024-07-16 (ete)
1716,2024-07-22,Observation du 2024-07-22 (ete)
1716,2024-07-26,Observation du 2024-07-26 (ete)
1716,2024-07-28,Observation du 2024-07-28 (ete)
1716,2024-07-30,Observation du 2024-07-30 (ete)
1716,2024-08-04,Observation du 2024-08-04 (ete)
1716,2024-08-05,Observation du 2024-08-05 (ete)
1716,2024-08-06,Observation du 2024-08-06 (ete)
1716,2024-08-08,Observation du 2024-08-08 (ete)
1716,2024-08-13,Observation du 2024-08-13 (ete)
1716,2024-08-17,Observation du 2024-08-17 (ete)
1717,2024-05-12,Observation du 2024-05-12 (printemps)
1717,2024-05-13,Observation du 2024-05-13 (printemps)
1717,2024-05-15,Observation du 2024-05-15 (printemps)
1717,2024-05-20,Observation du 2024-05-20 (printemps)
1717,2024-05-23,Observation du 2024-05-23 (printemps)
1717,2024-05-28,Observation du 2024-05-28 (printemps)
1717,2024-05-29,Observation du 2024-05-29 (printemps)
1717,2024-06-06,Observation du 2024-06-06 (ete)
1717,2024-06-09,Observation du 2024-06-09 (ete)
1717,2024-06-10,Observation du 2024-06-10 (ete)
1717,2024-06-14,Observation du 2024-06-14 (ete)
1717,2024-06-15,Observation du 2024-06-15 (ete)
1717,2024-06-20,Observation du 2024-06-20 (ete)
1717,2024-06-22,Observation du 2024-06-22 (ete)
1717,2024-06-23,Observation du 2024-06-23 (ete)
1717,2024-07-02,Observation du 2024-07-02 (ete)
1717,2024-07-10,Observation du 2024-07-10 (ete)
1717,2024-07-15,Observation du 2024-07-15 (ete)
1717,2024-07-17,Observation du 2024-07-17 (ete)
1718,2024-05-04,Observation du 2024-05-04 (printemps)
1718,2024-05-08,Observation du 2024-05-08 (printemps)
1718,2024-05-11,Observation du 2024-05-11 (printemps)
1718,2024-05-12,Observation du 2024-05-12 (printemps)
1718,2024-05-14,Observation du 2024-05-14 (printemps)
1718,2024-05-17,Observation du 2024-05-17 (printemps)
1718,2024-05-18,Observation du 2024-05-18 (printemps)
1718,2024-05-20,Observation du 2024-05-20 (printemps)
1718,2024-05-21,Observation du 2024-05-21 (printemps)
1718,2024-05-22,Observation du 2024-05-22 (printemps)
1718,2024-05-23,Observation du 2024-05-23 (printemps)
1718,2024-05-24,Observation du 2024-05-24 (printemps)
1718,2024-05-26,Observation du 2024-05-26 (printemps)
1718,2024-05-27,Observation du 2024-05-27 (printemps)
1718,2024-05-30,Observation du 2024-05-30 (printemps)
1718,2024-06-09,Observation du 2024-06-09 (ete)
1718,2024-06-11,Observation du 2024-06-11 (ete)
1718,2024-06-27,Observation du 2024-06-27 (ete)
1718,2024-06-29,Observation du 2024-06-29 (ete)
1718,2024-06-30,Observation du 2024-06-30 (ete)
1718,2024-07-01,Observation du 2024-07-01 (ete)
1718,2024-07-03,Observation du 2024-07-03 (ete)
1718,2024-07-07,Observation du 2024-07-07 (ete)
1718,2024-07-11,Observation du 2024-07-11 (ete)
1718,2024-07-15,Observation du 2024-07-15 (ete)
1718,2024-07-17,Observation du 2024-07-17 (ete)
1718,2024-07-19,Observation du 2024-07-19 (ete)
1718,2024-07-23,Observation du 2024-07-23 (ete)
1718,2024-07-24,Observation du 2024-07-24 (ete)
1718,2024-07-25,Observation du 2024-07-25 (ete)
1718,2024-07-27,Observation du 2024-07-27 (ete)
1718,2024-07-30,Observation du 2024-07-30 (ete)
1718,2024-07-31,Observation du 2024-07-31 (ete)
1718,2024-08-02,Observation du 2024-08-02 (ete)
1718,2024-08-04,Observation du 2024-08-04 (ete)
1718,2024-08-05,Observation du 2024-08-05 (ete)
1718,2024-08-16,Observation du 2024-08-16 (ete)
1718,2024-08-17,Observation du 2024-08-17 (ete)
1718,2024-08-19,Observation du 2024-08-19 (ete)
1718,2024-08-20,Observation du 2024-08-20 (ete)
1718,2024-08-21,Observation du 2024-08-21 (ete)
1718,2024-08-23,Observation du 2024-08-23 (ete)
1718,2024-08-28,Observation du 2024-08-28 (ete)
1718,2024-08-29,Observation du 2024-08-29 (ete)
1718,2024-09-01,Observation du 2024-09-01 (automne)
1718,2024-09-12,Observation du 2024-09-12 (automne)
1718,2024-09-15,Observation du 2024-09-15 (automne)
1718,2024-09-16,Observation du 2024-09-16 (automne)
1718,2024-09-24,Observation du 2024-09-24 (automne)
1720,2024-05-14,Observation du 2024-05-14 (printemps)
1720,2024-05-15,Observation du 2024-05-15 (printemps)
1720,2024-05-17,Observation du 2024-05-17 (printemps)
1720,2024-05-18,Observation du 2024-05-18 (printemps)
1720,2024-05-19,Observation du 2024-05-19 (printemps)
1720,2024-05-21,Observation du 2024-05-21 (printemps)
1720,2024-05-22,Observation du 2024-05-22 (printemps)
1720,2024-05-24,Observation du 2024-05-24 (printemps)
1720,2024-05-25,Observation du 2024-05-25 (printemps)
1720,2024-05-31,Observation du 2024-05-31 (printemps)
1720,2024-06-02,Observation du 2024-06-02 (ete)
1720,2024-06-04,Observation du 2024-06-04 (ete)
1720,2024-06-06,Observation du 2024-06-06 (ete)
1720,2024-06-07,Observation du 2024-06-07 (ete)
1720,2024-06-11,Observation du 2024-06-11 (ete)
1720,2024-06-13,Observation du 2024-06-13 (ete)
1720,2024-06-16,Observation du 2024-06-16 (ete)
1720,2024-06-17,Observation du 2024-06-17 (ete)
1720,2024-06-18,Observation du 2024-06-18 (ete)
1720,2024-06-21,Observation du 2024-06-21 (ete)
1720,2024-06-24,Observation du 2024-06-24 (ete)
1720,2024-06-25,Observation du 2024-06-25 (ete)
1720,2024-06-28,Observation du 2024-06-28 (ete)
1720,2024-07-01,Observation du 2024-07-01 (ete)
1720,2024-07-02,Observation du 2024-07-02 (ete)
1720,2024-07-04,Observation du 2024-07-04 (ete)
1720,2024-07-07,Observation du 2024-07-07 (ete)
1720,2024-07-09,Observation du 2024-07-09 (ete)
1720,2024-07-10,Observation du 2024-07-10 (ete)
1721,2024-05-11,Observation du 2024-05-11 (printemps)
1721,2024-05-13,Observation du 2024-05-13 (printemps)
1721,2024-05-14,Observation du 2024-05-14 (printemps)
1721,2024-05-16,Observation du 2024-05-16 (printemps)
1721,2024-05-22,Observation du 2024-05-22 (printemps)
1721,2024-05-24,Observation du 2024-05-24 (printemps)
1721,2024-05-26,Observation du 2024-05-26 (printemps)
1721,2024-05-29,Observation du 2024-05-29 (printemps)
1721,2024-05-31,Observation du 2024-05-31 (printemps)
1721,2024-06-01,Observation du 2024-06-01 (ete)
1721,2024-06-02,Observation du 2024-06-02 (ete)
1721,2024-06-04,Observation du 2024-06-04 (ete)
1721,2024-06-07,Observation du 2024-06-07 (ete)
1722,2024-05-07,Observation du 2024-05-07 (printemps)
1722,2024-05-12,Observation du 2024-05-12 (printemps)
1722,2024-05-15,Observation du 2024-05-15 (printemps)
1722,2024-05-19,Observation du 2024-05-19 (printemps)
1722,2024-05-20,Observation du 2024-05-20 (printemps)
1722,2024-05-25,Observation du 2024-05-25 (printemps)
1722,2024-05-28,Observation du 2024-05-28 (printemps)
1722,2024-05-29,Observation du 2024-05-29 (printemps)
1722,2024-05-30,Observation du 2024-05-30 (printemps)
1722,2024-05-31,Observation du 2024-05-31 (printemps)
1722,2024-06-08,Observation du 2024-06-08 (ete)
1722,2024-06-09,Observation du 2024-06-09 (ete)
1722,2024-06-13,Observation du 2024-06-13 (ete)
1722,2024-06-18,Observation du 2024-06-18 (ete)
1722,2024-06-19,Observation du 2024-06-19 (ete)
1722,2024-06-21,Observation du 2024-06-21 (ete)
1722,2024-06-27,Observation du 2024-06-27 (ete)
1722,2024-06-30,Observation du 2024-06-30 (ete)
1722,2024-07-01,Observation du 2024-07-01 (ete)
1722,2024-07-06,Observation du 2024-07-06 (ete)
1722,2024-07-12,Observation du 2024-07-12 (ete)
1722,2024-07-19,Observation du 2024-07-19 (ete)
1722,2024-07-20,Observation du 2024-07-20 (ete)
1723,2024-05-07,Observation du 2024-05-07 (printemps)
1723,2024-05-08,Observation du 2024-05-08 (printemps)
1723,2024-05-09,Observation du 2024-05-09 (printemps)
1723,2024-05-10,Observation du 2024-05-10 (printemps)
1723,2024-05-16,Observation du 2024-05-16 (printemps)
1723,2024-05-17,Observation du 2024-05-17 (printemps)
1723,2024-05-18,Observation du 2024-05-18 (printemps)
1723,2024-05-19,Observation du 2024-05-19 (printemps)
1723,2024-05-20,Observation du 2024-05-20 (printemps)
1723,2024-05-21,Observation du 2024-05-21 (printemps)
1723,2024-05-22,Observation du 2024-05-22 (printemps)
1723,2024-05-23,Observation du 2024-05-23 (printemps)
1723,2024-05-26,Observation du 2024-05-26 (printemps)
1723,2024-05-28,Observation du 2024-05-28 (printemps)
1723,2024-05-29,Observation du 2024-05-29 (printemps)
1723,2024-06-01,Observation du 2024-06-01 (ete)
1723,2024-06-08,Observation du 2024-06-08 (ete)
1723,2024-06-09,Observation du 2024-06-09 (ete)
1723,2024-06-10,Observation du 2024-06-10 (ete)
1724,2024-05-14,Observation du 2024-05-14 (printemps)
1724,2024-05-17,Observation du 2024-05-17 (printemps)
1724,2024-05-18,Observation du 2024-05-18 (printemps)
1724,2024-05-19,Observation du 2024-05-19 (printemps)
1724,2024-05-22,Observation du 2024-05-22 (printemps)
1724,2024-05-23,Observation du 2024-05-23 (printemps)
1724,2024-05-24,Observation du 2024-05-24 (printemps)
1724,2024-05-26,Observation du 2024-05-26 (printemps)
1724,2024-05-29,Observation du 2024-05-29 (printemps)
1724,2024-05-30,Observation du 2024-05-30 (printemps)
1724,2024-05-31,Observation du 2024-05-31 (printemps)
1724,2024-06-02,Observation du 2024-06-02 (ete)
1724,2024-06-04,Observation du 2024-06-04 (ete)
1724,2024-06-07,Observation du 2024-06-07 (ete)
1724,2024-06-09,Observation du 2024-06-09 (ete)
1724,2024-06-10,Observation du 2024-06-10 (ete)
1724,2024-06-14,Observation du 2024-06-14 (ete)
1724,2024-06-16,Observation du 2024-06-16 (ete)
1724,2024-06-17,Observation du 2024-06-17 (ete)
1724,2024-06-23,Observation du 2024-06-23 (ete)
1724,2024-06-24,Observation du 2024-06-24 (ete)
1724,2024-06-25,Observation du 2024-06-25 (ete)
1724,2024-06-26,Observation du 2024-06-26 (ete)
1724,2024-06-27,Observation du 2024-06-27 (ete)
1724,2024-06-29,Observation du 2024-06-29 (ete)
1724,2024-06-30,Observation du 2024-06-30 (ete)
1724,2024-07-01,Observation du 2024-07-01 (ete)
1724,2024-07-02,Observation du 2024-07-02 (ete)
1724,2024-07-04,Observation du 2024-07-04 (ete)
1724,2024-07-09,Observation du 2024-07-09 (ete)
1724,2024-07-13,Observation du 2024-07-13 (ete)
1724,2024-07-14,Observation du 2024-07-14 (ete)
1724,2024-07-15,Observation du 2024-07-15 (ete)
1724,2024-07-16,Observation du 2024-07-16 (ete)
1724,2024-07-19,Observation du 2024-07-19 (ete)
1724,2024-07-21,Observation du 2024-07-21 (ete)
1725,2024-05-07,Observation du 2024-05-07 (printemps)
1725,2024-05-08,Observation du 2024-05-08 (printemps)
1725,2024-05-10,Observation du 2024-05-10 (printemps)
1725,2024-05-13,Observation du 2024-05-13 (printemps)
1725,2024-05-14,Observation du 2024-05-14 (printemps)
1725,2024-05-17,Observation du 2024-05-17 (printemps)
1725,2024-05-19,Observation du 2024-05-19 (printemps)
1725,2024-05-25,Observation du 2024-05-25 (printemps)
1725,2024-05-26,Observation du 2024-05-26 (printemps)
1725,2024-05-27,Observation du 2024-05-27 (printemps)
1725,2024-05-29,Observation du 2024-05-29 (printemps)
1725,2024-05-30,Observation du 2024-05-30 (printemps)
1725,2024-05-31,Observation du 2024-05-31 (printemps)
1725,2024-06-03,Observation du 2024-06-03 (ete)
1725,2024-06-07,Observation du 2024-06-07 (ete)
1725,2024-06-14,Observation du 2024-06-14 (ete)
1725,2024-06-24,Observation du 2024-06-24 (ete)
1725,2024-06-25,Observation du 2024-06-25 (ete)
1725,2024-06-26,Observation du 2024-06-26 (ete)
1725,2024-06-29,Observation du 2024-06-29 (ete)
1725,2024-07-03,Observation du 2024-07-03 (ete)
1725,2024-07-06,Observation du 2024-07-06 (ete)
1725,2024-07-09,Observation du 2024-07-09 (ete)
1725,2024-07-17,Observation du 2024-07-17 (ete)
1725,2024-07-19,Observation du 2024-07-19 (ete)
1725,2024-07-22,Observation du 2024-07-22 (ete)
1725,2024-07-24,Observation du 2024-07-24 (ete)
1725,2024-07-26,Observation du 2024-07-26 (ete)
1725,2024-07-29,Observation du 2024-07-29 (ete)
1725,2024-07-30,Observation du 2024-07-30 (ete)
1725,2024-08-13,Observation du 2024-08-13 (ete)
1725,2024-08-14,Observation du 2024-08-14 (ete)
1725,2024-08-18,Observation du 2024-08-18 (ete)
1725,2024-08-20,Observation du 2024-08-20 (ete)
1725,2024-08-21,Observation du 2024-08-21 (ete)
1725,2024-08-29,Observation du 2024-08-29 (ete)
1725,2024-08-30,Observation du 2024-08-30 (ete)
1725,2024-09-04,Observation du 2024-09-04 (automne)
1726,2024-05-15,Observation du 2024-05-15 (printemps)
1726,2024-05-17,Observation du 2024-05-17 (printemps)
1726,2024-05-20,Observation du 2024-05-20 (printemps)
1726,2024-05-22,Observation du 2024-05-22 (printemps)
1726,2024-05-30,Observation du 2024-05-30 (printemps)
1726,2024-06-01,Observation du 2024-06-01 (ete)
1726,2024-06-02,Observation du 2024-06-02 (ete)
1726,2024-06-03,Observation du 2024-06-03 (ete)
1726,2024-06-04,Observation du 2024-06-04 (ete)
1726,2024-06-07,Observation du 2024-06-07 (ete)
1726,2024-06-10,Observation du 2024-06-10 (ete)
1726,2024-06-12,Observation du 2024-06-12 (ete)
1726,2024-06-13,Observation du 2024-06-13 (ete)
1726,2024-06-14,Observation du 2024-06-14 (ete)
1726,2024-06-16,Observation du 2024-06-16 (ete)
1726,2024-06-19,Observation du 2024-06-19 (ete)
1726,2024-06-21,Observation du 2024-06-21 (ete)
1726,2024-06-22,Observation du 2024-06-22 (ete)
1726,2024-06-23,Observation du 2024-06-23 (ete)
1726,2024-07-06,Observation du 2024-07-06 (ete)
1726,2024-07-08,Observation du 2024-07-08 (ete)
1726,2024-07-12,Observation du 2024-07-12 (ete)
1726,2024-07-14,Observation du 2024-07-14 (ete)
1726,2024-07-18,Observation du 2024-07-18 (ete)
1726,2024-07-24,Observation du 2024-07-24 (ete)
1726,2024-07-27,Observation du 2024-07-27 (ete)
1726,2024-08-06,Observation du 2024-08-06 (ete)
1726,2024-08-11,Observation du 2024-08-11 (ete)
1726,2024-08-18,Observation du 2024-08-18 (ete)
1726,2024-08-20,Observation du 2024-08-20 (ete)
1726,2024-08-24,Observation du 2024-08-24 (ete)
1726,2024-08-26,Observation du 2024-08-26 (ete)
1726,2024-08-27,Observation du 2024-08-27 (ete)
1726,2024-08-28,Observation du 2024-08-28 (ete)
1726,2024-08-31,Observation du 2024-08-31 (ete)
1726,2024-09-02,Observation du 2024-09-02 (automne)
1726,2024-09-03,Observation du 2024-09-03 (automne)
1726,2024-09-04,Observation du 2024-09-04 (automne)
1727,2024-05-15,Observation du 2024-05-15 (printemps)
1727,2024-05-17,Observation du 2024-05-17 (printemps)
1727,2024-05-24,Observation du 2024-05-24 (printemps)
1727,2024-05-26,Observation du 2024-05-26 (printemps)
1727,2024-05-29,Observation du 2024-05-29 (printemps)
1727,2024-06-01,Observation du 2024-06-01 (ete)
1727,2024-06-06,Observation du 2024-06-06 (ete)
1727,2024-06-11,Observation du 2024-06-11 (ete)
1727,2024-06-15,Observation du 2024-06-15 (ete)
1727,2024-06-18,Observation du 2024-06-18 (ete)
1727,2024-06-21,Observation du 2024-06-21 (ete)
1727,2024-06-23,Observation du 2024-06-23 (ete)
1727,2024-06-24,Observation du 2024-06-24 (ete)
1727,2024-06-26,Observation du 2024-06-26 (ete)
1727,2024-06-28,Observation du 2024-06-28 (ete)
1727,2024-07-01,Observation du 2024-07-01 (ete)
1727,2024-07-04,Observation du 2024-07-04 (ete)
1727,2024-07-07,Observation du 2024-07-07 (ete)
1727,2024-07-09,Observation du 2024-07-09 (ete)
1727,2024-07-11,Observation du 2024-07-11 (ete)
1727,2024-07-13,Observation du 2024-07-13 (ete)
1727,2024-07-14,Observation du 2024-07-14 (ete)
1727,2024-07-20,Observation du 2024-07-20 (ete)
1727,2024-07-22,Observation du 2024-07-22 (ete)
1727,2024-07-25,Observation du 2024-07-25 (ete)
1727,2024-07-28,Observation du 2024-07-28 (ete)
1727,2024-07-30,Observation du 2024-07-30 (ete)
1727,2024-08-01,Observation du 2024-08-01 (ete)
1727,2024-08-03,Observation du 2024-08-03 (ete)
1727,2024-08-05,Observation du 2024-08-05 (ete)
1727,2024-08-06,Observation du 2024-08-06 (ete)
1727,2024-08-11,Observation du 2024-08-11 (ete)
1727,2024-08-12,Observation du 2024-08-12 (ete)
1727,2024-08-14,Observation du 2024-08-14 (ete)
1727,2024-08-17,Observation du 2024-08-17 (ete)
1727,2024-08-18,Observation du 2024-08-18 (ete)
1727,2024-08-26,Observation du 2024-08-26 (ete)
1727,2024-08-27,Observation du 2024-08-27 (ete)
1727,2024-08-31,Observation du 2024-08-31 (ete)
1727,2024-09-01,Observation du 2024-09-01 (automne)
1727,2024-09-05,Observation du 2024-09-05 (automne)
1727,2024-09-09,Observation du 2024-09-09 (automne)
1727,2024-09-11,Observation du 2024-09-11 (automne)
1727,2024-09-15,Observation du 2024-09-15 (automne)
1727,2024-09-17,Observation du 2024-09-17 (automne)
1727,2024-09-20,Observation du 2024-09-20 (automne)
1728,2024-05-12,Observation du 2024-05-12 (printemps)
1728,2024-05-14,Observation du 2024-05-14 (printemps)
1728,2024-05-19,Observation du 2024-05-19 (printemps)
1728,2024-05-20,Observation du 2024-05-20 (printemps)
1728,2024-05-21,Observation du 2024-05-21 (printemps)
1728,2024-05-22,Observation du 2024-05-22 (printemps)
1728,2024-05-25,Observation du 2024-05-25 (printemps)
1728,2024-05-26,Observation du 2024-05-26 (printemps)
1728,2024-05-28,Observation du 2024-05-28 (printemps)
1728,2024-05-30,Observation du 2024-05-30 (printemps)
1728,2024-06-02,Observation du 2024-06-02 (ete)
1728,2024-06-03,Observation du 2024-06-03 (ete)
1728,2024-06-05,Observation du 2024-06-05 (ete)
1728,2024-06-07,Observation du 2024-06-07 (ete)
1728,2024-06-13,Observation du 2024-06-13 (ete)
1728,2024-06-15,Observation du 2024-06-15 (ete)
1728,2024-06-16,Observation du 2024-06-16 (ete)
1728,2024-06-19,Observation du 2024-06-19 (ete)
1728,2024-06-20,Observation du 2024-06-20 (ete)
1728,2024-06-22,Observation du 2024-06-22 (ete)
1728,2024-06-23,Observation du 2024-06-23 (ete)
1728,2024-06-27,Observation du 2024-06-27 (ete)
1728,2024-06-28,Observation du 2024-06-28 (ete)
1728,2024-06-30,Observation du 2024-06-30 (ete)
1728,2024-07-04,Observation du 2024-07-04 (ete)
1728,2024-07-06,Observation du 2024-07-06 (ete)
1728,2024-07-11,Observation du 2024-07-11 (ete)
1728,2024-07-16,Observation du 2024-07-16 (ete)
1728,2024-08-01,Observation du 2024-08-01 (ete)
1728,2024-08-02,Observation du 2024-08-02 (ete)
1728,2024-08-05,Observation du 2024-08-05 (ete)
1728,2024-08-06,Observation du 2024-08-06 (ete)
1728,2024-08-12,Observation du 2024-08-12 (ete)
1729,2024-05-10,Observation du 2024-05-10 (printemps)
1729,2024-05-11,Observation du 2024-05-11 (printemps)
1729,2024-05-13,Observation du 2024-05-13 (printemps)
1729,2024-05-14,Observation du 2024-05-14 (printemps)
1729,2024-05-15,Observation du 2024-05-15 (printemps)
1729,2024-05-16,Observation du 2024-05-16 (printemps)
1729,2024-05-17,Observation du 2024-05-17 (printemps)
1729,2024-05-28,Observation du 2024-05-28 (printemps)
1729,2024-05-31,Observation du 2024-05-31 (printemps)
1729,2024-06-01,Observation du 2024-06-01 (ete)
1729,2024-06-03,Observation du 2024-06-03 (ete)
1729,2024-06-06,Observation du 2024-06-06 (ete)
1729,2024-06-14,Observation du 2024-06-14 (ete)
1730,2024-05-10,Observation du 2024-05-10 (printemps)
1730,2024-05-14,Observation du 2024-05-14 (printemps)
1730,2024-05-15,Observation du 2024-05-15 (printemps)
1730,2024-05-18,Observation du 2024-05-18 (printemps)
1730,2024-05-20,Observation du 2024-05-20 (printemps)
1730,2024-05-23,Observation du 2024-05-23 (printemps)
1730,2024-05-24,Observation du 2024-05-24 (printemps)
1730,2024-05-30,Observation du 2024-05-30 (printemps)
1730,2024-06-02,Observation du 2024-06-02 (ete)
1730,2024-06-03,Observation du 2024-06-03 (ete)
1730,2024-06-06,Observation du 2024-06-06 (ete)
1730,2024-06-08,Observation du 2024-06-08 (ete)
1730,2024-06-09,Observation du 2024-06-09 (ete)
1730,2024-06-10,Observation du 2024-06-10 (ete)
1730,2024-06-22,Observation du 2024-06-22 (ete)
1730,2024-06-25,Observation du 2024-06-25 (ete)
1730,2024-06-27,Observation du 2024-06-27 (ete)
1730,2024-06-29,Observation du 2024-06-29 (ete)
1730,2024-07-19,Observation du 2024-07-19 (ete)
1730,2024-07-21,Observation du 2024-07-21 (ete)
1730,2024-07-22,Observation du 2024-07-22 (ete)
1730,2024-07-24,Observation du 2024-07-24 (ete)
1730,2024-07-29,Observation du 2024-07-29 (ete)
1730,2024-08-01,Observation du 2024-08-01 (ete)
1730,2024-08-03,Observation du 2024-08-03 (ete)
1730,2024-08-12,Observation du 2024-08-12 (ete)
1730,2024-08-13,Observation du 2024-08-13 (ete)
1730,2024-08-15,Observation du 2024-08-15 (ete)
1730,2024-08-19,Observation du 2024-08-19 (ete)
1730,2024-08-21,Observation du 2024-08-21 (ete)
1730,2024-08-30,Observation du 2024-08-30 (ete)
1730,2024-09-04,Observation du 2024-09-04 (automne)
1730,2024-09-06,Observation du 2024-09-06 (automne)
1730,2024-09-08,Observation du 2024-09-08 (automne)
1730,2024-09-09,Observation du 2024-09-09 (automne)
1730,2024-09-18,Observation du 2024-09-18 (automne)
1730,2024-09-20,Observation du 2024-09-20 (automne)
1730,2024-09-21,Observation du 2024-09-21 (automne)
1730,2024-09-22,Observation du 2024-09-22 (automne)
1730,2024-09-23,Observation du 2024-09-23 (automne)
1730,2024-09-27,Observation du 2024-09-27 (automne)
1731,2024-05-11,Observation du 2024-05-11 (printemps)
1731,2024-05-12,Observation du 2024-05-12 (printemps)
1731,2024-05-19,Observation du 2024-05-19 (printemps)
1731,2024-05-21,Observation du 2024-05-21 (printemps)
1731,2024-05-24,Observation du 2024-05-24 (printemps)
1731,2024-05-25,Observation du 2024-05-25 (printemps)
1731,2024-05-27,Observation du 2024-05-27 (printemps)
1731,2024-06-03,Observation du 2024-06-03 (ete)
1731,2024-06-05,Observation du 2024-06-05 (ete)
1731,2024-06-08,Observation du 2024-06-08 (ete)
1731,2024-06-12,Observation du 2024-06-12 (ete)
1731,2024-06-13,Observation du 2024-06-13 (ete)
1731,2024-06-18,Observation du 2024-06-18 (ete)
1731,2024-06-19,Observation du 2024-06-19 (ete)
1731,2024-06-22,Observation du 2024-06-22 (ete)
1731,2024-06-26,Observation du 2024-06-26 (ete)
1731,2024-07-03,Observation du 2024-07-03 (ete)
1734,2024-05-07,Observation du 2024-05-07 (printemps)
1734,2024-05-17,Observation du 2024-05-17 (printemps)
1734,2024-05-19,Observation du 2024-05-19 (printemps)
1734,2024-05-23,Observation du 2024-05-23 (printemps)
1734,2024-05-26,Observation du 2024-05-26 (printemps)
1734,2024-05-28,Observation du 2024-05-28 (printemps)
1734,2024-05-29,Observation du 2024-05-29 (printemps)
1734,2024-05-30,Observation du 2024-05-30 (printemps)
1734,2024-05-31,Observation du 2024-05-31 (printemps)
1734,2024-06-01,Observation du 2024-06-01 (ete)
1734,2024-06-03,Observation du 2024-06-03 (ete)
1734,2024-06-10,Observation du 2024-06-10 (ete)
1734,2024-06-14,Observation du 2024-06-14 (ete)
1734,2024-06-15,Observation du 2024-06-15 (ete)
1734,2024-06-16,Observation du 2024-06-16 (ete)
1734,2024-06-22,Observation du 2024-06-22 (ete)
1734,2024-06-24,Observation du 2024-06-24 (ete)
1734,2024-06-25,Observation du 2024-06-25 (ete)
1734,2024-07-01,Observation du 2024-07-01 (ete)
1734,2024-07-02,Observation du 2024-07-02 (ete)
1734,2024-07-05,Observation du 2024-07-05 (ete)
1734,2024-07-11,Observation du 2024-07-11 (ete)
1734,2024-07-14,Observation du 2024-07-14 (ete)
1734,2024-07-17,Observation du 2024-07-17 (ete)
1734,2024-07-18,Observation du 2024-07-18 (ete)
1734,2024-07-26,Observation du 2024-07-26 (ete)
1734,2024-08-05,Observation du 2024-08-05 (ete)
1734,2024-08-07,Observation du 2024-08-07 (ete)
1734,2024-08-08,Observation du 2024-08-08 (ete)
1734,2024-08-14,Observation du 2024-08-14 (ete)
1734,2024-08-17,Observation du 2024-08-17 (ete)
1734,2024-08-18,Observation du 2024-08-18 (ete)
1734,2024-08-26,Observation du 2024-08-26 (ete)
1734,2024-08-27,Observation du 2024-08-27 (ete)
1735,2024-05-09,Observation du 2024-05-09 (printemps)
1735,2024-05-15,Observation du 2024-05-15 (printemps)
1735,2024-05-17,Observation du 2024-05-17 (printemps)
1735,2024-05-18,Observation du 2024-05-18 (printemps)
1735,2024-05-25,Observation du 2024-05-25 (printemps)
1735,2024-05-28,Observation du 2024-05-28 (printemps)
1735,2024-05-30,Observation du 2024-05-30 (printemps)
1735,2024-06-10,Observation du 2024-06-10 (ete)
1735,2024-06-13,Observation du 2024-06-13 (ete)
1735,2024-06-24,Observation du 2024-06-24 (ete)
1735,2024-06-25,Observation du 2024-06-25 (ete)
1735,2024-07-05,Observation du 2024-07-05 (ete)
1735,2024-07-07,Observation du 2024-07-07 (ete)
1735,2024-07-08,Observation du 2024-07-08 (ete)
1735,2024-07-09,Observation du 2024-07-09 (ete)
1735,2024-07-12,Observation du 2024-07-12 (ete)
1735,2024-07-17,Observation du 2024-07-17 (ete)
1735,2024-07-19,Observation du 2024-07-19 (ete)
1735,2024-07-23,Observation du 2024-07-23 (ete)
1735,2024-07-26,Observation du 2024-07-26 (ete)
1735,2024-07-29,Observation du 2024-07-29 (ete)
1735,2024-08-01,Observation du 2024-08-01 (ete)
1735,2024-08-02,Observation du 2024-08-02 (ete)
1735,2024-08-03,Observation du 2024-08-03 (ete)
1735,2024-08-04,Observation du 2024-08-04 (ete)
1735,2024-08-05,Observation du 2024-08-05 (ete)
1735,2024-08-12,Observation du 2024-08-12 (ete)
1735,2024-08-16,Observation du 2024-08-16 (ete)
1735,2024-09-04,Observation du 2024-09-04 (automne)
1735,2024-09-05,Observation du 2024-09-05 (automne)
1736,2024-05-06,Observation du 2024-05-06 (printemps)
1736,2024-05-07,Observation du 2024-05-07 (printemps)
1736,2024-05-08,Observation du 2024-05-08 (printemps)
1736,2024-05-11,Observation du 2024-05-11 (printemps)
1736,2024-05-12,Observation du 2024-05-12 (printemps)
1736,2024-05-13,Observation du 2024-05-13 (printemps)
1736,2024-05-14,Observation du 2024-05-14 (printemps)
1736,2024-05-15,Observation du 2024-05-15 (printemps)
1736,2024-05-17,Observation du 2024-05-17 (printemps)
1736,2024-05-20,Observation du 2024-05-20 (printemps)
1736,2024-05-21,Observation du 2024-05-21 (printemps)
1736,2024-05-23,Observation du 2024-05-23 (printemps)
1736,2024-05-28,Observation du 2024-05-28 (printemps)
1736,2024-06-02,Observation du 2024-06-02 (ete)
1736,2024-06-04,Observation du 2024-06-04 (ete)
1736,2024-06-05,Observation du 2024-06-05 (ete)
1736,2024-06-06,Observation du 2024-06-06 (ete)
1736,2024-06-08,Observation du 2024-06-08 (ete)
1736,2024-06-09,Observation du 2024-06-09 (ete)
1736,2024-06-13,Observation du 2024-06-13 (ete)
1736,2024-06-14,Observation du 2024-06-14 (ete)
1737,2024-05-14,Observation du 2024-05-14 (printemps)
1737,2024-05-16,Observation du 2024-05-16 (printemps)
1737,2024-05-20,Observation du 2024-05-20 (printemps)
1737,2024-05-22,Observation du 2024-05-22 (printemps)
1737,2024-05-23,Observation du 2024-05-23 (printemps)
1737,2024-05-24,Observation du 2024-05-24 (printemps)
1737,2024-05-27,Observation du 2024-05-27 (printemps)
1737,2024-05-29,Observation du 2024-05-29 (printemps)
1737,2024-05-30,Observation du 2024-05-30 (printemps)
1737,2024-06-02,Observation du 2024-06-02 (ete)
1737,2024-06-07,Observation du 2024-06-07 (ete)
1737,2024-06-09,Observation du 2024-06-09 (ete)
1737,2024-06-12,Observation du 2024-06-12 (ete)
1737,2024-06-17,Observation du 2024-06-17 (ete)
1737,2024-06-18,Observation du 2024-06-18 (ete)
1737,2024-06-23,Observation du 2024-06-23 (ete)
1737,2024-06-26,Observation du 2024-06-26 (ete)
1737,2024-07-03,Observation du 2024-07-03 (ete)
1740,2024-05-14,Observation du 2024-05-14 (printemps)
1740,2024-05-17,Observation du 2024-05-17 (printemps)
1740,2024-05-19,Observation du 2024-05-19 (printemps)
1740,2024-05-20,Observation du 2024-05-20 (printemps)
1740,2024-05-22,Observation du 2024-05-22 (printemps)
1740,2024-05-24,Observation du 2024-05-24 (printemps)
1740,2024-05-25,Observation du 2024-05-25 (printemps)
1740,2024-05-31,Observation du 2024-05-31 (printemps)
1740,2024-06-01,Observation du 2024-06-01 (ete)
1740,2024-06-11,Observation du 2024-06-11 (ete)
1740,2024-06-16,Observation du 2024-06-16 (ete)
1740,2024-06-17,Observation du 2024-06-17 (ete)
1740,2024-06-19,Observation du 2024-06-19 (ete)
1740,2024-06-22,Observation du 2024-06-22 (ete)
1740,2024-06-23,Observation du 2024-06-23 (ete)
1740,2024-06-24,Observation du 2024-06-24 (ete)
1740,2024-06-29,Observation du 2024-06-29 (ete)
1740,2024-07-02,Observation du 2024-07-02 (ete)
1740,2024-07-03,Observation du 2024-07-03 (ete)
1740,2024-07-12,Observation du 2024-07-12 (ete)
1740,2024-07-14,Observation du 2024-07-14 (ete)
1740,2024-07-16,Observation du 2024-07-16 (ete)
1740,2024-07-18,Observation du 2024-07-18 (ete)
1740,2024-07-19,Observation du 2024-07-19 (ete)
1740,2024-07-21,Observation du 2024-07-21 (ete)
1740,2024-07-23,Observation du 2024-07-23 (ete)
1740,2024-07-25,Observation du 2024-07-25 (ete)
1740,2024-07-27,Observation du 2024-07-27 (ete)
1740,2024-08-01,Observation du 2024-08-01 (ete)
1740,2024-08-03,Observation du 2024-08-03 (ete)
1740,2024-08-05,Observation du 2024-08-05 (ete)
1740,2024-08-07,Observation du 2024-08-07 (ete)
1741,2024-05-12,Observation du 2024-05-12 (printemps)
1741,2024-05-13,Observation du 2024-05-13 (printemps)
1741,2024-05-21,Observation du 2024-05-21 (printemps)
1741,2024-05-25,Observation du 2024-05-25 (printemps)
1741,2024-05-30,Observation du 2024-05-30 (printemps)
1741,2024-06-02,Observation du 2024-06-02 (ete)
1741,2024-06-12,Observation du 2024-06-12 (ete)
1743,2024-05-05,Observation du 2024-05-05 (printemps)
1743,2024-05-07,Observation du 2024-05-07 (printemps)
1743,2024-05-09,Observation du 2024-05-09 (printemps)
1743,2024-05-12,Observation du 2024-05-12 (printemps)
1743,2024-05-19,Observation du 2024-05-19 (printemps)
1743,2024-05-25,Observation du 2024-05-25 (printemps)
1743,2024-05-26,Observation du 2024-05-26 (printemps)
1743,2024-05-29,Observation du 2024-05-29 (printemps)
1743,2024-05-31,Observation du 2024-05-31 (printemps)
1743,2024-06-05,Observation du 2024-06-05 (ete)
1743,2024-06-07,Observation du 2024-06-07 (ete)
1743,2024-06-10,Observation du 2024-06-10 (ete)
1743,2024-06-14,Observation du 2024-06-14 (ete)
1743,2024-06-16,Observation du 2024-06-16 (ete)
1743,2024-06-20,Observation du 2024-06-20 (ete)
1743,2024-06-24,Observation du 2024-06-24 (ete)
1743,2024-06-25,Observation du 2024-06-25 (ete)
1743,2024-06-29,Observation du 2024-06-29 (ete)
1743,2024-07-05,Observation du 2024-07-05 (ete)
1743,2024-07-07,Observation du 2024-07-07 (ete)
1743,2024-07-09,Observation du 2024-07-09 (ete)
1743,2024-07-12,Observation du 2024-07-12 (ete)
1743,2024-07-14,Observation du 2024-07-14 (ete)
1743,2024-07-16,Observation du 2024-07-16 (ete)
1744,2024-05-10,Observation du 2024-05-10 (printemps)
1744,2024-05-14,Observation du 2024-05-14 (printemps)
1744,2024-05-15,Observation du 2024-05-15 (printemps)
1744,2024-05-16,Observation du 2024-05-16 (printemps)
1744,2024-05-17,Observation du 2024-05-17 (printemps)
1744,2024-05-19,Observation du 2024-05-19 (printemps)
1744,2024-05-20,Observation du 2024-05-20 (printemps)
1744,2024-05-25,Observation du 2024-05-25 (printemps)
1744,2024-05-27,Observation du 2024-05-27 (printemps)
1744,2024-05-30,Observation du 2024-05-30 (printemps)
1744,2024-05-31,Observation du 2024-05-31 (printemps)
1744,2024-06-01,Observation du 2024-06-01 (ete)
1744,2024-06-03,Observation du 2024-06-03 (ete)
1744,2024-06-05,Observation du 2024-06-05 (ete)
1744,2024-06-06,Observation du 2024-06-06 (ete)
1744,2024-06-14,Observation du 2024-06-14 (ete)
1744,2024-06-15,Observation du 2024-06-15 (ete)
1744,2024-06-26,Observation du 2024-06-26 (ete)
1744,2024-07-03,Observation du 2024-07-03 (ete)
1744,2024-07-07,Observation du 2024-07-07 (ete)
1744,2024-07-09,Observation du 2024-07-09 (ete)
1744,2024-07-14,Observation du 2024-07-14 (ete)
1744,2024-07-20,Observation du 2024-07-20 (ete)
1744,2024-07-21,Observation du 2024-07-21 (ete)
1744,2024-07-22,Observation du 2024-07-22 (ete)
1744,2024-07-27,Observation du 2024-07-27 (ete)
1744,2024-07-30,Observation du 2024-07-30 (ete)
1744,2024-08-01,Observation du 2024-08-01 (ete)
1744,2024-08-13,Observation du 2024-08-13 (ete)
1744,2024-08-19,Observation du 2024-08-19 (ete)
1744,2024-08-21,Observation du 2024-08-21 (ete)
1744,2024-08-22,Observation du 2024-08-22 (ete)
1744,2024-08-27,Observation du 2024-08-27 (ete)
1744,2024-09-03,Observation du 2024-09-03 (automne)
1744,2024-09-04,Observation du 2024-09-04 (automne)
1744,2024-09-05,Observation du 2024-09-05 (automne)
1744,2024-09-07,Observation du 2024-09-07 (automne)
1744,2024-09-08,Observation du 2024-09-08 (automne)
1744,2024-09-10,Observation du 2024-09-10 (automne)
1744,2024-09-13,Observation du 2024-09-13 (automne)
1744,2024-09-14,Observation du 2024-09-14 (automne)
1744,2024-09-15,Observation du 2024-09-15 (automne)
1744,2024-09-17,Observation du 2024-09-17 (automne)
1744,2024-09-20,Observation du 2024-09-20 (automne)
1744,2024-09-22,Observation du 2024-09-22 (automne)
1744,2024-09-24,Observation du 2024-09-24 (automne)
1744,2024-09-26,Observation du 2024-09-26 (automne)
1745,2024-05-12,Observation du 2024-05-12 (printemps)
1745,2024-05-17,Observation du 2024-05-17 (printemps)
1745,2024-05-19,Observation du 2024-05-19 (printemps)
1745,2024-05-21,Observation du 2024-05-21 (printemps)
1745,2024-05-26,Observation du 2024-05-26 (printemps)
1745,2024-05-28,Observation du 2024-05-28 (printemps)
1745,2024-05-29,Observation du 2024-05-29 (printemps)
1745,2024-06-02,Observation du 2024-06-02 (ete)
1745,2024-06-03,Observation du 2024-06-03 (ete)
1745,2024-06-10,Observation du 2024-06-10 (ete)
1745,2024-06-15,Observation du 2024-06-15 (ete)
1745,2024-06-16,Observation du 2024-06-16 (ete)
1745,2024-06-25,Observation du 2024-06-25 (ete)
1745,2024-06-28,Observation du 2024-06-28 (ete)
1745,2024-07-03,Observation du 2024-07-03 (ete)
1747,2024-05-08,Observation du 2024-05-08 (printemps)
1747,2024-05-09,Observation du 2024-05-09 (printemps)
1747,2024-05-10,Observation du 2024-05-10 (printemps)
1747,2024-05-12,Observation du 2024-05-12 (printemps)
1747,2024-05-19,Observation du 2024-05-19 (printemps)
1747,2024-05-24,Observation du 2024-05-24 (printemps)
1747,2024-05-27,Observation du 2024-05-27 (printemps)
1747,2024-05-28,Observation du 2024-05-28 (printemps)
1747,2024-06-03,Observation du 2024-06-03 (ete)
1747,2024-06-12,Observation du 2024-06-12 (ete)
1747,2024-06-17,Observation du 2024-06-17 (ete)
1747,2024-06-19,Observation du 2024-06-19 (ete)
1747,2024-06-25,Observation du 2024-06-25 (ete)
1747,2024-06-30,Observation du 2024-06-30 (ete)
1747,2024-07-04,Observation du 2024-07-04 (ete)
1747,2024-07-06,Observation du 2024-07-06 (ete)
1747,2024-07-07,Observation du 2024-07-07 (ete)
1747,2024-07-19,Observation du 2024-07-19 (ete)
1747,2024-07-20,Observation du 2024-07-20 (ete)
1747,2024-07-22,Observation du 2024-07-22 (ete)
1748,2024-05-07,Observation du 2024-05-07 (printemps)
1748,2024-05-12,Observation du 2024-05-12 (printemps)
1748,2024-05-19,Observation du 2024-05-19 (printemps)
1748,2024-05-20,Observation du 2024-05-20 (printemps)
1748,2024-05-22,Observation du 2024-05-22 (printemps)
1748,2024-05-23,Observation du 2024-05-23 (printemps)
1748,2024-05-29,Observation du 2024-05-29 (printemps)
1748,2024-06-02,Observation du 2024-06-02 (ete)
1748,2024-06-04,Observation du 2024-06-04 (ete)
1748,2024-06-15,Observation du 2024-06-15 (ete)
1748,2024-06-22,Observation du 2024-06-22 (ete)
1748,2024-07-02,Observation du 2024-07-02 (ete)
1748,2024-07-04,Observation du 2024-07-04 (ete)
1748,2024-07-07,Observation du 2024-07-07 (ete)
1748,2024-07-08,Observation du 2024-07-08 (ete)
1749,2024-05-11,Observation du 2024-05-11 (printemps)
1749,2024-05-12,Observation du 2024-05-12 (printemps)
1749,2024-05-14,Observation du 2024-05-14 (printemps)
1749,2024-05-16,Observation du 2024-05-16 (printemps)
1749,2024-05-17,Observation du 2024-05-17 (printemps)
1749,2024-05-21,Observation du 2024-05-21 (printemps)
1749,2024-05-22,Observation du 2024-05-22 (printemps)
1749,2024-05-23,Observation du 2024-05-23 (printemps)
1749,2024-05-24,Observation du 2024-05-24 (printemps)
1749,2024-05-25,Observation du 2024-05-25 (printemps)
1749,2024-05-27,Observation du 2024-05-27 (printemps)
1749,2024-05-28,Observation du 2024-05-28 (printemps)
1749,2024-05-29,Observation du 2024-05-29 (printemps)
1749,2024-05-30,Observation du 2024-05-30 (printemps)
1749,2024-06-05,Observation du 2024-06-05 (ete)
1750,2024-05-04,Observation du 2024-05-04 (printemps)
1750,2024-05-05,Observation du 2024-05-05 (printemps)
1750,2024-05-07,Observation du 2024-05-07 (printemps)
1750,2024-05-08,Observation du 2024-05-08 (printemps)
1750,2024-05-09,Observation du 2024-05-09 (printemps)
1750,2024-05-12,Observation du 2024-05-12 (printemps)
1750,2024-05-15,Observation du 2024-05-15 (printemps)
1750,2024-05-19,Observation du 2024-05-19 (printemps)
1750,2024-05-27,Observation du 2024-05-27 (printemps)
1750,2024-05-31,Observation du 2024-05-31 (printemps)
1750,2024-06-05,Observation du 2024-06-05 (ete)
1750,2024-06-06,Observation du 2024-06-06 (ete)
1750,2024-06-07,Observation du 2024-06-07 (ete)
1750,2024-06-08,Observation du 2024-06-08 (ete)
1750,2024-06-09,Observation du 2024-06-09 (ete)
1750,2024-06-11,Observation du 2024-06-11 (ete)
1750,2024-06-12,Observation du 2024-06-12 (ete)
1750,2024-06-13,Observation du 2024-06-13 (ete)
1750,2024-06-15,Observation du 2024-06-15 (ete)
1750,2024-06-20,Observation du 2024-06-20 (ete)
1750,2024-06-24,Observation du 2024-06-24 (ete)
1750,2024-06-25,Observation du 2024-06-25 (ete)
1750,2024-06-28,Observation du 2024-06-28 (ete)
1750,2024-07-05,Observation du 2024-07-05 (ete)
1750,2024-07-09,Observation du 2024-07-09 (ete)
1750,2024-07-14,Observation du 2024-07-14 (ete)
1750,2024-07-18,Observation du 2024-07-18 (ete)
1750,2024-07-24,Observation du 2024-07-24 (ete)
1750,2024-07-26,Observation du 2024-07-26 (ete)
1750,2024-07-27,Observation du 2024-07-27 (ete)
1750,2024-07-28,Observation du 2024-07-28 (ete)
1751,2024-05-22,Observation du 2024-05-22 (printemps)
1751,2024-05-25,Observation du 2024-05-25 (printemps)
1751,2024-05-28,Observation du 2024-05-28 (printemps)
1751,2024-05-30,Observation du 2024-05-30 (printemps)
1751,2024-05-31,Observation du 2024-05-31 (printemps)
1751,2024-06-04,Observation du 2024-06-04 (ete)
1751,2024-06-07,Observation du 2024-06-07 (ete)
1751,2024-06-12,Observation du 2024-06-12 (ete)
1751,2024-06-14,Observation du 2024-06-14 (ete)
1751,2024-06-24,Observation du 2024-06-24 (ete)
1751,2024-06-28,Observation du 2024-06-28 (ete)
1751,2024-07-01,Observation du 2024-07-01 (ete)
1751,2024-07-02,Observation du 2024-07-02 (ete)
1751,2024-07-03,Observation du 2024-07-03 (ete)
1751,2024-07-07,Observation du 2024-07-07 (ete)
1751,2024-07-08,Observation du 2024-07-08 (ete)
1751,2024-07-16,Observation du 2024-07-16 (ete)
1751,2024-07-19,Observation du 2024-07-19 (ete)
1751,2024-07-21,Observation du 2024-07-21 (ete)
1751,2024-07-24,Observation du 2024-07-24 (ete)
1752,2024-05-13,Observation du 2024-05-13 (printemps)
1752,2024-05-18,Observation du 2024-05-18 (printemps)
1752,2024-05-20,Observation du 2024-05-20 (printemps)
1752,2024-05-25,Observation du 2024-05-25 (printemps)
1752,2024-05-27,Observation du 2024-05-27 (printemps)
1752,2024-05-29,Observation du 2024-05-29 (printemps)
1752,2024-05-30,Observation du 2024-05-30 (printemps)
1752,2024-06-01,Observation du 2024-06-01 (ete)
1752,2024-06-02,Observation du 2024-06-02 (ete)
1752,2024-06-04,Observation du 2024-06-04 (ete)
1752,2024-06-05,Observation du 2024-06-05 (ete)
1752,2024-06-10,Observation du 2024-06-10 (ete)
1752,2024-06-13,Observation du 2024-06-13 (ete)
1752,2024-06-14,Observation du 2024-06-14 (ete)
1752,2024-06-15,Observation du 2024-06-15 (ete)
1752,2024-06-18,Observation du 2024-06-18 (ete)
1752,2024-06-24,Observation du 2024-06-24 (ete)
1752,2024-06-26,Observation du 2024-06-26 (ete)
1753,2024-05-15,Observation du 2024-05-15 (printemps)
1753,2024-05-16,Observation du 2024-05-16 (printemps)
1753,2024-05-19,Observation du 2024-05-19 (printemps)
1753,2024-05-27,Observation du 2024-05-27 (printemps)
1753,2024-05-28,Observation du 2024-05-28 (printemps)
1753,2024-05-29,Observation du 2024-05-29 (printemps)
1753,2024-05-30,Observation du 2024-05-30 (printemps)
1753,2024-06-02,Observation du 2024-06-02 (ete)
1753,2024-06-10,Observation du 2024-06-10 (ete)
1756,2024-05-07,Observation du 2024-05-07 (printemps)
1756,2024-05-08,Observation du 2024-05-08 (printemps)
1756,2024-05-13,Observation du 2024-05-13 (printemps)
1756,2024-05-17,Observation du 2024-05-17 (printemps)
1756,2024-05-18,Observation du 2024-05-18 (printemps)
1756,2024-05-19,Observation du 2024-05-19 (printemps)
1756,2024-05-24,Observation du 2024-05-24 (printemps)
1756,2024-05-26,Observation du 2024-05-26 (printemps)
1756,2024-05-30,Observation du 2024-05-30 (printemps)
1756,2024-06-04,Observation du 2024-06-04 (ete)
1756,2024-06-11,Observation du 2024-06-11 (ete)
1756,2024-06-12,Observation du 2024-06-12 (ete)
1756,2024-06-15,Observation du 2024-06-15 (ete)
1756,2024-06-18,Observation du 2024-06-18 (ete)
1756,2024-06-22,Observation du 2024-06-22 (ete)
1756,2024-06-26,Observation du 2024-06-26 (ete)
1756,2024-06-27,Observation du 2024-06-27 (ete)
1756,2024-06-29,Observation du 2024-06-29 (ete)
1756,2024-06-30,Observation du 2024-06-30 (ete)
1756,2024-07-01,Observation du 2024-07-01 (ete)
1756,2024-07-04,Observation du 2024-07-04 (ete)
1756,2024-07-05,Observation du 2024-07-05 (ete)
1756,2024-07-13,Observation du 2024-07-13 (ete)
1756,2024-07-15,Observation du 2024-07-15 (ete)
1756,2024-07-23,Observation du 2024-07-23 (ete)
1756,2024-07-24,Observation du 2024-07-24 (ete)
1756,2024-07-25,Observation du 2024-07-25 (ete)
1756,2024-07-27,Observation du 2024-07-27 (ete)
1756,2024-08-01,Observation du 2024-08-01 (ete)
1756,2024-08-02,Observation du 2024-08-02 (ete)
1756,2024-08-08,Observation du 2024-08-08 (ete)
1758,2024-05-14,Observation du 2024-05-14 (printemps)
1758,2024-05-16,Observation du 2024-05-16 (printemps)
1758,2024-05-24,Observation du 2024-05-24 (printemps)
1758,2024-05-25,Observation du 2024-05-25 (printemps)
1758,2024-05-27,Observation du 2024-05-27 (printemps)
1758,2024-05-28,Observation du 2024-05-28 (printemps)
1758,2024-05-30,Observation du 2024-05-30 (printemps)
1758,2024-06-01,Observation du 2024-06-01 (ete)
1758,2024-06-11,Observation du 2024-06-11 (ete)
1758,2024-06-12,Observation du 2024-06-12 (ete)
1758,2024-06-13,Observation du 2024-06-13 (ete)
1758,2024-06-14,Observation du 2024-06-14 (ete)
1758,2024-06-22,Observation du 2024-06-22 (ete)
1758,2024-06-23,Observation du 2024-06-23 (ete)
1758,2024-06-28,Observation du 2024-06-28 (ete)
1758,2024-06-29,Observation du 2024-06-29 (ete)
1758,2024-07-01,Observation du 2024-07-01 (ete)
1758,2024-07-04,Observation du 2024-07-04 (ete)
1758,2024-07-05,Observation du 2024-07-05 (ete)
1758,2024-07-07,Observation du 2024-07-07 (ete)
1758,2024-07-10,Observation du 2024-07-10 (ete)
1758,2024-07-16,Observation du 2024-07-16 (ete)
1758,2024-07-17,Observation du 2024-07-17 (ete)
1758,2024-07-18,Observation du 2024-07-18 (ete)
1758,2024-07-19,Observation du 2024-07-19 (ete)
1758,2024-07-20,Observation du 2024-07-20 (ete)
1758,2024-07-25,Observation du 2024-07-25 (ete)
1758,2024-07-26,Observation du 2024-07-26 (ete)
1758,2024-07-27,Observation du 2024-07-27 (ete)
1758,2024-07-30,Observation du 2024-07-30 (ete)
1759,2024-05-10,Observation du 2024-05-10 (printemps)
1759,2024-05-11,Observation du 2024-05-11 (printemps)
1759,2024-05-13,Observation du 2024-05-13 (printemps)
1759,2024-05-14,Observation du 2024-05-14 (printemps)
1759,2024-05-15,Observation du 2024-05-15 (printemps)
1759,2024-05-16,Observation du 2024-05-16 (printemps)
1759,2024-05-18,Observation du 2024-05-18 (printemps)
1759,2024-05-20,Observation du 2024-05-20 (printemps)
1759,2024-05-21,Observation du 2024-05-21 (printemps)
1759,2024-05-22,Observation du 2024-05-22 (printemps)
1759,2024-05-23,Observation du 2024-05-23 (printemps)
1759,2024-05-26,Observation du 2024-05-26 (printemps)
1759,2024-06-04,Observation du 2024-06-04 (ete)
1759,2024-06-15,Observation du 2024-06-15 (ete)
1759,2024-06-17,Observation du 2024-06-17 (ete)
1759,2024-06-18,Observation du 2024-06-18 (ete)
1759,2024-06-19,Observation du 2024-06-19 (ete)
1759,2024-06-26,Observation du 2024-06-26 (ete)
1761,2024-05-05,Observation du 2024-05-05 (printemps)
1768,2024-07-18,Observation du 2024-07-18 (ete)
1761,2024-05-07,Observation du 2024-05-07 (printemps)
1761,2024-05-10,Observation du 2024-05-10 (printemps)
1761,2024-05-13,Observation du 2024-05-13 (printemps)
1761,2024-05-28,Observation du 2024-05-28 (printemps)
1761,2024-05-31,Observation du 2024-05-31 (printemps)
1761,2024-06-01,Observation du 2024-06-01 (ete)
1761,2024-06-05,Observation du 2024-06-05 (ete)
1761,2024-06-06,Observation du 2024-06-06 (ete)
1761,2024-06-07,Observation du 2024-06-07 (ete)
1761,2024-06-13,Observation du 2024-06-13 (ete)
1761,2024-06-15,Observation du 2024-06-15 (ete)
1761,2024-06-18,Observation du 2024-06-18 (ete)
1761,2024-06-20,Observation du 2024-06-20 (ete)
1761,2024-06-21,Observation du 2024-06-21 (ete)
1761,2024-06-24,Observation du 2024-06-24 (ete)
1761,2024-06-28,Observation du 2024-06-28 (ete)
1761,2024-07-01,Observation du 2024-07-01 (ete)
1761,2024-07-08,Observation du 2024-07-08 (ete)
1761,2024-07-14,Observation du 2024-07-14 (ete)
1761,2024-07-15,Observation du 2024-07-15 (ete)
1761,2024-07-21,Observation du 2024-07-21 (ete)
1761,2024-07-23,Observation du 2024-07-23 (ete)
1762,2024-05-07,Observation du 2024-05-07 (printemps)
1762,2024-05-08,Observation du 2024-05-08 (printemps)
1762,2024-05-09,Observation du 2024-05-09 (printemps)
1762,2024-05-15,Observation du 2024-05-15 (printemps)
1762,2024-05-17,Observation du 2024-05-17 (printemps)
1762,2024-05-18,Observation du 2024-05-18 (printemps)
1762,2024-05-19,Observation du 2024-05-19 (printemps)
1762,2024-05-20,Observation du 2024-05-20 (printemps)
1762,2024-05-21,Observation du 2024-05-21 (printemps)
1762,2024-05-23,Observation du 2024-05-23 (printemps)
1762,2024-05-26,Observation du 2024-05-26 (printemps)
1762,2024-05-27,Observation du 2024-05-27 (printemps)
1762,2024-05-28,Observation du 2024-05-28 (printemps)
1762,2024-06-08,Observation du 2024-06-08 (ete)
1762,2024-06-10,Observation du 2024-06-10 (ete)
1762,2024-06-15,Observation du 2024-06-15 (ete)
1762,2024-06-17,Observation du 2024-06-17 (ete)
1762,2024-06-20,Observation du 2024-06-20 (ete)
1762,2024-06-22,Observation du 2024-06-22 (ete)
1762,2024-06-26,Observation du 2024-06-26 (ete)
1762,2024-07-07,Observation du 2024-07-07 (ete)
1762,2024-07-14,Observation du 2024-07-14 (ete)
1762,2024-07-16,Observation du 2024-07-16 (ete)
1762,2024-07-17,Observation du 2024-07-17 (ete)
1762,2024-07-19,Observation du 2024-07-19 (ete)
1762,2024-07-23,Observation du 2024-07-23 (ete)
1762,2024-07-24,Observation du 2024-07-24 (ete)
1765,2024-05-06,Observation du 2024-05-06 (printemps)
1765,2024-05-10,Observation du 2024-05-10 (printemps)
1765,2024-05-23,Observation du 2024-05-23 (printemps)
1765,2024-05-26,Observation du 2024-05-26 (printemps)
1765,2024-05-27,Observation du 2024-05-27 (printemps)
1765,2024-05-31,Observation du 2024-05-31 (printemps)
1765,2024-06-03,Observation du 2024-06-03 (ete)
1765,2024-06-07,Observation du 2024-06-07 (ete)
1765,2024-06-13,Observation du 2024-06-13 (ete)
1766,2024-05-09,Observation du 2024-05-09 (printemps)
1766,2024-05-15,Observation du 2024-05-15 (printemps)
1766,2024-05-16,Observation du 2024-05-16 (printemps)
1766,2024-05-17,Observation du 2024-05-17 (printemps)
1766,2024-05-19,Observation du 2024-05-19 (printemps)
1766,2024-05-20,Observation du 2024-05-20 (printemps)
1766,2024-05-21,Observation du 2024-05-21 (printemps)
1766,2024-05-22,Observation du 2024-05-22 (printemps)
1766,2024-05-25,Observation du 2024-05-25 (printemps)
1766,2024-05-29,Observation du 2024-05-29 (printemps)
1766,2024-05-30,Observation du 2024-05-30 (printemps)
1766,2024-06-09,Observation du 2024-06-09 (ete)
1766,2024-06-21,Observation du 2024-06-21 (ete)
1766,2024-06-24,Observation du 2024-06-24 (ete)
1767,2024-05-13,Observation du 2024-05-13 (printemps)
1767,2024-05-14,Observation du 2024-05-14 (printemps)
1767,2024-05-17,Observation du 2024-05-17 (printemps)
1767,2024-05-18,Observation du 2024-05-18 (printemps)
1767,2024-05-19,Observation du 2024-05-19 (printemps)
1767,2024-05-22,Observation du 2024-05-22 (printemps)
1767,2024-05-25,Observation du 2024-05-25 (printemps)
1767,2024-05-26,Observation du 2024-05-26 (printemps)
1767,2024-05-29,Observation du 2024-05-29 (printemps)
1767,2024-06-06,Observation du 2024-06-06 (ete)
1767,2024-06-24,Observation du 2024-06-24 (ete)
1767,2024-06-25,Observation du 2024-06-25 (ete)
1767,2024-06-29,Observation du 2024-06-29 (ete)
1767,2024-07-11,Observation du 2024-07-11 (ete)
1767,2024-07-16,Observation du 2024-07-16 (ete)
1767,2024-07-17,Observation du 2024-07-17 (ete)
1767,2024-07-19,Observation du 2024-07-19 (ete)
1767,2024-07-20,Observation du 2024-07-20 (ete)
1767,2024-07-21,Observation du 2024-07-21 (ete)
1768,2024-05-10,Observation du 2024-05-10 (printemps)
1768,2024-05-11,Observation du 2024-05-11 (printemps)
1768,2024-05-12,Observation du 2024-05-12 (printemps)
1768,2024-05-15,Observation du 2024-05-15 (printemps)
1768,2024-05-16,Observation du 2024-05-16 (printemps)
1768,2024-05-17,Observation du 2024-05-17 (printemps)
1768,2024-05-21,Observation du 2024-05-21 (printemps)
1768,2024-05-24,Observation du 2024-05-24 (printemps)
1768,2024-05-27,Observation du 2024-05-27 (printemps)
1768,2024-05-30,Observation du 2024-05-30 (printemps)
1768,2024-06-02,Observation du 2024-06-02 (ete)
1768,2024-06-10,Observation du 2024-06-10 (ete)
1768,2024-06-12,Observation du 2024-06-12 (ete)
1768,2024-06-22,Observation du 2024-06-22 (ete)
1768,2024-06-28,Observation du 2024-06-28 (ete)
1768,2024-07-02,Observation du 2024-07-02 (ete)
1768,2024-07-05,Observation du 2024-07-05 (ete)
1768,2024-07-06,Observation du 2024-07-06 (ete)
1768,2024-07-07,Observation du 2024-07-07 (ete)
1768,2024-07-11,Observation du 2024-07-11 (ete)
1768,2024-07-12,Observation du 2024-07-12 (ete)
1768,2024-07-14,Observation du 2024-07-14 (ete)
1768,2024-07-19,Observation du 2024-07-19 (ete)
1768,2024-07-20,Observation du 2024-07-20 (ete)
1768,2024-07-21,Observation du 2024-07-21 (ete)
1771,2024-05-10,Observation du 2024-05-10 (printemps)
1771,2024-05-11,Observation du 2024-05-11 (printemps)
1771,2024-05-14,Observation du 2024-05-14 (printemps)
1771,2024-05-15,Observation du 2024-05-15 (printemps)
1771,2024-05-16,Observation du 2024-05-16 (printemps)
1771,2024-05-18,Observation du 2024-05-18 (printemps)
1771,2024-05-23,Observation du 2024-05-23 (printemps)
1771,2024-05-26,Observation du 2024-05-26 (printemps)
1771,2024-05-30,Observation du 2024-05-30 (printemps)
1771,2024-05-31,Observation du 2024-05-31 (printemps)
1771,2024-06-01,Observation du 2024-06-01 (ete)
1771,2024-06-03,Observation du 2024-06-03 (ete)
1771,2024-06-11,Observation du 2024-06-11 (ete)
1771,2024-06-12,Observation du 2024-06-12 (ete)
1771,2024-06-13,Observation du 2024-06-13 (ete)
1771,2024-06-15,Observation du 2024-06-15 (ete)
1771,2024-06-19,Observation du 2024-06-19 (ete)
1771,2024-06-21,Observation du 2024-06-21 (ete)
1771,2024-06-24,Observation du 2024-06-24 (ete)
1771,2024-06-28,Observation du 2024-06-28 (ete)
1771,2024-07-01,Observation du 2024-07-01 (ete)
1772,2024-05-13,Observation du 2024-05-13 (printemps)
1772,2024-05-14,Observation du 2024-05-14 (printemps)
1772,2024-05-18,Observation du 2024-05-18 (printemps)
1772,2024-05-21,Observation du 2024-05-21 (printemps)
1772,2024-05-27,Observation du 2024-05-27 (printemps)
1772,2024-05-28,Observation du 2024-05-28 (printemps)
1772,2024-05-30,Observation du 2024-05-30 (printemps)
1772,2024-06-02,Observation du 2024-06-02 (ete)
1772,2024-06-03,Observation du 2024-06-03 (ete)
1772,2024-06-06,Observation du 2024-06-06 (ete)
1772,2024-06-08,Observation du 2024-06-08 (ete)
1772,2024-06-11,Observation du 2024-06-11 (ete)
1772,2024-06-12,Observation du 2024-06-12 (ete)
1772,2024-06-16,Observation du 2024-06-16 (ete)
1772,2024-06-20,Observation du 2024-06-20 (ete)
1775,2024-05-14,Observation du 2024-05-14 (printemps)
1775,2024-05-17,Observation du 2024-05-17 (printemps)
1775,2024-05-18,Observation du 2024-05-18 (printemps)
1775,2024-05-20,Observation du 2024-05-20 (printemps)
1775,2024-05-21,Observation du 2024-05-21 (printemps)
1775,2024-05-25,Observation du 2024-05-25 (printemps)
1775,2024-05-27,Observation du 2024-05-27 (printemps)
1775,2024-05-29,Observation du 2024-05-29 (printemps)
1775,2024-05-31,Observation du 2024-05-31 (printemps)
1775,2024-06-05,Observation du 2024-06-05 (ete)
1775,2024-06-06,Observation du 2024-06-06 (ete)
1775,2024-06-11,Observation du 2024-06-11 (ete)
1775,2024-06-15,Observation du 2024-06-15 (ete)
1775,2024-06-25,Observation du 2024-06-25 (ete)
1775,2024-06-29,Observation du 2024-06-29 (ete)
1775,2024-07-01,Observation du 2024-07-01 (ete)
1775,2024-07-08,Observation du 2024-07-08 (ete)
1775,2024-07-09,Observation du 2024-07-09 (ete)
1775,2024-07-10,Observation du 2024-07-10 (ete)
1775,2024-07-13,Observation du 2024-07-13 (ete)
1775,2024-07-15,Observation du 2024-07-15 (ete)
1775,2024-07-18,Observation du 2024-07-18 (ete)
1775,2024-07-20,Observation du 2024-07-20 (ete)
1775,2024-07-22,Observation du 2024-07-22 (ete)
1775,2024-07-24,Observation du 2024-07-24 (ete)
1775,2024-07-25,Observation du 2024-07-25 (ete)
1775,2024-07-28,Observation du 2024-07-28 (ete)
1775,2024-07-31,Observation du 2024-07-31 (ete)
1775,2024-08-06,Observation du 2024-08-06 (ete)
1776,2024-05-09,Observation du 2024-05-09 (printemps)
1776,2024-05-15,Observation du 2024-05-15 (printemps)
1776,2024-05-21,Observation du 2024-05-21 (printemps)
1776,2024-05-29,Observation du 2024-05-29 (printemps)
1776,2024-06-01,Observation du 2024-06-01 (ete)
1776,2024-06-03,Observation du 2024-06-03 (ete)
1776,2024-06-06,Observation du 2024-06-06 (ete)
1776,2024-06-07,Observation du 2024-06-07 (ete)
1776,2024-06-09,Observation du 2024-06-09 (ete)
1776,2024-06-14,Observation du 2024-06-14 (ete)
1776,2024-06-15,Observation du 2024-06-15 (ete)
1776,2024-06-20,Observation du 2024-06-20 (ete)
1776,2024-06-26,Observation du 2024-06-26 (ete)
1776,2024-06-27,Observation du 2024-06-27 (ete)
1776,2024-07-09,Observation du 2024-07-09 (ete)
1776,2024-07-11,Observation du 2024-07-11 (ete)
1776,2024-07-15,Observation du 2024-07-15 (ete)
1776,2024-07-16,Observation du 2024-07-16 (ete)
1779,2024-05-05,Observation du 2024-05-05 (printemps)
1779,2024-05-09,Observation du 2024-05-09 (printemps)
1779,2024-05-10,Observation du 2024-05-10 (printemps)
1779,2024-05-19,Observation du 2024-05-19 (printemps)
1779,2024-05-20,Observation du 2024-05-20 (printemps)
1779,2024-05-21,Observation du 2024-05-21 (printemps)
1779,2024-05-23,Observation du 2024-05-23 (printemps)
1779,2024-05-24,Observation du 2024-05-24 (printemps)
1779,2024-05-26,Observation du 2024-05-26 (printemps)
1779,2024-05-27,Observation du 2024-05-27 (printemps)
1779,2024-06-01,Observation du 2024-06-01 (ete)
1779,2024-06-07,Observation du 2024-06-07 (ete)
1779,2024-06-12,Observation du 2024-06-12 (ete)
1779,2024-06-14,Observation du 2024-06-14 (ete)
1779,2024-06-16,Observation du 2024-06-16 (ete)
1779,2024-06-27,Observation du 2024-06-27 (ete)
1779,2024-06-28,Observation du 2024-06-28 (ete)
1779,2024-06-29,Observation du 2024-06-29 (ete)
1779,2024-07-07,Observation du 2024-07-07 (ete)
1779,2024-07-10,Observation du 2024-07-10 (ete)
1779,2024-07-12,Observation du 2024-07-12 (ete)
1779,2024-07-14,Observation du 2024-07-14 (ete)
1779,2024-07-25,Observation du 2024-07-25 (ete)
1779,2024-07-31,Observation du 2024-07-31 (ete)
1779,2024-08-05,Observation du 2024-08-05 (ete)
1779,2024-08-12,Observation du 2024-08-12 (ete)
1779,2024-08-15,Observation du 2024-08-15 (ete)
1779,2024-08-24,Observation du 2024-08-24 (ete)
1780,2024-05-07,Observation du 2024-05-07 (printemps)
1780,2024-05-10,Observation du 2024-05-10 (printemps)
1780,2024-05-11,Observation du 2024-05-11 (printemps)
1780,2024-05-15,Observation du 2024-05-15 (printemps)
1780,2024-05-20,Observation du 2024-05-20 (printemps)
1780,2024-05-22,Observation du 2024-05-22 (printemps)
1780,2024-05-24,Observation du 2024-05-24 (printemps)
1780,2024-05-25,Observation du 2024-05-25 (printemps)
1780,2024-05-26,Observation du 2024-05-26 (printemps)
1780,2024-05-31,Observation du 2024-05-31 (printemps)
1780,2024-06-03,Observation du 2024-06-03 (ete)
1780,2024-06-04,Observation du 2024-06-04 (ete)
1780,2024-06-05,Observation du 2024-06-05 (ete)
1780,2024-06-10,Observation du 2024-06-10 (ete)
1780,2024-06-15,Observation du 2024-06-15 (ete)
1780,2024-06-17,Observation du 2024-06-17 (ete)
1780,2024-06-18,Observation du 2024-06-18 (ete)
1780,2024-06-19,Observation du 2024-06-19 (ete)
1780,2024-06-21,Observation du 2024-06-21 (ete)
1781,2024-05-10,Observation du 2024-05-10 (printemps)
1781,2024-05-11,Observation du 2024-05-11 (printemps)
1781,2024-05-12,Observation du 2024-05-12 (printemps)
1781,2024-05-13,Observation du 2024-05-13 (printemps)
1781,2024-05-18,Observation du 2024-05-18 (printemps)
1781,2024-05-22,Observation du 2024-05-22 (printemps)
1781,2024-05-24,Observation du 2024-05-24 (printemps)
1781,2024-05-27,Observation du 2024-05-27 (printemps)
1781,2024-05-28,Observation du 2024-05-28 (printemps)
1781,2024-05-30,Observation du 2024-05-30 (printemps)
1781,2024-05-31,Observation du 2024-05-31 (printemps)
1781,2024-06-05,Observation du 2024-06-05 (ete)
1781,2024-06-06,Observation du 2024-06-06 (ete)
1781,2024-06-07,Observation du 2024-06-07 (ete)
1781,2024-06-08,Observation du 2024-06-08 (ete)
1781,2024-06-14,Observation du 2024-06-14 (ete)
1781,2024-06-18,Observation du 2024-06-18 (ete)
1781,2024-06-22,Observation du 2024-06-22 (ete)
1781,2024-06-24,Observation du 2024-06-24 (ete)
1781,2024-06-28,Observation du 2024-06-28 (ete)
1781,2024-07-02,Observation du 2024-07-02 (ete)
1781,2024-07-06,Observation du 2024-07-06 (ete)
1781,2024-07-07,Observation du 2024-07-07 (ete)
1781,2024-07-08,Observation du 2024-07-08 (ete)
1781,2024-07-13,Observation du 2024-07-13 (ete)
1781,2024-07-19,Observation du 2024-07-19 (ete)
1781,2024-07-21,Observation du 2024-07-21 (ete)
1781,2024-07-29,Observation du 2024-07-29 (ete)
1781,2024-08-01,Observation du 2024-08-01 (ete)
1781,2024-08-02,Observation du 2024-08-02 (ete)
1781,2024-08-03,Observation du 2024-08-03 (ete)
1781,2024-08-09,Observation du 2024-08-09 (ete)
1781,2024-08-11,Observation du 2024-08-11 (ete)
1781,2024-08-12,Observation du 2024-08-12 (ete)
1781,2024-08-15,Observation du 2024-08-15 (ete)
1781,2024-08-17,Observation du 2024-08-17 (ete)
1781,2024-08-18,Observation du 2024-08-18 (ete)
1783,2024-05-06,Observation du 2024-05-06 (printemps)
1783,2024-05-07,Observation du 2024-05-07 (printemps)
1783,2024-05-08,Observation du 2024-05-08 (printemps)
1783,2024-05-11,Observation du 2024-05-11 (printemps)
1783,2024-05-14,Observation du 2024-05-14 (printemps)
1783,2024-05-16,Observation du 2024-05-16 (printemps)
1783,2024-05-21,Observation du 2024-05-21 (printemps)
1783,2024-05-22,Observation du 2024-05-22 (printemps)
1783,2024-05-24,Observation du 2024-05-24 (printemps)
1783,2024-05-25,Observation du 2024-05-25 (printemps)
1783,2024-05-27,Observation du 2024-05-27 (printemps)
1783,2024-05-28,Observation du 2024-05-28 (printemps)
1783,2024-05-29,Observation du 2024-05-29 (printemps)
1783,2024-05-31,Observation du 2024-05-31 (printemps)
1783,2024-06-04,Observation du 2024-06-04 (ete)
1783,2024-06-21,Observation du 2024-06-21 (ete)
1783,2024-06-27,Observation du 2024-06-27 (ete)
1783,2024-06-28,Observation du 2024-06-28 (ete)
1785,2024-05-11,Observation du 2024-05-11 (printemps)
1785,2024-05-16,Observation du 2024-05-16 (printemps)
1785,2024-05-19,Observation du 2024-05-19 (printemps)
1785,2024-05-25,Observation du 2024-05-25 (printemps)
1785,2024-05-27,Observation du 2024-05-27 (printemps)
1785,2024-05-29,Observation du 2024-05-29 (printemps)
1785,2024-05-31,Observation du 2024-05-31 (printemps)
1785,2024-06-03,Observation du 2024-06-03 (ete)
1785,2024-06-05,Observation du 2024-06-05 (ete)
1785,2024-06-08,Observation du 2024-06-08 (ete)
1786,2024-05-10,Observation du 2024-05-10 (printemps)
1786,2024-05-11,Observation du 2024-05-11 (printemps)
1786,2024-05-15,Observation du 2024-05-15 (printemps)
1786,2024-05-17,Observation du 2024-05-17 (printemps)
1786,2024-05-19,Observation du 2024-05-19 (printemps)
1786,2024-05-24,Observation du 2024-05-24 (printemps)
1786,2024-05-27,Observation du 2024-05-27 (printemps)
1786,2024-06-09,Observation du 2024-06-09 (ete)
1786,2024-06-14,Observation du 2024-06-14 (ete)
1786,2024-06-19,Observation du 2024-06-19 (ete)
1786,2024-07-01,Observation du 2024-07-01 (ete)
1786,2024-07-02,Observation du 2024-07-02 (ete)
1786,2024-07-04,Observation du 2024-07-04 (ete)
1786,2024-07-05,Observation du 2024-07-05 (ete)
1786,2024-07-11,Observation du 2024-07-11 (ete)
1786,2024-07-12,Observation du 2024-07-12 (ete)
1786,2024-07-17,Observation du 2024-07-17 (ete)
1786,2024-07-21,Observation du 2024-07-21 (ete)
1786,2024-07-26,Observation du 2024-07-26 (ete)
1786,2024-08-01,Observation du 2024-08-01 (ete)
1786,2024-08-02,Observation du 2024-08-02 (ete)
1786,2024-08-03,Observation du 2024-08-03 (ete)
1786,2024-08-07,Observation du 2024-08-07 (ete)
1786,2024-08-13,Observation du 2024-08-13 (ete)
1786,2024-08-17,Observation du 2024-08-17 (ete)
1786,2024-08-19,Observation du 2024-08-19 (ete)
1786,2024-08-28,Observation du 2024-08-28 (ete)
1786,2024-08-31,Observation du 2024-08-31 (ete)
1786,2024-09-03,Observation du 2024-09-03 (automne)
1786,2024-09-05,Observation du 2024-09-05 (automne)
1786,2024-09-07,Observation du 2024-09-07 (automne)
1787,2024-05-06,Observation du 2024-05-06 (printemps)
1787,2024-05-07,Observation du 2024-05-07 (printemps)
1787,2024-05-14,Observation du 2024-05-14 (printemps)
1787,2024-05-17,Observation du 2024-05-17 (printemps)
1787,2024-05-20,Observation du 2024-05-20 (printemps)
1787,2024-05-21,Observation du 2024-05-21 (printemps)
1787,2024-05-25,Observation du 2024-05-25 (printemps)
1787,2024-05-26,Observation du 2024-05-26 (printemps)
1787,2024-05-27,Observation du 2024-05-27 (printemps)
1787,2024-05-31,Observation du 2024-05-31 (printemps)
1787,2024-06-04,Observation du 2024-06-04 (ete)
1787,2024-06-11,Observation du 2024-06-11 (ete)
1787,2024-06-16,Observation du 2024-06-16 (ete)
1787,2024-06-23,Observation du 2024-06-23 (ete)
1787,2024-06-24,Observation du 2024-06-24 (ete)
1787,2024-07-09,Observation du 2024-07-09 (ete)
1787,2024-07-15,Observation du 2024-07-15 (ete)
1787,2024-07-16,Observation du 2024-07-16 (ete)
1787,2024-07-17,Observation du 2024-07-17 (ete)
1787,2024-07-20,Observation du 2024-07-20 (ete)
1787,2024-07-21,Observation du 2024-07-21 (ete)
1787,2024-07-23,Observation du 2024-07-23 (ete)
1787,2024-07-25,Observation du 2024-07-25 (ete)
1787,2024-07-27,Observation du 2024-07-27 (ete)
1787,2024-08-11,Observation du 2024-08-11 (ete)
1787,2024-08-14,Observation du 2024-08-14 (ete)
1787,2024-08-15,Observation du 2024-08-15 (ete)
1787,2024-09-04,Observation du 2024-09-04 (automne)
1787,2024-09-11,Observation du 2024-09-11 (automne)
1787,2024-09-16,Observation du 2024-09-16 (automne)
1787,2024-09-17,Observation du 2024-09-17 (automne)
1787,2024-09-18,Observation du 2024-09-18 (automne)
1787,2024-09-19,Observation du 2024-09-19 (automne)
1787,2024-09-20,Observation du 2024-09-20 (automne)
1787,2024-09-24,Observation du 2024-09-24 (automne)
1787,2024-09-26,Observation du 2024-09-26 (automne)
1788,2024-05-09,Observation du 2024-05-09 (printemps)
1788,2024-05-14,Observation du 2024-05-14 (printemps)
1788,2024-05-20,Observation du 2024-05-20 (printemps)
1788,2024-05-21,Observation du 2024-05-21 (printemps)
1788,2024-05-22,Observation du 2024-05-22 (printemps)
1788,2024-05-24,Observation du 2024-05-24 (printemps)
1788,2024-05-31,Observation du 2024-05-31 (printemps)
1788,2024-06-05,Observation du 2024-06-05 (ete)
1788,2024-06-06,Observation du 2024-06-06 (ete)
1788,2024-06-08,Observation du 2024-06-08 (ete)
1788,2024-06-10,Observation du 2024-06-10 (ete)
1788,2024-06-18,Observation du 2024-06-18 (ete)
1789,2024-05-10,Observation du 2024-05-10 (printemps)
1789,2024-05-12,Observation du 2024-05-12 (printemps)
1789,2024-05-15,Observation du 2024-05-15 (printemps)
1789,2024-05-16,Observation du 2024-05-16 (printemps)
1789,2024-05-19,Observation du 2024-05-19 (printemps)
1789,2024-05-26,Observation du 2024-05-26 (printemps)
1789,2024-05-27,Observation du 2024-05-27 (printemps)
1789,2024-05-28,Observation du 2024-05-28 (printemps)
1789,2024-05-29,Observation du 2024-05-29 (printemps)
1789,2024-05-30,Observation du 2024-05-30 (printemps)
1789,2024-06-01,Observation du 2024-06-01 (ete)
1789,2024-06-02,Observation du 2024-06-02 (ete)
1789,2024-06-10,Observation du 2024-06-10 (ete)
1789,2024-06-17,Observation du 2024-06-17 (ete)
1789,2024-06-19,Observation du 2024-06-19 (ete)
1790,2024-05-08,Observation du 2024-05-08 (printemps)
1790,2024-05-10,Observation du 2024-05-10 (printemps)
1790,2024-05-15,Observation du 2024-05-15 (printemps)
1790,2024-05-20,Observation du 2024-05-20 (printemps)
1790,2024-05-23,Observation du 2024-05-23 (printemps)
1790,2024-05-26,Observation du 2024-05-26 (printemps)
1790,2024-05-27,Observation du 2024-05-27 (printemps)
1790,2024-05-30,Observation du 2024-05-30 (printemps)
1790,2024-05-31,Observation du 2024-05-31 (printemps)
1790,2024-06-01,Observation du 2024-06-01 (ete)
1790,2024-06-07,Observation du 2024-06-07 (ete)
1790,2024-06-13,Observation du 2024-06-13 (ete)
1791,2024-05-05,Observation du 2024-05-05 (printemps)
1791,2024-05-07,Observation du 2024-05-07 (printemps)
1791,2024-05-13,Observation du 2024-05-13 (printemps)
1791,2024-05-16,Observation du 2024-05-16 (printemps)
1791,2024-05-18,Observation du 2024-05-18 (printemps)
1791,2024-05-19,Observation du 2024-05-19 (printemps)
1791,2024-05-20,Observation du 2024-05-20 (printemps)
1791,2024-05-21,Observation du 2024-05-21 (printemps)
1791,2024-05-24,Observation du 2024-05-24 (printemps)
1791,2024-05-28,Observation du 2024-05-28 (printemps)
1791,2024-05-29,Observation du 2024-05-29 (printemps)
1791,2024-05-30,Observation du 2024-05-30 (printemps)
1791,2024-05-31,Observation du 2024-05-31 (printemps)
1791,2024-06-12,Observation du 2024-06-12 (ete)
1791,2024-06-13,Observation du 2024-06-13 (ete)
1791,2024-06-16,Observation du 2024-06-16 (ete)
1791,2024-06-22,Observation du 2024-06-22 (ete)
1791,2024-06-25,Observation du 2024-06-25 (ete)
1791,2024-07-02,Observation du 2024-07-02 (ete)
1792,2024-05-12,Observation du 2024-05-12 (printemps)
1792,2024-05-13,Observation du 2024-05-13 (printemps)
1792,2024-05-17,Observation du 2024-05-17 (printemps)
1792,2024-05-18,Observation du 2024-05-18 (printemps)
1792,2024-05-22,Observation du 2024-05-22 (printemps)
1792,2024-05-24,Observation du 2024-05-24 (printemps)
1792,2024-05-25,Observation du 2024-05-25 (printemps)
1792,2024-06-07,Observation du 2024-06-07 (ete)
1792,2024-06-10,Observation du 2024-06-10 (ete)
1792,2024-06-11,Observation du 2024-06-11 (ete)
1792,2024-06-12,Observation du 2024-06-12 (ete)
1792,2024-06-13,Observation du 2024-06-13 (ete)
1792,2024-06-14,Observation du 2024-06-14 (ete)
1792,2024-06-15,Observation du 2024-06-15 (ete)
1792,2024-06-19,Observation du 2024-06-19 (ete)
1793,2024-05-09,Observation du 2024-05-09 (printemps)
1793,2024-05-13,Observation du 2024-05-13 (printemps)
1793,2024-05-14,Observation du 2024-05-14 (printemps)
1793,2024-05-18,Observation du 2024-05-18 (printemps)
1793,2024-05-24,Observation du 2024-05-24 (printemps)
1793,2024-05-26,Observation du 2024-05-26 (printemps)
1793,2024-05-31,Observation du 2024-05-31 (printemps)
1793,2024-06-04,Observation du 2024-06-04 (ete)
1793,2024-06-16,Observation du 2024-06-16 (ete)
1793,2024-06-29,Observation du 2024-06-29 (ete)
1793,2024-06-30,Observation du 2024-06-30 (ete)
1793,2024-07-02,Observation du 2024-07-02 (ete)
1797,2024-05-06,Observation du 2024-05-06 (printemps)
1797,2024-05-10,Observation du 2024-05-10 (printemps)
1797,2024-05-17,Observation du 2024-05-17 (printemps)
1797,2024-05-23,Observation du 2024-05-23 (printemps)
1797,2024-05-25,Observation du 2024-05-25 (printemps)
1797,2024-05-28,Observation du 2024-05-28 (printemps)
1797,2024-06-03,Observation du 2024-06-03 (ete)
1797,2024-06-09,Observation du 2024-06-09 (ete)
1797,2024-06-13,Observation du 2024-06-13 (ete)
1797,2024-06-15,Observation du 2024-06-15 (ete)
1797,2024-06-20,Observation du 2024-06-20 (ete)
1797,2024-06-21,Observation du 2024-06-21 (ete)
1797,2024-06-24,Observation du 2024-06-24 (ete)
1797,2024-07-03,Observation du 2024-07-03 (ete)
1797,2024-07-07,Observation du 2024-07-07 (ete)
1797,2024-07-09,Observation du 2024-07-09 (ete)
1797,2024-07-11,Observation du 2024-07-11 (ete)
1797,2024-07-14,Observation du 2024-07-14 (ete)
1797,2024-07-16,Observation du 2024-07-16 (ete)
1797,2024-07-19,Observation du 2024-07-19 (ete)
1797,2024-07-24,Observation du 2024-07-24 (ete)
1797,2024-07-29,Observation du 2024-07-29 (ete)
1797,2024-08-03,Observation du 2024-08-03 (ete)
1797,2024-08-05,Observation du 2024-08-05 (ete)
1797,2024-08-14,Observation du 2024-08-14 (ete)
1797,2024-08-21,Observation du 2024-08-21 (ete)
1797,2024-08-22,Observation du 2024-08-22 (ete)
1797,2024-08-25,Observation du 2024-08-25 (ete)
1797,2024-08-26,Observation du 2024-08-26 (ete)
1797,2024-08-28,Observation du 2024-08-28 (ete)
1797,2024-09-01,Observation du 2024-09-01 (automne)
1797,2024-09-06,Observation du 2024-09-06 (automne)
1797,2024-09-08,Observation du 2024-09-08 (automne)
1797,2024-09-14,Observation du 2024-09-14 (automne)
1799,2024-05-12,Observation du 2024-05-12 (printemps)
1799,2024-05-15,Observation du 2024-05-15 (printemps)
1799,2024-05-21,Observation du 2024-05-21 (printemps)
1799,2024-05-25,Observation du 2024-05-25 (printemps)
1799,2024-06-08,Observation du 2024-06-08 (ete)
1799,2024-06-11,Observation du 2024-06-11 (ete)
1800,2024-05-18,Observation du 2024-05-18 (printemps)
1800,2024-05-19,Observation du 2024-05-19 (printemps)
1800,2024-05-21,Observation du 2024-05-21 (printemps)
1800,2024-05-22,Observation du 2024-05-22 (printemps)
1800,2024-05-24,Observation du 2024-05-24 (printemps)
1800,2024-05-27,Observation du 2024-05-27 (printemps)
1800,2024-05-29,Observation du 2024-05-29 (printemps)
1800,2024-05-30,Observation du 2024-05-30 (printemps)
1800,2024-06-06,Observation du 2024-06-06 (ete)
1800,2024-06-08,Observation du 2024-06-08 (ete)
1800,2024-06-13,Observation du 2024-06-13 (ete)
1800,2024-06-28,Observation du 2024-06-28 (ete)
1800,2024-07-05,Observation du 2024-07-05 (ete)
1800,2024-07-06,Observation du 2024-07-06 (ete)
1800,2024-07-11,Observation du 2024-07-11 (ete)
1800,2024-07-26,Observation du 2024-07-26 (ete)
1800,2024-07-27,Observation du 2024-07-27 (ete)
1800,2024-07-29,Observation du 2024-07-29 (ete)
1800,2024-07-31,Observation du 2024-07-31 (ete)
1800,2024-08-02,Observation du 2024-08-02 (ete)
1800,2024-08-06,Observation du 2024-08-06 (ete)
